Country,State,Year,Type Of Areas,Gender,"Persons Working In Agriculture, Forestry And Fishing Industry (UOM:%(Percentage)), Scaling Factor:1","Persons Working In Mining And Quarrying Industry (UOM:%(Percentage)), Scaling Factor:1","Persons Working In Manufacturing Industry (UOM:%(Percentage)), Scaling Factor:1","Persons Working In Electricity, Gas, Steam And Air Conditioning Supply Industry (UOM:%(Percentage)), Scaling Factor:1","Persons Working In Water Supply, Sewerage, Waste Management And Remediation Industry (UOM:%(Percentage)), Scaling Factor:1","Persons Working In Construction Industry (UOM:%(Percentage)), Scaling Factor:1","Persons Working In Wholesale, Retail Trade, Repair Of Motor Vehicles And Motorcycles Industry (UOM:%(Percentage)), Scaling Factor:1","Persons Working In Transportation And Storage Industry (UOM:%(Percentage)), Scaling Factor:1","Persons Working In Accommodation And Food Service Activities Industry (UOM:%(Percentage)), Scaling Factor:1","Persons Working In Information And Communication Industry (UOM:%(Percentage)), Scaling Factor:1","Persons Working In Financial And Insurance Activities Industry (UOM:%(Percentage)), Scaling Factor:1","Persons Working In Real Estate Activities Industry (UOM:%(Percentage)), Scaling Factor:1","Persons Working In Professional, Scientific And Technical Activities Industry (UOM:%(Percentage)), Scaling Factor:1","Persons Working In Administrative And Support Service Activities Industry (UOM:%(Percentage)), Scaling Factor:1","Persons Working In Public Administration And Defence, Compulsory Social Security Industry (UOM:%(Percentage)), Scaling Factor:1","Persons Working In Education Industry (UOM:%(Percentage)), Scaling Factor:1","Persons Working In Human Health And Social Work Activities Industry (UOM:%(Percentage)), Scaling Factor:1","Persons Working In Arts, Entertainment And Recreation Industry (UOM:%(Percentage)), Scaling Factor:1","Persons Working In Other Service Activities Industry (UOM:%(Percentage)), Scaling Factor:1","Persons Working In Activities Of Households As Employers For Own Use Industry (UOM:%(Percentage)), Scaling Factor:1","Persons Working In Activities Of Extraterritorial Organizations And Bodies Industry (UOM:%(Percentage)), Scaling Factor:1"
India,Andaman and Nicobar Islands,"PLFS Year (Jul - Jun), 2023",Rural,Male,39.03,0,3.6,1.06,1.78,21.78,4.31,9.3,3.73,0,0.64,0.35,0,3.17,8.2,0.56,1.73,0,0.75,0,
India,Andaman and Nicobar Islands,"PLFS Year (Jul - Jun), 2023",Rural,Female,56.25,0,3.43,0,0,3.96,9.47,0.68,1.93,0,0.91,0,0,0.18,1.79,9.88,7.46,0,0.33,3.73,
India,Andaman and Nicobar Islands,"PLFS Year (Jul - Jun), 2023",Rural,Persons,45.1,0,3.54,0.69,1.15,15.5,6.13,6.26,3.1,0,0.74,0.22,0,2.12,5.94,3.85,3.75,0,0.6,1.31,
India,Andaman and Nicobar Islands,"PLFS Year (Jul - Jun), 2023",Urban,Male,2.84,0,7.12,1.96,0.29,15.48,15.59,13.06,4.57,1.57,0.55,0,1.81,5.25,22.43,2.37,1.22,1.12,2.57,0.2,
India,Andaman and Nicobar Islands,"PLFS Year (Jul - Jun), 2023",Urban,Female,2.52,0,6.33,0,0,1.66,25.37,2.85,8.84,0.62,0,0,0.4,3.23,14.73,11.32,3.57,0,3.81,14.75,
India,Andaman and Nicobar Islands,"PLFS Year (Jul - Jun), 2023",Urban,Persons,2.76,0,6.93,1.47,0.22,12.07,18,10.55,5.62,1.34,0.41,0,1.46,4.75,20.53,4.58,1.8,0.85,2.87,3.78,
India,Andaman and Nicobar Islands,"PLFS Year (Jul - Jun), 2023",Rural + Urban,Male,23.12,0,5.15,1.45,1.13,19.01,9.27,10.96,4.1,0.69,0.6,0.19,0.8,4.08,14.46,1.36,1.51,0.49,1.55,0.09,
India,Andaman and Nicobar Islands,"PLFS Year (Jul - Jun), 2023",Rural + Urban,Female,39.02,0,4.36,0,0,3.22,14.57,1.38,4.14,0.2,0.62,0,0.13,1.16,5.94,10.34,6.21,0,1.45,7.26,
India,Andaman and Nicobar Islands,"PLFS Year (Jul - Jun), 2023",Rural + Urban,Persons,28.04,0,4.9,1,0.78,14.12,10.91,7.99,4.12,0.54,0.61,0.13,0.59,3.18,11.82,4.14,2.96,0.34,1.52,2.31,
India,Andhra Pradesh,"PLFS Year (Jul - Jun), 2023",Rural,Male,53.5,0.3,5.98,0.36,0.1,14.73,7.74,7.49,1.5,0.98,0.86,0.08,0.34,0.66,1.31,0.96,0.91,0.23,1.76,0.2,
India,Andhra Pradesh,"PLFS Year (Jul - Jun), 2023",Rural,Female,67.26,0.3,9.02,0,0.12,6.28,4.88,0,2.22,0.3,0.24,0.03,0.12,0.05,2.29,2.44,2.66,0.27,1.1,0.41,
India,Andhra Pradesh,"PLFS Year (Jul - Jun), 2023",Rural,Persons,59.18,0.3,7.23,0.21,0.11,11.24,6.56,4.4,1.8,0.7,0.6,0.06,0.25,0.41,1.71,1.57,1.63,0.25,1.49,0.29,
India,Andhra Pradesh,"PLFS Year (Jul - Jun), 2023",Urban,Male,6.25,1.27,14.38,0.5,0.21,15.53,21.9,9.71,4.3,4.88,2.42,0.96,1.1,0.7,3.91,5.09,1.99,0.38,3.39,1.15,
India,Andhra Pradesh,"PLFS Year (Jul - Jun), 2023",Urban,Female,13.26,0.54,22.07,0.25,0.06,3.66,15.84,0,7.25,2.57,1.29,0,0.5,0.56,4.29,8.67,3.68,0,6.24,9.28,
India,Andhra Pradesh,"PLFS Year (Jul - Jun), 2023",Urban,Persons,8.36,1.05,16.7,0.43,0.17,11.94,20.07,6.78,5.19,4.18,2.08,0.67,0.92,0.66,4.03,6.17,2.5,0.26,4.25,3.61,
India,Andhra Pradesh,"PLFS Year (Jul - Jun), 2023",Rural + Urban,Male,39.9,0.58,8.39,0.4,0.14,14.96,11.81,8.13,2.31,2.11,1.31,0.33,0.56,0.67,2.06,2.14,1.22,0.27,2.23,0.48,
India,Andhra Pradesh,"PLFS Year (Jul - Jun), 2023",Rural + Urban,Female,56.5,0.35,11.62,0.05,0.11,5.76,7.07,0,3.22,0.75,0.45,0.03,0.2,0.15,2.69,3.68,2.87,0.22,2.12,2.18,
India,Andhra Pradesh,"PLFS Year (Jul - Jun), 2023",Rural + Urban,Persons,46.28,0.49,9.64,0.27,0.13,11.42,9.99,5,2.66,1.59,0.98,0.21,0.42,0.47,2.3,2.74,1.85,0.25,2.19,1.13,
India,Arunachal Pradesh,"PLFS Year (Jul - Jun), 2023",Rural,Male,58.85,0.27,1.12,1.63,0.95,9.82,8.48,3.63,0.22,0.52,0.47,0.09,0.83,0,5.06,6.5,0.81,0,0.47,0.28,
India,Arunachal Pradesh,"PLFS Year (Jul - Jun), 2023",Rural,Female,81.64,0,5.05,0.36,0.09,0.38,6.85,0,0.22,0,0.08,0,0,0,1.61,2.62,0.92,0,0.02,0.15,
India,Arunachal Pradesh,"PLFS Year (Jul - Jun), 2023",Rural,Persons,69.22,0.15,2.91,1.05,0.56,5.53,7.74,1.98,0.22,0.28,0.29,0.05,0.45,0,3.49,4.74,0.86,0,0.27,0.22,
India,Arunachal Pradesh,"PLFS Year (Jul - Jun), 2023",Urban,Male,10.55,0.08,2.87,2.49,1.27,16.28,21.34,7.12,1.24,0.83,1.14,0.39,0.78,0.17,20.8,6.71,3.72,0.18,1.45,0.58,
India,Arunachal Pradesh,"PLFS Year (Jul - Jun), 2023",Urban,Female,25.97,0,7.61,2.05,0.97,3.77,24.39,0.27,1.79,0.58,0.47,0.46,0.25,0,9.2,9.44,6.66,0,1.93,4.19,
India,Arunachal Pradesh,"PLFS Year (Jul - Jun), 2023",Urban,Persons,16.19,0.05,4.6,2.33,1.16,11.71,22.45,4.61,1.44,0.74,0.89,0.42,0.59,0.11,16.56,7.71,4.8,0.11,1.63,1.9,
India,Arunachal Pradesh,"PLFS Year (Jul - Jun), 2023",Rural + Urban,Male,51.79,0.24,1.37,1.75,1,10.76,10.36,4.14,0.37,0.57,0.57,0.13,0.83,0.03,7.37,6.53,1.24,0.03,0.61,0.33,
India,Arunachal Pradesh,"PLFS Year (Jul - Jun), 2023",Rural + Urban,Female,75.75,0,5.32,0.53,0.18,0.74,8.71,0.03,0.39,0.06,0.13,0.05,0.03,0,2.41,3.35,1.53,0,0.23,0.58,
India,Arunachal Pradesh,"PLFS Year (Jul - Jun), 2023",Rural + Urban,Persons,62.41,0.14,3.12,1.21,0.64,6.32,9.63,2.32,0.38,0.34,0.37,0.1,0.47,0.01,5.17,5.12,1.37,0.01,0.44,0.44,
India,Assam,"PLFS Year (Jul - Jun), 2023",Rural,Male,34.47,0.25,8.63,0.02,0.29,21.48,15.11,9.04,2.32,0.25,0.35,0,0.12,1.08,1.18,3.01,0.91,0.22,1.14,0.11,
India,Assam,"PLFS Year (Jul - Jun), 2023",Rural,Female,78.99,0,9.96,0,0,0.02,2.94,0,0.72,0,0.07,0,0.02,0.17,0.29,4.3,1.09,0.02,0.58,0.83,
India,Assam,"PLFS Year (Jul - Jun), 2023",Rural,Persons,51.43,0.16,9.14,0.01,0.18,13.3,10.47,5.6,1.71,0.15,0.24,0,0.08,0.74,0.84,3.5,0.98,0.14,0.93,0.38,
India,Assam,"PLFS Year (Jul - Jun), 2023",Urban,Male,2.99,0.99,9.92,0.6,0.31,13.35,38.57,8.29,3.73,1.73,2.15,0.13,1.58,1.49,4.12,4.69,2.32,0.29,2.5,0.23,
India,Assam,"PLFS Year (Jul - Jun), 2023",Urban,Female,18.3,0.33,12.13,0,0,0.64,14.11,0.9,4.09,0.4,1.99,2.46,1.8,1.67,3.78,15.98,3.81,0.52,6.07,11,
India,Assam,"PLFS Year (Jul - Jun), 2023",Urban,Persons,7.1,0.82,10.51,0.44,0.23,9.93,31.99,6.31,3.83,1.38,2.11,0.76,1.64,1.53,4.03,7.73,2.72,0.35,3.46,3.13,
India,Assam,"PLFS Year (Jul - Jun), 2023",Rural + Urban,Male,30.94,0.34,8.78,0.09,0.29,20.57,17.74,8.96,2.48,0.41,0.55,0.01,0.28,1.13,1.51,3.2,1.07,0.23,1.3,0.12,
India,Assam,"PLFS Year (Jul - Jun), 2023",Rural + Urban,Female,74.73,0.02,10.11,0,0,0.07,3.73,0.06,0.95,0.03,0.21,0.17,0.14,0.28,0.53,5.12,1.28,0.05,0.96,1.54,
India,Assam,"PLFS Year (Jul - Jun), 2023",Rural + Urban,Persons,47.15,0.22,9.27,0.06,0.19,12.98,12.55,5.67,1.92,0.27,0.42,0.07,0.23,0.81,1.15,3.91,1.15,0.16,1.17,0.65,
India,Bihar,"PLFS Year (Jul - Jun), 2023",Rural,Male,46.25,0,3.91,0.18,0.02,26.17,11.28,4.71,1.05,0.44,0.28,0,0.03,0.45,0.3,2.18,0.18,0.07,1.85,0.63,
India,Bihar,"PLFS Year (Jul - Jun), 2023",Rural,Female,84.49,0,6.77,0,0,0.61,3.73,0,0.27,0,0.38,0,0,0.02,0.11,2.05,0.73,0,0.51,0.33,
India,Bihar,"PLFS Year (Jul - Jun), 2023",Rural,Persons,57.78,0,4.77,0.13,0.02,18.46,9.01,3.29,0.82,0.31,0.31,0,0.02,0.32,0.24,2.14,0.35,0.05,1.44,0.54,
India,Bihar,"PLFS Year (Jul - Jun), 2023",Urban,Male,7.53,0,8.37,0.08,1.04,17.53,30.66,9.51,3.17,1.15,2.71,0.38,1.66,2.39,2.49,4.66,1.41,0.2,3.69,1.39,
India,Bihar,"PLFS Year (Jul - Jun), 2023",Urban,Female,33.98,0,16.48,0,0.81,1.58,11.27,0.77,1.45,1.08,1.17,0,0.49,0,1.79,16.86,4.4,0,3.35,4.5,
India,Bihar,"PLFS Year (Jul - Jun), 2023",Urban,Persons,12.31,0,9.84,0.06,1,14.65,27.15,7.93,2.86,1.14,2.43,0.31,1.45,1.96,2.36,6.86,1.95,0.16,3.63,1.95,
India,Bihar,"PLFS Year (Jul - Jun), 2023",Rural + Urban,Male,42.76,0,4.31,0.17,0.11,25.39,13.03,5.14,1.24,0.5,0.5,0.03,0.18,0.63,0.5,2.41,0.29,0.08,2.01,0.7,
India,Bihar,"PLFS Year (Jul - Jun), 2023",Rural + Urban,Female,82.06,0,7.24,0,0.04,0.66,4.1,0.04,0.33,0.05,0.42,0,0.02,0.02,0.19,2.77,0.9,0,0.65,0.53,
India,Bihar,"PLFS Year (Jul - Jun), 2023",Rural + Urban,Persons,54.24,0,5.17,0.12,0.09,18.17,10.42,3.65,0.98,0.37,0.47,0.02,0.13,0.45,0.41,2.51,0.47,0.06,1.62,0.65,
India,Chandigarh,"PLFS Year (Jul - Jun), 2023",Urban,Male,0,0,17.22,0.28,0.59,8.55,19.61,7.04,5.77,7.89,5.25,0.79,4.14,0.49,12.37,1.87,2.15,0.43,2.18,3.39,
India,Chandigarh,"PLFS Year (Jul - Jun), 2023",Urban,Female,0,0,8.6,0,0,0,9.18,0,1.22,13.35,9.68,1.54,2.64,1.57,6.4,14.09,11.34,0.84,4.54,15.02,
India,Chandigarh,"PLFS Year (Jul - Jun), 2023",Urban,Persons,0,0,15.07,0.21,0.45,6.42,17.01,5.29,4.64,9.25,6.35,0.97,3.77,0.76,10.88,4.91,4.44,0.53,2.77,6.28,
India,Chandigarh,"PLFS Year (Jul - Jun), 2023",Rural + Urban,Male,0,0,17.22,0.28,0.59,8.55,19.61,7.04,5.77,7.89,5.25,0.79,4.14,0.49,12.37,1.87,2.15,0.43,2.18,3.39,
India,Chandigarh,"PLFS Year (Jul - Jun), 2023",Rural + Urban,Female,0,0,8.6,0,0,0,9.18,0,1.22,13.35,9.68,1.54,2.64,1.57,6.4,14.09,11.34,0.84,4.54,15.02,
India,Chandigarh,"PLFS Year (Jul - Jun), 2023",Rural + Urban,Persons,0,0,15.07,0.21,0.45,6.42,17.01,5.29,4.64,9.25,6.35,0.97,3.77,0.76,10.88,4.91,4.44,0.53,2.77,6.28,
India,Chhattisgarh,"PLFS Year (Jul - Jun), 2023",Rural,Male,65.59,0.44,6.58,0.14,0.04,12.38,5.11,2.22,0.83,0.11,0.43,0,0.11,0.25,1.04,2.56,0.91,0.09,1.03,0.14,
India,Chhattisgarh,"PLFS Year (Jul - Jun), 2023",Rural,Female,83.77,0,4.46,0,0,3.6,2.61,0.08,0.48,0,0.22,0,0.04,0,0.35,1.31,2.44,0.03,0.33,0.28,
India,Chhattisgarh,"PLFS Year (Jul - Jun), 2023",Rural,Persons,73.56,0.25,5.65,0.08,0.02,8.54,4.01,1.28,0.67,0.06,0.34,0,0.08,0.14,0.73,2.02,1.58,0.06,0.72,0.2,
India,Chhattisgarh,"PLFS Year (Jul - Jun), 2023",Urban,Male,6.88,2.68,14.15,0.91,1.37,16.41,21.75,7.1,5.16,0.84,1.91,0.65,0.97,1.61,5.33,5.37,2.56,0.4,2.43,1.53,
India,Chhattisgarh,"PLFS Year (Jul - Jun), 2023",Urban,Female,19.15,0.33,7.25,0,0.53,12.15,15.95,0.6,3.51,0.84,1.44,0.24,1.32,0.39,1.53,11.37,5.37,1.04,7.85,9.13,
India,Chhattisgarh,"PLFS Year (Jul - Jun), 2023",Urban,Persons,10.33,2.02,12.21,0.66,1.13,15.22,20.12,5.28,4.69,0.84,1.78,0.54,1.07,1.26,4.26,7.05,3.35,0.58,3.95,3.66,
India,Chhattisgarh,"PLFS Year (Jul - Jun), 2023",Rural + Urban,Male,54.51,0.86,8.01,0.29,0.29,13.14,8.25,3.14,1.64,0.25,0.71,0.12,0.27,0.51,1.85,3.09,1.22,0.15,1.3,0.4,
India,Chhattisgarh,"PLFS Year (Jul - Jun), 2023",Rural + Urban,Female,77.04,0.03,4.75,0,0.06,4.49,4,0.14,0.79,0.09,0.35,0.03,0.17,0.04,0.47,2.36,2.74,0.14,1.11,1.21,
India,Chhattisgarh,"PLFS Year (Jul - Jun), 2023",Rural + Urban,Persons,63.84,0.52,6.66,0.17,0.19,9.56,6.49,1.9,1.29,0.18,0.56,0.08,0.23,0.31,1.28,2.79,1.85,0.14,1.22,0.73,
India,Delhi,"PLFS Year (Jul - Jun), 2023",Rural,Male,5.76,0,26.76,0,0.57,23.32,9.64,2.74,14.59,4.67,4.27,0,0,1.79,1.81,0.24,0,0,0.1,3.76,
India,Delhi,"PLFS Year (Jul - Jun), 2023",Rural,Female,1.07,0,59.39,0,0,20.39,0,0,0,0,0,0,0,0,0,1.6,0,0,0,17.55,
India,Delhi,"PLFS Year (Jul - Jun), 2023",Rural,Persons,5.15,0,30.97,0,0.5,22.94,8.39,2.39,12.7,4.06,3.72,0,0,1.56,1.57,0.41,0,0,0.09,5.54,
India,Delhi,"PLFS Year (Jul - Jun), 2023",Urban,Male,0.18,0,16.13,0.17,2.71,10.69,23.43,9.79,3.63,2.92,3.78,1.64,3.1,4.2,3.92,2.31,1.69,0.93,4.34,4.44,
India,Delhi,"PLFS Year (Jul - Jun), 2023",Urban,Female,0,0,15.93,0,2.16,3.08,9.45,0.66,2.96,3.52,7.46,0,2.7,3.85,2.25,12.43,4.65,0,3.81,25.09,
India,Delhi,"PLFS Year (Jul - Jun), 2023",Urban,Persons,0.15,0,16.09,0.14,2.6,9.27,20.84,8.09,3.51,3.03,4.46,1.34,3.03,4.14,3.61,4.19,2.24,0.76,4.24,8.28,
India,Delhi,"PLFS Year (Jul - Jun), 2023",Rural + Urban,Male,0.33,0,16.41,0.17,2.65,11.02,23.07,9.6,3.92,2.97,3.79,1.6,3.02,4.14,3.86,2.25,1.65,0.91,4.23,4.42,
India,Delhi,"PLFS Year (Jul - Jun), 2023",Rural + Urban,Female,0.02,0,16.68,0,2.12,3.38,9.29,0.65,2.91,3.46,7.33,0,2.65,3.79,2.21,12.24,4.57,0,3.75,24.96,
India,Delhi,"PLFS Year (Jul - Jun), 2023",Rural + Urban,Persons,0.27,0,16.46,0.14,2.55,9.61,20.53,7.95,3.73,3.06,4.44,1.3,2.96,4.07,3.56,4.1,2.19,0.74,4.14,8.21,
India,Goa,"PLFS Year (Jul - Jun), 2023",Rural,Male,14.45,1.56,17.85,0.58,1.08,13.03,18.21,7.03,12.35,0.71,0.77,0.72,0.51,0.82,4.42,3.71,1.74,0.4,0,0.08,
India,Goa,"PLFS Year (Jul - Jun), 2023",Rural,Female,29.08,0,14.45,0,0,0,30.2,0,6.02,0,0,0.89,0,0,4.88,2.6,2.34,0.46,0,9.07,
India,Goa,"PLFS Year (Jul - Jun), 2023",Rural,Persons,18.06,1.17,17.01,0.44,0.81,9.81,21.17,5.29,10.78,0.53,0.58,0.76,0.38,0.62,4.53,3.44,1.89,0.41,0,2.3,
India,Goa,"PLFS Year (Jul - Jun), 2023",Urban,Male,0.87,1.6,19.91,1.71,0.63,19.1,11.73,11.42,13.38,1.04,1.48,3.79,1.76,1.83,3.77,3.28,1.53,0.21,0.55,0.39,
India,Goa,"PLFS Year (Jul - Jun), 2023",Urban,Female,0.77,0,14.01,0,0,0,20.62,0,4.86,0,2.37,2.07,4.79,0.6,2.81,21.65,6.9,0,3.26,15.3,
India,Goa,"PLFS Year (Jul - Jun), 2023",Urban,Persons,0.84,1.18,18.37,1.26,0.46,14.09,14.06,8.43,11.15,0.77,1.71,3.34,2.55,1.51,3.52,8.1,2.94,0.16,1.26,4.3,
India,Goa,"PLFS Year (Jul - Jun), 2023",Rural + Urban,Male,6.64,1.58,19.04,1.23,0.82,16.52,14.48,9.55,12.94,0.9,1.18,2.48,1.23,1.4,4.04,3.46,1.62,0.29,0.32,0.26,
India,Goa,"PLFS Year (Jul - Jun), 2023",Rural + Urban,Female,12.27,0,14.19,0,0,0,24.51,0,5.33,0,1.41,1.59,2.85,0.36,3.65,13.91,5.05,0.19,1.93,12.77,
India,Goa,"PLFS Year (Jul - Jun), 2023",Rural + Urban,Persons,8.08,1.18,17.8,0.92,0.61,12.29,17.05,7.11,11,0.67,1.24,2.26,1.64,1.13,3.94,6.14,2.5,0.27,0.73,3.46,
India,Gujarat,"PLFS Year (Jul - Jun), 2023",Rural,Male,53.73,0.21,16.83,0.53,0.05,9.93,7.49,4.81,0.95,0.09,0.67,0,0.27,0.64,0.91,0.7,0.36,0.02,1.69,0.1,
India,Gujarat,"PLFS Year (Jul - Jun), 2023",Rural,Female,81.64,0.05,7.42,0.01,0.09,3.12,1.69,0,0.37,0,0.28,0,0.04,0.06,0.31,1.46,1.55,0,1.24,0.67,
India,Gujarat,"PLFS Year (Jul - Jun), 2023",Rural,Persons,64.91,0.14,13.06,0.32,0.07,7.2,5.17,2.88,0.72,0.06,0.52,0,0.18,0.41,0.67,1,0.84,0.01,1.51,0.33,
India,Gujarat,"PLFS Year (Jul - Jun), 2023",Urban,Male,2.07,0.16,35.47,0.7,0.47,8.54,21.81,8.15,2.15,1.38,2.48,0.51,2.1,3.89,2.06,2.7,1.99,0.34,2.65,0.4,
India,Gujarat,"PLFS Year (Jul - Jun), 2023",Urban,Female,3.85,0,40.98,0.16,0.29,0.88,8.87,0.11,2.43,0.83,2.17,0.86,2.9,2.14,1.71,9.98,6.04,0.3,5.62,9.9,
India,Gujarat,"PLFS Year (Jul - Jun), 2023",Urban,Persons,2.52,0.12,36.87,0.56,0.43,6.59,18.51,6.1,2.22,1.24,2.4,0.6,2.3,3.45,1.97,4.55,3.02,0.33,3.4,2.82,
India,Gujarat,"PLFS Year (Jul - Jun), 2023",Rural + Urban,Male,32.44,0.19,24.51,0.6,0.23,9.36,13.39,6.19,1.44,0.63,1.42,0.21,1.02,1.98,1.39,1.52,1.03,0.15,2.08,0.22,
India,Gujarat,"PLFS Year (Jul - Jun), 2023",Rural + Urban,Female,61.13,0.03,16.27,0.05,0.14,2.53,3.59,0.03,0.91,0.22,0.78,0.23,0.79,0.61,0.68,3.7,2.73,0.08,2.4,3.1,
India,Gujarat,"PLFS Year (Jul - Jun), 2023",Rural + Urban,Persons,42.42,0.13,21.64,0.41,0.2,6.98,9.98,4.04,1.26,0.48,1.2,0.22,0.94,1.5,1.14,2.28,1.62,0.13,2.19,1.23,
India,Haryana,"PLFS Year (Jul - Jun), 2023",Rural,Male,33.82,0,15.73,0.98,0.21,13.83,10.83,8.54,2.49,0.24,0.75,0.1,1.15,1,4.69,1.95,1.66,0.21,1.58,0.24,
India,Haryana,"PLFS Year (Jul - Jun), 2023",Rural,Female,63.75,0,13.19,0,0,2.7,5.37,0.06,0,0,0.2,0,0,0.02,3.55,6.04,3.15,0,1.49,0.49,
India,Haryana,"PLFS Year (Jul - Jun), 2023",Rural,Persons,41.49,0,15.08,0.73,0.15,10.98,9.43,6.37,1.86,0.18,0.61,0.07,0.86,0.75,4.4,3,2.04,0.15,1.56,0.3,
India,Haryana,"PLFS Year (Jul - Jun), 2023",Urban,Male,3.63,0.1,24.75,0.77,0.34,12.13,20.81,5.93,4.08,4.98,2.11,1.04,3.03,1.75,3.24,4.67,2.28,0.42,2.99,0.96,
India,Haryana,"PLFS Year (Jul - Jun), 2023",Urban,Female,10.38,0,17.96,0.05,0,1.71,9.05,0.91,1.66,8.5,3.02,0.5,2.18,0.78,0.98,24.51,4.37,0.49,3.27,9.66,
India,Haryana,"PLFS Year (Jul - Jun), 2023",Urban,Persons,5.02,0.08,23.35,0.62,0.27,9.99,18.39,4.9,3.58,5.7,2.3,0.93,2.85,1.55,2.77,8.75,2.71,0.43,3.05,2.75,
India,Haryana,"PLFS Year (Jul - Jun), 2023",Rural + Urban,Male,21.77,0.04,19.33,0.9,0.26,13.15,14.82,7.5,3.13,2.13,1.29,0.47,1.9,1.3,4.11,3.03,1.91,0.29,2.14,0.52,
India,Haryana,"PLFS Year (Jul - Jun), 2023",Rural + Urban,Female,45.94,0,14.78,0.02,0,2.37,6.6,0.34,0.55,2.84,1.14,0.17,0.73,0.28,2.69,12.2,3.56,0.16,2.09,3.55,
India,Haryana,"PLFS Year (Jul - Jun), 2023",Rural + Urban,Persons,27.5,0.03,18.26,0.69,0.2,10.6,12.87,5.81,2.52,2.3,1.26,0.4,1.62,1.05,3.77,5.2,2.3,0.26,2.13,1.24,
India,Himachal Pradesh,"PLFS Year (Jul - Jun), 2023",Rural,Male,38.19,0.02,7.86,1.1,1.83,19.84,10.13,7.64,1.72,0.35,0.84,0.27,0.4,0.32,3.69,4.19,0.19,0.19,1.09,0.17,
India,Himachal Pradesh,"PLFS Year (Jul - Jun), 2023",Rural,Female,82.96,0,4.14,0.28,0.26,2.52,1.56,0.31,0.08,0.04,0.35,0,0,0.01,0.64,5.21,0.78,0,0.6,0.27,
India,Himachal Pradesh,"PLFS Year (Jul - Jun), 2023",Rural,Persons,59.45,0.01,6.09,0.71,1.08,11.62,6.06,4.16,0.94,0.2,0.6,0.14,0.21,0.17,2.24,4.68,0.47,0.1,0.86,0.22,
India,Himachal Pradesh,"PLFS Year (Jul - Jun), 2023",Urban,Male,2.77,0.22,33.91,2.9,0.63,13.19,13.55,2.78,5.84,1.86,1.68,0.68,0.93,1.51,7.18,3.83,3.33,0,3,0.2,
India,Himachal Pradesh,"PLFS Year (Jul - Jun), 2023",Urban,Female,10.96,0,23.31,0.8,0,4.08,13.16,0,0.64,2.18,1.25,0,0.54,0.23,6.74,21.49,3.17,0.89,4.65,5.91,
India,Himachal Pradesh,"PLFS Year (Jul - Jun), 2023",Urban,Persons,5.08,0.16,30.92,2.31,0.45,10.62,13.44,2,4.38,1.95,1.56,0.49,0.82,1.15,7.06,8.81,3.29,0.25,3.46,1.81,
India,Himachal Pradesh,"PLFS Year (Jul - Jun), 2023",Rural + Urban,Male,33.46,0.05,11.33,1.34,1.67,18.96,10.58,6.99,2.27,0.55,0.95,0.32,0.47,0.48,4.15,4.14,0.61,0.16,1.35,0.17,
India,Himachal Pradesh,"PLFS Year (Jul - Jun), 2023",Rural + Urban,Female,78.45,0,5.34,0.31,0.25,2.62,2.28,0.29,0.11,0.17,0.4,0,0.03,0.02,1.03,6.23,0.93,0.06,0.85,0.62,
India,Himachal Pradesh,"PLFS Year (Jul - Jun), 2023",Rural + Urban,Persons,53.95,0.03,8.6,0.87,1.02,11.52,6.8,3.94,1.29,0.38,0.7,0.18,0.27,0.27,2.73,5.09,0.76,0.11,1.12,0.38,
India,Jammu and Kashmir,"PLFS Year (Jul - Jun), 2023",Rural,Male,25.85,0.17,7.82,0.8,1.53,25.76,12.12,6.75,2.21,0.46,1.23,0.08,0.22,0.55,6.08,5.48,0.62,0.09,2.12,0.06,
India,Jammu and Kashmir,"PLFS Year (Jul - Jun), 2023",Rural,Female,83.15,0,8.79,0,0.27,0,0.92,0,0.02,0,0.27,0,0.2,0,0.06,4.84,1.26,0,0.07,0.16,
India,Jammu and Kashmir,"PLFS Year (Jul - Jun), 2023",Rural,Persons,48.92,0.1,8.21,0.48,1.02,15.39,7.61,4.03,1.33,0.27,0.84,0.05,0.21,0.33,3.66,5.22,0.87,0.05,1.29,0.1,
India,Jammu and Kashmir,"PLFS Year (Jul - Jun), 2023",Urban,Male,4.43,0.67,12.07,0.52,2.69,14.79,25.34,8.97,3.16,1.82,2.01,0.83,1.49,1.33,7.42,5.56,2.67,0.56,2.8,0.87,
India,Jammu and Kashmir,"PLFS Year (Jul - Jun), 2023",Urban,Female,30.06,0.32,18.5,0.32,0.74,5.71,3.03,0.17,0.66,0.18,0.66,0,0.41,0,3.47,21.65,8.79,0,2.83,2.52,
India,Jammu and Kashmir,"PLFS Year (Jul - Jun), 2023",Urban,Persons,10.58,0.58,13.62,0.47,2.22,12.61,19.99,6.86,2.56,1.42,1.68,0.63,1.24,1.01,6.47,9.42,4.14,0.43,2.8,1.27,
India,Jammu and Kashmir,"PLFS Year (Jul - Jun), 2023",Rural + Urban,Male,21.69,0.27,8.64,0.74,1.76,23.63,14.69,7.18,2.4,0.72,1.38,0.23,0.47,0.7,6.34,5.5,1.02,0.18,2.25,0.22,
India,Jammu and Kashmir,"PLFS Year (Jul - Jun), 2023",Rural + Urban,Female,77.76,0.03,9.77,0.03,0.32,0.58,1.13,0.02,0.08,0.02,0.31,0,0.23,0,0.4,6.55,2.02,0,0.35,0.4,
India,Jammu and Kashmir,"PLFS Year (Jul - Jun), 2023",Rural + Urban,Persons,42.81,0.18,9.07,0.48,1.21,14.94,9.59,4.48,1.53,0.46,0.97,0.14,0.38,0.44,4.11,5.89,1.39,0.11,1.53,0.29,
India,Jharkhand,"PLFS Year (Jul - Jun), 2023",Rural,Male,37.86,0.96,7.75,0.07,0.15,30.42,9.55,4.47,2.49,0.11,0.31,0.19,0.28,0.81,0.39,2.17,0.64,0.02,0.95,0.42,
India,Jharkhand,"PLFS Year (Jul - Jun), 2023",Rural,Female,80.74,0.11,8.62,0,0,2.78,2.47,0,0.13,0,0.26,0,0.03,0.01,0.28,2.03,1.57,0,0.16,0.81,
India,Jharkhand,"PLFS Year (Jul - Jun), 2023",Rural,Persons,56.38,0.59,8.13,0.04,0.08,18.48,6.49,2.54,1.47,0.06,0.29,0.11,0.18,0.46,0.34,2.11,1.04,0.01,0.61,0.59,
India,Jharkhand,"PLFS Year (Jul - Jun), 2023",Urban,Male,5.43,3.34,16.01,0.9,0.31,17.05,22.58,9.38,4.04,2.16,1.62,0.43,2.1,1.95,2.19,3.16,1.33,0.25,4.26,1.49,
India,Jharkhand,"PLFS Year (Jul - Jun), 2023",Urban,Female,22.54,0.62,18.65,0.02,0,8.42,11.61,0.05,2.36,0.78,1.37,0,0.31,0.81,0.91,11.68,4.26,0.86,2.75,12.01,
India,Jharkhand,"PLFS Year (Jul - Jun), 2023",Urban,Persons,9.1,2.76,16.57,0.71,0.25,15.2,20.23,7.38,3.68,1.87,1.57,0.34,1.72,1.71,1.91,4.98,1.96,0.38,3.94,3.74,
India,Jharkhand,"PLFS Year (Jul - Jun), 2023",Rural + Urban,Male,32.12,1.38,9.22,0.22,0.18,28.05,11.86,5.34,2.76,0.48,0.54,0.23,0.61,1.01,0.7,2.34,0.77,0.06,1.53,0.61,
India,Jharkhand,"PLFS Year (Jul - Jun), 2023",Rural + Urban,Female,76.57,0.15,9.34,0,0,3.18,3.12,0,0.29,0.06,0.34,0,0.05,0.06,0.32,2.72,1.76,0.06,0.35,1.61,
India,Jharkhand,"PLFS Year (Jul - Jun), 2023",Rural + Urban,Persons,50.02,0.88,9.27,0.13,0.11,18.04,8.34,3.19,1.77,0.31,0.46,0.14,0.38,0.63,0.55,2.5,1.17,0.06,1.06,1.01,
India,Karnataka,"PLFS Year (Jul - Jun), 2023",Rural,Male,61.47,0.15,5.82,0.57,0.16,11.48,7.22,6.04,1.42,0.37,0.72,0.21,0.18,0.49,1.2,1.59,0.35,0.05,0.49,0.02,
India,Karnataka,"PLFS Year (Jul - Jun), 2023",Rural,Female,77.32,0,9.85,0,0,1.5,2.91,0.05,1.21,0.46,0.03,0.27,0.16,0.09,0.34,3.68,1.68,0,0.4,0.05,
India,Karnataka,"PLFS Year (Jul - Jun), 2023",Rural,Persons,67.31,0.1,7.31,0.36,0.1,7.81,5.63,3.83,1.34,0.4,0.46,0.23,0.17,0.34,0.89,2.36,0.84,0.03,0.45,0.03,
India,Karnataka,"PLFS Year (Jul - Jun), 2023",Urban,Male,4.99,0.13,15.39,0.16,0.4,14.9,20.37,8.24,4.73,10.9,3.61,1.4,1.69,2.59,3.09,2.31,1.71,0.18,1.79,1.42,
India,Karnataka,"PLFS Year (Jul - Jun), 2023",Urban,Female,8.85,0,24.02,0.05,0.29,3.43,10.43,0.93,4.9,13.24,2.19,0.37,1.14,1.17,2.12,10.05,5.64,0,2.49,8.69,
India,Karnataka,"PLFS Year (Jul - Jun), 2023",Urban,Persons,6.05,0.1,17.75,0.13,0.37,11.76,17.65,6.24,4.77,11.55,3.22,1.11,1.54,2.2,2.82,4.43,2.79,0.13,1.98,3.41,
India,Karnataka,"PLFS Year (Jul - Jun), 2023",Rural + Urban,Male,40.48,0.14,9.38,0.42,0.25,12.75,12.1,6.86,2.65,4.28,1.79,0.65,0.74,1.27,1.9,1.86,0.86,0.1,0.97,0.54,
India,Karnataka,"PLFS Year (Jul - Jun), 2023",Rural + Urban,Female,58.38,0,13.77,0.01,0.08,2.03,4.99,0.29,2.23,4,0.63,0.3,0.43,0.39,0.84,5.44,2.77,0,0.98,2.44,
India,Karnataka,"PLFS Year (Jul - Jun), 2023",Rural + Urban,Persons,46.49,0.1,10.86,0.28,0.19,9.15,9.71,4.65,2.51,4.19,1.4,0.53,0.64,0.97,1.55,3.06,1.5,0.07,0.97,1.18,
India,Kerala,"PLFS Year (Jul - Jun), 2023",Rural,Male,29.11,0.48,6.59,0.68,0.28,20.67,16.34,8.81,4.43,1.88,1.33,0.18,1.24,1.99,1.42,0.88,0.72,0.52,2.05,0.4,
India,Kerala,"PLFS Year (Jul - Jun), 2023",Rural,Female,47.49,0.19,11.16,0,0.74,3.85,8.35,0.12,2.08,0.3,3.41,0,0.76,1.65,2.61,7.38,5.27,0.61,0.39,3.62,
India,Kerala,"PLFS Year (Jul - Jun), 2023",Rural,Persons,36.19,0.37,8.35,0.42,0.46,14.2,13.27,5.46,3.52,1.27,2.13,0.11,1.05,1.86,1.88,3.38,2.47,0.56,1.41,1.64,
India,Kerala,"PLFS Year (Jul - Jun), 2023",Urban,Male,12.58,0.38,10.91,0.71,0.21,17.88,21.51,8.99,5.43,3.16,3.2,0.52,2.24,1.51,1.9,2.88,1.72,1.48,2.45,0.33,
India,Kerala,"PLFS Year (Jul - Jun), 2023",Urban,Female,22.19,0.1,13.49,0.37,0.23,2.64,11.8,1.36,3.13,4.24,3.11,0.19,1.94,2.5,3.64,10.09,9.96,0.75,1.93,6.33,
India,Kerala,"PLFS Year (Jul - Jun), 2023",Urban,Persons,16.02,0.28,11.84,0.59,0.22,12.42,18.03,6.26,4.61,3.55,3.17,0.4,2.14,1.86,2.52,5.47,4.67,1.22,2.26,2.48,
India,Kerala,"PLFS Year (Jul - Jun), 2023",Rural + Urban,Male,21.38,0.43,8.61,0.69,0.25,19.37,18.76,8.89,4.9,2.48,2.21,0.34,1.71,1.77,1.64,1.82,1.19,0.97,2.24,0.37,
India,Kerala,"PLFS Year (Jul - Jun), 2023",Rural + Urban,Female,36.38,0.15,12.18,0.16,0.52,3.32,9.86,0.66,2.54,2.03,3.28,0.08,1.28,2.03,3.06,8.57,7.33,0.67,1.07,4.81,
India,Kerala,"PLFS Year (Jul - Jun), 2023",Rural + Urban,Persons,26.97,0.33,9.94,0.49,0.35,13.39,15.44,5.83,4.02,2.31,2.61,0.24,1.55,1.86,2.17,4.33,3.48,0.86,1.8,2.03,
India,Ladakh,"PLFS Year (Jul - Jun), 2023",Rural,Male,22.34,0,5.84,0.54,1.19,15.09,12.97,13.91,3.49,0,1.09,0,0,0.98,13.51,8.33,0.12,0,0.61,0,
India,Ladakh,"PLFS Year (Jul - Jun), 2023",Rural,Female,74.65,0,4.23,0,0.41,1.95,3.71,0,0,0,0,0,0,0,3.71,7.11,0.53,0,3.71,0,
India,Ladakh,"PLFS Year (Jul - Jun), 2023",Rural,Persons,43.43,0,5.19,0.32,0.87,9.79,9.24,8.3,2.08,0,0.65,0,0,0.58,9.56,7.84,0.29,0,1.86,0,
India,Ladakh,"PLFS Year (Jul - Jun), 2023",Urban,Male,0,0.65,0.7,0,0,17.08,29.31,20.81,19.92,0,0.42,0,0,0,5.6,5.51,0,0,0,0,
India,Ladakh,"PLFS Year (Jul - Jun), 2023",Urban,Female,24.24,0,3.15,0,0,9.14,28.56,0,3.47,0,4.21,0,0,0.68,1.63,19.59,4.63,0,0.68,0,
India,Ladakh,"PLFS Year (Jul - Jun), 2023",Urban,Persons,4.94,0.52,1.2,0,0,15.46,29.16,16.57,16.57,0,1.2,0,0,0.14,4.79,8.38,0.94,0,0.14,0,
India,Ladakh,"PLFS Year (Jul - Jun), 2023",Rural + Urban,Male,19.24,0.09,5.12,0.46,1.02,15.37,15.24,14.86,5.77,0,1,0,0,0.84,12.41,7.94,0.1,0,0.53,0,
India,Ladakh,"PLFS Year (Jul - Jun), 2023",Rural + Urban,Female,71.75,0,4.17,0,0.38,2.36,5.14,0,0.2,0,0.24,0,0,0.04,3.59,7.83,0.77,0,3.53,0,
India,Ladakh,"PLFS Year (Jul - Jun), 2023",Rural + Urban,Persons,39.29,0.06,4.76,0.29,0.78,10.4,11.38,9.19,3.64,0,0.71,0,0,0.54,9.04,7.9,0.36,0,1.67,0,
India,Lakshadweep,"PLFS Year (Jul - Jun), 2023",Rural,Male,20.86,0,1.45,4.53,0,21.22,5.23,15.14,17.18,0,0,0,3.82,0,8.6,0.06,1.12,0,0.78,0,
India,Lakshadweep,"PLFS Year (Jul - Jun), 2023",Rural,Female,0,0,16.65,0,0,0,0.72,0,11.7,0,0,0,0,0,46.16,5.43,2.7,16.65,0,0,
India,Lakshadweep,"PLFS Year (Jul - Jun), 2023",Rural,Persons,19.15,0,2.7,4.16,0,19.47,4.86,13.89,16.73,0,0,0,3.5,0,11.69,0.51,1.25,1.37,0.72,0,
India,Lakshadweep,"PLFS Year (Jul - Jun), 2023",Urban,Male,15,0,4.47,2.36,1.97,23.46,8.71,15.1,0.68,0,1.82,0,0,0,16.62,6.13,1.92,0,1.74,0,
India,Lakshadweep,"PLFS Year (Jul - Jun), 2023",Urban,Female,3.48,0,25.93,3.06,0,0,6.68,0,3.06,0,0,0,0,0,39.81,3.59,14.38,0,0,0,
India,Lakshadweep,"PLFS Year (Jul - Jun), 2023",Urban,Persons,13.38,0,7.49,2.46,1.69,20.16,8.42,12.98,1.02,0,1.57,0,0,0,19.88,5.78,3.68,0,1.5,0,
India,Lakshadweep,"PLFS Year (Jul - Jun), 2023",Rural + Urban,Male,17.16,0,3.36,3.16,1.24,22.63,7.43,15.12,6.76,0,1.15,0,1.41,0,13.67,3.9,1.63,0,1.39,0,
India,Lakshadweep,"PLFS Year (Jul - Jun), 2023",Rural + Urban,Female,2.64,0,23.68,2.32,0,0,5.24,0,5.15,0,0,0,0,0,41.35,4.04,11.55,4.03,0,0,
India,Lakshadweep,"PLFS Year (Jul - Jun), 2023",Rural + Urban,Persons,15.42,0,5.8,3.06,1.09,19.92,7.16,13.3,6.57,0,1.01,0,1.24,0,16.99,3.91,2.82,0.48,1.22,0,
India,Madhya Pradesh,"PLFS Year (Jul - Jun), 2023",Rural,Male,65.73,0.11,4.73,0.23,0,14.38,6.33,3.18,0.83,0.15,0.55,0.06,0.1,0.28,0.61,1.28,0.42,0.15,0.79,0.07,
India,Madhya Pradesh,"PLFS Year (Jul - Jun), 2023",Rural,Female,85.48,0,6.82,0,0,3.16,1.94,0,0.39,0,0.03,0,0,0,0.15,1,0.88,0,0.1,0.06,
India,Madhya Pradesh,"PLFS Year (Jul - Jun), 2023",Rural,Persons,73.65,0.07,5.57,0.14,0,9.88,4.57,1.9,0.65,0.09,0.34,0.04,0.06,0.17,0.43,1.17,0.61,0.09,0.51,0.07,
India,Madhya Pradesh,"PLFS Year (Jul - Jun), 2023",Urban,Male,8.71,0.92,15.32,1.13,0.43,14.73,24.86,7.83,5.38,0.93,2.2,0.47,1.23,0.84,5.33,3.61,1.82,0.88,2.74,0.62,
India,Madhya Pradesh,"PLFS Year (Jul - Jun), 2023",Urban,Female,25.17,0.15,23.68,0,0.07,2.94,10.04,0.1,4.43,0.47,0.84,0.17,0.5,0.32,2.3,13.32,4.37,0,4.16,6.95,
India,Madhya Pradesh,"PLFS Year (Jul - Jun), 2023",Urban,Persons,13.17,0.71,17.58,0.82,0.34,11.54,20.85,5.73,5.13,0.81,1.83,0.39,1.03,0.7,4.51,6.24,2.51,0.64,3.13,2.33,
India,Madhya Pradesh,"PLFS Year (Jul - Jun), 2023",Rural + Urban,Male,52.42,0.3,7.2,0.44,0.1,14.46,10.65,4.26,1.9,0.34,0.94,0.16,0.37,0.41,1.71,1.83,0.75,0.32,1.24,0.2,
India,Madhya Pradesh,"PLFS Year (Jul - Jun), 2023",Rural + Urban,Female,76.77,0.03,9.25,0,0.01,3.13,3.11,0.01,0.97,0.07,0.15,0.02,0.07,0.05,0.46,2.78,1.39,0,0.69,1.06,
India,Madhya Pradesh,"PLFS Year (Jul - Jun), 2023",Rural + Urban,Persons,61.56,0.2,7.97,0.28,0.07,10.21,7.82,2.67,1.55,0.23,0.64,0.11,0.26,0.27,1.24,2.18,0.99,0.2,1.03,0.52,
India,Maharashtra,"PLFS Year (Jul - Jun), 2023",Rural,Male,58.89,0.4,9.44,0.32,0.16,8.79,8.02,5.01,1.25,0.38,0.7,0.01,0.32,1.16,0.72,1.36,0.97,0.38,1.21,0.52,
India,Maharashtra,"PLFS Year (Jul - Jun), 2023",Rural,Female,81.5,0,5.12,0,0.49,1.14,4.26,0.07,0.74,0.14,0.43,0,0,0.31,0.71,2.19,1.03,0.07,0.61,1.17,
India,Maharashtra,"PLFS Year (Jul - Jun), 2023",Rural,Persons,67.55,0.25,7.79,0.19,0.29,5.86,6.58,3.12,1.06,0.29,0.6,0,0.2,0.83,0.72,1.68,0.99,0.27,0.98,0.77,
India,Maharashtra,"PLFS Year (Jul - Jun), 2023",Urban,Male,3.03,0.2,19.52,0.72,0.44,11.28,18.22,9.57,4.9,7.98,4.31,0.93,2.99,3.01,3.56,2.88,2.11,0.51,2.49,1.37,
India,Maharashtra,"PLFS Year (Jul - Jun), 2023",Urban,Female,5.92,0.21,23.52,0.05,0.66,1.79,8.74,1.34,3.78,8.47,4.3,0.12,3.02,2.47,1.75,10.02,6.19,0.28,4.28,13.09,
India,Maharashtra,"PLFS Year (Jul - Jun), 2023",Urban,Persons,3.79,0.2,20.57,0.54,0.5,8.79,15.73,7.41,4.6,8.11,4.3,0.71,3,2.87,3.09,4.75,3.18,0.45,2.96,4.45,
India,Maharashtra,"PLFS Year (Jul - Jun), 2023",Rural + Urban,Male,35.18,0.31,13.72,0.48,0.28,9.85,12.35,6.94,2.8,3.61,2.23,0.4,1.45,1.94,1.92,2,1.45,0.44,1.75,0.88,
India,Maharashtra,"PLFS Year (Jul - Jun), 2023",Rural + Urban,Female,59.03,0.06,10.59,0.02,0.54,1.33,5.59,0.45,1.64,2.62,1.58,0.04,0.9,0.95,1.02,4.52,2.56,0.14,1.7,4.71,
India,Maharashtra,"PLFS Year (Jul - Jun), 2023",Rural + Urban,Persons,43.22,0.23,12.66,0.33,0.37,6.98,10.07,4.75,2.41,3.27,2.01,0.28,1.27,1.61,1.62,2.85,1.83,0.34,1.73,2.17,
India,Manipur,"PLFS Year (Jul - Jun), 2023",Rural,Male,47.57,0.01,6.45,0,0.4,11.83,5.62,4.81,0.3,0.31,1.25,0,0.57,2.64,10.61,6.22,0.77,0.02,0.62,0.01,
India,Manipur,"PLFS Year (Jul - Jun), 2023",Rural,Female,55.1,0,25.01,0,0,0.19,8.6,0.08,0.84,0,0,0,0,0.59,0.49,5.25,2.74,0,0,1.14,
India,Manipur,"PLFS Year (Jul - Jun), 2023",Rural,Persons,50.64,0,14.03,0,0.24,7.08,6.83,2.88,0.52,0.18,0.74,0,0.34,1.8,6.48,5.82,1.57,0.01,0.37,0.47,
India,Manipur,"PLFS Year (Jul - Jun), 2023",Urban,Male,17.55,0,8.38,0.39,0.81,16.77,15.54,6.87,1.44,0.71,2.27,0,1.26,5.17,11.77,8.02,1.23,0.15,1.13,0.54,
India,Manipur,"PLFS Year (Jul - Jun), 2023",Urban,Female,23.08,0,33.55,0,0,0.2,16.36,0,3.75,0,0.48,0.06,0.54,2.67,2.29,10.94,4.3,0.18,0.86,0.75,
India,Manipur,"PLFS Year (Jul - Jun), 2023",Urban,Persons,19.77,0,18.49,0.23,0.49,10.11,15.87,4.11,2.37,0.42,1.55,0.02,0.97,4.17,7.96,9.19,2.47,0.16,1.02,0.62,
India,Manipur,"PLFS Year (Jul - Jun), 2023",Rural + Urban,Male,39.1,0,7,0.11,0.52,13.22,8.42,5.39,0.62,0.42,1.53,0,0.76,3.35,10.94,6.73,0.9,0.06,0.76,0.16,
India,Manipur,"PLFS Year (Jul - Jun), 2023",Rural + Urban,Female,46.23,0,27.37,0,0,0.2,10.75,0.06,1.64,0,0.13,0.02,0.15,1.16,0.99,6.82,3.17,0.05,0.24,1.03,
India,Manipur,"PLFS Year (Jul - Jun), 2023",Rural + Urban,Persons,41.99,0,15.28,0.06,0.31,7.93,9.36,3.22,1.04,0.25,0.96,0.01,0.51,2.46,6.89,6.77,1.82,0.06,0.55,0.51,
India,Meghalaya,"PLFS Year (Jul - Jun), 2023",Rural,Male,51.61,3.74,1.85,0.05,0.32,19.92,5.91,7.4,1.17,0.02,0.11,0.04,0.04,0.82,2.47,3.16,0.62,0.11,0.55,0.1,
India,Meghalaya,"PLFS Year (Jul - Jun), 2023",Rural,Female,64.35,1.33,1.71,0,0,11.19,5.42,0,3.12,0,0.07,0,0.16,1.32,0.73,5.6,2.81,0.48,0.75,0.95,
India,Meghalaya,"PLFS Year (Jul - Jun), 2023",Rural,Persons,57.66,2.6,1.78,0.03,0.17,15.77,5.68,3.88,2.1,0.01,0.09,0.02,0.1,1.06,1.64,4.32,1.66,0.28,0.64,0.5,
India,Meghalaya,"PLFS Year (Jul - Jun), 2023",Urban,Male,6.12,1.22,3.68,0,0.2,13.92,19.97,13.37,7.01,1.58,1.57,0.27,1.48,2.65,13.07,6.5,2.05,1.86,2.06,1.43,
India,Meghalaya,"PLFS Year (Jul - Jun), 2023",Urban,Female,9.62,1.65,4.46,0,0,0.7,21.82,0.63,5.85,0.62,2.26,0.83,2.05,3.6,7.41,10.85,11.36,0.94,6.67,8.69,
India,Meghalaya,"PLFS Year (Jul - Jun), 2023",Urban,Persons,7.53,1.39,3.99,0,0.12,8.58,20.71,8.22,6.54,1.19,1.85,0.49,1.71,3.03,10.78,8.26,5.81,1.49,3.92,4.37,
India,Meghalaya,"PLFS Year (Jul - Jun), 2023",Rural + Urban,Male,45.67,3.41,2.09,0.04,0.3,19.14,7.74,8.18,1.93,0.23,0.3,0.07,0.22,1.06,3.86,3.59,0.81,0.33,0.75,0.27,
India,Meghalaya,"PLFS Year (Jul - Jun), 2023",Rural + Urban,Female,58.83,1.37,1.99,0,0,10.13,7.08,0.06,3.4,0.06,0.29,0.08,0.36,1.55,1.4,6.13,3.67,0.53,1.35,1.73,
India,Meghalaya,"PLFS Year (Jul - Jun), 2023",Rural + Urban,Persons,51.82,2.45,2.04,0.02,0.16,14.93,7.43,4.39,2.62,0.15,0.29,0.08,0.29,1.29,2.71,4.78,2.15,0.43,1.03,0.95,
India,Mizoram,"PLFS Year (Jul - Jun), 2023",Rural,Male,47.5,0.19,2.11,0,0.11,9.3,7.63,8.71,1.71,0.11,0,0,0.11,2.77,6.02,11.68,0.84,0,1.17,0.03,
India,Mizoram,"PLFS Year (Jul - Jun), 2023",Rural,Female,68.15,0,3.91,0,0,0,20.23,0,2.25,0,0,0,0,1.37,0.29,2.45,1.35,0,0,0,
India,Mizoram,"PLFS Year (Jul - Jun), 2023",Rural,Persons,54.98,0.12,2.76,0,0.07,5.93,12.2,5.55,1.91,0.07,0,0,0.07,2.26,3.95,8.34,1.02,0,0.74,0.02,
India,Mizoram,"PLFS Year (Jul - Jun), 2023",Urban,Male,11.77,0.9,4.62,0.09,0.39,12.89,17.22,12.4,1.52,0.52,1.19,0,2,6.14,16.99,9.64,0.39,0.23,1.09,0,
India,Mizoram,"PLFS Year (Jul - Jun), 2023",Urban,Female,29.5,0.16,7.02,0.09,0,0,37.6,0,2.78,0.09,0.85,0,0,7.03,2.95,8.3,2.3,0,1.13,0.2,
India,Mizoram,"PLFS Year (Jul - Jun), 2023",Urban,Persons,18.63,0.62,5.55,0.09,0.24,7.9,25.1,7.6,2.01,0.36,1.06,0,1.23,6.48,11.56,9.12,1.13,0.14,1.1,0.08,
India,Mizoram,"PLFS Year (Jul - Jun), 2023",Rural + Urban,Male,32.2,0.49,3.19,0.04,0.23,10.84,11.74,10.29,1.63,0.29,0.51,0,0.92,4.22,10.72,10.81,0.65,0.1,1.14,0.02,
India,Mizoram,"PLFS Year (Jul - Jun), 2023",Rural + Urban,Female,50.6,0.07,5.32,0.04,0,0,28.12,0,2.49,0.04,0.39,0,0,3.94,1.5,5.1,1.78,0,0.51,0.09,
India,Mizoram,"PLFS Year (Jul - Jun), 2023",Rural + Urban,Persons,39.07,0.34,3.98,0.04,0.15,6.79,17.85,6.45,1.95,0.2,0.46,0,0.58,4.11,7.28,8.68,1.07,0.06,0.9,0.04,
India,Nagaland,"PLFS Year (Jul - Jun), 2023",Rural,Male,43.84,0.03,6.38,1.27,0.24,5.48,5.28,9.87,0.09,0.16,0.44,0,0.3,4.72,3.38,13.53,1.19,0,3.51,0.3,
India,Nagaland,"PLFS Year (Jul - Jun), 2023",Rural,Female,69.35,0,6.28,0,0,0.55,7.51,0.14,0.11,0,0,0,0,1.24,0.32,7.2,2.25,0,5.06,0,
India,Nagaland,"PLFS Year (Jul - Jun), 2023",Rural,Persons,55.36,0.02,6.33,0.7,0.13,3.25,6.29,5.48,0.09,0.09,0.24,0,0.17,3.15,2,10.67,1.67,0,4.21,0.16,
India,Nagaland,"PLFS Year (Jul - Jun), 2023",Urban,Male,6.3,0,3.23,0.3,0.41,13.69,15.11,17.64,1.67,0.53,1.74,1.09,1.23,13.08,11.55,8.39,1.4,0,1.94,0.71,
India,Nagaland,"PLFS Year (Jul - Jun), 2023",Urban,Female,29.02,0,5.47,0,0,1.43,30.66,0,1.39,0.52,0,0.11,1.56,11.36,1.04,7.93,4.66,0,3.45,1.39,
India,Nagaland,"PLFS Year (Jul - Jun), 2023",Urban,Persons,15.3,0,4.12,0.18,0.24,8.83,21.27,10.65,1.56,0.53,1.05,0.7,1.36,12.4,7.39,8.21,2.69,0,2.54,0.98,
India,Nagaland,"PLFS Year (Jul - Jun), 2023",Rural + Urban,Male,34.16,0.02,5.57,1.02,0.28,7.6,7.81,11.88,0.49,0.26,0.78,0.28,0.54,6.87,5.49,12.21,1.24,0,3.1,0.4,
India,Nagaland,"PLFS Year (Jul - Jun), 2023",Rural + Urban,Female,60.6,0,6.1,0,0,0.74,12.54,0.11,0.38,0.11,0,0.02,0.34,3.44,0.48,7.36,2.77,0,4.71,0.3,
India,Nagaland,"PLFS Year (Jul - Jun), 2023",Rural + Urban,Persons,45.74,0.01,5.8,0.57,0.16,4.59,9.88,6.72,0.45,0.19,0.44,0.17,0.45,5.37,3.29,10.08,1.91,0,3.81,0.36,
India,Odisha,"PLFS Year (Jul - Jun), 2023",Rural,Male,40.86,0.47,5.4,0.3,0.17,26.34,10.78,5.68,1.66,0.13,0.77,0,0.41,1.45,0.75,2.27,0.16,0.16,1.95,0.28,
India,Odisha,"PLFS Year (Jul - Jun), 2023",Rural,Female,74.84,0.06,8.09,0,0,6.69,3.26,0,1.06,0.02,0.22,0,0,0.12,0.56,2.8,1.72,0.02,0.21,0.32,
India,Odisha,"PLFS Year (Jul - Jun), 2023",Rural,Persons,54.82,0.3,6.5,0.18,0.1,18.27,7.69,3.34,1.41,0.09,0.54,0,0.24,0.91,0.67,2.48,0.8,0.11,1.24,0.3,
India,Odisha,"PLFS Year (Jul - Jun), 2023",Urban,Male,3.74,1.16,10.17,1.02,1.41,18.02,21.62,12.7,5.61,1.32,2.58,0.66,2.96,3.81,3.33,3.31,1.52,0.83,3.46,0.77,
India,Odisha,"PLFS Year (Jul - Jun), 2023",Urban,Female,12.68,0.25,16.7,0.18,2.43,9.98,13.47,0.37,3.19,1.14,0.22,0,1.3,3.48,2.13,16.02,5.44,0.49,1.87,8.66,
India,Odisha,"PLFS Year (Jul - Jun), 2023",Urban,Persons,6.22,0.91,11.98,0.78,1.69,15.79,19.36,9.28,4.94,1.27,1.93,0.48,2.5,3.72,2.99,6.84,2.61,0.74,3.02,2.96,
India,Odisha,"PLFS Year (Jul - Jun), 2023",Rural + Urban,Male,35.45,0.57,6.09,0.41,0.35,25.13,12.36,6.7,2.23,0.3,1.03,0.1,0.78,1.8,1.12,2.42,0.36,0.26,2.17,0.35,
India,Odisha,"PLFS Year (Jul - Jun), 2023",Rural + Urban,Female,69.5,0.08,8.83,0.02,0.21,6.97,4.13,0.03,1.24,0.12,0.22,0,0.11,0.41,0.7,3.93,2.04,0.06,0.36,1.04,
India,Odisha,"PLFS Year (Jul - Jun), 2023",Rural + Urban,Persons,48.89,0.38,7.17,0.25,0.3,17.96,9.11,4.07,1.84,0.23,0.71,0.06,0.52,1.25,0.95,3.02,1.02,0.18,1.46,0.62,
India,Puducherry,"PLFS Year (Jul - Jun), 2023",Rural,Male,23.82,0,12.13,0.32,2.72,12.25,7.85,19.78,3.58,0.74,2.86,0,0.85,3.77,1.35,3.07,0.94,0,1.15,2.83,
India,Puducherry,"PLFS Year (Jul - Jun), 2023",Rural,Female,27.14,0,16.66,0,0,1.87,15.72,3.76,4.61,9.09,0,0,0,10.76,6.21,0,2.15,0,0,2.02,
India,Puducherry,"PLFS Year (Jul - Jun), 2023",Rural,Persons,25.05,0,13.81,0.2,1.71,8.4,10.77,13.83,3.96,3.84,1.8,0,0.54,6.36,3.16,1.93,1.39,0,0.72,2.53,
India,Puducherry,"PLFS Year (Jul - Jun), 2023",Urban,Male,2.67,0,21.04,0.26,0.48,12.46,13.37,6.96,6.29,7.81,5.04,0,2.23,1.68,6.72,3.79,5.81,0.38,2.56,0.46,
India,Puducherry,"PLFS Year (Jul - Jun), 2023",Urban,Female,1.43,0,24.28,0.94,0,0.55,16.09,0,5.29,2.06,3.03,0,1.02,4.11,1.9,15.76,9.75,0,3.35,10.46,
India,Puducherry,"PLFS Year (Jul - Jun), 2023",Urban,Persons,2.27,0,22.08,0.48,0.33,8.62,14.25,4.71,5.97,5.95,4.39,0,1.84,2.46,5.16,7.65,7.08,0.26,2.82,3.68,
India,Puducherry,"PLFS Year (Jul - Jun), 2023",Rural + Urban,Male,11.33,0,17.39,0.28,1.4,12.38,11.11,12.21,5.18,4.92,4.15,0,1.67,2.53,4.52,3.49,3.82,0.22,1.98,1.43,
India,Puducherry,"PLFS Year (Jul - Jun), 2023",Rural + Urban,Female,13.31,0,20.76,0.51,0,1.16,15.92,1.74,4.97,5.31,1.63,0,0.55,7.19,3.89,8.47,6.24,0,1.8,6.56,
India,Puducherry,"PLFS Year (Jul - Jun), 2023",Rural + Urban,Persons,12.01,0,18.55,0.36,0.92,8.53,12.76,8.61,5.11,5.05,3.28,0,1.28,4.13,4.31,5.2,4.65,0.15,1.92,3.19,
India,Punjab,"PLFS Year (Jul - Jun), 2023",Rural,Male,38.42,0.2,12.62,0.72,0.41,19.7,9.31,5.08,0.98,0.36,0.82,0.23,0.85,0.46,1.55,1.91,1.19,0.28,4.18,0.74,
India,Punjab,"PLFS Year (Jul - Jun), 2023",Rural,Female,45.6,0,15.18,0.71,0,5.05,5.45,0.04,0.14,0.09,0.52,0.11,0.45,1.36,0.77,7.76,4.34,0,4.14,8.29,
India,Punjab,"PLFS Year (Jul - Jun), 2023",Rural,Persons,40.59,0.14,13.4,0.71,0.28,15.27,8.15,3.56,0.73,0.28,0.73,0.19,0.73,0.73,1.31,3.67,2.14,0.19,4.17,3.02,
India,Punjab,"PLFS Year (Jul - Jun), 2023",Urban,Male,3.04,0.04,26.25,0.88,1.26,10.23,25.36,7.6,4.56,1.4,2.67,0.63,2.53,0.75,2.97,2.41,2.08,1.32,3.33,0.69,
India,Punjab,"PLFS Year (Jul - Jun), 2023",Urban,Female,5.35,0,23.82,0,0,1.58,13.85,1.05,2.29,1.39,2.12,0,2.16,1.29,1.22,18.29,4.17,0,5.45,15.97,
India,Punjab,"PLFS Year (Jul - Jun), 2023",Urban,Persons,3.54,0.03,25.72,0.69,0.98,8.35,22.86,6.18,4.07,1.4,2.55,0.5,2.45,0.86,2.59,5.86,2.53,1.03,3.79,4.01,
India,Punjab,"PLFS Year (Jul - Jun), 2023",Rural + Urban,Male,24.71,0.14,17.9,0.78,0.74,16.03,15.53,6.06,2.37,0.76,1.54,0.39,1.5,0.57,2.1,2.1,1.53,0.68,3.85,0.72,
India,Punjab,"PLFS Year (Jul - Jun), 2023",Rural + Urban,Female,33.97,0,17.68,0.5,0,4.05,7.88,0.33,0.76,0.47,0.98,0.08,0.94,1.34,0.9,10.8,4.29,0,4.52,10.51,
India,Punjab,"PLFS Year (Jul - Jun), 2023",Rural + Urban,Persons,27.22,0.1,17.84,0.71,0.54,12.78,13.45,4.5,1.93,0.68,1.39,0.3,1.35,0.78,1.77,4.46,2.28,0.5,4.03,3.38,
India,Rajasthan,"PLFS Year (Jul - Jun), 2023",Rural,Male,47.33,0.91,10.84,0.21,0.24,16.13,8.49,6.15,2.54,0.33,0.57,0.01,0.72,0.53,0.36,2.16,0.41,0.48,1.48,0.12,
India,Rajasthan,"PLFS Year (Jul - Jun), 2023",Rural,Female,83.89,0,3.87,0,0,6.56,1.53,0,0.35,0,0.06,0,0.1,0,0.08,1.78,1.57,0.02,0.07,0.12,
India,Rajasthan,"PLFS Year (Jul - Jun), 2023",Rural,Persons,63.48,0.51,7.76,0.12,0.13,11.9,5.42,3.44,1.57,0.18,0.34,0,0.45,0.29,0.24,1.99,0.92,0.28,0.86,0.12,
India,Rajasthan,"PLFS Year (Jul - Jun), 2023",Urban,Male,3.78,0.49,20.05,1.3,0.64,16.13,23.57,6.37,3.5,2.29,2.69,0.83,2.47,2.61,3.9,3.56,2.1,0.59,2.74,0.39,
India,Rajasthan,"PLFS Year (Jul - Jun), 2023",Urban,Female,18.68,0,27.63,0.59,0.32,7.13,9.29,0.05,1.64,1.01,1.03,0,1.14,1.81,2.14,10.06,1.82,0.56,5.97,9.15,
India,Rajasthan,"PLFS Year (Jul - Jun), 2023",Urban,Persons,7.76,0.36,22.07,1.11,0.55,13.72,19.76,4.68,3,1.95,2.25,0.6,2.11,2.4,3.43,5.29,2.02,0.58,3.6,2.73,
India,Rajasthan,"PLFS Year (Jul - Jun), 2023",Rural + Urban,Male,35.41,0.79,13.36,0.51,0.35,16.13,12.62,6.21,2.8,0.86,1.15,0.23,1.2,1.1,1.33,2.54,0.87,0.51,1.83,0.19,
India,Rajasthan,"PLFS Year (Jul - Jun), 2023",Rural + Urban,Female,74.25,0,7.38,0.09,0.05,6.64,2.68,0.01,0.54,0.15,0.2,0,0.25,0.27,0.39,3,1.61,0.1,0.94,1.46,
India,Rajasthan,"PLFS Year (Jul - Jun), 2023",Rural + Urban,Persons,51.05,0.47,10.95,0.34,0.23,12.31,8.61,3.71,1.89,0.58,0.77,0.14,0.82,0.76,0.95,2.73,1.17,0.34,1.47,0.7,
India,Sikkim,"PLFS Year (Jul - Jun), 2023",Rural,Male,37.64,0,3.64,2.8,0.06,14.23,4.05,13.31,2.3,0,0,0,0.25,0.6,16.88,4.05,0,0.1,0.1,0,
India,Sikkim,"PLFS Year (Jul - Jun), 2023",Rural,Female,67.33,0,1.58,0.09,0,1.64,5.62,0,3.01,0,0,0,0,0,10.71,6.5,3.27,0,0.18,0.06,
India,Sikkim,"PLFS Year (Jul - Jun), 2023",Rural,Persons,51.44,0,2.68,1.54,0.03,8.38,4.78,7.12,2.63,0,0,0,0.13,0.32,14.01,5.19,1.52,0.05,0.14,0.03,
India,Sikkim,"PLFS Year (Jul - Jun), 2023",Urban,Male,0.48,0,7.96,0.43,0,13.16,18.42,21.2,11.33,0.2,1.11,0,0.76,3.22,12.14,2.32,2.35,1.85,2.61,0.47,
India,Sikkim,"PLFS Year (Jul - Jun), 2023",Urban,Female,2.37,0,2.34,0,0,0.03,35.8,0,5.45,0,0.98,0,2.13,0.55,18.19,7.98,14.75,1,3.36,5.06,
India,Sikkim,"PLFS Year (Jul - Jun), 2023",Urban,Persons,0.93,0,6.63,0.32,0,10.04,22.55,16.17,9.94,0.16,1.08,0,1.08,2.59,13.58,3.66,5.29,1.65,2.79,1.56,
India,Sikkim,"PLFS Year (Jul - Jun), 2023",Rural + Urban,Male,29.18,0,4.62,2.26,0.05,13.99,7.32,15.11,4.35,0.05,0.25,0,0.36,1.19,15.8,3.66,0.54,0.49,0.67,0.11,
India,Sikkim,"PLFS Year (Jul - Jun), 2023",Rural + Urban,Female,61.13,0,1.65,0.08,0,1.49,8.51,0,3.24,0,0.09,0,0.2,0.05,11.42,6.64,4.36,0.1,0.48,0.54,
India,Sikkim,"PLFS Year (Jul - Jun), 2023",Rural + Urban,Persons,42.79,0,3.36,1.33,0.03,8.66,7.83,8.67,3.88,0.03,0.18,0,0.3,0.71,13.94,4.93,2.17,0.32,0.59,0.29,
India,Tamil Nadu,"PLFS Year (Jul - Jun), 2023",Rural,Male,34.19,0.39,13.08,0.31,0.56,19.65,10.44,9.32,2.79,1.53,1.25,0.17,0.48,0.71,1.34,1.58,0.59,0.01,1.56,0.04,
India,Tamil Nadu,"PLFS Year (Jul - Jun), 2023",Rural,Female,50.31,0,10.97,0.02,0.1,23.93,4.61,0.03,1.23,0.45,0.44,0.06,0.03,0.45,0.53,4.19,1.61,0,0.35,0.69,
India,Tamil Nadu,"PLFS Year (Jul - Jun), 2023",Rural,Persons,41.17,0.22,12.17,0.19,0.36,21.5,7.92,5.3,2.11,1.06,0.9,0.12,0.29,0.6,0.99,2.71,1.03,0.01,1.04,0.32,
India,Tamil Nadu,"PLFS Year (Jul - Jun), 2023",Urban,Male,5.83,0.18,20.24,0.56,0.68,13.5,17.92,10.45,5.22,6.91,2.9,1.06,1.92,1.44,2.63,2.58,1.18,0.63,3.09,1.08,
India,Tamil Nadu,"PLFS Year (Jul - Jun), 2023",Urban,Female,13,0,25.23,0.09,0.54,4.15,12.45,0.72,4.03,4.81,2.71,0.07,0.72,1.17,2.27,10.68,4.24,0.36,2.72,10.06,
India,Tamil Nadu,"PLFS Year (Jul - Jun), 2023",Urban,Persons,7.98,0.13,21.73,0.42,0.64,10.7,16.28,7.53,4.86,6.28,2.84,0.77,1.56,1.36,2.52,5,2.1,0.55,2.98,3.77,
India,Tamil Nadu,"PLFS Year (Jul - Jun), 2023",Rural + Urban,Male,21.45,0.3,16.3,0.42,0.61,16.89,13.8,9.82,3.88,3.94,1.99,0.57,1.13,1.04,1.92,2.03,0.85,0.29,2.25,0.51,
India,Tamil Nadu,"PLFS Year (Jul - Jun), 2023",Rural + Urban,Female,38.63,0,15.44,0.04,0.24,17.74,7.06,0.24,2.1,1.81,1.15,0.07,0.25,0.67,1.07,6.23,2.43,0.11,1.09,3.62,
India,Tamil Nadu,"PLFS Year (Jul - Jun), 2023",Rural + Urban,Persons,27.98,0.18,15.97,0.28,0.47,17.21,11.24,6.19,3.21,3.14,1.67,0.38,0.79,0.9,1.6,3.62,1.45,0.22,1.81,1.69,
India,Telangana,"PLFS Year (Jul - Jun), 2023",Rural,Male,56.66,0.07,6.4,0.01,0.18,11.34,6.42,8.66,0.69,1.07,1.79,0.41,0.21,0.14,2.01,1.08,1.08,0,1.42,0.36,
India,Telangana,"PLFS Year (Jul - Jun), 2023",Rural,Female,67.83,0,16.72,0,0,4.88,4.01,0.61,0.3,0.25,0.04,0,0.12,0,1.09,2.73,0.9,0,0.37,0.15,
India,Telangana,"PLFS Year (Jul - Jun), 2023",Rural,Persons,61.52,0.04,10.89,0.01,0.1,8.53,5.37,5.16,0.52,0.71,1.03,0.23,0.17,0.08,1.61,1.8,1,0,0.96,0.27,
India,Telangana,"PLFS Year (Jul - Jun), 2023",Urban,Male,3.19,0.84,14.95,1.02,0.08,12.84,20.15,8.77,4.1,12.1,3.83,1.18,1.8,1.26,3.28,3.52,1.51,0.39,3.2,1.98,
India,Telangana,"PLFS Year (Jul - Jun), 2023",Urban,Female,7.14,0,21.28,0,0,6.31,15,0.41,4.33,8.51,1.05,0,0.31,0.31,1.91,12.83,4.86,0.09,6.08,9.58,
India,Telangana,"PLFS Year (Jul - Jun), 2023",Urban,Persons,4.3,0.61,16.73,0.73,0.06,11.01,18.7,6.43,4.16,11.1,3.05,0.85,1.38,0.99,2.89,6.13,2.45,0.31,4.01,4.11,
India,Telangana,"PLFS Year (Jul - Jun), 2023",Rural + Urban,Male,35.9,0.37,9.72,0.4,0.14,11.92,11.75,8.7,2.01,5.35,2.58,0.71,0.83,0.57,2.5,2.03,1.25,0.15,2.11,0.99,
India,Telangana,"PLFS Year (Jul - Jun), 2023",Rural + Urban,Female,53.08,0,17.83,0,0,5.23,6.68,0.56,1.28,2.26,0.29,0,0.16,0.07,1.29,5.18,1.87,0.02,1.76,2.44,
India,Telangana,"PLFS Year (Jul - Jun), 2023",Rural + Urban,Persons,42.49,0.23,12.83,0.25,0.09,9.35,9.81,5.58,1.73,4.16,1.7,0.44,0.57,0.38,2.04,3.24,1.48,0.1,1.97,1.55,
India,The Dadra and Nagar Haveli and Daman and Diu,"PLFS Year (Jul - Jun), 2023",Rural,Male,24.56,0.27,55.17,0.02,0.02,5.89,4.99,4.67,0.97,0,2.03,0,0,0,0.11,0,1.03,0,0.26,0,
India,The Dadra and Nagar Haveli and Daman and Diu,"PLFS Year (Jul - Jun), 2023",Rural,Female,66.61,0,21.45,0,0,3.4,0.9,0,0,0,1.06,0,4.19,0,0,0,1.74,0,0,0.65,
India,The Dadra and Nagar Haveli and Daman and Diu,"PLFS Year (Jul - Jun), 2023",Rural,Persons,43.81,0.15,39.73,0.01,0.01,4.75,3.12,2.53,0.53,0,1.59,0,1.92,0,0.06,0,1.35,0,0.14,0.3,
India,The Dadra and Nagar Haveli and Daman and Diu,"PLFS Year (Jul - Jun), 2023",Urban,Male,2.56,0,71.02,0,0.19,0.65,6.08,6.23,2.92,0,0,0,0.5,0.46,3.82,0.59,2.19,0.39,1.85,0.54,
India,The Dadra and Nagar Haveli and Daman and Diu,"PLFS Year (Jul - Jun), 2023",Urban,Female,10.78,0,59.87,0,0,0,3.47,0,2.72,0,0,0,0,0,6.31,13.46,0,0,0,3.39,
India,The Dadra and Nagar Haveli and Daman and Diu,"PLFS Year (Jul - Jun), 2023",Urban,Persons,3.9,0,69.21,0,0.16,0.55,5.66,5.22,2.89,0,0,0,0.42,0.38,4.23,2.68,1.83,0.33,1.55,1.01,
India,The Dadra and Nagar Haveli and Daman and Diu,"PLFS Year (Jul - Jun), 2023",Rural + Urban,Male,10.67,0.1,65.18,0.01,0.13,2.58,5.68,5.65,2.2,0,0.75,0,0.32,0.29,2.46,0.38,1.76,0.25,1.26,0.34,
India,The Dadra and Nagar Haveli and Daman and Diu,"PLFS Year (Jul - Jun), 2023",Rural + Urban,Female,50.85,0,32.29,0,0,2.44,1.63,0,0.77,0,0.76,0,3.01,0,1.78,3.8,1.25,0,0,1.43,
India,The Dadra and Nagar Haveli and Daman and Diu,"PLFS Year (Jul - Jun), 2023",Rural + Urban,Persons,22.82,0.07,55.23,0.01,0.09,2.54,4.45,3.94,1.77,0,0.75,0,1.13,0.2,2.25,1.41,1.6,0.17,0.88,0.67,
India,Tripura,"PLFS Year (Jul - Jun), 2023",Rural,Male,40.68,0,5.07,0.11,0.06,21.45,14.5,6.13,1.59,0.1,0.25,0,0.33,1.01,3.17,3.93,0.42,0.11,1.01,0.08,
India,Tripura,"PLFS Year (Jul - Jun), 2023",Rural,Female,64.53,0,6.21,0,0.02,14.88,3.89,0.01,1.24,0,0.09,0,0.1,0.15,0.4,5.75,0.84,0,0,1.9,
India,Tripura,"PLFS Year (Jul - Jun), 2023",Rural,Persons,49.76,0,5.5,0.07,0.04,18.95,10.46,3.8,1.46,0.06,0.19,0,0.24,0.68,2.11,4.62,0.58,0.07,0.62,0.77,
India,Tripura,"PLFS Year (Jul - Jun), 2023",Urban,Male,6.21,0,9.2,0.05,0.59,16.19,25.62,11.18,2.41,0.19,2.37,0,2.63,3.6,7.54,7.33,1.47,0.27,2.47,0.67,
India,Tripura,"PLFS Year (Jul - Jun), 2023",Urban,Female,16.19,0,9.9,0,0.24,11.78,10.83,0,1.37,0.44,0.69,0,1.05,3.26,5.08,20.38,4.18,0.29,2.57,11.75,
India,Tripura,"PLFS Year (Jul - Jun), 2023",Urban,Persons,9.38,0,9.42,0.03,0.48,14.79,20.93,7.63,2.08,0.27,1.84,0,2.13,3.49,6.76,11.47,2.33,0.28,2.5,4.19,
India,Tripura,"PLFS Year (Jul - Jun), 2023",Rural + Urban,Male,35.32,0,5.71,0.1,0.14,20.63,16.23,6.92,1.72,0.11,0.58,0,0.69,1.41,3.85,4.46,0.58,0.13,1.23,0.17,
India,Tripura,"PLFS Year (Jul - Jun), 2023",Rural + Urban,Female,58.62,0,6.66,0,0.05,14.5,4.74,0.01,1.25,0.05,0.16,0,0.22,0.53,0.97,7.54,1.25,0.04,0.31,3.1,
India,Tripura,"PLFS Year (Jul - Jun), 2023",Rural + Urban,Persons,43.98,0,6.06,0.06,0.11,18.35,11.96,4.35,1.55,0.09,0.42,0,0.51,1.09,2.78,5.6,0.83,0.1,0.89,1.26,
India,Uttar Pradesh,"PLFS Year (Jul - Jun), 2023",Rural,Male,54.83,0.18,6.38,0.15,0.25,18.87,8.57,3.67,1.27,0.28,0.37,0.05,0.2,0.67,0.67,1.34,0.33,0.11,1.65,0.15,
India,Uttar Pradesh,"PLFS Year (Jul - Jun), 2023",Rural,Female,88.65,0,5.28,0,0.03,0.56,2.51,0.01,0.17,0,0.02,0,0,0.22,0.17,1.71,0.46,0,0.19,0.04,
India,Uttar Pradesh,"PLFS Year (Jul - Jun), 2023",Rural,Persons,66.27,0.12,6.01,0.1,0.18,12.68,6.52,2.43,0.9,0.19,0.25,0.03,0.14,0.52,0.5,1.46,0.37,0.07,1.16,0.11,
India,Uttar Pradesh,"PLFS Year (Jul - Jun), 2023",Urban,Male,6.08,0.05,19.34,0.65,0.67,13.19,27.82,7.15,4.07,1.77,1.57,0.76,2.35,1.15,3.1,3.54,2,0.78,3.21,0.75,
India,Uttar Pradesh,"PLFS Year (Jul - Jun), 2023",Urban,Female,19.77,0,21.36,0.35,0.16,0.34,16.46,0.35,2.98,1.28,2.07,0.1,2.1,0.5,1.57,15.64,2.63,0.14,3.99,8.23,
India,Uttar Pradesh,"PLFS Year (Jul - Jun), 2023",Urban,Persons,8.42,0.04,19.68,0.6,0.59,10.99,25.88,5.99,3.88,1.69,1.65,0.65,2.31,1.04,2.84,5.61,2.11,0.67,3.35,2.03,
India,Uttar Pradesh,"PLFS Year (Jul - Jun), 2023",Rural + Urban,Male,44.39,0.16,9.16,0.26,0.34,17.65,12.69,4.42,1.87,0.6,0.63,0.2,0.66,0.77,1.19,1.81,0.68,0.25,1.98,0.28,
India,Uttar Pradesh,"PLFS Year (Jul - Jun), 2023",Rural + Urban,Female,81.83,0,6.87,0.03,0.04,0.54,3.89,0.04,0.44,0.13,0.22,0.01,0.21,0.25,0.31,3.08,0.67,0.01,0.57,0.85,
India,Uttar Pradesh,"PLFS Year (Jul - Jun), 2023",Rural + Urban,Persons,55.94,0.11,8.45,0.19,0.25,12.38,9.98,3.07,1.43,0.45,0.5,0.14,0.52,0.61,0.92,2.2,0.68,0.18,1.55,0.45,
India,Uttarakhand,"PLFS Year (Jul - Jun), 2023",Rural,Male,33.51,0.44,16.61,0.18,0.17,17.76,8.13,5.74,7.02,1.01,0.94,0,0.15,0.84,0.66,4.17,0.23,0.07,2.23,0.13,
India,Uttarakhand,"PLFS Year (Jul - Jun), 2023",Rural,Female,75.63,0,6.07,0,0,2.47,3.67,0.02,2.07,0.73,0,0,0.02,0,0,6.84,1.74,0,0.17,0.56,
India,Uttarakhand,"PLFS Year (Jul - Jun), 2023",Rural,Persons,51.45,0.25,12.12,0.11,0.1,11.25,6.23,3.3,4.91,0.89,0.54,0,0.1,0.48,0.38,5.31,0.87,0.04,1.35,0.31,
India,Uttarakhand,"PLFS Year (Jul - Jun), 2023",Urban,Male,4.61,0,16.83,0.94,1.46,11,23.65,7.11,9.57,1.47,1.23,0.78,1.94,3.36,4.35,4.85,2.05,0,4.48,0.32,
India,Uttarakhand,"PLFS Year (Jul - Jun), 2023",Urban,Female,11.53,0,15.78,0,0,2.58,15.63,0.03,3.63,1.16,0.6,0,2.08,2.32,3.72,22.54,6.57,0.26,5.7,5.88,
India,Uttarakhand,"PLFS Year (Jul - Jun), 2023",Urban,Persons,6.19,0,16.59,0.72,1.13,9.07,21.81,5.49,8.21,1.4,1.08,0.6,1.97,3.13,4.2,8.9,3.08,0.06,4.76,1.59,
India,Uttarakhand,"PLFS Year (Jul - Jun), 2023",Rural + Urban,Male,26.2,0.33,16.67,0.37,0.5,16.05,12.06,6.09,7.66,1.12,1.01,0.2,0.61,1.48,1.6,4.34,0.69,0.05,2.8,0.17,
India,Uttarakhand,"PLFS Year (Jul - Jun), 2023",Rural + Urban,Female,67.98,0,7.23,0,0,2.49,5.1,0.02,2.25,0.78,0.07,0,0.27,0.28,0.44,8.72,2.31,0.03,0.83,1.2,
India,Uttarakhand,"PLFS Year (Jul - Jun), 2023",Rural + Urban,Persons,42.33,0.2,13.02,0.23,0.3,10.81,9.37,3.74,5.57,0.99,0.65,0.12,0.47,1.02,1.15,6.03,1.32,0.04,2.04,0.57,
India,West Bengal,"PLFS Year (Jul - Jun), 2023",Rural,Male,43.4,0.28,10.19,0.24,0.19,17.95,11.67,6.36,1.61,0.12,0.78,0.18,0.25,0.93,0.9,1.71,0.61,0.11,1.82,0.7,
India,West Bengal,"PLFS Year (Jul - Jun), 2023",Rural,Female,64.72,0.1,20.51,0,0.31,0.5,3.18,0.02,1.07,0.01,0.17,0,0.04,0.03,0.54,3.71,1.21,0.02,1.12,2.73,
India,West Bengal,"PLFS Year (Jul - Jun), 2023",Rural,Persons,50.82,0.22,13.78,0.16,0.23,11.87,8.71,4.15,1.43,0.08,0.57,0.11,0.18,0.62,0.78,2.41,0.82,0.08,1.57,1.41,
India,West Bengal,"PLFS Year (Jul - Jun), 2023",Urban,Male,3.83,0.27,20.81,0.26,0.27,12.44,23.23,10.45,4.22,3.45,1.89,0.46,1.67,3.22,2.34,3.33,1.99,1.02,2.81,2.05,
India,West Bengal,"PLFS Year (Jul - Jun), 2023",Urban,Female,6.83,0.32,32.68,0.04,0.24,0.94,9.66,0.67,2.89,1.86,0.62,0.63,1,1.08,1.43,13.57,4.34,0.23,2.14,18.84,
India,West Bengal,"PLFS Year (Jul - Jun), 2023",Urban,Persons,4.71,0.29,24.28,0.19,0.26,9.08,19.27,7.59,3.83,2.98,1.51,0.51,1.48,2.59,2.07,6.32,2.68,0.79,2.61,6.96,
India,West Bengal,"PLFS Year (Jul - Jun), 2023",Rural + Urban,Male,31.87,0.28,13.28,0.24,0.21,16.34,15.04,7.55,2.37,1.09,1.1,0.26,0.67,1.59,1.32,2.19,1.01,0.38,2.11,1.09,
India,West Bengal,"PLFS Year (Jul - Jun), 2023",Rural + Urban,Female,50.76,0.15,23.45,0.01,0.3,0.61,4.74,0.18,1.51,0.45,0.28,0.15,0.28,0.29,0.76,6.09,1.96,0.07,1.36,6.62,
India,West Bengal,"PLFS Year (Jul - Jun), 2023",Rural + Urban,Persons,38.16,0.24,16.66,0.17,0.24,11.1,11.61,5.1,2.09,0.88,0.83,0.22,0.54,1.16,1.13,3.48,1.33,0.27,1.86,2.93,
India,Andaman and Nicobar Islands,"PLFS Year (Jul - Jun), 2022",Rural,Male,37.48,0,7.86,2.05,0.88,15.66,5.13,9.27,0.65,0.14,0.61,0,0,8.16,4.17,4.75,2.12,0.24,0.82,0,
India,Andaman and Nicobar Islands,"PLFS Year (Jul - Jun), 2022",Rural,Female,42.22,0,14.62,0,0,4.17,12.6,0,6.64,0.63,0,0,0,0,1.09,10.31,2.85,0,1.98,2.89,
India,Andaman and Nicobar Islands,"PLFS Year (Jul - Jun), 2022",Rural,Persons,39.08,0,10.15,1.36,0.58,11.77,7.66,6.13,2.68,0.31,0.41,0,0,5.4,3.12,6.63,2.37,0.16,1.21,0.98,
India,Andaman and Nicobar Islands,"PLFS Year (Jul - Jun), 2022",Urban,Male,0.23,0.41,9.13,1.04,0.89,17.83,16.49,14.9,8.73,1.2,2.61,0.19,0.97,4.89,12.35,2.44,0.58,0.62,4.02,0.49,
India,Andaman and Nicobar Islands,"PLFS Year (Jul - Jun), 2022",Urban,Female,1.58,0,11.61,0.41,0,0,18.31,2.73,6.45,1.39,0.71,0,1.53,3.26,10.63,14.08,8.16,0,1.44,17.71,
India,Andaman and Nicobar Islands,"PLFS Year (Jul - Jun), 2022",Urban,Persons,0.63,0.29,9.86,0.85,0.63,12.55,17.03,11.29,8.06,1.25,2.05,0.14,1.13,4.41,11.84,5.89,2.83,0.43,3.25,5.59,
India,Andaman and Nicobar Islands,"PLFS Year (Jul - Jun), 2022",Rural + Urban,Male,21.99,0.17,8.39,1.63,0.89,16.56,9.86,11.61,4.01,0.58,1.44,0.08,0.4,6.8,7.57,3.79,1.48,0.4,2.15,0.2,
India,Andaman and Nicobar Islands,"PLFS Year (Jul - Jun), 2022",Rural + Urban,Female,27.21,0,13.51,0.15,0,2.63,14.71,1.01,6.57,0.91,0.26,0,0.56,1.2,4.61,11.7,4.81,0,1.78,8.36,
India,Andaman and Nicobar Islands,"PLFS Year (Jul - Jun), 2022",Rural + Urban,Persons,23.67,0.11,10.03,1.16,0.6,12.08,11.41,8.2,4.83,0.69,1.06,0.05,0.45,5,6.62,6.34,2.55,0.27,2.03,2.83,
India,Andhra Pradesh,"PLFS Year (Jul - Jun), 2022",Rural,Male,48.38,0.31,8.39,0.44,0.06,14.86,6.43,8.79,1.8,1.51,0.81,0.01,0.65,0.57,2.87,1.1,0.64,0.07,2,0.3,
India,Andhra Pradesh,"PLFS Year (Jul - Jun), 2022",Rural,Female,69.48,0,8.77,0,0.04,5.99,4.59,0,1.77,0.93,0.07,0.07,0.04,0.3,2.92,2.05,1.31,0,0.92,0.76,
India,Andhra Pradesh,"PLFS Year (Jul - Jun), 2022",Rural,Persons,57.01,0.18,8.54,0.26,0.05,11.23,5.68,5.2,1.79,1.28,0.5,0.04,0.4,0.46,2.89,1.49,0.91,0.04,1.55,0.49,
India,Andhra Pradesh,"PLFS Year (Jul - Jun), 2022",Urban,Male,5.45,0.43,15.14,0.36,0.33,13.84,22.54,10.64,3.8,4.05,2.91,1.27,1.47,1.04,3.84,4.9,1.55,0.56,5.22,0.67,
India,Andhra Pradesh,"PLFS Year (Jul - Jun), 2022",Urban,Female,12.28,0,18.84,0,0.25,3.92,18.33,0.49,8.16,3.22,0.69,0.18,0.83,0.21,5.28,11.16,4.76,0.53,6,4.87,
India,Andhra Pradesh,"PLFS Year (Jul - Jun), 2022",Urban,Persons,7.6,0.29,16.3,0.25,0.31,10.72,21.21,7.45,5.17,3.79,2.21,0.93,1.27,0.78,4.29,6.87,2.56,0.55,5.47,1.99,
India,Andhra Pradesh,"PLFS Year (Jul - Jun), 2022",Rural + Urban,Male,36.28,0.34,10.29,0.42,0.14,14.58,10.98,9.31,2.37,2.23,1.4,0.37,0.88,0.7,3.14,2.17,0.89,0.21,2.91,0.41,
India,Andhra Pradesh,"PLFS Year (Jul - Jun), 2022",Rural + Urban,Female,57.66,0,10.85,0,0.09,5.56,7.43,0.1,3.09,1.41,0.2,0.1,0.2,0.28,3.41,3.93,2.02,0.11,1.97,1.61,
India,Andhra Pradesh,"PLFS Year (Jul - Jun), 2022",Rural + Urban,Persons,44.51,0.21,10.51,0.26,0.12,11.1,9.61,5.77,2.65,1.91,0.94,0.26,0.62,0.54,3.25,2.85,1.33,0.17,2.54,0.87,
India,Arunachal Pradesh,"PLFS Year (Jul - Jun), 2022",Rural,Male,60.38,0.08,0.55,1.16,0.67,8.96,7.68,2.98,0.26,0.22,0.03,0,0,0.02,8.73,7.27,1.01,0,0,0,
India,Arunachal Pradesh,"PLFS Year (Jul - Jun), 2022",Rural,Female,78.4,0,4.15,0.26,0.03,0.2,8.13,0.06,0.1,0,0.03,0,0.22,0,1.34,3.18,3.88,0,0.02,0,
India,Arunachal Pradesh,"PLFS Year (Jul - Jun), 2022",Rural,Persons,68.18,0.05,2.11,0.77,0.39,5.17,7.87,1.71,0.19,0.12,0.03,0,0.1,0.01,5.53,5.5,2.25,0,0.01,0,
India,Arunachal Pradesh,"PLFS Year (Jul - Jun), 2022",Urban,Male,11.21,0.48,3.31,3.56,1.45,11.66,24.5,7.6,2.34,0.31,0.66,0.48,0.86,0.34,19.85,6.88,2.93,0,1.46,0.12,
India,Arunachal Pradesh,"PLFS Year (Jul - Jun), 2022",Urban,Female,30.64,0,1.46,0.87,0.66,1.54,34.56,0.21,2.35,0,0.18,0.11,0,0.21,10.35,11.41,3.79,0,0.41,1.24,
India,Arunachal Pradesh,"PLFS Year (Jul - Jun), 2022",Urban,Persons,17.29,0.33,2.73,2.72,1.2,8.49,27.65,5.29,2.34,0.21,0.51,0.36,0.59,0.3,16.87,8.3,3.2,0,1.13,0.47,
India,Arunachal Pradesh,"PLFS Year (Jul - Jun), 2022",Rural + Urban,Male,53.44,0.14,0.94,1.5,0.78,9.34,10.05,3.63,0.55,0.23,0.12,0.07,0.12,0.07,10.3,7.21,1.28,0,0.21,0.02,
India,Arunachal Pradesh,"PLFS Year (Jul - Jun), 2022",Rural + Urban,Female,74.14,0,3.91,0.32,0.09,0.32,10.49,0.07,0.3,0,0.04,0.01,0.2,0.02,2.15,3.91,3.87,0,0.05,0.11,
India,Arunachal Pradesh,"PLFS Year (Jul - Jun), 2022",Rural + Urban,Persons,62.1,0.08,2.18,1.01,0.49,5.57,10.24,2.14,0.45,0.13,0.09,0.04,0.16,0.05,6.89,5.83,2.37,0,0.14,0.06,
India,Assam,"PLFS Year (Jul - Jun), 2022",Rural,Male,46.22,0.11,3.06,0.07,0.01,34.46,7.26,3.08,0.72,0.06,0.14,0.06,0.12,0.69,1.46,1.58,0.21,0.03,0.59,0.07,
India,Assam,"PLFS Year (Jul - Jun), 2022",Rural,Female,72.53,0,10.66,0,0.42,0.08,2.34,0,0.95,0,0.05,0.17,0,0.12,0.54,9.1,1.3,0.02,0.91,0.82,
India,Assam,"PLFS Year (Jul - Jun), 2022",Rural,Persons,50.82,0.09,4.39,0.06,0.08,28.45,6.4,2.54,0.76,0.05,0.12,0.08,0.1,0.59,1.3,2.89,0.4,0.03,0.65,0.2,
India,Assam,"PLFS Year (Jul - Jun), 2022",Urban,Male,2.19,0.25,9.13,1.59,1.1,14.51,34.12,8.42,4.27,2.63,2.88,0.67,1.6,3.91,3.96,5.51,0.93,0.44,1.47,0.42,
India,Assam,"PLFS Year (Jul - Jun), 2022",Urban,Female,11.45,0,17.95,0.27,0,1.16,14.63,0.57,3.86,1.34,0.5,1.2,1.25,1.18,2.05,20.25,4.93,0.14,9.28,8,
India,Assam,"PLFS Year (Jul - Jun), 2022",Urban,Persons,4.58,0.19,11.41,1.25,0.82,11.07,29.09,6.39,4.17,2.3,2.26,0.8,1.51,3.2,3.47,9.32,1.96,0.36,3.48,2.38,
India,Assam,"PLFS Year (Jul - Jun), 2022",Rural + Urban,Male,44.5,0.11,3.3,0.13,0.05,33.68,8.31,3.29,0.86,0.16,0.24,0.09,0.18,0.82,1.56,1.73,0.24,0.05,0.62,0.08,
India,Assam,"PLFS Year (Jul - Jun), 2022",Rural + Urban,Female,68.7,0,11.11,0.02,0.39,0.15,3.11,0.04,1.13,0.08,0.08,0.24,0.08,0.18,0.63,9.8,1.53,0.03,1.44,1.27,
India,Assam,"PLFS Year (Jul - Jun), 2022",Rural + Urban,Persons,48.82,0.09,4.69,0.11,0.11,27.7,7.38,2.71,0.91,0.15,0.21,0.11,0.16,0.71,1.39,3.17,0.47,0.05,0.77,0.29,
India,Bihar,"PLFS Year (Jul - Jun), 2022",Rural,Male,43.96,0.25,5.31,0.03,0.09,24.1,11.84,4.7,1.75,0.18,0.29,0.01,0.01,0.5,0.21,2.91,0.39,0.31,2.63,0.53,
India,Bihar,"PLFS Year (Jul - Jun), 2022",Rural,Female,80.65,0,5.4,0,0,1.57,6.05,0,0.47,0,0.11,0,0.1,0.48,0.01,3.53,1.03,0,0.41,0.18,
India,Bihar,"PLFS Year (Jul - Jun), 2022",Rural,Persons,52.68,0.19,5.33,0.03,0.07,18.75,10.46,3.58,1.45,0.14,0.25,0.01,0.03,0.49,0.16,3.06,0.54,0.24,2.1,0.44,
India,Bihar,"PLFS Year (Jul - Jun), 2022",Urban,Male,8.66,0.03,9.8,0,0.88,15.91,31.41,8.94,3.23,1.16,2.86,0.36,1.91,2.16,1.3,5.18,1.09,0.41,4.33,0.37,
India,Bihar,"PLFS Year (Jul - Jun), 2022",Urban,Female,20.41,0,15.01,0,1.34,0.71,17.44,0.04,3.94,0,0.29,0,1.48,0.3,1.76,14.82,7.3,0,6.87,8.28,
India,Bihar,"PLFS Year (Jul - Jun), 2022",Urban,Persons,10.3,0.03,10.53,0,0.94,13.79,29.46,7.7,3.33,1,2.5,0.31,1.85,1.9,1.37,6.53,1.96,0.35,4.69,1.48,
India,Bihar,"PLFS Year (Jul - Jun), 2022",Rural + Urban,Male,41.1,0.23,5.67,0.03,0.15,23.44,13.42,5.04,1.87,0.26,0.5,0.04,0.16,0.63,0.3,3.1,0.45,0.32,2.77,0.51,
India,Bihar,"PLFS Year (Jul - Jun), 2022",Rural + Urban,Female,78.01,0,5.82,0,0.06,1.53,6.55,0,0.62,0,0.12,0,0.16,0.47,0.08,4.03,1.3,0,0.7,0.54,
India,Bihar,"PLFS Year (Jul - Jun), 2022",Rural + Urban,Persons,49.61,0.18,5.71,0.02,0.13,18.39,11.84,3.88,1.58,0.2,0.41,0.03,0.16,0.6,0.25,3.31,0.65,0.25,2.29,0.52,
India,Chandigarh,"PLFS Year (Jul - Jun), 2022",Rural,Male,3.84,0,22.22,0,0,24.95,33.13,2.55,2.07,0,0.49,1.48,3.51,0,2.1,0.28,0,0,0.26,3.11,
India,Chandigarh,"PLFS Year (Jul - Jun), 2022",Rural,Female,0,0,21.77,0,0,0,11.34,10.18,0.29,11.99,0,0,0,11.85,0,0.28,7.04,0,17.33,7.94,
India,Chandigarh,"PLFS Year (Jul - Jun), 2022",Rural,Persons,2.96,0,22.12,0,0,19.22,28.13,4.3,1.66,2.75,0.38,1.14,2.71,2.72,1.61,0.28,1.61,0,4.18,4.22,
India,Chandigarh,"PLFS Year (Jul - Jun), 2022",Urban,Male,0,0,8.23,0,0,5.87,14.69,5.45,3.93,5.84,6.23,1.73,5.28,0,22.37,4.63,6.89,0,2.98,5.89,
India,Chandigarh,"PLFS Year (Jul - Jun), 2022",Urban,Female,0,0,14.48,0,0.36,1.11,9.83,0.05,3.26,3.72,3.29,0,2.35,1.48,10.21,12.64,15.97,0,5.23,16.02,
India,Chandigarh,"PLFS Year (Jul - Jun), 2022",Urban,Persons,0,0,9.61,0,0.08,4.82,13.61,4.25,3.78,5.37,5.58,1.34,4.63,0.33,19.68,6.41,8.9,0,3.47,8.13,
India,Chandigarh,"PLFS Year (Jul - Jun), 2022",Rural + Urban,Male,0.22,0,9.02,0,0,6.95,15.73,5.28,3.82,5.51,5.91,1.71,5.18,0,21.23,4.38,6.5,0,2.82,5.73,
India,Chandigarh,"PLFS Year (Jul - Jun), 2022",Rural + Urban,Female,0,0,14.91,0,0.34,1.05,9.92,0.65,3.09,4.21,3.1,0,2.21,2.09,9.61,11.91,15.45,0,5.94,15.55,
India,Chandigarh,"PLFS Year (Jul - Jun), 2022",Rural + Urban,Persons,0.17,0,10.33,0,0.08,5.64,14.44,4.25,3.66,5.22,5.29,1.33,4.52,0.46,18.65,6.06,8.49,0,3.51,7.91,
India,Chhattisgarh,"PLFS Year (Jul - Jun), 2022",Rural,Male,64.74,0.51,7.71,0.88,0.09,12.36,5.83,2,0.38,0.17,0.13,0.05,0.32,0.66,0.51,2.38,0.3,0.04,0.73,0.21,
India,Chhattisgarh,"PLFS Year (Jul - Jun), 2022",Rural,Female,81.34,0.15,5.01,0,0.01,5.87,2.14,0.04,0.04,0.13,0.12,0,0,0.12,0.14,1.55,2.87,0,0.13,0.35,
India,Chhattisgarh,"PLFS Year (Jul - Jun), 2022",Rural,Persons,71.87,0.35,6.55,0.5,0.05,9.57,4.24,1.16,0.23,0.15,0.12,0.03,0.18,0.43,0.35,2.03,1.4,0.02,0.47,0.27,
India,Chhattisgarh,"PLFS Year (Jul - Jun), 2022",Urban,Male,6.14,3.41,14.7,1.73,0.49,12.32,26.54,8.61,5.26,0.28,2.21,0.64,2.18,1.9,4.41,3.88,1.95,0.56,2.11,0.67,
India,Chhattisgarh,"PLFS Year (Jul - Jun), 2022",Urban,Female,15.77,0.05,10.87,0.51,0.03,5.35,13.63,0.55,5.71,0.47,2.33,0.08,0.32,1.12,3.2,14.89,4.69,1.1,6.19,13.18,
India,Chhattisgarh,"PLFS Year (Jul - Jun), 2022",Urban,Persons,9.06,2.39,13.53,1.35,0.35,10.2,22.62,6.16,5.39,0.33,2.25,0.47,1.62,1.67,4.04,7.22,2.78,0.73,3.35,4.47,
India,Chhattisgarh,"PLFS Year (Jul - Jun), 2022",Rural + Urban,Male,54.52,1.01,8.93,1.03,0.16,12.35,9.44,3.15,1.23,0.19,0.49,0.15,0.65,0.88,1.19,2.64,0.59,0.13,0.97,0.29,
India,Chhattisgarh,"PLFS Year (Jul - Jun), 2022",Rural + Urban,Female,74.19,0.14,5.64,0.06,0.01,5.81,3.39,0.1,0.65,0.17,0.36,0.01,0.03,0.23,0.47,3.01,3.06,0.12,0.79,1.75,
India,Chhattisgarh,"PLFS Year (Jul - Jun), 2022",Rural + Urban,Persons,62.61,0.65,7.58,0.63,0.1,9.67,6.95,1.9,0.99,0.18,0.44,0.09,0.39,0.61,0.9,2.79,1.61,0.13,0.9,0.89,
India,Delhi,"PLFS Year (Jul - Jun), 2022",Rural,Male,9.41,0,9.57,0,6.81,17.23,20.42,5.87,4.45,2.51,15.4,0,0,0,2.06,0,0.17,0.12,0.18,5.8,
India,Delhi,"PLFS Year (Jul - Jun), 2022",Rural,Female,0,0,3.17,0,0,0,0,0,0,0,0,0,0,0,0,0.64,0,0,0,96.19,
India,Delhi,"PLFS Year (Jul - Jun), 2022",Rural,Persons,8.91,0,9.23,0,6.45,16.32,19.34,5.56,4.21,2.38,14.58,0,0,0,1.95,0.03,0.16,0.11,0.17,10.6,
India,Delhi,"PLFS Year (Jul - Jun), 2022",Urban,Male,0.12,0,24.05,0.49,0.65,9.18,23.94,10.68,3.57,1.62,2.48,2.58,1.64,4.59,3.28,2.88,1.6,0.24,2.49,3.93,
India,Delhi,"PLFS Year (Jul - Jun), 2022",Urban,Female,0,0,22.49,0.54,0,0.65,13.07,1.74,3.03,4.05,3.32,0,1.14,4.52,1.5,6.91,4.68,0,5.49,26.86,
India,Delhi,"PLFS Year (Jul - Jun), 2022",Urban,Persons,0.1,0,23.82,0.5,0.55,7.9,22.31,9.34,3.49,1.99,2.6,2.2,1.56,4.58,3.01,3.48,2.06,0.2,2.94,7.35,
India,Delhi,"PLFS Year (Jul - Jun), 2022",Rural + Urban,Male,0.33,0,23.72,0.48,0.79,9.36,23.85,10.56,3.59,1.64,2.78,2.52,1.6,4.49,3.25,2.81,1.57,0.24,2.44,3.97,
India,Delhi,"PLFS Year (Jul - Jun), 2022",Rural + Urban,Female,0,0,22.34,0.53,0,0.65,12.97,1.73,3.01,4.02,3.29,0,1.13,4.48,1.49,6.87,4.65,0,5.45,27.38,
India,Delhi,"PLFS Year (Jul - Jun), 2022",Rural + Urban,Persons,0.28,0,23.52,0.49,0.67,8.08,22.25,9.26,3.5,1.99,2.85,2.15,1.53,4.49,2.99,3.41,2.02,0.2,2.88,7.42,
India,Goa,"PLFS Year (Jul - Jun), 2022",Rural,Male,18.4,1.4,12.45,1.46,0.58,10.03,13.65,13.27,6.62,0.66,2.6,3.68,0,0.08,10.9,0.7,0.63,0,1.28,1.63,
India,Goa,"PLFS Year (Jul - Jun), 2022",Rural,Female,34.19,0,10.69,0,0,0,12.2,0,0,0,0.26,0,0,0.84,4.48,8.82,12.49,0,0,16.02,
India,Goa,"PLFS Year (Jul - Jun), 2022",Rural,Persons,22.66,1.02,11.98,1.06,0.42,7.32,13.26,9.69,4.83,0.48,1.97,2.69,0,0.29,9.17,2.89,3.83,0,0.93,5.51,
India,Goa,"PLFS Year (Jul - Jun), 2022",Urban,Male,4.34,0.81,22.98,0.24,1.19,12.22,17.08,8.52,12.04,2.11,1.88,1.46,1.24,3.28,3.89,1.48,1.65,1.16,0.71,1.73,
India,Goa,"PLFS Year (Jul - Jun), 2022",Urban,Female,9.21,1.17,20.87,0,1.12,0,9.6,2.96,5.51,1.24,1.58,0.75,5.54,2.42,5.18,15.75,2.68,2.87,0.83,10.71,
India,Goa,"PLFS Year (Jul - Jun), 2022",Urban,Persons,5.65,0.9,22.41,0.18,1.17,8.94,15.07,7.03,10.29,1.88,1.8,1.27,2.39,3.05,4.24,5.3,1.93,1.62,0.74,4.14,
India,Goa,"PLFS Year (Jul - Jun), 2022",Rural + Urban,Male,9.71,1.03,18.96,0.71,0.96,11.38,15.77,10.33,9.97,1.56,2.15,2.31,0.77,2.06,6.57,1.18,1.26,0.72,0.93,1.69,
India,Goa,"PLFS Year (Jul - Jun), 2022",Rural + Urban,Female,18.81,0.72,16.96,0,0.69,0,10.6,1.82,3.39,0.77,1.07,0.46,3.41,1.81,4.91,13.09,6.45,1.77,0.51,12.75,
India,Goa,"PLFS Year (Jul - Jun), 2022",Rural + Urban,Persons,12.16,0.95,18.42,0.52,0.89,8.32,14.38,8.05,8.2,1.34,1.86,1.81,1.48,1.99,6.12,4.38,2.66,1,0.82,4.67,
India,Gujarat,"PLFS Year (Jul - Jun), 2022",Rural,Male,53.58,0.1,18.14,0.47,0.2,10.77,6.56,3.63,0.88,0.25,0.68,0.1,0.72,0.59,0.62,0.64,0.48,0.27,1.27,0.05,
India,Gujarat,"PLFS Year (Jul - Jun), 2022",Rural,Female,80.49,0,7.93,0,0,4.05,2.13,0,0.29,0,0,0,0.01,0.26,0.1,2.48,1.23,0,0.5,0.54,
India,Gujarat,"PLFS Year (Jul - Jun), 2022",Rural,Persons,64,0.06,14.19,0.29,0.12,8.17,4.84,2.22,0.65,0.15,0.42,0.06,0.44,0.46,0.42,1.35,0.77,0.17,0.97,0.24,
India,Gujarat,"PLFS Year (Jul - Jun), 2022",Urban,Male,3.38,0.14,39.2,0.49,1.22,6.62,19.85,7.06,2.74,2.01,2.26,0.47,1.92,2.79,3.01,2.31,1.04,0.11,2.78,0.57,
India,Gujarat,"PLFS Year (Jul - Jun), 2022",Urban,Female,8.2,0.2,42.11,0,0.14,1.18,8.77,0.3,3.47,1.52,1.81,0.09,1.75,1.01,2.03,7.48,3.5,0.06,4.56,11.82,
India,Gujarat,"PLFS Year (Jul - Jun), 2022",Urban,Persons,4.53,0.16,39.89,0.38,0.97,5.33,17.23,5.46,2.91,1.9,2.16,0.38,1.88,2.37,2.78,3.54,1.63,0.1,3.2,3.24,
India,Gujarat,"PLFS Year (Jul - Jun), 2022",Rural + Urban,Male,32.22,0.12,27.1,0.48,0.64,9,12.21,5.09,1.67,1,1.36,0.25,1.23,1.53,1.64,1.35,0.72,0.2,1.91,0.27,
India,Gujarat,"PLFS Year (Jul - Jun), 2022",Rural + Urban,Female,61.21,0.05,17.05,0,0.04,3.29,3.9,0.08,1.13,0.41,0.48,0.02,0.47,0.46,0.61,3.82,1.83,0.01,1.58,3.55,
India,Gujarat,"PLFS Year (Jul - Jun), 2022",Rural + Urban,Persons,41.82,0.1,23.77,0.32,0.44,7.11,9.46,3.43,1.49,0.8,1.07,0.18,0.98,1.17,1.3,2.17,1.09,0.14,1.8,1.36,
India,Haryana,"PLFS Year (Jul - Jun), 2022",Rural,Male,37.16,0,12.26,0.26,0.81,16.39,10.64,8.48,1.43,0.5,0.64,0.1,1.12,1.54,3.41,2,0.89,0,2.1,0.27,
India,Haryana,"PLFS Year (Jul - Jun), 2022",Rural,Female,67.07,0,6.63,0,0,4.04,6.18,0,0.29,0.05,1.03,0,0.38,0,0.14,8.19,2.63,0,2.73,0.64,
India,Haryana,"PLFS Year (Jul - Jun), 2022",Rural,Persons,43.88,0,11,0.2,0.63,13.62,9.64,6.57,1.17,0.4,0.73,0.08,0.95,1.19,2.68,3.39,1.28,0,2.24,0.35,
India,Haryana,"PLFS Year (Jul - Jun), 2022",Urban,Male,2.98,0.12,26.27,0.23,0.79,13.21,21.53,10.43,2.08,3.7,2.16,0.5,2.52,3.99,2.18,3.16,1.32,0.31,1.27,1.24,
India,Haryana,"PLFS Year (Jul - Jun), 2022",Urban,Female,7.07,0,22.04,0,1.69,2.23,11.15,1.2,2.12,1.42,1.34,0,1.24,0,1.56,22,4.22,0,8.62,12.12,
India,Haryana,"PLFS Year (Jul - Jun), 2022",Urban,Persons,3.74,0.1,25.49,0.19,0.96,11.17,19.6,8.72,2.09,3.28,2.01,0.4,2.28,3.25,2.07,6.66,1.86,0.25,2.63,3.26,
India,Haryana,"PLFS Year (Jul - Jun), 2022",Rural + Urban,Male,24.75,0.04,17.35,0.25,0.8,15.24,14.6,9.19,1.66,1.66,1.19,0.24,1.63,2.43,2.97,2.42,1.05,0.11,1.8,0.62,
India,Haryana,"PLFS Year (Jul - Jun), 2022",Rural + Urban,Female,48.48,0,11.41,0,0.52,3.48,7.72,0.37,0.85,0.47,1.13,0,0.64,0,0.58,12.47,3.12,0,4.55,4.19,
India,Haryana,"PLFS Year (Jul - Jun), 2022",Rural + Urban,Persons,29.76,0.03,16.09,0.2,0.74,12.76,13.14,7.33,1.49,1.41,1.18,0.19,1.42,1.92,2.46,4.54,1.48,0.09,2.38,1.37,
India,Himachal Pradesh,"PLFS Year (Jul - Jun), 2022",Rural,Male,42.79,0.67,7.01,2.13,0.67,15.39,8.62,7.4,2.35,0.59,0.7,0.18,1.05,0.28,3.26,4.18,1.27,0.4,1.06,0,
India,Himachal Pradesh,"PLFS Year (Jul - Jun), 2022",Rural,Female,83.25,0,3.96,0.07,0.02,1.35,2.05,0.24,0.29,0.14,0.14,0,0.11,0.13,0.98,5.6,1.09,0,0.54,0.06,
India,Himachal Pradesh,"PLFS Year (Jul - Jun), 2022",Rural,Persons,62.2,0.35,5.54,1.14,0.36,8.66,5.46,3.97,1.36,0.38,0.43,0.09,0.6,0.21,2.17,4.86,1.18,0.21,0.81,0.03,
India,Himachal Pradesh,"PLFS Year (Jul - Jun), 2022",Urban,Male,2.37,0.24,26.86,0.49,3.06,6.66,16.31,7.78,5.62,2.54,2.45,0,3.16,2.99,8.23,6.59,1.3,0.54,2.81,0,
India,Himachal Pradesh,"PLFS Year (Jul - Jun), 2022",Urban,Female,11.76,0,24.67,1.69,0,0.99,9.62,0,3.58,0.44,1.27,2.31,1.68,1.62,9.59,20.89,2.28,0,4.43,3.18,
India,Himachal Pradesh,"PLFS Year (Jul - Jun), 2022",Urban,Persons,5.15,0.17,26.21,0.85,2.15,4.98,14.33,5.48,5.01,1.92,2.1,0.68,2.72,2.58,8.63,10.83,1.59,0.38,3.29,0.94,
India,Himachal Pradesh,"PLFS Year (Jul - Jun), 2022",Rural + Urban,Male,39.21,0.63,8.76,1.99,0.88,14.62,9.3,7.43,2.64,0.77,0.85,0.16,1.24,0.52,3.7,4.4,1.27,0.42,1.21,0,
India,Himachal Pradesh,"PLFS Year (Jul - Jun), 2022",Rural + Urban,Female,80.21,0,4.84,0.14,0.02,1.34,2.37,0.23,0.43,0.15,0.18,0.1,0.18,0.19,1.34,6.25,1.14,0,0.7,0.19,
India,Himachal Pradesh,"PLFS Year (Jul - Jun), 2022",Rural + Urban,Persons,58.37,0.34,6.93,1.12,0.48,8.41,6.06,4.07,1.61,0.48,0.54,0.13,0.74,0.37,2.6,5.26,1.21,0.22,0.97,0.09,
India,Jammu and Kashmir,"PLFS Year (Jul - Jun), 2022",Rural,Male,27.98,0.04,7.24,0.58,1.13,27.39,13.27,6.63,1.84,0.62,0.34,0,0.48,0.71,5.92,3.67,0.69,0.14,1.24,0.09,
India,Jammu and Kashmir,"PLFS Year (Jul - Jun), 2022",Rural,Female,85.37,0,8.81,0,0.13,0.13,1.04,0,0,0,0.01,0,0.01,0,0.19,3.71,0.48,0,0.08,0.05,
India,Jammu and Kashmir,"PLFS Year (Jul - Jun), 2022",Rural,Persons,51.32,0.02,7.88,0.34,0.72,16.3,8.3,3.93,1.09,0.37,0.21,0,0.29,0.42,3.59,3.68,0.6,0.08,0.77,0.08,
India,Jammu and Kashmir,"PLFS Year (Jul - Jun), 2022",Urban,Male,4.72,0.15,10.8,0.75,1.69,15.59,27.08,10.47,2.9,1.15,2.1,0.49,1.14,1.83,6.72,6.59,1.87,0.54,2.98,0.42,
India,Jammu and Kashmir,"PLFS Year (Jul - Jun), 2022",Urban,Female,29.07,0,14.52,0,0,4.42,6.19,0.12,0.23,0.93,2.11,0,1.71,2.18,4.04,16.88,6.81,0.72,6.91,3.16,
India,Jammu and Kashmir,"PLFS Year (Jul - Jun), 2022",Urban,Persons,10.14,0.12,11.63,0.58,1.31,13.1,22.43,8.16,2.31,1.1,2.11,0.38,1.27,1.91,6.13,8.88,2.97,0.58,3.85,1.03,
India,Jammu and Kashmir,"PLFS Year (Jul - Jun), 2022",Rural + Urban,Male,24.01,0.06,7.85,0.61,1.22,25.38,15.63,7.28,2.02,0.71,0.64,0.08,0.59,0.9,6.06,4.16,0.89,0.21,1.54,0.15,
India,Jammu and Kashmir,"PLFS Year (Jul - Jun), 2022",Rural + Urban,Female,80.9,0,9.26,0,0.12,0.47,1.45,0.01,0.02,0.07,0.18,0,0.14,0.17,0.49,4.75,0.98,0.06,0.62,0.3,
India,Jammu and Kashmir,"PLFS Year (Jul - Jun), 2022",Rural + Urban,Persons,45.73,0.03,8.39,0.38,0.8,15.87,10.22,4.51,1.26,0.47,0.47,0.05,0.42,0.62,3.93,4.39,0.93,0.15,1.19,0.21,
India,Jharkhand,"PLFS Year (Jul - Jun), 2022",Rural,Male,35.83,1.16,7.71,0.03,0,27.62,11.14,7.26,1.39,0.42,0.76,0,0.13,1.11,0.58,2.72,0.15,0.13,1.86,0,
India,Jharkhand,"PLFS Year (Jul - Jun), 2022",Rural,Female,83.7,0.2,8.08,0,0,2.97,2.1,0.05,0.37,0,0,0,0,0.07,0.04,1.65,0.51,0,0.07,0.2,
India,Jharkhand,"PLFS Year (Jul - Jun), 2022",Rural,Persons,55.42,0.77,7.86,0.02,0,17.53,7.44,4.31,0.97,0.25,0.45,0,0.08,0.68,0.36,2.28,0.3,0.08,1.13,0.08,
India,Jharkhand,"PLFS Year (Jul - Jun), 2022",Urban,Male,3.79,4.6,15.48,0.19,0.57,19.31,24.68,10.8,4.22,0.74,1.96,0.54,1.5,2.06,1.61,2.86,1.32,0.08,2.22,1.48,
India,Jharkhand,"PLFS Year (Jul - Jun), 2022",Urban,Female,22.16,0.49,18.69,0.4,0,5.51,8.75,0,6.06,0.74,1.89,0,0.56,0.15,2.6,11.07,3.43,0,1.07,16.43,
India,Jharkhand,"PLFS Year (Jul - Jun), 2022",Urban,Persons,7.28,3.82,16.09,0.23,0.47,16.69,21.66,8.75,4.57,0.74,1.95,0.44,1.32,1.69,1.8,4.42,1.72,0.07,2,4.31,
India,Jharkhand,"PLFS Year (Jul - Jun), 2022",Rural + Urban,Male,30.46,1.73,9.01,0.06,0.1,26.23,13.41,7.85,1.86,0.47,0.96,0.09,0.36,1.27,0.75,2.74,0.35,0.13,1.92,0.25,
India,Jharkhand,"PLFS Year (Jul - Jun), 2022",Rural + Urban,Female,79.77,0.22,8.76,0.03,0,3.13,2.53,0.05,0.73,0.05,0.12,0,0.04,0.07,0.2,2.25,0.69,0,0.14,1.23,
India,Jharkhand,"PLFS Year (Jul - Jun), 2022",Rural + Urban,Persons,49.25,1.16,8.91,0.05,0.06,17.43,9.26,4.88,1.43,0.31,0.64,0.06,0.24,0.81,0.54,2.56,0.48,0.08,1.24,0.62,
India,Karnataka,"PLFS Year (Jul - Jun), 2022",Rural,Male,58,0.74,7.49,0.29,0.12,10.98,8.54,6.33,1.59,0.89,1.21,0.22,0.26,0.54,1.15,0.44,0.16,0.08,0.94,0.05,
India,Karnataka,"PLFS Year (Jul - Jun), 2022",Rural,Female,79.5,0,7.57,0,0,1.35,3.59,0.09,0.9,0.41,0.15,0,0.21,0,0.79,2.57,1.26,0.22,0.15,1.25,
India,Karnataka,"PLFS Year (Jul - Jun), 2022",Rural,Persons,65.63,0.48,7.52,0.18,0.08,7.56,6.78,4.12,1.34,0.72,0.84,0.14,0.24,0.35,1.02,1.2,0.55,0.13,0.66,0.47,
India,Karnataka,"PLFS Year (Jul - Jun), 2022",Urban,Male,4.78,0.19,14.72,0.45,0.72,15.57,18.26,8.9,4.72,13.58,3.06,1.29,1.61,2.26,2.49,2.82,1.68,0.15,1.77,0.98,
India,Karnataka,"PLFS Year (Jul - Jun), 2022",Urban,Female,7.5,0,19.44,0.4,0.22,5.14,10.35,0.13,4.02,15.67,1.63,0.21,1.5,1.2,1.97,10.73,6.57,0.08,2.75,10.49,
India,Karnataka,"PLFS Year (Jul - Jun), 2022",Urban,Persons,5.54,0.14,16.04,0.44,0.58,12.64,16.04,6.44,4.52,14.17,2.66,0.98,1.58,1.96,2.35,5.04,3.05,0.13,2.04,3.65,
India,Karnataka,"PLFS Year (Jul - Jun), 2022",Rural + Urban,Male,38.98,0.54,10.07,0.34,0.33,12.62,12.01,7.25,2.71,5.42,1.87,0.6,0.74,1.15,1.63,1.29,0.71,0.1,1.23,0.38,
India,Karnataka,"PLFS Year (Jul - Jun), 2022",Rural + Urban,Female,59.12,0,10.93,0.11,0.06,2.42,5.51,0.1,1.78,4.73,0.57,0.06,0.57,0.34,1.12,4.88,2.76,0.18,0.89,3.86,
India,Karnataka,"PLFS Year (Jul - Jun), 2022",Rural + Urban,Persons,45.63,0.36,10.36,0.27,0.24,9.25,9.86,4.89,2.4,5.19,1.44,0.42,0.69,0.88,1.46,2.48,1.38,0.13,1.12,1.53,
India,Kerala,"PLFS Year (Jul - Jun), 2022",Rural,Male,28.44,0.48,9.4,0,0.51,21.86,14.64,9.03,3.07,1.38,2.23,0.21,1.04,1.11,1.4,1.7,0.71,1.07,1.63,0.07,
India,Kerala,"PLFS Year (Jul - Jun), 2022",Rural,Female,46.48,0,9.12,0.21,0.12,4.37,9.99,1.16,1.99,1,1.4,0.14,1.01,1.9,1.93,7.53,8.02,0.14,0.52,2.96,
India,Kerala,"PLFS Year (Jul - Jun), 2022",Rural,Persons,35.21,0.3,9.3,0.08,0.36,15.3,12.9,6.08,2.66,1.24,1.92,0.19,1.03,1.41,1.6,3.89,3.45,0.72,1.21,1.15,
India,Kerala,"PLFS Year (Jul - Jun), 2022",Urban,Male,12.12,0.49,12.36,0.26,0.45,21.91,19.48,8.99,3.73,2.57,2.78,0.77,1.86,1.04,2.5,2.23,2.1,1.33,2.64,0.4,
India,Kerala,"PLFS Year (Jul - Jun), 2022",Urban,Female,26.84,0,14.32,0.28,0.2,2.25,11.86,1.27,2.47,2.62,3.51,0,1.08,2.18,2.66,12.55,10,0.46,1.22,4.24,
India,Kerala,"PLFS Year (Jul - Jun), 2022",Urban,Persons,16.96,0.33,13,0.27,0.37,15.45,16.98,6.45,3.32,2.59,3.02,0.52,1.6,1.41,2.55,5.62,4.69,1.04,2.17,1.66,
India,Kerala,"PLFS Year (Jul - Jun), 2022",Rural + Urban,Male,21.05,0.49,10.74,0.12,0.48,21.89,16.83,9.01,3.37,1.92,2.48,0.46,1.41,1.08,1.9,1.94,1.34,1.19,2.09,0.22,
India,Kerala,"PLFS Year (Jul - Jun), 2022",Rural + Urban,Female,38.58,0,11.21,0.24,0.15,3.52,10.75,1.2,2.18,1.65,2.25,0.08,1.04,2.01,2.22,9.55,8.81,0.27,0.8,3.48,
India,Kerala,"PLFS Year (Jul - Jun), 2022",Rural + Urban,Persons,27.27,0.31,10.91,0.16,0.36,15.37,14.67,6.24,2.95,1.83,2.4,0.33,1.28,1.41,2.01,4.64,3.99,0.86,1.63,1.37,
India,Ladakh,"PLFS Year (Jul - Jun), 2022",Rural,Male,20.4,0,1.61,2.3,0.5,27.91,2.33,26.23,5.45,0,0,0,0,0,11.26,2,0,0,0,0,
India,Ladakh,"PLFS Year (Jul - Jun), 2022",Rural,Female,84.32,0,1.67,0,0,0,0,0,3.44,0,3.53,0,0,0,5.09,1.54,0.41,0,0,0,
India,Ladakh,"PLFS Year (Jul - Jun), 2022",Rural,Persons,51.12,0,1.64,1.19,0.26,14.5,1.21,13.63,4.48,0,1.7,0,0,0,8.3,1.78,0.2,0,0,0,
India,Ladakh,"PLFS Year (Jul - Jun), 2022",Urban,Male,2.4,1.73,4.5,0,1.72,13.87,25.99,12.46,9.83,0,3.25,0,2.77,1.18,8.98,7.65,1.29,2.4,0,0,
India,Ladakh,"PLFS Year (Jul - Jun), 2022",Urban,Female,35.76,0,3.97,3.32,2.9,1.54,10.97,0,0.3,0,0,0,0,0,8.92,19.69,10.18,2.45,0,0,
India,Ladakh,"PLFS Year (Jul - Jun), 2022",Urban,Persons,13.34,1.16,4.32,1.09,2.11,9.82,21.06,8.37,6.7,0,2.19,0,1.86,0.79,8.96,11.6,4.21,2.41,0,0,
India,Ladakh,"PLFS Year (Jul - Jun), 2022",Rural + Urban,Male,18.53,0.18,1.91,2.06,0.63,26.45,4.8,24.8,5.91,0,0.34,0,0.29,0.12,11.02,2.58,0.13,0.25,0,0,
India,Ladakh,"PLFS Year (Jul - Jun), 2022",Rural + Urban,Female,81.51,0,1.8,0.19,0.17,0.09,0.63,0,3.25,0,3.33,0,0,0,5.32,2.59,0.97,0.14,0,0,
India,Ladakh,"PLFS Year (Jul - Jun), 2022",Rural + Urban,Persons,48,0.1,1.86,1.19,0.41,14.11,2.85,13.19,4.67,0,1.74,0,0.15,0.07,8.35,2.59,0.53,0.2,0,0,
India,Lakshadweep,"PLFS Year (Jul - Jun), 2022",Rural,Male,24.93,0,6.27,7.01,0,18.76,9.53,12.22,2.03,1.06,0,0,0,0,1.06,15.08,1.2,0,0.85,0,
India,Lakshadweep,"PLFS Year (Jul - Jun), 2022",Rural,Female,0,0,16.62,0,0,10.95,37.36,0,1.13,0,0,0,0,0,9.92,10.8,13.22,0,0,0,
India,Lakshadweep,"PLFS Year (Jul - Jun), 2022",Rural,Persons,21.88,0,7.53,6.15,0,17.81,12.93,10.72,1.92,0.93,0,0,0,0,2.15,14.56,2.67,0,0.75,0,
India,Lakshadweep,"PLFS Year (Jul - Jun), 2022",Urban,Male,23.11,0,1.79,1.91,0.7,22.36,12.8,7.45,3.61,2.13,0,0,2.44,0.68,16.21,2.28,1.95,0,0.58,0,
India,Lakshadweep,"PLFS Year (Jul - Jun), 2022",Urban,Female,4.12,0,37.9,0,0,0,6.16,0,2.9,0,0,0,0,0,18.1,22.47,8.35,0,0,0,
India,Lakshadweep,"PLFS Year (Jul - Jun), 2022",Urban,Persons,17.91,0,11.69,1.39,0.51,16.23,10.98,5.41,3.42,1.55,0,0,1.77,0.49,16.73,7.81,3.71,0,0.42,0,
India,Lakshadweep,"PLFS Year (Jul - Jun), 2022",Rural + Urban,Male,23.64,0,3.08,3.39,0.5,21.32,11.85,8.83,3.15,1.82,0,0,1.73,0.48,11.82,5.99,1.73,0,0.66,0,
India,Lakshadweep,"PLFS Year (Jul - Jun), 2022",Rural + Urban,Female,3.58,0,35.12,0,0,1.43,10.24,0,2.67,0,0,0,0,0,17.03,20.94,8.99,0,0,0,
India,Lakshadweep,"PLFS Year (Jul - Jun), 2022",Rural + Urban,Persons,18.91,0,10.64,2.59,0.38,16.63,11.47,6.75,3.04,1.39,0,0,1.32,0.37,13.05,9.51,3.44,0,0.5,0,
India,Madhya Pradesh,"PLFS Year (Jul - Jun), 2022",Rural,Male,63.42,0.74,4.02,0.23,0.23,14.44,7.8,2.96,0.53,0.22,0.44,0,0.13,0.42,0.68,1.64,0.34,0.11,0.85,0.8,
India,Madhya Pradesh,"PLFS Year (Jul - Jun), 2022",Rural,Female,85.79,0.04,4.12,0,0.03,4.33,2.53,0,0.25,0.01,0.02,0,0,0,0.15,0.89,0.97,0.16,0.16,0.57,
India,Madhya Pradesh,"PLFS Year (Jul - Jun), 2022",Rural,Persons,71.56,0.49,4.06,0.15,0.16,10.76,5.88,1.88,0.43,0.14,0.29,0,0.09,0.27,0.49,1.37,0.57,0.13,0.6,0.71,
India,Madhya Pradesh,"PLFS Year (Jul - Jun), 2022",Urban,Male,8.67,1.8,12.95,0.68,0.1,15,25.18,8.41,4.73,1.92,1.63,0.53,1.7,1.27,5.7,3.46,1.4,0.51,3.25,1.12,
India,Madhya Pradesh,"PLFS Year (Jul - Jun), 2022",Urban,Female,19.52,0.14,24.62,0,0.09,2.51,12.56,0.46,2.51,2.64,1.27,0,0.56,1.06,1.8,13.17,4.48,0.31,4,8.3,
India,Madhya Pradesh,"PLFS Year (Jul - Jun), 2022",Urban,Persons,10.96,1.45,15.42,0.54,0.1,12.36,22.51,6.73,4.26,2.07,1.55,0.42,1.46,1.22,4.87,5.51,2.05,0.46,3.41,2.64,
India,Madhya Pradesh,"PLFS Year (Jul - Jun), 2022",Rural + Urban,Male,50.8,0.98,6.08,0.33,0.2,14.57,11.8,4.21,1.5,0.61,0.72,0.12,0.49,0.61,1.84,2.06,0.58,0.2,1.4,0.87,
India,Madhya Pradesh,"PLFS Year (Jul - Jun), 2022",Rural + Urban,Female,77.63,0.05,6.64,0,0.03,4.11,3.77,0.06,0.53,0.33,0.17,0,0.07,0.13,0.35,2.4,1.4,0.18,0.63,1.52,
India,Madhya Pradesh,"PLFS Year (Jul - Jun), 2022",Rural + Urban,Persons,59.78,0.67,6.27,0.22,0.14,11.07,9.12,2.82,1.17,0.52,0.53,0.08,0.35,0.45,1.34,2.18,0.86,0.19,1.15,1.09,
India,Maharashtra,"PLFS Year (Jul - Jun), 2022",Rural,Male,61.68,0.19,9.56,0.52,0.46,8.74,6.32,4.58,1.27,0.39,0.61,0.17,0.36,0.78,0.84,1.47,0.5,0.29,1.06,0.23,
India,Maharashtra,"PLFS Year (Jul - Jun), 2022",Rural,Female,84.35,0.14,4.82,0.08,0.01,0.94,2.56,0.04,0.31,0,0.18,0,0.07,0.07,1.02,3.2,1.12,0.01,0.57,0.52,
India,Maharashtra,"PLFS Year (Jul - Jun), 2022",Rural,Persons,70.47,0.17,7.72,0.35,0.28,5.71,4.86,2.82,0.9,0.24,0.44,0.1,0.25,0.51,0.91,2.14,0.74,0.18,0.87,0.34,
India,Maharashtra,"PLFS Year (Jul - Jun), 2022",Urban,Male,3.22,0.58,20.54,0.59,0.56,9.36,18.98,9.17,4.81,6.63,4.4,0.91,2.63,4.23,2.77,2.48,2.53,0.9,2.7,2.03,
India,Maharashtra,"PLFS Year (Jul - Jun), 2022",Urban,Female,5.8,0.02,20.36,0.18,0.18,1.76,10.48,1.74,1.96,7.57,5.2,0.38,3,2.8,1.73,10.19,7.59,0.3,4.53,14.24,
India,Maharashtra,"PLFS Year (Jul - Jun), 2022",Urban,Persons,3.87,0.43,20.49,0.49,0.46,7.44,16.84,7.3,4.09,6.87,4.6,0.78,2.72,3.87,2.51,4.42,3.8,0.75,3.16,5.1,
India,Maharashtra,"PLFS Year (Jul - Jun), 2022",Rural + Urban,Male,37.39,0.35,14.12,0.55,0.5,9,11.58,6.49,2.74,2.98,2.18,0.48,1.3,2.21,1.64,1.89,1.34,0.54,1.74,0.98,
India,Maharashtra,"PLFS Year (Jul - Jun), 2022",Rural + Urban,Female,62.81,0.11,9.08,0.11,0.06,1.17,4.73,0.5,0.76,2.07,1.55,0.1,0.87,0.82,1.21,5.12,2.9,0.09,1.65,4.28,
India,Maharashtra,"PLFS Year (Jul - Jun), 2022",Rural + Urban,Persons,45.98,0.27,12.42,0.4,0.35,6.35,9.27,4.46,2.07,2.68,1.97,0.35,1.16,1.74,1.5,2.98,1.87,0.39,1.71,2.09,
India,Manipur,"PLFS Year (Jul - Jun), 2022",Rural,Male,43.51,0.45,5.76,0,0.82,13.5,5.11,8.18,0.63,0.17,1.34,0,0.23,4.02,8.19,6.81,0.44,0.1,0.67,0.08,
India,Manipur,"PLFS Year (Jul - Jun), 2022",Rural,Female,43.54,0.23,32.27,0,0,0.37,9.41,0,0.83,0,0,0,0,2.39,0.66,7.99,2.11,0,0.19,0.02,
India,Manipur,"PLFS Year (Jul - Jun), 2022",Rural,Persons,43.52,0.39,13.43,0,0.58,9.7,6.36,5.81,0.68,0.12,0.95,0,0.16,3.55,6.01,7.15,0.92,0.07,0.53,0.06,
India,Manipur,"PLFS Year (Jul - Jun), 2022",Urban,Male,16.68,0,8.02,0,0.43,20.72,17.93,6.4,2.85,0.43,1.83,0,1.58,7.04,7.85,5.37,1.02,0.05,1.04,0.76,
India,Manipur,"PLFS Year (Jul - Jun), 2022",Urban,Female,13.34,0,37.13,0,0,0.21,20.63,0.08,2.14,0,0.55,0,1.11,3.01,1.08,12.02,7.49,0.08,0.68,0.45,
India,Manipur,"PLFS Year (Jul - Jun), 2022",Urban,Persons,15.53,0,18.04,0,0.28,13.66,18.86,4.23,2.6,0.28,1.39,0,1.42,5.65,5.52,7.66,3.25,0.06,0.92,0.65,
India,Manipur,"PLFS Year (Jul - Jun), 2022",Rural + Urban,Male,36.41,0.33,6.36,0,0.72,15.41,8.51,7.71,1.22,0.24,1.47,0,0.59,4.82,8.1,6.43,0.59,0.09,0.77,0.26,
India,Manipur,"PLFS Year (Jul - Jun), 2022",Rural + Urban,Female,33.98,0.16,33.81,0,0,0.32,12.96,0.03,1.24,0,0.17,0,0.35,2.59,0.79,9.26,3.81,0.03,0.35,0.15,
India,Manipur,"PLFS Year (Jul - Jun), 2022",Rural + Urban,Persons,35.67,0.28,14.72,0,0.5,10.81,9.86,5.37,1.22,0.17,1.08,0,0.51,4.14,5.87,7.29,1.57,0.07,0.64,0.23,
India,Meghalaya,"PLFS Year (Jul - Jun), 2022",Rural,Male,48.83,2.24,2.61,0,0.68,20.08,8.3,7.09,2.22,0.18,0.32,0,0.01,0.93,2.08,2.9,0.15,0.09,1.14,0.15,
India,Meghalaya,"PLFS Year (Jul - Jun), 2022",Rural,Female,59.69,0.84,2.08,0,0,15.13,5.66,0,4.94,0.07,0.18,0,0.01,0.39,0.5,5.18,3.38,0,1.18,0.76,
India,Meghalaya,"PLFS Year (Jul - Jun), 2022",Rural,Persons,53.66,1.62,2.38,0,0.38,17.88,7.12,3.94,3.43,0.13,0.26,0,0.01,0.69,1.38,3.91,1.59,0.05,1.16,0.42,
India,Meghalaya,"PLFS Year (Jul - Jun), 2022",Urban,Male,2.46,1.25,4.56,0.5,0,16.68,17.72,8.99,3.41,4.08,2.01,0,1.51,4.66,15.7,5.64,3.91,4,1.71,1.2,
India,Meghalaya,"PLFS Year (Jul - Jun), 2022",Urban,Female,4.55,0,3.99,0.69,0,1.48,17.69,0.48,3.25,0.62,2.67,0.51,0.8,5.18,11.01,19.95,10.65,0.53,5.33,10.62,
India,Meghalaya,"PLFS Year (Jul - Jun), 2022",Urban,Persons,3.26,0.77,4.34,0.58,0,10.83,17.71,5.71,3.35,2.75,2.26,0.2,1.23,4.86,13.89,11.15,6.51,2.66,3.11,4.83,
India,Meghalaya,"PLFS Year (Jul - Jun), 2022",Rural + Urban,Male,42.17,2.1,2.89,0.07,0.58,19.59,9.65,7.36,2.39,0.74,0.56,0,0.23,1.47,4.04,3.29,0.69,0.65,1.22,0.3,
India,Meghalaya,"PLFS Year (Jul - Jun), 2022",Rural + Urban,Female,53.28,0.74,2.31,0.08,0,13.55,7.05,0.06,4.75,0.13,0.47,0.06,0.1,0.95,1.72,6.89,4.23,0.06,1.66,1.9,
India,Meghalaya,"PLFS Year (Jul - Jun), 2022",Rural + Urban,Persons,47.02,1.51,2.63,0.08,0.33,16.95,8.52,4.17,3.42,0.47,0.52,0.03,0.17,1.24,3.03,4.87,2.24,0.39,1.42,1,
India,Mizoram,"PLFS Year (Jul - Jun), 2022",Rural,Male,55.21,0.16,3.29,0,0.19,6.92,4.44,7.46,0.49,0,0.35,0,0.03,4.34,4.95,10.86,0.81,0,0.49,0,
India,Mizoram,"PLFS Year (Jul - Jun), 2022",Rural,Female,69.97,0,6.87,0,0,0.06,13.72,0,0.84,0,0,0,0,2.27,0.13,4.11,1.75,0,0.28,0,
India,Mizoram,"PLFS Year (Jul - Jun), 2022",Rural,Persons,60.9,0.1,4.67,0,0.12,4.27,8.02,4.58,0.63,0,0.21,0,0.02,3.54,3.09,8.26,1.17,0,0.41,0,
India,Mizoram,"PLFS Year (Jul - Jun), 2022",Urban,Male,14.16,0.83,5.66,0.26,0.39,10.48,16.23,12.89,2.01,0.46,1.11,0,1.93,7.89,15.84,7.21,0.66,0.29,1.62,0.08,
India,Mizoram,"PLFS Year (Jul - Jun), 2022",Urban,Female,29.75,0,7.55,0,0,0.33,34.44,0,3.06,0.46,0.67,0,0.8,9.79,1.69,7.47,3.36,0,0.48,0.16,
India,Mizoram,"PLFS Year (Jul - Jun), 2022",Urban,Persons,20.21,0.51,6.39,0.16,0.24,6.54,23.3,7.88,2.42,0.46,0.94,0,1.49,8.62,10.35,7.31,1.71,0.18,1.18,0.11,
India,Mizoram,"PLFS Year (Jul - Jun), 2022",Rural + Urban,Male,37.27,0.45,4.33,0.11,0.28,8.47,9.6,9.83,1.16,0.2,0.68,0,0.86,5.89,9.71,9.27,0.74,0.13,0.99,0.03,
India,Mizoram,"PLFS Year (Jul - Jun), 2022",Rural + Urban,Female,52.29,0,7.17,0,0,0.18,22.83,0,1.81,0.2,0.29,0,0.35,5.58,0.81,5.59,2.46,0,0.37,0.07,
India,Mizoram,"PLFS Year (Jul - Jun), 2022",Rural + Urban,Persons,43.08,0.27,5.43,0.07,0.17,5.26,14.71,6.03,1.41,0.2,0.53,0,0.66,5.77,6.27,7.84,1.41,0.08,0.75,0.05,
India,Nagaland,"PLFS Year (Jul - Jun), 2022",Rural,Male,49.61,0.12,5.68,0.35,0.12,9.32,3.36,6.48,0.05,0.08,0.94,0,0.07,2.67,4.06,12.63,1.35,0,3.04,0.08,
India,Nagaland,"PLFS Year (Jul - Jun), 2022",Rural,Female,75.07,0,6.69,0.03,0,0.73,5.09,0,0,0,0.51,0,0,3.76,0.13,2.79,1.06,0,4.14,0,
India,Nagaland,"PLFS Year (Jul - Jun), 2022",Rural,Persons,60.99,0.07,6.13,0.21,0.06,5.48,4.13,3.58,0.03,0.04,0.74,0,0.04,3.15,2.3,8.23,1.22,0,3.53,0.05,
India,Nagaland,"PLFS Year (Jul - Jun), 2022",Urban,Male,6.14,0.15,3.88,0.2,0.61,9.27,18.41,14.75,0.71,0.1,1.91,0,1.64,16.27,13.6,7.75,3.52,0,1.08,0,
India,Nagaland,"PLFS Year (Jul - Jun), 2022",Urban,Female,22.2,0,9.97,0,0,0.99,33.77,0.08,0.86,0,0.61,0.08,0.8,10.92,3,8.2,3.62,0,4.38,0.53,
India,Nagaland,"PLFS Year (Jul - Jun), 2022",Urban,Persons,12.48,0.09,6.28,0.12,0.37,6,24.47,8.96,0.77,0.06,1.4,0.03,1.31,14.16,9.41,7.93,3.56,0,2.38,0.21,
India,Nagaland,"PLFS Year (Jul - Jun), 2022",Rural + Urban,Male,39.03,0.13,5.24,0.31,0.24,9.31,7.02,8.49,0.21,0.09,1.17,0,0.45,5.98,6.38,11.44,1.88,0,2.57,0.06,
India,Nagaland,"PLFS Year (Jul - Jun), 2022",Rural + Urban,Female,64.17,0,7.37,0.03,0,0.78,11,0.02,0.18,0,0.53,0.02,0.17,5.23,0.72,3.9,1.59,0,4.19,0.11,
India,Nagaland,"PLFS Year (Jul - Jun), 2022",Rural + Urban,Persons,49.97,0.07,6.17,0.19,0.13,5.6,8.75,4.8,0.2,0.05,0.89,0.01,0.33,5.65,3.92,8.16,1.75,0,3.27,0.08,
India,Odisha,"PLFS Year (Jul - Jun), 2022",Rural,Male,43.06,0.22,5.6,0.39,0.17,24.31,11.44,5.39,2.37,0.32,0.59,0.01,0.21,0.86,0.66,2.2,0.17,0.08,1.78,0.17,
India,Odisha,"PLFS Year (Jul - Jun), 2022",Rural,Female,70.63,0.1,10.53,0,0,6.15,5.01,0.13,1.35,0.03,0.36,0,0.07,0.05,0.4,3.21,1.82,0,0.11,0.05,
India,Odisha,"PLFS Year (Jul - Jun), 2022",Rural,Persons,53.82,0.17,7.52,0.24,0.1,17.22,8.93,3.34,1.97,0.2,0.5,0.01,0.15,0.54,0.56,2.59,0.81,0.05,1.13,0.12,
India,Odisha,"PLFS Year (Jul - Jun), 2022",Urban,Male,5.13,2.22,9.46,1.19,0.43,18.01,20.86,10.25,8.17,2.17,3.09,0.25,0.96,4.44,3.17,4.28,1.69,0.78,2.75,0.7,
India,Odisha,"PLFS Year (Jul - Jun), 2022",Urban,Female,12.55,0,15.76,0.57,0.29,8.24,13.91,1.15,6.7,2.59,2,0,0.68,1.15,5.19,11.81,3.6,0.36,2.68,10.77,
India,Odisha,"PLFS Year (Jul - Jun), 2022",Urban,Persons,7.04,1.65,11.08,1.03,0.39,15.5,19.07,7.91,7.79,2.28,2.81,0.18,0.89,3.59,3.69,6.21,2.18,0.67,2.74,3.29,
India,Odisha,"PLFS Year (Jul - Jun), 2022",Rural + Urban,Male,37.6,0.51,6.16,0.51,0.21,23.4,12.8,6.09,3.21,0.58,0.95,0.05,0.31,1.38,1.02,2.5,0.39,0.18,1.92,0.24,
India,Odisha,"PLFS Year (Jul - Jun), 2022",Rural + Urban,Female,65.78,0.09,10.96,0.05,0.02,6.32,5.75,0.22,1.79,0.25,0.5,0,0.12,0.14,0.8,3.93,1.96,0.03,0.33,0.95,
India,Odisha,"PLFS Year (Jul - Jun), 2022",Rural + Urban,Persons,48.13,0.35,7.95,0.34,0.14,17.01,10.16,3.9,2.68,0.46,0.78,0.03,0.24,0.91,0.94,3.03,0.98,0.13,1.33,0.51,
India,Puducherry,"PLFS Year (Jul - Jun), 2022",Rural,Male,21.96,0,26.88,0,0,14.64,11.15,8.61,1.86,0.06,3.42,0,0.5,0,5.39,4.72,0,0.11,0.71,0,
India,Puducherry,"PLFS Year (Jul - Jun), 2022",Rural,Female,45.96,0,17.58,0,2.78,0.25,8.25,0,0.16,0,0.93,0,3.44,8.37,0.77,8.05,2.49,0,0,0.96,
India,Puducherry,"PLFS Year (Jul - Jun), 2022",Rural,Persons,31.9,0,23.03,0,1.15,8.68,9.95,5.05,1.15,0.03,2.39,0,1.72,3.47,3.48,6.1,1.03,0.07,0.41,0.4,
India,Puducherry,"PLFS Year (Jul - Jun), 2022",Urban,Male,4.11,0.42,13.62,0.3,0.1,11.04,18.13,9.92,4.62,8.55,2.99,1.07,0.66,0.61,8.93,4.94,3.79,0.88,4.61,0.71,
India,Puducherry,"PLFS Year (Jul - Jun), 2022",Urban,Female,3.67,0,18.05,0,0,1.38,8.32,0,2.69,3.21,1.31,0,0,0.56,4.02,21.36,17,0,5.3,13.13,
India,Puducherry,"PLFS Year (Jul - Jun), 2022",Urban,Persons,3.98,0.3,14.9,0.22,0.07,8.25,15.3,7.06,4.06,7.01,2.51,0.76,0.47,0.59,7.52,9.68,7.6,0.62,4.81,4.29,
India,Puducherry,"PLFS Year (Jul - Jun), 2022",Rural + Urban,Male,11.12,0.25,18.83,0.18,0.06,12.45,15.39,9.41,3.54,5.22,3.16,0.65,0.6,0.37,7.54,4.85,2.3,0.58,3.08,0.43,
India,Puducherry,"PLFS Year (Jul - Jun), 2022",Rural + Urban,Female,26.06,0,17.8,0,1.47,0.78,8.28,0,1.35,1.51,1.11,0,1.82,4.7,2.3,14.31,9.32,0,2.49,6.68,
India,Puducherry,"PLFS Year (Jul - Jun), 2022",Rural + Urban,Persons,16.26,0.17,18.48,0.12,0.55,8.44,12.94,6.17,2.78,3.94,2.46,0.43,1.02,1.86,5.74,8.11,4.71,0.38,2.88,2.58,
India,Punjab,"PLFS Year (Jul - Jun), 2022",Rural,Male,32.9,0.02,15.86,0.28,0.37,21.37,11.15,4.3,1.83,0.41,0.71,0.04,0.79,0.62,1.39,2.36,0.9,1.16,3.3,0.23,
India,Punjab,"PLFS Year (Jul - Jun), 2022",Rural,Female,44.05,0,14.85,0,0,12.59,5.5,0.03,0.2,0.43,0.21,0,0.13,0.01,0,8.5,2.23,0,3.31,7.96,
India,Punjab,"PLFS Year (Jul - Jun), 2022",Rural,Persons,35.76,0.02,15.6,0.21,0.28,19.12,9.7,3.21,1.41,0.42,0.58,0.03,0.62,0.46,1.04,3.93,1.24,0.87,3.3,2.21,
India,Punjab,"PLFS Year (Jul - Jun), 2022",Urban,Male,3.93,0,22.76,0.85,1.03,11.2,27.93,4.98,5.95,1.99,2.13,0.58,0.97,1.5,2.47,3.04,2.56,0.63,4.75,0.78,
India,Punjab,"PLFS Year (Jul - Jun), 2022",Urban,Female,5.34,0,18.1,0,0.49,2.61,8.37,0.15,2.25,2.35,2.08,0.44,1.06,0.47,1.56,23.89,5.59,0.12,6.27,18.86,
India,Punjab,"PLFS Year (Jul - Jun), 2022",Urban,Persons,4.25,0,21.7,0.65,0.91,9.25,23.49,3.89,5.11,2.07,2.12,0.54,0.99,1.27,2.27,7.76,3.24,0.51,5.09,4.88,
India,Punjab,"PLFS Year (Jul - Jun), 2022",Rural + Urban,Male,22.42,0.01,18.35,0.49,0.61,17.69,17.22,4.55,3.32,0.98,1.23,0.23,0.85,0.94,1.78,2.61,1.5,0.97,3.82,0.43,
India,Punjab,"PLFS Year (Jul - Jun), 2022",Rural + Urban,Female,31.45,0,15.91,0,0.16,9.34,6.43,0.07,0.87,1.05,0.82,0.14,0.43,0.16,0.51,13.51,3.33,0.04,4.27,11.51,
India,Punjab,"PLFS Year (Jul - Jun), 2022",Rural + Urban,Persons,24.64,0.01,17.75,0.37,0.5,15.64,14.57,3.45,2.72,1,1.13,0.21,0.75,0.74,1.47,5.29,1.95,0.74,3.93,3.15,
India,Rajasthan,"PLFS Year (Jul - Jun), 2022",Rural,Male,50.28,1.61,8.16,0.59,0.3,18.03,8.47,4.58,1.74,0.41,0.42,0.17,0.15,0.94,0.5,2.14,0.22,0.22,1.02,0.08,
India,Rajasthan,"PLFS Year (Jul - Jun), 2022",Rural,Female,86.68,0.1,3.78,0,0.09,6.09,1.07,0.02,0.1,0,0.01,0,0,0.04,0.03,0.83,0.8,0,0.3,0.05,
India,Rajasthan,"PLFS Year (Jul - Jun), 2022",Rural,Persons,65.97,0.96,6.27,0.33,0.21,12.88,5.28,2.61,1.03,0.23,0.25,0.1,0.08,0.55,0.3,1.58,0.47,0.13,0.71,0.06,
India,Rajasthan,"PLFS Year (Jul - Jun), 2022",Urban,Male,3.78,0.84,25.88,0.7,1.51,13.65,21,6.51,3.6,1.29,3.78,0.5,1.65,2.02,2.96,3.63,2.26,0.68,3.36,0.4,
India,Rajasthan,"PLFS Year (Jul - Jun), 2022",Urban,Female,20.4,0.68,27.45,0.8,0,5.63,6.11,0.79,1.21,0.8,1.49,0,0.43,0.24,1.83,14.96,5.58,0.17,8.79,2.65,
India,Rajasthan,"PLFS Year (Jul - Jun), 2022",Urban,Persons,7.5,0.8,26.23,0.72,1.17,11.86,17.67,5.23,3.07,1.18,3.26,0.38,1.37,1.62,2.71,6.16,3.01,0.57,4.58,0.9,
India,Rajasthan,"PLFS Year (Jul - Jun), 2022",Rural + Urban,Male,38.93,1.42,12.48,0.62,0.59,16.96,11.52,5.05,2.19,0.62,1.24,0.25,0.51,1.2,1.1,2.5,0.72,0.34,1.59,0.16,
India,Rajasthan,"PLFS Year (Jul - Jun), 2022",Rural + Urban,Female,79.44,0.16,6.37,0.09,0.08,6.04,1.62,0.1,0.22,0.09,0.17,0,0.05,0.06,0.23,2.38,1.32,0.02,1.23,0.33,
India,Rajasthan,"PLFS Year (Jul - Jun), 2022",Rural + Urban,Persons,54.79,0.93,10.09,0.41,0.39,12.69,7.65,3.11,1.42,0.41,0.82,0.15,0.33,0.75,0.76,2.45,0.96,0.21,1.45,0.23,
India,Sikkim,"PLFS Year (Jul - Jun), 2022",Rural,Male,37.38,0.38,2.36,4.29,0.09,14.73,4.39,9.05,1.82,0.02,0.24,0,0,0,17.07,5.71,0.06,0.3,2.11,0,
India,Sikkim,"PLFS Year (Jul - Jun), 2022",Rural,Female,73.82,0,1.2,0.13,0,1.66,5.29,0,2.17,0,0.09,0,0,0,9.19,3.09,3.26,0.09,0,0,
India,Sikkim,"PLFS Year (Jul - Jun), 2022",Rural,Persons,54.24,0.21,1.82,2.37,0.05,8.68,4.8,4.86,1.98,0.01,0.17,0,0,0,13.42,4.5,1.54,0.21,1.13,0,
India,Sikkim,"PLFS Year (Jul - Jun), 2022",Urban,Male,0.49,0,12.51,1.58,0,13.37,20.08,23.04,11,0.24,0.65,0,0.5,0.09,9.12,0.82,1.4,0,5.11,0,
India,Sikkim,"PLFS Year (Jul - Jun), 2022",Urban,Female,7.18,0,8.64,0.26,0,6.04,33.65,0,10.8,1.3,0,0,0.51,0,8.72,10.4,6.44,4.44,1.47,0.13,
India,Sikkim,"PLFS Year (Jul - Jun), 2022",Urban,Persons,2.15,0,11.56,1.25,0,11.56,23.43,17.35,10.95,0.5,0.49,0,0.5,0.07,9.02,3.18,2.64,1.1,4.21,0.03,
India,Sikkim,"PLFS Year (Jul - Jun), 2022",Rural + Urban,Male,29.55,0.3,4.51,3.71,0.07,14.44,7.72,12.02,3.77,0.07,0.32,0,0.11,0.02,15.38,4.67,0.34,0.24,2.74,0,
India,Sikkim,"PLFS Year (Jul - Jun), 2022",Rural + Urban,Female,67.61,0,1.89,0.15,0,2.07,7.93,0,2.97,0.12,0.08,0,0.05,0,9.15,3.77,3.56,0.5,0.14,0.01,
India,Sikkim,"PLFS Year (Jul - Jun), 2022",Rural + Urban,Persons,45.84,0.17,3.39,2.19,0.04,9.15,7.81,6.88,3.43,0.09,0.22,0,0.08,0.01,12.71,4.29,1.72,0.35,1.63,0.01,
India,Tamil Nadu,"PLFS Year (Jul - Jun), 2022",Rural,Male,34.53,0.49,13.95,0.57,0.21,21.18,9.54,7.62,3.12,0.88,1.31,0.33,0.3,0.45,1.23,1.75,0.78,0.17,1.48,0.11,
India,Tamil Nadu,"PLFS Year (Jul - Jun), 2022",Rural,Female,51.53,0.05,12.02,0,0.44,21.92,4.87,0.12,1.6,0.5,0.31,0.14,0.49,0.31,0.34,3.3,1.44,0.02,0.26,0.35,
India,Tamil Nadu,"PLFS Year (Jul - Jun), 2022",Rural,Persons,41.52,0.31,13.16,0.34,0.31,21.48,7.62,4.54,2.49,0.72,0.9,0.25,0.38,0.39,0.86,2.39,1.05,0.11,0.98,0.2,
India,Tamil Nadu,"PLFS Year (Jul - Jun), 2022",Urban,Male,6.56,0.31,20.6,0.78,0.61,15.26,18.79,9.55,4.58,6.38,2.6,0.54,2.07,1.18,2.1,2.92,0.71,0.49,2.82,1.13,
India,Tamil Nadu,"PLFS Year (Jul - Jun), 2022",Urban,Female,14.02,0.08,27.63,0.2,0.18,5.54,14.01,0.19,2.9,5.68,2.17,0.22,0.85,0.45,1.29,10.06,4.6,0.02,2.54,7.36,
India,Tamil Nadu,"PLFS Year (Jul - Jun), 2022",Urban,Persons,8.64,0.24,22.56,0.62,0.49,12.55,17.45,6.94,4.11,6.19,2.48,0.45,1.73,0.97,1.88,4.91,1.8,0.36,2.74,2.87,
India,Tamil Nadu,"PLFS Year (Jul - Jun), 2022",Rural + Urban,Male,22.41,0.41,16.83,0.66,0.38,18.61,13.55,8.46,3.75,3.27,1.87,0.42,1.07,0.76,1.61,2.26,0.75,0.31,2.06,0.55,
India,Tamil Nadu,"PLFS Year (Jul - Jun), 2022",Rural + Urban,Female,40.35,0.06,16.67,0.06,0.37,17.03,7.59,0.14,1.99,2.04,0.87,0.16,0.6,0.36,0.62,5.31,2.38,0.02,0.94,2.44,
India,Tamil Nadu,"PLFS Year (Jul - Jun), 2022",Rural + Urban,Persons,28.87,0.28,16.77,0.45,0.38,18.04,11.4,5.46,3.12,2.83,1.51,0.33,0.9,0.62,1.25,3.36,1.34,0.2,1.66,1.23,
India,Telangana,"PLFS Year (Jul - Jun), 2022",Rural,Male,60.8,0.34,5.51,0.08,0.38,8.97,6.99,7.01,0.55,0.76,0.17,0.3,0.56,0.32,2.93,1.1,1.17,0.06,1.98,0.02,
India,Telangana,"PLFS Year (Jul - Jun), 2022",Rural,Female,73.57,0,11.46,0,0,5.32,4.03,0.06,0.77,0.22,0.02,0,0,0,0.72,1.57,1.89,0,0.15,0.25,
India,Telangana,"PLFS Year (Jul - Jun), 2022",Rural,Persons,66.15,0.2,8,0.05,0.22,7.44,5.75,4.1,0.64,0.53,0.1,0.18,0.33,0.19,2,1.3,1.47,0.03,1.21,0.11,
India,Telangana,"PLFS Year (Jul - Jun), 2022",Urban,Male,2.39,1.44,12.46,0.99,0.48,11.51,20.22,10.7,4.4,13.92,2.28,2.37,1.28,1.41,3.93,3.08,2.81,0.31,2.09,1.94,
India,Telangana,"PLFS Year (Jul - Jun), 2022",Urban,Female,7.65,0.02,25.13,0.3,0.32,6.68,14.72,0.42,2.84,10.03,1.94,0,1.29,0.55,1.72,7.52,5.92,0.12,2.59,10.25,
India,Telangana,"PLFS Year (Jul - Jun), 2022",Urban,Persons,3.76,1.07,15.77,0.81,0.44,10.25,18.78,8.01,3.99,12.91,2.19,1.75,1.28,1.18,3.35,4.24,3.62,0.26,2.22,4.11,
India,Telangana,"PLFS Year (Jul - Jun), 2022",Rural + Urban,Male,40.1,0.73,7.97,0.4,0.42,9.87,11.68,8.32,1.91,5.42,0.91,1.03,0.81,0.71,3.28,1.8,1.75,0.15,2.02,0.7,
India,Telangana,"PLFS Year (Jul - Jun), 2022",Rural + Urban,Female,59.6,0,14.36,0.06,0.07,5.6,6.3,0.14,1.21,2.29,0.42,0,0.27,0.12,0.93,2.83,2.74,0.03,0.66,2.37,
India,Telangana,"PLFS Year (Jul - Jun), 2022",Rural + Urban,Persons,47.34,0.46,10.34,0.28,0.29,8.29,9.68,5.28,1.65,4.26,0.73,0.65,0.61,0.49,2.41,2.18,2.12,0.1,1.52,1.32,
India,The Dadra and Nagar Haveli and Daman and Diu,"PLFS Year (Jul - Jun), 2022",Rural,Male,22.53,0,46.73,1.31,0,3.54,5.31,5.97,4.3,0.09,0,0,1.13,2.11,0.43,2.17,0,0,2.35,2.04,
India,The Dadra and Nagar Haveli and Daman and Diu,"PLFS Year (Jul - Jun), 2022",Rural,Female,77.75,0,12.16,0,0,1.54,0.58,0,0,0,0,0,0,0,0.13,7.04,0.8,0,0,0,
India,The Dadra and Nagar Haveli and Daman and Diu,"PLFS Year (Jul - Jun), 2022",Rural,Persons,41.63,0,34.78,0.86,0,2.85,3.67,3.91,2.81,0.06,0,0,0.74,1.38,0.33,3.85,0.28,0,1.53,1.33,
India,The Dadra and Nagar Haveli and Daman and Diu,"PLFS Year (Jul - Jun), 2022",Urban,Male,4.41,0,67.57,0.04,0,2.76,8.25,7.61,3.57,1.12,0,0.21,0.32,1.12,0.38,0.37,0.92,0,1.35,0,
India,The Dadra and Nagar Haveli and Daman and Diu,"PLFS Year (Jul - Jun), 2022",Urban,Female,16.5,0,46.77,0,0,0,11.37,0,1.48,0,0,0,1.05,3.8,0.69,5.51,2.5,0,1.85,8.48,
India,The Dadra and Nagar Haveli and Daman and Diu,"PLFS Year (Jul - Jun), 2022",Urban,Persons,6.43,0,64.09,0.04,0,2.3,8.77,6.34,3.22,0.94,0,0.18,0.44,1.57,0.43,1.23,1.18,0,1.43,1.42,
India,The Dadra and Nagar Haveli and Daman and Diu,"PLFS Year (Jul - Jun), 2022",Rural + Urban,Male,10.61,0,60.44,0.48,0,3.03,7.24,7.05,3.82,0.77,0,0.14,0.6,1.46,0.39,0.98,0.6,0,1.69,0.7,
India,The Dadra and Nagar Haveli and Daman and Diu,"PLFS Year (Jul - Jun), 2022",Rural + Urban,Female,51.87,0,26.78,0,0,0.89,5.14,0,0.62,0,0,0,0.44,1.6,0.37,6.39,1.52,0,0.78,3.58,
India,The Dadra and Nagar Haveli and Daman and Diu,"PLFS Year (Jul - Jun), 2022",Rural + Urban,Persons,20.44,0,52.42,0.36,0,2.52,6.74,5.37,3.06,0.59,0,0.11,0.56,1.49,0.39,2.27,0.82,0,1.47,1.38,
India,Tripura,"PLFS Year (Jul - Jun), 2022",Rural,Male,35.7,0,1.86,0,0.02,20.07,18.73,11.06,0.66,0.4,0.55,0,0.25,2.26,2.66,4.21,0.22,0.29,1.07,0.01,
India,Tripura,"PLFS Year (Jul - Jun), 2022",Rural,Female,51.89,0.04,3.55,0,0.02,22.64,3.34,0,0.62,0.01,0.21,0,0,0.95,0.19,10.61,1.84,0.14,0.1,3.85,
India,Tripura,"PLFS Year (Jul - Jun), 2022",Rural,Persons,41,0.01,2.41,0,0.02,20.91,13.7,7.44,0.65,0.27,0.43,0,0.17,1.83,1.85,6.3,0.75,0.24,0.75,1.27,
India,Tripura,"PLFS Year (Jul - Jun), 2022",Urban,Male,4.09,0.03,5.22,0,0.14,17.42,30.16,15.59,3.64,1.52,1.38,0,1.26,4.6,5.1,6.89,1.11,0.15,1.7,0,
India,Tripura,"PLFS Year (Jul - Jun), 2022",Urban,Female,15.74,0,10.77,0,0.17,21.6,7.04,0.24,3.35,0.23,0.73,0.69,1.26,2.31,5.85,15.14,3.07,0.67,3.5,7.64,
India,Tripura,"PLFS Year (Jul - Jun), 2022",Urban,Persons,7.38,0.02,6.78,0,0.15,18.6,23.64,11.26,3.56,1.15,1.2,0.19,1.26,3.95,5.31,9.22,1.66,0.3,2.21,2.15,
India,Tripura,"PLFS Year (Jul - Jun), 2022",Rural + Urban,Male,30.31,0.01,2.43,0,0.04,19.62,20.69,11.83,1.17,0.59,0.69,0,0.42,2.66,3.08,4.67,0.37,0.27,1.18,0.01,
India,Tripura,"PLFS Year (Jul - Jun), 2022",Rural + Urban,Female,46.74,0.03,4.58,0,0.04,22.49,3.87,0.03,1.01,0.04,0.28,0.1,0.18,1.15,1,11.25,2.01,0.21,0.58,4.39,
India,Tripura,"PLFS Year (Jul - Jun), 2022",Rural + Urban,Persons,35.57,0.01,3.12,0,0.04,20.54,15.3,8.05,1.12,0.41,0.56,0.03,0.34,2.17,2.41,6.78,0.9,0.25,0.99,1.41,
India,Uttar Pradesh,"PLFS Year (Jul - Jun), 2022",Rural,Male,53.37,0.1,7.42,0.06,0.18,19.62,9.04,2.72,1.19,0.14,0.18,0.02,0.34,0.61,0.74,1.62,0.76,0.24,1.47,0.18,
India,Uttar Pradesh,"PLFS Year (Jul - Jun), 2022",Rural,Female,86.23,0.03,4.81,0.03,0.02,0.71,2.91,0,0.35,0,0.01,0,0,0.05,0.24,3.13,1.05,0,0.35,0.07,
India,Uttar Pradesh,"PLFS Year (Jul - Jun), 2022",Rural,Persons,63.64,0.08,6.6,0.05,0.13,13.71,7.13,1.87,0.93,0.1,0.12,0.02,0.23,0.44,0.58,2.09,0.85,0.17,1.12,0.15,
India,Uttar Pradesh,"PLFS Year (Jul - Jun), 2022",Urban,Male,5.05,0.04,21.09,0.69,0.83,11.33,29.36,8.7,2.84,1.07,1.76,0.89,1.78,1.55,2.7,3.01,1.51,0.54,4.42,0.83,
India,Uttar Pradesh,"PLFS Year (Jul - Jun), 2022",Urban,Female,18.04,0,29.82,0,0.74,1.08,12.17,0.44,2.52,1.52,1.68,0.17,0.98,0.36,2.14,15.16,2.79,0,4.83,5.55,
India,Uttar Pradesh,"PLFS Year (Jul - Jun), 2022",Urban,Persons,6.93,0.03,22.36,0.59,0.82,9.84,26.87,7.51,2.79,1.13,1.75,0.78,1.67,1.38,2.62,4.77,1.69,0.46,4.48,1.51,
India,Uttar Pradesh,"PLFS Year (Jul - Jun), 2022",Rural + Urban,Male,43.87,0.09,10.11,0.18,0.31,17.99,13.04,3.89,1.51,0.33,0.49,0.19,0.62,0.8,1.12,1.89,0.91,0.3,2.05,0.31,
India,Uttar Pradesh,"PLFS Year (Jul - Jun), 2022",Rural + Urban,Female,80.52,0.03,6.9,0.03,0.08,0.74,3.68,0.04,0.53,0.13,0.15,0.01,0.08,0.07,0.4,4.14,1.2,0,0.73,0.53,
India,Uttar Pradesh,"PLFS Year (Jul - Jun), 2022",Rural + Urban,Persons,54.31,0.07,9.2,0.14,0.24,13.08,10.37,2.79,1.23,0.27,0.39,0.14,0.47,0.59,0.92,2.53,0.99,0.22,1.68,0.37,
India,Uttarakhand,"PLFS Year (Jul - Jun), 2022",Rural,Male,41.91,0.02,9.94,0,0.61,15.9,11.76,5.57,3.69,0.21,0.07,0.39,0.26,1.4,1.43,3.47,1.08,0.04,2.21,0.04,
India,Uttarakhand,"PLFS Year (Jul - Jun), 2022",Rural,Female,82.45,0,3.06,0.12,0,1.06,3.77,0.04,0.11,0,0,0,0,0.08,0.1,6.3,1.47,0,1.22,0.23,
India,Uttarakhand,"PLFS Year (Jul - Jun), 2022",Rural,Persons,57.97,0.01,7.22,0.05,0.37,10.02,8.59,3.38,2.27,0.13,0.04,0.24,0.16,0.87,0.9,4.59,1.24,0.02,1.82,0.11,
India,Uttarakhand,"PLFS Year (Jul - Jun), 2022",Urban,Male,5.09,0,21.59,0.39,2.79,14.1,24.37,5.6,5.74,1.1,0.72,0.69,1.73,2.4,3.25,4.09,1.9,0.76,2.95,0.72,
India,Uttarakhand,"PLFS Year (Jul - Jun), 2022",Urban,Female,15.08,0,11.81,0,2.02,0.1,14.98,0,4.96,0.37,0.82,0,3.77,4.23,2.61,25.41,2.94,1.93,5.62,3.34,
India,Uttarakhand,"PLFS Year (Jul - Jun), 2022",Urban,Persons,6.75,0,19.97,0.33,2.66,11.78,22.81,4.67,5.61,0.98,0.74,0.57,2.07,2.71,3.14,7.63,2.07,0.95,3.4,1.16,
India,Uttarakhand,"PLFS Year (Jul - Jun), 2022",Rural + Urban,Male,32.16,0.02,13.03,0.1,1.19,15.43,15.1,5.58,4.23,0.45,0.24,0.47,0.65,1.66,1.91,3.64,1.3,0.23,2.4,0.22,
India,Uttarakhand,"PLFS Year (Jul - Jun), 2022",Rural + Urban,Female,75.8,0,3.93,0.11,0.2,0.97,4.88,0.03,0.58,0.04,0.08,0,0.37,0.49,0.35,8.18,1.62,0.19,1.66,0.54,
India,Uttarakhand,"PLFS Year (Jul - Jun), 2022",Rural + Urban,Persons,47.37,0.01,9.86,0.1,0.84,10.39,11.54,3.65,2.96,0.31,0.18,0.31,0.55,1.25,1.37,5.22,1.41,0.22,2.14,0.33,
India,West Bengal,"PLFS Year (Jul - Jun), 2022",Rural,Male,41.47,0.25,12.87,0.27,0.24,17.98,10.82,6.69,1.85,0.23,0.57,0.03,0.17,1.08,0.87,1.85,0.3,0.22,1.93,0.3,
India,West Bengal,"PLFS Year (Jul - Jun), 2022",Rural,Female,54.88,0.13,26.36,0,0.13,0.68,4.05,0.33,1.68,0.02,0.07,0,0.05,0.08,0.48,5.37,0.74,0,1.73,3.22,
India,West Bengal,"PLFS Year (Jul - Jun), 2022",Rural,Persons,45.6,0.21,17.03,0.19,0.2,12.65,8.74,4.74,1.8,0.17,0.41,0.02,0.14,0.77,0.75,2.93,0.43,0.15,1.87,1.2,
India,West Bengal,"PLFS Year (Jul - Jun), 2022",Urban,Male,2.48,0.29,21.9,0.41,0.33,11.82,24.03,9.92,4.48,3.35,2.73,0.65,1.8,2.38,3,3.39,1.4,0.73,2.6,2.29,
India,West Bengal,"PLFS Year (Jul - Jun), 2022",Urban,Female,5.08,0.17,27.85,0.14,0.06,0.82,11.59,0.09,3.39,4.1,1.26,0.16,0.57,0.7,1.44,12.49,4.2,0.49,3.77,21.64,
India,West Bengal,"PLFS Year (Jul - Jun), 2022",Urban,Persons,3.15,0.26,23.44,0.34,0.26,8.97,20.8,7.37,4.2,3.55,2.35,0.52,1.48,1.94,2.6,5.75,2.13,0.67,2.9,7.32,
India,West Bengal,"PLFS Year (Jul - Jun), 2022",Rural + Urban,Male,30.45,0.26,15.42,0.31,0.26,16.24,14.56,7.61,2.6,1.12,1.18,0.2,0.63,1.45,1.48,2.28,0.61,0.36,2.12,0.86,
India,West Bengal,"PLFS Year (Jul - Jun), 2022",Rural + Urban,Female,43.07,0.14,26.71,0.03,0.11,0.71,5.84,0.27,2.08,0.99,0.35,0.04,0.17,0.23,0.71,7.06,1.56,0.12,2.21,7.59,
India,West Bengal,"PLFS Year (Jul - Jun), 2022",Rural + Urban,Persons,34.17,0.22,18.75,0.23,0.22,11.66,11.99,5.44,2.45,1.08,0.93,0.16,0.5,1.09,1.25,3.69,0.89,0.29,2.15,2.85,
India,Andaman and Nicobar Islands,"PLFS Year (Jul - Jun), 2021",Rural,Male,43.87,0,1.48,0.27,0.84,26.67,5.07,8.39,0.67,0,0.26,0,0,4.21,4.83,2.17,0.22,0,0.53,0.52,
India,Andaman and Nicobar Islands,"PLFS Year (Jul - Jun), 2021",Rural,Female,68.76,0,1.6,0,0,3.18,6.27,0,0,0,0,0,3.68,0,0.35,3.99,7.6,0,1.64,2.94,
India,Andaman and Nicobar Islands,"PLFS Year (Jul - Jun), 2021",Rural,Persons,52.82,0,1.52,0.17,0.54,18.22,5.5,5.37,0.43,0,0.17,0,1.32,2.69,3.22,2.82,2.87,0,0.93,1.39,
India,Andaman and Nicobar Islands,"PLFS Year (Jul - Jun), 2021",Urban,Male,6.26,0,6.16,2.15,0.58,16.59,15.39,11.34,7.07,1.98,1.66,0,3.29,5.52,15.54,4.07,0.54,0,1.62,0.25,
India,Andaman and Nicobar Islands,"PLFS Year (Jul - Jun), 2021",Urban,Female,4.8,0,9.51,0,0,7.16,19.62,0,2.33,0.14,1.8,0,0,1.04,18.98,7.89,7.81,0,0,18.93,
India,Andaman and Nicobar Islands,"PLFS Year (Jul - Jun), 2021",Urban,Persons,5.84,0,7.12,1.53,0.41,13.89,16.61,8.09,5.71,1.45,1.7,0,2.34,4.24,16.52,5.17,2.63,0,1.16,5.61,
India,Andaman and Nicobar Islands,"PLFS Year (Jul - Jun), 2021",Rural + Urban,Male,25.64,0,3.75,1.18,0.71,21.78,10.08,9.82,3.77,0.96,0.94,0,1.59,4.85,10.02,3.09,0.37,0,1.06,0.39,
India,Andaman and Nicobar Islands,"PLFS Year (Jul - Jun), 2021",Rural + Urban,Female,43.02,0,4.78,0,0,4.78,11.64,0,0.94,0.06,0.72,0,2.2,0.42,7.85,5.55,7.68,0,0.98,9.38,
India,Andaman and Nicobar Islands,"PLFS Year (Jul - Jun), 2021",Rural + Urban,Persons,31.31,0,4.09,0.79,0.48,16.24,10.59,6.62,2.85,0.66,0.87,0,1.79,3.4,9.31,3.9,2.76,0,1.03,3.32,
India,Andhra Pradesh,"PLFS Year (Jul - Jun), 2021",Rural,Male,48.96,0.91,8.04,0.2,0.3,14.51,7.43,7.5,1.19,1.75,0.91,0.07,0.4,1.11,2.35,0.83,0.38,0.58,2.37,0.18,
India,Andhra Pradesh,"PLFS Year (Jul - Jun), 2021",Rural,Female,67.58,0.32,10.06,0,0,6.82,4.74,0.09,1.39,1.32,0.03,0,0,0.22,2.36,1.99,1.73,0.01,0.87,0.46,
India,Andhra Pradesh,"PLFS Year (Jul - Jun), 2021",Rural,Persons,56.32,0.68,8.84,0.12,0.18,11.47,6.37,4.57,1.27,1.58,0.56,0.04,0.24,0.76,2.36,1.29,0.91,0.36,1.78,0.29,
India,Andhra Pradesh,"PLFS Year (Jul - Jun), 2021",Urban,Male,6.59,0.2,17.46,1.15,0.9,12.43,19.57,10.96,3,5.36,2.68,0.87,1.74,1.3,3.54,4.8,1.45,0.22,4.81,0.97,
India,Andhra Pradesh,"PLFS Year (Jul - Jun), 2021",Urban,Female,9.37,0,23.54,0.53,0.06,5.15,14.39,0.72,4.55,4.05,1.01,0.16,1.01,2.07,5.65,10.24,8.12,0,4.03,5.36,
India,Andhra Pradesh,"PLFS Year (Jul - Jun), 2021",Urban,Persons,7.41,0.14,19.24,0.97,0.65,10.29,18.05,7.96,3.46,4.97,2.19,0.66,1.53,1.52,4.16,6.4,3.4,0.16,4.58,2.26,
India,Andhra Pradesh,"PLFS Year (Jul - Jun), 2021",Rural + Urban,Male,37.21,0.71,10.65,0.47,0.47,13.94,10.8,8.46,1.7,2.75,1.4,0.29,0.77,1.16,2.68,1.93,0.68,0.48,3.05,0.4,
India,Andhra Pradesh,"PLFS Year (Jul - Jun), 2021",Rural + Urban,Female,56.17,0.26,12.71,0.1,0.01,6.49,6.63,0.22,2.01,1.85,0.22,0.03,0.2,0.58,3.01,3.61,2.98,0.01,1.49,1.42,
India,Andhra Pradesh,"PLFS Year (Jul - Jun), 2021",Rural + Urban,Persons,44.23,0.54,11.41,0.33,0.3,11.18,9.25,5.41,1.81,2.42,0.97,0.19,0.56,0.95,2.8,2.55,1.53,0.31,2.47,0.78,
India,Arunachal Pradesh,"PLFS Year (Jul - Jun), 2021",Rural,Male,65.43,0.15,0.5,1.5,0.32,5.17,7.57,2.44,0.04,0,0,0,0.54,0.15,7.73,6.71,0.82,0.01,0.52,0.4,
India,Arunachal Pradesh,"PLFS Year (Jul - Jun), 2021",Rural,Female,72.48,0,2.48,0.99,0.22,0.42,11.86,0.33,0.36,0,0,0,0,0,1.59,6.07,2.83,0,0,0.38,
India,Arunachal Pradesh,"PLFS Year (Jul - Jun), 2021",Rural,Persons,67.53,0.11,1.09,1.35,0.29,3.76,8.84,1.81,0.13,0,0,0,0.38,0.1,5.9,6.52,1.42,0.01,0.36,0.39,
India,Arunachal Pradesh,"PLFS Year (Jul - Jun), 2021",Urban,Male,11.48,0.16,3.94,2.25,0.11,18.31,17.19,6.12,1.86,0.99,0.7,0,1.85,1.59,19.33,8.29,3.09,0,0.52,2.22,
India,Arunachal Pradesh,"PLFS Year (Jul - Jun), 2021",Urban,Female,16.9,0,2.15,2.77,0,5.53,26.59,1.54,3.31,0.67,0,0,0,0,14.47,9.83,15.28,0,0.24,0.72,
India,Arunachal Pradesh,"PLFS Year (Jul - Jun), 2021",Urban,Persons,12.77,0.12,3.51,2.38,0.08,15.26,19.43,5.03,2.21,0.91,0.53,0,1.41,1.21,18.17,8.66,6,0,0.46,1.86,
India,Arunachal Pradesh,"PLFS Year (Jul - Jun), 2021",Rural + Urban,Male,56.85,0.15,1.05,1.62,0.29,7.26,9.1,3.03,0.33,0.16,0.11,0,0.75,0.38,9.57,6.96,1.18,0.01,0.52,0.69,
India,Arunachal Pradesh,"PLFS Year (Jul - Jun), 2021",Rural + Urban,Female,65.66,0,2.44,1.21,0.19,1.04,13.67,0.48,0.72,0.08,0,0,0,0,3.17,6.53,4.35,0,0.03,0.43,
India,Arunachal Pradesh,"PLFS Year (Jul - Jun), 2021",Rural + Urban,Persons,59.4,0.11,1.45,1.5,0.26,5.46,10.42,2.29,0.44,0.14,0.08,0,0.53,0.27,7.72,6.84,2.1,0.01,0.38,0.61,
India,Assam,"PLFS Year (Jul - Jun), 2021",Rural,Male,40.01,0.35,7.65,0.19,0.18,16.76,16.52,5.56,1.47,0.13,0.22,0.04,0.14,1.06,0.86,3.95,0.59,0.17,1.77,2.39,
India,Assam,"PLFS Year (Jul - Jun), 2021",Rural,Female,72.94,0,11.31,0,0,0.18,4.1,0,0.81,0,0.91,0.12,0,0.26,0.29,6.56,0.67,0,0.65,1.2,
India,Assam,"PLFS Year (Jul - Jun), 2021",Rural,Persons,48.62,0.26,8.6,0.14,0.13,12.43,13.28,4.11,1.3,0.1,0.4,0.06,0.1,0.85,0.71,4.63,0.61,0.13,1.48,2.08,
India,Assam,"PLFS Year (Jul - Jun), 2021",Urban,Male,2.85,0.42,9.8,0.59,0.55,11.53,38.48,7.48,5.09,1.17,3.54,0.07,1.72,2.5,3.37,4.19,1.65,0.52,3.48,0.98,
India,Assam,"PLFS Year (Jul - Jun), 2021",Urban,Female,4.19,0.15,15.5,0,0.06,1.93,9.47,0.48,2.41,2.06,1.68,0.82,2.54,1.02,1.52,24.45,5.74,0.73,5.37,19.88,
India,Assam,"PLFS Year (Jul - Jun), 2021",Urban,Persons,3.12,0.37,10.96,0.47,0.45,9.59,32.61,6.06,4.55,1.35,3.16,0.22,1.89,2.2,3,8.29,2.48,0.56,3.86,4.81,
India,Assam,"PLFS Year (Jul - Jun), 2021",Rural + Urban,Male,36.17,0.35,7.87,0.23,0.22,16.22,18.79,5.76,1.85,0.24,0.56,0.05,0.3,1.21,1.12,3.97,0.7,0.21,1.95,2.24,
India,Assam,"PLFS Year (Jul - Jun), 2021",Rural + Urban,Female,67.7,0.01,11.63,0,0,0.32,4.51,0.04,0.93,0.16,0.97,0.17,0.19,0.32,0.38,7.92,1.06,0.06,1.01,2.62,
India,Assam,"PLFS Year (Jul - Jun), 2021",Rural + Urban,Persons,44.23,0.27,8.83,0.17,0.16,12.15,15.14,4.3,1.61,0.22,0.66,0.08,0.27,0.98,0.93,4.98,0.79,0.17,1.71,2.34,
India,Bihar,"PLFS Year (Jul - Jun), 2021",Rural,Male,46.62,0.16,6.28,0.23,0.29,21.68,10.9,4.33,1.98,0.49,0.4,0.06,0.14,1.24,0.22,1.45,0.33,0.15,2.42,0.62,
India,Bihar,"PLFS Year (Jul - Jun), 2021",Rural,Female,81.81,0,4.24,0,0,0,4.27,0.07,0.5,0,0.07,0,0,0.34,0.34,7.28,0.67,0,0.33,0.08,
India,Bihar,"PLFS Year (Jul - Jun), 2021",Rural,Persons,50.97,0.14,6.03,0.21,0.26,19,10.08,3.81,1.8,0.43,0.36,0.06,0.12,1.13,0.23,2.17,0.37,0.13,2.16,0.56,
India,Bihar,"PLFS Year (Jul - Jun), 2021",Urban,Male,8.77,0.08,16.04,0.25,0.53,16.41,24.25,7.54,3.9,1.13,2.74,0.31,2,2.91,0.86,4.08,2.92,0.73,3.05,1.51,
India,Bihar,"PLFS Year (Jul - Jun), 2021",Urban,Female,27.67,0,11.9,0,0,2.2,12.72,0,4.65,1.64,4.44,0,0.81,1.88,1.07,13.92,6.35,0,3.19,7.57,
India,Bihar,"PLFS Year (Jul - Jun), 2021",Urban,Persons,10.99,0.07,15.56,0.22,0.46,14.74,22.9,6.65,3.99,1.19,2.94,0.27,1.86,2.79,0.89,5.23,3.32,0.64,3.07,2.22,
India,Bihar,"PLFS Year (Jul - Jun), 2021",Rural + Urban,Male,43.44,0.15,7.1,0.24,0.31,21.24,12.02,4.6,2.15,0.54,0.6,0.08,0.29,1.38,0.27,1.67,0.54,0.2,2.47,0.7,
India,Bihar,"PLFS Year (Jul - Jun), 2021",Rural + Urban,Female,77.5,0,4.85,0,0,0.17,4.95,0.07,0.83,0.13,0.41,0,0.06,0.46,0.4,7.81,1.12,0,0.56,0.67,
India,Bihar,"PLFS Year (Jul - Jun), 2021",Rural + Urban,Persons,47.64,0.13,6.82,0.21,0.27,18.64,11.15,4.04,1.98,0.49,0.58,0.07,0.27,1.26,0.29,2.43,0.62,0.17,2.24,0.69,
India,Chandigarh,"PLFS Year (Jul - Jun), 2021",Rural,Male,13,0,11.38,0.12,0,8.18,13.11,9.41,11.41,2.07,9.21,0,0,0,8.39,0.28,5.62,0,0,7.82,
India,Chandigarh,"PLFS Year (Jul - Jun), 2021",Rural,Female,8.53,0,1.22,0,0,0,0,0,25.24,0,0,0,0,0,0,0.75,0,0,0.79,63.47,
India,Chandigarh,"PLFS Year (Jul - Jun), 2021",Rural,Persons,12.28,0,9.74,0.1,0,6.85,10.99,7.88,13.65,1.73,7.72,0,0,0,7.03,0.35,4.71,0,0.13,16.83,
India,Chandigarh,"PLFS Year (Jul - Jun), 2021",Urban,Male,0.28,0,12.55,0,0.67,14.56,23.72,6.59,5.63,1.91,1.56,0.53,3.41,2.1,11.76,2.94,1.65,0.28,5.67,4.19,
India,Chandigarh,"PLFS Year (Jul - Jun), 2021",Urban,Female,0,0,13.85,3.6,0,0,14.57,0,6.54,0.2,0.66,0,3.28,0.74,10.4,19.97,8.79,0,4.21,13.21,
India,Chandigarh,"PLFS Year (Jul - Jun), 2021",Urban,Persons,0.23,0,12.78,0.63,0.55,12,22.11,5.43,5.79,1.61,1.4,0.44,3.39,1.86,11.52,5.93,2.9,0.23,5.41,5.78,
India,Chandigarh,"PLFS Year (Jul - Jun), 2021",Rural + Urban,Male,0.9,0,12.49,0.01,0.64,14.25,23.2,6.72,5.91,1.92,1.93,0.51,3.25,2,11.6,2.81,1.84,0.27,5.39,4.37,
India,Chandigarh,"PLFS Year (Jul - Jun), 2021",Rural + Urban,Female,0.38,0,13.29,3.44,0,0,13.92,0,7.36,0.19,0.63,0,3.13,0.71,9.94,19.12,8.4,0,4.06,15.42,
India,Chandigarh,"PLFS Year (Jul - Jun), 2021",Rural + Urban,Persons,0.81,0,12.63,0.61,0.53,11.75,21.57,5.54,6.17,1.62,1.7,0.42,3.23,1.77,11.31,5.67,2.99,0.22,5.16,6.31,
India,Chhattisgarh,"PLFS Year (Jul - Jun), 2021",Rural,Male,66.33,0.33,5.09,0.45,0,13.22,4.63,2.11,0.84,0.2,0.05,0,0.1,0.86,1.3,2.34,0.7,0.12,1.03,0.3,
India,Chhattisgarh,"PLFS Year (Jul - Jun), 2021",Rural,Female,85.06,0,1.44,0,0.03,5.46,2.41,0.04,0.34,0,0,0,0,0.17,0.42,1.97,2.31,0,0.12,0.23,
India,Chhattisgarh,"PLFS Year (Jul - Jun), 2021",Rural,Persons,74.17,0.19,3.56,0.26,0.01,9.97,3.7,1.24,0.63,0.11,0.03,0,0.06,0.57,0.93,2.18,1.37,0.07,0.65,0.27,
India,Chhattisgarh,"PLFS Year (Jul - Jun), 2021",Urban,Male,11.75,3.19,15.03,2.39,0.16,14.19,19.5,6.3,3.61,1.22,2.42,0.74,2.74,1.36,3.47,4.67,1.29,0.69,3.81,1.45,
India,Chhattisgarh,"PLFS Year (Jul - Jun), 2021",Urban,Female,24.41,0.34,8.25,0,1.06,6.97,15.97,1.01,1.71,1.28,0.9,0.19,0.95,0,3.57,12.34,5.82,0,4.14,11.1,
India,Chhattisgarh,"PLFS Year (Jul - Jun), 2021",Urban,Persons,15.41,2.37,13.07,1.7,0.42,12.11,18.48,4.77,3.06,1.24,1.98,0.58,2.23,0.97,3.5,6.89,2.6,0.49,3.91,4.24,
India,Chhattisgarh,"PLFS Year (Jul - Jun), 2021",Rural + Urban,Male,56.27,0.86,6.92,0.81,0.03,13.4,7.37,2.88,1.35,0.38,0.49,0.14,0.59,0.95,1.7,2.77,0.81,0.23,1.54,0.51,
India,Chhattisgarh,"PLFS Year (Jul - Jun), 2021",Rural + Urban,Female,78.2,0.04,2.21,0,0.15,5.63,3.94,0.15,0.49,0.14,0.1,0.02,0.11,0.15,0.78,3.14,2.7,0,0.57,1.46,
India,Chhattisgarh,"PLFS Year (Jul - Jun), 2021",Rural + Urban,Persons,65.01,0.53,5.05,0.49,0.08,10.3,6.01,1.79,1.01,0.29,0.33,0.09,0.4,0.63,1.33,2.92,1.56,0.14,1.16,0.89,
India,Delhi,"PLFS Year (Jul - Jun), 2021",Rural,Male,4.66,0,27.13,0,0,8.68,6.25,23.1,1.33,3.81,3.01,0.46,0.6,8.53,5.37,0,6.42,0,0.66,0,
India,Delhi,"PLFS Year (Jul - Jun), 2021",Rural,Female,0,0,32.31,0,0,0,0,0,0,0,0,0,0,0,20.47,47.21,0,0,0,0,
India,Delhi,"PLFS Year (Jul - Jun), 2021",Rural,Persons,4.26,0,27.58,0,0,7.93,5.71,21.11,1.21,3.48,2.75,0.42,0.55,7.8,6.67,4.06,5.87,0,0.6,0,
India,Delhi,"PLFS Year (Jul - Jun), 2021",Urban,Male,2.05,0,23.9,0.3,0.5,10.21,27.52,6.22,3.12,3.38,1.42,1.63,1.58,3.48,5.73,0.86,0.93,0.73,2.25,4.2,
India,Delhi,"PLFS Year (Jul - Jun), 2021",Urban,Female,0.1,0,13.74,0,0.27,3.2,12.42,1.78,2.69,6.27,0.59,0,2.43,5.72,6.24,21.99,4.31,0.13,6.16,11.98,
India,Delhi,"PLFS Year (Jul - Jun), 2021",Urban,Persons,1.8,0,22.6,0.26,0.47,9.31,25.59,5.65,3.06,3.75,1.31,1.42,1.69,3.77,5.79,3.55,1.36,0.65,2.75,5.19,
India,Delhi,"PLFS Year (Jul - Jun), 2021",Rural + Urban,Male,2.15,0,24.02,0.29,0.48,10.15,26.72,6.85,3.05,3.4,1.48,1.59,1.54,3.67,5.71,0.82,1.13,0.7,2.19,4.04,
India,Delhi,"PLFS Year (Jul - Jun), 2021",Rural + Urban,Female,0.09,0,14.19,0,0.26,3.12,12.11,1.73,2.62,6.12,0.57,0,2.37,5.58,6.59,22.61,4.2,0.13,6.01,11.68,
India,Delhi,"PLFS Year (Jul - Jun), 2021",Rural + Urban,Persons,1.89,0,22.78,0.25,0.45,9.26,24.88,6.21,3,3.74,1.36,1.39,1.65,3.91,5.82,3.57,1.52,0.63,2.67,5,
India,Goa,"PLFS Year (Jul - Jun), 2021",Rural,Male,10.32,2.61,16.66,0.75,2.08,4.78,14.86,10.26,12.77,1.46,0.32,0,0,2.06,13.85,2.59,0.17,2.65,1.82,0,
India,Goa,"PLFS Year (Jul - Jun), 2021",Rural,Female,36.95,0,15.15,0,0,0,19.86,0.36,1.53,0,0,0,0,3.11,5.51,0,3.42,0,5.45,8.65,
India,Goa,"PLFS Year (Jul - Jun), 2021",Rural,Persons,15.47,2.11,16.37,0.6,1.68,3.85,15.83,8.34,10.59,1.17,0.26,0,0,2.26,12.24,2.09,0.8,2.14,2.53,1.67,
India,Goa,"PLFS Year (Jul - Jun), 2021",Urban,Male,0.93,1.88,19.35,0.7,0.05,10.44,24.49,12.88,14.34,1.2,2.38,0.22,2.52,0.88,1.48,1.75,2.31,1.02,0.67,0.49,
India,Goa,"PLFS Year (Jul - Jun), 2021",Urban,Female,0,0,13.38,0,1.33,2.06,16.62,1.15,6.96,1.28,7.15,0.94,0,0,4.62,15.58,8.72,0,9.22,10.99,
India,Goa,"PLFS Year (Jul - Jun), 2021",Urban,Persons,0.75,1.51,18.16,0.56,0.31,8.76,22.91,10.53,12.86,1.22,3.34,0.36,2.02,0.71,2.11,4.53,3.59,0.82,2.38,2.6,
India,Goa,"PLFS Year (Jul - Jun), 2021",Rural + Urban,Male,4.64,2.17,18.29,0.72,0.85,8.2,20.69,11.85,13.72,1.3,1.57,0.13,1.53,1.35,6.36,2.08,1.46,1.66,1.12,0.3,
India,Goa,"PLFS Year (Jul - Jun), 2021",Rural + Urban,Female,14.19,0,14.06,0,0.82,1.27,17.86,0.85,4.88,0.79,4.41,0.58,0,1.2,4.96,9.6,6.69,0,7.77,10.09,
India,Goa,"PLFS Year (Jul - Jun), 2021",Rural + Urban,Persons,6.52,1.74,17.45,0.58,0.85,6.83,20.13,9.67,11.97,1.2,2.13,0.22,1.23,1.32,6.09,3.57,2.5,1.33,2.44,2.23,
India,Gujarat,"PLFS Year (Jul - Jun), 2021",Rural,Male,55.64,0.28,15.59,0.34,0.06,7.84,8.9,4.67,0.81,0.19,0.91,0.11,0.2,0.58,1.19,0.99,0.25,0.01,0.99,0.47,
India,Gujarat,"PLFS Year (Jul - Jun), 2021",Rural,Female,79.24,0.3,8.63,0,0,3.27,2.06,0.77,0.73,0,0.12,0,0,0,0.48,1.88,1.97,0,0.22,0.32,
India,Gujarat,"PLFS Year (Jul - Jun), 2021",Rural,Persons,63.73,0.28,13.2,0.23,0.04,6.27,6.56,3.33,0.78,0.12,0.64,0.07,0.13,0.38,0.95,1.3,0.84,0.01,0.72,0.42,
India,Gujarat,"PLFS Year (Jul - Jun), 2021",Urban,Male,3.73,0.03,41.66,0.55,0.22,8.56,18.05,7.08,2.27,1.63,2.53,0.24,1.51,2.26,3.03,1.72,1.43,0.27,2.71,0.52,
India,Gujarat,"PLFS Year (Jul - Jun), 2021",Urban,Female,10.89,0.18,42.91,0.14,0.22,2.67,9.64,0.76,2.37,1.08,1.64,0,1.01,0.39,1.99,5.6,8.36,0.02,4.1,6.02,
India,Gujarat,"PLFS Year (Jul - Jun), 2021",Urban,Persons,5.15,0.06,41.91,0.47,0.22,7.39,16.39,5.83,2.29,1.52,2.36,0.2,1.41,1.89,2.83,2.49,2.8,0.22,2.99,1.61,
India,Gujarat,"PLFS Year (Jul - Jun), 2021",Rural + Urban,Male,33.19,0.17,26.87,0.43,0.13,8.15,12.86,5.71,1.44,0.81,1.61,0.17,0.76,1.31,1.99,1.31,0.76,0.12,1.73,0.49,
India,Gujarat,"PLFS Year (Jul - Jun), 2021",Rural + Urban,Female,61.14,0.27,17.71,0.04,0.06,3.11,4.07,0.77,1.17,0.29,0.53,0,0.27,0.1,0.88,2.86,3.66,0.01,1.24,1.83,
India,Gujarat,"PLFS Year (Jul - Jun), 2021",Rural + Urban,Persons,41.22,0.2,24.23,0.32,0.11,6.7,10.33,4.29,1.36,0.66,1.3,0.12,0.62,0.96,1.67,1.75,1.59,0.09,1.59,0.88,
India,Haryana,"PLFS Year (Jul - Jun), 2021",Rural,Male,38.81,0.15,12,0.41,0.48,18.13,11.11,5.54,0.42,0.02,0.97,0.04,0.94,1.74,2.52,2.84,0.74,0.34,2.62,0.18,
India,Haryana,"PLFS Year (Jul - Jun), 2021",Rural,Female,65.75,0,12.13,0,0.04,5.35,3.53,0.59,0.05,0,0,0.06,0,0,0,8.49,1.7,0.13,2.1,0.09,
India,Haryana,"PLFS Year (Jul - Jun), 2021",Rural,Persons,43.98,0.12,12.02,0.33,0.4,15.68,9.66,4.59,0.35,0.01,0.78,0.04,0.76,1.4,2.04,3.92,0.92,0.3,2.52,0.16,
India,Haryana,"PLFS Year (Jul - Jun), 2021",Urban,Male,3.84,0.14,25.63,0.61,1.26,12.02,22.55,8.14,2.74,2.4,3.54,0.57,1.72,1.93,2.87,4.4,1.38,0.45,2.97,0.85,
India,Haryana,"PLFS Year (Jul - Jun), 2021",Urban,Female,6.79,0,22.24,0,0.31,5.06,12.49,0.4,0.73,3.09,2.7,0,0.56,0.5,2.09,21.04,7.67,0,8.86,5.46,
India,Haryana,"PLFS Year (Jul - Jun), 2021",Urban,Persons,4.42,0.11,24.96,0.49,1.07,10.65,20.57,6.61,2.34,2.54,3.38,0.46,1.49,1.65,2.71,7.68,2.62,0.36,4.13,1.76,
India,Haryana,"PLFS Year (Jul - Jun), 2021",Rural + Urban,Male,26.55,0.15,16.78,0.48,0.76,15.99,15.12,6.45,1.23,0.85,1.87,0.23,1.22,1.8,2.64,3.38,0.96,0.38,2.74,0.42,
India,Haryana,"PLFS Year (Jul - Jun), 2021",Rural + Urban,Female,44.62,0,15.75,0,0.14,5.25,6.74,0.52,0.29,1.11,0.97,0.04,0.2,0.18,0.75,12.99,3.84,0.08,4.53,2.02,
India,Haryana,"PLFS Year (Jul - Jun), 2021",Rural + Urban,Persons,30.05,0.12,16.58,0.39,0.64,13.91,13.5,5.3,1.05,0.9,1.7,0.19,1.02,1.49,2.27,5.24,1.52,0.32,3.09,0.73,
India,Himachal Pradesh,"PLFS Year (Jul - Jun), 2021",Rural,Male,41.37,0.38,8.56,0.68,0.63,20.66,7.71,7.36,1.68,0.34,0.86,0.05,0.82,0.62,2.78,3.45,0.45,0.7,0.71,0.2,
India,Himachal Pradesh,"PLFS Year (Jul - Jun), 2021",Rural,Female,82.65,0,4.21,0.05,0,2.5,1.83,0.09,0.14,0.28,0.16,0,0,0.06,0.92,5.52,0.96,0,0.27,0.36,
India,Himachal Pradesh,"PLFS Year (Jul - Jun), 2021",Rural,Persons,60.95,0.2,6.5,0.38,0.33,12.04,4.92,3.91,0.95,0.31,0.53,0.03,0.43,0.36,1.9,4.43,0.69,0.37,0.5,0.27,
India,Himachal Pradesh,"PLFS Year (Jul - Jun), 2021",Urban,Male,3.3,0.26,23.54,1.64,0.56,6.69,14.86,8.53,7.24,4.33,0.88,0.17,1.58,2.29,9.77,6.94,2.06,1.87,3.25,0.24,
India,Himachal Pradesh,"PLFS Year (Jul - Jun), 2021",Urban,Female,23.4,0,15.37,0,0,1.45,10.8,0.43,2.69,4.18,0.96,0,3.1,1.77,7.33,14.71,7.78,0,3.62,2.4,
India,Himachal Pradesh,"PLFS Year (Jul - Jun), 2021",Urban,Persons,8.87,0.19,21.28,1.19,0.4,5.24,13.74,6.29,5.98,4.29,0.9,0.12,2,2.15,9.1,9.09,3.64,1.35,3.35,0.84,
India,Himachal Pradesh,"PLFS Year (Jul - Jun), 2021",Rural + Urban,Male,37.53,0.37,10.07,0.78,0.63,19.25,8.43,7.48,2.24,0.74,0.86,0.06,0.9,0.79,3.48,3.8,0.62,0.82,0.97,0.2,
India,Himachal Pradesh,"PLFS Year (Jul - Jun), 2021",Rural + Urban,Female,79.96,0,4.72,0.04,0,2.45,2.23,0.1,0.26,0.46,0.19,0,0.14,0.14,1.21,5.94,1.27,0,0.42,0.45,
India,Himachal Pradesh,"PLFS Year (Jul - Jun), 2021",Rural + Urban,Persons,57.03,0.2,7.61,0.44,0.34,11.53,5.58,4.09,1.33,0.61,0.55,0.03,0.55,0.49,2.44,4.79,0.92,0.44,0.72,0.32,
India,Jammu and Kashmir,"PLFS Year (Jul - Jun), 2021",Rural,Male,24.71,0.12,8.09,0.49,0.94,28.32,14.8,6.52,2.25,0.24,1.08,0.13,0.21,0.43,5.69,3.93,0.95,0,1.11,0,
India,Jammu and Kashmir,"PLFS Year (Jul - Jun), 2021",Rural,Female,84.73,0,7.5,0,0,0.74,0.16,0,0,0,0.05,0,0.4,0,1.16,3.42,1.52,0,0.3,0.02,
India,Jammu and Kashmir,"PLFS Year (Jul - Jun), 2021",Rural,Persons,46.3,0.07,7.87,0.31,0.6,18.4,9.53,4.18,1.44,0.15,0.71,0.08,0.28,0.28,4.06,3.74,1.15,0,0.82,0.01,
India,Jammu and Kashmir,"PLFS Year (Jul - Jun), 2021",Urban,Male,4.17,0.3,12.54,0.92,1.72,20.69,24.66,9.74,3.48,1.07,1.18,0.27,0.95,0.86,8.39,4.6,1.31,0.32,1.97,0.85,
India,Jammu and Kashmir,"PLFS Year (Jul - Jun), 2021",Urban,Female,33.37,0,19.83,0,0.29,6.5,3.57,0.16,0.15,0.58,0.93,0,0.08,0.14,3.95,16.41,4.55,0.34,7.53,1.64,
India,Jammu and Kashmir,"PLFS Year (Jul - Jun), 2021",Urban,Persons,11.19,0.23,14.29,0.7,1.38,17.28,19.59,7.44,2.68,0.95,1.12,0.21,0.74,0.69,7.32,7.44,2.09,0.33,3.31,1.04,
India,Jammu and Kashmir,"PLFS Year (Jul - Jun), 2021",Rural + Urban,Male,21.02,0.15,8.89,0.56,1.08,26.95,16.57,7.1,2.47,0.39,1.1,0.15,0.34,0.51,6.18,4.05,1.01,0.06,1.26,0.15,
India,Jammu and Kashmir,"PLFS Year (Jul - Jun), 2021",Rural + Urban,Female,79.09,0,8.85,0,0.03,1.38,0.53,0.02,0.02,0.06,0.15,0,0.37,0.01,1.47,4.84,1.85,0.04,1.1,0.2,
India,Jammu and Kashmir,"PLFS Year (Jul - Jun), 2021",Rural + Urban,Persons,40.84,0.1,8.87,0.37,0.72,18.23,11.1,4.69,1.63,0.28,0.77,0.1,0.35,0.34,4.57,4.32,1.3,0.05,1.21,0.17,
India,Jharkhand,"PLFS Year (Jul - Jun), 2021",Rural,Male,40.41,1.54,6.88,0.03,0.06,29.04,9.33,6.04,1.25,0.15,0.46,0.25,0.14,0.53,0.58,1.65,0.38,0,0.76,0.51,
India,Jharkhand,"PLFS Year (Jul - Jun), 2021",Rural,Female,87.73,0.24,3.13,0,0,3.94,1.23,0.08,0.41,0,0,0,0,0,0.14,1.58,0.93,0,0.11,0.47,
India,Jharkhand,"PLFS Year (Jul - Jun), 2021",Rural,Persons,59.53,1.01,5.37,0.02,0.03,18.9,6.06,3.64,0.91,0.09,0.27,0.15,0.08,0.32,0.4,1.62,0.6,0,0.5,0.5,
India,Jharkhand,"PLFS Year (Jul - Jun), 2021",Urban,Male,4.27,3.77,22.14,0.68,0.69,13.59,22.29,8.5,4.35,1.42,2.43,0.94,2.06,1.92,1.94,4.03,0.69,0.21,3.32,0.75,
India,Jharkhand,"PLFS Year (Jul - Jun), 2021",Urban,Female,16.03,0.29,15.8,0,0.33,4.36,11.99,0,4.75,2.34,2.8,1,0,1.32,0.57,20.82,7.32,0,1.97,8.31,
India,Jharkhand,"PLFS Year (Jul - Jun), 2021",Urban,Persons,6.85,3,20.75,0.53,0.61,11.56,20.03,6.63,4.44,1.62,2.51,0.96,1.61,1.79,1.64,7.72,2.15,0.17,3.03,2.41,
India,Jharkhand,"PLFS Year (Jul - Jun), 2021",Rural + Urban,Male,33.63,1.95,9.75,0.15,0.17,26.14,11.76,6.51,1.83,0.39,0.83,0.38,0.5,0.79,0.84,2.1,0.44,0.04,1.24,0.56,
India,Jharkhand,"PLFS Year (Jul - Jun), 2021",Rural + Urban,Female,81.45,0.24,4.24,0,0.03,3.98,2.17,0.07,0.79,0.21,0.25,0.09,0,0.12,0.18,3.27,1.49,0,0.28,1.16,
India,Jharkhand,"PLFS Year (Jul - Jun), 2021",Rural + Urban,Persons,51.62,1.31,7.68,0.1,0.12,17.8,8.16,4.09,1.44,0.32,0.61,0.27,0.31,0.54,0.59,2.54,0.83,0.02,0.88,0.78,
India,Karnataka,"PLFS Year (Jul - Jun), 2021",Rural,Male,58.72,0.47,6.95,0.43,0.06,10.86,8.72,5.33,1.5,0.46,1.19,0,1.22,0.37,1.53,0.84,0.38,0.03,0.78,0.16,
India,Karnataka,"PLFS Year (Jul - Jun), 2021",Rural,Female,77.81,0,8.63,0,0,1.48,4.57,0.14,0.76,0.65,0.4,0,0,0.07,0.44,3.64,1.35,0,0.02,0.04,
India,Karnataka,"PLFS Year (Jul - Jun), 2021",Rural,Persons,64.74,0.32,7.48,0.29,0.04,7.9,7.41,3.69,1.27,0.52,0.94,0,0.84,0.27,1.19,1.72,0.69,0.02,0.54,0.13,
India,Karnataka,"PLFS Year (Jul - Jun), 2021",Urban,Male,5.13,0.17,17.31,0.46,0.67,14.7,20.86,8.69,4.15,9.48,2.85,1.46,1.68,1.55,2.37,2.76,1.13,0.39,2.59,1.61,
India,Karnataka,"PLFS Year (Jul - Jun), 2021",Urban,Female,8.32,0.06,21.46,0.05,0.88,2.71,8.18,0.44,4.65,11.11,2.9,0.37,1.53,3.4,2.47,12.15,5.34,0.09,2.73,11.16,
India,Karnataka,"PLFS Year (Jul - Jun), 2021",Urban,Persons,5.88,0.14,18.28,0.37,0.72,11.91,17.91,6.77,4.27,9.86,2.86,1.2,1.64,1.98,2.39,4.94,2.11,0.32,2.62,3.83,
India,Karnataka,"PLFS Year (Jul - Jun), 2021",Rural + Urban,Male,40.19,0.36,10.53,0.44,0.27,12.19,12.92,6.49,2.42,3.58,1.76,0.5,1.38,0.78,1.82,1.5,0.64,0.15,1.4,0.67,
India,Karnataka,"PLFS Year (Jul - Jun), 2021",Rural + Urban,Female,59.88,0.02,11.94,0.01,0.23,1.8,5.5,0.22,1.76,3.35,1.05,0.1,0.4,0.93,0.96,5.84,2.38,0.02,0.72,2.91,
India,Karnataka,"PLFS Year (Jul - Jun), 2021",Rural + Urban,Persons,45.88,0.26,10.94,0.32,0.26,9.19,10.77,4.68,2.23,3.51,1.55,0.39,1.1,0.82,1.57,2.75,1.14,0.12,1.21,1.31,
India,Kerala,"PLFS Year (Jul - Jun), 2021",Rural,Male,26.11,0.32,10.2,0.45,0.38,24.05,12.51,9.15,2.28,1.82,1.51,0.16,0.86,0.79,1.61,2.29,1.65,0.88,2.91,0.05,
India,Kerala,"PLFS Year (Jul - Jun), 2021",Rural,Female,36.59,0,10.65,0.02,0.65,14.52,7.74,0.29,1.68,0.78,2.51,0.05,0.93,3.16,1.82,8.61,6.4,0.16,1.11,2.32,
India,Kerala,"PLFS Year (Jul - Jun), 2021",Rural,Persons,29.97,0.2,10.37,0.29,0.48,20.54,10.76,5.89,2.06,1.44,1.88,0.12,0.89,1.67,1.69,4.62,3.4,0.61,2.25,0.88,
India,Kerala,"PLFS Year (Jul - Jun), 2021",Urban,Male,14.34,0.12,9.28,0.22,0.08,23.15,18.59,9.64,3.05,3.39,2.24,0.51,2.58,1.38,2.13,2.01,2.1,1.49,3.28,0.42,
India,Kerala,"PLFS Year (Jul - Jun), 2021",Urban,Female,20.15,0,13.15,0.28,0.4,8.84,11.7,1.76,1.8,3.59,4.21,0.03,1.75,1.9,2.84,9.49,8.57,0.26,2.84,6.44,
India,Kerala,"PLFS Year (Jul - Jun), 2021",Urban,Persons,16.24,0.08,10.54,0.24,0.18,18.48,16.35,7.07,2.65,3.46,2.88,0.36,2.31,1.55,2.36,4.45,4.21,1.09,3.14,2.38,
India,Kerala,"PLFS Year (Jul - Jun), 2021",Rural + Urban,Male,20.42,0.22,9.75,0.33,0.24,23.61,15.45,9.39,2.65,2.58,1.86,0.33,1.69,1.08,1.86,2.16,1.87,1.17,3.09,0.23,
India,Kerala,"PLFS Year (Jul - Jun), 2021",Rural + Urban,Female,29.39,0,11.74,0.13,0.54,12.03,9.48,0.94,1.74,2.01,3.26,0.04,1.29,2.61,2.26,9,7.35,0.2,1.87,4.12,
India,Kerala,"PLFS Year (Jul - Jun), 2021",Rural + Urban,Persons,23.54,0.15,10.45,0.26,0.34,19.58,13.37,6.44,2.33,2.38,2.35,0.23,1.55,1.61,2,4.54,3.78,0.83,2.66,1.58,
India,Ladakh,"PLFS Year (Jul - Jun), 2021",Rural,Male,14.51,0,1.09,0,0.97,39.29,5.34,18.04,0.77,0.07,0.52,0,0,1.54,10.23,7.22,0,0.4,0,0,
India,Ladakh,"PLFS Year (Jul - Jun), 2021",Rural,Female,76.2,0,2.18,0,0,0,0.35,0,0,0,0,0,0,0.85,2.27,1.75,15.66,0,0,0.75,
India,Ladakh,"PLFS Year (Jul - Jun), 2021",Rural,Persons,38.95,0,1.52,0,0.58,23.73,3.36,10.9,0.47,0.04,0.31,0,0,1.27,7.08,5.05,6.2,0.24,0,0.3,
India,Ladakh,"PLFS Year (Jul - Jun), 2021",Urban,Male,0.24,0,10.53,0.27,0.27,26.95,15.99,12.89,1.51,0,1.36,0,1.54,1.03,15.15,6.47,2.51,1.36,1.93,0,
India,Ladakh,"PLFS Year (Jul - Jun), 2021",Urban,Female,10.64,0,15.33,0.54,0,3.24,18.76,3.73,1.64,0,2.01,0,0,1.75,8.67,29.04,4.66,0,0,0,
India,Ladakh,"PLFS Year (Jul - Jun), 2021",Urban,Persons,3.74,0,12.14,0.36,0.18,18.96,16.93,9.8,1.55,0,1.58,0,1.02,1.27,12.97,14.07,3.24,0.9,1.28,0,
India,Ladakh,"PLFS Year (Jul - Jun), 2021",Rural + Urban,Male,13.23,0,1.93,0.02,0.91,38.18,6.3,17.58,0.84,0.06,0.6,0,0.14,1.5,10.67,7.16,0.23,0.49,0.17,0,
India,Ladakh,"PLFS Year (Jul - Jun), 2021",Rural + Urban,Female,71.55,0,3.11,0.04,0,0.23,1.65,0.27,0.12,0,0.14,0,0,0.92,2.72,3.68,14.88,0,0,0.7,
India,Ladakh,"PLFS Year (Jul - Jun), 2021",Rural + Urban,Persons,36.04,0,2.39,0.03,0.55,23.34,4.48,10.81,0.56,0.04,0.42,0,0.08,1.27,7.56,5.8,5.96,0.3,0.11,0.27,
India,Lakshadweep,"PLFS Year (Jul - Jun), 2021",Rural,Male,15.6,0,6.03,0,0,12.85,1.01,20.86,10.06,0,0,0,0,0.07,17.41,2.44,5.43,0,8.23,0,
India,Lakshadweep,"PLFS Year (Jul - Jun), 2021",Rural,Female,33.96,0,29.76,0,0,0,0,0,0,0.71,0,0,0,20.51,4.13,4.13,6.82,0,0,0,
India,Lakshadweep,"PLFS Year (Jul - Jun), 2021",Rural,Persons,18.82,0,10.18,0,0,10.6,0.84,17.21,8.3,0.12,0,0,0,3.65,15.09,2.73,5.67,0,6.79,0,
India,Lakshadweep,"PLFS Year (Jul - Jun), 2021",Urban,Male,16.09,0,8.91,3.16,0,16.04,8.47,12.68,4.28,0.87,0,0,2.97,1.64,16.04,4.69,0,1.35,2.82,0,
India,Lakshadweep,"PLFS Year (Jul - Jun), 2021",Urban,Female,4.99,0,13.37,0,0,5.65,0,0,0,0,0,0,5.65,0,10.65,31.49,22.53,0,5.68,0,
India,Lakshadweep,"PLFS Year (Jul - Jun), 2021",Urban,Persons,14.61,0,9.51,2.73,0,14.65,7.34,10.99,3.71,0.75,0,0,3.33,1.42,15.32,8.27,3.01,1.17,3.2,0,
India,Lakshadweep,"PLFS Year (Jul - Jun), 2021",Rural + Urban,Male,15.94,0,8.06,2.22,0,15.09,6.26,15.11,6,0.61,0,0,2.09,1.17,16.45,4.02,1.61,0.95,4.42,0,
India,Lakshadweep,"PLFS Year (Jul - Jun), 2021",Rural + Urban,Female,15.63,0,19.39,0,0,3.57,0,0,0,0.26,0,0,3.57,7.53,8.25,21.44,16.76,0,3.59,0,
India,Lakshadweep,"PLFS Year (Jul - Jun), 2021",Rural + Urban,Persons,15.9,0,9.71,1.9,0,13.41,5.34,12.9,5.12,0.56,0,0,2.31,2.1,15.25,6.57,3.83,0.81,4.3,0,
India,Madhya Pradesh,"PLFS Year (Jul - Jun), 2021",Rural,Male,68.24,0.64,3.63,0.3,0.02,14.06,5.63,2.35,0.84,0.21,0.24,0.03,0.09,0.58,0.74,1.13,0.35,0.02,0.73,0.17,
India,Madhya Pradesh,"PLFS Year (Jul - Jun), 2021",Rural,Female,83.82,0.17,5.67,0,0.09,5.64,1.57,0,0.06,0.03,0,0,0,0,0.1,1.27,0.93,0,0.61,0.04,
India,Madhya Pradesh,"PLFS Year (Jul - Jun), 2021",Rural,Persons,73.67,0.48,4.34,0.2,0.04,11.13,4.22,1.53,0.56,0.15,0.16,0.02,0.06,0.38,0.52,1.18,0.55,0.01,0.69,0.12,
India,Madhya Pradesh,"PLFS Year (Jul - Jun), 2021",Urban,Male,7.92,0.68,13.9,1.2,1.46,13.68,24.92,8.27,4.3,1.84,1.59,0.69,2.06,1.4,5.81,4.52,2.04,0.61,2.39,0.72,
India,Madhya Pradesh,"PLFS Year (Jul - Jun), 2021",Urban,Female,17.59,0,22.83,0.2,0.42,4.82,13.01,0.54,2.48,1.51,1.21,0.22,0.9,0.08,3.39,12.68,6.76,0.61,2.99,7.76,
India,Madhya Pradesh,"PLFS Year (Jul - Jun), 2021",Urban,Persons,10.09,0.53,15.91,0.98,1.23,11.69,22.24,6.54,3.89,1.77,1.51,0.58,1.8,1.11,5.27,6.35,3.1,0.61,2.52,2.3,
India,Madhya Pradesh,"PLFS Year (Jul - Jun), 2021",Rural + Urban,Male,54.6,0.65,5.95,0.51,0.35,13.97,9.99,3.69,1.62,0.58,0.55,0.18,0.54,0.77,1.89,1.9,0.73,0.15,1.11,0.29,
India,Madhya Pradesh,"PLFS Year (Jul - Jun), 2021",Rural + Urban,Female,74.79,0.15,8.01,0.03,0.13,5.53,3.13,0.07,0.39,0.23,0.17,0.03,0.12,0.01,0.55,2.83,1.73,0.08,0.93,1.09,
India,Madhya Pradesh,"PLFS Year (Jul - Jun), 2021",Rural + Urban,Persons,61.15,0.49,6.62,0.35,0.28,11.24,7.77,2.52,1.22,0.47,0.42,0.13,0.4,0.52,1.45,2.2,1.05,0.13,1.05,0.55,
India,Maharashtra,"PLFS Year (Jul - Jun), 2021",Rural,Male,61.25,0.17,8.69,0.22,0.05,7.63,8,4.71,1.07,0.29,0.78,0.05,0.56,0.94,1.3,1.71,0.64,0.17,1.64,0.13,
India,Maharashtra,"PLFS Year (Jul - Jun), 2021",Rural,Female,84.92,0,5.33,0.1,0,0.9,2.77,0.19,0.59,0.11,0.07,0,0,0.05,0.47,3.04,0.63,0,0.3,0.52,
India,Maharashtra,"PLFS Year (Jul - Jun), 2021",Rural,Persons,69.95,0.11,7.45,0.17,0.03,5.16,6.08,3.05,0.89,0.23,0.52,0.03,0.35,0.62,0.99,2.2,0.64,0.11,1.15,0.27,
India,Maharashtra,"PLFS Year (Jul - Jun), 2021",Urban,Male,4.17,0.18,20.25,0.68,0.61,9.41,19.16,9.53,3.68,6.16,4.39,1.45,2.31,4.48,3.28,2.67,1.96,0.9,2.84,1.9,
India,Maharashtra,"PLFS Year (Jul - Jun), 2021",Urban,Female,4.78,0.06,21.98,0.22,0.28,1.85,11.87,0.57,3.46,5.59,4,0.29,3.03,3.95,2.02,9.49,8.45,0.53,4.02,13.54,
India,Maharashtra,"PLFS Year (Jul - Jun), 2021",Urban,Persons,4.33,0.15,20.69,0.56,0.52,7.47,17.28,7.22,3.63,6.01,4.29,1.15,2.5,4.34,2.95,4.42,3.63,0.81,3.14,4.9,
India,Maharashtra,"PLFS Year (Jul - Jun), 2021",Rural + Urban,Male,37.08,0.17,13.58,0.41,0.29,8.39,12.73,6.75,2.18,2.78,2.31,0.64,1.3,2.44,2.14,2.12,1.2,0.48,2.15,0.88,
India,Maharashtra,"PLFS Year (Jul - Jun), 2021",Rural + Urban,Female,60.51,0.02,10.4,0.14,0.08,1.19,5.54,0.31,1.46,1.78,1.27,0.09,0.92,1.24,0.94,5.01,3.01,0.16,1.43,4.49,
India,Maharashtra,"PLFS Year (Jul - Jun), 2021",Rural + Urban,Persons,44.7,0.12,12.55,0.32,0.22,6.05,10.39,4.66,1.94,2.45,1.97,0.46,1.18,2.05,1.75,3.06,1.79,0.38,1.92,2.05,
India,Manipur,"PLFS Year (Jul - Jun), 2021",Rural,Male,47.61,0.14,4.11,0,0.35,10.13,9.09,4.64,0.39,0.32,0.25,0,0.74,3.81,10.45,5.75,0.34,0.07,1.24,0.56,
India,Manipur,"PLFS Year (Jul - Jun), 2021",Rural,Female,33.4,0.39,32.6,0,0,1.2,10.62,0.23,1.56,0,0,0,0.07,1.47,1.46,12.46,3.12,0,0.31,1.1,
India,Manipur,"PLFS Year (Jul - Jun), 2021",Rural,Persons,44.24,0.2,10.88,0,0.27,8.01,9.45,3.59,0.67,0.24,0.19,0,0.58,3.26,8.32,7.35,1,0.06,1.02,0.69,
India,Manipur,"PLFS Year (Jul - Jun), 2021",Urban,Male,17.75,0.21,7.49,0.06,0.14,12.57,19.36,7.88,1.71,0.69,0.89,0,1.88,8.95,9.82,5.6,1.24,0.62,2.38,0.77,
India,Manipur,"PLFS Year (Jul - Jun), 2021",Urban,Female,8.45,0.13,37.63,0.32,0.07,0.52,19.71,0.3,2.16,0,0.56,0,0.97,5.29,0.27,15.24,7.7,0,0.55,0.11,
India,Manipur,"PLFS Year (Jul - Jun), 2021",Urban,Persons,15.2,0.19,15.77,0.13,0.12,9.26,19.46,5.8,1.83,0.5,0.8,0,1.63,7.95,7.19,8.25,3.01,0.45,1.88,0.59,
India,Manipur,"PLFS Year (Jul - Jun), 2021",Rural + Urban,Male,39.57,0.16,5.02,0.02,0.29,10.79,11.85,5.51,0.75,0.42,0.42,0,1.05,5.2,10.28,5.71,0.59,0.22,1.55,0.61,
India,Manipur,"PLFS Year (Jul - Jun), 2021",Rural + Urban,Female,25.68,0.31,34.15,0.1,0.02,0.99,13.43,0.25,1.75,0,0.17,0,0.35,2.66,1.09,13.32,4.53,0,0.39,0.8,
India,Manipur,"PLFS Year (Jul - Jun), 2021",Rural + Urban,Persons,36.13,0.2,12.24,0.04,0.22,8.36,12.24,4.21,0.99,0.31,0.36,0,0.87,4.57,8,7.6,1.56,0.17,1.26,0.66,
India,Meghalaya,"PLFS Year (Jul - Jun), 2021",Rural,Male,44.46,1.3,3.97,1.73,0.62,18.6,9.57,9.7,1.09,0.08,0,0,0,0.37,2.83,4.3,0.4,0.58,0.34,0.06,
India,Meghalaya,"PLFS Year (Jul - Jun), 2021",Rural,Female,54.7,0.69,1.87,0,0.54,14.05,6.79,0.04,5.83,0.27,0,0,0,0,1.97,5.46,3.29,0,4.45,0.04,
India,Meghalaya,"PLFS Year (Jul - Jun), 2021",Rural,Persons,48.67,1.05,3.11,1.02,0.59,16.73,8.43,5.72,3.04,0.16,0,0,0,0.22,2.48,4.78,1.59,0.34,2.03,0.05,
India,Meghalaya,"PLFS Year (Jul - Jun), 2021",Urban,Male,4.41,0,4.62,1.51,0.6,21.05,14.55,9.4,3.62,0.28,4.34,0.25,1.88,1.26,17.95,6.91,2.47,2.53,2.21,0.16,
India,Meghalaya,"PLFS Year (Jul - Jun), 2021",Urban,Female,1.12,0,2.78,0,0.19,0.77,18.33,0.48,10.87,0.15,2.09,0.59,0,2.06,15.77,18.89,9.98,0.6,13,2.35,
India,Meghalaya,"PLFS Year (Jul - Jun), 2021",Urban,Persons,3.22,0,3.95,0.97,0.45,13.7,15.92,6.17,6.25,0.23,3.52,0.37,1.2,1.55,17.16,11.25,5.19,1.83,6.12,0.95,
India,Meghalaya,"PLFS Year (Jul - Jun), 2021",Rural + Urban,Male,38.87,1.12,4.06,1.7,0.62,18.94,10.26,9.66,1.44,0.11,0.6,0.03,0.26,0.49,4.94,4.67,0.69,0.85,0.6,0.07,
India,Meghalaya,"PLFS Year (Jul - Jun), 2021",Rural + Urban,Female,48.47,0.61,1.98,0,0.5,12.51,8.13,0.09,6.42,0.26,0.24,0.07,0,0.24,3.57,7.02,4.07,0.07,5.45,0.31,
India,Meghalaya,"PLFS Year (Jul - Jun), 2021",Rural + Urban,Persons,42.76,0.91,3.22,1.01,0.57,16.34,9.4,5.78,3.46,0.17,0.46,0.05,0.16,0.39,4.39,5.62,2.06,0.54,2.56,0.17,
India,Mizoram,"PLFS Year (Jul - Jun), 2021",Rural,Male,52.25,0,2.7,0,0.36,9.04,10.71,7.61,0.73,0,0.24,0,0.16,1.61,3.34,9.33,1.53,0,0.25,0.13,
India,Mizoram,"PLFS Year (Jul - Jun), 2021",Rural,Female,70.36,0,4.34,0,0,0,16.74,0,1.2,0,0,0,0,1.84,0.44,2.77,2.13,0,0.17,0,
India,Mizoram,"PLFS Year (Jul - Jun), 2021",Rural,Persons,58.01,0,3.22,0,0.24,6.17,12.63,5.19,0.88,0,0.16,0,0.11,1.68,2.42,7.25,1.72,0,0.23,0.09,
India,Mizoram,"PLFS Year (Jul - Jun), 2021",Urban,Male,14.76,0.91,6.54,0.37,0.68,12.77,14.62,10.11,1.78,0.48,1.33,0,1.5,7.33,16.48,8.07,1.07,0.09,0.99,0.11,
India,Mizoram,"PLFS Year (Jul - Jun), 2021",Urban,Female,23.22,0,6.02,0.23,0,0.12,39.81,0,5.54,0.48,0.65,0,0,4.33,4.22,6.76,6.27,0,2.23,0.12,
India,Mizoram,"PLFS Year (Jul - Jun), 2021",Urban,Persons,17.4,0.62,6.38,0.32,0.47,8.83,22.47,6.96,2.95,0.48,1.12,0,1.03,6.4,12.66,7.66,2.69,0.06,1.38,0.11,
India,Mizoram,"PLFS Year (Jul - Jun), 2021",Rural + Urban,Male,35.82,0.4,4.38,0.16,0.5,10.68,12.43,8.71,1.19,0.21,0.72,0,0.75,4.12,9.1,8.78,1.33,0.04,0.58,0.12,
India,Mizoram,"PLFS Year (Jul - Jun), 2021",Rural + Urban,Female,50.01,0,5.06,0.1,0,0.05,26.7,0,3.07,0.21,0.28,0,0,2.91,2.07,4.49,3.92,0,1.06,0.05,
India,Mizoram,"PLFS Year (Jul - Jun), 2021",Rural + Urban,Persons,40.29,0.27,4.6,0.14,0.34,7.33,16.92,5.96,1.78,0.21,0.58,0,0.51,3.74,6.89,7.43,2.15,0.03,0.73,0.1,
India,Nagaland,"PLFS Year (Jul - Jun), 2021",Rural,Male,40.02,0.73,6.94,2.04,0.07,10.7,5.39,6.9,0.03,0.42,0.71,0,1.21,4.59,2.23,13.42,1.49,0,3.14,0,
India,Nagaland,"PLFS Year (Jul - Jun), 2021",Rural,Female,72.46,0,1.74,0,0.13,1.24,7.78,0,0,0,0,0,0.74,2.79,1.35,6.48,1.68,0.1,3.34,0.17,
India,Nagaland,"PLFS Year (Jul - Jun), 2021",Rural,Persons,52.83,0.44,4.89,1.23,0.09,6.97,6.33,4.17,0.02,0.25,0.43,0,1.02,3.88,1.88,10.68,1.56,0.04,3.22,0.07,
India,Nagaland,"PLFS Year (Jul - Jun), 2021",Urban,Male,8.64,0,3.45,1.11,0.33,10.88,21.05,11.35,0.35,0.2,1.26,0,1.72,14.93,11.48,8.54,1.32,0.25,3.16,0,
India,Nagaland,"PLFS Year (Jul - Jun), 2021",Urban,Female,27.27,0,2.82,0,0,1.16,37.65,0,4.96,0,0.31,0,1.27,4.1,1.32,10.79,5.89,0.96,1.49,0,
India,Nagaland,"PLFS Year (Jul - Jun), 2021",Urban,Persons,14.68,0,3.25,0.75,0.22,7.73,26.42,7.67,1.84,0.14,0.95,0,1.57,11.42,8.19,9.27,2.8,0.48,2.62,0,
India,Nagaland,"PLFS Year (Jul - Jun), 2021",Rural + Urban,Male,33,0.56,6.16,1.83,0.12,10.74,8.89,7.89,0.1,0.37,0.83,0,1.33,6.91,4.3,12.32,1.45,0.06,3.14,0,
India,Nagaland,"PLFS Year (Jul - Jun), 2021",Rural + Urban,Female,64.57,0,1.93,0,0.11,1.23,13,0,0.87,0,0.05,0,0.83,3.02,1.35,7.23,2.41,0.25,3.02,0.14,
India,Nagaland,"PLFS Year (Jul - Jun), 2021",Rural + Urban,Persons,45,0.35,4.55,1.13,0.12,7.12,10.45,4.89,0.39,0.23,0.54,0,1.14,5.43,3.18,10.39,1.82,0.13,3.1,0.05,
India,Odisha,"PLFS Year (Jul - Jun), 2021",Rural,Male,43.23,1.23,5.1,0.3,0.05,22.71,11.51,6.8,1.91,0.26,0.52,0.03,0.28,0.78,0.75,2.33,0.36,0.17,1.52,0.14,
India,Odisha,"PLFS Year (Jul - Jun), 2021",Rural,Female,67.94,0.43,9.81,0.05,0,8.83,4.08,0.03,0.72,0.07,0.01,0,0,0.08,0.17,6.28,0.82,0,0.37,0.32,
India,Odisha,"PLFS Year (Jul - Jun), 2021",Rural,Persons,51.04,0.97,6.59,0.22,0.03,18.32,9.16,4.66,1.54,0.2,0.36,0.02,0.19,0.56,0.57,3.58,0.51,0.12,1.16,0.19,
India,Odisha,"PLFS Year (Jul - Jun), 2021",Urban,Male,5.26,2.25,15.8,0.74,0.06,16.06,20.62,11.41,5.76,2.57,2.24,0.36,1.47,2.52,4.44,3.44,1.9,0.41,2.39,0.3,
India,Odisha,"PLFS Year (Jul - Jun), 2021",Urban,Female,14.26,0.85,16.35,0,0,14.83,16.13,0,2.2,1.04,1.57,0,0.42,1.57,1.76,13.32,5.81,0.04,5.08,4.77,
India,Odisha,"PLFS Year (Jul - Jun), 2021",Urban,Persons,7.12,1.96,15.92,0.59,0.05,15.81,19.69,9.05,5.02,2.26,2.1,0.28,1.25,2.33,3.89,5.48,2.7,0.34,2.94,1.22,
India,Odisha,"PLFS Year (Jul - Jun), 2021",Rural + Urban,Male,37.87,1.37,6.61,0.36,0.05,21.77,12.8,7.45,2.46,0.59,0.76,0.08,0.45,1.02,1.27,2.49,0.58,0.21,1.65,0.16,
India,Odisha,"PLFS Year (Jul - Jun), 2021",Rural + Urban,Female,63.39,0.46,10.36,0.05,0,9.34,5.1,0.02,0.84,0.15,0.14,0,0.04,0.21,0.31,6.88,1.24,0,0.77,0.69,
India,Odisha,"PLFS Year (Jul - Jun), 2021",Rural + Urban,Persons,45.6,1.1,7.75,0.27,0.03,18.01,10.47,5.2,1.97,0.46,0.57,0.05,0.32,0.78,0.98,3.82,0.78,0.15,1.38,0.32,
India,Puducherry,"PLFS Year (Jul - Jun), 2021",Rural,Male,31.32,0,13.49,0,0,18.52,5.47,4.1,3.83,0.16,0.31,0,1.69,2.58,11.78,4.15,0.28,0.84,1.07,0.41,
India,Puducherry,"PLFS Year (Jul - Jun), 2021",Rural,Female,44.25,0,20.61,0,0,2.79,10.73,0,0.87,0,0,0,0,0,0.4,4.32,13.84,0,0,2.21,
India,Puducherry,"PLFS Year (Jul - Jun), 2021",Rural,Persons,36.95,0,16.59,0,0,11.67,7.76,2.32,2.54,0.09,0.18,0,0.95,1.46,6.82,4.22,6.18,0.47,0.6,1.19,
India,Puducherry,"PLFS Year (Jul - Jun), 2021",Urban,Male,6.64,0.97,13.78,0.82,0.04,12.04,23.77,7.4,3.05,5.12,1.98,0.49,2.78,1.64,6.86,3.96,2.67,0.78,4.52,0.69,
India,Puducherry,"PLFS Year (Jul - Jun), 2021",Urban,Female,4.15,0,17.54,0,0,2.56,13.94,0.64,2.32,12.71,1.78,0,2.4,0,6.37,14.24,11.05,0.35,0.61,9.36,
India,Puducherry,"PLFS Year (Jul - Jun), 2021",Urban,Persons,5.93,0.69,14.85,0.59,0.03,9.34,20.97,5.48,2.84,7.28,1.92,0.35,2.67,1.17,6.72,6.88,5.06,0.66,3.4,3.15,
India,Puducherry,"PLFS Year (Jul - Jun), 2021",Rural + Urban,Male,15.45,0.62,13.68,0.53,0.02,14.35,17.24,6.23,3.33,3.35,1.39,0.32,2.39,1.98,8.61,4.02,1.82,0.8,3.28,0.59,
India,Puducherry,"PLFS Year (Jul - Jun), 2021",Rural + Urban,Female,24.93,0,19.13,0,0,2.68,12.28,0.31,1.57,6.12,0.86,0,1.16,0,3.27,9.1,12.49,0.17,0.29,5.65,
India,Puducherry,"PLFS Year (Jul - Jun), 2021",Rural + Urban,Persons,18.74,0.41,15.57,0.34,0.01,10.3,15.52,4.17,2.72,4.31,1.2,0.21,1.96,1.29,6.76,5.78,5.52,0.58,2.25,2.34,
India,Punjab,"PLFS Year (Jul - Jun), 2021",Rural,Male,34.17,0.24,13.09,0.79,0.37,26.22,8.74,3.53,2.36,0.28,0.31,0.04,0.56,1.01,0.99,1.34,1.12,0.16,3.06,1.61,
India,Punjab,"PLFS Year (Jul - Jun), 2021",Rural,Female,46.78,0,13.4,0,0,7.79,2.83,0.85,1,0,0.34,0,0.61,0,0.57,7.46,1.94,0,4.8,11.62,
India,Punjab,"PLFS Year (Jul - Jun), 2021",Rural,Persons,37.02,0.19,13.16,0.61,0.29,22.06,7.41,2.93,2.05,0.21,0.32,0.03,0.58,0.78,0.89,2.72,1.31,0.13,3.45,3.87,
India,Punjab,"PLFS Year (Jul - Jun), 2021",Urban,Male,3.46,0,29.66,0.34,0.51,12.61,24.65,4.46,3.89,1.61,2.09,0.98,1.66,2,2.05,2.43,1.17,0.54,4.66,1.25,
India,Punjab,"PLFS Year (Jul - Jun), 2021",Urban,Female,4.13,0.93,20.09,0.06,0.29,1.66,11.62,0.14,1.91,2.12,1.26,0,2,0.38,1.82,25.41,4.31,0.67,7.57,13.63,
India,Punjab,"PLFS Year (Jul - Jun), 2021",Urban,Persons,3.59,0.18,27.77,0.28,0.46,10.45,22.08,3.61,3.5,1.71,1.93,0.78,1.73,1.68,2,6.96,1.79,0.57,5.23,3.69,
India,Punjab,"PLFS Year (Jul - Jun), 2021",Rural + Urban,Male,23.36,0.16,18.92,0.63,0.42,21.43,14.34,3.86,2.9,0.75,0.94,0.37,0.95,1.36,1.36,1.72,1.14,0.3,3.62,1.48,
India,Punjab,"PLFS Year (Jul - Jun), 2021",Rural + Urban,Female,33.39,0.29,15.5,0.02,0.09,5.87,5.59,0.63,1.28,0.67,0.63,0,1.05,0.12,0.96,13.1,2.68,0.21,5.67,12.25,
India,Punjab,"PLFS Year (Jul - Jun), 2021",Rural + Urban,Persons,25.53,0.19,18.18,0.5,0.35,18.07,12.45,3.16,2.55,0.73,0.87,0.29,0.97,1.09,1.27,4.18,1.47,0.28,4.06,3.81,
India,Rajasthan,"PLFS Year (Jul - Jun), 2021",Rural,Male,52.37,1.25,8.44,0.38,0.24,17.34,6.89,3.91,1.13,0.45,0.69,0.01,0.1,0.9,0.93,1.66,0.74,0.06,1.85,0.65,
India,Rajasthan,"PLFS Year (Jul - Jun), 2021",Rural,Female,85.38,0.54,2.59,0,0,7.15,1.16,0,0.03,0,0,0,0,0.03,0.23,0.82,1.78,0,0.07,0.22,
India,Rajasthan,"PLFS Year (Jul - Jun), 2021",Rural,Persons,65.48,0.97,6.12,0.23,0.14,13.29,4.62,2.36,0.69,0.27,0.42,0,0.06,0.55,0.65,1.32,1.15,0.04,1.14,0.48,
India,Rajasthan,"PLFS Year (Jul - Jun), 2021",Urban,Male,4.12,0.71,16.2,0.83,1.16,16.3,25.95,7.49,2.97,2.43,2.45,0.4,2.19,2.89,2.72,5.63,1.81,0.48,3.01,0.24,
India,Rajasthan,"PLFS Year (Jul - Jun), 2021",Urban,Female,24.99,0.17,21.77,0.14,0.09,4.17,6.46,0.33,1.63,0.23,0.54,0,0.55,1.72,2.95,17.29,3.56,0.36,5.87,7.16,
India,Rajasthan,"PLFS Year (Jul - Jun), 2021",Urban,Persons,8.27,0.6,17.31,0.69,0.94,13.89,22.08,6.07,2.71,1.99,2.07,0.32,1.87,2.66,2.76,7.95,2.16,0.45,3.58,1.62,
India,Rajasthan,"PLFS Year (Jul - Jun), 2021",Rural + Urban,Male,40.05,1.11,10.42,0.49,0.47,17.07,11.76,4.83,1.6,0.96,1.14,0.11,0.64,1.41,1.39,2.67,1.01,0.17,2.15,0.55,
India,Rajasthan,"PLFS Year (Jul - Jun), 2021",Rural + Urban,Female,78.48,0.5,4.78,0.02,0.01,6.81,1.76,0.04,0.21,0.03,0.06,0,0.06,0.22,0.54,2.7,1.98,0.04,0.73,1.02,
India,Rajasthan,"PLFS Year (Jul - Jun), 2021",Rural + Urban,Persons,53.74,0.89,8.41,0.32,0.31,13.42,8.2,3.12,1.11,0.62,0.76,0.07,0.43,0.98,1.09,2.68,1.36,0.12,1.64,0.72,
India,Sikkim,"PLFS Year (Jul - Jun), 2021",Rural,Male,36.91,0,2.27,0.62,0.2,17.85,2.94,12.01,1.44,0,0.3,0,0,0.49,20.6,2.69,0.28,0.32,1.08,0,
India,Sikkim,"PLFS Year (Jul - Jun), 2021",Rural,Female,61.43,0,2.42,0,0,7.31,3.02,0.37,2.43,0,0.06,0,0.03,0,13.87,5.64,3.01,0,0.41,0,
India,Sikkim,"PLFS Year (Jul - Jun), 2021",Rural,Persons,47.13,0,2.33,0.36,0.12,13.46,2.98,7.16,1.85,0,0.2,0,0.01,0.29,17.79,3.92,1.42,0.19,0.8,0,
India,Sikkim,"PLFS Year (Jul - Jun), 2021",Urban,Male,1.24,0,14.42,0.61,0,13.67,19.18,15.31,6.94,0.36,0.89,0,0.24,0.36,18.3,2.4,1.17,1.31,3.6,0,
India,Sikkim,"PLFS Year (Jul - Jun), 2021",Urban,Female,2.75,0,11.03,0,0,9.01,32.88,0,7.16,0,0,0,0.63,0.84,20.51,6.02,4.19,0.95,3.77,0.25,
India,Sikkim,"PLFS Year (Jul - Jun), 2021",Urban,Persons,1.66,0,13.48,0.44,0,12.39,22.96,11.08,7,0.26,0.65,0,0.35,0.49,18.91,3.4,2.01,1.21,3.65,0.07,
India,Sikkim,"PLFS Year (Jul - Jun), 2021",Rural + Urban,Male,29.86,0,4.67,0.62,0.16,17.02,6.15,12.66,2.53,0.07,0.42,0,0.05,0.47,20.15,2.63,0.46,0.51,1.58,0,
India,Sikkim,"PLFS Year (Jul - Jun), 2021",Rural + Urban,Female,54.61,0,3.42,0,0,7.51,6.5,0.32,2.98,0,0.05,0,0.1,0.1,14.64,5.69,3.15,0.11,0.8,0.03,
India,Sikkim,"PLFS Year (Jul - Jun), 2021",Rural + Urban,Persons,39.59,0,4.18,0.37,0.1,13.28,6.29,7.81,2.71,0.04,0.27,0,0.07,0.32,17.98,3.83,1.52,0.36,1.27,0.01,
India,Tamil Nadu,"PLFS Year (Jul - Jun), 2021",Rural,Male,39.55,0.26,11.18,0.36,0.27,19.3,9.28,8.31,2.75,1.31,1.58,0.06,0.21,0.69,0.9,1.5,0.54,0.18,1.49,0.27,
India,Tamil Nadu,"PLFS Year (Jul - Jun), 2021",Rural,Female,55.56,0,10.05,0.05,0.47,21.38,3.69,0.17,1.49,0.42,0.55,0,0.02,0.18,0.76,3.01,1.29,0.02,0.36,0.52,
India,Tamil Nadu,"PLFS Year (Jul - Jun), 2021",Rural,Persons,46.15,0.15,10.72,0.23,0.36,20.16,6.98,4.95,2.23,0.94,1.16,0.03,0.13,0.48,0.84,2.12,0.85,0.12,1.02,0.37,
India,Tamil Nadu,"PLFS Year (Jul - Jun), 2021",Urban,Male,6.58,0.36,26.15,0.6,0.92,13.12,16.18,8.36,4.09,6.52,2.72,0.6,2.38,1.2,1.83,2.21,1.31,0.49,3.31,1.05,
India,Tamil Nadu,"PLFS Year (Jul - Jun), 2021",Urban,Female,11.65,0.04,31.08,0.06,0.56,5.11,12.24,0.66,4.02,5.93,2.37,0.06,1.62,1.47,1.98,9.18,4.19,0.18,2.27,5.33,
India,Tamil Nadu,"PLFS Year (Jul - Jun), 2021",Urban,Persons,8,0.27,27.53,0.45,0.82,10.88,15.07,6.2,4.07,6.36,2.63,0.45,2.17,1.27,1.87,4.17,2.12,0.41,3.02,2.25,
India,Tamil Nadu,"PLFS Year (Jul - Jun), 2021",Rural + Urban,Male,24.8,0.3,17.88,0.47,0.56,16.54,12.37,8.33,3.35,3.64,2.09,0.3,1.18,0.92,1.31,1.82,0.88,0.32,2.31,0.62,
India,Tamil Nadu,"PLFS Year (Jul - Jun), 2021",Rural + Urban,Female,41.93,0.01,16.58,0.05,0.5,16.33,6.35,0.32,2.27,2.13,1.12,0.02,0.52,0.58,1.14,4.93,2.19,0.07,0.95,2.01,
India,Tamil Nadu,"PLFS Year (Jul - Jun), 2021",Rural + Urban,Persons,30.96,0.2,17.41,0.32,0.54,16.46,10.2,5.45,2.96,3.1,1.74,0.2,0.94,0.8,1.25,2.94,1.35,0.23,1.82,1.12,
India,Telangana,"PLFS Year (Jul - Jun), 2021",Rural,Male,64.66,0.09,6.59,0.48,0.51,8.65,5.24,5.58,0.31,1.05,0.7,0.19,0.2,1.09,2.18,0.61,0.34,0,1.33,0.23,
India,Telangana,"PLFS Year (Jul - Jun), 2021",Rural,Female,74,0,14.91,0,0,3.63,3.87,0,0.15,0.08,0.12,0,0,0,0.96,1.67,0.08,0,0.29,0.25,
India,Telangana,"PLFS Year (Jul - Jun), 2021",Rural,Persons,68.5,0.05,10.01,0.28,0.3,6.59,4.67,3.28,0.24,0.65,0.46,0.11,0.12,0.64,1.68,1.04,0.23,0,0.9,0.24,
India,Telangana,"PLFS Year (Jul - Jun), 2021",Urban,Male,5.17,0.74,14.96,0.53,0.66,12.3,19.42,9.37,3.93,9.95,4.1,2.01,2.57,1.8,2.68,2.96,1.68,0.8,2.34,2.01,
India,Telangana,"PLFS Year (Jul - Jun), 2021",Urban,Female,9.98,0,22.66,0.5,0.54,5.47,16.04,1.42,2.64,8.52,1.7,0.24,0,0.08,1.12,9.1,5.92,0,3.21,10.84,
India,Telangana,"PLFS Year (Jul - Jun), 2021",Urban,Persons,6.4,0.55,16.93,0.52,0.63,10.56,18.56,7.34,3.6,9.58,3.49,1.56,1.91,1.36,2.28,4.53,2.76,0.59,2.57,4.27,
India,Telangana,"PLFS Year (Jul - Jun), 2021",Rural + Urban,Male,44.57,0.31,9.42,0.5,0.56,9.89,10.03,6.86,1.53,4.06,1.85,0.81,1,1.33,2.35,1.4,0.79,0.27,1.67,0.83,
India,Telangana,"PLFS Year (Jul - Jun), 2021",Rural + Urban,Female,61.17,0,16.46,0.1,0.11,4,6.31,0.29,0.65,1.77,0.44,0.05,0,0.02,0.99,3.16,1.25,0,0.87,2.37,
India,Telangana,"PLFS Year (Jul - Jun), 2021",Rural + Urban,Persons,50.65,0.19,12,0.35,0.39,7.73,8.66,4.45,1.21,3.22,1.33,0.53,0.63,0.85,1.85,2.04,0.96,0.17,1.38,1.39,
India,The Dadra and Nagar Haveli and Daman and Diu,"PLFS Year (Jul - Jun), 2021",Rural,Male,23.18,0,51.86,0,0,3.69,5.45,3.36,4.16,0,0,0.53,1.08,1.9,0.9,0.22,1.58,0,0,2.1,
India,The Dadra and Nagar Haveli and Daman and Diu,"PLFS Year (Jul - Jun), 2021",Rural,Female,70.88,0,14.18,0,0,1.07,3.69,0,1.42,0,0,0,0.76,0,1.53,5.82,0.23,0,0,0.4,
India,The Dadra and Nagar Haveli and Daman and Diu,"PLFS Year (Jul - Jun), 2021",Rural,Persons,40.43,0,38.24,0,0,2.74,4.82,2.14,3.17,0,0,0.34,0.97,1.21,1.13,2.24,1.09,0,0,1.49,
India,The Dadra and Nagar Haveli and Daman and Diu,"PLFS Year (Jul - Jun), 2021",Urban,Male,5.76,0,74,0.08,0,0.59,4.01,3.74,4.99,0.46,0.78,0,0.27,0.63,0.41,0.35,0,0.31,2.27,1.35,
India,The Dadra and Nagar Haveli and Daman and Diu,"PLFS Year (Jul - Jun), 2021",Urban,Female,12.91,0,59.13,0,0,0.64,2.8,0,2.07,0.78,0,0,0,0,3.41,1.12,1.43,0,8.05,7.66,
India,The Dadra and Nagar Haveli and Daman and Diu,"PLFS Year (Jul - Jun), 2021",Urban,Persons,6.95,0,71.53,0.07,0,0.6,3.81,3.12,4.5,0.52,0.65,0,0.22,0.52,0.91,0.47,0.24,0.26,3.23,2.4,
India,The Dadra and Nagar Haveli and Daman and Diu,"PLFS Year (Jul - Jun), 2021",Rural + Urban,Male,12.2,0,65.81,0.05,0,1.74,4.54,3.6,4.68,0.29,0.49,0.2,0.57,1.1,0.59,0.3,0.58,0.19,1.43,1.63,
India,The Dadra and Nagar Haveli and Daman and Diu,"PLFS Year (Jul - Jun), 2021",Rural + Urban,Female,49.15,0,31.04,0,0,0.91,3.36,0,1.66,0.29,0,0,0.48,0,2.24,4.06,0.68,0,3.02,3.12,
India,The Dadra and Nagar Haveli and Daman and Diu,"PLFS Year (Jul - Jun), 2021",Rural + Urban,Persons,21.48,0,57.08,0.04,0,1.53,4.25,2.7,3.92,0.29,0.37,0.15,0.55,0.82,1.01,1.24,0.61,0.14,1.83,2,
India,Tripura,"PLFS Year (Jul - Jun), 2021",Rural,Male,35.8,0.04,5.6,0.14,0.05,19.83,16,9,1.69,0.01,0.41,0.03,0.42,2.11,2.63,3.45,0.28,0.03,1.79,0.68,
India,Tripura,"PLFS Year (Jul - Jun), 2021",Rural,Female,37.22,0,4.38,0,0,33.25,1.43,0.53,0.49,0.02,0.12,0,0,1.99,0.88,9.62,5.64,0,1.31,3.11,
India,Tripura,"PLFS Year (Jul - Jun), 2021",Rural,Persons,36.17,0.03,5.29,0.1,0.04,23.27,12.27,6.83,1.38,0.02,0.34,0.02,0.31,2.08,2.18,5.03,1.66,0.02,1.67,1.3,
India,Tripura,"PLFS Year (Jul - Jun), 2021",Urban,Male,4.16,0,7.72,0.22,0.04,15.25,30.16,11.34,1.31,0.87,1.67,0,2.5,5.06,7.25,6.57,1.64,0.63,2.65,0.97,
India,Tripura,"PLFS Year (Jul - Jun), 2021",Urban,Female,13.53,2.16,7.95,0,0.59,15.77,5.4,0,0,0.3,0.84,0,0,3.72,5.07,23.15,4.61,0,7.46,9.44,
India,Tripura,"PLFS Year (Jul - Jun), 2021",Urban,Persons,6.08,0.44,7.76,0.18,0.15,15.35,25.08,9.01,1.04,0.75,1.5,0,1.98,4.78,6.81,9.97,2.25,0.5,3.64,2.71,
India,Tripura,"PLFS Year (Jul - Jun), 2021",Rural + Urban,Male,30.47,0.04,5.96,0.15,0.05,19.06,18.39,9.4,1.63,0.16,0.63,0.02,0.77,2.6,3.41,3.97,0.51,0.13,1.93,0.73,
India,Tripura,"PLFS Year (Jul - Jun), 2021",Rural + Urban,Female,34.09,0.29,4.85,0,0.08,30.95,1.96,0.46,0.43,0.06,0.22,0,0,2.22,1.43,11.41,5.51,0,2.12,3.94,
India,Tripura,"PLFS Year (Jul - Jun), 2021",Rural + Urban,Persons,31.37,0.1,5.68,0.11,0.06,22.01,14.31,7.18,1.33,0.13,0.52,0.02,0.58,2.51,2.92,5.82,1.75,0.1,1.98,1.52,
India,Uttar Pradesh,"PLFS Year (Jul - Jun), 2021",Rural,Male,56.06,0.07,5.53,0.06,0.16,18.59,8.36,3.64,1.13,0.13,0.25,0.07,0.27,0.76,0.52,1.48,0.43,0.25,2.07,0.19,
India,Uttar Pradesh,"PLFS Year (Jul - Jun), 2021",Rural,Female,85.85,0,4.47,0,0.01,2.22,3.21,0,0.18,0,0.04,0,0,0.05,0.38,2.32,0.78,0,0.35,0.13,
India,Uttar Pradesh,"PLFS Year (Jul - Jun), 2021",Rural,Persons,64.46,0.05,5.23,0.05,0.11,13.98,6.91,2.61,0.86,0.09,0.19,0.05,0.19,0.56,0.48,1.72,0.53,0.18,1.58,0.17,
India,Uttar Pradesh,"PLFS Year (Jul - Jun), 2021",Urban,Male,6.18,0.03,21.85,0.92,1.12,12.83,27.99,6.36,2.64,2.08,1.38,0.67,2.03,2.04,2.92,3.11,1.79,0.44,2.9,0.73,
India,Uttar Pradesh,"PLFS Year (Jul - Jun), 2021",Urban,Female,13.88,0,31.83,0.17,0.6,2.54,12.29,0,2.78,0.39,3.09,0,0.56,1.02,1.69,12.89,3.84,0.16,5.54,6.73,
India,Uttar Pradesh,"PLFS Year (Jul - Jun), 2021",Urban,Persons,7.3,0.02,23.3,0.81,1.04,11.33,25.71,5.44,2.66,1.83,1.63,0.57,1.82,1.89,2.74,4.54,2.09,0.4,3.28,1.6,
India,Uttar Pradesh,"PLFS Year (Jul - Jun), 2021",Rural + Urban,Male,46.18,0.06,8.76,0.23,0.35,17.45,12.25,4.18,1.43,0.51,0.47,0.19,0.62,1.01,1,1.8,0.7,0.29,2.23,0.3,
India,Uttar Pradesh,"PLFS Year (Jul - Jun), 2021",Rural + Urban,Female,78.88,0,7.12,0.02,0.07,2.25,4.09,0,0.43,0.04,0.34,0,0.05,0.15,0.5,3.34,1.08,0.02,0.85,0.77,
India,Uttar Pradesh,"PLFS Year (Jul - Jun), 2021",Rural + Urban,Persons,54.63,0.04,8.34,0.18,0.27,13.52,10.14,3.1,1.17,0.39,0.44,0.14,0.47,0.79,0.87,2.2,0.8,0.22,1.87,0.42,
India,Uttarakhand,"PLFS Year (Jul - Jun), 2021",Rural,Male,35.25,0.26,10.58,0.55,0.01,15.6,13.6,6.74,5.68,0.22,0.48,0.11,0.9,1.87,1.91,4.06,0.69,0.07,1.29,0.12,
India,Uttarakhand,"PLFS Year (Jul - Jun), 2021",Rural,Female,81.33,0,4.34,0,0,2.41,3.87,0,0.04,0.16,0,0,0,0.11,0.07,3.71,1.38,0,0.44,2.13,
India,Uttarakhand,"PLFS Year (Jul - Jun), 2021",Rural,Persons,51.58,0.17,8.37,0.35,0.01,10.92,10.15,4.35,3.68,0.2,0.31,0.07,0.58,1.24,1.26,3.94,0.93,0.05,0.99,0.83,
India,Uttarakhand,"PLFS Year (Jul - Jun), 2021",Urban,Male,1.78,0,15.89,0.49,0.29,18.06,23.48,8.28,4.41,1.92,1.62,0.18,1.65,3.83,5.06,5.38,2.85,0.3,4.19,0.33,
India,Uttarakhand,"PLFS Year (Jul - Jun), 2021",Urban,Female,14.33,0,15.14,0,0,0.96,10.66,0.16,1.27,0.31,1.08,0,0.3,5.27,2.69,27.96,9.1,0.19,5.55,5.04,
India,Uttarakhand,"PLFS Year (Jul - Jun), 2021",Urban,Persons,4.11,0,15.75,0.4,0.23,14.89,21.1,6.77,3.83,1.62,1.52,0.14,1.4,4.1,4.62,9.58,4.01,0.28,4.44,1.21,
India,Uttarakhand,"PLFS Year (Jul - Jun), 2021",Rural + Urban,Male,26.65,0.19,11.95,0.53,0.08,16.23,16.14,7.14,5.35,0.66,0.77,0.13,1.1,2.37,2.72,4.4,1.24,0.13,2.04,0.18,
India,Uttarakhand,"PLFS Year (Jul - Jun), 2021",Rural + Urban,Female,72.91,0,5.7,0,0,2.22,4.73,0.02,0.2,0.18,0.14,0,0.04,0.76,0.4,6.76,2.35,0.02,1.08,2.5,
India,Uttarakhand,"PLFS Year (Jul - Jun), 2021",Rural + Urban,Persons,41.36,0.13,9.96,0.36,0.06,11.78,12.51,4.87,3.71,0.51,0.57,0.09,0.76,1.86,1.98,5.15,1.6,0.1,1.73,0.92,
India,West Bengal,"PLFS Year (Jul - Jun), 2021",Rural,Male,45.18,0.2,11.15,0.1,0.31,15.19,11.65,7.62,1.55,0.18,0.63,0,0.15,0.8,1.07,2.1,0.62,0.23,0.95,0.3,
India,West Bengal,"PLFS Year (Jul - Jun), 2021",Rural,Female,57.91,0.07,23.14,0,0.03,2.9,3.26,0,0.49,0,0.54,0,0,0.29,0.22,4.63,1.41,0.1,0.6,4.41,
India,West Bengal,"PLFS Year (Jul - Jun), 2021",Rural,Persons,48.49,0.17,14.27,0.07,0.24,12,9.47,5.64,1.27,0.14,0.61,0,0.11,0.67,0.85,2.76,0.83,0.19,0.86,1.36,
India,West Bengal,"PLFS Year (Jul - Jun), 2021",Urban,Male,2.66,0.85,21.24,0.49,0.3,13.07,21.32,11.76,4.58,2.51,3.22,0.34,1.81,1.96,3.12,3,1.43,0.66,2.92,2.74,
India,West Bengal,"PLFS Year (Jul - Jun), 2021",Urban,Female,3.92,0.24,28.05,0,0,0.85,9.5,0.44,2.89,1.84,1.56,0,1.16,0.9,0.98,12.98,5.59,0,3.54,25.56,
India,West Bengal,"PLFS Year (Jul - Jun), 2021",Urban,Persons,2.98,0.7,22.95,0.37,0.22,10,18.35,8.92,4.16,2.34,2.8,0.26,1.64,1.7,2.58,5.51,2.48,0.49,3.08,8.47,
India,West Bengal,"PLFS Year (Jul - Jun), 2021",Rural + Urban,Male,33.75,0.38,13.86,0.2,0.31,14.62,14.25,8.73,2.37,0.81,1.33,0.09,0.59,1.12,1.62,2.34,0.84,0.34,1.48,0.95,
India,West Bengal,"PLFS Year (Jul - Jun), 2021",Rural + Urban,Female,43.87,0.11,24.42,0,0.02,2.37,4.88,0.11,1.11,0.48,0.81,0,0.3,0.45,0.42,6.8,2.5,0.07,1.36,9.91,
India,West Bengal,"PLFS Year (Jul - Jun), 2021",Rural + Urban,Persons,36.36,0.31,16.58,0.15,0.23,11.46,11.84,6.51,2.04,0.72,1.19,0.07,0.52,0.94,1.31,3.49,1.27,0.27,1.45,3.26,
India,Andaman and Nicobar Islands,"PLFS Year (Jul - Jun), 2020",Rural,Male,56.50,0.65,16.28,1.95,3.81,61.80,26.26,35.07,12.75,1.85,0.87,0.27,3.50,14.93,39.09,12.88,6.54,0,4.41,0.58,0
India,Andaman and Nicobar Islands,"PLFS Year (Jul - Jun), 2020",Urban,Female,86.70,0,22.02,8.48,0,18.92,23.42,4.75,12.52,0,0.38,0,4.19,1.28,32.66,32.51,36.56,0,9.69,5.92,0
India,Andaman and Nicobar Islands,"PLFS Year (Jul - Jun), 2020",Rural + Urban,Persons,66.14,0.43,18.03,4.19,2.74,48.10,25.22,25.95,12.92,1.22,0.74,0.19,3.62,10.33,37.50,18.74,15.63,0,6.32,2.01,0
India,Andhra Pradesh,"PLFS Year (Jul - Jun), 2020",Rural,Male,104.92,1.53,29.06,1.87,0.58,38.51,40.30,24.13,6.89,5.88,5.61,1.95,2.53,2.99,10.26,7.84,2.80,0.30,10.62,1.42,0
India,Andhra Pradesh,"PLFS Year (Jul - Jun), 2020",Urban,Female,141.33,0.18,33.96,0.15,0.43,13.38,29.30,1.56,10.21,2.17,1.32,0.02,0.58,1.42,11.33,17.58,10.13,0.06,11.68,13.25,0
India,Andhra Pradesh,"PLFS Year (Jul - Jun), 2020",Rural + Urban,Persons,118.99,1.04,30.58,1.28,0.52,29.56,36.34,16.17,7.99,4.57,4.07,1.32,1.82,2.47,10.52,11.03,5.27,0.22,10.91,5.32,0
India,Arunachal Pradesh,"PLFS Year (Jul - Jun), 2020",Rural,Male,117.62,0,6.64,6.06,3.71,31.06,36.96,15.41,3.19,0.96,1.01,0,0.83,1.96,36.67,20.15,5.57,0.44,5.83,5.95,0
India,Arunachal Pradesh,"PLFS Year (Jul - Jun), 2020",Urban,Female,146.16,0,5.90,5.45,1.84,5.28,40.89,1.02,2.59,0,1.55,0.35,1.77,0,23.81,45.06,15.24,0,0.51,2.59,0
India,Arunachal Pradesh,"PLFS Year (Jul - Jun), 2020",Rural + Urban,Persons,124.60,0,6.45,5.90,3.24,24.80,37.91,11.92,3.04,0.73,1.13,0.08,1.05,1.49,33.53,26.22,7.89,0.34,4.54,5.13,0
India,Assam,"PLFS Year (Jul - Jun), 2020",Rural,Male,74.84,0.94,26.24,0.14,0.87,42.62,74.05,25.92,3.84,1.58,2.81,0.38,3.46,6.85,8.02,13.80,3.94,0.83,5.05,3.82,0
India,Assam,"PLFS Year (Jul - Jun), 2020",Urban,Female,145.09,0.54,24.99,0.76,0,4.32,32.83,2.12,3.10,0.55,2.21,0.29,1.77,4.75,5.76,44.58,9.26,0,6.76,10.32,0
India,Assam,"PLFS Year (Jul - Jun), 2020",Rural + Urban,Persons,90.05,0.84,25.95,0.25,0.70,34.51,65.71,21.07,3.63,1.38,2.72,0.36,3.14,6.37,7.58,19.71,4.97,0.67,5.32,5.00,0
India,Bihar,"PLFS Year (Jul - Jun), 2020",Rural,Male,103.81,0.37,21.54,0.63,0.27,58.07,51.12,20.25,7.18,2.88,3.09,1.40,4.20,4.13,2.42,7.41,2.73,0.85,7.59,0.02,0
India,Bihar,"PLFS Year (Jul - Jun), 2020",Urban,Female,177.74,0,22.44,0,0,4.86,31.67,3.19,4.69,0,1.44,0,0.22,2.59,6.04,26.09,4.67,0,8.20,6.18,0
India,Bihar,"PLFS Year (Jul - Jun), 2020",Rural + Urban,Persons,112.96,0.32,21.42,0.57,0.25,52.07,48.95,18.49,6.95,2.64,2.94,1.29,3.89,3.96,2.67,8.98,2.97,0.77,7.43,0.47,0
India,Chandigarh,"PLFS Year (Jul - Jun), 2020",Rural,Male,9.34,0,28.11,0,0.31,25.50,67.55,10.49,10.80,13.04,8.54,11.35,5.91,3.41,33.52,21.35,29.97,2.08,15.09,3.61,0
India,Chandigarh,"PLFS Year (Jul - Jun), 2020",Urban,Female,9.44,0,19.87,0,4.64,0,9.07,0.34,0,40.96,23.19,2.92,5.31,0.29,29.45,51.78,23.35,0,27.07,52.31,0
India,Chandigarh,"PLFS Year (Jul - Jun), 2020",Rural + Urban,Persons,9.32,0,26.92,0,1.48,19.31,52.90,8.32,7.97,17.41,11.98,9.25,5.75,2.57,32.81,31.02,29.89,1.60,18.29,13.20,0
India,Chhattisgarh,"PLFS Year (Jul - Jun), 2020",Rural,Male,130.00,2.22,25.25,4.58,0.42,35.85,43.68,13.68,5.53,1.68,2.34,0.34,2.53,2.26,8.13,8.57,2.82,0.83,8.13,1.16,0
India,Chhattisgarh,"PLFS Year (Jul - Jun), 2020",Urban,Female,180.55,0.87,14.71,0.23,0.98,17.75,21.29,0.14,3.78,0,1.67,0.02,0.50,1.06,3.57,16.30,11.97,0,8.37,16.21,0
India,Chhattisgarh,"PLFS Year (Jul - Jun), 2020",Rural + Urban,Persons,149.93,1.69,21.53,3.01,0.56,28.88,36.39,9.16,5.00,1.13,2.14,0.24,1.91,1.93,6.40,10.40,5.95,0.57,7.89,5.32,0
India,Delhi,"PLFS Year (Jul - Jun), 2020",Rural,Male,3.82,0,63.69,0.06,1.72,28.58,83.79,24.23,6.53,15.20,7.93,2.09,3.76,13.03,7.79,2.74,9.34,0.65,16.72,8.32,0
India,Delhi,"PLFS Year (Jul - Jun), 2020",Urban,Female,3.66,0,59.52,0,0,1.59,38.93,0.92,0,6.50,1.96,0,43.55,7.02,7.57,63.04,11.95,1.48,8.96,43.34,0
India,Delhi,"PLFS Year (Jul - Jun), 2020",Rural + Urban,Persons,3.80,0,63.01,0.06,1.51,25.40,78.36,21.47,5.66,14.50,7.21,1.81,7.83,12.43,7.78,9.71,9.80,0.77,15.70,13.20,0
India,Goa,"PLFS Year (Jul - Jun), 2020",Rural,Male,34.71,1.37,47.02,4.76,6.39,25.46,42.97,33.71,22.59,6.78,14.31,3.49,6.15,8.20,18.51,6.42,5.63,3.71,5.06,2.73,0
India,Goa,"PLFS Year (Jul - Jun), 2020",Urban,Female,57.75,0,32.82,3.26,0.04,0,47.72,4.20,24.88,0,11.65,0,13.22,0.67,12.34,37.15,32.96,0,7.03,14.32,0
India,Goa,"PLFS Year (Jul - Jun), 2020",Rural + Urban,Persons,41.20,0.98,43.10,4.31,4.72,18.65,44.19,25.88,23.40,5.00,13.58,2.61,7.99,6.18,16.69,14.37,13.08,2.72,5.57,5.78,0
India,Gujarat,"PLFS Year (Jul - Jun), 2020",Rural,Male,100.90,0.77,68.29,1.14,1.13,24.66,44.99,19.49,5.44,1.52,5.83,0.56,3.46,4.70,4.91,3.86,3.30,0.13,4.39,0.56,0
India,Gujarat,"PLFS Year (Jul - Jun), 2020",Urban,Female,157.37,0.06,49.32,0,0,7.37,17.24,1.04,2.17,1.87,1.89,0,1.71,2.51,2.43,20.71,13.95,0.18,5.37,14.80,0
India,Gujarat,"PLFS Year (Jul - Jun), 2020",Rural + Urban,Persons,118.28,0.57,62.50,0.85,0.85,19.95,37.91,14.95,4.54,1.54,4.80,0.43,3.01,4.08,4.32,7.60,5.46,0.13,4.43,3.79,0
India,Haryana,"PLFS Year (Jul - Jun), 2020",Rural,Male,63.21,0.69,62.71,1.54,3.54,44.74,49.50,23.27,7.51,4.62,4.73,1.15,4.13,3.98,7.55,5.65,2.78,0.27,8.33,0.12,0
India,Haryana,"PLFS Year (Jul - Jun), 2020",Urban,Female,109.19,0,50.25,0,0,16.80,33.04,1.20,0.98,3.64,4.99,0,3.25,1.61,5.87,46.02,8.65,0,9.46,5.08,0
India,Haryana,"PLFS Year (Jul - Jun), 2020",Rural + Urban,Persons,72.30,0.56,60.27,1.24,2.85,39.23,46.26,18.94,6.24,4.43,4.76,0.93,3.96,3.52,7.23,13.52,3.91,0.22,8.53,1.07,0
India,Himachal Pradesh,"PLFS Year (Jul - Jun), 2020",Rural,Male,84.62,0,40.35,6.00,4.37,47.03,38.08,24.15,7.27,1.91,8.66,0.79,3.22,1.69,8.59,12.92,4.66,0.94,4.30,0.40,0
India,Himachal Pradesh,"PLFS Year (Jul - Jun), 2020",Urban,Female,188.46,0,32.18,0.09,0.12,7.79,7.37,0.84,1.02,0,1.17,0,0.63,0,9.91,36.80,7.32,0,3.89,2.39,0
India,Himachal Pradesh,"PLFS Year (Jul - Jun), 2020",Rural + Urban,Persons,129.41,0,36.83,3.93,2.66,29.97,26.75,14.19,4.91,1.09,5.98,0.55,2.32,1.14,8.72,20.49,5.51,0.56,4.01,0.98,0
India,Jammu and Kashmir,"PLFS Year (Jul - Jun), 2020",Rural,Male,55.74,0.54,28.34,2.77,6.40,67.81,52.39,21.00,6.53,2.33,4.03,0.57,1.41,3.49,17.41,16.45,5.91,0.76,5.72,0.39,0
India,Jammu and Kashmir,"PLFS Year (Jul - Jun), 2020",Urban,Female,178.45,0,37.42,0.06,0.99,7.91,14.22,0.72,0.06,0.11,0.92,0,0.29,0.67,5.83,32.97,14.02,0,3.04,2.34,0
India,Jammu and Kashmir,"PLFS Year (Jul - Jun), 2020",Rural + Urban,Persons,97.51,0.40,30.77,1.94,4.75,47.27,40.72,14.73,4.75,1.74,3.02,0.42,1.05,2.56,13.69,20.36,8.15,0.55,4.73,0.85,0
India,Jharkhand,"PLFS Year (Jul - Jun), 2020",Rural,Male,94.68,6.92,28.60,0.86,2.46,65.59,43.09,19.96,7.48,1.60,3.26,0.91,3.67,2.38,2.50,8.51,3.20,0.51,3.12,0.71,0
India,Jharkhand,"PLFS Year (Jul - Jun), 2020",Urban,Female,177.73,3.72,26.94,0,0.05,17.60,21.49,1.62,3.64,0,2.51,0.71,0,0.02,1.19,22.82,8.23,0.53,5.92,5.30,0
India,Jharkhand,"PLFS Year (Jul - Jun), 2020",Rural + Urban,Persons,124.45,6.03,27.33,0.67,1.91,48.76,36.66,14.47,6.13,1.19,2.99,0.82,2.77,1.76,2.15,11.82,4.36,0.51,3.54,1.70,0
India,Karnataka,"PLFS Year (Jul - Jun), 2020",Rural,Male,107.46,1.27,30.69,1.65,0.91,34.28,41.20,25.86,8.08,13.06,3.98,1.19,4.64,5.29,4.48,7.39,2.66,0.36,4.33,1.23,0
India,Karnataka,"PLFS Year (Jul - Jun), 2020",Urban,Female,144.41,0.26,57.34,0,0.05,5.51,17.84,1.85,5.68,10.40,3.63,0.11,2.25,2.08,3.79,20.31,10.09,0.58,6.35,7.44,0
India,Karnataka,"PLFS Year (Jul - Jun), 2020",Rural + Urban,Persons,119.52,0.92,38.32,1.16,0.66,25.48,34.32,18.53,7.36,12.29,3.87,0.88,3.96,4.38,4.24,11.22,4.71,0.42,4.88,2.89,0
India,Kerala,"PLFS Year (Jul - Jun), 2020",Rural,Male,68.35,1.14,32.93,1.67,0.25,63.78,45.41,29.46,9.63,6.22,5.55,0.71,5.47,3.18,5.57,6.51,3.03,2.19,8.56,0.41,0
India,Kerala,"PLFS Year (Jul - Jun), 2020",Urban,Female,86.30,0,42.97,0.81,0.82,25.11,28.73,4.61,5.17,6.46,6.28,0.50,3.88,7.13,8.48,35.13,20.30,1.31,4.95,11.04,0
India,Kerala,"PLFS Year (Jul - Jun), 2020",Rural + Urban,Persons,74.28,0.76,36.15,1.38,0.42,51.18,39.96,21.38,8.18,6.28,5.78,0.64,4.96,4.50,6.52,15.81,8.65,1.90,7.37,3.87,0
India,Ladakh,"PLFS Year (Jul - Jun), 2020",Rural,Male,52.03,0,14.95,35.43,0,21.37,32.50,36.29,8.28,0,2.27,0,8.65,11.08,34.92,18.63,0,23.56,0,0,0
India,Ladakh,"PLFS Year (Jul - Jun), 2020",Urban,Female,131.64,0,31.92,11.13,0,1.53,7.05,0,6.73,9.61,12.53,0,1.28,0,9.98,61.07,14.62,0,0.92,0,0
India,Ladakh,"PLFS Year (Jul - Jun), 2020",Rural + Urban,Persons,84.29,0,20.98,25.50,0,15.77,24.70,22.29,7.76,2.67,5.10,0,5.42,6.79,24.28,34.42,6.40,13.24,0.41,0,0
India,Lakshadweep,"PLFS Year (Jul - Jun), 2020",Rural,Male,89.99,0,15.24,3.07,7.98,22.81,19.22,21.07,2.94,0,0,0,19.98,0,74.29,6.96,9.97,3.68,2.81,0,0
India,Lakshadweep,"PLFS Year (Jul - Jun), 2020",Urban,Female,63.95,0,14.91,0,0,0,0,5.01,0,0,9.08,0,0,0,100.26,90.04,16.75,0,0,0,0
India,Lakshadweep,"PLFS Year (Jul - Jun), 2020",Rural + Urban,Persons,83.71,0,15.18,2.44,6.79,19.40,16.02,18.14,2.41,0,1.83,0,16.24,0,77.97,23.12,11.23,3.14,2.38,0,0
India,Madhya Pradesh,"PLFS Year (Jul - Jun), 2020",Rural,Male,134.96,1.39,26.74,1.67,0.74,39.84,37.03,13.46,5.47,1.97,3.84,0.69,3.03,2.61,7.57,6.18,3.65,0.71,7.25,1.17,0
India,Madhya Pradesh,"PLFS Year (Jul - Jun), 2020",Urban,Female,171.50,0.12,39.26,0.36,0,20.93,16.77,0.60,3.07,0.91,4.11,0.30,1.01,0.16,2.66,16.88,7.94,0.19,6.41,6.83,0
India,Madhya Pradesh,"PLFS Year (Jul - Jun), 2020",Rural + Urban,Persons,146.23,1.04,29.99,1.33,0.55,34.41,31.53,9.85,4.71,1.66,3.85,0.59,2.50,1.92,6.26,8.90,4.77,0.56,6.82,2.54,0
India,Maharashtra,"PLFS Year (Jul - Jun), 2020",Rural,Male,110.79,0.64,40.37,1.52,2.24,27.09,40.71,21.83,5.33,6.46,7.09,1.03,3.88,5.28,7.43,6.14,3.43,1.21,5.82,1.73,0
India,Maharashtra,"PLFS Year (Jul - Jun), 2020",Urban,Female,157.30,0,32.54,0.16,1.23,5.68,20.78,1.22,5.18,5.56,4.60,0.62,5.87,3.64,2.05,13.50,10.02,0.35,8.57,21.14,0
India,Maharashtra,"PLFS Year (Jul - Jun), 2020",Rural + Urban,Persons,126.27,0.45,37.98,1.10,1.93,20.59,34.69,15.85,5.21,6.13,6.29,0.90,4.36,4.83,5.81,8.18,5.20,0.97,6.38,6.89,0
India,Manipur,"PLFS Year (Jul - Jun), 2020",Rural,Male,94.36,3.53,15.08,0.12,0.37,34.55,37.27,20.58,2.53,1.36,2.44,0,1.67,24.15,28.26,22.12,4.18,0.98,4.69,1.76,0
India,Manipur,"PLFS Year (Jul - Jun), 2020",Urban,Female,40.10,2.31,86.40,0.61,0.06,4.31,54.24,1.15,6.25,0,1.95,0,1.24,13.27,4.85,49.69,27.09,0.20,6.08,0.18,0
India,Manipur,"PLFS Year (Jul - Jun), 2020",Rural + Urban,Persons,80.94,3.19,33.11,0.26,0.28,26.92,41.45,15.55,3.39,1.02,2.32,0,1.52,21.39,22.39,29.16,9.94,0.78,5.04,1.37,0
India,Meghalaya,"PLFS Year (Jul - Jun), 2020",Rural,Male,83.51,3.36,13.22,0.32,0.38,54.37,41.52,36.40,5.02,1.41,1.39,0,1.37,1.35,27.69,14.73,4.08,3.74,4.81,1.40,0
India,Meghalaya,"PLFS Year (Jul - Jun), 2020",Urban,Female,99.03,0.12,3.33,0,0,36.90,38.71,0.95,14.15,1.03,3.66,0.86,0.52,0.34,19.87,26.74,32.41,1.30,10.60,9.45,0
India,Meghalaya,"PLFS Year (Jul - Jun), 2020",Rural + Urban,Persons,90.12,1.97,9.36,0.21,0.24,47.99,40.52,21.98,8.41,1.25,2.20,0.37,1.05,0.96,24.53,19.28,15.46,2.79,7.05,4.27,0
India,Mizoram,"PLFS Year (Jul - Jun), 2020",Rural,Male,105.72,0.76,14.29,1.34,0.59,26.76,31.87,26.73,3.54,0.67,3.54,0,3.54,11.64,36.03,23.18,4.36,0.46,4.81,0.16,0
India,Mizoram,"PLFS Year (Jul - Jun), 2020",Urban,Female,143.00,0.22,16.20,0,0,2.05,76.59,0.25,6.49,1.11,1.79,0,0.26,8.99,9.10,20.91,8.70,0,4.25,0.11,0
India,Mizoram,"PLFS Year (Jul - Jun), 2020",Rural + Urban,Persons,119.00,0.57,15.00,0.86,0.37,17.90,47.97,17.21,4.59,0.82,2.92,0,2.36,10.69,26.32,22.43,5.94,0.29,4.62,0.14,0
India,Nagaland,"PLFS Year (Jul - Jun), 2020",Rural,Male,84.34,0,15.76,3.70,1.93,23.53,32.18,24.87,2.24,3.41,2.07,0.38,3.71,35.50,25.62,29.13,2.92,0.69,8.04,0,0
India,Nagaland,"PLFS Year (Jul - Jun), 2020",Urban,Female,148.64,0,5.12,0,0,0.93,52.95,0.06,5.01,1.84,0,0,2.95,22.23,6.56,34.59,12.41,0,6.69,0,0
India,Nagaland,"PLFS Year (Jul - Jun), 2020",Rural + Urban,Persons,107.58,0,11.99,2.35,1.25,15.49,39.04,16.40,3.16,2.95,1.45,0.27,3.59,30.83,19.34,30.12,6.39,0.49,7.33,0,0
India,Odisha,"PLFS Year (Jul - Jun), 2020",Rural,Male,97.46,2.08,20.14,0.82,1.11,66.12,49.09,18.94,6.13,2.05,3.99,0.85,2.50,2.66,5.25,8.26,1.68,0.65,9.51,0.71,0
India,Odisha,"PLFS Year (Jul - Jun), 2020",Urban,Female,144.26,0.74,29.80,0.41,0.19,45.11,16.82,0.31,3.75,1.43,3.20,0,1.99,1.05,2.59,30.46,6.24,0,5.63,5.99,0
India,Odisha,"PLFS Year (Jul - Jun), 2020",Rural + Urban,Persons,111.17,1.74,23.04,0.69,0.89,59.64,40.30,13.83,5.47,1.89,3.70,0.63,2.38,2.17,4.52,14.17,2.89,0.46,8.40,2.06,0
India,Puducherry,"PLFS Year (Jul - Jun), 2020",Rural,Male,63.19,0.20,47.49,0.87,0.49,57.36,40.43,16.86,8.95,6.05,5.87,0.54,2.78,3.87,13.59,10.01,10.43,0.81,7.58,2.62,0
India,Puducherry,"PLFS Year (Jul - Jun), 2020",Urban,Female,50.62,0,49.77,0,0,29.50,47.92,0,4.48,6.82,4.29,0,7.66,1.09,4.39,34.20,35.85,0,3.77,19.64,0
India,Puducherry,"PLFS Year (Jul - Jun), 2020",Rural + Urban,Persons,59.36,0.14,48.25,0.61,0.35,49.00,42.61,11.86,7.64,6.28,5.39,0.38,4.26,3.02,10.86,17.31,17.95,0.56,6.41,7.74,0
India,Punjab,"PLFS Year (Jul - Jun), 2020",Rural,Male,60.86,0,56.82,2.64,2.00,56.40,54.07,18.72,7.01,3.60,3.67,0.84,2.68,3.21,6.73,5.63,4.07,1.15,9.01,0.90,0
India,Punjab,"PLFS Year (Jul - Jun), 2020",Urban,Female,94.76,0,53.29,0.67,1.54,17.69,16.14,0.57,1.11,1.32,2.90,0,1.22,1.62,4.25,43.59,12.62,0,18.66,28.05,0
India,Punjab,"PLFS Year (Jul - Jun), 2020",Rural + Urban,Persons,68.69,0,56.31,2.20,1.90,47.59,45.91,14.78,5.73,3.10,3.47,0.66,2.36,2.85,6.15,13.67,5.93,0.91,10.98,6.78,0
India,Rajasthan,"PLFS Year (Jul - Jun), 2020",Rural,Male,103.61,3.73,36.72,1.97,1.04,42.34,46.92,15.26,5.97,1.57,5.88,0.70,3.19,3.74,5.64,8.45,3.33,1.10,8.21,0.63,0
India,Rajasthan,"PLFS Year (Jul - Jun), 2020",Urban,Female,178.14,0.23,34.98,0.46,0.85,21.16,15.03,0.77,0.72,0.22,0.90,0.26,0.88,2.32,5.47,14.05,9.01,1.11,6.89,6.53,0
India,Rajasthan,"PLFS Year (Jul - Jun), 2020",Rural + Urban,Persons,129.20,2.69,34.46,1.52,0.95,36.34,37.84,11.03,4.60,1.24,4.52,0.59,2.62,3.34,5.39,9.12,4.49,1.05,7.26,1.77,0
India,Sikkim,"PLFS Year (Jul - Jun), 2020",Rural,Male,84.83,0,12.33,3.84,1.16,37.11,37.63,24.20,11.24,0.34,2.32,0,1.13,1.10,58.78,10.26,6.57,1.99,5.13,0,0
India,Sikkim,"PLFS Year (Jul - Jun), 2020",Urban,Female,134.89,0,5.62,0,0,10.91,47.50,1.60,9.25,0.47,1.75,0,0.38,1.05,45.72,24.79,13.33,0,2.77,0,0
India,Sikkim,"PLFS Year (Jul - Jun), 2020",Rural + Urban,Persons,105.34,0,10.15,2.29,0.79,26.69,40.71,15.78,10.43,0.39,2.04,0,0.90,1.07,52.95,15.33,9.16,1.37,4.60,0,0
India,Tamil Nadu,"PLFS Year (Jul - Jun), 2020",Rural,Male,69.25,1.22,51.66,2.39,1.20,51.28,42.15,23.11,11.26,8.40,6.15,0.92,3.10,4.69,5.20,5.27,2.79,0.93,8.05,0.94,0
India,Tamil Nadu,"PLFS Year (Jul - Jun), 2020",Urban,Female,103.67,0.03,54.06,0.28,0.66,40.91,27.15,0.93,7.85,6.56,3.26,0.32,2.22,3.09,4.10,18.20,9.05,0.03,4.96,12.67,0
India,Tamil Nadu,"PLFS Year (Jul - Jun), 2020",Rural + Urban,Persons,82.57,0.80,52.12,1.62,1.01,48.47,36.58,15.07,9.99,7.71,5.08,0.73,2.73,4.08,4.78,9.57,4.85,0.61,6.84,4.82,0
India,Telangana,"PLFS Year (Jul - Jun), 2020",Rural,Male,103.87,2.94,29.36,1.24,1.32,33.89,38.36,24.30,4.61,13.29,7.33,3.71,3.76,4.33,6.23,7.10,3.45,0.86,6.19,3.87,0
India,Telangana,"PLFS Year (Jul - Jun), 2020",Urban,Female,138.84,0,46.40,0.77,1.79,18.34,23.56,0.42,4.69,4.35,2.29,0.45,1.06,2.37,3.62,21.14,7.07,0,5.37,17.44,0
India,Telangana,"PLFS Year (Jul - Jun), 2020",Rural + Urban,Persons,116.81,2.02,35.53,1.06,1.41,28.44,33.44,16.21,4.54,10.39,5.58,2.62,2.92,3.66,5.36,11.62,4.46,0.61,5.71,7.59,0
India,The Dadra and Nagar Haveli and Daman and Diu,"PLFS Year (Jul - Jun), 2020",Rural,Male,42.85,0,178.06,1.28,0,8.25,16.87,19.45,4.54,0,0.39,2.96,0.36,4.07,12.54,2.44,4.50,0,1.05,0.40,0
India,The Dadra and Nagar Haveli and Daman and Diu,"PLFS Year (Jul - Jun), 2020",Urban,Female,116.09,0,98.43,0,0,5.89,1.2,1.56,1.97,0,1.54,0,0,0,15.38,25.24,30.66,0,2.05,0,0
India,The Dadra and Nagar Haveli and Daman and Diu,"PLFS Year (Jul - Jun), 2020",Rural + Urban,Persons,64.39,0,158.22,0.91,0,7.26,13.44,14.31,4.07,0,0.82,2.44,0.29,3.16,11.83,6.48,11.00,0,1.01,0.34,0
India,Tripura,"PLFS Year (Jul - Jun), 2020",Rural,Male,78.05,0.20,16.31,0.02,1.72,62.63,52.35,27.89,5.65,0.64,1.90,0.90,3.03,10.55,12.11,11.22,1.67,1.68,8.55,2.92,0
India,Tripura,"PLFS Year (Jul - Jun), 2020",Urban,Female,139.61,0,21.70,0,0.52,23.58,13.88,0.27,3.28,0.66,0,0,0.52,4.89,7.81,43.74,6.16,0,8.95,24.40,0
India,Tripura,"PLFS Year (Jul - Jun), 2020",Rural + Urban,Persons,95.04,0.14,17.57,0.01,1.40,52.11,42.05,20.41,5.00,0.63,1.39,0.66,2.38,9.07,10.93,19.93,2.83,1.22,8.68,8.51,0
India,Uttar Pradesh,"PLFS Year (Jul - Jun), 2020",Rural,Male,114.22,0.38,34.34,1.28,0.62,44.14,49.87,14.57,6.94,1.87,2.47,0.80,3.10,2.60,5.70,5.86,3.33,1.02,6.41,0.48,0
India,Uttar Pradesh,"PLFS Year (Jul - Jun), 2020",Urban,Female,184.18,0,26.77,0.21,0.50,9.72,18.71,0.71,3.13,1.48,1.88,0.06,1.14,0.86,4.48,23.15,9.02,0.16,8.11,5.74,0
India,Uttar Pradesh,"PLFS Year (Jul - Jun), 2020",Rural + Urban,Persons,129.19,0.32,32.74,1.07,0.59,36.81,44.21,12.00,6.22,1.78,2.33,0.69,2.77,2.23,5.44,8.64,4.36,0.85,6.48,1.27,0
India,Uttarakhand,"PLFS Year (Jul - Jun), 2020",Rural,Male,71.03,2.18,32.09,0.51,1.52,52.36,48.81,20.59,14.42,2.14,4.50,1.28,1.69,5.45,9.08,14.40,4.00,0.46,13.32,0.12,0
India,Uttarakhand,"PLFS Year (Jul - Jun), 2020",Urban,Female,167.10,0,20.65,0.28,0.61,3.37,30.41,1.75,5.13,3.84,1.26,0,3.45,1.06,5.18,36.79,6.82,0,5.27,6.98,0
India,Uttarakhand,"PLFS Year (Jul - Jun), 2020",Rural + Urban,Persons,101.04,1.51,28.89,0.46,1.28,38.64,43.40,15.29,11.65,2.47,3.58,1.01,2.05,4.50,7.80,19.43,4.62,0.34,10.49,1.58,0
India,West Bengal,"PLFS Year (Jul - Jun), 2020",Rural,Male,86.19,1.83,48.22,1.07,0.60,43.90,47.42,23.67,6.21,2.76,3.79,0.82,3.22,4.72,4.02,7.66,2.84,1.63,5.13,4.31,0
India,West Bengal,"PLFS Year (Jul - Jun), 2020",Urban,Female,102.53,0.04,78.66,0,0.29,10.35,18.03,1.00,5.23,2.89,0.86,0.39,1.19,0.89,2.82,26.62,9.78,0.47,5.59,32.42,0
India,West Bengal,"PLFS Year (Jul - Jun), 2020",Rural + Urban,Persons,90.62,1.35,56.29,0.79,0.50,34.96,39.73,17.66,5.94,2.78,3.02,0.71,2.69,3.72,3.70,12.63,4.68,1.32,5.24,11.65,0
India,Andaman and Nicobar Islands,"PLFS Year (Jul - Jun), 2019",Rural,Male,27.12,0,6.91,4.6,3.44,21.75,5.21,15.93,0.98,0,0.09,0,0.87,0.64,7.95,3.81,0.62,0,0.08,0,0
India,Andaman and Nicobar Islands,"PLFS Year (Jul - Jun), 2019",Rural,Female,20.69,0,2.48,1.01,0,15.6,8.01,0.5,1.3,0,0,0,0,0,15.39,17.66,12.75,0,1.11,3.51,0
India,Andaman and Nicobar Islands,"PLFS Year (Jul - Jun), 2019",Rural,Persons,25.41,0,5.73,3.65,2.52,20.12,5.96,11.82,1.07,0,0.06,0,0.64,0.47,9.94,7.5,3.85,0,0.35,0.93,0
India,Andaman and Nicobar Islands,"PLFS Year (Jul - Jun), 2019",Urban,Male,2.08,0,7,1.18,0.71,23.88,11.85,14.45,4.19,0.94,0.1,0,0.83,3.81,21.15,2.81,1.3,0.14,2.79,0.79,0
India,Andaman and Nicobar Islands,"PLFS Year (Jul - Jun), 2019",Urban,Female,0.77,0,7.02,0.84,0,1.44,30.87,1.09,3.4,0,3.94,0,3.35,0,20.14,11.43,11.85,0,0.14,3.73,0
India,Andaman and Nicobar Islands,"PLFS Year (Jul - Jun), 2019",Urban,Persons,1.79,0,7.01,1.1,0.55,18.84,16.12,11.45,4.02,0.73,0.96,0,1.4,2.96,20.92,4.74,3.67,0.11,2.2,1.45,0
India,Andaman and Nicobar Islands,"PLFS Year (Jul - Jun), 2019",Rural + Urban,Male,16.05,0,6.95,3.09,2.23,22.69,8.14,15.27,2.4,0.41,0.09,0,0.85,2.04,13.79,3.36,0.92,0.06,1.28,0.35,0
India,Andaman and Nicobar Islands,"PLFS Year (Jul - Jun), 2019",Rural + Urban,Female,12.98,0,4.24,0.94,0,10.12,16.86,0.73,2.11,0,1.52,0,1.3,0,17.23,15.25,12.4,0,0.73,3.59,0
India,Andaman and Nicobar Islands,"PLFS Year (Jul - Jun), 2019",Rural + Urban,Persons,15.29,0,6.28,2.56,1.68,19.57,10.31,11.66,2.33,0.31,0.45,0,0.96,1.53,14.64,6.32,3.77,0.05,1.14,1.16,0
India,Andhra Pradesh,"PLFS Year (Jul - Jun), 2019",Rural,Male,58.3,1.24,5.81,0.32,0.24,10.66,5.75,6.57,0.8,0.39,0.49,0,0.49,0.69,1.65,2.56,0.6,0.45,2.97,0,0
India,Andhra Pradesh,"PLFS Year (Jul - Jun), 2019",Rural,Female,74.68,0.1,6.87,0,0,5.03,4.86,0.17,0.86,0,0,0,0.01,0.04,2.82,2.25,0.93,0,1.2,0.19,0
India,Andhra Pradesh,"PLFS Year (Jul - Jun), 2019",Rural,Persons,64.38,0.82,6.2,0.2,0.15,8.57,5.42,4.19,0.82,0.25,0.31,0,0.31,0.45,2.09,2.44,0.73,0.28,2.31,0.07,0
India,Andhra Pradesh,"PLFS Year (Jul - Jun), 2019",Urban,Male,6.4,0.46,15.73,0.81,0.38,15.02,22.02,10.88,3.65,2.09,2.12,0.74,1.86,2.49,4.35,4.21,1.74,0.61,3.6,0.82,0
India,Andhra Pradesh,"PLFS Year (Jul - Jun), 2019",Urban,Female,11.6,0.08,20.04,0.18,0.75,6.01,21.47,0.83,5.21,0.61,2.26,0.42,0.22,0.58,3.29,10.55,3.67,0,6.88,5.33,0
India,Andhra Pradesh,"PLFS Year (Jul - Jun), 2019",Urban,Persons,7.88,0.35,16.96,0.63,0.49,12.45,21.86,8.01,4.1,1.67,2.16,0.64,1.39,1.95,4.05,6.02,2.29,0.44,4.54,2.11,0
India,Andhra Pradesh,"PLFS Year (Jul - Jun), 2019",Rural + Urban,Male,42.79,1.01,8.78,0.47,0.28,11.96,10.61,7.86,1.65,0.9,0.98,0.22,0.9,1.23,2.46,3.05,0.94,0.5,3.16,0.25,0
India,Andhra Pradesh,"PLFS Year (Jul - Jun), 2019",Rural + Urban,Female,60.54,0.09,9.82,0.04,0.17,5.25,8.59,0.32,1.83,0.14,0.51,0.09,0.06,0.16,2.92,4.11,1.55,0,2.48,1.34,0
India,Andhra Pradesh,"PLFS Year (Jul - Jun), 2019",Rural + Urban,Persons,48.96,0.69,9.14,0.32,0.24,9.63,9.91,5.24,1.71,0.64,0.81,0.18,0.61,0.86,2.62,3.42,1.15,0.33,2.92,0.63,0
India,Arunachal Pradesh,"PLFS Year (Jul - Jun), 2019",Rural,Male,62.51,0,1.54,0.52,0.57,4.94,11.68,3.55,0.18,0.05,0.36,0,0,0.25,5.49,6.06,1.16,0.05,0.77,0.33,0
India,Arunachal Pradesh,"PLFS Year (Jul - Jun), 2019",Rural,Female,70.51,0,0.39,0.8,0.3,1.43,9.27,0.08,0,0,0,0,0,0,0.86,9.9,5.99,0,0,0.48,0
India,Arunachal Pradesh,"PLFS Year (Jul - Jun), 2019",Rural,Persons,64.3,0,1.28,0.58,0.51,4.15,11.14,2.77,0.14,0.04,0.28,0,0,0.19,4.45,6.92,2.24,0.04,0.6,0.36,0
India,Arunachal Pradesh,"PLFS Year (Jul - Jun), 2019",Urban,Male,7.75,0.21,3.94,2.28,1.95,10.68,23.87,6.27,0.99,1.75,0.23,0,0.64,0.25,22.61,7.36,2.68,1.79,2.15,2.61,0
India,Arunachal Pradesh,"PLFS Year (Jul - Jun), 2019",Urban,Female,4.68,0,1.06,1.2,2.18,3.27,24.86,0,1.46,0.69,1.94,0,0.38,0,21.4,25.12,10.07,0,0,1.69,0
India,Arunachal Pradesh,"PLFS Year (Jul - Jun), 2019",Urban,Persons,7.18,0.17,3.4,2.08,1.99,9.32,24.06,5.11,1.07,1.55,0.54,0,0.59,0.2,22.38,10.64,4.05,1.46,1.75,2.44,0
India,Arunachal Pradesh,"PLFS Year (Jul - Jun), 2019",Rural + Urban,Male,53.24,0.04,1.94,0.81,0.8,5.91,13.74,4.01,0.32,0.34,0.33,0,0.11,0.25,8.39,6.28,1.41,0.35,1,0.72,0
India,Arunachal Pradesh,"PLFS Year (Jul - Jun), 2019",Rural + Urban,Female,61.43,0,0.48,0.85,0.56,1.68,11.42,0.07,0.2,0.1,0.27,0,0.05,0,3.69,12,6.55,0,0,0.65,0
India,Arunachal Pradesh,"PLFS Year (Jul - Jun), 2019",Rural + Urban,Persons,55.02,0.03,1.63,0.82,0.75,4.99,13.24,3.15,0.29,0.29,0.32,0,0.1,0.19,7.37,7.53,2.53,0.27,0.78,0.7,0
India,Assam,"PLFS Year (Jul - Jun), 2019",Rural,Male,38.83,0.54,7.85,0.12,0.06,14.74,18.39,6.69,1.34,0.19,0.34,0,0.27,1.45,1.56,3.79,0.39,0.07,1.39,2,0
India,Assam,"PLFS Year (Jul - Jun), 2019",Rural,Female,54.32,0,5.55,0,0,4.21,6.17,1.11,1.13,0,0,0.12,0.1,0,0.56,16.43,3.06,0,1.82,5.4,0
India,Assam,"PLFS Year (Jul - Jun), 2019",Rural,Persons,41.32,0.45,7.48,0.1,0.05,13.05,16.43,5.79,1.31,0.16,0.29,0.02,0.24,1.21,1.4,5.82,0.82,0.06,1.46,2.54,0
India,Assam,"PLFS Year (Jul - Jun), 2019",Urban,Male,6.27,1,13.91,0.52,0.32,11.04,29.65,11.69,2.53,1.88,1.93,0.92,2.71,3.3,2.95,4.86,1.71,0.18,2.51,0.12,0
India,Assam,"PLFS Year (Jul - Jun), 2019",Urban,Female,2.02,0,13.92,0,2.18,1.2,17.38,1.98,1.26,1.55,3.91,0.51,3.91,1.04,1.57,31.78,4.06,0,3.29,8.43,0
India,Assam,"PLFS Year (Jul - Jun), 2019",Urban,Persons,5.5,0.82,13.91,0.43,0.65,9.27,27.44,9.95,2.3,1.82,2.28,0.84,2.93,2.9,2.71,9.7,2.13,0.15,2.65,1.61,0
India,Assam,"PLFS Year (Jul - Jun), 2019",Rural + Urban,Male,34.8,0.6,8.6,0.17,0.09,14.28,19.79,7.31,1.49,0.4,0.54,0.11,0.57,1.67,1.73,3.92,0.55,0.08,1.53,1.76,0
India,Assam,"PLFS Year (Jul - Jun), 2019",Rural + Urban,Female,47.04,0,6.72,0,0.3,3.79,7.74,1.23,1.15,0.22,0.54,0.18,0.63,0.15,0.7,18.57,3.2,0,2.03,5.82,0
India,Assam,"PLFS Year (Jul - Jun), 2019",Rural + Urban,Persons,36.79,0.5,8.3,0.14,0.13,12.57,17.82,6.32,1.43,0.37,0.54,0.12,0.58,1.43,1.56,6.31,0.98,0.07,1.61,2.43,0
India,Bihar,"PLFS Year (Jul - Jun), 2019",Rural,Male,50.16,0.02,4.04,0.03,0.03,22.05,11.02,5.22,1.16,0.2,0.15,0.1,0.27,0.8,0.17,2.85,0.33,0.32,1,0.08,0
India,Bihar,"PLFS Year (Jul - Jun), 2019",Rural,Female,80.65,0,5.93,0,0,1.09,4.62,0.02,0,0,0,0,0,0.18,0,5.85,0.99,0,0.5,0.16,0
India,Bihar,"PLFS Year (Jul - Jun), 2019",Rural,Persons,53.76,0.02,4.26,0.03,0.03,19.57,10.26,4.6,1.03,0.18,0.13,0.08,0.24,0.73,0.15,3.21,0.41,0.28,0.94,0.09,0
India,Bihar,"PLFS Year (Jul - Jun), 2019",Urban,Male,9.62,0.18,8.54,0.65,1.93,11.8,34.06,9.39,3.66,1.16,1.33,1.02,1.86,2.15,1.89,3.89,1.31,1.33,3.98,0.25,0
India,Bihar,"PLFS Year (Jul - Jun), 2019",Urban,Female,11.02,0,12.29,0,4.13,6.22,22.42,0,6.01,0,4.06,0,1.7,3.04,0.01,18.17,6.35,0,3.08,1.49,0
India,Bihar,"PLFS Year (Jul - Jun), 2019",Urban,Persons,9.76,0.16,8.91,0.58,2.15,11.25,32.9,8.46,3.89,1.05,1.6,0.92,1.84,2.24,1.71,5.32,1.81,1.19,3.89,0.37,0
India,Bihar,"PLFS Year (Jul - Jun), 2019",Rural + Urban,Male,45.86,0.04,4.52,0.09,0.23,20.97,13.46,5.66,1.43,0.3,0.28,0.19,0.44,0.94,0.36,2.96,0.44,0.43,1.31,0.1,0
India,Bihar,"PLFS Year (Jul - Jun), 2019",Rural + Urban,Female,74.46,0,6.5,0,0.37,1.55,6.21,0.02,0.53,0,0.36,0,0.15,0.44,0,6.95,1.47,0,0.73,0.27,0
India,Bihar,"PLFS Year (Jul - Jun), 2019",Rural + Urban,Persons,49.19,0.03,4.75,0.08,0.25,18.71,12.61,5,1.33,0.27,0.29,0.17,0.4,0.88,0.32,3.43,0.56,0.38,1.24,0.12,0
India,Chandigarh,"PLFS Year (Jul - Jun), 2019",Rural,Male,6.55,0,15.41,0,1.13,11.12,17.97,2.25,10.82,1.3,0.16,0,0,0,2.38,0,4.16,0,1.95,24.81,0
India,Chandigarh,"PLFS Year (Jul - Jun), 2019",Rural,Female,15.47,0,24.94,0,0,0,0,0,0,0,0,0,0.92,0,0,0,0,0,7.78,50.89,0
India,Chandigarh,"PLFS Year (Jul - Jun), 2019",Rural,Persons,7.82,0,16.77,0,0.96,9.53,15.4,1.93,9.27,1.11,0.14,0,0.13,0,2.04,0,3.56,0,2.79,28.54,0
India,Chandigarh,"PLFS Year (Jul - Jun), 2019",Urban,Male,0.67,0.33,12.57,0.54,1.29,8.23,30.36,5.95,4.8,4.66,3.33,1.25,2.96,2.14,9.49,4.05,2.5,0,1.15,3.73,0
India,Chandigarh,"PLFS Year (Jul - Jun), 2019",Urban,Female,0,0,7.44,0,0,0,20.84,0,0,8.43,0,0,7.88,4.34,14.78,9.01,9.95,0,3.55,12.51,1.27
India,Chandigarh,"PLFS Year (Jul - Jun), 2019",Urban,Persons,0.53,0.26,11.48,0.42,1.02,6.47,28.32,4.68,3.77,5.47,2.62,0.98,4.01,2.61,10.62,5.11,4.09,0,1.66,5.61,0.27
India,Chandigarh,"PLFS Year (Jul - Jun), 2019",Rural + Urban,Male,1.02,0.31,12.74,0.5,1.28,8.4,29.63,5.73,5.15,4.46,3.15,1.17,2.79,2.01,9.07,3.81,2.6,0,1.2,4.97,0
India,Chandigarh,"PLFS Year (Jul - Jun), 2019",Rural + Urban,Female,0.57,0,8.09,0,0,0,20.07,0,0,8.12,0,0,7.62,4.18,14.23,8.68,9.58,0,3.71,13.93,1.22
India,Chandigarh,"PLFS Year (Jul - Jun), 2019",Rural + Urban,Persons,0.92,0.25,11.77,0.4,1.01,6.64,27.62,4.53,4.07,5.23,2.49,0.93,3.8,2.47,10.15,4.83,4.06,0,1.73,6.85,0.26
India,Chhattisgarh,"PLFS Year (Jul - Jun), 2019",Rural,Male,72.1,0.24,3.85,0.53,0.03,9.06,5.58,2.14,1.51,0.26,0.13,0.09,0.11,0.16,0.56,2.31,0.22,0.03,1.02,0.06,0
India,Chhattisgarh,"PLFS Year (Jul - Jun), 2019",Rural,Female,86.97,0,1.28,0,0,4.96,1.91,0.1,0.66,0,0,0,0,0,0.01,1.53,2.23,0,0.35,0,0
India,Chhattisgarh,"PLFS Year (Jul - Jun), 2019",Rural,Persons,78.41,0.14,2.76,0.3,0.02,7.32,4.03,1.28,1.15,0.15,0.08,0.05,0.06,0.09,0.33,1.98,1.07,0.02,0.74,0.03,0
India,Chhattisgarh,"PLFS Year (Jul - Jun), 2019",Urban,Male,6.21,3.4,17.05,2.67,0.45,10.39,29.6,7.6,4.14,0.39,1.36,0.66,1.6,1.83,4.35,3.79,1.87,0.57,2,0.08,0
India,Chhattisgarh,"PLFS Year (Jul - Jun), 2019",Urban,Female,14.46,0,8.76,0,1.49,7.63,21.61,0.82,3.65,0.93,0.86,0.46,0,0.98,3.34,19.06,6.93,0,8.17,0.86,0
India,Chhattisgarh,"PLFS Year (Jul - Jun), 2019",Urban,Persons,8.35,2.52,14.9,1.98,0.72,9.67,27.53,5.84,4.01,0.53,1.23,0.61,1.18,1.61,4.09,7.75,3.18,0.42,3.6,0.28,0
India,Chhattisgarh,"PLFS Year (Jul - Jun), 2019",Rural + Urban,Male,60.9,0.78,6.1,0.89,0.1,9.29,9.67,3.07,1.96,0.28,0.34,0.18,0.36,0.44,1.2,2.57,0.5,0.12,1.19,0.06,0
India,Chhattisgarh,"PLFS Year (Jul - Jun), 2019",Rural + Urban,Female,80.54,0,1.94,0,0.13,5.2,3.66,0.17,0.93,0.08,0.08,0.04,0,0.09,0.31,3.08,2.65,0,1.04,0.08,0
India,Chhattisgarh,"PLFS Year (Jul - Jun), 2019",Rural + Urban,Persons,68.79,0.46,4.43,0.53,0.11,7.65,7.25,1.9,1.54,0.2,0.24,0.13,0.22,0.3,0.85,2.77,1.36,0.07,1.13,0.07,0
India,Delhi,"PLFS Year (Jul - Jun), 2019",Rural,Male,6.08,0,9.1,0,0,9.46,30.14,20.62,3.34,0,7.4,0,0.44,0.4,0.39,0.16,6.17,0.89,5.41,0,0
India,Delhi,"PLFS Year (Jul - Jun), 2019",Rural,Female,22.26,0,1.33,0,0,0,41.13,0,0,0,0,0,0,34.71,0,0.56,0,0,0,0,0
India,Delhi,"PLFS Year (Jul - Jun), 2019",Rural,Persons,9.61,0,7.41,0,0,7.4,32.53,16.13,2.61,0,5.79,0,0.35,7.88,0.3,0.24,4.83,0.69,4.23,0,0
India,Delhi,"PLFS Year (Jul - Jun), 2019",Urban,Male,0.07,0,22.25,0.18,0.12,7.64,27.84,11.39,4.5,4.16,2.94,0.34,2.9,3.78,3.85,1.85,1.82,0.61,2.72,1.05,0
India,Delhi,"PLFS Year (Jul - Jun), 2019",Urban,Female,0,0,13.56,0,0,3.01,13.01,1.19,0.58,4.04,4.44,0,2.98,2.44,3.72,24.1,3.39,0.58,3.27,19.69,0
India,Delhi,"PLFS Year (Jul - Jun), 2019",Urban,Persons,0.06,0,20.94,0.15,0.1,6.94,25.59,9.85,3.91,4.15,3.16,0.29,2.91,3.58,3.83,5.21,2.06,0.61,2.8,3.87,0
India,Delhi,"PLFS Year (Jul - Jun), 2019",Rural + Urban,Male,0.26,0,21.85,0.17,0.11,7.69,27.91,11.68,4.47,4.04,3.08,0.33,2.82,3.68,3.75,1.79,1.95,0.62,2.8,1.02,0
India,Delhi,"PLFS Year (Jul - Jun), 2019",Rural + Urban,Female,1.05,0,12.99,0,0,2.87,14.34,1.13,0.55,3.85,4.23,0,2.84,3.97,3.55,22.98,3.23,0.56,3.12,18.75,0
India,Delhi,"PLFS Year (Jul - Jun), 2019",Rural + Urban,Persons,0.38,0,20.49,0.15,0.09,6.95,25.82,10.06,3.86,4.01,3.25,0.28,2.82,3.72,3.71,5.05,2.15,0.61,2.85,3.74,0
India,Goa,"PLFS Year (Jul - Jun), 2019",Rural,Male,26.73,4.51,9.5,0.57,0.33,10.34,11.78,9.95,7.9,0.57,0,0,0.28,5.27,5.58,2.18,1.44,0,2.15,0.92,0
India,Goa,"PLFS Year (Jul - Jun), 2019",Rural,Female,65.05,0,7,0,0,1.18,9.95,0,1.71,2.18,2.37,0,0,0,3.81,2.23,1.25,1.1,0,2.17,0
India,Goa,"PLFS Year (Jul - Jun), 2019",Rural,Persons,36.93,3.31,8.83,0.42,0.24,7.9,11.29,7.3,6.25,1,0.63,0,0.21,3.87,5.11,2.19,1.39,0.29,1.58,1.25,0
India,Goa,"PLFS Year (Jul - Jun), 2019",Urban,Male,2.24,0.71,14.27,2.11,0.67,9.38,25.34,12.74,11.13,2.2,1.94,0.37,1.82,1.85,6.14,3.08,0.84,1,1.54,0.65,0
India,Goa,"PLFS Year (Jul - Jun), 2019",Urban,Female,3.39,0.07,22.48,0,0,0,18.09,10.56,3.15,0.54,1.99,0,1.51,2.2,4.2,15.99,10.77,0,0.77,4.29,0
India,Goa,"PLFS Year (Jul - Jun), 2019",Urban,Persons,2.55,0.54,16.48,1.54,0.49,6.86,23.38,12.16,8.98,1.75,1.95,0.27,1.74,1.94,5.61,6.56,3.51,0.73,1.33,1.63,0
India,Goa,"PLFS Year (Jul - Jun), 2019",Rural + Urban,Male,11.33,2.12,12.5,1.54,0.54,9.74,20.3,11.71,9.93,1.59,1.22,0.23,1.25,3.12,5.93,2.75,1.06,0.63,1.77,0.75,0
India,Goa,"PLFS Year (Jul - Jun), 2019",Rural + Urban,Female,26.07,0.04,16.79,0,0,0.43,15.09,6.68,2.62,1.14,2.13,0,0.96,1.39,4.06,10.93,7.26,0.41,0.49,3.51,0
India,Goa,"PLFS Year (Jul - Jun), 2019",Rural + Urban,Persons,15.28,1.56,13.65,1.13,0.4,7.24,18.91,10.36,7.97,1.47,1.46,0.17,1.17,2.66,5.43,4.94,2.72,0.57,1.43,1.49,0
India,Gujarat,"PLFS Year (Jul - Jun), 2019",Rural,Male,65.29,0.14,10.71,0.17,0.39,5.51,8.14,4.19,0.5,0.03,0.52,0,0.41,0.66,0.61,1.11,0.27,0.02,1.31,0,0
India,Gujarat,"PLFS Year (Jul - Jun), 2019",Rural,Female,88.08,0,4.91,0,0,1.3,1.48,0,0.04,0,0,0,0,0.01,0.41,2.53,1.09,0,0.06,0.07,0
India,Gujarat,"PLFS Year (Jul - Jun), 2019",Rural,Persons,72.67,0.1,8.83,0.12,0.26,4.15,5.99,2.84,0.35,0.02,0.35,0,0.28,0.45,0.55,1.57,0.54,0.01,0.91,0.02,0
India,Gujarat,"PLFS Year (Jul - Jun), 2019",Urban,Male,4.81,0.44,34.58,0.7,0.49,7.43,23.68,7.07,2.14,2.17,2.27,0.36,2.43,1.8,1.84,1.93,1.44,0.15,3.11,1.16,0
India,Gujarat,"PLFS Year (Jul - Jun), 2019",Urban,Female,7.99,0,34.69,0,0.04,5.32,12.36,0.88,1.97,0.92,3.95,0,0.85,2.57,2.09,12.35,4.53,0.17,2.14,7.17,0
India,Gujarat,"PLFS Year (Jul - Jun), 2019",Urban,Persons,5.43,0.35,34.6,0.56,0.4,7.02,21.46,5.86,2.11,1.93,2.6,0.29,2.12,1.95,1.89,3.98,2.05,0.15,2.92,2.34,0
India,Gujarat,"PLFS Year (Jul - Jun), 2019",Rural + Urban,Male,38.98,0.27,21.09,0.4,0.43,6.35,14.9,5.44,1.21,0.96,1.28,0.16,1.29,1.15,1.15,1.47,0.78,0.07,2.1,0.5,0
India,Gujarat,"PLFS Year (Jul - Jun), 2019",Rural + Urban,Female,65.54,0,13.3,0,0.01,2.43,4.54,0.25,0.59,0.26,1.11,0,0.24,0.73,0.89,5.29,2.06,0.05,0.65,2.07,0
India,Gujarat,"PLFS Year (Jul - Jun), 2019",Rural + Urban,Persons,46.24,0.2,18.96,0.29,0.32,5.28,12.07,4.02,1.04,0.77,1.24,0.11,1,1.04,1.08,2.51,1.13,0.07,1.7,0.93,0
India,Haryana,"PLFS Year (Jul - Jun), 2019",Rural,Male,40.51,0.05,11.15,0.64,0.63,20.15,9.16,5.59,0.55,0.46,0.42,0,0.85,1.24,3.75,2.33,1.36,0.06,1.12,0,0
India,Haryana,"PLFS Year (Jul - Jun), 2019",Rural,Female,66.42,0,4.42,0,0,2.71,4.69,0.3,0.28,1.59,0,0,0.26,0.03,0.19,14.44,4.19,0,0,0.48,0
India,Haryana,"PLFS Year (Jul - Jun), 2019",Rural,Persons,44.4,0.04,10.14,0.54,0.53,17.53,8.49,4.79,0.51,0.63,0.36,0,0.76,1.06,3.22,4.15,1.78,0.05,0.96,0.07,0
India,Haryana,"PLFS Year (Jul - Jun), 2019",Urban,Male,4.17,0.05,28.25,0.36,0.46,13.86,21.94,7.06,4.03,3.19,2.12,0.26,1.86,1.11,2.05,3.81,1.24,0.26,2.15,1.75,0
India,Haryana,"PLFS Year (Jul - Jun), 2019",Urban,Female,5.98,0,24.38,0,0.3,5.58,10.64,1.04,1.74,3.71,0.47,0.39,1.53,0.85,4.1,23.84,3.46,0,5.65,6.33,0
India,Haryana,"PLFS Year (Jul - Jun), 2019",Urban,Persons,4.51,0.04,27.52,0.3,0.43,12.3,19.82,5.93,3.6,3.29,1.81,0.29,1.8,1.06,2.44,7.57,1.66,0.21,2.81,2.61,0
India,Haryana,"PLFS Year (Jul - Jun), 2019",Rural + Urban,Male,27.05,0.05,17.48,0.54,0.56,17.82,13.89,6.13,1.84,1.47,1.05,0.1,1.22,1.19,3.12,2.88,1.32,0.13,1.51,0.65,0
India,Haryana,"PLFS Year (Jul - Jun), 2019",Rural + Urban,Female,40.17,0,13.09,0,0.13,3.95,7.28,0.62,0.91,2.51,0.2,0.17,0.81,0.39,1.89,18.53,3.87,0,2.45,3.02,0
India,Haryana,"PLFS Year (Jul - Jun), 2019",Rural + Urban,Persons,29.21,0.04,16.76,0.45,0.49,15.54,12.8,5.23,1.69,1.64,0.91,0.11,1.16,1.06,2.92,5.45,1.74,0.11,1.66,1.04,0
India,Himachal Pradesh,"PLFS Year (Jul - Jun), 2019",Rural,Male,41.18,0.15,10.97,1.11,1.12,19.73,7.18,5.31,2.33,0.37,1.17,0.1,0.98,0.56,1.34,4.21,0.36,0.68,1.15,0,0
India,Himachal Pradesh,"PLFS Year (Jul - Jun), 2019",Rural,Female,84.54,0,3.51,0.02,0.07,2.65,0.86,0.12,0.27,0.19,0.18,0.05,0.05,0.03,0.68,4.97,1.25,0,0.51,0.05,0
India,Himachal Pradesh,"PLFS Year (Jul - Jun), 2019",Rural,Persons,61.99,0.08,7.39,0.58,0.61,11.53,4.15,2.82,1.34,0.28,0.69,0.07,0.53,0.3,1.02,4.57,0.78,0.35,0.84,0.03,0
India,Himachal Pradesh,"PLFS Year (Jul - Jun), 2019",Urban,Male,3.92,0.36,21.86,0.85,0.72,18.5,26.15,1.78,6.34,0.52,2.21,0,0.81,0.81,4.26,4.41,2.46,1.13,2.19,0.72,0
India,Himachal Pradesh,"PLFS Year (Jul - Jun), 2019",Urban,Female,16.18,0,26.67,0.69,0.38,6.66,12.75,0,1.94,2.22,1.86,0,0.4,0.69,4.29,13.3,6.25,0,3.48,2.22,0
India,Himachal Pradesh,"PLFS Year (Jul - Jun), 2019",Urban,Persons,7.71,0.25,23.34,0.8,0.62,14.85,22.01,1.23,4.98,1.04,2.1,0,0.69,0.77,4.27,7.15,3.63,0.78,2.59,1.18,0
India,Himachal Pradesh,"PLFS Year (Jul - Jun), 2019",Rural + Urban,Male,36.28,0.18,12.4,1.08,1.07,19.57,9.67,4.84,2.86,0.39,1.3,0.09,0.96,0.59,1.72,4.24,0.63,0.74,1.29,0.09,0
India,Himachal Pradesh,"PLFS Year (Jul - Jun), 2019",Rural + Urban,Female,79.88,0,5.09,0.06,0.09,2.92,1.67,0.11,0.39,0.33,0.3,0.04,0.08,0.08,0.93,5.53,1.59,0,0.72,0.2,0
India,Himachal Pradesh,"PLFS Year (Jul - Jun), 2019",Rural + Urban,Persons,56.44,0.1,9.02,0.61,0.61,11.87,5.98,2.66,1.72,0.36,0.84,0.07,0.55,0.35,1.36,4.84,1.07,0.4,1.02,0.14,0
India,Jammu and Kashmir,"PLFS Year (Jul - Jun), 2019",Rural,Male,30.19,0.19,6.11,0.41,1.97,26.14,11.85,6.08,1.18,0.17,0.42,0.07,0.12,0.73,6.45,6.25,0.79,0.15,0.74,0,0
India,Jammu and Kashmir,"PLFS Year (Jul - Jun), 2019",Rural,Female,75.72,0,11.68,0,0,0.51,0.92,0,0,0,0.13,0,0,0.13,2.05,6.25,1.99,0,0.58,0.04,0
India,Jammu and Kashmir,"PLFS Year (Jul - Jun), 2019",Rural,Persons,45.16,0.13,7.94,0.27,1.32,17.71,8.25,4.08,0.79,0.11,0.33,0.05,0.08,0.53,5,6.25,1.19,0.1,0.69,0.02,0
India,Jammu and Kashmir,"PLFS Year (Jul - Jun), 2019",Urban,Male,4.57,0.14,10.57,0.5,2.22,16.18,33.69,7.38,2.16,0.94,1.5,0.12,1.93,0.84,7.77,4.4,2.49,0.5,1.89,0.19,0.03
India,Jammu and Kashmir,"PLFS Year (Jul - Jun), 2019",Urban,Female,16.43,0.12,17.9,0.13,0.15,5.91,10.03,0.23,0,0.77,1.47,0,1.99,0.58,6.21,25.85,7.66,0,3.52,1.05,0
India,Jammu and Kashmir,"PLFS Year (Jul - Jun), 2019",Urban,Persons,7.08,0.14,12.12,0.42,1.78,14.01,28.69,5.87,1.7,0.9,1.49,0.1,1.94,0.79,7.44,8.93,3.58,0.39,2.24,0.37,0.02
India,Jammu and Kashmir,"PLFS Year (Jul - Jun), 2019",Rural + Urban,Male,25.08,0.18,7,0.42,2.02,24.15,16.2,6.34,1.37,0.32,0.64,0.08,0.48,0.75,6.71,5.88,1.13,0.22,0.97,0.04,0.01
India,Jammu and Kashmir,"PLFS Year (Jul - Jun), 2019",Rural + Urban,Female,68.61,0.01,12.42,0.02,0.02,1.16,2.01,0.03,0,0.09,0.29,0,0.24,0.19,2.55,8.6,2.67,0,0.93,0.16,0
India,Jammu and Kashmir,"PLFS Year (Jul - Jun), 2019",Rural + Urban,Persons,38.5,0.13,8.67,0.3,1.4,17.07,11.83,4.39,0.95,0.25,0.53,0.06,0.41,0.58,5.43,6.72,1.6,0.15,0.96,0.08,0
India,Jharkhand,"PLFS Year (Jul - Jun), 2019",Rural,Male,52.55,0.39,7.4,0.07,0,20.76,6.66,4.59,1.45,0.14,0.35,0,0.52,0.75,0.63,2.29,0.21,0.06,1.18,0,0
India,Jharkhand,"PLFS Year (Jul - Jun), 2019",Rural,Female,83.18,0,5.24,0,0.02,3.96,2.59,0.04,0.32,0,0.05,0,0,0,0.46,3.46,0.67,0,0.02,0,0
India,Jharkhand,"PLFS Year (Jul - Jun), 2019",Rural,Persons,63.82,0.24,6.61,0.04,0.01,14.58,5.16,2.92,1.03,0.09,0.24,0,0.33,0.47,0.57,2.72,0.38,0.04,0.75,0,0
India,Jharkhand,"PLFS Year (Jul - Jun), 2019",Urban,Male,4.79,4.86,13.86,0.76,0.19,16.72,25.35,12.15,3.61,0.3,2.22,0.24,1.77,1.44,2.66,3.04,1.35,0.56,3.91,0.23,0
India,Jharkhand,"PLFS Year (Jul - Jun), 2019",Urban,Female,13.59,0.3,24.03,0,0,4.2,25.7,0,3.17,2.35,4.48,0.51,0.38,0,2.2,9.78,2.8,0,2.77,3.73,0
India,Jharkhand,"PLFS Year (Jul - Jun), 2019",Urban,Persons,6.32,4.07,15.63,0.62,0.16,14.54,25.41,10.03,3.54,0.65,2.61,0.29,1.53,1.19,2.58,4.21,1.61,0.46,3.71,0.84,0
India,Jharkhand,"PLFS Year (Jul - Jun), 2019",Rural + Urban,Male,42.48,1.33,8.76,0.21,0.04,19.91,10.6,6.18,1.91,0.17,0.74,0.05,0.78,0.89,1.06,2.45,0.45,0.16,1.76,0.05,0
India,Jharkhand,"PLFS Year (Jul - Jun), 2019",Rural + Urban,Female,77.03,0.03,6.9,0,0.02,3.99,4.63,0.04,0.57,0.21,0.44,0.04,0.03,0,0.61,4.02,0.86,0,0.26,0.33,0
India,Jharkhand,"PLFS Year (Jul - Jun), 2019",Rural + Urban,Persons,54.05,0.89,8.14,0.14,0.03,14.58,8.6,4.13,1.46,0.19,0.64,0.05,0.53,0.59,0.91,2.98,0.59,0.11,1.25,0.14,0
India,Karnataka,"PLFS Year (Jul - Jun), 2019",Rural,Male,64.08,0.05,7.75,0.85,0.09,8.11,6.24,5.6,1.7,0.69,0.62,0,0.36,0.42,0.87,1.75,0.16,0.2,0.46,0.01,0
India,Karnataka,"PLFS Year (Jul - Jun), 2019",Rural,Female,78.28,0,8.09,0,0.08,0.64,3.38,0.19,0.65,0.17,0.71,0,0,0,0.43,5.5,1.82,0,0.06,0.02,0
India,Karnataka,"PLFS Year (Jul - Jun), 2019",Rural,Persons,68.88,0.04,7.86,0.56,0.08,5.59,5.27,3.77,1.34,0.52,0.65,0,0.24,0.28,0.72,3.01,0.72,0.13,0.32,0.01,0
India,Karnataka,"PLFS Year (Jul - Jun), 2019",Urban,Male,5.28,0.06,19.58,0.65,0.29,10.4,23.43,12.52,5.14,6.78,2.6,0.56,1.91,2.2,2.39,2.77,1.57,0.21,1.44,0.22,0
India,Karnataka,"PLFS Year (Jul - Jun), 2019",Urban,Female,10.35,0,22.24,0.05,0.28,3.85,15.34,0.66,4.28,7.7,2.05,0.18,1.45,0.8,2.53,15.16,6.11,0,1.65,5.3,0
India,Karnataka,"PLFS Year (Jul - Jun), 2019",Urban,Persons,6.45,0.05,20.2,0.51,0.29,8.89,21.57,9.78,4.94,6.99,2.48,0.48,1.8,1.88,2.42,5.63,2.62,0.16,1.49,1.39,0
India,Karnataka,"PLFS Year (Jul - Jun), 2019",Rural + Urban,Male,41.02,0.06,12.39,0.77,0.17,9.01,12.98,8.31,3.05,3.08,1.39,0.22,0.97,1.12,1.46,2.15,0.71,0.2,0.84,0.09,0
India,Karnataka,"PLFS Year (Jul - Jun), 2019",Rural + Urban,Female,59.59,0,11.98,0.01,0.13,1.52,6.67,0.32,1.64,2.24,1.08,0.05,0.4,0.22,1.01,8.16,3,0,0.49,1.47,0
India,Karnataka,"PLFS Year (Jul - Jun), 2019",Rural + Urban,Persons,46.58,0.04,12.27,0.54,0.16,6.77,11.09,5.92,2.63,2.83,1.3,0.17,0.8,0.85,1.33,3.95,1.4,0.14,0.74,0.5,0
India,Kerala,"PLFS Year (Jul - Jun), 2019",Rural,Male,28.8,0.56,8.51,0.25,0,22.35,12.94,8.87,2.21,1.42,2.32,0.55,0.92,0.65,1.62,2.84,0.61,1.29,3.25,0.05,0
India,Kerala,"PLFS Year (Jul - Jun), 2019",Rural,Female,33.95,0.08,9.85,0,0.26,18.3,8.5,0.71,2.64,1.35,3.85,0.26,0.96,0.32,1.9,9.21,4.87,0.27,1.4,1.31,0
India,Kerala,"PLFS Year (Jul - Jun), 2019",Rural,Persons,30.57,0.4,8.97,0.16,0.09,20.96,11.42,6.06,2.36,1.39,2.84,0.45,0.93,0.54,1.71,5.03,2.08,0.94,2.61,0.48,0
India,Kerala,"PLFS Year (Jul - Jun), 2019",Urban,Male,12.41,0.09,11.27,0.78,0.28,20.73,21.15,10.52,4,2.53,3.08,0.32,2.19,1.24,1.6,2.8,1.49,1.01,2.42,0.1,0
India,Kerala,"PLFS Year (Jul - Jun), 2019",Urban,Female,10.27,0.15,15.31,0,0.66,10.21,15.34,0.94,3.8,2.69,5.89,0,1.77,1.51,3.85,13.71,7.44,0.05,2.97,3.44,0
India,Kerala,"PLFS Year (Jul - Jun), 2019",Urban,Persons,11.77,0.11,12.48,0.54,0.39,17.59,19.41,7.66,3.94,2.57,3.92,0.23,2.06,1.32,2.27,6.06,3.27,0.72,2.58,1.1,0
India,Kerala,"PLFS Year (Jul - Jun), 2019",Rural + Urban,Male,20.95,0.34,9.83,0.5,0.13,21.57,16.87,9.66,3.07,1.95,2.68,0.44,1.53,0.94,1.61,2.82,1.03,1.15,2.85,0.07,0
India,Kerala,"PLFS Year (Jul - Jun), 2019",Rural + Urban,Female,23.84,0.11,12.18,0,0.43,14.85,11.42,0.81,3.14,1.92,4.72,0.15,1.31,0.83,2.73,11.13,5.97,0.18,2.07,2.22,0
India,Kerala,"PLFS Year (Jul - Jun), 2019",Rural + Urban,Persons,21.89,0.26,10.59,0.34,0.23,19.4,15.11,6.8,3.09,1.94,3.34,0.35,1.46,0.9,1.97,5.51,2.63,0.84,2.6,0.77,0
India,Ladakh,"PLFS Year (Jul - Jun), 2019",Rural,Male,23.87,0,0,0.3,6.47,21.98,14.85,5.43,0,0.77,1.7,0,0,0,9.61,15.03,0,0,0,0,0
India,Ladakh,"PLFS Year (Jul - Jun), 2019",Rural,Female,81.21,0,5.91,0,0,0,0,0,0,0,0,0,0,7.11,0,0,5.77,0,0,0,0
India,Ladakh,"PLFS Year (Jul - Jun), 2019",Rural,Persons,45.77,0,2.26,0.19,4,13.59,9.18,3.35,0,0.48,1.05,0,0,2.72,5.94,9.29,2.2,0,0,0,0
India,Ladakh,"PLFS Year (Jul - Jun), 2019",Urban,Male,10.09,0,0,0,0,12.34,16.81,30.57,9.93,0,0,0,0.24,3.6,12.67,0,1.51,1.51,0.73,0,0
India,Ladakh,"PLFS Year (Jul - Jun), 2019",Urban,Female,22.24,0,5.21,0,0,5.98,8.97,0,13.87,0,0,0,0,6.59,14.59,11.45,11.1,0,0,0,0
India,Ladakh,"PLFS Year (Jul - Jun), 2019",Urban,Persons,14.12,0,1.73,0,0,10.23,14.21,20.43,11.23,0,0,0,0.16,4.59,13.31,3.8,4.69,1.01,0.49,0,0
India,Ladakh,"PLFS Year (Jul - Jun), 2019",Rural + Urban,Male,21.98,0,0,0.26,5.58,20.66,15.11,8.88,1.36,0.66,1.47,0,0.03,0.49,10.03,12.96,0.21,0.21,0.1,0,0
India,Ladakh,"PLFS Year (Jul - Jun), 2019",Rural + Urban,Female,74.52,0,5.83,0,0,0.68,1.02,0,1.57,0,0,0,0,7.05,1.65,1.3,6.38,0,0,0,0
India,Ladakh,"PLFS Year (Jul - Jun), 2019",Rural + Urban,Persons,41.7,0,2.19,0.16,3.49,13.16,9.82,5.55,1.44,0.41,0.92,0,0.02,2.96,6.88,8.58,2.52,0.13,0.06,0,0
India,Lakshadweep,"PLFS Year (Jul - Jun), 2019",Rural,Male,61.57,0,1.41,0,0.3,13.72,0.67,3.94,5.35,0,1.5,0,10.23,0.1,0,0,0.53,0,0.67,0,0
India,Lakshadweep,"PLFS Year (Jul - Jun), 2019",Rural,Female,3.67,0,21.75,0,0,42.74,0,0,16.03,0,0,0,0,0,0,0,15.82,0,0,0,0
India,Lakshadweep,"PLFS Year (Jul - Jun), 2019",Rural,Persons,50.14,0,5.42,0,0.24,19.45,0.54,3.16,7.46,0,1.21,0,8.21,0.08,0,0,3.55,0,0.54,0,0
India,Lakshadweep,"PLFS Year (Jul - Jun), 2019",Urban,Male,7.14,0,5.01,2.11,4.88,17.83,5.34,14.16,1.64,0,0,0,7.12,2.06,20.83,5.98,0,0,5.9,0,0
India,Lakshadweep,"PLFS Year (Jul - Jun), 2019",Urban,Female,3.73,0,14.47,0,0,0,7.45,0,0,0,0,0,0,0,34.13,14.9,25.33,0,0,0,0
India,Lakshadweep,"PLFS Year (Jul - Jun), 2019",Urban,Persons,6.27,0,7.4,1.58,3.65,13.32,5.88,10.58,1.23,0,0,0,5.32,1.54,24.19,8.24,6.4,0,4.41,0,0
India,Lakshadweep,"PLFS Year (Jul - Jun), 2019",Rural + Urban,Male,22.02,0,4.02,1.53,3.63,16.7,4.07,11.37,2.65,0,0.41,0,7.97,1.52,15.14,4.35,0.15,0,4.47,0,0
India,Lakshadweep,"PLFS Year (Jul - Jun), 2019",Rural + Urban,Female,3.71,0,16.03,0,0,9.17,5.85,0,3.44,0,0,0,0,0,26.8,11.7,23.29,0,0,0,0
India,Lakshadweep,"PLFS Year (Jul - Jun), 2019",Rural + Urban,Persons,17.65,0,6.89,1.17,2.76,14.91,4.49,8.66,2.84,0,0.31,0,6.07,1.16,17.92,6.1,5.66,0,3.4,0,0
India,Madhya Pradesh,"PLFS Year (Jul - Jun), 2019",Rural,Male,68.72,0.07,4.17,0.18,0.25,13.78,5.2,2.67,0.65,0.06,0.15,0.01,0.02,0.3,1.01,1.35,0.22,0.05,1.12,0.01,0
India,Madhya Pradesh,"PLFS Year (Jul - Jun), 2019",Rural,Female,82.38,0.13,6.04,0,0,5.81,2.01,0,0.12,0,0,0,0.02,0,0.29,2.11,1.05,0,0,0.04,0
India,Madhya Pradesh,"PLFS Year (Jul - Jun), 2019",Rural,Persons,73.34,0.09,4.8,0.12,0.16,11.09,4.12,1.77,0.47,0.04,0.1,0.01,0.02,0.2,0.77,1.61,0.5,0.03,0.74,0.02,0
India,Madhya Pradesh,"PLFS Year (Jul - Jun), 2019",Urban,Male,6.19,0.91,15.45,1.11,1.36,13.7,27.82,7.47,4.61,1.99,2.04,0.89,1.5,2.33,3.33,3.77,1.45,0.33,3.14,0.61,0
India,Madhya Pradesh,"PLFS Year (Jul - Jun), 2019",Urban,Female,9.71,1.08,25.77,0,1.11,8.17,21.42,0.55,1.28,0.36,1.08,0.2,0.76,1.13,4.72,13.61,2.69,0.12,1.93,4.31,0
India,Madhya Pradesh,"PLFS Year (Jul - Jun), 2019",Urban,Persons,7,0.95,17.8,0.86,1.3,12.44,26.36,5.89,3.85,1.62,1.82,0.73,1.33,2.06,3.65,6.02,1.73,0.28,2.87,1.45,0
India,Madhya Pradesh,"PLFS Year (Jul - Jun), 2019",Rural + Urban,Male,52.83,0.28,7.04,0.42,0.53,13.76,10.95,3.89,1.66,0.55,0.63,0.23,0.4,0.82,1.6,1.96,0.53,0.12,1.64,0.16,0
India,Madhya Pradesh,"PLFS Year (Jul - Jun), 2019",Rural + Urban,Female,70.43,0.28,9.28,0,0.18,6.2,5.2,0.09,0.31,0.06,0.18,0.03,0.14,0.19,1.02,4.01,1.32,0.02,0.32,0.74,0
India,Madhya Pradesh,"PLFS Year (Jul - Jun), 2019",Rural + Urban,Persons,58.35,0.28,7.74,0.29,0.42,11.39,9.15,2.7,1.24,0.4,0.49,0.17,0.32,0.62,1.42,2.6,0.78,0.09,1.22,0.34,0
India,Maharashtra,"PLFS Year (Jul - Jun), 2019",Rural,Male,66.84,0.14,6.89,0.18,0.04,6.13,6.7,5.14,0.77,0.26,1.02,0.01,0.24,0.9,1.66,0.82,0.3,0.28,1.56,0.1,0
India,Maharashtra,"PLFS Year (Jul - Jun), 2019",Rural,Female,88.48,0,4.34,0,0,0.45,2.07,0.08,0.26,0,0.26,0,0,0.18,0.52,1.82,0.74,0.07,0.34,0.39,0
India,Maharashtra,"PLFS Year (Jul - Jun), 2019",Rural,Persons,75.04,0.09,5.92,0.11,0.03,3.98,4.95,3.22,0.58,0.16,0.74,0.01,0.15,0.63,1.23,1.2,0.47,0.2,1.1,0.21,0
India,Maharashtra,"PLFS Year (Jul - Jun), 2019",Urban,Male,3.3,0.1,18.08,1.05,0.62,10.92,24.34,9.23,3.28,3.51,4.12,0.61,3.07,4.71,3.27,3.08,1.96,0.72,2.95,1.06,0
India,Maharashtra,"PLFS Year (Jul - Jun), 2019",Urban,Female,4.23,0,17.61,0.22,0.52,1.83,20.31,1.49,2.18,5.55,4.78,0.32,2.69,2.65,2.14,13.21,5.51,0.86,3.6,10.28,0
India,Maharashtra,"PLFS Year (Jul - Jun), 2019",Urban,Persons,3.53,0.08,17.97,0.84,0.59,8.64,23.33,7.29,3,4.02,4.28,0.54,2.98,4.2,2.99,5.63,2.85,0.75,3.11,3.37,0
India,Maharashtra,"PLFS Year (Jul - Jun), 2019",Rural + Urban,Male,40.86,0.13,11.47,0.54,0.28,8.09,13.91,6.81,1.8,1.59,2.29,0.26,1.4,2.46,2.32,1.74,0.98,0.46,2.13,0.49,0
India,Maharashtra,"PLFS Year (Jul - Jun), 2019",Rural + Urban,Female,65.28,0,8,0.06,0.14,0.83,7.09,0.47,0.79,1.53,1.51,0.09,0.74,0.86,0.97,4.96,2.05,0.29,1.23,3.12,0
India,Maharashtra,"PLFS Year (Jul - Jun), 2019",Rural + Urban,Persons,48.98,0.08,10.31,0.38,0.23,5.68,11.65,4.7,1.46,1.57,2.03,0.2,1.18,1.93,1.87,2.81,1.34,0.4,1.83,1.36,0
India,Manipur,"PLFS Year (Jul - Jun), 2019",Rural,Male,46.44,0.59,7.12,0.23,0.02,9.46,7.43,6.36,0.14,0.03,0.22,0,1.04,4.89,5.79,6.94,1.35,0,1.6,0.35,0
India,Manipur,"PLFS Year (Jul - Jun), 2019",Rural,Female,30.49,0.93,22.39,0,0.15,0.58,12.38,0,3.18,0.29,0.26,0,0.95,1,0.9,16.9,7.5,0,1.18,0.94,0
India,Manipur,"PLFS Year (Jul - Jun), 2019",Rural,Persons,42.07,0.68,11.3,0.17,0.06,7.03,8.78,4.62,0.97,0.1,0.23,0,1.02,3.82,4.45,9.66,3.03,0,1.49,0.51,0
India,Manipur,"PLFS Year (Jul - Jun), 2019",Urban,Male,11.58,0.43,9.8,0.22,0.34,12.01,22.08,6.43,1.97,1.12,1.46,0,3.35,8.82,7.85,7.02,1.12,0.37,3.12,0.91,0
India,Manipur,"PLFS Year (Jul - Jun), 2019",Urban,Female,5.85,0.13,27.79,0,0,0.85,24.95,0.24,4.08,0.39,0.62,0,1.15,5.51,1.13,18.6,6.27,0,1.72,0.71,0
India,Manipur,"PLFS Year (Jul - Jun), 2019",Urban,Persons,9.57,0.32,16.13,0.14,0.22,8.08,23.09,4.25,2.71,0.87,1.16,0,2.58,7.66,5.49,11.09,2.93,0.24,2.63,0.84,0
India,Manipur,"PLFS Year (Jul - Jun), 2019",Rural + Urban,Male,36.91,0.54,7.85,0.23,0.11,10.16,11.43,6.38,0.64,0.33,0.56,0,1.67,5.96,6.35,6.96,1.29,0.1,2.02,0.5,0
India,Manipur,"PLFS Year (Jul - Jun), 2019",Rural + Urban,Female,21.83,0.65,24.29,0,0.1,0.67,16.8,0.08,3.5,0.33,0.39,0,1.02,2.58,0.98,17.49,7.06,0,1.37,0.86,0
India,Manipur,"PLFS Year (Jul - Jun), 2019",Rural + Urban,Persons,32.44,0.57,12.73,0.16,0.11,7.34,13.02,4.51,1.49,0.33,0.51,0,1.48,4.96,4.76,10.09,3,0.07,1.83,0.61,0
India,Meghalaya,"PLFS Year (Jul - Jun), 2019",Rural,Male,56.21,3.12,2.91,0.34,0.43,15.34,5.35,7.39,0.46,0,0,0,0.08,0,2.04,5.49,0.43,0.29,0.09,0.02,0
India,Meghalaya,"PLFS Year (Jul - Jun), 2019",Rural,Female,66.35,2.12,1.37,0.06,0,10.98,4.16,0,2.11,0,0,0,0,0,0.65,4.8,5.93,0,0.65,0.82,0
India,Meghalaya,"PLFS Year (Jul - Jun), 2019",Rural,Persons,60.28,2.72,2.3,0.23,0.25,13.59,4.87,4.42,1.12,0,0,0,0.05,0,1.48,5.22,2.64,0.17,0.31,0.34,0
India,Meghalaya,"PLFS Year (Jul - Jun), 2019",Urban,Male,1.21,0.35,6.39,1.12,0.02,15.52,24.25,11.37,2.39,1.32,0.68,0.13,0.28,1.21,21.7,6.69,2.85,1.41,0.5,0.61,0
India,Meghalaya,"PLFS Year (Jul - Jun), 2019",Urban,Female,2.77,1.2,2.88,0,0,1.7,21.48,0,6.13,0.66,0,0,1,0,18.13,22.65,7.92,0,3.23,10.25,0
India,Meghalaya,"PLFS Year (Jul - Jun), 2019",Urban,Persons,1.65,0.59,5.39,0.8,0.01,11.58,23.46,8.13,3.46,1.13,0.48,0.09,0.49,0.87,20.68,11.24,4.29,1.01,1.28,3.36,0
India,Meghalaya,"PLFS Year (Jul - Jun), 2019",Rural + Urban,Male,47.02,2.66,3.49,0.47,0.36,15.37,8.5,8.05,0.79,0.22,0.11,0.02,0.12,0.2,5.32,5.69,0.84,0.48,0.16,0.12,0
India,Meghalaya,"PLFS Year (Jul - Jun), 2019",Rural + Urban,Female,59.58,2.02,1.53,0.05,0,9.99,6,0,2.53,0.07,0,0,0.11,0,2.51,6.7,6.14,0,0.93,1.83,0
India,Meghalaya,"PLFS Year (Jul - Jun), 2019",Rural + Urban,Persons,51.86,2.41,2.74,0.31,0.22,13.3,7.54,4.95,1.46,0.16,0.07,0.01,0.11,0.12,4.24,6.08,2.88,0.29,0.45,0.77,0
India,Mizoram,"PLFS Year (Jul - Jun), 2019",Rural,Male,57.21,0.21,5.17,0,0,9.05,5.8,6.63,0.06,0,0,0,0.16,1.45,2.46,10.42,1.24,0,0.14,0,0
India,Mizoram,"PLFS Year (Jul - Jun), 2019",Rural,Female,75.06,0,1.94,0,0,1.18,13.76,0.35,0.38,0,0,0,0,1.28,0.8,3.41,1.55,0,0.29,0,0
India,Mizoram,"PLFS Year (Jul - Jun), 2019",Rural,Persons,63.04,0.14,4.11,0,0,6.48,8.4,4.58,0.16,0,0,0,0.11,1.4,1.92,8.13,1.34,0,0.19,0,0
India,Mizoram,"PLFS Year (Jul - Jun), 2019",Urban,Male,13.45,0.44,7.61,0,0.34,11.52,18.49,9.62,1.28,0.67,1.29,0,0.74,7.78,13.77,10.21,1.1,0.15,1.36,0.15,0
India,Mizoram,"PLFS Year (Jul - Jun), 2019",Urban,Female,18.1,0.9,8.27,0,0,0.92,38.59,0.42,2.59,0.66,1.35,0,1.3,6.8,4.92,9.99,3.98,0,1.21,0,0
India,Mizoram,"PLFS Year (Jul - Jun), 2019",Urban,Persons,15.07,0.6,7.84,0,0.22,7.83,25.49,6.42,1.73,0.66,1.31,0,0.94,7.44,10.69,10.14,2.1,0.1,1.31,0.1,0
India,Mizoram,"PLFS Year (Jul - Jun), 2019",Rural + Urban,Male,38.44,0.31,6.22,0,0.15,10.11,11.25,7.91,0.58,0.29,0.55,0,0.41,4.17,7.32,10.33,1.18,0.07,0.66,0.07,0
India,Mizoram,"PLFS Year (Jul - Jun), 2019",Rural + Urban,Female,49.28,0.41,4.8,0,0,1.06,25,0.38,1.38,0.3,0.61,0,0.59,3.78,2.67,6.39,2.65,0,0.71,0,0
India,Mizoram,"PLFS Year (Jul - Jun), 2019",Rural + Urban,Persons,42.08,0.34,5.74,0,0.1,7.07,15.87,5.38,0.85,0.29,0.57,0,0.47,4.04,5.75,9.01,1.68,0.04,0.68,0.04,0
India,Nagaland,"PLFS Year (Jul - Jun), 2019",Rural,Male,53.15,0.05,5.84,1.37,1.7,4.66,6.06,4.99,0.47,0.06,0,0,0.97,5.32,1.92,6.44,0.93,0,5.83,0.23,0
India,Nagaland,"PLFS Year (Jul - Jun), 2019",Rural,Female,75.1,0,2.64,0,0,0,3.54,0,0.88,0.37,0,0,0,4.42,1.38,8.29,2.03,0,1.34,0,0
India,Nagaland,"PLFS Year (Jul - Jun), 2019",Rural,Persons,60.74,0.03,4.74,0.89,1.12,3.05,5.19,3.27,0.61,0.17,0,0,0.63,5.01,1.74,7.08,1.31,0,4.28,0.15,0
India,Nagaland,"PLFS Year (Jul - Jun), 2019",Urban,Male,8.43,0,3.98,0.6,0,5.61,28.29,7.05,2.8,1.57,0.89,0,2.11,16.06,10.66,6.75,1.68,0.33,3.17,0,0
India,Nagaland,"PLFS Year (Jul - Jun), 2019",Urban,Female,20.7,0,3.1,0,0,0,24.12,0,1.25,0.55,0,0,2.47,15.57,2.97,20.02,5.31,0,3.33,0.61,0
India,Nagaland,"PLFS Year (Jul - Jun), 2019",Urban,Persons,11.95,0,3.73,0.43,0,4,27.1,5.03,2.35,1.28,0.64,0,2.22,15.92,8.46,10.56,2.72,0.24,3.22,0.18,0
India,Nagaland,"PLFS Year (Jul - Jun), 2019",Rural + Urban,Male,41.23,0.03,5.35,1.16,1.25,4.92,11.99,5.54,1.09,0.46,0.24,0,1.27,8.18,4.25,6.52,1.13,0.09,5.12,0.17,0
India,Nagaland,"PLFS Year (Jul - Jun), 2019",Rural + Urban,Female,63.31,0,2.74,0,0,0,8,0,0.96,0.41,0,0,0.54,6.83,1.72,10.84,2.74,0,1.77,0.13,0
India,Nagaland,"PLFS Year (Jul - Jun), 2019",Rural + Urban,Persons,48.54,0.02,4.48,0.78,0.84,3.29,10.67,3.71,1.05,0.44,0.16,0,1.03,7.74,3.42,7.95,1.67,0.06,4.01,0.16,0
India,Odisha,"PLFS Year (Jul - Jun), 2019",Rural,Male,49.54,0.17,4.74,0.49,0.15,22.69,8.52,5.25,2.16,0.25,0.33,0,0.21,0.62,0.84,2.21,0.21,0.28,1.34,0.01,0
India,Odisha,"PLFS Year (Jul - Jun), 2019",Rural,Female,66.67,0.01,7.69,0.33,0,13.2,4.58,0,0.34,0,0.11,0,0,0.12,0.28,5.45,0.61,0.21,0.4,0,0
India,Odisha,"PLFS Year (Jul - Jun), 2019",Rural,Persons,55.1,0.12,5.7,0.44,0.1,19.61,7.24,3.55,1.57,0.17,0.26,0,0.14,0.45,0.66,3.26,0.34,0.26,1.03,0.01,0
India,Odisha,"PLFS Year (Jul - Jun), 2019",Urban,Male,3.69,0.56,13.6,0.9,0.74,19.04,23.38,10.34,3.09,1.9,3.23,0.06,1.71,2.82,4.89,5.47,0.87,0.24,3.18,0.27,0
India,Odisha,"PLFS Year (Jul - Jun), 2019",Urban,Female,10.28,0,8.35,0.12,0,18.99,17.09,0.28,5.42,0.59,2.35,0,1.15,1.61,2.77,20.37,3.62,0,4.48,2.54,0
India,Odisha,"PLFS Year (Jul - Jun), 2019",Urban,Persons,5.25,0.43,12.36,0.72,0.57,19.03,21.89,7.97,3.64,1.59,3.02,0.05,1.58,2.53,4.39,8.98,1.52,0.19,3.49,0.8,0
India,Odisha,"PLFS Year (Jul - Jun), 2019",Rural + Urban,Male,42.59,0.23,6.08,0.55,0.24,22.14,10.77,6.03,2.3,0.5,0.77,0.01,0.43,0.95,1.45,2.7,0.31,0.27,1.62,0.05,0
India,Odisha,"PLFS Year (Jul - Jun), 2019",Rural + Urban,Female,60.88,0.01,7.76,0.31,0,13.8,5.86,0.03,0.86,0.06,0.34,0,0.12,0.27,0.54,6.98,0.92,0.19,0.81,0.26,0
India,Odisha,"PLFS Year (Jul - Jun), 2019",Rural + Urban,Persons,48.31,0.16,6.61,0.47,0.16,19.53,9.24,4.15,1.85,0.36,0.63,0.01,0.34,0.74,1.16,4.04,0.5,0.25,1.37,0.12,0
India,Puducherry,"PLFS Year (Jul - Jun), 2019",Rural,Male,35.55,0,19.03,0,0,10.46,4.44,6.72,3.35,1.6,0.61,0,0.1,2.33,9.39,2.33,0.61,0,3.48,0,0
India,Puducherry,"PLFS Year (Jul - Jun), 2019",Rural,Female,44.06,0,25.81,0,0,4.93,10.11,0,0.67,0.14,0,0,0,1.13,1.82,1.48,3.77,0,0.28,5.8,0
India,Puducherry,"PLFS Year (Jul - Jun), 2019",Rural,Persons,38.35,0,21.26,0,0,8.64,6.31,4.51,2.47,1.12,0.41,0,0.07,1.94,6.89,2.05,1.65,0,2.43,1.91,0
India,Puducherry,"PLFS Year (Jul - Jun), 2019",Urban,Male,2.79,0.84,20.98,0.24,0.51,12,23.31,8.29,3.79,2.3,4.14,0.18,2.66,1.38,4.94,4.33,3.01,1.11,2.8,0.38,0
India,Puducherry,"PLFS Year (Jul - Jun), 2019",Urban,Female,2.58,0,17.71,0,0,1.59,15.4,0.26,2.41,4.96,3.55,0,0,1,2.04,25.45,9.96,0.47,1.18,11.44,0
India,Puducherry,"PLFS Year (Jul - Jun), 2019",Urban,Persons,2.73,0.6,20.07,0.18,0.37,9.11,21.11,6.06,3.4,3.04,3.98,0.13,1.92,1.28,4.14,10.2,4.94,0.93,2.35,3.46,0
India,Puducherry,"PLFS Year (Jul - Jun), 2019",Rural + Urban,Male,14.17,0.55,20.3,0.16,0.33,11.47,16.76,7.75,3.64,2.06,2.91,0.12,1.77,1.71,6.49,3.64,2.18,0.72,3.04,0.25,0
India,Puducherry,"PLFS Year (Jul - Jun), 2019",Rural + Urban,Female,19.36,0,20.99,0,0,2.94,13.26,0.16,1.71,3.01,2.11,0,0,1.06,1.95,15.76,7.45,0.28,0.82,9.16,0
India,Puducherry,"PLFS Year (Jul - Jun), 2019",Rural + Urban,Persons,15.71,0.38,20.5,0.11,0.23,8.94,15.72,5.49,3.06,2.34,2.68,0.08,1.25,1.52,5.14,7.23,3.74,0.59,2.38,2.89,0
India,Punjab,"PLFS Year (Jul - Jun), 2019",Rural,Male,36.27,0.02,11.94,0.59,0.24,20.11,7.55,12.11,0.79,0.12,0.54,0.05,0.44,0.84,0.75,1.54,1.18,0.99,3.78,0.13,0
India,Punjab,"PLFS Year (Jul - Jun), 2019",Rural,Female,43.72,0,12.72,0,1.83,6.86,3.03,0.44,0.45,0.3,10.04,0,0.01,0.61,1.22,8.13,2.67,0,4.6,3.35,0
India,Punjab,"PLFS Year (Jul - Jun), 2019",Rural,Persons,37.99,0.02,12.12,0.45,0.6,17.05,6.51,9.41,0.71,0.16,2.74,0.04,0.34,0.79,0.86,3.07,1.52,0.76,3.97,0.88,0
India,Punjab,"PLFS Year (Jul - Jun), 2019",Urban,Male,4.44,0,24.72,1.27,1.57,9.76,28.17,6.54,3.49,0.68,2.14,0.56,1.99,2.13,2.46,3.35,2.15,0.96,3.04,0.6,0
India,Punjab,"PLFS Year (Jul - Jun), 2019",Urban,Female,3.85,0,21.04,0.66,0.11,1.64,16.35,0.75,1.01,1.54,1.56,0.07,1.84,0.91,2.62,25.43,6.5,0.15,5.28,8.67,0
India,Punjab,"PLFS Year (Jul - Jun), 2019",Urban,Persons,4.32,0,23.99,1.15,1.28,8.16,25.84,5.4,3,0.85,2.03,0.46,1.96,1.89,2.49,7.71,3.01,0.8,3.48,2.2,0
India,Punjab,"PLFS Year (Jul - Jun), 2019",Rural + Urban,Male,24.38,0.01,16.72,0.84,0.74,16.24,15.26,10.03,1.8,0.33,1.14,0.24,1.02,1.32,1.39,2.22,1.54,0.98,3.51,0.31,0
India,Punjab,"PLFS Year (Jul - Jun), 2019",Rural + Urban,Female,30.65,0,15.45,0.22,1.27,5.15,7.4,0.54,0.64,0.71,7.26,0.02,0.61,0.71,1.68,13.8,3.93,0.05,4.82,5.1,0
India,Punjab,"PLFS Year (Jul - Jun), 2019",Rural + Urban,Persons,25.75,0.01,16.44,0.71,0.85,13.81,13.54,7.95,1.54,0.41,2.48,0.2,0.93,1.19,1.45,4.75,2.06,0.78,3.79,1.36,0
India,Rajasthan,"PLFS Year (Jul - Jun), 2019",Rural,Male,55.95,1.39,7.66,0.41,0.21,15.25,6.33,4.69,1.33,0.23,0.2,0.02,0.76,0.69,0.31,1.94,0.46,0.33,1.72,0.11,0
India,Rajasthan,"PLFS Year (Jul - Jun), 2019",Rural,Female,81.27,0.01,3.62,0.04,0.1,10.07,1.29,0,0.45,0,0.15,0,0.05,0.04,0.29,1.53,0.71,0,0.39,0,0
India,Rajasthan,"PLFS Year (Jul - Jun), 2019",Rural,Persons,65.52,0.87,6.13,0.27,0.17,13.29,4.43,2.92,1,0.14,0.18,0.01,0.49,0.44,0.3,1.79,0.56,0.21,1.22,0.07,0
India,Rajasthan,"PLFS Year (Jul - Jun), 2019",Urban,Male,4.04,1.06,22.15,0.39,1.8,15.51,24.35,9,2.87,1.14,2.02,0.57,1.65,2.3,2.71,3.7,1.26,0.74,2.52,0.22,0
India,Rajasthan,"PLFS Year (Jul - Jun), 2019",Urban,Female,13.46,0,28.75,0,2.34,5.1,13.74,0.37,2.5,0.11,1.42,0,5.44,1.48,2.23,16.21,1.8,0,3.48,1.57,0
India,Rajasthan,"PLFS Year (Jul - Jun), 2019",Urban,Persons,5.85,0.86,23.42,0.32,1.9,13.51,22.31,7.34,2.8,0.94,1.9,0.46,2.38,2.14,2.62,6.11,1.36,0.6,2.7,0.48,0
India,Rajasthan,"PLFS Year (Jul - Jun), 2019",Rural + Urban,Male,42.77,1.31,11.34,0.41,0.62,15.31,10.91,5.79,1.72,0.46,0.67,0.16,0.98,1.1,0.92,2.39,0.66,0.44,1.92,0.14,0
India,Rajasthan,"PLFS Year (Jul - Jun), 2019",Rural + Urban,Female,73.29,0.01,6.57,0.03,0.36,9.48,2.76,0.04,0.69,0.01,0.3,0,0.68,0.21,0.52,3.26,0.84,0,0.75,0.18,0
India,Rajasthan,"PLFS Year (Jul - Jun), 2019",Rural + Urban,Persons,53.13,0.87,9.72,0.28,0.53,13.33,8.14,3.84,1.37,0.31,0.54,0.1,0.88,0.8,0.78,2.68,0.72,0.29,1.52,0.16,0
India,Sikkim,"PLFS Year (Jul - Jun), 2019",Rural,Male,44.74,0,3.81,1.33,0.17,17.47,4.25,7.17,2.9,0.25,0,0,0,0.71,11.99,3.79,0.57,0,0.84,0,0
India,Sikkim,"PLFS Year (Jul - Jun), 2019",Rural,Female,57.67,0,3.3,0,0.74,4.23,5.6,0.87,1.95,0,0.1,0,0,0.14,10.72,8.82,5.3,0.56,0,0,0
India,Sikkim,"PLFS Year (Jul - Jun), 2019",Rural,Persons,50.15,0,3.6,0.78,0.41,11.93,4.81,4.54,2.5,0.15,0.04,0,0,0.48,11.46,5.89,2.55,0.23,0.49,0,0
India,Sikkim,"PLFS Year (Jul - Jun), 2019",Urban,Male,1.23,0,7.43,0,0,15.35,21.08,12.61,11.22,1.35,2.42,0,0.62,2.27,15.98,4.7,1.45,0.44,1.83,0,0
India,Sikkim,"PLFS Year (Jul - Jun), 2019",Urban,Female,1.78,0,10.33,0,0,6.97,14.81,0,16.86,0.55,2.27,0,0,0,21.32,13.07,8.74,0.4,1.48,1.42,0
India,Sikkim,"PLFS Year (Jul - Jun), 2019",Urban,Persons,1.41,0,8.33,0,0,12.74,19.13,8.68,12.98,1.1,2.37,0,0.43,1.57,17.64,7.31,3.73,0.43,1.72,0.44,0
India,Sikkim,"PLFS Year (Jul - Jun), 2019",Rural + Urban,Male,33.73,0,4.73,1,0.13,16.93,8.51,8.55,5.01,0.53,0.61,0,0.16,1.11,13,4.02,0.79,0.11,1.09,0,0
India,Sikkim,"PLFS Year (Jul - Jun), 2019",Rural + Urban,Female,47.84,0,4.54,0,0.61,4.71,7.22,0.72,4.57,0.1,0.48,0,0,0.12,12.59,9.56,5.91,0.53,0.26,0.25,0
India,Sikkim,"PLFS Year (Jul - Jun), 2019",Rural + Urban,Persons,39.3,0,4.65,0.6,0.32,12.11,8,5.46,4.84,0.36,0.56,0,0.1,0.72,12.83,6.21,2.81,0.28,0.76,0.1,0
India,Tamil Nadu,"PLFS Year (Jul - Jun), 2019",Rural,Male,40.51,0.56,11.95,0.53,0.24,18.16,9.42,7.77,2.6,0.54,0.98,0.24,0.75,0.51,1.19,1.5,0.16,0.46,1.92,0,0
India,Tamil Nadu,"PLFS Year (Jul - Jun), 2019",Rural,Female,57.37,0.02,12.19,0.01,0.13,17.68,4.21,0.14,1.43,0.12,0.44,0,0,0.36,1.4,2.65,1.39,0.12,0.16,0.18,0
India,Tamil Nadu,"PLFS Year (Jul - Jun), 2019",Rural,Persons,47.22,0.35,12.04,0.32,0.2,17.97,7.34,4.74,2.13,0.37,0.77,0.15,0.45,0.45,1.27,1.96,0.65,0.33,1.22,0.07,0
India,Tamil Nadu,"PLFS Year (Jul - Jun), 2019",Urban,Male,6.76,0.41,20.88,1.01,0.9,12.44,20.81,11.25,4.67,4.11,3.08,0.78,2.14,1.9,1.48,2.25,1.05,0.44,3.09,0.55,0
India,Tamil Nadu,"PLFS Year (Jul - Jun), 2019",Urban,Female,9.49,0.13,30.15,0.33,0.55,6.22,15.97,0.33,4.22,3.29,2.87,0,1.72,0.9,2.19,11.43,4.65,0,1.58,3.97,0
India,Tamil Nadu,"PLFS Year (Jul - Jun), 2019",Urban,Persons,7.6,0.33,23.71,0.8,0.79,10.54,19.33,7.92,4.54,3.86,3.01,0.54,2.01,1.59,1.7,5.05,2.15,0.3,2.63,1.59,0
India,Tamil Nadu,"PLFS Year (Jul - Jun), 2019",Rural + Urban,Male,24.69,0.49,16.14,0.76,0.55,15.48,14.76,9.41,3.57,2.22,1.96,0.49,1.4,1.16,1.33,1.85,0.58,0.45,2.47,0.26,0
India,Tamil Nadu,"PLFS Year (Jul - Jun), 2019",Rural + Urban,Female,39.68,0.06,18.83,0.13,0.29,13.44,8.55,0.21,2.46,1.29,1.34,0,0.63,0.56,1.69,5.9,2.59,0.08,0.68,1.58,0
India,Tamil Nadu,"PLFS Year (Jul - Jun), 2019",Rural + Urban,Persons,30.05,0.34,17.1,0.53,0.46,14.75,12.54,6.12,3.17,1.88,1.74,0.32,1.13,0.94,1.46,3.3,1.3,0.32,1.83,0.73,0
India,Telangana,"PLFS Year (Jul - Jun), 2019",Rural,Male,70.96,0.13,4.63,0,0.17,5.67,5.61,5.39,0.3,0.14,0.25,0.24,0.16,0.54,1.77,1.58,0.27,0.59,1.59,0.01,0
India,Telangana,"PLFS Year (Jul - Jun), 2019",Rural,Female,70.5,0,12.19,0,0.22,5.02,3.34,0.09,0.16,0.31,0,0,0.01,0,0.11,6.37,1.2,0,0.46,0.02,0
India,Telangana,"PLFS Year (Jul - Jun), 2019",Rural,Persons,70.76,0.07,7.93,0,0.19,5.38,4.62,3.08,0.24,0.21,0.14,0.13,0.09,0.31,1.05,3.67,0.67,0.33,1.1,0.02,0
India,Telangana,"PLFS Year (Jul - Jun), 2019",Urban,Male,2.78,2.22,15.66,0.41,0.34,10.56,24.9,11.22,2.25,7.09,2.44,1.97,3.3,1.53,3.62,3.14,2.54,0.74,2.21,1.11,0
India,Telangana,"PLFS Year (Jul - Jun), 2019",Urban,Female,9.47,0.15,17.45,0,0,4.81,27.1,0.59,2.42,4.1,0.82,0.95,1.97,1.66,2.33,12.83,5.1,0.21,2.99,5.04,0
India,Telangana,"PLFS Year (Jul - Jun), 2019",Urban,Persons,4.53,1.68,16.13,0.3,0.25,9.06,25.47,8.45,2.29,6.31,2.01,1.7,2.95,1.56,3.29,5.67,3.21,0.6,2.42,2.14,0
India,Telangana,"PLFS Year (Jul - Jun), 2019",Rural + Urban,Male,43.69,0.96,9.04,0.16,0.24,7.62,13.32,7.73,1.08,2.92,1.12,0.93,1.42,0.94,2.51,2.2,1.18,0.65,1.84,0.45,0
India,Telangana,"PLFS Year (Jul - Jun), 2019",Rural + Urban,Female,56.26,0.04,13.42,0,0.17,4.97,8.89,0.21,0.69,1.19,0.19,0.22,0.47,0.39,0.63,7.88,2.11,0.05,1.05,1.19,0
India,Telangana,"PLFS Year (Jul - Jun), 2019",Rural + Urban,Persons,48.43,0.61,10.69,0.1,0.21,6.62,11.65,4.89,0.93,2.27,0.77,0.66,1.06,0.73,1.8,4.34,1.53,0.42,1.54,0.73,0
India,The Dadra and Nagar Haveli and Daman and Diu,"PLFS Year (Jul - Jun), 2019",Rural,Male,30.7200000000000000000000,0.00000000000000000000,42.9950000000000000000000,0.0800000000000000000000,0.4550000000000000000000,8.5750000000000000000000,4.1100000000000000000000,4.8500000000000000000000,1.9650000000000000000000,0.00000000000000000000,1.0550000000000000000000,0.00000000000000000000,0.00000000000000000000,0.00000000000000000000,4.0800000000000000000000,0.5100000000000000000000,0.4900000000000000000000,0.1050000000000000000000,0.00000000000000000000,0.00000000000000000000,0.00000000000000000000
India,The Dadra and Nagar Haveli and Daman and Diu,"PLFS Year (Jul - Jun), 2019",Rural,Female,65.9450000000000000000000,0.00000000000000000000,16.4600000000000000000000,0.00000000000000000000,0.00000000000000000000,1.3750000000000000000000,4.4250000000000000000000,0.8250000000000000000000,1.3800000000000000000000,0.00000000000000000000,0.00000000000000000000,0.00000000000000000000,0.00000000000000000000,0.00000000000000000000,1.0150000000000000000000,6.4850000000000000000000,0.00000000000000000000,0.00000000000000000000,0.7100000000000000000000,1.3850000000000000000000,0.00000000000000000000
India,The Dadra and Nagar Haveli and Daman and Diu,"PLFS Year (Jul - Jun), 2019",Rural,Persons,45.4300000000000000000000,0.00000000000000000000,32.8100000000000000000000,0.0450000000000000000000,0.2550000000000000000000,5.7450000000000000000000,4.1300000000000000000000,3.1200000000000000000000,1.6100000000000000000000,0.00000000000000000000,0.5900000000000000000000,0.00000000000000000000,0.00000000000000000000,0.00000000000000000000,3.2300000000000000000000,2.1300000000000000000000,0.2750000000000000000000,0.0800000000000000000000,0.1900000000000000000000,0.3750000000000000000000,0.00000000000000000000
India,The Dadra and Nagar Haveli and Daman and Diu,"PLFS Year (Jul - Jun), 2019",Urban,Male,5.0450000000000000000000,0.4550000000000000000000,72.7750000000000000000000,0.9750000000000000000000,0.0650000000000000000000,2.3550000000000000000000,6.4950000000000000000000,4.1000000000000000000000,0.9700000000000000000000,0.3800000000000000000000,0.8100000000000000000000,0.850000000000000000000,0.00000000000000000000,0.5300000000000000000000,0.5800000000000000000000,2.3500000000000000000000,0.8200000000000000000000,0.00000000000000000000,0.450000000000000000000,0.00000000000000000000,0.00000000000000000000
India,The Dadra and Nagar Haveli and Daman and Diu,"PLFS Year (Jul - Jun), 2019",Urban,Female,16.6500000000000000000000,0.00000000000000000000,30.4100000000000000000000,0.00000000000000000000,0.00000000000000000000,0.00000000000000000000,9.7650000000000000000000,0.00000000000000000000,1.5600000000000000000000,0.00000000000000000000,1.9250000000000000000000,0.00000000000000000000,0.00000000000000000000,2.0900000000000000000000,0.00000000000000000000,21.0200000000000000000000,6.4100000000000000000000,0.00000000000000000000,3.6400000000000000000000,6.5450000000000000000000,0.00000000000000000000
India,The Dadra and Nagar Haveli and Daman and Diu,"PLFS Year (Jul - Jun), 2019",Urban,Persons,6.8000000000000000000000,0.3900000000000000000000,65.750000000000000000000,0.7700000000000000000000,0.050000000000000000000,1.9950000000000000000000,7.1400000000000000000000,3.2550000000000000000000,1.0850000000000000000000,0.300000000000000000000,1.0700000000000000000000,0.7300000000000000000000,0.00000000000000000000,0.7450000000000000000000,0.4800000000000000000000,5.3550000000000000000000,1.5600000000000000000000,0.00000000000000000000,1.1300000000000000000000,1.3950000000000000000000,0.00000000000000000000
India,The Dadra and Nagar Haveli and Daman and Diu,"PLFS Year (Jul - Jun), 2019",Rural + Urban,Male,11.6100000000000000000000,0.2700000000000000000000,64.0950000000000000000000,0.8550000000000000000000,0.2400000000000000000000,4.4450000000000000000000,5.6350000000000000000000,5.2400000000000000000000,1.400000000000000000000,0.3250000000000000000000,1.0350000000000000000000,0.5100000000000000000000,0.00000000000000000000,0.3150000000000000000000,1.0650000000000000000000,1.7700000000000000000000,0.7850000000000000000000,0.0150000000000000000000,0.3800000000000000000000,0.00000000000000000000,0.00000000000000000000
India,The Dadra and Nagar Haveli and Daman and Diu,"PLFS Year (Jul - Jun), 2019",Rural + Urban,Female,44.1550000000000000000000,0.00000000000000000000,23.3900000000000000000000,0.00000000000000000000,0.00000000000000000000,1.0600000000000000000000,6.9450000000000000000000,0.6350000000000000000000,1.4350000000000000000000,0.00000000000000000000,1.5400000000000000000000,0.00000000000000000000,0.00000000000000000000,0.4800000000000000000000,0.200000000000000000000,10.1100000000000000000000,1.4750000000000000000000,0.00000000000000000000,3.0600000000000000000000,5.5200000000000000000000,0.00000000000000000000
India,The Dadra and Nagar Haveli and Daman and Diu,"PLFS Year (Jul - Jun), 2019",Rural + Urban,Persons,20.9150000000000000000000,0.1900000000000000000000,53.2200000000000000000000,0.6600000000000000000000,0.1700000000000000000000,3.5000000000000000000000,5.8650000000000000000000,4.1200000000000000000000,1.3800000000000000000000,0.250000000000000000000,1.1050000000000000000000,0.3600000000000000000000,0.00000000000000000000,0.3650000000000000000000,0.8550000000000000000000,3.8050000000000000000000,1.0150000000000000000000,0.0150000000000000000000,0.9750000000000000000000,1.2300000000000000000000,0.00000000000000000000
India,Tripura,"PLFS Year (Jul - Jun), 2019",Rural,Male,48.09,0.81,6.05,0,0.85,15.55,10.61,5.81,1.08,0.28,0.52,0.04,0.27,2.44,1.13,3.06,0.35,0.38,2.32,0.36,0
India,Tripura,"PLFS Year (Jul - Jun), 2019",Rural,Female,55.89,0,5.17,0,0.96,10.19,5.21,0,1.69,0,0,0,0.14,1.02,1.23,15.28,0.94,0,0.57,1.69,0
India,Tripura,"PLFS Year (Jul - Jun), 2019",Rural,Persons,49.98,0.61,5.83,0,0.88,14.25,9.3,4.4,1.23,0.21,0.39,0.03,0.24,2.1,1.15,6.02,0.5,0.28,1.9,0.68,0
India,Tripura,"PLFS Year (Jul - Jun), 2019",Urban,Male,5.18,0,7.57,0,0,14.46,31.14,13.44,1.07,0.57,1.38,0.51,1.64,6.61,4.76,7.1,1.71,0.43,2.37,0.05,0
India,Tripura,"PLFS Year (Jul - Jun), 2019",Urban,Female,11.95,0,16.46,0,2.14,6.91,22.99,1.03,1.54,0,1.56,0,0.15,3.51,6.37,16.98,5.44,0,2.79,0.18,0
India,Tripura,"PLFS Year (Jul - Jun), 2019",Urban,Persons,6.64,0,9.48,0,0.46,12.84,29.39,10.78,1.17,0.45,1.42,0.4,1.32,5.95,5.11,9.23,2.51,0.34,2.46,0.08,0
India,Tripura,"PLFS Year (Jul - Jun), 2019",Rural + Urban,Male,39.6,0.65,6.35,0,0.69,15.34,14.67,7.32,1.08,0.34,0.69,0.14,0.54,3.27,1.85,3.86,0.62,0.39,2.33,0.3,0
India,Tripura,"PLFS Year (Jul - Jun), 2019",Rural + Urban,Female,48.22,0,7.14,0,1.17,9.62,8.31,0.18,1.67,0,0.27,0,0.15,1.46,2.13,15.58,1.73,0,0.95,1.43,0
India,Tripura,"PLFS Year (Jul - Jun), 2019",Rural + Urban,Persons,41.64,0.49,6.53,0,0.8,13.98,13.17,5.63,1.22,0.26,0.59,0.1,0.45,2.84,1.91,6.63,0.88,0.29,2,0.56,0
India,Uttar Pradesh,"PLFS Year (Jul - Jun), 2019",Rural,Male,58.95,0.04,7.31,0.08,0.07,17.82,6.72,2.79,0.79,0.12,0.35,0.02,0.22,0.61,0.66,1.61,0.21,0.07,1.54,0,0
India,Uttar Pradesh,"PLFS Year (Jul - Jun), 2019",Rural,Female,83.24,0,5.08,0,0.34,2.96,3.05,0.07,0.38,0,0,0,0.07,0,0.36,3.21,0.46,0,0.18,0.61,0
India,Uttar Pradesh,"PLFS Year (Jul - Jun), 2019",Rural,Persons,63.88,0.03,6.86,0.07,0.13,14.8,5.97,2.24,0.71,0.1,0.28,0.02,0.19,0.49,0.6,1.94,0.26,0.06,1.27,0.12,0
India,Uttar Pradesh,"PLFS Year (Jul - Jun), 2019",Urban,Male,5.56,0.26,24.21,0.47,0.3,10.33,29.01,6.37,3.46,1.26,1.63,0.46,2.01,1.7,3.31,3.92,1.6,0.48,3.51,0.13,0
India,Uttar Pradesh,"PLFS Year (Jul - Jun), 2019",Urban,Female,11.02,0,20.91,0.1,0.08,2.58,21.1,0.12,2.14,1.29,2.16,0.25,0.85,0.4,2.02,20.93,5.83,0,3.18,5.04,0
India,Uttar Pradesh,"PLFS Year (Jul - Jun), 2019",Urban,Persons,6.32,0.22,23.75,0.42,0.27,9.25,27.91,5.5,3.28,1.26,1.71,0.43,1.85,1.52,3.13,6.28,2.19,0.42,3.47,0.81,0
India,Uttar Pradesh,"PLFS Year (Jul - Jun), 2019",Rural + Urban,Male,46.76,0.09,11.17,0.17,0.13,16.11,11.81,3.61,1.4,0.38,0.65,0.12,0.63,0.86,1.27,2.14,0.52,0.16,1.99,0.03,0
India,Uttar Pradesh,"PLFS Year (Jul - Jun), 2019",Rural + Urban,Female,71.83,0,7.58,0.02,0.3,2.9,5.91,0.08,0.65,0.2,0.34,0.04,0.19,0.06,0.62,6.01,1.31,0,0.65,1.31,0
India,Uttar Pradesh,"PLFS Year (Jul - Jun), 2019",Rural + Urban,Persons,51.5,0.07,10.49,0.14,0.16,13.61,10.69,2.94,1.26,0.35,0.59,0.11,0.55,0.71,1.14,2.87,0.67,0.13,1.74,0.27,0
India,Uttarakhand,"PLFS Year (Jul - Jun), 2019",Rural,Male,49.39,0,10.84,0.18,0.36,14.07,8.13,4.1,3.29,0.58,0.81,0.01,0.33,0.7,1.99,2.29,0.11,0.16,2.66,0,0
India,Uttarakhand,"PLFS Year (Jul - Jun), 2019",Rural,Female,84.07,0,3.96,0,0.24,1.79,0.79,0.11,0.16,0.09,0.48,0,0,0,1.91,5.24,0.17,0,0.53,0.47,0
India,Uttarakhand,"PLFS Year (Jul - Jun), 2019",Rural,Persons,61.15,0,8.5,0.12,0.32,9.91,5.64,2.75,2.23,0.42,0.69,0.01,0.21,0.46,1.96,3.29,0.13,0.1,1.94,0.16,0
India,Uttarakhand,"PLFS Year (Jul - Jun), 2019",Urban,Male,0.97,0.32,19.57,0.86,0.33,13.71,27.32,6.74,4.72,0.41,2.79,0.34,1.99,2.42,5.55,4.84,0.95,0.33,5.26,0.58,0
India,Uttarakhand,"PLFS Year (Jul - Jun), 2019",Urban,Female,0.26,0.43,14.01,1.47,0,2.78,19.35,0.02,1.73,0.43,3.15,0,0.83,1.05,8.93,25.3,5.06,0,13.21,1.99,0
India,Uttarakhand,"PLFS Year (Jul - Jun), 2019",Urban,Persons,0.85,0.34,18.6,0.97,0.27,11.81,25.93,5.57,4.2,0.41,2.85,0.28,1.79,2.19,6.14,8.4,1.67,0.27,6.64,0.82,0
India,Uttarakhand,"PLFS Year (Jul - Jun), 2019",Rural + Urban,Male,36.12,0.09,13.23,0.37,0.36,13.97,13.39,4.83,3.68,0.54,1.35,0.1,0.78,1.17,2.96,2.99,0.34,0.2,3.37,0.16,0
India,Uttarakhand,"PLFS Year (Jul - Jun), 2019",Rural + Urban,Female,72.8,0.06,5.31,0.2,0.21,1.93,3.29,0.1,0.37,0.14,0.84,0,0.11,0.14,2.85,7.94,0.83,0,2.23,0.67,0
India,Uttarakhand,"PLFS Year (Jul - Jun), 2019",Rural + Urban,Persons,47.15,0.08,10.85,0.32,0.31,10.35,10.35,3.4,2.69,0.42,1.2,0.07,0.58,0.86,2.93,4.47,0.49,0.14,3.03,0.31,0
India,West Bengal,"PLFS Year (Jul - Jun), 2019",Rural,Male,50.09,0.14,9.14,0.34,0.07,13.97,9.35,6.52,1.76,0.31,0.65,0.02,0.18,1.25,0.9,1.98,0.63,0.29,2.35,0.04,0
India,West Bengal,"PLFS Year (Jul - Jun), 2019",Rural,Female,56.58,0,24.41,0,0.07,3.34,4.95,0,0.34,0,0.36,0,0,0.38,1.04,5.11,1.84,0,1.2,0.39,0
India,West Bengal,"PLFS Year (Jul - Jun), 2019",Rural,Persons,51.47,0.11,12.39,0.27,0.07,11.71,8.42,5.14,1.46,0.24,0.59,0.02,0.14,1.06,0.93,2.64,0.89,0.23,2.11,0.12,0
India,West Bengal,"PLFS Year (Jul - Jun), 2019",Urban,Male,2.9,0.54,19.47,0.73,0.41,12.68,26.59,10.1,3.75,1.79,2.06,0.27,1.51,2.78,4.32,4.44,1.52,1.09,2.54,0.5,0
India,West Bengal,"PLFS Year (Jul - Jun), 2019",Urban,Female,4.02,0,25.28,0,0,2.72,33.7,1.23,1.2,1.06,1.45,0.12,1.52,1.35,2.17,13.5,2.95,0.18,3.05,4.48,0
India,West Bengal,"PLFS Year (Jul - Jun), 2019",Urban,Persons,3.21,0.39,21.07,0.53,0.3,9.93,28.55,7.65,3.05,1.59,1.89,0.23,1.51,2.39,3.72,6.94,1.92,0.84,2.68,1.6,0
India,West Bengal,"PLFS Year (Jul - Jun), 2019",Rural + Urban,Male,36.65,0.26,12.08,0.45,0.16,13.6,14.26,7.54,2.33,0.73,1.05,0.09,0.56,1.69,1.87,2.68,0.88,0.52,2.41,0.17,0
India,West Bengal,"PLFS Year (Jul - Jun), 2019",Rural + Urban,Female,37.67,0,24.73,0,0.04,3.12,15.29,0.44,0.65,0.38,0.75,0.04,0.55,0.73,1.45,8.13,2.24,0.06,1.87,1.86,0
India,West Bengal,"PLFS Year (Jul - Jun), 2019",Rural + Urban,Persons,36.89,0.2,15.01,0.35,0.14,11.17,14.5,5.9,1.94,0.65,0.98,0.08,0.56,1.46,1.77,3.94,1.2,0.41,2.28,0.56,0
India,Andaman and Nicobar Islands,"PLFS Year (Jul - Jun), 2018",Rural,Male,20.68,0,8.52,1.28,0.35,23.47,7.11,6.15,0.69,2.89,0.15,0,1.65,4.05,17.11,1.43,1.17,0,3.3,0,0
India,Andaman and Nicobar Islands,"PLFS Year (Jul - Jun), 2018",Rural,Female,6.97,0,5.6,0,0,16.5,12.96,0.71,3.39,0,0.85,0,0,0,20.63,17.22,11.36,0,0.29,3.53,0
India,Andaman and Nicobar Islands,"PLFS Year (Jul - Jun), 2018",Rural,Persons,17.63,0,7.87,1,0.27,21.92,8.41,4.94,1.29,2.25,0.3,0,1.28,3.15,17.89,4.94,3.44,0,2.63,0.79,0
India,Andaman and Nicobar Islands,"PLFS Year (Jul - Jun), 2018",Urban,Male,2.91,0,6.87,1.29,0.77,16.83,15.59,8.01,8,1.27,0.57,0.58,1.52,5.73,25.76,1.75,0.78,0,1.31,0.48,0
India,Andaman and Nicobar Islands,"PLFS Year (Jul - Jun), 2018",Urban,Female,2.95,0,3.64,0,0,1.74,24.64,0.8,2.5,3.81,0.91,0,2.98,0,22.55,16.89,3.03,0,0,13.57,0
India,Andaman and Nicobar Islands,"PLFS Year (Jul - Jun), 2018",Urban,Persons,2.92,0,6.32,1.07,0.64,14.24,17.14,6.77,7.05,1.7,0.63,0.48,1.77,4.74,25.2,4.35,1.17,0,1.08,2.73,0
India,Andaman and Nicobar Islands,"PLFS Year (Jul - Jun), 2018",Rural + Urban,Male,12.66,0,7.77,1.28,0.54,20.47,10.94,6.99,3.99,2.16,0.34,0.26,1.59,4.81,21.01,1.57,0.99,0,2.4,0.22,0
India,Andaman and Nicobar Islands,"PLFS Year (Jul - Jun), 2018",Rural + Urban,Female,5.47,0,4.87,0,0,10.98,17.32,0.75,3.06,1.42,0.87,0,1.11,0,21.34,17.1,8.25,0,0.18,7.28,0
India,Andaman and Nicobar Islands,"PLFS Year (Jul - Jun), 2018",Rural + Urban,Persons,11.22,0,7.19,1.03,0.43,18.57,12.22,5.74,3.8,2.01,0.44,0.21,1.5,3.85,21.08,4.68,2.45,0,1.96,1.63,0
India,Andhra Pradesh,"PLFS Year (Jul - Jun), 2018",Rural,Male,50.37,0.54,7.09,0.47,0.01,13.83,6.38,9.1,1.84,0.44,0.51,0.15,0.32,0.25,2,2.23,0.92,0.09,3.08,0.38,0
India,Andhra Pradesh,"PLFS Year (Jul - Jun), 2018",Rural,Female,74.08,0.08,7.36,0,0,4.94,4.73,0.31,2.45,0,0.09,0,0.17,0.11,0.41,1.58,1.27,0.17,1.74,0.53,0
India,Andhra Pradesh,"PLFS Year (Jul - Jun), 2018",Rural,Persons,59.7,0.36,7.19,0.29,0.01,10.33,5.73,5.64,2.08,0.27,0.34,0.09,0.26,0.19,1.37,1.97,1.06,0.12,2.55,0.44,0
India,Andhra Pradesh,"PLFS Year (Jul - Jun), 2018",Urban,Male,4.86,0.18,17.59,1.26,0.52,14.47,19.58,11.74,4.88,1.5,3.44,1.04,1.32,1.51,3.69,4.62,1.48,0.26,5.44,0.62,0
India,Andhra Pradesh,"PLFS Year (Jul - Jun), 2018",Urban,Female,7.64,0,23.47,0.41,0.73,6.48,14.05,0.69,5.25,0.65,0.75,0.16,0.16,0.29,2.85,14.1,6.21,0,6.59,9.52,0
India,Andhra Pradesh,"PLFS Year (Jul - Jun), 2018",Urban,Persons,5.61,0.13,19.18,1.03,0.58,12.32,18.09,8.77,4.98,1.27,2.71,0.8,1.01,1.18,3.46,7.17,2.75,0.19,5.75,3.02,0
India,Andhra Pradesh,"PLFS Year (Jul - Jun), 2018",Rural + Urban,Male,35.66,0.42,10.49,0.73,0.18,14.04,10.65,9.95,2.82,0.78,1.46,0.44,0.64,0.66,2.54,3,1.1,0.15,3.84,0.46,0
India,Andhra Pradesh,"PLFS Year (Jul - Jun), 2018",Rural + Urban,Female,59.92,0.06,10.79,0.09,0.16,5.27,6.71,0.39,3.05,0.14,0.23,0.03,0.17,0.15,0.93,4.25,2.32,0.13,2.77,2.45,0
India,Andhra Pradesh,"PLFS Year (Jul - Jun), 2018",Rural + Urban,Persons,44.35,0.29,10.6,0.5,0.17,10.89,9.24,6.53,2.9,0.55,1.02,0.29,0.47,0.47,1.97,3.45,1.54,0.14,3.46,1.17,0
India,Arunachal Pradesh,"PLFS Year (Jul - Jun), 2018",Rural,Male,50.76,0.21,0.94,1.04,0.3,2.94,19.29,7.11,1.04,0,0.56,0,0.13,0.12,6.57,7.09,0.65,0,1.17,0.08,0
India,Arunachal Pradesh,"PLFS Year (Jul - Jun), 2018",Rural,Female,69.05,0,7.38,0.49,0,0.85,8.07,0.57,2.16,0,0,0,0,0.12,0.38,8.69,1.81,0,0.28,0.16,0
India,Arunachal Pradesh,"PLFS Year (Jul - Jun), 2018",Rural,Persons,53.73,0.18,1.99,0.95,0.25,2.6,17.47,6.05,1.22,0,0.47,0,0.11,0.12,5.57,7.35,0.83,0,1.03,0.09,0
India,Arunachal Pradesh,"PLFS Year (Jul - Jun), 2018",Urban,Male,6.39,0,2.8,4.18,0.86,8.76,25.31,11.34,2.02,1,0.58,0,0.8,1.01,22.67,5.41,4.23,0.07,1.98,0.59,0
India,Arunachal Pradesh,"PLFS Year (Jul - Jun), 2018",Urban,Female,10.31,0,0.2,3.22,1,0.92,13.76,3.05,0.12,0.75,0,0,0,0.82,26.55,24.17,11.35,0,0,3.77,0
India,Arunachal Pradesh,"PLFS Year (Jul - Jun), 2018",Urban,Persons,6.93,0,2.44,4.04,0.88,7.68,23.71,10.19,1.76,0.97,0.5,0,0.69,0.98,23.2,8,5.22,0.06,1.71,1.03,0
India,Arunachal Pradesh,"PLFS Year (Jul - Jun), 2018",Rural + Urban,Male,43.92,0.18,1.23,1.52,0.38,3.84,20.22,7.76,1.19,0.15,0.57,0,0.23,0.26,9.05,6.83,1.2,0.01,1.3,0.15,0
India,Arunachal Pradesh,"PLFS Year (Jul - Jun), 2018",Rural + Urban,Female,61.33,0,6.44,0.85,0.13,0.86,8.82,0.9,1.89,0.1,0,0,0,0.21,3.82,10.72,3.06,0,0.24,0.64,0
India,Arunachal Pradesh,"PLFS Year (Jul - Jun), 2018",Rural + Urban,Persons,46.68,0.15,2.05,1.42,0.34,3.37,18.41,6.67,1.3,0.15,0.48,0,0.19,0.25,8.22,7.45,1.49,0.01,1.13,0.23,0
India,Assam,"PLFS Year (Jul - Jun), 2018",Rural,Male,41.47,0.2,10.59,0.04,0.03,14.65,15.02,4.41,0.99,0.05,0.16,0.01,0.21,1.3,1.33,4.51,0.22,0.49,1.53,2.82,0
India,Assam,"PLFS Year (Jul - Jun), 2018",Rural,Female,49.3,2.47,10.17,0,0,3.25,2.35,0.35,1.07,0.08,0.17,0.17,0,0,1.11,17.01,7.35,0,0.14,5,0
India,Assam,"PLFS Year (Jul - Jun), 2018",Rural,Persons,42.47,0.49,10.53,0.03,0.03,13.19,13.4,3.9,1,0.05,0.16,0.03,0.18,1.13,1.3,6.11,1.13,0.42,1.35,3.1,0
India,Assam,"PLFS Year (Jul - Jun), 2018",Urban,Male,6.63,1.66,11.58,0.19,0.21,10.83,31.77,7.19,3.19,0.58,3.63,0.6,1.79,3.26,4.31,5.34,2.72,0.88,1.7,1.94,0
India,Assam,"PLFS Year (Jul - Jun), 2018",Urban,Female,2.17,1.34,5.45,0,0,0.93,11.56,2.79,1.66,1.66,3.09,1.95,4.52,2.84,2.14,36.21,9.6,0,1.17,10.94,0
India,Assam,"PLFS Year (Jul - Jun), 2018",Urban,Persons,6.01,1.62,10.73,0.17,0.18,9.46,28.98,6.58,2.98,0.73,3.56,0.78,2.17,3.2,4.01,9.61,3.67,0.76,1.62,3.18,0
India,Assam,"PLFS Year (Jul - Jun), 2018",Rural + Urban,Male,38.06,0.35,10.68,0.05,0.05,14.27,16.66,4.69,1.2,0.1,0.5,0.06,0.36,1.49,1.62,4.59,0.46,0.52,1.55,2.73,0
India,Assam,"PLFS Year (Jul - Jun), 2018",Rural + Urban,Female,44.3,2.35,9.67,0,0,3,3.33,0.61,1.14,0.25,0.48,0.36,0.48,0.3,1.22,19.05,7.59,0,0.25,5.63,0
India,Assam,"PLFS Year (Jul - Jun), 2018",Rural + Urban,Persons,38.86,0.61,10.55,0.04,0.04,12.82,14.94,4.16,1.19,0.12,0.49,0.1,0.38,1.34,1.57,6.45,1.38,0.46,1.38,3.1,0
India,Bihar,"PLFS Year (Jul - Jun), 2018",Rural,Male,51.88,0.4,5.07,0.1,0.13,17.9,10.93,4.74,1.47,0.15,0.36,0.05,0.34,0.62,0.41,2.76,0.36,0.07,1.74,0.54,0
India,Bihar,"PLFS Year (Jul - Jun), 2018",Rural,Female,75.84,0,3.23,0,0,1.49,2.56,0,0.8,0,0,0,0,0,0.3,14.77,1,0,0.01,0,0
India,Bihar,"PLFS Year (Jul - Jun), 2018",Rural,Persons,53.12,0.38,4.98,0.09,0.12,17.05,10.49,4.49,1.43,0.14,0.34,0.05,0.32,0.59,0.41,3.38,0.39,0.06,1.65,0.51,0
India,Bihar,"PLFS Year (Jul - Jun), 2018",Urban,Male,8.04,0,8.63,0.17,0.4,15.31,29.63,5.87,3.83,0.8,2.8,0.24,2.52,4.35,1.91,4.23,4.48,1.12,4.59,1.09,0
India,Bihar,"PLFS Year (Jul - Jun), 2018",Urban,Female,9.55,0,6.09,0,0,1.99,12.76,0,0.97,0.58,3.03,0,2.04,5.9,4.95,29.17,9.58,0,10.61,2.78,0
India,Bihar,"PLFS Year (Jul - Jun), 2018",Urban,Persons,8.16,0,8.43,0.16,0.37,14.26,28.3,5.41,3.6,0.78,2.82,0.22,2.48,4.47,2.15,6.19,4.88,1.03,5.07,1.22,0
India,Bihar,"PLFS Year (Jul - Jun), 2018",Rural + Urban,Male,47.87,0.36,5.4,0.1,0.16,17.66,12.64,4.84,1.68,0.21,0.58,0.07,0.54,0.96,0.55,2.89,0.74,0.16,2,0.59,0
India,Bihar,"PLFS Year (Jul - Jun), 2018",Rural + Urban,Female,66.79,0,3.62,0,0,1.55,3.95,0,0.83,0.08,0.41,0,0.28,0.81,0.93,16.74,2.17,0,1.46,0.38,0
India,Bihar,"PLFS Year (Jul - Jun), 2018",Rural + Urban,Persons,48.89,0.34,5.3,0.1,0.15,16.79,12.17,4.58,1.64,0.2,0.57,0.07,0.53,0.95,0.57,3.64,0.82,0.15,1.97,0.58,0
India,Chandigarh,"PLFS Year (Jul - Jun), 2018",Rural,Male,5.72,0,7.97,0,0,14.13,13.53,8.1,27.72,0.08,6.06,3.28,2.55,2.26,3.7,0.09,0.37,0.08,2.19,2.17,0
India,Chandigarh,"PLFS Year (Jul - Jun), 2018",Rural,Female,0,0,3.38,0,0,4.37,18.53,0.71,0,0,0,0,0,0,0,0,6.61,0,0.34,66.06,0
India,Chandigarh,"PLFS Year (Jul - Jun), 2018",Rural,Persons,4.79,0,7.23,0,0,12.55,14.34,6.91,23.25,0.07,5.08,2.75,2.14,1.9,3.1,0.07,1.38,0.06,1.9,12.48,0
India,Chandigarh,"PLFS Year (Jul - Jun), 2018",Urban,Male,0.78,0.2,10.14,0.39,0,9.05,16.02,6.74,3.59,8.9,4.38,0.38,4.69,3.03,9.48,9.73,6.33,1.32,3.19,1.64,0
India,Chandigarh,"PLFS Year (Jul - Jun), 2018",Urban,Female,0,0,3.03,0,0,0,6.02,1.86,0.84,9.76,5.84,0,2.63,10.46,0,34.2,9.95,0.12,1.8,13.5,0
India,Chandigarh,"PLFS Year (Jul - Jun), 2018",Urban,Persons,0.6,0.15,8.54,0.31,0,7.01,13.77,5.64,2.97,9.1,4.71,0.3,4.23,4.7,7.35,15.24,7.14,1.05,2.88,4.31,0
India,Chandigarh,"PLFS Year (Jul - Jun), 2018",Rural + Urban,Male,1.03,0.19,10.03,0.37,0,9.31,15.89,6.81,4.82,8.46,4.47,0.53,4.59,2.99,9.19,9.24,6.03,1.26,3.14,1.67,0
India,Chandigarh,"PLFS Year (Jul - Jun), 2018",Rural + Urban,Female,0,0,3.05,0,0,0.15,6.44,1.82,0.82,9.42,5.64,0,2.54,10.1,0,33.03,9.83,0.12,1.75,15.29,0
India,Chandigarh,"PLFS Year (Jul - Jun), 2018",Rural + Urban,Persons,0.8,0.15,8.47,0.29,0,7.27,13.79,5.7,3.93,8.67,4.73,0.41,4.13,4.57,7.15,14.53,6.87,1.01,2.83,4.7,0
India,Chhattisgarh,"PLFS Year (Jul - Jun), 2018",Rural,Male,67.51,0.6,4.33,0.11,0.05,11.35,8.17,2.16,0.43,0,0.1,0,0.02,0.29,1.11,3.44,0.11,0.04,0.15,0.02,0
India,Chhattisgarh,"PLFS Year (Jul - Jun), 2018",Rural,Female,85.05,0.05,2.6,0,0.09,5.35,4.22,0,0.22,0,0,0,0,0,0.22,0.72,1.33,0,0,0.15,0
India,Chhattisgarh,"PLFS Year (Jul - Jun), 2018",Rural,Persons,74.63,0.37,3.63,0.07,0.07,8.92,6.56,1.29,0.35,0,0.06,0,0.01,0.17,0.75,2.34,0.6,0.02,0.09,0.07,0
India,Chhattisgarh,"PLFS Year (Jul - Jun), 2018",Urban,Male,8.56,1.73,16.75,2.17,0.01,13.42,22.73,7.12,3.32,0.71,1.37,0.43,1.78,1.35,4.98,6.2,2.16,1.97,3.06,0.17,0
India,Chhattisgarh,"PLFS Year (Jul - Jun), 2018",Urban,Female,18.67,0,11.1,0.41,0,7.84,15.35,0.24,4.61,0,0.81,0,0.41,0.37,3.04,17.65,5.41,0.11,9.26,4.71,0
India,Chhattisgarh,"PLFS Year (Jul - Jun), 2018",Urban,Persons,11.31,1.26,15.22,1.69,0.01,11.9,20.73,5.25,3.67,0.52,1.21,0.32,1.41,1.08,4.45,9.31,3.04,1.46,4.75,1.4,0
India,Chhattisgarh,"PLFS Year (Jul - Jun), 2018",Rural + Urban,Male,56.51,0.81,6.65,0.5,0.04,11.74,10.89,3.09,0.97,0.13,0.33,0.08,0.35,0.49,1.83,3.95,0.49,0.4,0.7,0.04,0
India,Chhattisgarh,"PLFS Year (Jul - Jun), 2018",Rural + Urban,Female,77.65,0.04,3.55,0.05,0.08,5.63,5.46,0.03,0.71,0,0.09,0,0.05,0.04,0.53,2.61,1.78,0.01,1.03,0.65,0
India,Chhattisgarh,"PLFS Year (Jul - Jun), 2018",Rural + Urban,Persons,64.65,0.51,5.46,0.32,0.06,9.39,8.8,1.91,0.87,0.08,0.24,0.05,0.23,0.32,1.33,3.44,0.99,0.25,0.83,0.28,0
India,Delhi,"PLFS Year (Jul - Jun), 2018",Rural,Male,3.22,0,38.82,0,0.81,2.33,14,23.38,0.96,0,0.04,0,0.75,2.83,1.61,0.23,2.05,6.3,0.84,1.84,0
India,Delhi,"PLFS Year (Jul - Jun), 2018",Rural,Female,1.18,0,1.18,0,0,0,3.95,0,0,0,0,0,0,0,0.47,87.64,0,0,0,5.57,0
India,Delhi,"PLFS Year (Jul - Jun), 2018",Rural,Persons,2.91,0,33.02,0,0.68,1.97,12.45,19.77,0.81,0,0.03,0,0.64,2.4,1.44,13.7,1.73,5.33,0.71,2.41,0
India,Delhi,"PLFS Year (Jul - Jun), 2018",Urban,Male,0.29,0.26,23.45,0.56,0.44,7.34,21.68,7.15,4.71,3.3,3.36,0.76,3.39,3.98,4.67,1.99,3.89,0.79,4.45,3.53,0
India,Delhi,"PLFS Year (Jul - Jun), 2018",Urban,Female,0,0,18.21,0,0,0.02,11.57,0.15,1.59,2.07,5.22,0,2.56,5.93,5.59,13.74,7.29,1.1,8.08,16.85,0
India,Delhi,"PLFS Year (Jul - Jun), 2018",Urban,Persons,0.25,0.22,22.59,0.47,0.37,6.14,20.02,6,4.19,3.1,3.67,0.63,3.25,4.3,4.82,3.92,4.45,0.84,5.05,5.73,0
India,Delhi,"PLFS Year (Jul - Jun), 2018",Rural + Urban,Male,0.41,0.25,24.05,0.54,0.46,7.15,21.38,7.79,4.56,3.17,3.23,0.73,3.28,3.93,4.55,1.92,3.82,1,4.31,3.46,0
India,Delhi,"PLFS Year (Jul - Jun), 2018",Rural + Urban,Female,0.04,0,17.6,0,0,0.02,11.3,0.14,1.53,2,5.03,0,2.47,5.71,5.41,16.41,7.03,1.06,7.79,16.45,0
India,Delhi,"PLFS Year (Jul - Jun), 2018",Rural + Urban,Persons,0.35,0.21,22.99,0.45,0.38,5.98,19.72,6.53,4.06,2.98,3.53,0.61,3.15,4.22,4.69,4.3,4.35,1.01,4.88,5.6,0
India,Goa,"PLFS Year (Jul - Jun), 2018",Rural,Male,10.61,3.45,13.45,0,0.58,9.28,22.54,9.53,10.1,3.85,1.68,0,0.35,0,5.81,0.68,4.41,0.9,2.46,0.32,0
India,Goa,"PLFS Year (Jul - Jun), 2018",Rural,Female,19.34,0,12.81,0,0,0.65,32.2,0,6.61,0,0.87,0,0,0,2.3,10.42,3.32,0,7.5,3.97,0
India,Goa,"PLFS Year (Jul - Jun), 2018",Rural,Persons,13.09,2.47,13.27,0,0.42,6.83,25.29,6.82,9.11,2.75,1.45,0,0.25,0,4.82,3.45,4.1,0.65,3.89,1.35,0
India,Goa,"PLFS Year (Jul - Jun), 2018",Urban,Male,4.59,0.54,20.93,1.59,1.15,10.64,18.02,11.25,9.38,0.43,1.4,0.3,1.45,3.31,5.35,3.51,2.87,0.43,2.06,0.79,0
India,Goa,"PLFS Year (Jul - Jun), 2018",Urban,Female,7.48,0,10.72,0.45,0,0.85,19.49,0.84,2.6,0.72,4.64,0,4.34,0.66,6.28,13.96,3.34,2.04,6.77,14.83,0
India,Goa,"PLFS Year (Jul - Jun), 2018",Urban,Persons,5.41,0.39,18.06,1.27,0.83,7.88,18.43,8.32,7.47,0.51,2.31,0.22,2.26,2.57,5.61,6.45,3,0.89,3.38,4.74,0
India,Goa,"PLFS Year (Jul - Jun), 2018",Rural + Urban,Male,6.69,1.56,18.33,1.03,0.95,10.17,19.6,10.65,9.63,1.62,1.5,0.2,1.07,2.16,5.51,2.52,3.41,0.6,2.2,0.63,0
India,Goa,"PLFS Year (Jul - Jun), 2018",Rural + Urban,Female,11.65,0,11.46,0.29,0,0.78,23.96,0.55,4.01,0.47,3.31,0,2.81,0.43,4.88,12.71,3.33,1.32,7.03,11.01,0
India,Goa,"PLFS Year (Jul - Jun), 2018",Rural + Urban,Persons,8.09,1.12,16.39,0.82,0.69,7.52,20.83,7.8,8.04,1.29,2.01,0.14,1.56,1.67,5.33,5.4,3.39,0.8,3.56,3.56,0
India,Gujarat,"PLFS Year (Jul - Jun), 2018",Rural,Male,64.34,0.67,10.41,0.23,0.01,5.62,6.33,4.32,0.78,0.15,0.2,0,0.41,0.96,0.8,1.32,0.53,0.03,2.87,0.02,0
India,Gujarat,"PLFS Year (Jul - Jun), 2018",Rural,Female,83.01,0.38,4.78,0,0,1.84,1.45,0,0.63,0,0,0,0.1,0,1.44,3.74,0.46,0,0.82,1.34,0
India,Gujarat,"PLFS Year (Jul - Jun), 2018",Rural,Persons,68.67,0.6,9.1,0.18,0.01,4.75,5.2,3.32,0.75,0.12,0.16,0,0.34,0.74,0.95,1.88,0.52,0.02,2.39,0.32,0
India,Gujarat,"PLFS Year (Jul - Jun), 2018",Urban,Male,4.02,0.77,38.25,0.69,0.16,6.87,21.51,8.22,0.92,2.09,3.54,0.29,2.61,1.69,1.25,1.91,2.03,0.28,2.46,0.44,0
India,Gujarat,"PLFS Year (Jul - Jun), 2018",Urban,Female,10.29,0,36.41,0,0,2.09,7.51,0.93,1.25,1.88,9.98,0,2.16,0.92,1.01,11.69,4.84,0.22,4,4.82,0
India,Gujarat,"PLFS Year (Jul - Jun), 2018",Urban,Persons,5.08,0.64,37.94,0.58,0.14,6.07,19.16,6.99,0.97,2.06,4.62,0.24,2.53,1.56,1.21,3.55,2.5,0.27,2.71,1.17,0
India,Gujarat,"PLFS Year (Jul - Jun), 2018",Rural + Urban,Male,38.61,0.71,22.28,0.43,0.07,6.16,12.81,5.98,0.84,0.98,1.63,0.13,1.35,1.27,0.99,1.57,1.17,0.13,2.69,0.2,0
India,Gujarat,"PLFS Year (Jul - Jun), 2018",Rural + Urban,Female,58.85,0.25,15.29,0,0,1.93,3.47,0.31,0.84,0.63,3.31,0,0.78,0.3,1.3,6.38,1.92,0.07,1.88,2.5,0
India,Gujarat,"PLFS Year (Jul - Jun), 2018",Rural + Urban,Persons,42.77,0.62,20.84,0.34,0.06,5.29,10.89,4.81,0.84,0.91,1.97,0.1,1.23,1.07,1.05,2.56,1.33,0.12,2.52,0.67,0
India,Haryana,"PLFS Year (Jul - Jun), 2018",Rural,Male,34.92,0.12,12.16,1.07,0.17,18.49,10.73,8.07,0.89,0.31,1.91,0.59,0.94,0.93,2.99,3,0.83,0.02,1.72,0.13,0
India,Haryana,"PLFS Year (Jul - Jun), 2018",Rural,Female,60.7,0,8.6,0.04,0.56,5.68,5.04,0.03,0,0.79,0.1,0,0,1.09,0.37,11.47,3.68,0,1.13,0.73,0
India,Haryana,"PLFS Year (Jul - Jun), 2018",Rural,Persons,38.81,0.1,11.62,0.91,0.23,16.56,9.87,6.86,0.76,0.38,1.64,0.5,0.8,0.96,2.6,4.28,1.26,0.01,1.63,0.22,0
India,Haryana,"PLFS Year (Jul - Jun), 2018",Urban,Male,4.91,0,30.3,1.02,0.83,10.83,20.63,6.61,2.29,1.62,1.88,1.18,2.48,2.38,4.41,2.97,2.26,0.62,2.49,0.29,0
India,Haryana,"PLFS Year (Jul - Jun), 2018",Urban,Female,4.96,0,20.61,0,0,1.37,7.24,0,0.52,3.19,5.63,2.09,0.6,0.15,6.34,25.89,7.16,0,6.38,7.88,0
India,Haryana,"PLFS Year (Jul - Jun), 2018",Urban,Persons,4.92,0,28.56,0.83,0.68,9.14,18.23,5.43,1.97,1.9,2.55,1.34,2.14,1.98,4.76,7.08,3.13,0.51,3.19,1.65,0
India,Haryana,"PLFS Year (Jul - Jun), 2018",Rural + Urban,Male,24.57,0.08,18.42,1.05,0.4,15.85,14.14,7.57,1.37,0.76,1.9,0.79,1.47,1.43,3.48,2.99,1.32,0.22,1.99,0.19,0
India,Haryana,"PLFS Year (Jul - Jun), 2018",Rural + Urban,Female,38.79,0,13.32,0.03,0.34,3.98,5.91,0.02,0.2,1.73,2.28,0.82,0.23,0.72,2.72,17.14,5.05,0,3.19,3.54,0
India,Haryana,"PLFS Year (Jul - Jun), 2018",Rural + Urban,Persons,26.85,0.07,17.6,0.89,0.39,13.94,12.82,6.35,1.19,0.92,1.96,0.79,1.27,1.32,3.36,5.27,1.92,0.19,2.18,0.72,0
India,Himachal Pradesh,"PLFS Year (Jul - Jun), 2018",Rural,Male,39.94,0,7.34,0.55,1.17,20.96,8.63,7.69,1.5,0.24,0.83,0,0.47,1.02,2.24,4.19,1.76,0.11,1.26,0.1,0
India,Himachal Pradesh,"PLFS Year (Jul - Jun), 2018",Rural,Female,84.95,0,1.49,0,0.14,3.77,1,0.08,0.29,0.11,0.18,0,0.13,0,0.3,5.95,0.38,0,0.48,0.74,0
India,Himachal Pradesh,"PLFS Year (Jul - Jun), 2018",Rural,Persons,60.73,0,4.64,0.3,0.69,13.02,5.1,4.17,0.94,0.18,0.53,0,0.32,0.55,1.35,5,1.12,0.06,0.9,0.4,0
India,Himachal Pradesh,"PLFS Year (Jul - Jun), 2018",Urban,Male,4.22,0,28.75,0.66,0.9,9.05,19.76,4.67,5.41,2.59,4.64,0,1.07,4.69,5.1,4.43,2.84,0.21,0.73,0.29,0
India,Himachal Pradesh,"PLFS Year (Jul - Jun), 2018",Urban,Female,23.97,0,24.59,0,1.33,1.76,11.24,0,4.11,0,2.92,0,1.75,0,1.63,17.38,5.85,1.49,0.75,1.25,0
India,Himachal Pradesh,"PLFS Year (Jul - Jun), 2018",Urban,Persons,9.23,0,27.69,0.49,1,7.2,17.6,3.49,5.08,1.93,4.2,0,1.25,3.5,4.22,7.71,3.61,0.53,0.73,0.53,0
India,Himachal Pradesh,"PLFS Year (Jul - Jun), 2018",Rural + Urban,Male,36.11,0,9.63,0.56,1.14,19.68,9.82,7.36,1.92,0.49,1.24,0,0.54,1.41,2.55,4.22,1.88,0.12,1.2,0.12,0
India,Himachal Pradesh,"PLFS Year (Jul - Jun), 2018",Rural + Urban,Female,82.19,0,2.54,0,0.19,3.68,1.46,0.08,0.46,0.1,0.31,0,0.21,0,0.36,6.47,0.63,0.07,0.49,0.77,0
India,Himachal Pradesh,"PLFS Year (Jul - Jun), 2018",Rural + Urban,Persons,56.62,0,6.48,0.31,0.72,12.56,6.1,4.12,1.27,0.32,0.83,0,0.39,0.78,1.57,5.22,1.32,0.09,0.89,0.41,0
India,Jammu and Kashmir,"PLFS Year (Jul - Jun), 2018",Rural,Male,28.54,0.08,7.72,0.58,1.25,24.26,12.5,6.9,1.93,0.51,0.79,0,0.31,0.84,5.68,6.28,0.77,0.16,0.87,0.02,0
India,Jammu and Kashmir,"PLFS Year (Jul - Jun), 2018",Rural,Female,80.27,0,9.6,0.28,0,0.09,0.3,0,0,0,0,0,0.3,0,1.53,4.68,2.77,0,0.17,0,0
India,Jammu and Kashmir,"PLFS Year (Jul - Jun), 2018",Rural,Persons,44.59,0.05,8.31,0.49,0.86,16.76,8.72,4.76,1.33,0.35,0.54,0,0.3,0.58,4.39,5.78,1.39,0.11,0.65,0.01,0
India,Jammu and Kashmir,"PLFS Year (Jul - Jun), 2018",Urban,Male,4.03,0.11,11.63,1.11,1.39,13.88,29.37,9.88,3.54,0.8,2.6,0.2,1.67,1.43,9.16,4.78,2.4,0.37,1.43,0.22,0
India,Jammu and Kashmir,"PLFS Year (Jul - Jun), 2018",Urban,Female,24.05,0,18.77,0.14,1.04,2.19,2.82,0.09,0.41,0.11,0.78,0,0.06,0.9,4.69,31.86,10.3,0.02,1.06,0.72,0
India,Jammu and Kashmir,"PLFS Year (Jul - Jun), 2018",Urban,Persons,7.45,0.09,12.85,0.95,1.33,11.88,24.83,8.21,3,0.68,2.29,0.17,1.4,1.34,8.4,9.41,3.75,0.31,1.37,0.3,0
India,Jammu and Kashmir,"PLFS Year (Jul - Jun), 2018",Rural + Urban,Male,23.59,0.08,8.51,0.69,1.28,22.16,15.91,7.51,2.26,0.57,1.15,0.04,0.58,0.96,6.38,5.97,1.1,0.2,0.99,0.06,0
India,Jammu and Kashmir,"PLFS Year (Jul - Jun), 2018",Rural + Urban,Female,74.42,0,10.55,0.26,0.11,0.31,0.57,0.01,0.04,0.01,0.08,0,0.28,0.1,1.86,7.51,3.55,0,0.26,0.07,0
India,Jammu and Kashmir,"PLFS Year (Jul - Jun), 2018",Rural + Urban,Persons,38.13,0.06,9.1,0.57,0.94,15.91,11.52,5.36,1.62,0.41,0.85,0.03,0.49,0.72,5.09,6.41,1.8,0.14,0.78,0.06,0
India,Jharkhand,"PLFS Year (Jul - Jun), 2018",Rural,Male,44.2,1.17,5.28,0.11,0.21,29.73,8.11,5.11,1.03,0.11,0.43,0,0.16,0.16,1.54,1.72,0.05,0,0.77,0.09,0
India,Jharkhand,"PLFS Year (Jul - Jun), 2018",Rural,Female,71.58,1.19,7.76,0,0.09,5.84,1.94,0,0.56,0,0,0,0,0,1.45,7.25,1.14,0,0.1,1.11,0
India,Jharkhand,"PLFS Year (Jul - Jun), 2018",Rural,Persons,51.23,1.18,5.92,0.08,0.18,23.6,6.53,3.8,0.91,0.08,0.32,0,0.12,0.12,1.52,3.14,0.33,0,0.6,0.35,0
India,Jharkhand,"PLFS Year (Jul - Jun), 2018",Urban,Male,5.75,4.91,16.87,0.49,1.19,17.63,18.4,7.97,3.58,0.85,4.48,0.65,2.2,1.78,2.27,5.14,1.65,0.11,3.61,0.47,0
India,Jharkhand,"PLFS Year (Jul - Jun), 2018",Urban,Female,12.19,2.99,5.84,0,1.65,12.34,7.09,0.47,2.23,0.32,3.41,1.46,0,1.26,0.83,17.58,5.54,0,13.96,10.84,0
India,Jharkhand,"PLFS Year (Jul - Jun), 2018",Urban,Persons,6.74,4.62,15.19,0.42,1.26,16.82,16.67,6.83,3.38,0.77,4.31,0.77,1.86,1.7,2.05,7.04,2.24,0.09,5.19,2.05,0
India,Jharkhand,"PLFS Year (Jul - Jun), 2018",Rural + Urban,Male,36.08,1.96,7.73,0.19,0.42,27.18,10.28,5.71,1.57,0.26,1.29,0.14,0.59,0.5,1.7,2.44,0.39,0.02,1.37,0.17,0
India,Jharkhand,"PLFS Year (Jul - Jun), 2018",Rural + Urban,Female,64.3,1.41,7.52,0,0.28,6.64,2.57,0.06,0.76,0.04,0.42,0.18,0,0.15,1.38,8.52,1.68,0,1.79,2.31,0
India,Jharkhand,"PLFS Year (Jul - Jun), 2018",Rural + Urban,Persons,42.77,1.83,7.68,0.14,0.39,22.31,8.46,4.37,1.38,0.21,1.08,0.15,0.45,0.42,1.62,3.88,0.69,0.02,1.47,0.67,0
India,Karnataka,"PLFS Year (Jul - Jun), 2018",Rural,Male,57.39,0.93,6.17,0.26,0.35,10.52,7.33,8.41,1.66,0.15,0.96,0.05,0.46,0.5,1.22,2.19,0.37,0.08,1.01,0.01,0
India,Karnataka,"PLFS Year (Jul - Jun), 2018",Rural,Female,73.27,0.08,9.76,0,0,2.01,4.41,0.13,1.09,0.12,0.06,0,0.24,0,1.48,5.61,1.2,0,0.44,0.1,0
India,Karnataka,"PLFS Year (Jul - Jun), 2018",Rural,Persons,61.57,0.7,7.11,0.19,0.25,8.28,6.56,6.23,1.51,0.14,0.72,0.03,0.4,0.37,1.29,3.09,0.59,0.06,0.86,0.03,0
India,Karnataka,"PLFS Year (Jul - Jun), 2018",Urban,Male,4.13,0.23,18.25,0.43,0.31,11.15,20.48,11.21,5.29,9.41,3.62,1.13,1.8,2.25,2.39,2.25,1.32,0.67,3.15,0.55,0
India,Karnataka,"PLFS Year (Jul - Jun), 2018",Urban,Female,5.95,0.19,26.67,0.18,0,2.43,9.27,1.06,4.49,8.8,2.34,0.55,1.85,1.48,1.1,16.02,4.16,0.17,5.36,7.92,0
India,Karnataka,"PLFS Year (Jul - Jun), 2018",Urban,Persons,4.5,0.22,19.94,0.38,0.24,9.39,18.22,9.16,5.13,9.28,3.36,1.01,1.81,2.09,2.13,5.03,1.9,0.57,3.59,2.04,0
India,Karnataka,"PLFS Year (Jul - Jun), 2018",Rural + Urban,Male,37.18,0.66,10.75,0.32,0.33,10.76,12.32,9.47,3.04,3.66,1.97,0.46,0.97,1.16,1.66,2.22,0.73,0.3,1.82,0.22,0
India,Karnataka,"PLFS Year (Jul - Jun), 2018",Rural + Urban,Female,52.95,0.12,14.86,0.05,0,2.14,5.88,0.41,2.12,2.74,0.75,0.17,0.72,0.45,1.37,8.76,2.1,0.05,1.92,2.46,0
India,Karnataka,"PLFS Year (Jul - Jun), 2018",Rural + Urban,Persons,40.97,0.53,11.74,0.26,0.25,8.68,10.77,7.29,2.82,3.44,1.67,0.39,0.91,0.99,1.59,3.79,1.06,0.24,1.84,0.76,0
India,Kerala,"PLFS Year (Jul - Jun), 2018",Rural,Male,29.37,0.64,8.93,0.47,0.12,21.15,14.06,9.77,3.36,0.92,1.93,0.12,1.2,0.97,1.65,1.39,0.97,0.76,2.02,0.19,0
India,Kerala,"PLFS Year (Jul - Jun), 2018",Rural,Female,26.32,0.04,13.32,0.06,0.13,19.99,7.19,0.57,1.16,0.39,5.17,0,0.77,0.14,4.01,11.38,4.84,0.24,1.73,2.54,0
India,Kerala,"PLFS Year (Jul - Jun), 2018",Rural,Persons,28.42,0.46,10.3,0.34,0.12,20.79,11.92,6.91,2.68,0.76,2.94,0.08,1.06,0.71,2.38,4.5,2.17,0.6,1.93,0.92,0
India,Kerala,"PLFS Year (Jul - Jun), 2018",Urban,Male,11,0.2,12.29,0.83,0.44,21.43,19.36,12,4.11,2,2.74,0.31,2.17,1.6,2.32,2.14,1.45,1.02,2.43,0.18,0
India,Kerala,"PLFS Year (Jul - Jun), 2018",Urban,Female,9.68,0.14,16.53,0.39,0.42,9.87,11.76,1.65,3.55,3.17,6.06,0,2.64,0.95,3.16,14.97,8.27,0.48,1.55,4.76,0
India,Kerala,"PLFS Year (Jul - Jun), 2018",Urban,Persons,10.61,0.19,13.55,0.7,0.43,18,17.11,8.93,3.94,2.35,3.72,0.22,2.31,1.4,2.57,5.94,3.47,0.86,2.17,1.54,0
India,Kerala,"PLFS Year (Jul - Jun), 2018",Rural + Urban,Male,20.97,0.44,10.47,0.64,0.27,21.28,16.48,10.79,3.7,1.42,2.3,0.21,1.64,1.25,1.95,1.73,1.19,0.88,2.21,0.18,0
India,Kerala,"PLFS Year (Jul - Jun), 2018",Rural + Urban,Female,18.99,0.09,14.73,0.21,0.26,15.53,9.21,1.04,2.21,1.61,5.57,0,1.59,0.49,3.64,12.96,6.35,0.35,1.65,3.52,0
India,Kerala,"PLFS Year (Jul - Jun), 2018",Rural + Urban,Persons,20.36,0.33,11.77,0.51,0.26,19.53,14.27,7.83,3.25,1.48,3.29,0.15,1.63,1.02,2.47,5.15,2.76,0.72,2.04,1.2,0
India,Ladakh,"PLFS Year (Jul - Jun), 2018",Rural,Male,28.54,0.08,7.72,0.58,1.25,24.26,12.5,6.9,1.93,0.51,0.79,0,0.31,0.84,5.68,6.28,0.77,0.16,0.87,0.02,0
India,Ladakh,"PLFS Year (Jul - Jun), 2018",Rural,Female,80.27,0,9.6,0.28,0,0.09,0.3,0,0,0,0,0,0.3,0,1.53,4.68,2.77,0,0.17,0,0
India,Ladakh,"PLFS Year (Jul - Jun), 2018",Rural,Persons,44.59,0.05,8.31,0.49,0.86,16.76,8.72,4.76,1.33,0.35,0.54,0,0.3,0.58,4.39,5.78,1.39,0.11,0.65,0.01,0
India,Ladakh,"PLFS Year (Jul - Jun), 2018",Urban,Male,4.03,0.11,11.63,1.11,1.39,13.88,29.37,9.88,3.54,0.8,2.6,0.2,1.67,1.43,9.16,4.78,2.4,0.37,1.43,0.22,0
India,Ladakh,"PLFS Year (Jul - Jun), 2018",Urban,Female,24.05,0,18.77,0.14,1.04,2.19,2.82,0.09,0.41,0.11,0.78,0,0.06,0.9,4.69,31.86,10.3,0.02,1.06,0.72,0
India,Ladakh,"PLFS Year (Jul - Jun), 2018",Urban,Persons,7.45,0.09,12.85,0.95,1.33,11.88,24.83,8.21,3,0.68,2.29,0.17,1.4,1.34,8.4,9.41,3.75,0.31,1.37,0.3,0
India,Ladakh,"PLFS Year (Jul - Jun), 2018",Rural + Urban,Male,23.59,0.08,8.51,0.69,1.28,22.16,15.91,7.51,2.26,0.57,1.15,0.04,0.58,0.96,6.38,5.97,1.1,0.2,0.99,0.06,0
India,Ladakh,"PLFS Year (Jul - Jun), 2018",Rural + Urban,Female,74.42,0,10.55,0.26,0.11,0.31,0.57,0.01,0.04,0.01,0.08,0,0.28,0.1,1.86,7.51,3.55,0,0.26,0.07,0
India,Ladakh,"PLFS Year (Jul - Jun), 2018",Rural + Urban,Persons,38.13,0.06,9.1,0.57,0.94,15.91,11.52,5.36,1.62,0.41,0.85,0.03,0.49,0.72,5.09,6.41,1.8,0.14,0.78,0.06,0
India,Lakshadweep,"PLFS Year (Jul - Jun), 2018",Rural,Male,30.5,0,0,0,0,22.34,0,7.42,0,0,0,0,0,0,35.39,0.18,1.05,0,3.12,0,0
India,Lakshadweep,"PLFS Year (Jul - Jun), 2018",Rural,Female,0,0,0,0,0,0,0,0,0,0,0,0,0,0,82.47,14.62,2.9,0,0,0,0
India,Lakshadweep,"PLFS Year (Jul - Jun), 2018",Rural,Persons,27.22,0,0,0,0,19.93,0,6.62,0,0,0,0,0,0,40.46,1.74,1.25,0,2.78,0,0
India,Lakshadweep,"PLFS Year (Jul - Jun), 2018",Urban,Male,33.55,0,4.5,3.45,0,18.26,6.64,8.02,2.64,0,0,0,0,2.28,10.21,5.87,1.39,0,3.2,0,0
India,Lakshadweep,"PLFS Year (Jul - Jun), 2018",Urban,Female,9.85,0,13.93,0,0,0,0,0,0,0,0,0,0,0,4.62,57.99,13.61,0,0,0,0
India,Lakshadweep,"PLFS Year (Jul - Jun), 2018",Urban,Persons,29.23,0,6.22,2.82,0,14.93,5.43,6.56,2.15,0,0,0,0,1.86,9.19,15.37,3.62,0,2.61,0,0
India,Lakshadweep,"PLFS Year (Jul - Jun), 2018",Rural + Urban,Male,32.8,0,3.39,2.61,0,19.26,5.01,7.88,1.99,0,0,0,0,1.72,16.38,4.47,1.31,0,3.18,0,0
India,Lakshadweep,"PLFS Year (Jul - Jun), 2018",Rural + Urban,Female,8.38,0,11.84,0,0,0,0,0,0,0,0,0,0,0,16.27,51.5,12.01,0,0,0,0
India,Lakshadweep,"PLFS Year (Jul - Jun), 2018",Rural + Urban,Persons,28.77,0,4.79,2.18,0,16.08,4.19,6.58,1.66,0,0,0,0,1.44,16.36,12.24,3.07,0,2.65,0,0
India,Madhya Pradesh,"PLFS Year (Jul - Jun), 2018",Rural,Male,67.67,0.25,3.37,0.1,0,15.46,5.15,2.13,0.4,0.06,0.15,0,0.08,0.29,1.01,1.41,0.73,0.03,1.65,0.06,0
India,Madhya Pradesh,"PLFS Year (Jul - Jun), 2018",Rural,Female,80.19,0,5.51,0,0,6.51,3.31,0.13,0.16,0,0,0,0,0,0.17,2.76,0.45,0,0.51,0.29,0
India,Madhya Pradesh,"PLFS Year (Jul - Jun), 2018",Rural,Persons,71.09,0.18,3.95,0.08,0,13.02,4.65,1.59,0.33,0.04,0.11,0,0.05,0.21,0.78,1.78,0.66,0.02,1.34,0.13,0
India,Madhya Pradesh,"PLFS Year (Jul - Jun), 2018",Urban,Male,7.8,1.14,14.95,0.93,0.47,13.09,24.6,8.59,4.22,1.1,1.26,0.57,2.39,2.99,5.05,4.52,1.52,0.35,3.92,0.55,0
India,Madhya Pradesh,"PLFS Year (Jul - Jun), 2018",Urban,Female,12.6,0,25.55,0,0,4.7,10.36,0.43,4.89,0.46,0.69,0,0.52,0.4,4.69,18.71,4.09,0,4.34,7.56,0
India,Madhya Pradesh,"PLFS Year (Jul - Jun), 2018",Urban,Persons,8.7,0.93,16.93,0.76,0.38,11.52,21.94,7.07,4.35,0.98,1.15,0.46,2.04,2.5,4.98,7.17,2,0.28,4,1.86,0
India,Madhya Pradesh,"PLFS Year (Jul - Jun), 2018",Rural + Urban,Male,53.16,0.47,6.17,0.3,0.11,14.89,9.86,3.7,1.32,0.31,0.42,0.14,0.64,0.95,1.99,2.16,0.92,0.1,2.2,0.18,0
India,Madhya Pradesh,"PLFS Year (Jul - Jun), 2018",Rural + Urban,Female,69.12,0,8.79,0,0,6.21,4.47,0.18,0.93,0.08,0.11,0,0.09,0.07,0.91,5.37,1.04,0,1.14,1.48,0
India,Madhya Pradesh,"PLFS Year (Jul - Jun), 2018",Rural + Urban,Persons,57.21,0.35,6.84,0.23,0.08,12.68,8.49,2.8,1.22,0.25,0.34,0.1,0.5,0.72,1.71,2.98,0.95,0.08,1.93,0.51,0
India,Maharashtra,"PLFS Year (Jul - Jun), 2018",Rural,Male,63.59,0.16,6.09,0.16,0.2,7.51,7.86,5.35,1.52,0.12,0.75,0.09,0.34,0.59,1.41,1.53,0.27,0.26,2.02,0.16,0
India,Maharashtra,"PLFS Year (Jul - Jun), 2018",Rural,Female,83.77,0,4.11,0,0.17,0.66,3.57,0.03,0.86,0.06,0.09,0,0,0.11,0.42,4.06,1.42,0.08,0.42,0.17,0
India,Maharashtra,"PLFS Year (Jul - Jun), 2018",Rural,Persons,70.26,0.11,5.44,0.11,0.19,5.25,6.45,3.59,1.3,0.1,0.53,0.06,0.23,0.43,1.08,2.36,0.65,0.2,1.49,0.16,0
India,Maharashtra,"PLFS Year (Jul - Jun), 2018",Urban,Male,3.09,0.85,21.34,0.63,0.86,9.6,21.05,10.01,3.61,3.61,3.65,0.66,3.63,3.74,3.73,2.96,2.06,0.89,2.55,1.47,0
India,Maharashtra,"PLFS Year (Jul - Jun), 2018",Urban,Female,5.44,0.02,19.61,0.18,0.33,3.06,10.71,1.12,2.94,4.35,5.48,0.28,3.6,2.36,2.21,11.7,6.41,0.4,4.82,14.99,0
India,Maharashtra,"PLFS Year (Jul - Jun), 2018",Urban,Persons,3.6,0.67,20.96,0.53,0.75,8.18,18.81,8.08,3.47,3.77,4.05,0.57,3.63,3.44,3.4,4.86,3,0.78,3.04,4.4,0
India,Maharashtra,"PLFS Year (Jul - Jun), 2018",Rural + Urban,Male,38.71,0.45,12.36,0.35,0.47,8.37,13.29,7.27,2.38,1.55,1.94,0.33,1.7,1.89,2.36,2.12,1.01,0.52,2.24,0.7,0
India,Maharashtra,"PLFS Year (Jul - Jun), 2018",Rural + Urban,Female,61.73,0.01,8.47,0.05,0.21,1.33,5.58,0.33,1.44,1.27,1.6,0.08,1.01,0.75,0.92,6.21,2.82,0.17,1.66,4.34,0
India,Maharashtra,"PLFS Year (Jul - Jun), 2018",Rural + Urban,Persons,45.34,0.32,11.24,0.27,0.4,6.35,11.07,5.27,2.11,1.47,1.84,0.25,1.5,1.56,1.95,3.29,1.53,0.42,2.07,1.75,0
India,Manipur,"PLFS Year (Jul - Jun), 2018",Rural,Male,39.08,1.04,6.8,0.03,0.17,9.24,6.52,7.31,0.7,0.48,0.96,0,1.33,5.04,9.15,6.47,1.99,0.22,2.61,0.85,0
India,Manipur,"PLFS Year (Jul - Jun), 2018",Rural,Female,28.68,0.45,25.41,0,0,2.11,12.43,0.24,1.08,0,0.02,0,0.52,2.85,0.96,17.37,6.22,0.2,1.23,0.23,0
India,Manipur,"PLFS Year (Jul - Jun), 2018",Rural,Persons,36.51,0.9,11.4,0.02,0.13,7.48,7.98,5.57,0.8,0.36,0.73,0,1.13,4.5,7.13,9.16,3.04,0.21,2.27,0.7,0
India,Manipur,"PLFS Year (Jul - Jun), 2018",Urban,Male,13.2,0.62,9.59,0.01,0.28,12.04,15.31,6.99,0.76,0.86,1.85,0,3.14,10.85,10.12,7.95,1.57,0.27,2.81,1.77,0
India,Manipur,"PLFS Year (Jul - Jun), 2018",Urban,Female,6.88,0.72,23.86,0,0,1.12,18.38,0.36,2.7,0.33,0.67,0.03,1.05,6.75,1.95,21.28,10.43,0.11,2.53,0.84,0
India,Manipur,"PLFS Year (Jul - Jun), 2018",Urban,Persons,11.32,0.65,13.84,0.01,0.2,8.79,16.22,5.02,1.34,0.7,1.5,0.01,2.51,9.63,7.69,11.92,4.21,0.22,2.73,1.5,0
India,Manipur,"PLFS Year (Jul - Jun), 2018",Rural + Urban,Male,31.92,0.93,7.57,0.02,0.2,10.02,8.95,7.22,0.72,0.59,1.21,0,1.83,6.65,9.42,6.88,1.88,0.23,2.66,1.1,0
India,Manipur,"PLFS Year (Jul - Jun), 2018",Rural + Urban,Female,21.46,0.54,24.9,0,0,1.78,14.4,0.28,1.62,0.11,0.24,0.01,0.69,4.14,1.29,18.66,7.62,0.17,1.66,0.44,0
India,Manipur,"PLFS Year (Jul - Jun), 2018",Rural + Urban,Persons,29.19,0.83,12.11,0.02,0.15,7.86,10.38,5.41,0.95,0.46,0.95,0,1.53,5.99,7.29,9.96,3.38,0.22,2.4,0.93,0
India,Meghalaya,"PLFS Year (Jul - Jun), 2018",Rural,Male,52.91,1.28,1.37,0.15,0.19,17.99,5.15,7.89,1.54,0.22,0.07,0,0,0.16,2.15,7.05,0.61,0.03,1.25,0,0
India,Meghalaya,"PLFS Year (Jul - Jun), 2018",Rural,Female,59.27,2.29,0.63,0,0,9.46,7,0,2.66,0,0.2,0,0.21,0.85,0.54,6.81,6.39,0,2.43,1.26,0
India,Meghalaya,"PLFS Year (Jul - Jun), 2018",Rural,Persons,55.57,1.7,1.06,0.08,0.11,14.42,5.93,4.59,2.01,0.13,0.12,0,0.09,0.45,1.48,6.95,3.03,0.02,1.74,0.53,0
India,Meghalaya,"PLFS Year (Jul - Jun), 2018",Urban,Male,4.66,0.44,3.06,0.28,0,17.72,20.99,8.35,3.16,2.86,1.98,0.14,0.41,4.18,16.45,6.52,4.21,2.29,2.22,0.07,0
India,Meghalaya,"PLFS Year (Jul - Jun), 2018",Urban,Female,10.64,0.96,2.18,0.12,0,0,15.7,0.36,7.2,0,0.59,0,2.28,1.8,14.57,15.46,18.64,0,2.49,7.02,0
India,Meghalaya,"PLFS Year (Jul - Jun), 2018",Urban,Persons,6.53,0.6,2.78,0.23,0,12.18,19.34,5.85,4.43,1.96,1.55,0.09,1,3.43,15.86,9.32,8.73,1.57,2.3,2.25,0
India,Meghalaya,"PLFS Year (Jul - Jun), 2018",Rural + Urban,Male,46.16,1.17,1.61,0.16,0.16,17.95,7.37,7.95,1.77,0.59,0.34,0.02,0.06,0.72,4.15,6.98,1.12,0.34,1.38,0.01,0
India,Meghalaya,"PLFS Year (Jul - Jun), 2018",Rural + Urban,Female,54.73,2.16,0.78,0.01,0,8.58,7.82,0.03,3.08,0,0.23,0,0.4,0.94,1.85,7.62,7.53,0,2.44,1.79,0
India,Meghalaya,"PLFS Year (Jul - Jun), 2018",Rural + Urban,Persons,49.63,1.57,1.27,0.1,0.1,14.15,7.55,4.74,2.3,0.35,0.29,0.01,0.2,0.81,3.22,7.24,3.72,0.2,1.81,0.73,0
India,Mizoram,"PLFS Year (Jul - Jun), 2018",Rural,Male,65.72,1.19,3.34,0,0,7.38,5.07,3.98,0,0.04,0,0,0,0.74,2.08,8.84,0.99,0,0,0.64,0
India,Mizoram,"PLFS Year (Jul - Jun), 2018",Rural,Female,70.66,0,2.01,0,0,0,16.83,0,0.3,0,0,0,0,1.54,0.74,4.41,3.52,0,0,0,0
India,Mizoram,"PLFS Year (Jul - Jun), 2018",Rural,Persons,67,0.88,2.99,0,0,5.47,8.11,2.95,0.08,0.03,0,0,0,0.95,1.73,7.69,1.65,0,0,0.47,0
India,Mizoram,"PLFS Year (Jul - Jun), 2018",Urban,Male,12.13,1.02,8.01,0.19,0,13.38,11.77,8.68,1.02,0.1,0.17,0,0.43,9.19,19.01,11.38,1.01,0,1.69,0.81,0
India,Mizoram,"PLFS Year (Jul - Jun), 2018",Urban,Female,6.18,0.21,9.04,0,0,0.45,43,0,2.76,0.17,0,0,0.6,11.04,6.54,13.33,4.52,0,1.98,0.19,0
India,Mizoram,"PLFS Year (Jul - Jun), 2018",Urban,Persons,10.22,0.76,8.34,0.13,0,9.22,21.81,5.89,1.58,0.12,0.11,0,0.49,9.79,15,12.01,2.14,0,1.78,0.61,0
India,Mizoram,"PLFS Year (Jul - Jun), 2018",Rural + Urban,Male,43.37,1.12,5.29,0.08,0,9.88,7.87,5.94,0.42,0.06,0.07,0,0.18,4.27,9.14,9.9,1,0,0.7,0.71,0
India,Mizoram,"PLFS Year (Jul - Jun), 2018",Rural + Urban,Female,38.91,0.1,5.47,0,0,0.22,29.71,0,1.51,0.09,0,0,0.3,6.22,3.6,8.8,4.01,0,0.97,0.1,0
India,Mizoram,"PLFS Year (Jul - Jun), 2018",Rural + Urban,Persons,42.09,0.83,5.34,0.06,0,7.11,14.12,4.24,0.74,0.07,0.05,0,0.21,4.83,7.55,9.59,1.86,0,0.78,0.53,0
India,Nagaland,"PLFS Year (Jul - Jun), 2018",Rural,Male,41.77,0,11.41,2.1,0.96,1.84,5.46,7.09,0,0.09,0,0,0.34,6.32,2.03,11.7,1.43,0.27,7.19,0,0
India,Nagaland,"PLFS Year (Jul - Jun), 2018",Rural,Female,63.8,0,1.74,0,0,0,9.92,0,0,1.13,0,0,0,7.13,5.6,2.89,5.97,0,1.82,0,0
India,Nagaland,"PLFS Year (Jul - Jun), 2018",Rural,Persons,47.09,0,9.07,1.59,0.73,1.39,6.54,5.38,0,0.34,0,0,0.26,6.51,2.89,9.57,2.52,0.21,5.9,0,0
India,Nagaland,"PLFS Year (Jul - Jun), 2018",Urban,Male,4.86,0,5.87,0.62,0.22,7.2,22.95,9.33,2.29,1.46,1.28,0,2.67,20.8,8.44,7.04,1.22,0,3.74,0,0
India,Nagaland,"PLFS Year (Jul - Jun), 2018",Urban,Female,5.71,0,1.72,0,0,1.12,27.76,0,0,0,1.15,0,2.36,19.47,1.61,22.52,11.94,0,4.65,0,0
India,Nagaland,"PLFS Year (Jul - Jun), 2018",Urban,Persons,4.99,0,5.25,0.52,0.19,6.29,23.67,7.93,1.95,1.24,1.26,0,2.63,20.6,7.42,9.36,2.83,0,3.88,0,0
India,Nagaland,"PLFS Year (Jul - Jun), 2018",Rural + Urban,Male,31.64,0,9.89,1.69,0.76,3.31,10.26,7.71,0.63,0.46,0.35,0,0.98,10.29,3.79,10.42,1.37,0.2,6.25,0,0
India,Nagaland,"PLFS Year (Jul - Jun), 2018",Rural + Urban,Female,53.75,0,1.74,0,0,0.19,13,0,0,0.94,0.2,0,0.41,9.26,4.91,6.28,7,0,2.31,0,0
India,Nagaland,"PLFS Year (Jul - Jun), 2018",Rural + Urban,Persons,36.47,0,8.11,1.32,0.59,2.63,10.86,6.02,0.49,0.57,0.32,0,0.86,10.07,4.03,9.52,2.6,0.16,5.39,0,0
India,Odisha,"PLFS Year (Jul - Jun), 2018",Rural,Male,46.77,0.79,6.37,0.12,0.17,23.35,9.36,5.47,1.18,0.12,0.38,0,0.42,0.48,0.52,2.04,0.5,0.12,1.59,0.26,0
India,Odisha,"PLFS Year (Jul - Jun), 2018",Rural,Female,60.37,0.77,8.71,0,0,14.63,4.95,0.14,1.22,0.12,0.06,0,0,0.17,0.65,6.53,1.29,0,0.34,0.05,0
India,Odisha,"PLFS Year (Jul - Jun), 2018",Rural,Persons,50.19,0.79,6.96,0.09,0.12,21.16,8.25,4.13,1.19,0.12,0.3,0,0.31,0.4,0.55,3.16,0.7,0.09,1.28,0.21,0
India,Odisha,"PLFS Year (Jul - Jun), 2018",Urban,Male,5.99,2.23,15.77,1.63,0.29,12.27,22.68,11.43,2.75,1.21,2.81,0.16,2.28,2.11,5.62,4.59,1.22,0.21,4.26,0.5,0
India,Odisha,"PLFS Year (Jul - Jun), 2018",Urban,Female,9.19,1.26,14.35,0.4,0,14.09,9.03,3.55,4,0,0.73,0,1.29,1.3,2.28,19.19,6.62,0.99,1.91,9.82,0
India,Odisha,"PLFS Year (Jul - Jun), 2018",Urban,Persons,6.62,2.04,15.49,1.39,0.23,12.63,19.98,9.87,2.99,0.97,2.4,0.12,2.09,1.95,4.95,7.48,2.29,0.36,3.79,2.35,0
India,Odisha,"PLFS Year (Jul - Jun), 2018",Rural + Urban,Male,40.73,1,7.76,0.34,0.18,21.71,11.33,6.35,1.41,0.28,0.74,0.02,0.7,0.72,1.28,2.41,0.61,0.13,1.99,0.3,0
India,Odisha,"PLFS Year (Jul - Jun), 2018",Rural + Urban,Female,54.56,0.83,9.35,0.05,0,14.56,5.42,0.53,1.53,0.11,0.14,0,0.15,0.3,0.84,7.96,1.89,0.11,0.52,1.16,0
India,Odisha,"PLFS Year (Jul - Jun), 2018",Rural + Urban,Persons,44.1,0.96,8.15,0.27,0.14,19.97,9.89,4.94,1.44,0.24,0.59,0.02,0.56,0.62,1.17,3.77,0.92,0.13,1.63,0.51,0
India,Puducherry,"PLFS Year (Jul - Jun), 2018",Rural,Male,14.63,0.18,17.57,0,0.51,26.33,9.57,9.75,2.8,3.46,1.18,0,0.87,0,0.04,8.4,0.08,0,3.44,1.19,0
India,Puducherry,"PLFS Year (Jul - Jun), 2018",Rural,Female,38.51,0,34.11,0,0.13,8.39,0.63,1.11,0.18,0,0,0,0,0,0,6.95,0.57,0,1.24,8.18,0
India,Puducherry,"PLFS Year (Jul - Jun), 2018",Rural,Persons,23.68,0.11,23.84,0,0.37,19.53,6.18,6.47,1.81,2.15,0.73,0,0.54,0,0.03,7.85,0.27,0,2.61,3.84,0
India,Puducherry,"PLFS Year (Jul - Jun), 2018",Urban,Male,9.19,0,16.79,0.64,0.08,11.39,16.72,7.05,1.55,5.15,4.56,0.52,3.11,5.8,7.46,2.92,4.15,0.54,2.08,0.3,0
India,Puducherry,"PLFS Year (Jul - Jun), 2018",Urban,Female,3.77,0,23.82,0,0,4.05,10.47,0,3.09,5.98,0.78,0,1.22,1.48,1.53,18.69,11.33,1.06,2.84,9.89,0
India,Puducherry,"PLFS Year (Jul - Jun), 2018",Urban,Persons,7.62,0,18.82,0.45,0.05,9.27,14.91,5.01,1.99,5.39,3.47,0.37,2.57,4.55,5.74,7.48,6.22,0.69,2.3,3.07,0
India,Puducherry,"PLFS Year (Jul - Jun), 2018",Rural + Urban,Male,11.22,0.07,17.08,0.4,0.24,16.97,14.05,8.06,2.01,4.52,3.3,0.33,2.28,3.64,4.69,4.97,2.63,0.34,2.59,0.63,0
India,Puducherry,"PLFS Year (Jul - Jun), 2018",Rural + Urban,Female,20.16,0,28.68,0,0.06,6.1,5.83,0.52,1.72,3.16,0.41,0,0.65,0.78,0.81,13.15,6.25,0.56,2.09,9.09,0
India,Puducherry,"PLFS Year (Jul - Jun), 2018",Rural + Urban,Persons,14.13,0.05,20.85,0.27,0.18,13.43,11.37,5.6,1.92,4.08,2.36,0.22,1.74,2.71,3.43,7.63,3.81,0.41,2.43,3.38,0
India,Punjab,"PLFS Year (Jul - Jun), 2018",Rural,Male,37.89,0.15,11.21,0.57,0.36,21.47,10.08,5.64,1.61,0.62,0.46,0.23,0.44,0.06,1.84,2.47,0.97,0.61,2.64,0.66,0
India,Punjab,"PLFS Year (Jul - Jun), 2018",Rural,Female,42.2,0,16.41,1.05,0.24,6.33,3.78,0,1.31,1.29,0.03,0,0,0.24,0.81,14.12,3.19,0,3.27,5.71,0
India,Punjab,"PLFS Year (Jul - Jun), 2018",Rural,Persons,38.74,0.12,12.23,0.67,0.34,18.5,8.84,4.54,1.55,0.76,0.37,0.19,0.35,0.1,1.64,4.76,1.41,0.49,2.77,1.65,0
India,Punjab,"PLFS Year (Jul - Jun), 2018",Urban,Male,3.5,0.14,31.33,0.89,0.98,9.26,24.73,6.05,4.29,1.63,2.76,0.71,1.45,1.59,2.54,2.02,1.29,0.55,3.89,0.4,0
India,Punjab,"PLFS Year (Jul - Jun), 2018",Urban,Female,2.84,0,24.32,0.62,1.43,5.05,8.84,0,0.8,0.34,0.87,0,1.69,0.69,3.41,24.79,5.92,0.18,5.88,12.33,0
India,Punjab,"PLFS Year (Jul - Jun), 2018",Urban,Persons,3.39,0.11,30.12,0.84,1.06,8.54,21.99,5,3.69,1.41,2.43,0.59,1.49,1.44,2.69,5.94,2.09,0.48,4.23,2.46,0
India,Punjab,"PLFS Year (Jul - Jun), 2018",Rural + Urban,Male,23.88,0.15,19.4,0.7,0.61,16.5,16.05,5.81,2.7,1.04,1.39,0.43,0.85,0.69,2.13,2.29,1.1,0.58,3.15,0.56,0
India,Punjab,"PLFS Year (Jul - Jun), 2018",Rural + Urban,Female,27.67,0,19.33,0.89,0.68,5.86,5.65,0,1.12,0.94,0.34,0,0.62,0.41,1.77,18.06,4.2,0.06,4.23,8.16,0
India,Punjab,"PLFS Year (Jul - Jun), 2018",Rural + Urban,Persons,24.59,0.12,19.39,0.74,0.63,14.51,14.11,4.72,2.41,1.02,1.2,0.35,0.81,0.63,2.06,5.23,1.68,0.49,3.35,1.97,0
India,Rajasthan,"PLFS Year (Jul - Jun), 2018",Rural,Male,55.72,0.95,5.13,0.5,0.07,16.31,6.42,4.9,1.49,0.25,0.52,0,0.5,0.61,1,2.57,0.54,0.66,1.83,0.03,0
India,Rajasthan,"PLFS Year (Jul - Jun), 2018",Rural,Female,82.4,0.13,3.65,0.28,0.12,6.85,1.76,0.17,0.2,0,0,0,0.15,0.03,0.33,2.87,0.84,0.05,0.19,0,0
India,Rajasthan,"PLFS Year (Jul - Jun), 2018",Rural,Persons,64.73,0.68,4.63,0.42,0.09,13.11,4.85,3.3,1.05,0.17,0.34,0,0.38,0.41,0.78,2.67,0.64,0.45,1.28,0.02,0
India,Rajasthan,"PLFS Year (Jul - Jun), 2018",Urban,Male,6.18,1.06,17.96,0.66,0.72,13.05,22.38,7.68,3.61,2.25,3.06,0.85,2.56,3.22,2.7,5.74,2.48,0.49,3.12,0.22,0
India,Rajasthan,"PLFS Year (Jul - Jun), 2018",Urban,Female,21.96,0,18.24,0,2.59,3.55,6.58,1.19,1.39,0.78,1.16,0.13,0.89,1.88,2.38,24.59,4.52,0.18,4.57,3.43,0
India,Rajasthan,"PLFS Year (Jul - Jun), 2018",Urban,Persons,8.81,0.89,18.01,0.55,1.04,11.46,19.74,6.59,3.24,2,2.74,0.73,2.28,3,2.64,8.89,2.82,0.44,3.37,0.76,0
India,Rajasthan,"PLFS Year (Jul - Jun), 2018",Rural + Urban,Male,43.05,0.98,8.41,0.54,0.24,15.47,10.5,5.61,2.03,0.76,1.17,0.22,1.03,1.28,1.44,3.38,1.03,0.62,2.16,0.08,0
India,Rajasthan,"PLFS Year (Jul - Jun), 2018",Rural + Urban,Female,75.2,0.12,5.38,0.24,0.41,6.46,2.34,0.29,0.34,0.09,0.14,0.02,0.23,0.25,0.57,5.46,1.27,0.06,0.71,0.41,0
India,Rajasthan,"PLFS Year (Jul - Jun), 2018",Rural + Urban,Persons,52.73,0.72,7.5,0.45,0.29,12.76,8.04,4.01,1.52,0.56,0.86,0.16,0.79,0.97,1.18,4,1.11,0.45,1.73,0.18,0
India,Sikkim,"PLFS Year (Jul - Jun), 2018",Rural,Male,44.47,0,2.98,1.1,0.31,13.18,3.65,14.13,1.67,0,0,0,0.54,0.25,8.94,6.29,0.56,0.31,1.62,0,0
India,Sikkim,"PLFS Year (Jul - Jun), 2018",Rural,Female,69.71,0,0.65,0.45,0,3.79,6.13,0,2.64,0,0.07,0,0,0.35,4.45,7.52,3.61,0,0.61,0,0
India,Sikkim,"PLFS Year (Jul - Jun), 2018",Rural,Persons,54.62,0,2.04,0.84,0.19,9.41,4.64,8.45,2.06,0,0.03,0,0.32,0.29,7.14,6.78,1.79,0.18,1.22,0,0
India,Sikkim,"PLFS Year (Jul - Jun), 2018",Urban,Male,0.02,0.04,6.75,2.75,0.46,10.53,21.29,16.94,12.13,0.2,1.16,0.23,0.07,1.48,14.65,2.69,4.45,0.31,3.87,0,0
India,Sikkim,"PLFS Year (Jul - Jun), 2018",Urban,Female,4.91,0,8.55,0.35,0,4.07,18.54,1.12,24.3,0,0.94,1.09,0.84,1.05,12.2,16.24,3.56,1.38,0.87,0,0
India,Sikkim,"PLFS Year (Jul - Jun), 2018",Urban,Persons,1.33,0.03,7.23,2.1,0.33,8.8,20.55,12.71,15.38,0.15,1.1,0.46,0.27,1.37,14,6.31,4.21,0.6,3.06,0,0
India,Sikkim,"PLFS Year (Jul - Jun), 2018",Rural + Urban,Male,31.86,0.01,4.05,1.57,0.35,12.43,8.65,14.93,4.63,0.06,0.33,0.07,0.41,0.6,10.56,5.27,1.66,0.31,2.26,0,0
India,Sikkim,"PLFS Year (Jul - Jun), 2018",Rural + Urban,Female,58.25,0,2.05,0.44,0,3.84,8.32,0.2,6.47,0,0.22,0.19,0.15,0.47,5.83,9.06,3.6,0.24,0.66,0,0
India,Sikkim,"PLFS Year (Jul - Jun), 2018",Rural + Urban,Persons,41.6,0.01,3.31,1.15,0.22,9.26,8.53,9.49,5.31,0.04,0.29,0.11,0.31,0.55,8.81,6.67,2.38,0.29,1.67,0,0
India,Tamil Nadu,"PLFS Year (Jul - Jun), 2018",Rural,Male,38.14,0.16,13.55,0.69,0.35,16.81,9.62,8.08,2.87,0.62,0.85,0.26,0.51,1.61,1.7,2.01,0.35,0.16,1.31,0.34,0
India,Tamil Nadu,"PLFS Year (Jul - Jun), 2018",Rural,Female,50.61,0.2,13.95,0,0.2,20.48,4.87,0.03,1.58,0.14,0.32,0,0.03,0.84,0.97,3.25,1.48,0.06,0.56,0.43,0
India,Tamil Nadu,"PLFS Year (Jul - Jun), 2018",Rural,Persons,43.1,0.17,13.71,0.41,0.29,18.27,7.73,4.88,2.36,0.43,0.64,0.15,0.32,1.3,1.41,2.51,0.8,0.12,1.02,0.37,0
India,Tamil Nadu,"PLFS Year (Jul - Jun), 2018",Urban,Male,5.38,0.31,23.95,0.51,0.62,12.06,17.06,10.42,4.41,5.48,3.06,0.54,2.22,2.64,2.37,2.66,1.3,1.33,2.68,0.99,0
India,Tamil Nadu,"PLFS Year (Jul - Jun), 2018",Urban,Female,8.35,0.09,29.02,0.28,0.11,4.77,13.54,0.35,3.13,4.4,2.14,0.14,2.16,2.1,1.67,12.69,3.61,0.27,2.98,8.2,0
India,Tamil Nadu,"PLFS Year (Jul - Jun), 2018",Urban,Persons,6.24,0.25,25.41,0.44,0.47,9.96,16.04,7.52,4.05,5.17,2.79,0.42,2.2,2.49,2.17,5.55,1.97,1.02,2.77,3.07,0
India,Tamil Nadu,"PLFS Year (Jul - Jun), 2018",Rural + Urban,Male,22.71,0.23,18.45,0.6,0.48,14.57,13.12,9.18,3.6,2.91,1.89,0.39,1.32,2.1,2.02,2.32,0.8,0.71,1.96,0.64,0
India,Tamil Nadu,"PLFS Year (Jul - Jun), 2018",Rural + Urban,Female,35.69,0.16,19.27,0.1,0.17,14.93,7.93,0.14,2.13,1.64,0.96,0.05,0.78,1.29,1.22,6.58,2.23,0.13,1.42,3.17,0
India,Tamil Nadu,"PLFS Year (Jul - Jun), 2018",Rural + Urban,Persons,27.26,0.2,18.74,0.43,0.37,14.7,11.3,6.01,3.08,2.47,1.57,0.27,1.13,1.81,1.74,3.81,1.3,0.51,1.77,1.53,0
India,Telangana,"PLFS Year (Jul - Jun), 2018",Rural,Male,63.67,0.14,7.31,0.03,0.12,8.38,5.11,6.57,0.13,0.7,0.27,0.66,0.4,0.52,1.63,1.84,0.08,0.45,1.75,0.26,0
India,Telangana,"PLFS Year (Jul - Jun), 2018",Rural,Female,70.64,0.1,14.13,0,0,4.81,2.68,0,0.19,0,0.05,0,0,0.7,0.37,3.58,0.55,0,2.04,0.15,0
India,Telangana,"PLFS Year (Jul - Jun), 2018",Rural,Persons,66.62,0.12,10.2,0.02,0.07,6.86,4.08,3.78,0.16,0.4,0.18,0.38,0.23,0.6,1.09,2.58,0.28,0.26,1.87,0.21,0
India,Telangana,"PLFS Year (Jul - Jun), 2018",Urban,Male,2.89,1.51,15.45,0.62,0.56,12.79,19.43,9.78,2.97,5.38,2.49,1.39,3.04,3.8,2.59,3.06,2.17,1.38,3.85,4.86,0
India,Telangana,"PLFS Year (Jul - Jun), 2018",Urban,Female,2.96,0.08,24.64,0.59,0.19,8.71,9.19,1.31,1.97,5.72,2.31,0.32,1.71,0.96,1.21,10.84,6.68,0,3.72,16.89,0
India,Telangana,"PLFS Year (Jul - Jun), 2018",Urban,Persons,2.9,1.19,17.55,0.61,0.48,11.85,17.08,7.84,2.74,5.45,2.45,1.15,2.73,3.15,2.27,4.84,3.2,1.06,3.82,7.62,0
India,Telangana,"PLFS Year (Jul - Jun), 2018",Rural + Urban,Male,37.45,0.73,10.82,0.29,0.31,10.28,11.29,7.95,1.36,2.72,1.23,0.98,1.54,1.94,2.04,2.37,0.98,0.85,2.66,2.24,0
India,Telangana,"PLFS Year (Jul - Jun), 2018",Rural + Urban,Female,54.74,0.09,16.6,0.14,0.05,5.72,4.21,0.31,0.61,1.34,0.58,0.08,0.4,0.76,0.56,5.29,1.99,0,2.44,4.08,0
India,Telangana,"PLFS Year (Jul - Jun), 2018",Rural + Urban,Persons,43.56,0.51,12.86,0.23,0.22,8.67,8.79,5.25,1.09,2.23,1,0.66,1.13,1.52,1.52,3.4,1.33,0.55,2.58,2.89,0
India,The Dadra and Nagar Haveli and Daman and Diu,"PLFS Year (Jul - Jun), 2018",Rural,Male,20.3750000000000000000000,0.00000000000000000000,39.1600000000000000000000,0.00000000000000000000,0.0350000000000000000000,7.9350000000000000000000,17.4200000000000000000000,8.4500000000000000000000,2.5850000000000000000000,0.00000000000000000000,0.00000000000000000000,0.00000000000000000000,0.0900000000000000000000,0.2100000000000000000000,1.3850000000000000000000,0.9150000000000000000000,1.4400000000000000000000,0.00000000000000000000,0.00000000000000000000,0.00000000000000000000,0.00000000000000000000
India,The Dadra and Nagar Haveli and Daman and Diu,"PLFS Year (Jul - Jun), 2018",Rural,Female,46.9200000000000000000000,0.00000000000000000000,21.0200000000000000000000,0.00000000000000000000,0.00000000000000000000,1.4450000000000000000000,11.9150000000000000000000,0.00000000000000000000,9.3100000000000000000000,0.00000000000000000000,0.00000000000000000000,0.00000000000000000000,0.00000000000000000000,0.0600000000000000000000,0.400000000000000000000,5.9200000000000000000000,2.0350000000000000000000,0.00000000000000000000,0.00000000000000000000,0.9800000000000000000000,0.00000000000000000000
India,The Dadra and Nagar Haveli and Daman and Diu,"PLFS Year (Jul - Jun), 2018",Rural,Persons,30.6650000000000000000000,0.00000000000000000000,32.4850000000000000000000,0.00000000000000000000,0.0200000000000000000000,5.4800000000000000000000,16.3900000000000000000000,6.8050000000000000000000,3.3050000000000000000000,0.00000000000000000000,0.00000000000000000000,0.00000000000000000000,0.0550000000000000000000,0.2100000000000000000000,1.1700000000000000000000,1.600000000000000000000,1.6850000000000000000000,0.00000000000000000000,0.00000000000000000000,0.1150000000000000000000,0.00000000000000000000
India,The Dadra and Nagar Haveli and Daman and Diu,"PLFS Year (Jul - Jun), 2018",Urban,Male,0.2600000000000000000000,0.00000000000000000000,72.7300000000000000000000,0.0250000000000000000000,0.4850000000000000000000,3.4050000000000000000000,9.2250000000000000000000,5.0850000000000000000000,1.1200000000000000000000,0.00000000000000000000,0.7400000000000000000000,0.0600000000000000000000,0.4250000000000000000000,0.7750000000000000000000,4.4050000000000000000000,0.2100000000000000000000,1.0400000000000000000000,0.00000000000000000000,0.00000000000000000000,0.0100000000000000000000,0.00000000000000000000
India,The Dadra and Nagar Haveli and Daman and Diu,"PLFS Year (Jul - Jun), 2018",Urban,Female,6.7300000000000000000000,0.00000000000000000000,70.9750000000000000000000,0.00000000000000000000,0.00000000000000000000,0.00000000000000000000,8.1850000000000000000000,0.00000000000000000000,0.2100000000000000000000,0.00000000000000000000,0.00000000000000000000,0.00000000000000000000,6.8350000000000000000000,3.5950000000000000000000,0.00000000000000000000,0.3150000000000000000000,0.1350000000000000000000,0.00000000000000000000,0.150000000000000000000,2.8650000000000000000000,0.00000000000000000000
India,The Dadra and Nagar Haveli and Daman and Diu,"PLFS Year (Jul - Jun), 2018",Urban,Persons,0.9950000000000000000000,0.00000000000000000000,72.7900000000000000000000,0.0250000000000000000000,0.4300000000000000000000,2.9200000000000000000000,9.0500000000000000000000,4.5100000000000000000000,1.0050000000000000000000,0.00000000000000000000,0.6550000000000000000000,0.050000000000000000000,1.150000000000000000000,1.2350000000000000000000,3.7250000000000000000000,0.2250000000000000000000,0.8900000000000000000000,0.00000000000000000000,0.0200000000000000000000,0.3350000000000000000000,0.00000000000000000000
India,The Dadra and Nagar Haveli and Daman and Diu,"PLFS Year (Jul - Jun), 2018",Rural + Urban,Male,5.4450000000000000000000,0.00000000000000000000,64.6200000000000000000000,0.0150000000000000000000,0.2950000000000000000000,5.5050000000000000000000,10.7250000000000000000000,5.0650000000000000000000,1.1700000000000000000000,0.00000000000000000000,0.4300000000000000000000,0.050000000000000000000,0.2850000000000000000000,0.6300000000000000000000,3.8750000000000000000000,0.4350000000000000000000,1.4450000000000000000000,0.00000000000000000000,0.00000000000000000000,0.0050000000000000000000,0.00000000000000000000
India,The Dadra and Nagar Haveli and Daman and Diu,"PLFS Year (Jul - Jun), 2018",Rural + Urban,Female,30.1300000000000000000000,0.00000000000000000000,52.0100000000000000000000,0.00000000000000000000,0.00000000000000000000,0.1600000000000000000000,7.7250000000000000000000,0.00000000000000000000,1.1800000000000000000000,0.00000000000000000000,0.00000000000000000000,0.00000000000000000000,1.5550000000000000000000,3.2400000000000000000000,0.0450000000000000000000,1.5250000000000000000000,1.600000000000000000000,0.00000000000000000000,0.0350000000000000000000,0.7900000000000000000000,0.00000000000000000000
India,The Dadra and Nagar Haveli and Daman and Diu,"PLFS Year (Jul - Jun), 2018",Rural + Urban,Persons,11.5900000000000000000000,0.00000000000000000000,60.9350000000000000000000,0.0100000000000000000000,0.2250000000000000000000,4.3700000000000000000000,10.1700000000000000000000,3.9150000000000000000000,1.1300000000000000000000,0.00000000000000000000,0.3250000000000000000000,0.0400000000000000000000,0.5950000000000000000000,1.0200000000000000000000,3.2450000000000000000000,0.6600000000000000000000,1.5700000000000000000000,0.00000000000000000000,0.0100000000000000000000,0.1850000000000000000000,0.00000000000000000000
India,Tripura,"PLFS Year (Jul - Jun), 2018",Rural,Male,35.81,0.07,6.22,0.06,0.01,13.31,17.72,4.64,0.7,0.41,0.11,0,0.66,1.82,4.22,5.08,0.34,0.26,4.04,4.5,0
India,Tripura,"PLFS Year (Jul - Jun), 2018",Rural,Female,41.7,0,2.71,0,0,9.68,5.71,0.6,0.14,0,0,0,0.18,0.75,3.94,20.97,6.27,0.71,2.34,4.29,0
India,Tripura,"PLFS Year (Jul - Jun), 2018",Rural,Persons,36.58,0.06,5.76,0.06,0.01,12.83,16.16,4.11,0.63,0.36,0.1,0,0.6,1.68,4.18,7.15,1.12,0.32,3.82,4.47,0
India,Tripura,"PLFS Year (Jul - Jun), 2018",Urban,Male,5.35,0.08,7.68,0.28,0.19,15.95,22.52,11.04,1.52,1.59,1.1,0,3.93,2.9,10.32,6.61,1.21,0.09,4.2,3.44,0
India,Tripura,"PLFS Year (Jul - Jun), 2018",Urban,Female,3.81,0,16.49,0,0,1.23,9.25,0,1.64,0.8,0.82,0,1.99,3.94,12.35,29.41,5.41,1.84,2.71,8.32,0
India,Tripura,"PLFS Year (Jul - Jun), 2018",Urban,Persons,5.08,0.07,9.27,0.23,0.16,13.29,20.12,9.04,1.54,1.45,1.05,0,3.58,3.09,10.68,10.73,1.97,0.41,3.93,4.32,0
India,Tripura,"PLFS Year (Jul - Jun), 2018",Rural + Urban,Male,30.72,0.07,6.46,0.1,0.04,13.75,18.53,5.71,0.84,0.61,0.28,0,1.21,2,5.23,5.33,0.49,0.24,4.07,4.32,0
India,Tripura,"PLFS Year (Jul - Jun), 2018",Rural + Urban,Female,33.07,0,5.84,0,0,7.76,6.52,0.46,0.48,0.18,0.19,0,0.59,1.48,5.86,22.89,6.08,0.97,2.43,5.21,0
India,Tripura,"PLFS Year (Jul - Jun), 2018",Rural + Urban,Persons,31.05,0.06,6.38,0.09,0.04,12.92,16.85,4.98,0.79,0.55,0.27,0,1.12,1.92,5.32,7.78,1.27,0.34,3.84,4.44,0
India,Uttar Pradesh,"PLFS Year (Jul - Jun), 2018",Rural,Male,57.6,0.16,6.8,0.11,0.22,17.56,7.5,2.99,1.1,0.1,0.37,0.04,0.26,0.58,0.47,2.05,0.3,0.25,1.5,0.05,0
India,Uttar Pradesh,"PLFS Year (Jul - Jun), 2018",Rural,Female,80.53,0,7.66,0,0.29,1.26,2.5,0.03,0.31,0,0.03,0,0.06,0,0.51,5.37,0.45,0,0.95,0.05,0
India,Uttar Pradesh,"PLFS Year (Jul - Jun), 2018",Rural,Persons,61.69,0.13,6.95,0.09,0.23,14.66,6.61,2.46,0.96,0.08,0.31,0.03,0.23,0.48,0.48,2.64,0.32,0.21,1.4,0.05,0
India,Uttar Pradesh,"PLFS Year (Jul - Jun), 2018",Urban,Male,6.97,0.23,23.11,0.42,0.35,11.35,24.46,8.17,3.15,1.28,2.61,0.56,2.6,1.5,3.05,4.12,1.8,0.62,3.4,0.25,0
India,Uttar Pradesh,"PLFS Year (Jul - Jun), 2018",Urban,Female,15.02,0,24.55,0,0.24,1.25,6.84,0.91,3.52,0.57,1.66,0,0.74,0.97,3.46,23.19,3.75,0,4,9.32,0
India,Uttar Pradesh,"PLFS Year (Jul - Jun), 2018",Urban,Persons,7.94,0.2,23.28,0.37,0.34,10.14,22.36,7.3,3.19,1.19,2.49,0.49,2.38,1.43,3.1,6.4,2.03,0.55,3.47,1.33,0
India,Uttar Pradesh,"PLFS Year (Jul - Jun), 2018",Rural + Urban,Male,45.98,0.17,10.54,0.18,0.25,16.14,11.4,4.18,1.57,0.37,0.88,0.16,0.8,0.79,1.06,2.52,0.64,0.34,1.94,0.09,0
India,Uttar Pradesh,"PLFS Year (Jul - Jun), 2018",Rural + Urban,Female,70.24,0,10.31,0,0.28,1.26,3.18,0.17,0.82,0.09,0.29,0,0.17,0.15,0.98,8.17,0.97,0,1.43,1.5,0
India,Uttar Pradesh,"PLFS Year (Jul - Jun), 2018",Rural + Urban,Persons,49.99,0.14,10.51,0.15,0.25,13.68,10.04,3.51,1.45,0.32,0.78,0.13,0.69,0.69,1.05,3.46,0.7,0.28,1.85,0.33,0
India,Uttarakhand,"PLFS Year (Jul - Jun), 2018",Rural,Male,36.25,0.97,10.44,0.14,0.13,16.73,10.48,6.82,3.09,0.45,0.27,0.82,1.98,0.87,1.85,4.45,2.88,0,1.34,0.04,0
India,Uttarakhand,"PLFS Year (Jul - Jun), 2018",Rural,Female,76.92,1.53,3.17,0,0,0.8,1.39,0.04,0.36,0,0.15,0,0,0.16,0.88,12.35,0.79,0.29,0,1.18,0
India,Uttarakhand,"PLFS Year (Jul - Jun), 2018",Rural,Persons,45.21,1.1,8.84,0.11,0.1,13.22,8.48,5.32,2.49,0.35,0.25,0.64,1.54,0.71,1.64,6.19,2.42,0.06,1.04,0.29,0
India,Uttarakhand,"PLFS Year (Jul - Jun), 2018",Urban,Male,3.96,0.51,23.78,1.06,1.08,11.93,19.01,8.14,5.2,2.25,1.13,0.54,2.06,2.15,3.33,7.29,2.52,0.82,2.99,0.24,0
India,Uttarakhand,"PLFS Year (Jul - Jun), 2018",Urban,Female,4.82,0,24.12,0,0,0,17.39,0,4.27,0,0.86,0,5,0.08,4.83,27.86,5.87,0.13,2.63,2.14,0
India,Uttarakhand,"PLFS Year (Jul - Jun), 2018",Urban,Persons,4.07,0.45,23.83,0.92,0.94,10.37,18.8,7.08,5.08,1.96,1.09,0.47,2.45,1.87,3.53,9.98,2.96,0.73,2.94,0.49,0
India,Uttarakhand,"PLFS Year (Jul - Jun), 2018",Rural + Urban,Male,27.01,0.84,14.26,0.4,0.4,15.36,12.92,7.19,3.7,0.97,0.52,0.74,2,1.23,2.27,5.26,2.78,0.23,1.81,0.1,0
India,Uttarakhand,"PLFS Year (Jul - Jun), 2018",Rural + Urban,Female,64.21,1.26,6.86,0,0,0.66,4.21,0.03,1.05,0,0.28,0,0.88,0.14,1.58,15.08,1.69,0.26,0.46,1.35,0
India,Uttarakhand,"PLFS Year (Jul - Jun), 2018",Rural + Urban,Persons,34.32,0.92,12.81,0.32,0.32,12.47,11.21,5.79,3.18,0.78,0.47,0.6,1.78,1.02,2.14,7.19,2.56,0.24,1.54,0.34,0
India,West Bengal,"PLFS Year (Jul - Jun), 2018",Rural,Male,49.9,0.32,10.37,0.06,0.22,14.28,9.47,5.38,0.74,0.12,0.56,0,0.41,0.68,0.97,2.76,0.49,0.21,2.04,1.04,0
India,West Bengal,"PLFS Year (Jul - Jun), 2018",Rural,Female,44.9,0.54,31.65,0,0,3.14,4.34,0.05,0.55,0.15,0.01,0,0,0.11,0.75,6.14,1.47,0,1.81,4.38,0
India,West Bengal,"PLFS Year (Jul - Jun), 2018",Rural,Persons,48.89,0.37,14.69,0.04,0.18,12.02,8.43,4.3,0.7,0.13,0.45,0,0.33,0.56,0.92,3.44,0.69,0.16,1.99,1.72,0
India,West Bengal,"PLFS Year (Jul - Jun), 2018",Urban,Male,3.41,0.4,24.15,0.67,0.48,11.75,21.5,11.12,3.75,1.8,1.98,0.41,1.55,2.95,2.47,3.61,1.7,1.16,2.72,2.4,0
India,West Bengal,"PLFS Year (Jul - Jun), 2018",Urban,Female,1.81,0.38,35.96,0.09,0.1,1,10.05,0.54,3.46,1.07,0.92,0,0.84,1.26,1.55,14.11,3.46,0.02,5.05,18.34,0
India,West Bengal,"PLFS Year (Jul - Jun), 2018",Urban,Persons,3.01,0.39,27.1,0.52,0.38,9.06,18.64,8.48,3.68,1.62,1.71,0.31,1.37,2.53,2.24,6.24,2.14,0.88,3.3,6.39,0
India,West Bengal,"PLFS Year (Jul - Jun), 2018",Rural + Urban,Male,35.67,0.35,14.59,0.24,0.3,13.5,13.15,7.14,1.66,0.64,1,0.13,0.76,1.37,1.43,3.02,0.86,0.5,2.25,1.46,0
India,West Bengal,"PLFS Year (Jul - Jun), 2018",Rural + Urban,Female,29.14,0.48,33.23,0.03,0.04,2.36,6.43,0.23,1.62,0.49,0.34,0,0.31,0.53,1.04,9.05,2.2,0.01,3,9.49,0
India,West Bengal,"PLFS Year (Jul - Jun), 2018",Rural + Urban,Persons,34.24,0.38,18.66,0.2,0.24,11.07,11.69,5.63,1.65,0.61,0.85,0.1,0.66,1.19,1.34,4.33,1.15,0.39,2.41,3.21,0
India,Andaman and Nicobar Islands,"PLFS Year (Jul - Jun), 2017",Rural,Male,26.55,0.42,8.74,2.2,0.46,21.42,5.41,9.85,2.07,0.85,0.47,0,0.83,0.88,12.42,3.18,3.33,0.16,0.35,0.41,0
India,Andaman and Nicobar Islands,"PLFS Year (Jul - Jun), 2017",Rural,Female,19.74,0.41,5.77,0,0,5.56,10.65,0,6.07,0,0,0,0.25,0,8.57,9.69,30.19,0,0,3.12,0
India,Andaman and Nicobar Islands,"PLFS Year (Jul - Jun), 2017",Rural,Persons,25.33,0.42,8.21,1.8,0.38,18.58,6.35,8.09,2.79,0.7,0.39,0,0.72,0.72,11.73,4.34,8.15,0.13,0.29,0.9,0
India,Andaman and Nicobar Islands,"PLFS Year (Jul - Jun), 2017",Urban,Male,0.85,0,3.12,1.49,0,15.04,13.97,12.03,4.89,1.23,0.75,0,2.36,4.67,36.48,0.89,1.06,0,0.75,0.42,0
India,Andaman and Nicobar Islands,"PLFS Year (Jul - Jun), 2017",Urban,Female,0.61,0,2.73,0,0,0.88,13.53,0,6.78,2.3,2.31,0,0,0.52,31.12,7.76,13.81,0,0,17.65,0
India,Andaman and Nicobar Islands,"PLFS Year (Jul - Jun), 2017",Urban,Persons,0.8,0,3.04,1.18,0,12.13,13.88,9.55,5.28,1.45,1.07,0,1.87,3.82,35.38,2.31,3.69,0,0.59,3.97,0
India,Andaman and Nicobar Islands,"PLFS Year (Jul - Jun), 2017",Rural + Urban,Male,16.42,0.25,6.52,1.92,0.28,18.91,8.78,10.71,3.18,1,0.58,0,1.43,2.37,21.9,2.28,2.44,0.1,0.51,0.41,0
India,Andaman and Nicobar Islands,"PLFS Year (Jul - Jun), 2017",Rural + Urban,Female,11.41,0.23,4.44,0,0,3.52,11.9,0,6.38,1,1.01,0,0.14,0.23,18.39,8.85,23.06,0,0,9.45,0
India,Andaman and Nicobar Islands,"PLFS Year (Jul - Jun), 2017",Rural + Urban,Persons,15.47,0.25,6.13,1.55,0.23,15.98,9.37,8.68,3.79,1,0.66,0,1.19,1.97,21.23,3.52,6.35,0.08,0.41,2.13,0
India,Andhra Pradesh,"PLFS Year (Jul - Jun), 2017",Rural,Male,60.21,0.45,5.93,0.48,0.11,11.92,5.8,6.49,1.7,0.25,0.74,0.02,0.14,0.27,0.97,1.81,0.68,0.12,1.58,0.32,0
India,Andhra Pradesh,"PLFS Year (Jul - Jun), 2017",Rural,Female,76.88,0.53,6.06,0,0,5.43,3.5,0.26,1.94,0,0.03,0,0,0.12,0.22,2.14,0.82,0.01,1.79,0.27,0
India,Andhra Pradesh,"PLFS Year (Jul - Jun), 2017",Rural,Persons,66.92,0.48,5.98,0.29,0.06,9.31,4.87,3.98,1.8,0.15,0.46,0.01,0.08,0.21,0.67,1.94,0.74,0.07,1.66,0.3,0
India,Andhra Pradesh,"PLFS Year (Jul - Jun), 2017",Urban,Male,5.73,0.37,16.11,0.46,0.57,15.3,17.55,15.33,3.71,2.05,2.1,1.13,1.69,1.89,3.09,4.48,2.12,0.36,4.87,1.1,0
India,Andhra Pradesh,"PLFS Year (Jul - Jun), 2017",Urban,Female,8,0.18,26.3,0.25,0.44,3.85,15.02,0.9,7.13,0,1.68,0.12,0.33,0.4,1.87,9.75,5.43,0.1,6.84,11.4,0
India,Andhra Pradesh,"PLFS Year (Jul - Jun), 2017",Urban,Persons,6.42,0.31,19.2,0.4,0.53,11.83,16.78,10.96,4.74,1.43,1.98,0.82,1.28,1.44,2.72,6.08,3.12,0.28,5.47,4.22,0
India,Andhra Pradesh,"PLFS Year (Jul - Jun), 2017",Rural + Urban,Male,43.01,0.43,9.15,0.48,0.25,12.99,9.51,9.28,2.34,0.82,1.17,0.37,0.63,0.78,1.64,2.65,1.13,0.19,2.62,0.56,0
India,Andhra Pradesh,"PLFS Year (Jul - Jun), 2017",Rural + Urban,Female,61.08,0.45,10.7,0.06,0.1,5.07,6.14,0.41,3.13,0,0.41,0.03,0.08,0.18,0.6,3.89,1.88,0.03,2.95,2.82,0
India,Andhra Pradesh,"PLFS Year (Jul - Jun), 2017",Rural + Urban,Persons,49.78,0.44,9.73,0.32,0.2,10.02,8.25,5.96,2.63,0.51,0.89,0.24,0.42,0.56,1.25,3.11,1.41,0.13,2.74,1.41,0
India,Arunachal Pradesh,"PLFS Year (Jul - Jun), 2017",Rural,Male,53.76,0,1.44,0,0.57,3.22,16.1,6.33,0.62,0,0.25,0,0.25,0.15,6.5,8.36,0.18,0,0.57,1.69,0
India,Arunachal Pradesh,"PLFS Year (Jul - Jun), 2017",Rural,Female,75.49,0,0.1,0,0,0,6.79,0,0,0,0,0,0,0,1.53,16.09,0,0,0,0,0
India,Arunachal Pradesh,"PLFS Year (Jul - Jun), 2017",Rural,Persons,56.86,0,1.25,0,0.49,2.76,14.78,5.43,0.53,0,0.21,0,0.21,0.13,5.8,9.46,0.15,0,0.49,1.45,0
India,Arunachal Pradesh,"PLFS Year (Jul - Jun), 2017",Urban,Male,8.54,0,3.75,1.76,1.47,12.46,19.96,11.43,1.94,2.38,1.29,0,0.97,0.44,17.03,10.55,2.8,0.81,1.78,0.65,0
India,Arunachal Pradesh,"PLFS Year (Jul - Jun), 2017",Urban,Female,2.98,0,0,2.73,1.98,1.8,21.44,5.15,1.67,0,2.84,0,0,2.76,14.59,23.86,16.72,0,0,1.49,0
India,Arunachal Pradesh,"PLFS Year (Jul - Jun), 2017",Urban,Persons,7.89,0,3.31,1.87,1.53,11.21,20.13,10.69,1.91,2.1,1.47,0,0.85,0.71,16.74,12.11,4.42,0.72,1.57,0.75,0
India,Arunachal Pradesh,"PLFS Year (Jul - Jun), 2017",Rural + Urban,Male,47.35,0,1.77,0.25,0.7,4.53,16.65,7.05,0.81,0.34,0.39,0,0.35,0.19,8,8.67,0.55,0.12,0.75,1.54,0
India,Arunachal Pradesh,"PLFS Year (Jul - Jun), 2017",Rural + Urban,Female,67.04,0,0.09,0.32,0.23,0.21,8.49,0.6,0.19,0,0.33,0,0,0.32,3.05,16.99,1.95,0,0,0.17,0
India,Arunachal Pradesh,"PLFS Year (Jul - Jun), 2017",Rural + Urban,Persons,50.08,0,1.53,0.26,0.63,3.93,15.52,6.16,0.72,0.29,0.38,0,0.3,0.21,7.31,9.83,0.74,0.1,0.64,1.35,0
India,Assam,"PLFS Year (Jul - Jun), 2017",Rural,Male,49.99,0.13,6.14,0.13,0.01,11.24,13.56,5.43,0.82,0.08,0.18,0.02,0.27,1.73,1.89,3.93,0.31,0.03,1.46,2.65,0
India,Assam,"PLFS Year (Jul - Jun), 2017",Rural,Female,51.57,0,5.43,0,0,2.37,3.04,0.72,0.54,0.02,0,0,0,1.99,2.32,19.42,9.13,0,0.36,3.07,0
India,Assam,"PLFS Year (Jul - Jun), 2017",Rural,Persons,50.18,0.11,6.06,0.11,0.01,10.2,12.32,4.87,0.79,0.07,0.16,0.01,0.24,1.76,1.94,5.75,1.35,0.03,1.33,2.7,0
India,Assam,"PLFS Year (Jul - Jun), 2017",Urban,Male,4.82,2.64,11.28,0.34,0.24,9.03,33.5,10.69,1.95,1.08,2.76,0.22,1.85,2.66,3.17,6.1,2.22,0.69,2.43,2.33,0
India,Assam,"PLFS Year (Jul - Jun), 2017",Urban,Female,8.77,0.22,13.77,0,0,0.72,6.67,1.28,2.93,0.67,1.93,2.03,1.38,6.87,3.61,32,4.78,0,5.24,7.13,0
India,Assam,"PLFS Year (Jul - Jun), 2017",Urban,Persons,5.44,2.25,11.68,0.29,0.2,7.72,29.28,9.21,2.11,1.02,2.63,0.5,1.77,3.32,3.24,10.17,2.62,0.58,2.87,3.08,0
India,Assam,"PLFS Year (Jul - Jun), 2017",Rural + Urban,Male,45.43,0.38,6.66,0.15,0.03,11.02,15.57,5.96,0.93,0.18,0.44,0.04,0.43,1.83,2.02,4.15,0.5,0.1,1.55,2.62,0
India,Assam,"PLFS Year (Jul - Jun), 2017",Rural + Urban,Female,45.75,0.03,6.57,0,0,2.14,3.54,0.8,0.87,0.11,0.26,0.28,0.19,2.66,2.5,21.14,8.54,0,1.02,3.62,0
India,Assam,"PLFS Year (Jul - Jun), 2017",Rural + Urban,Persons,45.47,0.34,6.65,0.13,0.03,9.94,14.11,5.33,0.93,0.17,0.42,0.07,0.4,1.93,2.08,6.22,1.48,0.09,1.49,2.74,0
India,Bihar,"PLFS Year (Jul - Jun), 2017",Rural,Male,48.13,0.06,9.03,0.05,0,17.35,10.8,3.59,1.45,0.43,0.77,0.17,0.76,1.03,0.5,2.4,0.5,0.51,1.97,0.53,0
India,Bihar,"PLFS Year (Jul - Jun), 2017",Rural,Female,61.51,0,1.3,0,0,2.47,3.33,0,5.83,0,0,0,0,0,0.58,23.05,0.12,0,0,1.81,0
India,Bihar,"PLFS Year (Jul - Jun), 2017",Rural,Persons,48.8,0.05,8.64,0.05,0,16.6,10.43,3.41,1.67,0.41,0.73,0.16,0.72,0.98,0.5,3.43,0.48,0.48,1.87,0.59,0
India,Bihar,"PLFS Year (Jul - Jun), 2017",Urban,Male,8.67,0.24,11.62,0.19,0.36,14.06,27.23,5.86,3.87,2,2.61,0.48,2.4,3.05,1.19,7.56,2.97,1.47,2.79,1.4,0
India,Bihar,"PLFS Year (Jul - Jun), 2017",Urban,Female,5.97,0,14.69,0,0,4.62,8.71,0,1.46,0.32,1.89,0,0.76,3.74,2.52,41.69,7.83,0,3.59,2.19,0
India,Bihar,"PLFS Year (Jul - Jun), 2017",Urban,Persons,8.45,0.22,11.87,0.18,0.33,13.28,25.7,5.37,3.67,1.86,2.55,0.44,2.27,3.11,1.3,10.37,3.37,1.35,2.86,1.46,0
India,Bihar,"PLFS Year (Jul - Jun), 2017",Rural + Urban,Male,44.62,0.07,9.26,0.06,0.03,17.05,12.26,3.79,1.66,0.57,0.93,0.19,0.9,1.21,0.56,2.85,0.72,0.59,2.04,0.61,0
India,Bihar,"PLFS Year (Jul - Jun), 2017",Rural + Urban,Female,53.61,0,3.2,0,0,2.77,4.09,0,5.21,0.05,0.27,0,0.11,0.53,0.86,25.7,1.22,0,0.51,1.86,0
India,Bihar,"PLFS Year (Jul - Jun), 2017",Rural + Urban,Persons,45.1,0.07,8.93,0.06,0.03,16.3,11.83,3.59,1.85,0.54,0.9,0.18,0.86,1.17,0.58,4.07,0.75,0.56,1.96,0.67,0
India,Chandigarh,"PLFS Year (Jul - Jun), 2017",Rural,Male,0.53,0,22.62,0,0,12.82,15.12,16.75,4.08,1.42,1.66,0,4.49,2.05,7.39,8.39,0,1.43,0.15,1.09,0
India,Chandigarh,"PLFS Year (Jul - Jun), 2017",Rural,Female,19.18,0,9.52,0,0,0,18.35,0,0,0,0,0,0,0,9.78,0,0,0,16.49,26.66,0
India,Chandigarh,"PLFS Year (Jul - Jun), 2017",Rural,Persons,3.09,0,20.83,0,0,11.07,15.57,14.46,3.52,1.22,1.43,0,3.88,1.77,7.72,7.24,0,1.23,2.39,4.59,0
India,Chandigarh,"PLFS Year (Jul - Jun), 2017",Urban,Male,0.44,0,14.9,3.01,0.19,6.35,19.74,6.58,6.77,2.28,0.96,0.64,4.26,3.45,18.03,3.71,2.58,0.54,2.98,2.62,0
India,Chandigarh,"PLFS Year (Jul - Jun), 2017",Urban,Female,0.08,0,15.13,2.21,0,0,6.55,0,3.88,0.25,10.39,0,2.83,3.07,4.57,12.47,13.42,0.54,3.86,20.76,0
India,Chandigarh,"PLFS Year (Jul - Jun), 2017",Urban,Persons,0.36,0,14.95,2.83,0.15,4.98,16.89,5.16,6.14,1.84,3,0.5,3.95,3.37,15.12,5.6,4.93,0.54,3.17,6.54,0
India,Chandigarh,"PLFS Year (Jul - Jun), 2017",Rural + Urban,Male,0.44,0,15.19,2.89,0.18,6.6,19.56,6.97,6.66,2.24,0.98,0.62,4.27,3.4,17.62,3.88,2.49,0.57,2.87,2.56,0
India,Chandigarh,"PLFS Year (Jul - Jun), 2017",Rural + Urban,Female,0.5,0,15.01,2.16,0,0,6.82,0,3.79,0.24,10.15,0,2.76,3,4.69,12.19,13.12,0.52,4.14,20.89,0
India,Chandigarh,"PLFS Year (Jul - Jun), 2017",Rural + Urban,Persons,0.46,0,15.15,2.74,0.14,5.19,16.84,5.48,6.05,1.82,2.94,0.49,3.95,3.32,14.86,5.66,4.76,0.56,3.14,6.47,0
India,Chhattisgarh,"PLFS Year (Jul - Jun), 2017",Rural,Male,73.03,0.31,2.34,0.69,0.16,10.6,4.75,1.71,0.89,0.14,0.19,0.02,0.03,0.2,0.79,3.34,0.2,0.12,0.48,0.01,0
India,Chhattisgarh,"PLFS Year (Jul - Jun), 2017",Rural,Female,85.68,0,2.16,0,0.25,4.48,3.24,0,0.66,0,0,0,0,0.16,0.38,1.36,1.6,0,0.03,0,0
India,Chhattisgarh,"PLFS Year (Jul - Jun), 2017",Rural,Persons,78.01,0.19,2.27,0.42,0.2,8.19,4.16,1.04,0.8,0.08,0.11,0.01,0.02,0.19,0.63,2.56,0.75,0.07,0.3,0.01,0
India,Chhattisgarh,"PLFS Year (Jul - Jun), 2017",Urban,Male,7.78,2.78,16.78,4.36,0.19,16.77,19.48,8.89,2.73,0.79,2.2,0.38,1.52,0.72,6.11,3.65,1.42,1.28,1.95,0.22,0
India,Chhattisgarh,"PLFS Year (Jul - Jun), 2017",Urban,Female,21.27,0.55,13.2,0.18,0.82,11.14,10.69,0.38,4.04,0.5,1.29,0,0,0.32,5.04,11.03,5,0.21,9.96,4.37,0
India,Chhattisgarh,"PLFS Year (Jul - Jun), 2017",Urban,Persons,11.42,2.18,15.81,3.23,0.36,15.25,17.11,6.59,3.08,0.71,1.95,0.28,1.11,0.61,5.82,5.64,2.38,0.99,4.11,1.34,0
India,Chhattisgarh,"PLFS Year (Jul - Jun), 2017",Rural + Urban,Male,61.03,0.77,4.99,1.36,0.17,11.73,7.46,3.03,1.23,0.26,0.56,0.09,0.3,0.3,1.77,3.4,0.42,0.34,0.75,0.05,0
India,Chhattisgarh,"PLFS Year (Jul - Jun), 2017",Rural + Urban,Female,78.35,0.06,3.42,0.02,0.32,5.24,4.09,0.04,1.04,0.06,0.15,0,0,0.18,0.91,2.46,1.99,0.02,1.16,0.5,0
India,Chhattisgarh,"PLFS Year (Jul - Jun), 2017",Rural + Urban,Persons,67.5,0.5,4.4,0.86,0.22,9.31,6.2,1.91,1.16,0.18,0.4,0.06,0.19,0.26,1.45,3.05,1.01,0.22,0.9,0.22,0
India,Delhi,"PLFS Year (Jul - Jun), 2017",Rural,Male,26.82,0,14.99,0,0.07,13.75,15.2,6.75,2.56,0.13,0.52,0,0,8.66,4.06,2.58,2.53,0,0.91,0.48,0
India,Delhi,"PLFS Year (Jul - Jun), 2017",Rural,Female,0,0,21.25,0,0,1.17,2.44,0,0,0,0,0,0,0,0,0,75.14,0,0,0,0
India,Delhi,"PLFS Year (Jul - Jun), 2017",Rural,Persons,25.97,0,15.19,0,0.07,13.35,14.8,6.53,2.47,0.13,0.5,0,0,8.38,3.93,2.5,4.84,0,0.88,0.47,0
India,Delhi,"PLFS Year (Jul - Jun), 2017",Urban,Male,0.64,0.29,26.2,0.64,0.92,8.05,21.9,11,5.15,2.61,2.36,1.22,1.74,4.69,3.32,1.38,0.96,0.23,4.7,2.02,0
India,Delhi,"PLFS Year (Jul - Jun), 2017",Urban,Female,0,0,9.93,0.51,0,1.66,8.09,2.93,7.77,4.16,0.45,0.12,2.81,5.43,3.8,15.54,11.58,0,12.14,13.1,0
India,Delhi,"PLFS Year (Jul - Jun), 2017",Urban,Persons,0.55,0.25,23.92,0.62,0.79,7.15,19.97,9.87,5.51,2.83,2.09,1.06,1.89,4.79,3.39,3.36,2.45,0.2,5.74,3.57,0
India,Delhi,"PLFS Year (Jul - Jun), 2017",Rural + Urban,Male,1.4,0.28,25.87,0.62,0.89,8.21,21.71,10.88,5.07,2.54,2.31,1.18,1.69,4.8,3.34,1.42,1.01,0.22,4.59,1.97,0
India,Delhi,"PLFS Year (Jul - Jun), 2017",Rural + Urban,Female,0,0,10,0.5,0,1.66,8.05,2.91,7.72,4.13,0.45,0.12,2.79,5.39,3.77,15.44,11.97,0,12.07,13.02,0
India,Delhi,"PLFS Year (Jul - Jun), 2017",Rural + Urban,Persons,1.21,0.24,23.69,0.6,0.77,7.31,19.83,9.78,5.43,2.76,2.05,1.04,1.84,4.88,3.4,3.34,2.51,0.19,5.61,3.49,0
India,Goa,"PLFS Year (Jul - Jun), 2017",Rural,Male,9.05,0.83,23.7,2.48,0,12.72,8.37,7.66,12.53,0,1.91,2.47,0.77,0.9,9.82,2.7,1.07,0.45,0.9,1.68,0
India,Goa,"PLFS Year (Jul - Jun), 2017",Rural,Female,28.83,0,7.77,0,0,0.83,10.45,0,5.86,0,6.7,0.32,0,0,16.52,11.02,5.38,0,0.94,5.38,0
India,Goa,"PLFS Year (Jul - Jun), 2017",Rural,Persons,14.64,0.6,19.21,1.78,0,9.36,8.96,5.5,10.64,0,3.26,1.86,0.55,0.65,11.72,5.05,2.28,0.32,0.91,2.72,0
India,Goa,"PLFS Year (Jul - Jun), 2017",Urban,Male,2.81,1.55,17.75,1.36,2.06,11.34,19.26,12.7,6.95,0.62,3.66,0.11,0.62,0.9,8.33,2.77,0.66,0,2.9,3.64,0
India,Goa,"PLFS Year (Jul - Jun), 2017",Urban,Female,5.65,0.55,15.34,0,0,0.85,5.95,3.46,3.7,0.68,2.64,1.01,1.44,0,9.53,24.93,5.45,0.25,4.55,14.02,0
India,Goa,"PLFS Year (Jul - Jun), 2017",Urban,Persons,3.57,1.28,17.1,0.99,1.5,8.51,15.67,10.21,6.07,0.64,3.39,0.36,0.84,0.66,8.66,8.75,1.95,0.07,3.34,6.44,0
India,Goa,"PLFS Year (Jul - Jun), 2017",Rural + Urban,Male,5.55,1.23,20.36,1.85,1.16,11.94,14.48,10.49,9.4,0.35,2.89,1.15,0.68,0.9,8.99,2.74,0.84,0.2,2.02,2.78,0
India,Goa,"PLFS Year (Jul - Jun), 2017",Rural + Urban,Female,16.17,0.3,11.9,0,0,0.84,7.99,1.89,4.68,0.37,4.49,0.7,0.78,0,12.7,18.62,5.42,0.13,2.91,10.1,0
India,Goa,"PLFS Year (Jul - Jun), 2017",Rural + Urban,Persons,8.47,0.98,18.03,1.34,0.84,8.89,12.7,8.12,8.1,0.36,3.33,1.02,0.71,0.65,10.01,7.11,2.1,0.18,2.27,4.79,0
India,Gujarat,"PLFS Year (Jul - Jun), 2017",Rural,Male,62.61,0.51,9.86,0.42,0.32,7.14,6.96,5.92,0.71,0.32,0.32,0.01,0.17,0.48,0.77,0.88,0.45,0.05,1.72,0.39,0
India,Gujarat,"PLFS Year (Jul - Jun), 2017",Rural,Female,81.38,0,6.31,0,0,3.05,0.88,0,0.86,0,0,0,0.31,0.35,0.29,2.5,2.12,0,0.11,1.84,0
India,Gujarat,"PLFS Year (Jul - Jun), 2017",Rural,Persons,66.58,0.4,9.11,0.33,0.25,6.27,5.68,4.66,0.74,0.25,0.25,0.01,0.2,0.45,0.67,1.23,0.81,0.04,1.38,0.7,0
India,Gujarat,"PLFS Year (Jul - Jun), 2017",Urban,Male,4.77,0.34,36.88,0.59,0.62,6.67,21.02,9.11,2.4,2.23,3.1,0.33,1.97,1.59,1.8,2.26,1.49,0.3,2.02,0.49,0.03
India,Gujarat,"PLFS Year (Jul - Jun), 2017",Urban,Female,7.69,0,36.78,0,0.5,2.64,7.67,1.47,1.41,1.18,3.81,0,2.02,1.41,2.68,13.83,4.83,0.32,6.38,5.37,0
India,Gujarat,"PLFS Year (Jul - Jun), 2017",Urban,Persons,5.26,0.28,36.86,0.49,0.6,5.99,18.78,7.83,2.24,2.05,3.22,0.27,1.98,1.56,1.95,4.2,2.05,0.3,2.75,1.31,0.03
India,Gujarat,"PLFS Year (Jul - Jun), 2017",Rural + Urban,Male,39.07,0.44,20.86,0.49,0.45,6.95,12.68,7.21,1.4,1.09,1.45,0.14,0.9,0.93,1.19,1.44,0.88,0.15,1.84,0.43,0.01
India,Gujarat,"PLFS Year (Jul - Jun), 2017",Rural + Urban,Female,56.36,0,16.66,0,0.17,2.91,3.19,0.5,1.05,0.4,1.29,0,0.89,0.71,1.1,6.35,3.04,0.11,2.24,3.04,0
India,Gujarat,"PLFS Year (Jul - Jun), 2017",Rural + Urban,Persons,42.43,0.35,20.04,0.39,0.39,6.16,10.84,5.91,1.33,0.96,1.42,0.11,0.9,0.89,1.17,2.4,1.3,0.14,1.92,0.94,0.01
India,Haryana,"PLFS Year (Jul - Jun), 2017",Rural,Male,36.15,0.24,11.85,0.59,0.38,17.29,9.26,10.99,0.21,0.47,0.57,0.59,1.54,0.93,1.88,3.07,0.81,0.02,2.69,0.48,0
India,Haryana,"PLFS Year (Jul - Jun), 2017",Rural,Female,66.09,0,9.54,0,0.04,3.05,2.21,0.29,0,0.9,0,0,0,0.16,0.65,11.55,3.23,0,2.14,0.13,0
India,Haryana,"PLFS Year (Jul - Jun), 2017",Rural,Persons,40.75,0.2,11.5,0.5,0.33,15.1,8.17,9.34,0.18,0.54,0.48,0.5,1.3,0.81,1.69,4.37,1.19,0.02,2.61,0.43,0
India,Haryana,"PLFS Year (Jul - Jun), 2017",Urban,Male,2.6,0.13,34.31,1.26,0.99,9.97,19.56,6.73,2.41,3.37,3.5,0.93,2.29,2.44,2.46,2.42,1.48,0.19,2.53,0.45,0
India,Haryana,"PLFS Year (Jul - Jun), 2017",Urban,Female,8.8,0,31.1,0.34,0.12,3.11,7.26,0,1.31,1.82,1.48,0.18,5.28,0.53,1.03,20.39,6.12,0,5.61,5.52,0
India,Haryana,"PLFS Year (Jul - Jun), 2017",Urban,Persons,3.45,0.11,33.87,1.13,0.87,9.03,17.88,5.81,2.26,3.16,3.22,0.83,2.69,2.18,2.26,4.88,2.11,0.16,2.95,1.14,0
India,Haryana,"PLFS Year (Jul - Jun), 2017",Rural + Urban,Male,23.99,0.2,19.99,0.83,0.6,14.64,12.99,9.44,1.01,1.52,1.63,0.71,1.81,1.48,2.09,2.83,1.06,0.08,2.63,0.47,0
India,Haryana,"PLFS Year (Jul - Jun), 2017",Rural + Urban,Female,47.12,0,16.68,0.11,0.07,3.07,3.88,0.2,0.43,1.21,0.49,0.06,1.75,0.28,0.78,14.48,4.19,0,3.29,1.91,0
India,Haryana,"PLFS Year (Jul - Jun), 2017",Rural + Urban,Persons,27.41,0.17,19.5,0.72,0.52,12.93,11.65,8.08,0.92,1.47,1.46,0.62,1.8,1.3,1.9,4.55,1.52,0.07,2.73,0.68,0
India,Himachal Pradesh,"PLFS Year (Jul - Jun), 2017",Rural,Male,39.68,0.04,6.72,1.32,0.66,23.37,6.16,7.56,1.72,0.2,0.49,0,0.67,1.85,2.98,3.85,0.5,0.1,2,0.11,0.01
India,Himachal Pradesh,"PLFS Year (Jul - Jun), 2017",Rural,Female,86.27,0,1.59,0,0.16,3.47,0.74,0,0.71,0,0.09,0,0.01,0.3,0.43,4.93,0.82,0,0.41,0.06,0
India,Himachal Pradesh,"PLFS Year (Jul - Jun), 2017",Rural,Persons,59.86,0.02,4.5,0.75,0.44,14.75,3.81,4.29,1.29,0.11,0.32,0,0.38,1.18,1.87,4.32,0.64,0.06,1.31,0.09,0
India,Himachal Pradesh,"PLFS Year (Jul - Jun), 2017",Urban,Male,4.77,0,26.48,0.15,0.73,17.31,13.9,3.96,6.07,0.69,2.13,0.21,1.45,6.95,6.4,4.35,1.8,1.06,1.13,0.45,0
India,Himachal Pradesh,"PLFS Year (Jul - Jun), 2017",Urban,Female,27.26,0,16.8,0,1.04,3.07,6.3,0,3.27,0.34,2.51,0.3,0.89,0.64,1.15,20.52,7.2,0,5.02,3.67,0
India,Himachal Pradesh,"PLFS Year (Jul - Jun), 2017",Urban,Persons,9.17,0,24.59,0.12,0.79,14.53,12.41,3.19,5.52,0.62,2.21,0.23,1.34,5.72,5.38,7.51,2.85,0.86,1.89,1.08,0
India,Himachal Pradesh,"PLFS Year (Jul - Jun), 2017",Rural + Urban,Male,35.68,0.04,8.99,1.19,0.67,22.68,7.05,7.15,2.22,0.25,0.68,0.02,0.76,2.44,3.37,3.9,0.65,0.21,1.9,0.15,0
India,Himachal Pradesh,"PLFS Year (Jul - Jun), 2017",Rural + Urban,Female,83.94,0,2.19,0,0.19,3.46,0.96,0,0.81,0.01,0.19,0.01,0.05,0.31,0.45,5.55,1.08,0,0.59,0.2,0
India,Himachal Pradesh,"PLFS Year (Jul - Jun), 2017",Rural + Urban,Persons,55.61,0.02,6.18,0.7,0.47,14.74,4.53,4.2,1.64,0.15,0.48,0.02,0.46,1.56,2.17,4.58,0.82,0.12,1.36,0.17,0
India,Jammu and Kashmir,"PLFS Year (Jul - Jun), 2017",Rural,Male,33.32,0.19,6.72,0.49,1.65,24.42,10.4,6.31,0.86,0.25,0.34,0.06,0.85,0.61,6.64,4.71,0.89,0.12,0.94,0.23,0
India,Jammu and Kashmir,"PLFS Year (Jul - Jun), 2017",Rural,Female,85.72,0,4.05,0,0,0.01,0.32,0,0.37,0,0,0,0,0.18,1.9,4.36,2.61,0.05,0.44,0,0
India,Jammu and Kashmir,"PLFS Year (Jul - Jun), 2017",Rural,Persons,47.72,0.14,5.99,0.35,1.2,17.71,7.63,4.58,0.73,0.18,0.24,0.04,0.61,0.49,5.34,4.61,1.36,0.1,0.81,0.17,0
India,Jammu and Kashmir,"PLFS Year (Jul - Jun), 2017",Urban,Male,7.45,0.22,12.08,0.92,1.97,13.8,21.56,11.15,2.87,1.24,2.66,0.19,0.9,1.86,11,3.83,3.01,1.18,1.87,0.25,0
India,Jammu and Kashmir,"PLFS Year (Jul - Jun), 2017",Urban,Female,22.38,0,19.51,0.4,0.32,2.18,2.2,0.49,0.82,1.16,3.63,0.08,0.87,1.03,7.41,26.86,5.72,0,3.85,1.08,0
India,Jammu and Kashmir,"PLFS Year (Jul - Jun), 2017",Urban,Persons,10.43,0.18,13.56,0.82,1.64,11.48,17.69,9.02,2.46,1.22,2.85,0.17,0.89,1.69,10.28,8.43,3.55,0.95,2.27,0.42,0
India,Jammu and Kashmir,"PLFS Year (Jul - Jun), 2017",Rural + Urban,Male,28.08,0.2,7.81,0.58,1.72,22.26,12.67,7.29,1.27,0.45,0.81,0.09,0.86,0.86,7.52,4.53,1.32,0.33,1.13,0.23,0
India,Jammu and Kashmir,"PLFS Year (Jul - Jun), 2017",Rural + Urban,Female,76.65,0,6.26,0.06,0.05,0.32,0.58,0.07,0.43,0.17,0.52,0.01,0.13,0.3,2.69,7.59,3.06,0.04,0.93,0.16,0
India,Jammu and Kashmir,"PLFS Year (Jul - Jun), 2017",Rural + Urban,Persons,40.74,0.15,7.41,0.44,1.28,16.54,9.51,5.41,1.05,0.38,0.73,0.07,0.67,0.71,6.26,5.33,1.77,0.26,1.08,0.21,0
India,Jharkhand,"PLFS Year (Jul - Jun), 2017",Rural,Male,51.2,1.23,5.46,0.18,0.06,21.8,6.92,4.56,1.55,0.06,0.4,0.15,0.15,0.82,0.82,2.8,0.43,0.02,1.38,0.02,0
India,Jharkhand,"PLFS Year (Jul - Jun), 2017",Rural,Female,75.55,0.26,8.71,0,0,6.33,1.77,0,0.2,0,0,0,0.05,0,1.78,2.82,1.4,0,0.96,0.17,0
India,Jharkhand,"PLFS Year (Jul - Jun), 2017",Rural,Persons,55.43,1.06,6.02,0.15,0.05,19.11,6.03,3.76,1.31,0.05,0.33,0.12,0.13,0.68,0.98,2.8,0.6,0.02,1.31,0.04,0
India,Jharkhand,"PLFS Year (Jul - Jun), 2017",Urban,Male,6.34,3.93,22.33,0.61,0.96,15.09,19.71,7.47,3.24,0.47,1.58,0.67,2.25,2.74,3.84,4.16,1.57,0.16,2.33,0.55,0
India,Jharkhand,"PLFS Year (Jul - Jun), 2017",Urban,Female,5.3,1.26,15.85,0.21,1.75,19.32,3.24,0.61,1.75,1.8,1.63,0,0.22,0.41,3.74,21.43,3.04,0,7.47,10.97,0
India,Jharkhand,"PLFS Year (Jul - Jun), 2017",Urban,Persons,6.16,3.45,21.17,0.54,1.1,15.84,16.77,6.25,2.97,0.71,1.59,0.55,1.89,2.33,3.82,7.24,1.84,0.13,3.24,2.41,0
India,Jharkhand,"PLFS Year (Jul - Jun), 2017",Rural + Urban,Male,43.33,1.7,8.42,0.26,0.22,20.62,9.17,5.07,1.84,0.13,0.61,0.24,0.52,1.16,1.35,3.04,0.63,0.05,1.54,0.11,0
India,Jharkhand,"PLFS Year (Jul - Jun), 2017",Rural + Urban,Female,62.91,0.44,10,0.04,0.31,8.67,2.03,0.11,0.48,0.32,0.29,0,0.08,0.07,2.13,6.17,1.7,0,2.13,2.11,0
India,Jharkhand,"PLFS Year (Jul - Jun), 2017",Rural + Urban,Persons,46.75,1.48,8.69,0.22,0.23,18.54,7.92,4.2,1.61,0.17,0.55,0.2,0.44,0.97,1.48,3.58,0.81,0.04,1.65,0.46,0
India,Karnataka,"PLFS Year (Jul - Jun), 2017",Rural,Male,63.78,0.4,7.3,0.21,0.16,7.25,5.53,6.42,2.39,0.45,0.87,0.03,0.27,0.44,1.08,1.4,0.35,0.12,1.49,0.07,0
India,Karnataka,"PLFS Year (Jul - Jun), 2017",Rural,Female,76.57,0.23,8.42,0,0,1.11,2.84,0.51,1.59,0.32,0.15,0.1,0.12,0.27,0.66,6.14,0.8,0.1,0.1,0,0
India,Karnataka,"PLFS Year (Jul - Jun), 2017",Rural,Persons,67.17,0.35,7.6,0.16,0.12,5.62,4.82,4.85,2.18,0.41,0.68,0.05,0.23,0.4,0.97,2.66,0.47,0.12,1.12,0.05,0
India,Karnataka,"PLFS Year (Jul - Jun), 2017",Urban,Male,6.94,0.33,18.19,0.54,0.55,14.73,17.53,11.31,4.5,5.54,2.28,1.37,1.99,2.44,3.47,3.48,2.02,0.27,2.18,0.33,0
India,Karnataka,"PLFS Year (Jul - Jun), 2017",Urban,Female,11.06,0,28.1,0.36,0,3.14,11.62,0.37,3.29,4.83,2.09,0.4,1.06,1.14,2.18,14.06,5.3,0.29,3.78,6.92,0
India,Karnataka,"PLFS Year (Jul - Jun), 2017",Urban,Persons,7.92,0.25,20.56,0.5,0.42,11.96,16.12,8.7,4.21,5.37,2.23,1.14,1.77,2.13,3.17,6.01,2.8,0.28,2.56,1.9,0
India,Karnataka,"PLFS Year (Jul - Jun), 2017",Rural + Urban,Male,42.73,0.37,11.33,0.34,0.3,10.02,9.97,8.23,3.17,2.33,1.39,0.53,0.91,1.18,1.97,2.17,0.97,0.18,1.74,0.17,0
India,Karnataka,"PLFS Year (Jul - Jun), 2017",Rural + Urban,Female,54.42,0.15,15.07,0.12,0,1.79,5.81,0.46,2.17,1.84,0.8,0.2,0.44,0.56,1.17,8.82,2.32,0.16,1.34,2.34,0
India,Karnataka,"PLFS Year (Jul - Jun), 2017",Rural + Urban,Persons,45.72,0.31,12.29,0.28,0.23,7.92,8.91,6.24,2.91,2.21,1.24,0.44,0.79,1.02,1.76,3.87,1.31,0.17,1.64,0.72,0
India,Kerala,"PLFS Year (Jul - Jun), 2017",Rural,Male,26.86,0.5,9.18,0.46,0.15,22.17,13.25,11.85,3.35,0.81,1.66,0.19,0.81,1.43,1.72,1.7,0.61,0.55,2.51,0.28,0
India,Kerala,"PLFS Year (Jul - Jun), 2017",Rural,Female,26.09,0,13.08,0.1,0,12.96,9.6,0.94,1.28,1.39,3.43,0.17,0.62,0.95,2.5,12.44,8.93,0.17,2.58,2.77,0
India,Kerala,"PLFS Year (Jul - Jun), 2017",Rural,Persons,26.65,0.36,10.23,0.36,0.11,19.68,12.26,8.9,2.79,0.97,2.13,0.18,0.76,1.3,1.93,4.6,2.85,0.44,2.53,0.95,0
India,Kerala,"PLFS Year (Jul - Jun), 2017",Urban,Male,11.37,0.16,12.05,0.52,0.36,21.63,19.35,12.45,2.88,2.32,2.28,0.36,1.79,2.01,2.21,2.02,1.86,0.95,3.03,0.39,0
India,Kerala,"PLFS Year (Jul - Jun), 2017",Urban,Female,9.64,0,14.61,0.22,0.6,9.35,7.99,1.73,2.13,1.63,9.03,0,2.77,2.68,2.73,14.82,10.85,0.4,2.59,6.22,0
India,Kerala,"PLFS Year (Jul - Jun), 2017",Urban,Persons,10.91,0.12,12.73,0.44,0.43,18.36,16.33,9.6,2.68,2.14,4.08,0.26,2.05,2.19,2.35,5.43,4.25,0.81,2.92,1.94,0
India,Kerala,"PLFS Year (Jul - Jun), 2017",Rural + Urban,Male,20.14,0.35,10.42,0.49,0.24,21.93,15.89,12.11,3.15,1.46,1.93,0.26,1.24,1.68,1.93,1.84,1.15,0.72,2.74,0.33,0
India,Kerala,"PLFS Year (Jul - Jun), 2017",Rural + Urban,Female,19.04,0,13.73,0.15,0.26,11.42,8.91,1.28,1.64,1.5,5.83,0.1,1.55,1.7,2.6,13.46,9.75,0.27,2.58,4.25,0
India,Kerala,"PLFS Year (Jul - Jun), 2017",Rural + Urban,Persons,19.85,0.26,11.31,0.4,0.25,19.11,14.02,9.21,2.74,1.47,2.97,0.22,1.32,1.68,2.11,4.96,3.46,0.6,2.7,1.38,0
India,Ladakh,"PLFS Year (Jul - Jun), 2017",Rural,Male,33.32,0.19,6.72,0.49,1.65,24.42,10.4,6.31,0.86,0.25,0.34,0.06,0.85,0.61,6.64,4.71,0.89,0.12,0.94,0.23,0
India,Ladakh,"PLFS Year (Jul - Jun), 2017",Rural,Female,85.72,0,4.05,0,0,0.01,0.32,0,0.37,0,0,0,0,0.18,1.9,4.36,2.61,0.05,0.44,0,0
India,Ladakh,"PLFS Year (Jul - Jun), 2017",Rural,Persons,47.72,0.14,5.99,0.35,1.2,17.71,7.63,4.58,0.73,0.18,0.24,0.04,0.61,0.49,5.34,4.61,1.36,0.1,0.81,0.17,0
India,Ladakh,"PLFS Year (Jul - Jun), 2017",Urban,Male,7.45,0.22,12.08,0.92,1.97,13.8,21.56,11.15,2.87,1.24,2.66,0.19,0.9,1.86,11,3.83,3.01,1.18,1.87,0.25,0
India,Ladakh,"PLFS Year (Jul - Jun), 2017",Urban,Female,22.38,0,19.51,0.4,0.32,2.18,2.2,0.49,0.82,1.16,3.63,0.08,0.87,1.03,7.41,26.86,5.72,0,3.85,1.08,0
India,Ladakh,"PLFS Year (Jul - Jun), 2017",Urban,Persons,10.43,0.18,13.56,0.82,1.64,11.48,17.69,9.02,2.46,1.22,2.85,0.17,0.89,1.69,10.28,8.43,3.55,0.95,2.27,0.42,0
India,Ladakh,"PLFS Year (Jul - Jun), 2017",Rural + Urban,Male,28.08,0.2,7.81,0.58,1.72,22.26,12.67,7.29,1.27,0.45,0.81,0.09,0.86,0.86,7.52,4.53,1.32,0.33,1.13,0.23,0
India,Ladakh,"PLFS Year (Jul - Jun), 2017",Rural + Urban,Female,76.65,0,6.26,0.06,0.05,0.32,0.58,0.07,0.43,0.17,0.52,0.01,0.13,0.3,2.69,7.59,3.06,0.04,0.93,0.16,0
India,Ladakh,"PLFS Year (Jul - Jun), 2017",Rural + Urban,Persons,40.74,0.15,7.41,0.44,1.28,16.54,9.51,5.41,1.05,0.38,0.73,0.07,0.67,0.71,6.26,5.33,1.77,0.26,1.08,0.21,0
India,Lakshadweep,"PLFS Year (Jul - Jun), 2017",Rural,Male,27.34,0,1.82,1.96,0,10.33,9.19,8.94,16.08,0,0,0,9,0,10.13,2.43,0.49,0,2.29,0,0
India,Lakshadweep,"PLFS Year (Jul - Jun), 2017",Rural,Female,0,0,8.61,0,0,0,0,0,0,0,0,0,0,0,17.49,73.89,0,0,0,0,0
India,Lakshadweep,"PLFS Year (Jul - Jun), 2017",Rural,Persons,24.12,0,2.62,1.73,0,9.12,8.11,7.89,14.19,0,0,0,7.94,0,10.99,10.84,0.43,0,2.02,0,0
India,Lakshadweep,"PLFS Year (Jul - Jun), 2017",Urban,Male,28.86,0,0.68,1.53,0,17.89,2.31,11.18,2.21,6.09,1.69,0,0.91,3.8,7.66,9.25,1.7,1.1,3.12,0,0
India,Lakshadweep,"PLFS Year (Jul - Jun), 2017",Urban,Female,14.88,0,0,0,0,5.01,4.67,0,0,0,0,0,0,0,9.32,26.97,33.59,5.57,0,0,0
India,Lakshadweep,"PLFS Year (Jul - Jun), 2017",Urban,Persons,26.58,0,0.57,1.28,0,15.79,2.69,9.36,1.85,5.1,1.42,0,0.76,3.18,7.93,12.14,6.9,1.82,2.62,0,0
India,Lakshadweep,"PLFS Year (Jul - Jun), 2017",Rural + Urban,Male,28.28,0,1.12,1.69,0,15.01,4.93,10.33,7.5,3.77,1.05,0,3.99,2.35,8.6,6.65,1.24,0.68,2.81,0,0
India,Lakshadweep,"PLFS Year (Jul - Jun), 2017",Rural + Urban,Female,10.46,0,2.56,0,0,3.52,3.28,0,0,0,0,0,0,0,11.75,40.89,23.62,3.91,0,0,0
India,Lakshadweep,"PLFS Year (Jul - Jun), 2017",Rural + Urban,Persons,25.67,0,1.33,1.45,0,13.33,4.69,8.82,6.4,3.22,0.9,0,3.41,2.01,9.06,11.66,4.52,1.15,2.4,0,0
India,Madhya Pradesh,"PLFS Year (Jul - Jun), 2017",Rural,Male,70.24,0.53,2.98,0.28,0.08,13.33,4.23,2.16,0.24,0.08,0.6,0.02,0.05,0.33,1.11,2.02,0.35,0.02,1.03,0.32,0
India,Madhya Pradesh,"PLFS Year (Jul - Jun), 2017",Rural,Female,84.12,0.07,3.15,0,0,6.27,1.82,0,0.33,0,0,0,0,0.02,0.02,3.69,0.34,0,0.08,0.1,0
India,Madhya Pradesh,"PLFS Year (Jul - Jun), 2017",Rural,Persons,74.3,0.39,3.03,0.2,0.06,11.26,3.52,1.53,0.27,0.06,0.42,0.02,0.03,0.24,0.79,2.5,0.35,0.01,0.76,0.26,0
India,Madhya Pradesh,"PLFS Year (Jul - Jun), 2017",Urban,Male,9,1.14,14.59,1.2,0.62,13.7,22.64,7.88,3.72,1.34,2.85,0.4,2.56,2.69,4.26,4.64,2.23,0.49,3.37,0.65,0
India,Madhya Pradesh,"PLFS Year (Jul - Jun), 2017",Urban,Female,10.66,0.29,28.91,0.35,0.96,6.27,9.54,0.28,1.31,0.97,1.33,0,0.26,1.67,3.51,17.83,4.08,0,3.37,8.41,0
India,Madhya Pradesh,"PLFS Year (Jul - Jun), 2017",Urban,Persons,9.35,0.96,17.58,1.02,0.69,12.15,19.9,6.29,3.22,1.26,2.53,0.32,2.08,2.48,4.1,7.39,2.62,0.39,3.37,2.27,0
India,Madhya Pradesh,"PLFS Year (Jul - Jun), 2017",Rural + Urban,Male,56.14,0.67,5.65,0.49,0.2,13.41,8.47,3.48,1.04,0.37,1.12,0.11,0.63,0.88,1.84,2.62,0.79,0.13,1.57,0.4,0
India,Madhya Pradesh,"PLFS Year (Jul - Jun), 2017",Rural + Urban,Female,72.32,0.11,7.29,0.06,0.15,6.27,3.06,0.05,0.49,0.15,0.21,0,0.04,0.28,0.58,5.96,0.94,0,0.61,1.44,0
India,Madhya Pradesh,"PLFS Year (Jul - Jun), 2017",Rural + Urban,Persons,60.59,0.51,6.1,0.37,0.19,11.45,6.98,2.53,0.89,0.31,0.87,0.08,0.47,0.71,1.49,3.54,0.83,0.09,1.31,0.68,0
India,Maharashtra,"PLFS Year (Jul - Jun), 2017",Rural,Male,67.62,0.05,6.61,0.28,0.02,6.39,5.72,4.36,1.05,0.13,0.47,0.01,0.37,0.68,1.44,2.12,0.27,0.2,1.62,0.53,0.05
India,Maharashtra,"PLFS Year (Jul - Jun), 2017",Rural,Female,88.46,0,2.93,0,0,0.7,1.9,0.34,0.15,0.09,0.11,0,0,0.03,0.48,3.26,0.57,0.03,0.19,0.77,0
India,Maharashtra,"PLFS Year (Jul - Jun), 2017",Rural,Persons,74.5,0.03,5.4,0.19,0.01,4.51,4.46,3.03,0.75,0.12,0.35,0.01,0.25,0.47,1.12,2.5,0.37,0.14,1.15,0.61,0.04
India,Maharashtra,"PLFS Year (Jul - Jun), 2017",Urban,Male,3.65,0.34,23.03,0.48,0.41,9.1,18.69,10.63,3.52,4.15,3.88,0.44,3.5,3.53,3.84,3.88,1.84,0.91,3.51,0.65,0.02
India,Maharashtra,"PLFS Year (Jul - Jun), 2017",Urban,Female,7.66,0.17,18.32,0.05,0.28,2.77,12.09,0.97,2.07,4.21,5.12,0.12,3.35,1.56,2.34,13.74,6.95,0.64,5.85,11.72,0
India,Maharashtra,"PLFS Year (Jul - Jun), 2017",Urban,Persons,4.5,0.3,22.03,0.39,0.38,7.75,17.29,8.58,3.22,4.17,4.14,0.37,3.47,3.11,3.52,5.98,2.92,0.85,4.01,3,0.02
India,Maharashtra,"PLFS Year (Jul - Jun), 2017",Rural + Urban,Male,40.72,0.17,13.51,0.36,0.19,7.53,11.17,7,2.09,1.82,1.9,0.19,1.69,1.88,2.45,2.86,0.93,0.5,2.42,0.58,0.04
India,Maharashtra,"PLFS Year (Jul - Jun), 2017",Rural + Urban,Female,65.5,0.05,7.3,0.01,0.08,1.29,4.79,0.52,0.69,1.26,1.54,0.03,0.95,0.47,1.01,6.24,2.39,0.2,1.8,3.88,0
India,Maharashtra,"PLFS Year (Jul - Jun), 2017",Rural + Urban,Persons,47.79,0.13,11.74,0.26,0.16,5.75,9.35,5.15,1.69,1.66,1.8,0.15,1.48,1.48,2.04,3.83,1.35,0.41,2.24,1.52,0.03
India,Manipur,"PLFS Year (Jul - Jun), 2017",Rural,Male,49.88,0.15,6.57,0,0.03,7.55,8.46,7.14,0.43,0.17,0.43,0.01,0.83,3.56,6.19,6.19,0.63,0.01,1.41,0.37,0
India,Manipur,"PLFS Year (Jul - Jun), 2017",Rural,Female,26.07,0.28,29.07,0,0,1.7,15.32,0.1,3.51,0.8,0,0,0.05,2.35,0.64,14.53,5.54,0,0.05,0,0
India,Manipur,"PLFS Year (Jul - Jun), 2017",Rural,Persons,44.98,0.18,11.2,0,0.03,6.34,9.87,5.69,1.07,0.3,0.34,0.01,0.67,3.31,5.05,7.91,1.64,0.01,1.13,0.29,0
India,Manipur,"PLFS Year (Jul - Jun), 2017",Urban,Male,18.86,0.13,8.34,0.13,0.32,12.13,15.72,6.1,0.56,1.01,1.21,0,1.74,10.07,9.43,6.73,2.84,0.45,3.43,0.8,0
India,Manipur,"PLFS Year (Jul - Jun), 2017",Urban,Female,6.25,0,29.53,0,0,0.61,18.18,0.36,2.14,0,0,0,1.01,9.64,2.44,16.6,9.29,0.27,2.1,1.58,0
India,Manipur,"PLFS Year (Jul - Jun), 2017",Urban,Persons,15.38,0.1,14.18,0.1,0.23,8.96,16.4,4.51,0.99,0.73,0.87,0,1.54,9.95,7.51,9.45,4.62,0.4,3.06,1.01,0
India,Manipur,"PLFS Year (Jul - Jun), 2017",Rural + Urban,Male,41.48,0.14,7.05,0.04,0.11,8.79,10.42,6.86,0.47,0.4,0.64,0.01,1.07,5.32,7.07,6.34,1.23,0.13,1.96,0.48,0
India,Manipur,"PLFS Year (Jul - Jun), 2017",Rural + Urban,Female,19.08,0.18,29.23,0,0,1.31,16.33,0.19,3.03,0.52,0,0,0.39,4.92,1.28,15.26,6.86,0.09,0.77,0.56,0
India,Manipur,"PLFS Year (Jul - Jun), 2017",Rural + Urban,Persons,36.41,0.15,12.06,0.03,0.09,7.1,11.76,5.35,1.05,0.43,0.49,0,0.92,5.23,5.76,8.36,2.5,0.12,1.69,0.5,0
India,Meghalaya,"PLFS Year (Jul - Jun), 2017",Rural,Male,58.85,1.11,2.34,0,0,13.7,6.3,5.91,1.28,0.07,0,0,0,0.28,2.27,6.27,0.14,0.56,0.73,0.18,0
India,Meghalaya,"PLFS Year (Jul - Jun), 2017",Rural,Female,73.15,0.4,0.56,0,0,5.04,4.85,0,2.37,0,0,0,0,0.81,0.45,3.95,4.71,0,0.97,2.73,0
India,Meghalaya,"PLFS Year (Jul - Jun), 2017",Rural,Persons,65.11,0.8,1.56,0,0,9.91,5.67,3.32,1.76,0.04,0,0,0,0.51,1.48,5.26,2.14,0.32,0.83,1.3,0
India,Meghalaya,"PLFS Year (Jul - Jun), 2017",Urban,Male,4.55,0,2.85,1.46,0,23.09,18.05,9.96,3.82,1.24,1.11,0.24,1.46,3.31,15.09,6.01,3.09,0.96,2.89,0.83,0
India,Meghalaya,"PLFS Year (Jul - Jun), 2017",Urban,Female,9.07,0.43,3.13,0,0,0.5,12.66,0,4.61,2.04,2.03,0,1.03,5.44,12.75,20.95,11.45,0,1.69,12.22,0
India,Meghalaya,"PLFS Year (Jul - Jun), 2017",Urban,Persons,6.01,0.14,2.94,0.99,0,15.79,16.31,6.74,4.08,1.5,1.41,0.16,1.32,4,14.33,10.83,5.79,0.65,2.5,4.51,0
India,Meghalaya,"PLFS Year (Jul - Jun), 2017",Rural + Urban,Male,49.37,0.91,2.43,0.25,0,15.34,8.35,6.62,1.73,0.27,0.19,0.04,0.25,0.81,4.51,6.23,0.65,0.63,1.11,0.3,0
India,Meghalaya,"PLFS Year (Jul - Jun), 2017",Rural + Urban,Female,65.79,0.4,0.86,0,0,4.52,5.75,0,2.63,0.23,0.23,0,0.12,1.34,1.86,5.9,5.48,0,1.05,3.82,0
India,Meghalaya,"PLFS Year (Jul - Jun), 2017",Rural + Urban,Persons,56.27,0.7,1.77,0.15,0,10.79,7.26,3.83,2.11,0.26,0.21,0.02,0.2,1.03,3.4,6.09,2.68,0.37,1.08,1.78,0
India,Mizoram,"PLFS Year (Jul - Jun), 2017",Rural,Male,68.28,0.27,2.23,0,0,8.52,5.47,1.78,0,0,0,0,0,1.08,2.77,6.38,0.78,0,0.82,1.63,0
India,Mizoram,"PLFS Year (Jul - Jun), 2017",Rural,Female,65.85,0,5.04,0,0,1.12,13.92,0,1.92,0,0,0,0,0,0.27,11.33,0.55,0,0,0,0
India,Mizoram,"PLFS Year (Jul - Jun), 2017",Rural,Persons,67.67,0.2,2.93,0,0,6.67,7.58,1.33,0.48,0,0,0,0,0.81,2.14,7.62,0.72,0,0.62,1.22,0
India,Mizoram,"PLFS Year (Jul - Jun), 2017",Urban,Male,13.26,2.93,6.72,0.5,0.57,13.48,11.15,10.28,0.65,0.84,0.17,0.09,1.2,7.53,18.14,8.74,1.16,0,1.37,1.23,0
India,Mizoram,"PLFS Year (Jul - Jun), 2017",Urban,Female,13.45,0.22,3.95,0.49,0.2,0.36,29.37,0,2.17,0.17,0.3,0,0.44,11.32,11.76,15.87,7.75,0,1.65,0.52,0
India,Mizoram,"PLFS Year (Jul - Jun), 2017",Urban,Persons,13.32,2.04,5.82,0.49,0.45,9.22,17.07,6.94,1.14,0.62,0.22,0.06,0.96,8.76,16.07,11.06,3.3,0,1.46,1,0
India,Mizoram,"PLFS Year (Jul - Jun), 2017",Rural + Urban,Male,45.7,1.36,4.07,0.2,0.23,10.55,7.8,5.27,0.27,0.34,0.07,0.04,0.49,3.73,9.08,7.35,0.94,0,1.04,1.47,0
India,Mizoram,"PLFS Year (Jul - Jun), 2017",Rural + Urban,Female,39.59,0.11,4.49,0.25,0.1,0.74,21.66,0,2.04,0.09,0.15,0,0.22,5.67,6.03,13.61,4.16,0,0.83,0.26,0
India,Mizoram,"PLFS Year (Jul - Jun), 2017",Rural + Urban,Persons,43.97,1.01,4.19,0.22,0.2,7.78,11.72,3.78,0.77,0.27,0.09,0.03,0.42,4.28,8.21,9.12,1.85,0,0.98,1.13,0
India,Nagaland,"PLFS Year (Jul - Jun), 2017",Rural,Male,49.68,0,6.37,0.39,2.8,0.05,6.6,4.83,0,0.09,0,0,1.47,7.47,3.16,7.76,1.47,0,7.87,0,0
India,Nagaland,"PLFS Year (Jul - Jun), 2017",Rural,Female,46.62,0,3.82,0,0,0,13.92,0,0,0,0,0,0,7.94,1.37,20.45,0.76,0,5.13,0,0
India,Nagaland,"PLFS Year (Jul - Jun), 2017",Rural,Persons,49.22,0,5.99,0.33,2.38,0.04,7.7,4.1,0,0.07,0,0,1.25,7.54,2.89,9.67,1.36,0,7.45,0,0
India,Nagaland,"PLFS Year (Jul - Jun), 2017",Urban,Male,6.23,0.27,4.81,0.23,0.95,1.04,18.22,10.63,2.19,1.22,0,0,1.61,27.27,10.36,6.09,1.43,0.62,6.52,0.32,0
India,Nagaland,"PLFS Year (Jul - Jun), 2017",Urban,Female,7.44,0,5.57,0,1.68,0,17.47,0,1.81,1.54,2.25,0,0,17.81,5.57,26.7,6.69,0,5.45,0,0
India,Nagaland,"PLFS Year (Jul - Jun), 2017",Urban,Persons,6.46,0.22,4.95,0.19,1.09,0.84,18.08,8.67,2.12,1.28,0.42,0,1.31,25.52,9.47,9.89,2.4,0.51,6.32,0.26,0
India,Nagaland,"PLFS Year (Jul - Jun), 2017",Rural + Urban,Male,37.42,0.08,5.93,0.35,2.28,0.32,9.88,6.46,0.62,0.41,0,0,1.51,13.05,5.19,7.29,1.46,0.18,7.49,0.09,0
India,Nagaland,"PLFS Year (Jul - Jun), 2017",Rural + Urban,Female,33.51,0,4.41,0,0.56,0,15.11,0,0.61,0.52,0.75,0,0,11.25,2.77,22.54,2.74,0,5.23,0,0
India,Nagaland,"PLFS Year (Jul - Jun), 2017",Rural + Urban,Persons,36.79,0.06,5.68,0.29,2.01,0.27,10.72,5.43,0.62,0.42,0.12,0,1.27,12.76,4.8,9.74,1.66,0.15,7.12,0.07,0
India,Odisha,"PLFS Year (Jul - Jun), 2017",Rural,Male,54.42,1.53,4.74,0.28,0.09,19.21,8.21,4.81,0.64,0.26,0.23,0.04,0.06,0.64,0.76,1.68,0.39,0.09,1.65,0.28,0
India,Odisha,"PLFS Year (Jul - Jun), 2017",Rural,Female,61.85,0.48,10.44,0,0,13.48,1.97,0,1.45,0,0,0,0,0.07,0.14,8.27,0.55,0,0.82,0.49,0
India,Odisha,"PLFS Year (Jul - Jun), 2017",Rural,Persons,56,1.31,5.95,0.22,0.07,17.99,6.88,3.79,0.81,0.2,0.18,0.03,0.05,0.52,0.63,3.08,0.42,0.07,1.47,0.33,0
India,Odisha,"PLFS Year (Jul - Jun), 2017",Urban,Male,5.72,0.43,15.74,1.19,1.48,13.12,21.33,10.02,3.4,1.62,2.54,0.76,3.15,2.91,4.89,4.91,1.61,0.51,4.47,0.21,0
India,Odisha,"PLFS Year (Jul - Jun), 2017",Urban,Female,5.93,0,18.07,0,0,13.14,5.43,0,3.36,0.93,2.77,0,4.89,3.53,2.65,16.97,7.57,0,7.75,7.02,0
India,Odisha,"PLFS Year (Jul - Jun), 2017",Urban,Persons,5.76,0.35,16.17,0.97,1.21,13.12,18.38,8.16,3.39,1.49,2.58,0.62,3.47,3.02,4.47,7.14,2.71,0.42,5.07,1.47,0
India,Odisha,"PLFS Year (Jul - Jun), 2017",Rural + Urban,Male,47.2,1.37,6.37,0.42,0.29,18.3,10.15,5.58,1.05,0.46,0.57,0.15,0.52,0.98,1.37,2.16,0.57,0.15,2.06,0.27,0
India,Odisha,"PLFS Year (Jul - Jun), 2017",Rural + Urban,Female,54.69,0.42,11.42,0,0,13.44,2.41,0,1.69,0.12,0.35,0,0.63,0.51,0.46,9.38,1.45,0,1.71,1.33,0
India,Odisha,"PLFS Year (Jul - Jun), 2017",Rural + Urban,Persons,48.76,1.17,7.42,0.33,0.23,17.29,8.54,4.42,1.18,0.39,0.53,0.12,0.54,0.88,1.18,3.67,0.75,0.12,1.99,0.49,0
India,Puducherry,"PLFS Year (Jul - Jun), 2017",Rural,Male,15.62,0,21.39,0,0.74,11.71,11.4,12.77,0.95,3.2,0,0,1.35,1.96,5.26,2.75,2.85,0,8.05,0,0
India,Puducherry,"PLFS Year (Jul - Jun), 2017",Rural,Female,46.86,0,19.3,0,0,0,0.81,0,0.58,0,0,0,0,0,0,19.69,0.93,0,11.84,0,0
India,Puducherry,"PLFS Year (Jul - Jun), 2017",Rural,Persons,18.83,0,21.17,0,0.67,10.51,10.32,11.46,0.91,2.87,0,0,1.22,1.76,4.72,4.49,2.66,0,8.43,0,0
India,Puducherry,"PLFS Year (Jul - Jun), 2017",Urban,Male,10.68,0,17.09,1.7,0.34,18.67,14.04,8.55,2.95,3.97,1.46,0.1,2.9,4.71,2.73,3.93,1.59,0.88,3.71,0,0
India,Puducherry,"PLFS Year (Jul - Jun), 2017",Urban,Female,0.62,0,11.29,2.05,0,3.79,21.5,0,1.52,5.9,0.77,0,0.4,1.2,1.44,25.38,15.16,0.92,4.6,3.46,0
India,Puducherry,"PLFS Year (Jul - Jun), 2017",Urban,Persons,8.48,0,15.83,1.78,0.27,15.42,15.67,6.68,2.64,4.39,1.31,0.08,2.36,3.94,2.44,8.62,4.56,0.89,3.9,0.76,0
India,Puducherry,"PLFS Year (Jul - Jun), 2017",Rural + Urban,Male,12.3,0,18.5,1.14,0.47,16.38,13.17,9.93,2.29,3.72,0.98,0.07,2.39,3.81,3.56,3.54,2,0.59,5.13,0,0
India,Puducherry,"PLFS Year (Jul - Jun), 2017",Rural + Urban,Female,8.32,0,12.63,1.71,0,3.16,18.06,0,1.36,4.91,0.64,0,0.34,1,1.2,24.44,12.79,0.77,5.8,2.88,0
India,Puducherry,"PLFS Year (Jul - Jun), 2017",Rural + Urban,Persons,11.57,0,17.42,1.25,0.39,13.95,14.07,8.11,2.12,3.94,0.92,0.06,2.02,3.29,3.12,7.39,3.99,0.62,5.26,0.53,0
India,Punjab,"PLFS Year (Jul - Jun), 2017",Rural,Male,40.7,0.21,10.61,0.36,0.07,18.9,11.4,4.88,0.58,0.25,1.28,0,0.38,1.39,2.9,2.73,0.72,0.35,2,0.31,0
India,Punjab,"PLFS Year (Jul - Jun), 2017",Rural,Female,40.57,0,17.38,0,0,5.71,3.5,0.34,0.35,0.38,0.69,0.32,0,0,0.68,18.43,2.12,0,4.57,4.96,0
India,Punjab,"PLFS Year (Jul - Jun), 2017",Rural,Persons,40.68,0.18,11.61,0.3,0.06,16.97,10.24,4.21,0.54,0.27,1.19,0.05,0.33,1.18,2.57,5.03,0.92,0.3,2.37,0.99,0
India,Punjab,"PLFS Year (Jul - Jun), 2017",Urban,Male,3.9,0.03,31.53,0.73,0.49,9.23,25.04,6.2,3.44,1.48,2.15,0.44,1.57,1.04,3.11,3.02,1.12,1.65,3.53,0.3,0
India,Punjab,"PLFS Year (Jul - Jun), 2017",Urban,Female,5.44,0,20.68,1.2,1.06,0.88,10.05,0.44,1.41,1.76,2.78,0,0.61,0.36,3.12,28.17,5.29,0,4.31,12.43,0
India,Punjab,"PLFS Year (Jul - Jun), 2017",Urban,Persons,4.15,0.02,29.76,0.81,0.59,7.86,22.59,5.26,3.11,1.52,2.26,0.37,1.41,0.93,3.11,7.13,1.81,1.38,3.66,2.28,0
India,Punjab,"PLFS Year (Jul - Jun), 2017",Rural + Urban,Male,26.13,0.14,18.9,0.5,0.23,15.07,16.8,5.4,1.71,0.74,1.62,0.18,0.85,1.25,2.98,2.84,0.88,0.87,2.61,0.3,0
India,Punjab,"PLFS Year (Jul - Jun), 2017",Rural + Urban,Female,25.55,0,18.79,0.51,0.45,3.64,6.3,0.39,0.8,0.97,1.58,0.18,0.26,0.15,1.72,22.6,3.47,0,4.46,8.16,0
India,Punjab,"PLFS Year (Jul - Jun), 2017",Rural + Urban,Persons,26.04,0.12,18.88,0.51,0.27,13.32,15.19,4.63,1.57,0.77,1.62,0.18,0.76,1.08,2.79,5.87,1.28,0.73,2.89,1.51,0
India,Rajasthan,"PLFS Year (Jul - Jun), 2017",Rural,Male,51.68,2.68,6.28,0.63,0.35,17.6,6.19,4.19,1.13,0.19,0.52,0.07,0.11,0.97,1.75,3.01,0.13,0.29,2.12,0.1,0
India,Rajasthan,"PLFS Year (Jul - Jun), 2017",Rural,Female,82.74,0.29,4.15,0.04,0.02,7.18,1.33,0,0.07,0.15,0,0,0.11,0.52,0.72,1.68,0.77,0.22,0.01,0.01,0
India,Rajasthan,"PLFS Year (Jul - Jun), 2017",Rural,Persons,60.9,1.97,5.65,0.46,0.25,14.51,4.75,2.95,0.82,0.17,0.37,0.05,0.11,0.83,1.44,2.62,0.32,0.27,1.5,0.08,0
India,Rajasthan,"PLFS Year (Jul - Jun), 2017",Urban,Male,3.76,0.89,22.43,0.81,0.76,14.9,24.42,6.41,2.91,0.85,2.2,1.66,2.76,1.88,2.66,4.54,1.74,0.48,3.15,0.77,0
India,Rajasthan,"PLFS Year (Jul - Jun), 2017",Urban,Female,21.93,0.02,19.9,0,2.91,7.27,6.62,0,0.17,0,0.88,0,1.35,1.83,4.54,16.9,5.19,0,3.82,6.69,0
India,Rajasthan,"PLFS Year (Jul - Jun), 2017",Urban,Persons,6.51,0.76,22.05,0.69,1.09,13.75,21.73,5.44,2.5,0.72,2,1.41,2.54,1.88,2.95,6.41,2.26,0.41,3.25,1.67,0
India,Rajasthan,"PLFS Year (Jul - Jun), 2017",Rural + Urban,Male,40.14,2.25,10.17,0.68,0.45,16.95,10.58,4.73,1.56,0.35,0.93,0.45,0.75,1.19,1.97,3.38,0.52,0.34,2.37,0.27,0
India,Rajasthan,"PLFS Year (Jul - Jun), 2017",Rural + Urban,Female,75.55,0.26,6.01,0.03,0.36,7.19,1.96,0,0.08,0.13,0.1,0,0.26,0.68,1.17,3.48,1.29,0.2,0.46,0.8,0
India,Rajasthan,"PLFS Year (Jul - Jun), 2017",Rural + Urban,Persons,49.57,1.72,9.06,0.51,0.42,14.35,8.28,3.47,1.17,0.29,0.71,0.33,0.62,1.05,1.75,3.41,0.73,0.3,1.86,0.41,0
India,Sikkim,"PLFS Year (Jul - Jun), 2017",Rural,Male,53.14,0.24,4.99,1.31,1.1,7.97,5.64,6.18,1.3,0,0.41,0.43,1.04,0.64,7.98,4.96,0.93,0.26,1.49,0,0
India,Sikkim,"PLFS Year (Jul - Jun), 2017",Rural,Female,60.62,0.42,0.85,1.27,0,1.72,7.77,0,3.3,0,0.29,0.21,0.53,0.29,3.31,7.7,11.09,0.48,0.14,0,0
India,Sikkim,"PLFS Year (Jul - Jun), 2017",Rural,Persons,55.84,0.3,3.49,1.29,0.7,5.71,6.41,3.95,2.03,0,0.37,0.35,0.85,0.51,6.3,5.95,4.6,0.34,1,0,0
India,Sikkim,"PLFS Year (Jul - Jun), 2017",Urban,Male,0.56,0,16.16,0.6,0.11,13.09,22.98,9.38,12.09,1.23,2.27,0.39,0.25,2.13,7.66,6.25,0.98,1.29,2.59,0,0
India,Sikkim,"PLFS Year (Jul - Jun), 2017",Urban,Female,0,0,18.07,0,0,0,22.54,0.35,19.3,0,1.33,0,2.57,1.98,10.49,11.65,3.02,3.98,4.71,0,0
India,Sikkim,"PLFS Year (Jul - Jun), 2017",Urban,Persons,0.42,0,16.66,0.44,0.08,9.71,22.86,7.05,13.95,0.91,2.03,0.29,0.85,2.1,8.39,7.65,1.51,1.98,3.13,0,0
India,Sikkim,"PLFS Year (Jul - Jun), 2017",Rural + Urban,Male,37.95,0.17,8.22,1.1,0.81,9.45,10.65,7.1,4.42,0.35,0.95,0.42,0.81,1.07,7.89,5.34,0.94,0.56,1.8,0,0
India,Sikkim,"PLFS Year (Jul - Jun), 2017",Rural + Urban,Female,48.5,0.33,4.3,1.01,0,1.38,10.72,0.07,6.5,0,0.5,0.17,0.94,0.63,4.74,8.49,9.48,1.18,1.06,0,0
India,Sikkim,"PLFS Year (Jul - Jun), 2017",Rural + Urban,Persons,41.48,0.22,6.91,1.07,0.54,6.75,10.68,4.75,5.12,0.24,0.8,0.33,0.85,0.92,6.84,6.39,3.8,0.77,1.55,0,0
India,Tamil Nadu,"PLFS Year (Jul - Jun), 2017",Rural,Male,37.95,0.35,15.03,0.67,0.61,16.93,8.55,8.14,2.56,0.79,0.95,0.18,0.43,0.95,1.67,1.79,0.19,0.43,1.72,0.11,0
India,Tamil Nadu,"PLFS Year (Jul - Jun), 2017",Rural,Female,50.96,0.21,12.99,0,0.04,19.65,5.36,0.11,1.36,0.22,0.65,0.05,0.1,0.43,0.49,4.59,1.69,0.1,0.21,0.81,0
India,Tamil Nadu,"PLFS Year (Jul - Jun), 2017",Rural,Persons,42.51,0.3,14.31,0.43,0.41,17.88,7.43,5.32,2.14,0.59,0.84,0.14,0.32,0.77,1.26,2.77,0.72,0.31,1.19,0.36,0
India,Tamil Nadu,"PLFS Year (Jul - Jun), 2017",Urban,Male,7.66,0.5,25.25,0.81,0.32,11.71,16.34,9.49,4.09,5.24,2.65,0.67,2.32,3.6,1.48,2.31,1.33,0.44,2.89,0.9,0
India,Tamil Nadu,"PLFS Year (Jul - Jun), 2017",Urban,Female,11.75,0.4,28.23,0.18,0.09,3.64,12.88,0.79,3.79,4.94,1.74,0.31,0.95,2.44,0.94,11.68,4.73,0.13,2.47,7.92,0
India,Tamil Nadu,"PLFS Year (Jul - Jun), 2017",Urban,Persons,8.76,0.47,26.06,0.64,0.26,9.52,15.4,7.14,4.01,5.16,2.4,0.57,1.95,3.29,1.33,4.85,2.25,0.36,2.77,2.8,0
India,Tamil Nadu,"PLFS Year (Jul - Jun), 2017",Rural + Urban,Male,23.82,0.42,19.8,0.74,0.48,14.49,12.18,8.77,3.27,2.86,1.74,0.41,1.32,2.19,1.58,2.03,0.72,0.43,2.26,0.48,0
India,Tamil Nadu,"PLFS Year (Jul - Jun), 2017",Rural + Urban,Female,36.25,0.28,18.71,0.07,0.06,13.64,8.18,0.36,2.27,1.99,1.06,0.15,0.42,1.18,0.66,7.25,2.83,0.11,1.06,3.47,0
India,Tamil Nadu,"PLFS Year (Jul - Jun), 2017",Rural + Urban,Persons,27.74,0.37,19.45,0.52,0.35,14.23,10.92,6.12,2.96,2.59,1.53,0.33,1.03,1.87,1.29,3.68,1.39,0.33,1.88,1.42,0
India,Telangana,"PLFS Year (Jul - Jun), 2017",Rural,Male,63.26,0.43,4.86,0.64,0.01,10.88,4.86,6.7,0.19,0.54,0.9,0,0.19,0.2,1.58,2.68,0.29,0,1.42,0.38,0
India,Telangana,"PLFS Year (Jul - Jun), 2017",Rural,Female,70.58,0,18.33,0,0,3.81,1.84,0,0.38,0,0.16,0,0,0,0.3,2.71,0.74,0,0.71,0.44,0
India,Telangana,"PLFS Year (Jul - Jun), 2017",Rural,Persons,65.81,0.28,9.56,0.42,0.01,8.41,3.8,4.36,0.26,0.35,0.65,0,0.12,0.13,1.14,2.69,0.45,0,1.17,0.4,0
India,Telangana,"PLFS Year (Jul - Jun), 2017",Urban,Male,3.01,1.39,14.99,1.01,0.25,11.56,19.78,9.54,3.1,8.37,3.55,1.05,3.71,3.34,2.72,2.95,2.46,0.58,3.17,3.47,0
India,Telangana,"PLFS Year (Jul - Jun), 2017",Urban,Female,10.63,0.03,24.17,0.34,0.68,4.65,9.23,1.13,2.82,6.48,1.7,0.09,1.35,1.5,1.2,8.29,4.8,0.13,5.15,15.64,0
India,Telangana,"PLFS Year (Jul - Jun), 2017",Urban,Persons,4.69,1.09,17.02,0.87,0.34,10.03,17.45,7.68,3.04,7.95,3.14,0.84,3.19,2.93,2.38,4.13,2.98,0.48,3.6,6.16,0
India,Telangana,"PLFS Year (Jul - Jun), 2017",Rural + Urban,Male,38.63,0.82,9,0.79,0.11,11.16,10.96,7.86,1.38,3.74,1.99,0.43,1.63,1.48,2.05,2.79,1.18,0.24,2.13,1.64,0
India,Telangana,"PLFS Year (Jul - Jun), 2017",Rural + Urban,Female,54.51,0.01,19.89,0.09,0.18,4.03,3.82,0.3,1.03,1.74,0.58,0.02,0.36,0.4,0.54,4.21,1.83,0.03,1.9,4.51,0
India,Telangana,"PLFS Year (Jul - Jun), 2017",Rural + Urban,Persons,43.43,0.58,12.29,0.58,0.13,9,8.8,5.58,1.27,3.13,1.56,0.31,1.24,1.16,1.59,3.22,1.37,0.18,2.06,2.51,0
India,The Dadra and Nagar Haveli and Daman and Diu,"PLFS Year (Jul - Jun), 2017",Rural,Male,14.5200000000000000000000,0.00000000000000000000,41.4750000000000000000000,4.6600000000000000000000,0.00000000000000000000,3.3350000000000000000000,7.5350000000000000000000,6.1200000000000000000000,6.7200000000000000000000,0.0550000000000000000000,0.1400000000000000000000,0.00000000000000000000,0.00000000000000000000,0.0550000000000000000000,8.4800000000000000000000,2.2300000000000000000000,0.450000000000000000000,0.1950000000000000000000,4.0250000000000000000000,0.00000000000000000000,0.00000000000000000000
India,The Dadra and Nagar Haveli and Daman and Diu,"PLFS Year (Jul - Jun), 2017",Rural,Female,46.7200000000000000000000,0.00000000000000000000,31.5250000000000000000000,0.00000000000000000000,0.00000000000000000000,0.00000000000000000000,2.0700000000000000000000,0.00000000000000000000,2.950000000000000000000,0.00000000000000000000,0.00000000000000000000,0.00000000000000000000,0.00000000000000000000,0.00000000000000000000,0.00000000000000000000,12.8300000000000000000000,3.9000000000000000000000,0.00000000000000000000,0.00000000000000000000,0.00000000000000000000,0.00000000000000000000
India,The Dadra and Nagar Haveli and Daman and Diu,"PLFS Year (Jul - Jun), 2017",Rural,Persons,26.4300000000000000000000,0.00000000000000000000,36.900000000000000000000,3.250000000000000000000,0.00000000000000000000,2.2750000000000000000000,5.6700000000000000000000,4.3000000000000000000000,5.4350000000000000000000,0.0400000000000000000000,0.1050000000000000000000,0.00000000000000000000,0.00000000000000000000,0.0400000000000000000000,6.0950000000000000000000,4.9900000000000000000000,1.3800000000000000000000,0.1250000000000000000000,2.9600000000000000000000,0.00000000000000000000,0.00000000000000000000
India,The Dadra and Nagar Haveli and Daman and Diu,"PLFS Year (Jul - Jun), 2017",Urban,Male,0.4600000000000000000000,0.00000000000000000000,73.0550000000000000000000,0.5950000000000000000000,0.00000000000000000000,2.2400000000000000000000,7.6850000000000000000000,4.4850000000000000000000,1.3550000000000000000000,0.8700000000000000000000,1.3250000000000000000000,0.00000000000000000000,0.7600000000000000000000,2.2250000000000000000000,2.7000000000000000000000,1.9450000000000000000000,0.2200000000000000000000,0.00000000000000000000,0.0700000000000000000000,0.00000000000000000000,0.00000000000000000000
India,The Dadra and Nagar Haveli and Daman and Diu,"PLFS Year (Jul - Jun), 2017",Urban,Female,8.950000000000000000000,0.00000000000000000000,41.9550000000000000000000,0.00000000000000000000,0.00000000000000000000,2.0150000000000000000000,6.7450000000000000000000,0.00000000000000000000,0.3450000000000000000000,0.00000000000000000000,0.00000000000000000000,0.00000000000000000000,0.00000000000000000000,0.5200000000000000000000,0.00000000000000000000,18.3350000000000000000000,6.4300000000000000000000,0.00000000000000000000,0.5200000000000000000000,14.1950000000000000000000,0.00000000000000000000
India,The Dadra and Nagar Haveli and Daman and Diu,"PLFS Year (Jul - Jun), 2017",Urban,Persons,1.700000000000000000000,0.00000000000000000000,68.6850000000000000000000,0.5100000000000000000000,0.00000000000000000000,2.2450000000000000000000,7.5750000000000000000000,3.8450000000000000000000,1.2350000000000000000000,0.7450000000000000000000,1.1600000000000000000000,0.00000000000000000000,0.6550000000000000000000,2.0050000000000000000000,2.3600000000000000000000,4.3200000000000000000000,1.0600000000000000000000,0.00000000000000000000,0.1400000000000000000000,1.7550000000000000000000,0.00000000000000000000
India,The Dadra and Nagar Haveli and Daman and Diu,"PLFS Year (Jul - Jun), 2017",Rural + Urban,Male,4.1200000000000000000000,0.00000000000000000000,66.0800000000000000000000,1.3450000000000000000000,0.00000000000000000000,2.6800000000000000000000,8.4550000000000000000000,4.0000000000000000000000,2.6950000000000000000000,0.5100000000000000000000,1.1550000000000000000000,0.00000000000000000000,0.5200000000000000000000,1.6700000000000000000000,3.5400000000000000000000,2.3250000000000000000000,0.3150000000000000000000,0.0800000000000000000000,0.50000000000000000000,0.00000000000000000000,0.00000000000000000000
India,The Dadra and Nagar Haveli and Daman and Diu,"PLFS Year (Jul - Jun), 2017",Rural + Urban,Female,31.8800000000000000000000,0.00000000000000000000,37.5550000000000000000000,0.00000000000000000000,0.00000000000000000000,0.5700000000000000000000,4.8700000000000000000000,0.00000000000000000000,0.8100000000000000000000,0.00000000000000000000,0.00000000000000000000,0.00000000000000000000,0.00000000000000000000,0.1450000000000000000000,0.00000000000000000000,9.6500000000000000000000,4.2700000000000000000000,0.00000000000000000000,0.1450000000000000000000,10.100000000000000000000,0.00000000000000000000
India,The Dadra and Nagar Haveli and Daman and Diu,"PLFS Year (Jul - Jun), 2017",Rural + Urban,Persons,11.1650000000000000000000,0.00000000000000000000,59.3300000000000000000000,1.0350000000000000000000,0.00000000000000000000,2.3350000000000000000000,7.7250000000000000000000,3.0750000000000000000000,2.3050000000000000000000,0.3800000000000000000000,0.9900000000000000000000,0.00000000000000000000,0.4150000000000000000000,1.4050000000000000000000,2.9500000000000000000000,3.9000000000000000000000,1.0100000000000000000000,0.0600000000000000000000,0.4700000000000000000000,1.4550000000000000000000,0.00000000000000000000
India,Tripura,"PLFS Year (Jul - Jun), 2017",Rural,Male,34.91,0.11,6.52,0,0.05,13.67,17.79,7.82,0.66,0.06,0.18,0,0.6,2.38,4.67,3.97,0.57,0.07,2.22,3.75,0
India,Tripura,"PLFS Year (Jul - Jun), 2017",Rural,Female,37.24,0,3.97,0,0,17.89,7.63,0.06,0.55,0,0.34,0,0.1,0.34,2.79,16.55,2.2,0,0.72,9.64,0
India,Tripura,"PLFS Year (Jul - Jun), 2017",Rural,Persons,35.18,0.09,6.23,0,0.04,14.15,16.63,6.94,0.65,0.06,0.2,0,0.54,2.15,4.46,5.41,0.76,0.06,2.05,4.42,0
India,Tripura,"PLFS Year (Jul - Jun), 2017",Urban,Male,5.6,0.53,8.99,0.43,0.07,14.21,22.16,11.45,1.66,0.69,1.18,0,3.2,3.61,12.57,8.12,0.67,0.15,2.38,2.33,0
India,Tripura,"PLFS Year (Jul - Jun), 2017",Urban,Female,3.22,0,13.71,0,0,9.56,4.08,0,1.63,0,0,0,1.39,1.8,12.53,17.02,10.03,0,8.29,16.76,0
India,Tripura,"PLFS Year (Jul - Jun), 2017",Urban,Persons,5.18,0.44,9.82,0.35,0.06,13.39,18.99,9.44,1.66,0.57,0.98,0,2.88,3.29,12.56,9.68,2.31,0.12,3.41,4.86,0
India,Tripura,"PLFS Year (Jul - Jun), 2017",Rural + Urban,Male,29.26,0.19,6.99,0.08,0.06,13.77,18.63,8.52,0.86,0.19,0.37,0,1.1,2.62,6.19,4.77,0.59,0.09,2.25,3.48,0
India,Tripura,"PLFS Year (Jul - Jun), 2017",Rural + Urban,Female,27.62,0,6.72,0,0,15.53,6.62,0.04,0.85,0,0.24,0,0.46,0.75,5.54,16.68,4.41,0,2.86,11.65,0
India,Tripura,"PLFS Year (Jul - Jun), 2017",Rural + Urban,Persons,29.05,0.16,6.96,0.07,0.05,13.99,17.11,7.45,0.86,0.16,0.36,0,1.02,2.38,6.11,6.28,1.07,0.07,2.33,4.51,0
India,Uttar Pradesh,"PLFS Year (Jul - Jun), 2017",Rural,Male,56.73,0.06,8.03,0.1,0.15,17.21,7.69,3.46,1.3,0.21,0.24,0.11,0.32,0.59,0.59,1.64,0.36,0.13,1.03,0.09,0
India,Uttar Pradesh,"PLFS Year (Jul - Jun), 2017",Rural,Female,75.1,0,9.7,0.03,0,2.04,4.93,0.28,0.69,0,0.08,0,0,0,0.12,5.86,0.87,0,0.18,0.11,0
India,Uttar Pradesh,"PLFS Year (Jul - Jun), 2017",Rural,Persons,59.74,0.05,8.3,0.09,0.12,14.72,7.23,2.94,1.2,0.18,0.21,0.1,0.26,0.49,0.51,2.33,0.44,0.11,0.89,0.09,0
India,Uttar Pradesh,"PLFS Year (Jul - Jun), 2017",Urban,Male,5.42,0.21,22.77,0.64,0.8,9.45,27.28,7.54,4.52,1.56,1.53,0.47,2.09,1.65,3.48,4.08,1.75,0.86,3.61,0.27,0
India,Uttar Pradesh,"PLFS Year (Jul - Jun), 2017",Urban,Female,9.25,0,27.91,0,0.43,3.28,8.19,0.55,2.71,0,1.65,0,3.08,0.88,2.6,22.82,6.31,0.97,4.76,4.61,0
India,Uttar Pradesh,"PLFS Year (Jul - Jun), 2017",Urban,Persons,5.89,0.18,23.39,0.57,0.76,8.7,24.95,6.69,4.3,1.37,1.54,0.42,2.21,1.56,3.37,6.37,2.31,0.88,3.75,0.8,0
India,Uttar Pradesh,"PLFS Year (Jul - Jun), 2017",Rural + Urban,Male,45.84,0.09,11.15,0.21,0.29,15.56,11.84,4.32,1.99,0.5,0.51,0.19,0.69,0.81,1.2,2.16,0.65,0.29,1.58,0.13,0
India,Uttar Pradesh,"PLFS Year (Jul - Jun), 2017",Rural + Urban,Female,64.57,0,12.62,0.02,0.07,2.24,5.45,0.33,1.01,0,0.33,0,0.49,0.14,0.51,8.57,1.74,0.16,0.91,0.83,0
India,Uttar Pradesh,"PLFS Year (Jul - Jun), 2017",Rural + Urban,Persons,48.75,0.08,11.38,0.19,0.25,13.49,10.85,3.7,1.83,0.42,0.48,0.16,0.66,0.71,1.09,3.15,0.82,0.27,1.47,0.24,0
India,Uttarakhand,"PLFS Year (Jul - Jun), 2017",Rural,Male,48.86,0.01,7.87,0.74,0.04,11.46,9.46,5.76,2.67,0.19,1.23,0.48,0.14,1.43,2.11,5.43,0.64,0.1,1.37,0,0
India,Uttarakhand,"PLFS Year (Jul - Jun), 2017",Rural,Female,81.3,0,1.56,0,0,0.65,1.77,0.3,0,0,0,0,0,0,0.2,11.71,2.49,0,0.02,0,0
India,Uttarakhand,"PLFS Year (Jul - Jun), 2017",Rural,Persons,56.28,0.01,6.43,0.57,0.03,8.99,7.71,4.51,2.06,0.15,0.95,0.37,0.11,1.1,1.67,6.87,1.06,0.08,1.06,0,0
India,Uttarakhand,"PLFS Year (Jul - Jun), 2017",Urban,Male,5.83,0.42,17.95,0.28,0.5,13.73,22.67,9.11,4.21,0.96,1.29,0.29,2.51,5.96,3.42,5.15,1.62,1.14,2.18,0.76,0
India,Uttarakhand,"PLFS Year (Jul - Jun), 2017",Urban,Female,8.2,0,12.08,0,0,0.72,8.15,0,0.73,0.42,1.1,0.54,1.46,1.03,4.99,38.91,13.2,0,4.76,3.72,0
India,Uttarakhand,"PLFS Year (Jul - Jun), 2017",Urban,Persons,6.12,0.37,17.25,0.25,0.44,12.18,20.94,8.03,3.8,0.9,1.27,0.32,2.39,5.37,3.6,9.18,3,1,2.49,1.11,0
India,Uttarakhand,"PLFS Year (Jul - Jun), 2017",Rural + Urban,Male,35.9,0.14,10.91,0.6,0.17,12.14,13.44,6.77,3.14,0.43,1.25,0.42,0.86,2.79,2.5,5.35,0.93,0.41,1.61,0.23,0
India,Uttarakhand,"PLFS Year (Jul - Jun), 2017",Rural + Urban,Female,69.28,0,3.29,0,0,0.66,2.82,0.25,0.12,0.07,0.18,0.09,0.24,0.17,0.99,16.19,4.25,0,0.8,0.61,0
India,Uttarakhand,"PLFS Year (Jul - Jun), 2017",Rural + Urban,Persons,42.53,0.11,9.4,0.48,0.14,9.86,11.33,5.48,2.54,0.35,1.04,0.36,0.73,2.27,2.2,7.5,1.59,0.33,1.45,0.3,0
India,West Bengal,"PLFS Year (Jul - Jun), 2017",Rural,Male,50.36,0.19,10.75,0.06,0.11,14.68,10.01,5.1,1.96,0.15,0.22,0.1,0.3,1,0.73,2.04,0.33,0.38,1.19,0.33,0
India,West Bengal,"PLFS Year (Jul - Jun), 2017",Rural,Female,51.87,0.61,24.93,0,0,1.79,3.54,0,2.01,0,0.51,0,0.02,0,0.83,7.39,1.39,0.06,1.21,3.83,0
India,West Bengal,"PLFS Year (Jul - Jun), 2017",Rural,Persons,50.66,0.28,13.59,0.05,0.09,12.1,8.72,4.08,1.97,0.12,0.28,0.08,0.24,0.8,0.75,3.11,0.54,0.32,1.2,1.03,0
India,West Bengal,"PLFS Year (Jul - Jun), 2017",Urban,Male,4.14,0.7,23.96,0.46,0.35,12.78,19.79,12.2,3.51,2.25,1.67,0.32,2.19,3.4,2.37,3.7,1.79,0.77,2.69,0.97,0
India,West Bengal,"PLFS Year (Jul - Jun), 2017",Urban,Female,2.96,0.09,39.4,0.17,0.05,2.04,6.3,0.45,1.31,0.83,1.35,0.1,0.85,1.57,1.45,14.63,4.39,0.55,4.2,17.3,0
India,West Bengal,"PLFS Year (Jul - Jun), 2017",Urban,Persons,3.87,0.56,27.55,0.39,0.28,10.28,16.66,9.47,3,1.92,1.59,0.27,1.88,2.98,2.16,6.24,2.39,0.72,3.04,4.76,0
India,West Bengal,"PLFS Year (Jul - Jun), 2017",Rural + Urban,Male,36.83,0.34,14.62,0.17,0.18,14.12,12.88,7.18,2.41,0.76,0.65,0.17,0.85,1.71,1.21,2.53,0.76,0.49,1.63,0.51,0
India,West Bengal,"PLFS Year (Jul - Jun), 2017",Rural + Urban,Female,35.55,0.44,29.76,0.06,0.02,1.87,4.46,0.15,1.78,0.28,0.79,0.03,0.3,0.52,1.04,9.81,2.39,0.22,2.21,8.32,0
India,West Bengal,"PLFS Year (Jul - Jun), 2017",Rural + Urban,Persons,36.56,0.36,17.8,0.15,0.15,11.55,11.11,5.7,2.28,0.66,0.68,0.14,0.73,1.46,1.17,4.06,1.1,0.44,1.75,2.15,0
