Country,Year,Gender,Technical Education Level (Code),Type Of Areas,"Percentage Distribution (UOM:%(Percentage)), Scaling Factor:1","Estimated Persons (15+) (UOM:Number), Scaling Factor:100","Sample Persons (15+) (UOM:Number), Scaling Factor:1"
India,"PLFS Year (Jul - Jun), 2023",Male,No Technical Education -01,Rural,97.1,,87455
India,"PLFS Year (Jul - Jun), 2023",Female,No Technical Education -01,Rural,98.6,,89625
India,"PLFS Year (Jul - Jun), 2023",Persons,No Technical Education -01,Rural,97.8,,177080
India,"PLFS Year (Jul - Jun), 2023",Male,No Technical Education -01,Urban,90.2,,64116
India,"PLFS Year (Jul - Jun), 2023",Female,No Technical Education -01,Urban,94.5,,65931
India,"PLFS Year (Jul - Jun), 2023",Persons,No Technical Education -01,Urban,92.3,,130047
India,"PLFS Year (Jul - Jun), 2023",Male,No Technical Education -01,Rural+Urban,94.9,,151571
India,"PLFS Year (Jul - Jun), 2023",Female,No Technical Education -01,Rural+Urban,97.3,,155556
India,"PLFS Year (Jul - Jun), 2023",Persons,No Technical Education -01,Rural+Urban,96.1,,307127
India,"PLFS Year (Jul - Jun), 2023",Male,Technical Degree in Agriculture -02,Rural,0.0,,10
India,"PLFS Year (Jul - Jun), 2023",Female,Technical Degree in Agriculture -02,Rural,0.0,,2
India,"PLFS Year (Jul - Jun), 2023",Persons,Technical Degree in Agriculture -02,Rural,0.0,,12
India,"PLFS Year (Jul - Jun), 2023",Male,Technical Degree in Agriculture -02,Urban,0.0,,24
India,"PLFS Year (Jul - Jun), 2023",Female,Technical Degree in Agriculture -02,Urban,0.0,,11
India,"PLFS Year (Jul - Jun), 2023",Persons,Technical Degree in Agriculture -02,Urban,0.0,,35
India,"PLFS Year (Jul - Jun), 2023",Male,Technical Degree in Agriculture -02,Rural+Urban,0.0,,34
India,"PLFS Year (Jul - Jun), 2023",Female,Technical Degree in Agriculture -02,Rural+Urban,0.0,,13
India,"PLFS Year (Jul - Jun), 2023",Persons,Technical Degree in Agriculture -02,Rural+Urban,0.0,,47
India,"PLFS Year (Jul - Jun), 2023",Male,Technical Degree in Engineering/Technology -03,Rural,0.4,,283
India,"PLFS Year (Jul - Jun), 2023",Female,Technical Degree in Engineering/Technology -03,Rural,0.1,,90
India,"PLFS Year (Jul - Jun), 2023",Persons,Technical Degree in Engineering/Technology -03,Rural,0.3,,373
India,"PLFS Year (Jul - Jun), 2023",Male,Technical Degree in Engineering/Technology -03,Urban,3.4,,1717
India,"PLFS Year (Jul - Jun), 2023",Female,Technical Degree in Engineering/Technology -03,Urban,1.3,,558
India,"PLFS Year (Jul - Jun), 2023",Persons,Technical Degree in Engineering/Technology -03,Urban,2.4,,2275
India,"PLFS Year (Jul - Jun), 2023",Male,Technical Degree in Engineering/Technology -03,Rural+Urban,1.3,,2000
India,"PLFS Year (Jul - Jun), 2023",Female,Technical Degree in Engineering/Technology -03,Rural+Urban,0.5,,648
India,"PLFS Year (Jul - Jun), 2023",Persons,Technical Degree in Engineering/Technology -03,Rural+Urban,0.9,,2648
India,"PLFS Year (Jul - Jun), 2023",Male,Technical Degree in Medicine -04,Rural,0.0,,42
India,"PLFS Year (Jul - Jun), 2023",Female,Technical Degree in Medicine -04,Rural,0.1,,54
India,"PLFS Year (Jul - Jun), 2023",Persons,Technical Degree in Medicine -04,Rural,0.1,,96
India,"PLFS Year (Jul - Jun), 2023",Male,Technical Degree in Medicine -04,Urban,0.4,,264
India,"PLFS Year (Jul - Jun), 2023",Female,Technical Degree in Medicine -04,Urban,0.4,,234
India,"PLFS Year (Jul - Jun), 2023",Persons,Technical Degree in Medicine -04,Urban,0.4,,498
India,"PLFS Year (Jul - Jun), 2023",Male,Technical Degree in Medicine -04,Rural+Urban,0.2,,306
India,"PLFS Year (Jul - Jun), 2023",Female,Technical Degree in Medicine -04,Rural+Urban,0.2,,288
India,"PLFS Year (Jul - Jun), 2023",Persons,Technical Degree in Medicine -04,Rural+Urban,0.2,,594
India,"PLFS Year (Jul - Jun), 2023",Male,Technical Degree in Crafts -05,Rural,0.0,,3
India,"PLFS Year (Jul - Jun), 2023",Female,Technical Degree in Crafts -05,Rural,0.0,,0
India,"PLFS Year (Jul - Jun), 2023",Persons,Technical Degree in Crafts -05,Rural,0.0,,3
India,"PLFS Year (Jul - Jun), 2023",Male,Technical Degree in Crafts -05,Urban,0.0,,9
India,"PLFS Year (Jul - Jun), 2023",Female,Technical Degree in Crafts -05,Urban,0.0,,7
India,"PLFS Year (Jul - Jun), 2023",Persons,Technical Degree in Crafts -05,Urban,0.0,,16
India,"PLFS Year (Jul - Jun), 2023",Male,Technical Degree in Crafts -05,Rural+Urban,0.0,,12
India,"PLFS Year (Jul - Jun), 2023",Female,Technical Degree in Crafts -05,Rural+Urban,0.0,,7
India,"PLFS Year (Jul - Jun), 2023",Persons,Technical Degree in Crafts -05,Rural+Urban,0.0,,19
India,"PLFS Year (Jul - Jun), 2023",Male,Technical Degree in Other Subjects -06,Rural,0.4,,322
India,"PLFS Year (Jul - Jun), 2023",Female,Technical Degree in Other Subjects -06,Rural,0.3,,255
India,"PLFS Year (Jul - Jun), 2023",Persons,Technical Degree in Other Subjects -06,Rural,0.4,,577
India,"PLFS Year (Jul - Jun), 2023",Male,Technical Degree in Other Subjects -06,Urban,1.2,,732
India,"PLFS Year (Jul - Jun), 2023",Female,Technical Degree in Other Subjects -06,Urban,1.4,,811
India,"PLFS Year (Jul - Jun), 2023",Persons,Technical Degree in Other Subjects -06,Urban,1.3,,1543
India,"PLFS Year (Jul - Jun), 2023",Male,Technical Degree in Other Subjects -06,Rural+Urban,0.6,,1054
India,"PLFS Year (Jul - Jun), 2023",Female,Technical Degree in Other Subjects -06,Rural+Urban,0.7,,1066
India,"PLFS Year (Jul - Jun), 2023",Persons,Technical Degree in Other Subjects -06,Rural+Urban,0.7,,2120
India,"PLFS Year (Jul - Jun), 2023",Male,Diploma Or Certificate (Below Graduate Level) in Agriculture -07,Rural,0.0,,15
India,"PLFS Year (Jul - Jun), 2023",Female,Diploma Or Certificate (Below Graduate Level) in Agriculture -07,Rural,0.0,,4
India,"PLFS Year (Jul - Jun), 2023",Persons,Diploma Or Certificate (Below Graduate Level) in Agriculture -07,Rural,0.0,,19
India,"PLFS Year (Jul - Jun), 2023",Male,Diploma Or Certificate (Below Graduate Level) in Agriculture -07,Urban,0.0,,13
India,"PLFS Year (Jul - Jun), 2023",Female,Diploma Or Certificate (Below Graduate Level) in Agriculture -07,Urban,0.0,,2
India,"PLFS Year (Jul - Jun), 2023",Persons,Diploma Or Certificate (Below Graduate Level) in Agriculture -07,Urban,0.0,,15
India,"PLFS Year (Jul - Jun), 2023",Male,Diploma Or Certificate (Below Graduate Level) in Agriculture -07,Rural+Urban,0.0,,28
India,"PLFS Year (Jul - Jun), 2023",Female,Diploma Or Certificate (Below Graduate Level) in Agriculture -07,Rural+Urban,0.0,,6
India,"PLFS Year (Jul - Jun), 2023",Persons,Diploma Or Certificate (Below Graduate Level) in Agriculture -07,Rural+Urban,0.0,,34
India,"PLFS Year (Jul - Jun), 2023",Male,Diploma Or Certificate (Below Graduate Level) in Engineering/Technology -08,Rural,0.9,,748
India,"PLFS Year (Jul - Jun), 2023",Female,Diploma Or Certificate (Below Graduate Level) in Engineering/Technology -08,Rural,0.1,,91
India,"PLFS Year (Jul - Jun), 2023",Persons,Diploma Or Certificate (Below Graduate Level) in Engineering/Technology -08,Rural,0.5,,839
India,"PLFS Year (Jul - Jun), 2023",Male,Diploma Or Certificate (Below Graduate Level) in Engineering/Technology -08,Urban,1.9,,1149
India,"PLFS Year (Jul - Jun), 2023",Female,Diploma Or Certificate (Below Graduate Level) in Engineering/Technology -08,Urban,0.3,,173
India,"PLFS Year (Jul - Jun), 2023",Persons,Diploma Or Certificate (Below Graduate Level) in Engineering/Technology -08,Urban,1.1,,1322
India,"PLFS Year (Jul - Jun), 2023",Male,Diploma Or Certificate (Below Graduate Level) in Engineering/Technology -08,Rural+Urban,1.2,,1897
India,"PLFS Year (Jul - Jun), 2023",Female,Diploma Or Certificate (Below Graduate Level) in Engineering/Technology -08,Rural+Urban,0.1,,264
India,"PLFS Year (Jul - Jun), 2023",Persons,Diploma Or Certificate (Below Graduate Level) in Engineering/Technology -08,Rural+Urban,0.7,,2161
India,"PLFS Year (Jul - Jun), 2023",Male,Diploma Or Certificate (Below Graduate Level) in Medicine -09,Rural,0.1,,76
India,"PLFS Year (Jul - Jun), 2023",Female,Diploma Or Certificate (Below Graduate Level) in Medicine -09,Rural,0.1,,129
India,"PLFS Year (Jul - Jun), 2023",Persons,Diploma Or Certificate (Below Graduate Level) in Medicine -09,Rural,0.1,,205
India,"PLFS Year (Jul - Jun), 2023",Male,Diploma Or Certificate (Below Graduate Level) in Medicine -09,Urban,0.2,,133
India,"PLFS Year (Jul - Jun), 2023",Female,Diploma Or Certificate (Below Graduate Level) in Medicine -09,Urban,0.3,,233
India,"PLFS Year (Jul - Jun), 2023",Persons,Diploma Or Certificate (Below Graduate Level) in Medicine -09,Urban,0.3,,366
India,"PLFS Year (Jul - Jun), 2023",Male,Diploma Or Certificate (Below Graduate Level) in Medicine -09,Rural+Urban,0.1,,209
India,"PLFS Year (Jul - Jun), 2023",Female,Diploma Or Certificate (Below Graduate Level) in Medicine -09,Rural+Urban,0.2,,362
India,"PLFS Year (Jul - Jun), 2023",Persons,Diploma Or Certificate (Below Graduate Level) in Medicine -09,Rural+Urban,0.1,,571
India,"PLFS Year (Jul - Jun), 2023",Male,Diploma Or Certificate (Below Graduate Level) in Crafts -10,Rural,0.0,,10
India,"PLFS Year (Jul - Jun), 2023",Female,Diploma Or Certificate (Below Graduate Level) in Crafts -10,Rural,0.0,,40
India,"PLFS Year (Jul - Jun), 2023",Persons,Diploma Or Certificate (Below Graduate Level) in Crafts -10,Rural,0.0,,50
India,"PLFS Year (Jul - Jun), 2023",Male,Diploma Or Certificate (Below Graduate Level) in Crafts -10,Urban,0.0,,16
India,"PLFS Year (Jul - Jun), 2023",Female,Diploma Or Certificate (Below Graduate Level) in Crafts -10,Urban,0.0,,21
India,"PLFS Year (Jul - Jun), 2023",Persons,Diploma Or Certificate (Below Graduate Level) in Crafts -10,Urban,0.0,,37
India,"PLFS Year (Jul - Jun), 2023",Male,Diploma Or Certificate (Below Graduate Level) in Crafts -10,Rural+Urban,0.0,,26
India,"PLFS Year (Jul - Jun), 2023",Female,Diploma Or Certificate (Below Graduate Level) in Crafts -10,Rural+Urban,0.0,,61
India,"PLFS Year (Jul - Jun), 2023",Persons,Diploma Or Certificate (Below Graduate Level) in Crafts -10,Rural+Urban,0.0,,87
India,"PLFS Year (Jul - Jun), 2023",Male,Diploma Or Certificate (Below Graduate Level) in Other Subjects -11,Rural,0.6,,550
India,"PLFS Year (Jul - Jun), 2023",Female,Diploma Or Certificate (Below Graduate Level) in Other Subjects -11,Rural,0.4,,410
India,"PLFS Year (Jul - Jun), 2023",Persons,Diploma Or Certificate (Below Graduate Level) in Other Subjects -11,Rural,0.5,,960
India,"PLFS Year (Jul - Jun), 2023",Male,Diploma Or Certificate (Below Graduate Level) in Other Subjects -11,Urban,1.1,,737
India,"PLFS Year (Jul - Jun), 2023",Female,Diploma Or Certificate (Below Graduate Level) in Other Subjects -11,Urban,0.8,,529
India,"PLFS Year (Jul - Jun), 2023",Persons,Diploma Or Certificate (Below Graduate Level) in Other Subjects -11,Urban,1.0,,1266
India,"PLFS Year (Jul - Jun), 2023",Male,Diploma Or Certificate (Below Graduate Level) in Other Subjects -11,Rural+Urban,0.7,,1287
India,"PLFS Year (Jul - Jun), 2023",Female,Diploma Or Certificate (Below Graduate Level) in Other Subjects -11,Rural+Urban,0.5,,939
India,"PLFS Year (Jul - Jun), 2023",Persons,Diploma Or Certificate (Below Graduate Level) in Other Subjects -11,Rural+Urban,0.6,,2226
India,"PLFS Year (Jul - Jun), 2023",Male,Diploma Or Certificate (Graduate And Above Level) in Agriculture -12,Rural,0.0,,6
India,"PLFS Year (Jul - Jun), 2023",Female,Diploma Or Certificate (Graduate And Above Level) in Agriculture -12,Rural,0.0,,4
India,"PLFS Year (Jul - Jun), 2023",Persons,Diploma Or Certificate (Graduate And Above Level) in Agriculture -12,Rural,0.0,,10
India,"PLFS Year (Jul - Jun), 2023",Male,Diploma Or Certificate (Graduate And Above Level) in Agriculture -12,Urban,0.0,,8
India,"PLFS Year (Jul - Jun), 2023",Female,Diploma Or Certificate (Graduate And Above Level) in Agriculture -12,Urban,0.0,,5
India,"PLFS Year (Jul - Jun), 2023",Persons,Diploma Or Certificate (Graduate And Above Level) in Agriculture -12,Urban,0.0,,13
India,"PLFS Year (Jul - Jun), 2023",Male,Diploma Or Certificate (Graduate And Above Level) in Agriculture -12,Rural+Urban,0.0,,14
India,"PLFS Year (Jul - Jun), 2023",Female,Diploma Or Certificate (Graduate And Above Level) in Agriculture -12,Rural+Urban,0.0,,9
India,"PLFS Year (Jul - Jun), 2023",Persons,Diploma Or Certificate (Graduate And Above Level) in Agriculture -12,Rural+Urban,0.0,,23
India,"PLFS Year (Jul - Jun), 2023",Male,Diploma Or Certificate (Graduate And Above Level) in Engineering/Technology -13,Rural,0.2,,113
India,"PLFS Year (Jul - Jun), 2023",Female,Diploma Or Certificate (Graduate And Above Level) in Engineering/Technology -13,Rural,0.0,,28
India,"PLFS Year (Jul - Jun), 2023",Persons,Diploma Or Certificate (Graduate And Above Level) in Engineering/Technology -13,Rural,0.1,,141
India,"PLFS Year (Jul - Jun), 2023",Male,Diploma Or Certificate (Graduate And Above Level) in Engineering/Technology -13,Urban,0.8,,454
India,"PLFS Year (Jul - Jun), 2023",Female,Diploma Or Certificate (Graduate And Above Level) in Engineering/Technology -13,Urban,0.3,,133
India,"PLFS Year (Jul - Jun), 2023",Persons,Diploma Or Certificate (Graduate And Above Level) in Engineering/Technology -13,Urban,0.5,,587
India,"PLFS Year (Jul - Jun), 2023",Male,Diploma Or Certificate (Graduate And Above Level) in Engineering/Technology -13,Rural+Urban,0.4,,567
India,"PLFS Year (Jul - Jun), 2023",Female,Diploma Or Certificate (Graduate And Above Level) in Engineering/Technology -13,Rural+Urban,0.1,,161
India,"PLFS Year (Jul - Jun), 2023",Persons,Diploma Or Certificate (Graduate And Above Level) in Engineering/Technology -13,Rural+Urban,0.2,,728
India,"PLFS Year (Jul - Jun), 2023",Male,Diploma Or Certificate (Graduate And Above Level) in Medicine -14,Rural,0.0,,36
India,"PLFS Year (Jul - Jun), 2023",Female,Diploma Or Certificate (Graduate And Above Level) in Medicine -14,Rural,0.1,,37
India,"PLFS Year (Jul - Jun), 2023",Persons,Diploma Or Certificate (Graduate And Above Level) in Medicine -14,Rural,0.0,,73
India,"PLFS Year (Jul - Jun), 2023",Male,Diploma Or Certificate (Graduate And Above Level) in Medicine -14,Urban,0.2,,136
India,"PLFS Year (Jul - Jun), 2023",Female,Diploma Or Certificate (Graduate And Above Level) in Medicine -14,Urban,0.2,,105
India,"PLFS Year (Jul - Jun), 2023",Persons,Diploma Or Certificate (Graduate And Above Level) in Medicine -14,Urban,0.2,,241
India,"PLFS Year (Jul - Jun), 2023",Male,Diploma Or Certificate (Graduate And Above Level) in Medicine -14,Rural+Urban,0.1,,172
India,"PLFS Year (Jul - Jun), 2023",Female,Diploma Or Certificate (Graduate And Above Level) in Medicine -14,Rural+Urban,0.1,,142
India,"PLFS Year (Jul - Jun), 2023",Persons,Diploma Or Certificate (Graduate And Above Level) in Medicine -14,Rural+Urban,0.1,,314
India,"PLFS Year (Jul - Jun), 2023",Male,Diploma Or Certificate (Graduate And Above Level) in Crafts -15,Rural,0.0,,7
India,"PLFS Year (Jul - Jun), 2023",Female,Diploma Or Certificate (Graduate And Above Level) in Crafts -15,Rural,0.0,,4
India,"PLFS Year (Jul - Jun), 2023",Persons,Diploma Or Certificate (Graduate And Above Level) in Crafts -15,Rural,0.0,,11
India,"PLFS Year (Jul - Jun), 2023",Male,Diploma Or Certificate (Graduate And Above Level) in Crafts -15,Urban,0.0,,12
India,"PLFS Year (Jul - Jun), 2023",Female,Diploma Or Certificate (Graduate And Above Level) in Crafts -15,Urban,0.0,,6
India,"PLFS Year (Jul - Jun), 2023",Persons,Diploma Or Certificate (Graduate And Above Level) in Crafts -15,Urban,0.0,,18
India,"PLFS Year (Jul - Jun), 2023",Male,Diploma Or Certificate (Graduate And Above Level) in Crafts -15,Rural+Urban,0.0,,19
India,"PLFS Year (Jul - Jun), 2023",Female,Diploma Or Certificate (Graduate And Above Level) in Crafts -15,Rural+Urban,0.0,,10
India,"PLFS Year (Jul - Jun), 2023",Persons,Diploma Or Certificate (Graduate And Above Level) in Crafts -15,Rural+Urban,0.0,,29
India,"PLFS Year (Jul - Jun), 2023",Male,Diploma Or Certificate (Graduate And Above Level) in Other Subjects -16,Rural,0.2,,197
India,"PLFS Year (Jul - Jun), 2023",Female,Diploma Or Certificate (Graduate And Above Level) in Other Subjects -16,Rural,0.2,,147
India,"PLFS Year (Jul - Jun), 2023",Persons,Diploma Or Certificate (Graduate And Above Level) in Other Subjects -16,Rural,0.2,,344
India,"PLFS Year (Jul - Jun), 2023",Male,Diploma Or Certificate (Graduate And Above Level) in Other Subjects -16,Urban,0.5,,338
India,"PLFS Year (Jul - Jun), 2023",Female,Diploma Or Certificate (Graduate And Above Level) in Other Subjects -16,Urban,0.5,,363
India,"PLFS Year (Jul - Jun), 2023",Persons,Diploma Or Certificate (Graduate And Above Level) in Other Subjects -16,Urban,0.5,,701
India,"PLFS Year (Jul - Jun), 2023",Male,Diploma Or Certificate (Graduate And Above Level) in Other Subjects -16,Rural+Urban,0.3,,535
India,"PLFS Year (Jul - Jun), 2023",Female,Diploma Or Certificate (Graduate And Above Level) in Other Subjects -16,Rural+Urban,0.3,,510
India,"PLFS Year (Jul - Jun), 2023",Persons,Diploma Or Certificate (Graduate And Above Level) in Other Subjects -16,Rural+Urban,0.3,,1045
India,"PLFS Year (Jul - Jun), 2022",Male,No Technical Education -01,Rural,97.1,,88170
India,"PLFS Year (Jul - Jun), 2022",Female,No Technical Education -01,Rural,98.7,,89120
India,"PLFS Year (Jul - Jun), 2022",Persons,No Technical Education -01,Rural,97.9,,177290
India,"PLFS Year (Jul - Jun), 2022",Male,No Technical Education -01,Urban,90.9,,64955
India,"PLFS Year (Jul - Jun), 2022",Female,No Technical Education -01,Urban,94.9,,65608
India,"PLFS Year (Jul - Jun), 2022",Persons,No Technical Education -01,Urban,92.8,,130563
India,"PLFS Year (Jul - Jun), 2022",Male,No Technical Education -01,Rural+Urban,95.3,,153125
India,"PLFS Year (Jul - Jun), 2022",Female,No Technical Education -01,Rural+Urban,97.6,,154728
India,"PLFS Year (Jul - Jun), 2022",Persons,No Technical Education -01,Rural+Urban,96.4,,307853
India,"PLFS Year (Jul - Jun), 2022",Male,Technical Degree in Agriculture -02,Rural,0.0,,16
India,"PLFS Year (Jul - Jun), 2022",Female,Technical Degree in Agriculture -02,Rural,0.0,,7
India,"PLFS Year (Jul - Jun), 2022",Persons,Technical Degree in Agriculture -02,Rural,0.0,,23
India,"PLFS Year (Jul - Jun), 2022",Male,Technical Degree in Agriculture -02,Urban,0.1,,34
India,"PLFS Year (Jul - Jun), 2022",Female,Technical Degree in Agriculture -02,Urban,0.0,,11
India,"PLFS Year (Jul - Jun), 2022",Persons,Technical Degree in Agriculture -02,Urban,0.0,,45
India,"PLFS Year (Jul - Jun), 2022",Male,Technical Degree in Agriculture -02,Rural+Urban,0.0,,50
India,"PLFS Year (Jul - Jun), 2022",Female,Technical Degree in Agriculture -02,Rural+Urban,0.0,,18
India,"PLFS Year (Jul - Jun), 2022",Persons,Technical Degree in Agriculture -02,Rural+Urban,0.0,,68
India,"PLFS Year (Jul - Jun), 2022",Male,Technical Degree in Engineering/Technology -03,Rural,0.4,,311
India,"PLFS Year (Jul - Jun), 2022",Female,Technical Degree in Engineering/Technology -03,Rural,0.1,,87
India,"PLFS Year (Jul - Jun), 2022",Persons,Technical Degree in Engineering/Technology -03,Rural,0.3,,398
India,"PLFS Year (Jul - Jun), 2022",Male,Technical Degree in Engineering/Technology -03,Urban,3.0,,1614
India,"PLFS Year (Jul - Jun), 2022",Female,Technical Degree in Engineering/Technology -03,Urban,1.2,,592
India,"PLFS Year (Jul - Jun), 2022",Persons,Technical Degree in Engineering/Technology -03,Urban,2.1,,2206
India,"PLFS Year (Jul - Jun), 2022",Male,Technical Degree in Engineering/Technology -03,Rural+Urban,1.1,,1925
India,"PLFS Year (Jul - Jun), 2022",Female,Technical Degree in Engineering/Technology -03,Rural+Urban,0.4,,679
India,"PLFS Year (Jul - Jun), 2022",Persons,Technical Degree in Engineering/Technology -03,Rural+Urban,0.8,,2604
India,"PLFS Year (Jul - Jun), 2022",Male,Technical Degree in Medicine -04,Rural,0.0,,34
India,"PLFS Year (Jul - Jun), 2022",Female,Technical Degree in Medicine -04,Rural,0.0,,44
India,"PLFS Year (Jul - Jun), 2022",Persons,Technical Degree in Medicine -04,Rural,0.0,,78
India,"PLFS Year (Jul - Jun), 2022",Male,Technical Degree in Medicine -04,Urban,0.3,,167
India,"PLFS Year (Jul - Jun), 2022",Female,Technical Degree in Medicine -04,Urban,0.4,,235
India,"PLFS Year (Jul - Jun), 2022",Persons,Technical Degree in Medicine -04,Urban,0.3,,402
India,"PLFS Year (Jul - Jun), 2022",Male,Technical Degree in Medicine -04,Rural+Urban,0.1,,201
India,"PLFS Year (Jul - Jun), 2022",Female,Technical Degree in Medicine -04,Rural+Urban,0.1,,279
India,"PLFS Year (Jul - Jun), 2022",Persons,Technical Degree in Medicine -04,Rural+Urban,0.1,,480
India,"PLFS Year (Jul - Jun), 2022",Male,Technical Degree in Crafts -05,Rural,0.0,,3
India,"PLFS Year (Jul - Jun), 2022",Female,Technical Degree in Crafts -05,Rural,0.0,,2
India,"PLFS Year (Jul - Jun), 2022",Persons,Technical Degree in Crafts -05,Rural,0.0,,5
India,"PLFS Year (Jul - Jun), 2022",Male,Technical Degree in Crafts -05,Urban,0.0,,3
India,"PLFS Year (Jul - Jun), 2022",Female,Technical Degree in Crafts -05,Urban,0.0,,4
India,"PLFS Year (Jul - Jun), 2022",Persons,Technical Degree in Crafts -05,Urban,0.0,,7
India,"PLFS Year (Jul - Jun), 2022",Male,Technical Degree in Crafts -05,Rural+Urban,0.0,,6
India,"PLFS Year (Jul - Jun), 2022",Female,Technical Degree in Crafts -05,Rural+Urban,0.0,,6
India,"PLFS Year (Jul - Jun), 2022",Persons,Technical Degree in Crafts -05,Rural+Urban,0.0,,12
India,"PLFS Year (Jul - Jun), 2022",Male,Technical Degree in Other Subjects -06,Rural,0.4,,337
India,"PLFS Year (Jul - Jun), 2022",Female,Technical Degree in Other Subjects -06,Rural,0.3,,270
India,"PLFS Year (Jul - Jun), 2022",Persons,Technical Degree in Other Subjects -06,Rural,0.3,,607
India,"PLFS Year (Jul - Jun), 2022",Male,Technical Degree in Other Subjects -06,Urban,1.2,,730
India,"PLFS Year (Jul - Jun), 2022",Female,Technical Degree in Other Subjects -06,Urban,1.2,,768
India,"PLFS Year (Jul - Jun), 2022",Persons,Technical Degree in Other Subjects -06,Urban,1.2,,1498
India,"PLFS Year (Jul - Jun), 2022",Male,Technical Degree in Other Subjects -06,Rural+Urban,0.6,,1067
India,"PLFS Year (Jul - Jun), 2022",Female,Technical Degree in Other Subjects -06,Rural+Urban,0.6,,1038
India,"PLFS Year (Jul - Jun), 2022",Persons,Technical Degree in Other Subjects -06,Rural+Urban,0.6,,2105
India,"PLFS Year (Jul - Jun), 2022",Male,Diploma Or Certificate (Below Graduate Level) in Agriculture -07,Rural,0.0,,12
India,"PLFS Year (Jul - Jun), 2022",Female,Diploma Or Certificate (Below Graduate Level) in Agriculture -07,Rural,0.0,,5
India,"PLFS Year (Jul - Jun), 2022",Persons,Diploma Or Certificate (Below Graduate Level) in Agriculture -07,Rural,0.0,,17
India,"PLFS Year (Jul - Jun), 2022",Male,Diploma Or Certificate (Below Graduate Level) in Agriculture -07,Urban,0.0,,12
India,"PLFS Year (Jul - Jun), 2022",Female,Diploma Or Certificate (Below Graduate Level) in Agriculture -07,Urban,0.0,,6
India,"PLFS Year (Jul - Jun), 2022",Persons,Diploma Or Certificate (Below Graduate Level) in Agriculture -07,Urban,0.0,,18
India,"PLFS Year (Jul - Jun), 2022",Male,Diploma Or Certificate (Below Graduate Level) in Agriculture -07,Rural+Urban,0.0,,24
India,"PLFS Year (Jul - Jun), 2022",Female,Diploma Or Certificate (Below Graduate Level) in Agriculture -07,Rural+Urban,0.0,,11
India,"PLFS Year (Jul - Jun), 2022",Persons,Diploma Or Certificate (Below Graduate Level) in Agriculture -07,Rural+Urban,0.0,,35
India,"PLFS Year (Jul - Jun), 2022",Male,Diploma Or Certificate (Below Graduate Level) in Engineering/Technology -08,Rural,0.8,,728
India,"PLFS Year (Jul - Jun), 2022",Female,Diploma Or Certificate (Below Graduate Level) in Engineering/Technology -08,Rural,0.1,,86
India,"PLFS Year (Jul - Jun), 2022",Persons,Diploma Or Certificate (Below Graduate Level) in Engineering/Technology -08,Rural,0.5,,814
India,"PLFS Year (Jul - Jun), 2022",Male,Diploma Or Certificate (Below Graduate Level) in Engineering/Technology -08,Urban,1.8,,1076
India,"PLFS Year (Jul - Jun), 2022",Female,Diploma Or Certificate (Below Graduate Level) in Engineering/Technology -08,Urban,0.3,,194
India,"PLFS Year (Jul - Jun), 2022",Persons,Diploma Or Certificate (Below Graduate Level) in Engineering/Technology -08,Urban,1.1,,1270
India,"PLFS Year (Jul - Jun), 2022",Male,Diploma Or Certificate (Below Graduate Level) in Engineering/Technology -08,Rural+Urban,1.1,,1804
India,"PLFS Year (Jul - Jun), 2022",Female,Diploma Or Certificate (Below Graduate Level) in Engineering/Technology -08,Rural+Urban,0.1,,280
India,"PLFS Year (Jul - Jun), 2022",Persons,Diploma Or Certificate (Below Graduate Level) in Engineering/Technology -08,Rural+Urban,0.6,,2084
India,"PLFS Year (Jul - Jun), 2022",Male,Diploma Or Certificate (Below Graduate Level) in Medicine -09,Rural,0.1,,66
India,"PLFS Year (Jul - Jun), 2022",Female,Diploma Or Certificate (Below Graduate Level) in Medicine -09,Rural,0.1,,116
India,"PLFS Year (Jul - Jun), 2022",Persons,Diploma Or Certificate (Below Graduate Level) in Medicine -09,Rural,0.1,,182
India,"PLFS Year (Jul - Jun), 2022",Male,Diploma Or Certificate (Below Graduate Level) in Medicine -09,Urban,0.2,,123
India,"PLFS Year (Jul - Jun), 2022",Female,Diploma Or Certificate (Below Graduate Level) in Medicine -09,Urban,0.3,,178
India,"PLFS Year (Jul - Jun), 2022",Persons,Diploma Or Certificate (Below Graduate Level) in Medicine -09,Urban,0.2,,301
India,"PLFS Year (Jul - Jun), 2022",Male,Diploma Or Certificate (Below Graduate Level) in Medicine -09,Rural+Urban,0.1,,189
India,"PLFS Year (Jul - Jun), 2022",Female,Diploma Or Certificate (Below Graduate Level) in Medicine -09,Rural+Urban,0.2,,294
India,"PLFS Year (Jul - Jun), 2022",Persons,Diploma Or Certificate (Below Graduate Level) in Medicine -09,Rural+Urban,0.1,,483
India,"PLFS Year (Jul - Jun), 2022",Male,Diploma Or Certificate (Below Graduate Level) in Crafts -10,Rural,0.0,,11
India,"PLFS Year (Jul - Jun), 2022",Female,Diploma Or Certificate (Below Graduate Level) in Crafts -10,Rural,0.0,,25
India,"PLFS Year (Jul - Jun), 2022",Persons,Diploma Or Certificate (Below Graduate Level) in Crafts -10,Rural,0.0,,36
India,"PLFS Year (Jul - Jun), 2022",Male,Diploma Or Certificate (Below Graduate Level) in Crafts -10,Urban,0.0,,18
India,"PLFS Year (Jul - Jun), 2022",Female,Diploma Or Certificate (Below Graduate Level) in Crafts -10,Urban,0.0,,19
India,"PLFS Year (Jul - Jun), 2022",Persons,Diploma Or Certificate (Below Graduate Level) in Crafts -10,Urban,0.0,,37
India,"PLFS Year (Jul - Jun), 2022",Male,Diploma Or Certificate (Below Graduate Level) in Crafts -10,Rural+Urban,0.0,,29
India,"PLFS Year (Jul - Jun), 2022",Female,Diploma Or Certificate (Below Graduate Level) in Crafts -10,Rural+Urban,0.0,,44
India,"PLFS Year (Jul - Jun), 2022",Persons,Diploma Or Certificate (Below Graduate Level) in Crafts -10,Rural+Urban,0.0,,73
India,"PLFS Year (Jul - Jun), 2022",Male,Diploma Or Certificate (Below Graduate Level) in Other Subjects -11,Rural,0.6,,641
India,"PLFS Year (Jul - Jun), 2022",Female,Diploma Or Certificate (Below Graduate Level) in Other Subjects -11,Rural,0.3,,362
India,"PLFS Year (Jul - Jun), 2022",Persons,Diploma Or Certificate (Below Graduate Level) in Other Subjects -11,Rural,0.5,,1003
India,"PLFS Year (Jul - Jun), 2022",Male,Diploma Or Certificate (Below Graduate Level) in Other Subjects -11,Urban,1.1,,735
India,"PLFS Year (Jul - Jun), 2022",Female,Diploma Or Certificate (Below Graduate Level) in Other Subjects -11,Urban,0.7,,498
India,"PLFS Year (Jul - Jun), 2022",Persons,Diploma Or Certificate (Below Graduate Level) in Other Subjects -11,Urban,0.9,,1233
India,"PLFS Year (Jul - Jun), 2022",Male,Diploma Or Certificate (Below Graduate Level) in Other Subjects -11,Rural+Urban,0.7,,1376
India,"PLFS Year (Jul - Jun), 2022",Female,Diploma Or Certificate (Below Graduate Level) in Other Subjects -11,Rural+Urban,0.4,,860
India,"PLFS Year (Jul - Jun), 2022",Persons,Diploma Or Certificate (Below Graduate Level) in Other Subjects -11,Rural+Urban,0.6,,2236
India,"PLFS Year (Jul - Jun), 2022",Male,Diploma Or Certificate (Graduate And Above Level) in Agriculture -12,Rural,0.0,,7
India,"PLFS Year (Jul - Jun), 2022",Female,Diploma Or Certificate (Graduate And Above Level) in Agriculture -12,Rural,0.0,,2
India,"PLFS Year (Jul - Jun), 2022",Persons,Diploma Or Certificate (Graduate And Above Level) in Agriculture -12,Rural,0.0,,9
India,"PLFS Year (Jul - Jun), 2022",Male,Diploma Or Certificate (Graduate And Above Level) in Agriculture -12,Urban,0.0,,10
India,"PLFS Year (Jul - Jun), 2022",Female,Diploma Or Certificate (Graduate And Above Level) in Agriculture -12,Urban,0.0,,5
India,"PLFS Year (Jul - Jun), 2022",Persons,Diploma Or Certificate (Graduate And Above Level) in Agriculture -12,Urban,0.0,,15
India,"PLFS Year (Jul - Jun), 2022",Male,Diploma Or Certificate (Graduate And Above Level) in Agriculture -12,Rural+Urban,0.0,,17
India,"PLFS Year (Jul - Jun), 2022",Female,Diploma Or Certificate (Graduate And Above Level) in Agriculture -12,Rural+Urban,0.0,,7
India,"PLFS Year (Jul - Jun), 2022",Persons,Diploma Or Certificate (Graduate And Above Level) in Agriculture -12,Rural+Urban,0.0,,24
India,"PLFS Year (Jul - Jun), 2022",Male,Diploma Or Certificate (Graduate And Above Level) in Engineering/Technology -13,Rural,0.2,,129
India,"PLFS Year (Jul - Jun), 2022",Female,Diploma Or Certificate (Graduate And Above Level) in Engineering/Technology -13,Rural,0.0,,47
India,"PLFS Year (Jul - Jun), 2022",Persons,Diploma Or Certificate (Graduate And Above Level) in Engineering/Technology -13,Rural,0.1,,176
India,"PLFS Year (Jul - Jun), 2022",Male,Diploma Or Certificate (Graduate And Above Level) in Engineering/Technology -13,Urban,0.7,,460
India,"PLFS Year (Jul - Jun), 2022",Female,Diploma Or Certificate (Graduate And Above Level) in Engineering/Technology -13,Urban,0.2,,145
India,"PLFS Year (Jul - Jun), 2022",Persons,Diploma Or Certificate (Graduate And Above Level) in Engineering/Technology -13,Urban,0.5,,605
India,"PLFS Year (Jul - Jun), 2022",Male,Diploma Or Certificate (Graduate And Above Level) in Engineering/Technology -13,Rural+Urban,0.3,,589
India,"PLFS Year (Jul - Jun), 2022",Female,Diploma Or Certificate (Graduate And Above Level) in Engineering/Technology -13,Rural+Urban,0.1,,192
India,"PLFS Year (Jul - Jun), 2022",Persons,Diploma Or Certificate (Graduate And Above Level) in Engineering/Technology -13,Rural+Urban,0.2,,781
India,"PLFS Year (Jul - Jun), 2022",Male,Diploma Or Certificate (Graduate And Above Level) in Medicine -14,Rural,0.1,,36
India,"PLFS Year (Jul - Jun), 2022",Female,Diploma Or Certificate (Graduate And Above Level) in Medicine -14,Rural,0.0,,40
India,"PLFS Year (Jul - Jun), 2022",Persons,Diploma Or Certificate (Graduate And Above Level) in Medicine -14,Rural,0.1,,76
India,"PLFS Year (Jul - Jun), 2022",Male,Diploma Or Certificate (Graduate And Above Level) in Medicine -14,Urban,0.2,,123
India,"PLFS Year (Jul - Jun), 2022",Female,Diploma Or Certificate (Graduate And Above Level) in Medicine -14,Urban,0.1,,102
India,"PLFS Year (Jul - Jun), 2022",Persons,Diploma Or Certificate (Graduate And Above Level) in Medicine -14,Urban,0.2,,225
India,"PLFS Year (Jul - Jun), 2022",Male,Diploma Or Certificate (Graduate And Above Level) in Medicine -14,Rural+Urban,0.1,,159
India,"PLFS Year (Jul - Jun), 2022",Female,Diploma Or Certificate (Graduate And Above Level) in Medicine -14,Rural+Urban,0.1,,142
India,"PLFS Year (Jul - Jun), 2022",Persons,Diploma Or Certificate (Graduate And Above Level) in Medicine -14,Rural+Urban,0.1,,301
India,"PLFS Year (Jul - Jun), 2022",Male,Diploma Or Certificate (Graduate And Above Level) in Crafts -15,Rural,0.0,,3
India,"PLFS Year (Jul - Jun), 2022",Female,Diploma Or Certificate (Graduate And Above Level) in Crafts -15,Rural,0.0,,3
India,"PLFS Year (Jul - Jun), 2022",Persons,Diploma Or Certificate (Graduate And Above Level) in Crafts -15,Rural,0.0,,6
India,"PLFS Year (Jul - Jun), 2022",Male,Diploma Or Certificate (Graduate And Above Level) in Crafts -15,Urban,0.0,,5
India,"PLFS Year (Jul - Jun), 2022",Female,Diploma Or Certificate (Graduate And Above Level) in Crafts -15,Urban,0.0,,8
India,"PLFS Year (Jul - Jun), 2022",Persons,Diploma Or Certificate (Graduate And Above Level) in Crafts -15,Urban,0.0,,13
India,"PLFS Year (Jul - Jun), 2022",Male,Diploma Or Certificate (Graduate And Above Level) in Crafts -15,Rural+Urban,0.0,,8
India,"PLFS Year (Jul - Jun), 2022",Female,Diploma Or Certificate (Graduate And Above Level) in Crafts -15,Rural+Urban,0.0,,11
India,"PLFS Year (Jul - Jun), 2022",Persons,Diploma Or Certificate (Graduate And Above Level) in Crafts -15,Rural+Urban,0.0,,19
India,"PLFS Year (Jul - Jun), 2022",Male,Diploma Or Certificate (Graduate And Above Level) in Other Subjects -16,Rural,0.2,,196
India,"PLFS Year (Jul - Jun), 2022",Female,Diploma Or Certificate (Graduate And Above Level) in Other Subjects -16,Rural,0.2,,133
India,"PLFS Year (Jul - Jun), 2022",Persons,Diploma Or Certificate (Graduate And Above Level) in Other Subjects -16,Rural,0.2,,329
India,"PLFS Year (Jul - Jun), 2022",Male,Diploma Or Certificate (Graduate And Above Level) in Other Subjects -16,Urban,0.6,,367
India,"PLFS Year (Jul - Jun), 2022",Female,Diploma Or Certificate (Graduate And Above Level) in Other Subjects -16,Urban,0.7,,406
India,"PLFS Year (Jul - Jun), 2022",Persons,Diploma Or Certificate (Graduate And Above Level) in Other Subjects -16,Urban,0.6,,773
India,"PLFS Year (Jul - Jun), 2022",Male,Diploma Or Certificate (Graduate And Above Level) in Other Subjects -16,Rural+Urban,0.3,,563
India,"PLFS Year (Jul - Jun), 2022",Female,Diploma Or Certificate (Graduate And Above Level) in Other Subjects -16,Rural+Urban,0.3,,539
India,"PLFS Year (Jul - Jun), 2022",Persons,Diploma Or Certificate (Graduate And Above Level) in Other Subjects -16,Rural+Urban,0.3,,1102
India,"PLFS Year (Jul - Jun), 2021",Male,No Technical Education -01,Rural,97.3,2978895.0,91071
India,"PLFS Year (Jul - Jun), 2021",Female,No Technical Education -01,Rural,98.7,3005400.0,90947
India,"PLFS Year (Jul - Jun), 2021",Persons,No Technical Education -01,Rural,98.0,5984295.0,182018
India,"PLFS Year (Jul - Jun), 2021",Male,No Technical Education -01,Urban,91.0,1181885.0,66073
India,"PLFS Year (Jul - Jun), 2021",Female,No Technical Education -01,Urban,95.3,1194482.0,66951
India,"PLFS Year (Jul - Jun), 2021",Persons,No Technical Education -01,Urban,93.1,2376367.0,133024
India,"PLFS Year (Jul - Jun), 2021",Male,No Technical Education -01,Rural+Urban,95.4,4160780.0,157144
India,"PLFS Year (Jul - Jun), 2021",Female,No Technical Education -01,Rural+Urban,97.7,4199883.0,157898
India,"PLFS Year (Jul - Jun), 2021",Persons,No Technical Education -01,Rural+Urban,96.6,8360663.0,315042
India,"PLFS Year (Jul - Jun), 2021",Male,Technical Degree in Agriculture -02,Rural,0.0,627.0,15
India,"PLFS Year (Jul - Jun), 2021",Female,Technical Degree in Agriculture -02,Rural,0.0,336.0,4
India,"PLFS Year (Jul - Jun), 2021",Persons,Technical Degree in Agriculture -02,Rural,0.0,963.0,19
India,"PLFS Year (Jul - Jun), 2021",Male,Technical Degree in Agriculture -02,Urban,0.0,440.0,31
India,"PLFS Year (Jul - Jun), 2021",Female,Technical Degree in Agriculture -02,Urban,0.0,260.0,15
India,"PLFS Year (Jul - Jun), 2021",Persons,Technical Degree in Agriculture -02,Urban,0.0,700.0,46
India,"PLFS Year (Jul - Jun), 2021",Male,Technical Degree in Agriculture -02,Rural+Urban,0.0,1067.0,46
India,"PLFS Year (Jul - Jun), 2021",Female,Technical Degree in Agriculture -02,Rural+Urban,0.0,596.0,19
India,"PLFS Year (Jul - Jun), 2021",Persons,Technical Degree in Agriculture -02,Rural+Urban,0.0,1663.0,65
India,"PLFS Year (Jul - Jun), 2021",Male,Technical Degree in Engineering/Technology -03,Rural,0.4,12450.0,314
India,"PLFS Year (Jul - Jun), 2021",Female,Technical Degree in Engineering/Technology -03,Rural,0.2,4640.0,84
India,"PLFS Year (Jul - Jun), 2021",Persons,Technical Degree in Engineering/Technology -03,Rural,0.3,17090.0,398
India,"PLFS Year (Jul - Jun), 2021",Male,Technical Degree in Engineering/Technology -03,Urban,2.9,37693.0,1599
India,"PLFS Year (Jul - Jun), 2021",Female,Technical Degree in Engineering/Technology -03,Urban,1.0,12976.0,550
India,"PLFS Year (Jul - Jun), 2021",Persons,Technical Degree in Engineering/Technology -03,Urban,2.0,50669.0,2149
India,"PLFS Year (Jul - Jun), 2021",Male,Technical Degree in Engineering/Technology -03,Rural+Urban,1.1,50144.0,1913
India,"PLFS Year (Jul - Jun), 2021",Female,Technical Degree in Engineering/Technology -03,Rural+Urban,0.4,17615.0,634
India,"PLFS Year (Jul - Jun), 2021",Persons,Technical Degree in Engineering/Technology -03,Rural+Urban,0.8,67759.0,2547
India,"PLFS Year (Jul - Jun), 2021",Male,Technical Degree in Medicine -04,Rural,0.0,1316.0,39
India,"PLFS Year (Jul - Jun), 2021",Female,Technical Degree in Medicine -04,Rural,0.0,1410.0,43
India,"PLFS Year (Jul - Jun), 2021",Persons,Technical Degree in Medicine -04,Rural,0.0,2726.0,82
India,"PLFS Year (Jul - Jun), 2021",Male,Technical Degree in Medicine -04,Urban,0.3,3393.0,173
India,"PLFS Year (Jul - Jun), 2021",Female,Technical Degree in Medicine -04,Urban,0.3,3298.0,176
India,"PLFS Year (Jul - Jun), 2021",Persons,Technical Degree in Medicine -04,Urban,0.3,6691.0,349
India,"PLFS Year (Jul - Jun), 2021",Male,Technical Degree in Medicine -04,Rural+Urban,0.1,4709.0,212
India,"PLFS Year (Jul - Jun), 2021",Female,Technical Degree in Medicine -04,Rural+Urban,0.1,4708.0,219
India,"PLFS Year (Jul - Jun), 2021",Persons,Technical Degree in Medicine -04,Rural+Urban,0.1,9417.0,431
India,"PLFS Year (Jul - Jun), 2021",Male,Technical Degree in Crafts -05,Rural,0.0,76.0,4
India,"PLFS Year (Jul - Jun), 2021",Female,Technical Degree in Crafts -05,Rural,0.0,53.0,2
India,"PLFS Year (Jul - Jun), 2021",Persons,Technical Degree in Crafts -05,Rural,0.0,128.0,6
India,"PLFS Year (Jul - Jun), 2021",Male,Technical Degree in Crafts -05,Urban,0.0,81.0,5
India,"PLFS Year (Jul - Jun), 2021",Female,Technical Degree in Crafts -05,Urban,0.0,152.0,10
India,"PLFS Year (Jul - Jun), 2021",Persons,Technical Degree in Crafts -05,Urban,0.0,233.0,15
India,"PLFS Year (Jul - Jun), 2021",Male,Technical Degree in Crafts -05,Rural+Urban,0.0,157.0,9
India,"PLFS Year (Jul - Jun), 2021",Female,Technical Degree in Crafts -05,Rural+Urban,0.0,204.0,12
India,"PLFS Year (Jul - Jun), 2021",Persons,Technical Degree in Crafts -05,Rural+Urban,0.0,361.0,21
India,"PLFS Year (Jul - Jun), 2021",Male,Technical Degree in Other Subjects -06,Rural,0.3,7672.0,238
India,"PLFS Year (Jul - Jun), 2021",Female,Technical Degree in Other Subjects -06,Rural,0.2,7104.0,175
India,"PLFS Year (Jul - Jun), 2021",Persons,Technical Degree in Other Subjects -06,Rural,0.2,14776.0,413
India,"PLFS Year (Jul - Jun), 2021",Male,Technical Degree in Other Subjects -06,Urban,1.0,12344.0,622
India,"PLFS Year (Jul - Jun), 2021",Female,Technical Degree in Other Subjects -06,Urban,0.9,11663.0,600
India,"PLFS Year (Jul - Jun), 2021",Persons,Technical Degree in Other Subjects -06,Urban,0.9,24008.0,1222
India,"PLFS Year (Jul - Jun), 2021",Male,Technical Degree in Other Subjects -06,Rural+Urban,0.5,20016.0,860
India,"PLFS Year (Jul - Jun), 2021",Female,Technical Degree in Other Subjects -06,Rural+Urban,0.4,18767.0,775
India,"PLFS Year (Jul - Jun), 2021",Persons,Technical Degree in Other Subjects -06,Rural+Urban,0.4,38783.0,1635
India,"PLFS Year (Jul - Jun), 2021",Male,Diploma Or Certificate (Below Graduate Level) in Agriculture -07,Rural,0.0,897.0,20
India,"PLFS Year (Jul - Jun), 2021",Female,Diploma Or Certificate (Below Graduate Level) in Agriculture -07,Rural,0.0,177.0,5
India,"PLFS Year (Jul - Jun), 2021",Persons,Diploma Or Certificate (Below Graduate Level) in Agriculture -07,Rural,0.0,1074.0,25
India,"PLFS Year (Jul - Jun), 2021",Male,Diploma Or Certificate (Below Graduate Level) in Agriculture -07,Urban,0.0,313.0,11
India,"PLFS Year (Jul - Jun), 2021",Female,Diploma Or Certificate (Below Graduate Level) in Agriculture -07,Urban,0.0,72.0,3
India,"PLFS Year (Jul - Jun), 2021",Persons,Diploma Or Certificate (Below Graduate Level) in Agriculture -07,Urban,0.0,385.0,14
India,"PLFS Year (Jul - Jun), 2021",Male,Diploma Or Certificate (Below Graduate Level) in Agriculture -07,Rural+Urban,0.0,1210.0,31
India,"PLFS Year (Jul - Jun), 2021",Female,Diploma Or Certificate (Below Graduate Level) in Agriculture -07,Rural+Urban,0.0,249.0,8
India,"PLFS Year (Jul - Jun), 2021",Persons,Diploma Or Certificate (Below Graduate Level) in Agriculture -07,Rural+Urban,0.0,1459.0,39
India,"PLFS Year (Jul - Jun), 2021",Male,Diploma Or Certificate (Below Graduate Level) in Engineering/Technology -08,Rural,0.8,24130.0,688
India,"PLFS Year (Jul - Jun), 2021",Female,Diploma Or Certificate (Below Graduate Level) in Engineering/Technology -08,Rural,0.1,3121.0,105
India,"PLFS Year (Jul - Jun), 2021",Persons,Diploma Or Certificate (Below Graduate Level) in Engineering/Technology -08,Rural,0.4,27251.0,793
India,"PLFS Year (Jul - Jun), 2021",Male,Diploma Or Certificate (Below Graduate Level) in Engineering/Technology -08,Urban,1.7,21944.0,1128
India,"PLFS Year (Jul - Jun), 2021",Female,Diploma Or Certificate (Below Graduate Level) in Engineering/Technology -08,Urban,0.3,3516.0,221
India,"PLFS Year (Jul - Jun), 2021",Persons,Diploma Or Certificate (Below Graduate Level) in Engineering/Technology -08,Urban,1.0,25460.0,1349
India,"PLFS Year (Jul - Jun), 2021",Male,Diploma Or Certificate (Below Graduate Level) in Engineering/Technology -08,Rural+Urban,1.1,46074.0,1816
India,"PLFS Year (Jul - Jun), 2021",Female,Diploma Or Certificate (Below Graduate Level) in Engineering/Technology -08,Rural+Urban,0.2,6636.0,326
India,"PLFS Year (Jul - Jun), 2021",Persons,Diploma Or Certificate (Below Graduate Level) in Engineering/Technology -08,Rural+Urban,0.6,52710.0,2142
India,"PLFS Year (Jul - Jun), 2021",Male,Diploma Or Certificate (Below Graduate Level) in Medicine -09,Rural,0.1,2377.0,66
India,"PLFS Year (Jul - Jun), 2021",Female,Diploma Or Certificate (Below Graduate Level) in Medicine -09,Rural,0.1,3233.0,106
India,"PLFS Year (Jul - Jun), 2021",Persons,Diploma Or Certificate (Below Graduate Level) in Medicine -09,Rural,0.1,5610.0,172
India,"PLFS Year (Jul - Jun), 2021",Male,Diploma Or Certificate (Below Graduate Level) in Medicine -09,Urban,0.1,1753.0,98
India,"PLFS Year (Jul - Jun), 2021",Female,Diploma Or Certificate (Below Graduate Level) in Medicine -09,Urban,0.2,3061.0,170
India,"PLFS Year (Jul - Jun), 2021",Persons,Diploma Or Certificate (Below Graduate Level) in Medicine -09,Urban,0.2,4814.0,268
India,"PLFS Year (Jul - Jun), 2021",Male,Diploma Or Certificate (Below Graduate Level) in Medicine -09,Rural+Urban,0.1,4130.0,164
India,"PLFS Year (Jul - Jun), 2021",Female,Diploma Or Certificate (Below Graduate Level) in Medicine -09,Rural+Urban,0.1,6295.0,276
India,"PLFS Year (Jul - Jun), 2021",Persons,Diploma Or Certificate (Below Graduate Level) in Medicine -09,Rural+Urban,0.1,10424.0,440
India,"PLFS Year (Jul - Jun), 2021",Male,Diploma Or Certificate (Below Graduate Level) in Crafts -10,Rural,0.0,297.0,4
India,"PLFS Year (Jul - Jun), 2021",Female,Diploma Or Certificate (Below Graduate Level) in Crafts -10,Rural,0.0,749.0,27
India,"PLFS Year (Jul - Jun), 2021",Persons,Diploma Or Certificate (Below Graduate Level) in Crafts -10,Rural,0.0,1046.0,31
India,"PLFS Year (Jul - Jun), 2021",Male,Diploma Or Certificate (Below Graduate Level) in Crafts -10,Urban,0.0,491.0,17
India,"PLFS Year (Jul - Jun), 2021",Female,Diploma Or Certificate (Below Graduate Level) in Crafts -10,Urban,0.0,260.0,20
India,"PLFS Year (Jul - Jun), 2021",Persons,Diploma Or Certificate (Below Graduate Level) in Crafts -10,Urban,0.0,751.0,37
India,"PLFS Year (Jul - Jun), 2021",Male,Diploma Or Certificate (Below Graduate Level) in Crafts -10,Rural+Urban,0.0,789.0,21
India,"PLFS Year (Jul - Jun), 2021",Female,Diploma Or Certificate (Below Graduate Level) in Crafts -10,Rural+Urban,0.0,1009.0,47
India,"PLFS Year (Jul - Jun), 2021",Persons,Diploma Or Certificate (Below Graduate Level) in Crafts -10,Rural+Urban,0.0,1798.0,68
India,"PLFS Year (Jul - Jun), 2021",Male,Diploma Or Certificate (Below Graduate Level) in Other Subjects -11,Rural,0.6,18485.0,602
India,"PLFS Year (Jul - Jun), 2021",Female,Diploma Or Certificate (Below Graduate Level) in Other Subjects -11,Rural,0.4,10720.0,351
India,"PLFS Year (Jul - Jun), 2021",Persons,Diploma Or Certificate (Below Graduate Level) in Other Subjects -11,Rural,0.5,29205.0,953
India,"PLFS Year (Jul - Jun), 2021",Male,Diploma Or Certificate (Below Graduate Level) in Other Subjects -11,Urban,1.2,15280.0,767
India,"PLFS Year (Jul - Jun), 2021",Female,Diploma Or Certificate (Below Graduate Level) in Other Subjects -11,Urban,0.7,9211.0,495
India,"PLFS Year (Jul - Jun), 2021",Persons,Diploma Or Certificate (Below Graduate Level) in Other Subjects -11,Urban,1.0,24491.0,1262
India,"PLFS Year (Jul - Jun), 2021",Male,Diploma Or Certificate (Below Graduate Level) in Other Subjects -11,Rural+Urban,0.8,33765.0,1369
India,"PLFS Year (Jul - Jun), 2021",Female,Diploma Or Certificate (Below Graduate Level) in Other Subjects -11,Rural+Urban,0.5,19932.0,846
India,"PLFS Year (Jul - Jun), 2021",Persons,Diploma Or Certificate (Below Graduate Level) in Other Subjects -11,Rural+Urban,0.6,53696.0,2215
India,"PLFS Year (Jul - Jun), 2021",Male,Diploma Or Certificate (Graduate And Above Level) in Agriculture -12,Rural,0.0,22.0,3
India,"PLFS Year (Jul - Jun), 2021",Female,Diploma Or Certificate (Graduate And Above Level) in Agriculture -12,Rural,0.0,3.0,1
India,"PLFS Year (Jul - Jun), 2021",Persons,Diploma Or Certificate (Graduate And Above Level) in Agriculture -12,Rural,0.0,25.0,4
India,"PLFS Year (Jul - Jun), 2021",Male,Diploma Or Certificate (Graduate And Above Level) in Agriculture -12,Urban,0.0,205.0,11
India,"PLFS Year (Jul - Jun), 2021",Female,Diploma Or Certificate (Graduate And Above Level) in Agriculture -12,Urban,0.0,116.0,7
India,"PLFS Year (Jul - Jun), 2021",Persons,Diploma Or Certificate (Graduate And Above Level) in Agriculture -12,Urban,0.0,321.0,18
India,"PLFS Year (Jul - Jun), 2021",Male,Diploma Or Certificate (Graduate And Above Level) in Agriculture -12,Rural+Urban,0.0,227.0,14
India,"PLFS Year (Jul - Jun), 2021",Female,Diploma Or Certificate (Graduate And Above Level) in Agriculture -12,Rural+Urban,0.0,119.0,8
India,"PLFS Year (Jul - Jun), 2021",Persons,Diploma Or Certificate (Graduate And Above Level) in Agriculture -12,Rural+Urban,0.0,346.0,22
India,"PLFS Year (Jul - Jun), 2021",Male,Diploma Or Certificate (Graduate And Above Level) in Engineering/Technology -13,Rural,0.1,4469.0,135
India,"PLFS Year (Jul - Jun), 2021",Female,Diploma Or Certificate (Graduate And Above Level) in Engineering/Technology -13,Rural,0.0,800.0,46
India,"PLFS Year (Jul - Jun), 2021",Persons,Diploma Or Certificate (Graduate And Above Level) in Engineering/Technology -13,Rural,0.1,5269.0,181
India,"PLFS Year (Jul - Jun), 2021",Male,Diploma Or Certificate (Graduate And Above Level) in Engineering/Technology -13,Urban,0.9,11467.0,518
India,"PLFS Year (Jul - Jun), 2021",Female,Diploma Or Certificate (Graduate And Above Level) in Engineering/Technology -13,Urban,0.3,3519.0,167
India,"PLFS Year (Jul - Jun), 2021",Persons,Diploma Or Certificate (Graduate And Above Level) in Engineering/Technology -13,Urban,0.6,14985.0,685
India,"PLFS Year (Jul - Jun), 2021",Male,Diploma Or Certificate (Graduate And Above Level) in Engineering/Technology -13,Rural+Urban,0.4,15936.0,653
India,"PLFS Year (Jul - Jun), 2021",Female,Diploma Or Certificate (Graduate And Above Level) in Engineering/Technology -13,Rural+Urban,0.1,4319.0,213
India,"PLFS Year (Jul - Jun), 2021",Persons,Diploma Or Certificate (Graduate And Above Level) in Engineering/Technology -13,Rural+Urban,0.2,20254.0,866
India,"PLFS Year (Jul - Jun), 2021",Male,Diploma Or Certificate (Graduate And Above Level) in Medicine -14,Rural,0.0,999.0,29
India,"PLFS Year (Jul - Jun), 2021",Female,Diploma Or Certificate (Graduate And Above Level) in Medicine -14,Rural,0.0,738.0,26
India,"PLFS Year (Jul - Jun), 2021",Persons,Diploma Or Certificate (Graduate And Above Level) in Medicine -14,Rural,0.0,1737.0,55
India,"PLFS Year (Jul - Jun), 2021",Male,Diploma Or Certificate (Graduate And Above Level) in Medicine -14,Urban,0.2,2197.0,132
India,"PLFS Year (Jul - Jun), 2021",Female,Diploma Or Certificate (Graduate And Above Level) in Medicine -14,Urban,0.1,1635.0,88
India,"PLFS Year (Jul - Jun), 2021",Persons,Diploma Or Certificate (Graduate And Above Level) in Medicine -14,Urban,0.2,3832.0,220
India,"PLFS Year (Jul - Jun), 2021",Male,Diploma Or Certificate (Graduate And Above Level) in Medicine -14,Rural+Urban,0.1,3196.0,161
India,"PLFS Year (Jul - Jun), 2021",Female,Diploma Or Certificate (Graduate And Above Level) in Medicine -14,Rural+Urban,0.1,2373.0,114
India,"PLFS Year (Jul - Jun), 2021",Persons,Diploma Or Certificate (Graduate And Above Level) in Medicine -14,Rural+Urban,0.1,5569.0,275
India,"PLFS Year (Jul - Jun), 2021",Male,Diploma Or Certificate (Graduate And Above Level) in Crafts -15,Rural,0.0,86.0,2
India,"PLFS Year (Jul - Jun), 2021",Female,Diploma Or Certificate (Graduate And Above Level) in Crafts -15,Rural,0.0,39.0,1
India,"PLFS Year (Jul - Jun), 2021",Persons,Diploma Or Certificate (Graduate And Above Level) in Crafts -15,Rural,0.0,125.0,3
India,"PLFS Year (Jul - Jun), 2021",Male,Diploma Or Certificate (Graduate And Above Level) in Crafts -15,Urban,0.0,119.0,8
India,"PLFS Year (Jul - Jun), 2021",Female,Diploma Or Certificate (Graduate And Above Level) in Crafts -15,Urban,0.0,190.0,10
India,"PLFS Year (Jul - Jun), 2021",Persons,Diploma Or Certificate (Graduate And Above Level) in Crafts -15,Urban,0.0,309.0,18
India,"PLFS Year (Jul - Jun), 2021",Male,Diploma Or Certificate (Graduate And Above Level) in Crafts -15,Rural+Urban,0.0,205.0,10
India,"PLFS Year (Jul - Jun), 2021",Female,Diploma Or Certificate (Graduate And Above Level) in Crafts -15,Rural+Urban,0.0,229.0,11
India,"PLFS Year (Jul - Jun), 2021",Persons,Diploma Or Certificate (Graduate And Above Level) in Crafts -15,Rural+Urban,0.0,434.0,21
India,"PLFS Year (Jul - Jun), 2021",Male,Diploma Or Certificate (Graduate And Above Level) in Other Subjects -16,Rural,0.3,9081.0,232
India,"PLFS Year (Jul - Jun), 2021",Female,Diploma Or Certificate (Graduate And Above Level) in Other Subjects -16,Rural,0.2,5049.0,166
India,"PLFS Year (Jul - Jun), 2021",Persons,Diploma Or Certificate (Graduate And Above Level) in Other Subjects -16,Rural,0.2,14130.0,398
India,"PLFS Year (Jul - Jun), 2021",Male,Diploma Or Certificate (Graduate And Above Level) in Other Subjects -16,Urban,0.7,9005.0,411
India,"PLFS Year (Jul - Jun), 2021",Female,Diploma Or Certificate (Graduate And Above Level) in Other Subjects -16,Urban,0.7,9046.0,443
India,"PLFS Year (Jul - Jun), 2021",Persons,Diploma Or Certificate (Graduate And Above Level) in Other Subjects -16,Urban,0.7,18051.0,854
India,"PLFS Year (Jul - Jun), 2021",Male,Diploma Or Certificate (Graduate And Above Level) in Other Subjects -16,Rural+Urban,0.4,18087.0,643
India,"PLFS Year (Jul - Jun), 2021",Female,Diploma Or Certificate (Graduate And Above Level) in Other Subjects -16,Rural+Urban,0.3,14095.0,609
India,"PLFS Year (Jul - Jun), 2021",Persons,Diploma Or Certificate (Graduate And Above Level) in Other Subjects -16,Rural+Urban,0.4,32181.0,1252
India,"PLFS Year (Jul - Jun), 2020",Male,No Technical Education -01,Rural,97.4,2828218.0,87744
India,"PLFS Year (Jul - Jun), 2020",Female,No Technical Education -01,Rural,98.8,2851504.0,87101
India,"PLFS Year (Jul - Jun), 2020",Persons,No Technical Education -01,Rural,98.1,5679722.0,174845
India,"PLFS Year (Jul - Jun), 2020",Male,No Technical Education -01,Urban,91.8,1163221.0,64924
India,"PLFS Year (Jul - Jun), 2020",Female,No Technical Education -01,Urban,95.4,1187692.0,65649
India,"PLFS Year (Jul - Jun), 2020",Persons,No Technical Education -01,Urban,93.6,2350914.0,130573
India,"PLFS Year (Jul - Jun), 2020",Male,No Technical Education -01,Rural+Urban,95.7,3991440.0,152668
India,"PLFS Year (Jul - Jun), 2020",Female,No Technical Education -01,Rural+Urban,97.8,4039196.0,152750
India,"PLFS Year (Jul - Jun), 2020",Persons,No Technical Education -01,Rural+Urban,96.7,8030636.0,305418
India,"PLFS Year (Jul - Jun), 2020",Male,Technical Degree in Agriculture -02,Rural,0.0,158.0,6
India,"PLFS Year (Jul - Jun), 2020",Female,Technical Degree in Agriculture -02,Rural,0.0,127.0,5
India,"PLFS Year (Jul - Jun), 2020",Persons,Technical Degree in Agriculture -02,Rural,0.0,285.0,11
India,"PLFS Year (Jul - Jun), 2020",Male,Technical Degree in Agriculture -02,Urban,0.0,363.0,18
India,"PLFS Year (Jul - Jun), 2020",Female,Technical Degree in Agriculture -02,Urban,0.0,125.0,8
India,"PLFS Year (Jul - Jun), 2020",Persons,Technical Degree in Agriculture -02,Urban,0.0,487.0,26
India,"PLFS Year (Jul - Jun), 2020",Male,Technical Degree in Agriculture -02,Rural+Urban,0.0,520.0,24
India,"PLFS Year (Jul - Jun), 2020",Female,Technical Degree in Agriculture -02,Rural+Urban,0.0,252.0,13
India,"PLFS Year (Jul - Jun), 2020",Persons,Technical Degree in Agriculture -02,Rural+Urban,0.0,772.0,37
India,"PLFS Year (Jul - Jun), 2020",Male,Technical Degree in Engineering/Technology -03,Rural,0.4,12152.0,304
India,"PLFS Year (Jul - Jun), 2020",Female,Technical Degree in Engineering/Technology -03,Rural,0.1,4260.0,77
India,"PLFS Year (Jul - Jun), 2020",Persons,Technical Degree in Engineering/Technology -03,Rural,0.3,16412.0,381
India,"PLFS Year (Jul - Jun), 2020",Male,Technical Degree in Engineering/Technology -03,Urban,2.4,30540.0,1317
India,"PLFS Year (Jul - Jun), 2020",Female,Technical Degree in Engineering/Technology -03,Urban,0.9,11412.0,515
India,"PLFS Year (Jul - Jun), 2020",Persons,Technical Degree in Engineering/Technology -03,Urban,1.7,41951.0,1832
India,"PLFS Year (Jul - Jun), 2020",Male,Technical Degree in Engineering/Technology -03,Rural+Urban,1.0,42692.0,1621
India,"PLFS Year (Jul - Jun), 2020",Female,Technical Degree in Engineering/Technology -03,Rural+Urban,0.4,15671.0,592
India,"PLFS Year (Jul - Jun), 2020",Persons,Technical Degree in Engineering/Technology -03,Rural+Urban,0.7,58363.0,2213
India,"PLFS Year (Jul - Jun), 2020",Male,Technical Degree in Medicine -04,Rural,0.1,1820.0,47
India,"PLFS Year (Jul - Jun), 2020",Female,Technical Degree in Medicine -04,Rural,0.0,908.0,29
India,"PLFS Year (Jul - Jun), 2020",Persons,Technical Degree in Medicine -04,Rural,0.0,2728.0,76
India,"PLFS Year (Jul - Jun), 2020",Male,Technical Degree in Medicine -04,Urban,0.2,2976.0,157
India,"PLFS Year (Jul - Jun), 2020",Female,Technical Degree in Medicine -04,Urban,0.3,3458.0,200
India,"PLFS Year (Jul - Jun), 2020",Persons,Technical Degree in Medicine -04,Urban,0.3,6434.0,357
India,"PLFS Year (Jul - Jun), 2020",Male,Technical Degree in Medicine -04,Rural+Urban,0.1,4795.0,204
India,"PLFS Year (Jul - Jun), 2020",Female,Technical Degree in Medicine -04,Rural+Urban,0.1,4367.0,229
India,"PLFS Year (Jul - Jun), 2020",Persons,Technical Degree in Medicine -04,Rural+Urban,0.1,9162.0,433
India,"PLFS Year (Jul - Jun), 2020",Male,Technical Degree in Crafts -05,Rural,0.0,17.0,1
India,"PLFS Year (Jul - Jun), 2020",Female,Technical Degree in Crafts -05,Rural,0.0,11.0,2
India,"PLFS Year (Jul - Jun), 2020",Persons,Technical Degree in Crafts -05,Rural,0.0,28.0,3
India,"PLFS Year (Jul - Jun), 2020",Male,Technical Degree in Crafts -05,Urban,0.0,41.0,3
India,"PLFS Year (Jul - Jun), 2020",Female,Technical Degree in Crafts -05,Urban,0.0,15.0,2
India,"PLFS Year (Jul - Jun), 2020",Persons,Technical Degree in Crafts -05,Urban,0.0,56.0,5
India,"PLFS Year (Jul - Jun), 2020",Male,Technical Degree in Crafts -05,Rural+Urban,0.0,58.0,4
India,"PLFS Year (Jul - Jun), 2020",Female,Technical Degree in Crafts -05,Rural+Urban,0.0,26.0,4
India,"PLFS Year (Jul - Jun), 2020",Persons,Technical Degree in Crafts -05,Rural+Urban,0.0,84.0,8
India,"PLFS Year (Jul - Jun), 2020",Male,Technical Degree in Other Subjects -06,Rural,0.3,8204.0,233
India,"PLFS Year (Jul - Jun), 2020",Female,Technical Degree in Other Subjects -06,Rural,0.2,5707.0,200
India,"PLFS Year (Jul - Jun), 2020",Persons,Technical Degree in Other Subjects -06,Rural,0.2,13911.0,433
India,"PLFS Year (Jul - Jun), 2020",Male,Technical Degree in Other Subjects -06,Urban,0.8,9684.0,523
India,"PLFS Year (Jul - Jun), 2020",Female,Technical Degree in Other Subjects -06,Urban,0.9,11264.0,562
India,"PLFS Year (Jul - Jun), 2020",Persons,Technical Degree in Other Subjects -06,Urban,0.8,20948.0,1085
India,"PLFS Year (Jul - Jun), 2020",Male,Technical Degree in Other Subjects -06,Rural+Urban,0.4,17888.0,756
India,"PLFS Year (Jul - Jun), 2020",Female,Technical Degree in Other Subjects -06,Rural+Urban,0.4,16971.0,762
India,"PLFS Year (Jul - Jun), 2020",Persons,Technical Degree in Other Subjects -06,Rural+Urban,0.4,34859.0,1518
India,"PLFS Year (Jul - Jun), 2020",Male,Diploma Or Certificate (Below Graduate Level) in Agriculture -07,Rural,0.0,337.0,10
India,"PLFS Year (Jul - Jun), 2020",Female,Diploma Or Certificate (Below Graduate Level) in Agriculture -07,Rural,0.0,82.0,6
India,"PLFS Year (Jul - Jun), 2020",Persons,Diploma Or Certificate (Below Graduate Level) in Agriculture -07,Rural,0.0,419.0,16
India,"PLFS Year (Jul - Jun), 2020",Male,Diploma Or Certificate (Below Graduate Level) in Agriculture -07,Urban,0.0,530.0,27
India,"PLFS Year (Jul - Jun), 2020",Female,Diploma Or Certificate (Below Graduate Level) in Agriculture -07,Urban,0.0,370.0,15
India,"PLFS Year (Jul - Jun), 2020",Persons,Diploma Or Certificate (Below Graduate Level) in Agriculture -07,Urban,0.0,900.0,42
India,"PLFS Year (Jul - Jun), 2020",Male,Diploma Or Certificate (Below Graduate Level) in Agriculture -07,Rural+Urban,0.0,867.0,37
India,"PLFS Year (Jul - Jun), 2020",Female,Diploma Or Certificate (Below Graduate Level) in Agriculture -07,Rural+Urban,0.0,452.0,21
India,"PLFS Year (Jul - Jun), 2020",Persons,Diploma Or Certificate (Below Graduate Level) in Agriculture -07,Rural+Urban,0.0,1320.0,58
India,"PLFS Year (Jul - Jun), 2020",Male,Diploma Or Certificate (Below Graduate Level) in Engineering/Technology -08,Rural,0.8,22271.0,676
India,"PLFS Year (Jul - Jun), 2020",Female,Diploma Or Certificate (Below Graduate Level) in Engineering/Technology -08,Rural,0.1,3672.0,114
India,"PLFS Year (Jul - Jun), 2020",Persons,Diploma Or Certificate (Below Graduate Level) in Engineering/Technology -08,Rural,0.4,25942.0,790
India,"PLFS Year (Jul - Jun), 2020",Male,Diploma Or Certificate (Below Graduate Level) in Engineering/Technology -08,Urban,2.0,25926.0,1254
India,"PLFS Year (Jul - Jun), 2020",Female,Diploma Or Certificate (Below Graduate Level) in Engineering/Technology -08,Urban,0.4,4438.0,272
India,"PLFS Year (Jul - Jun), 2020",Persons,Diploma Or Certificate (Below Graduate Level) in Engineering/Technology -08,Urban,1.2,30364.0,1526
India,"PLFS Year (Jul - Jun), 2020",Male,Diploma Or Certificate (Below Graduate Level) in Engineering/Technology -08,Rural+Urban,1.2,48197.0,1930
India,"PLFS Year (Jul - Jun), 2020",Female,Diploma Or Certificate (Below Graduate Level) in Engineering/Technology -08,Rural+Urban,0.2,8110.0,386
India,"PLFS Year (Jul - Jun), 2020",Persons,Diploma Or Certificate (Below Graduate Level) in Engineering/Technology -08,Rural+Urban,0.7,56306.0,2316
India,"PLFS Year (Jul - Jun), 2020",Male,Diploma Or Certificate (Below Graduate Level) in Medicine -09,Rural,0.1,2036.0,52
India,"PLFS Year (Jul - Jun), 2020",Female,Diploma Or Certificate (Below Graduate Level) in Medicine -09,Rural,0.1,2670.0,83
India,"PLFS Year (Jul - Jun), 2020",Persons,Diploma Or Certificate (Below Graduate Level) in Medicine -09,Rural,0.1,4706.0,135
India,"PLFS Year (Jul - Jun), 2020",Male,Diploma Or Certificate (Below Graduate Level) in Medicine -09,Urban,0.1,1790.0,97
India,"PLFS Year (Jul - Jun), 2020",Female,Diploma Or Certificate (Below Graduate Level) in Medicine -09,Urban,0.2,2874.0,160
India,"PLFS Year (Jul - Jun), 2020",Persons,Diploma Or Certificate (Below Graduate Level) in Medicine -09,Urban,0.2,4663.0,257
India,"PLFS Year (Jul - Jun), 2020",Male,Diploma Or Certificate (Below Graduate Level) in Medicine -09,Rural+Urban,0.1,3825.0,149
India,"PLFS Year (Jul - Jun), 2020",Female,Diploma Or Certificate (Below Graduate Level) in Medicine -09,Rural+Urban,0.1,5544.0,243
India,"PLFS Year (Jul - Jun), 2020",Persons,Diploma Or Certificate (Below Graduate Level) in Medicine -09,Rural+Urban,0.1,9369.0,392
India,"PLFS Year (Jul - Jun), 2020",Male,Diploma Or Certificate (Below Graduate Level) in Crafts -10,Rural,0.0,602.0,15
India,"PLFS Year (Jul - Jun), 2020",Female,Diploma Or Certificate (Below Graduate Level) in Crafts -10,Rural,0.0,689.0,29
India,"PLFS Year (Jul - Jun), 2020",Persons,Diploma Or Certificate (Below Graduate Level) in Crafts -10,Rural,0.0,1291.0,44
India,"PLFS Year (Jul - Jun), 2020",Male,Diploma Or Certificate (Below Graduate Level) in Crafts -10,Urban,0.0,394.0,25
India,"PLFS Year (Jul - Jun), 2020",Female,Diploma Or Certificate (Below Graduate Level) in Crafts -10,Urban,0.0,571.0,25
India,"PLFS Year (Jul - Jun), 2020",Persons,Diploma Or Certificate (Below Graduate Level) in Crafts -10,Urban,0.0,965.0,50
India,"PLFS Year (Jul - Jun), 2020",Male,Diploma Or Certificate (Below Graduate Level) in Crafts -10,Rural+Urban,0.0,996.0,40
India,"PLFS Year (Jul - Jun), 2020",Female,Diploma Or Certificate (Below Graduate Level) in Crafts -10,Rural+Urban,0.0,1260.0,54
India,"PLFS Year (Jul - Jun), 2020",Persons,Diploma Or Certificate (Below Graduate Level) in Crafts -10,Rural+Urban,0.0,2256.0,94
India,"PLFS Year (Jul - Jun), 2020",Male,Diploma Or Certificate (Below Graduate Level) in Other Subjects -11,Rural,0.5,13702.0,475
India,"PLFS Year (Jul - Jun), 2020",Female,Diploma Or Certificate (Below Graduate Level) in Other Subjects -11,Rural,0.3,9086.0,338
India,"PLFS Year (Jul - Jun), 2020",Persons,Diploma Or Certificate (Below Graduate Level) in Other Subjects -11,Rural,0.4,22788.0,813
India,"PLFS Year (Jul - Jun), 2020",Male,Diploma Or Certificate (Below Graduate Level) in Other Subjects -11,Urban,0.9,11648.0,594
India,"PLFS Year (Jul - Jun), 2020",Female,Diploma Or Certificate (Below Graduate Level) in Other Subjects -11,Urban,0.7,8544.0,490
India,"PLFS Year (Jul - Jun), 2020",Persons,Diploma Or Certificate (Below Graduate Level) in Other Subjects -11,Urban,0.8,20192.0,1084
India,"PLFS Year (Jul - Jun), 2020",Male,Diploma Or Certificate (Below Graduate Level) in Other Subjects -11,Rural+Urban,0.6,25350.0,1069
India,"PLFS Year (Jul - Jun), 2020",Female,Diploma Or Certificate (Below Graduate Level) in Other Subjects -11,Rural+Urban,0.4,17629.0,828
India,"PLFS Year (Jul - Jun), 2020",Persons,Diploma Or Certificate (Below Graduate Level) in Other Subjects -11,Rural+Urban,0.5,42979.0,1897
India,"PLFS Year (Jul - Jun), 2020",Male,Diploma Or Certificate (Graduate And Above Level) in Agriculture -12,Rural,0.0,330.0,11
India,"PLFS Year (Jul - Jun), 2020",Female,Diploma Or Certificate (Graduate And Above Level) in Agriculture -12,Rural,0.0,160.0,11
India,"PLFS Year (Jul - Jun), 2020",Persons,Diploma Or Certificate (Graduate And Above Level) in Agriculture -12,Rural,0.0,491.0,22
India,"PLFS Year (Jul - Jun), 2020",Male,Diploma Or Certificate (Graduate And Above Level) in Agriculture -12,Urban,0.0,456.0,28
India,"PLFS Year (Jul - Jun), 2020",Female,Diploma Or Certificate (Graduate And Above Level) in Agriculture -12,Urban,0.0,309.0,17
India,"PLFS Year (Jul - Jun), 2020",Persons,Diploma Or Certificate (Graduate And Above Level) in Agriculture -12,Urban,0.0,765.0,45
India,"PLFS Year (Jul - Jun), 2020",Male,Diploma Or Certificate (Graduate And Above Level) in Agriculture -12,Rural+Urban,0.0,787.0,39
India,"PLFS Year (Jul - Jun), 2020",Female,Diploma Or Certificate (Graduate And Above Level) in Agriculture -12,Rural+Urban,0.0,469.0,28
India,"PLFS Year (Jul - Jun), 2020",Persons,Diploma Or Certificate (Graduate And Above Level) in Agriculture -12,Rural+Urban,0.0,1256.0,67
India,"PLFS Year (Jul - Jun), 2020",Male,Diploma Or Certificate (Graduate And Above Level) in Engineering/Technology -13,Rural,0.2,5494.0,146
India,"PLFS Year (Jul - Jun), 2020",Female,Diploma Or Certificate (Graduate And Above Level) in Engineering/Technology -13,Rural,0.1,1757.0,44
India,"PLFS Year (Jul - Jun), 2020",Persons,Diploma Or Certificate (Graduate And Above Level) in Engineering/Technology -13,Rural,0.1,7251.0,190
India,"PLFS Year (Jul - Jun), 2020",Male,Diploma Or Certificate (Graduate And Above Level) in Engineering/Technology -13,Urban,0.7,9359.0,445
India,"PLFS Year (Jul - Jun), 2020",Female,Diploma Or Certificate (Graduate And Above Level) in Engineering/Technology -13,Urban,0.3,3710.0,163
India,"PLFS Year (Jul - Jun), 2020",Persons,Diploma Or Certificate (Graduate And Above Level) in Engineering/Technology -13,Urban,0.5,13070.0,608
India,"PLFS Year (Jul - Jun), 2020",Male,Diploma Or Certificate (Graduate And Above Level) in Engineering/Technology -13,Rural+Urban,0.4,14853.0,591
India,"PLFS Year (Jul - Jun), 2020",Female,Diploma Or Certificate (Graduate And Above Level) in Engineering/Technology -13,Rural+Urban,0.1,5467.0,207
India,"PLFS Year (Jul - Jun), 2020",Persons,Diploma Or Certificate (Graduate And Above Level) in Engineering/Technology -13,Rural+Urban,0.2,20320.0,798
India,"PLFS Year (Jul - Jun), 2020",Male,Diploma Or Certificate (Graduate And Above Level) in Medicine -14,Rural,0.0,1016.0,27
India,"PLFS Year (Jul - Jun), 2020",Female,Diploma Or Certificate (Graduate And Above Level) in Medicine -14,Rural,0.0,471.0,23
India,"PLFS Year (Jul - Jun), 2020",Persons,Diploma Or Certificate (Graduate And Above Level) in Medicine -14,Rural,0.0,1487.0,50
India,"PLFS Year (Jul - Jun), 2020",Male,Diploma Or Certificate (Graduate And Above Level) in Medicine -14,Urban,0.2,2319.0,103
India,"PLFS Year (Jul - Jun), 2020",Female,Diploma Or Certificate (Graduate And Above Level) in Medicine -14,Urban,0.1,1798.0,100
India,"PLFS Year (Jul - Jun), 2020",Persons,Diploma Or Certificate (Graduate And Above Level) in Medicine -14,Urban,0.2,4117.0,203
India,"PLFS Year (Jul - Jun), 2020",Male,Diploma Or Certificate (Graduate And Above Level) in Medicine -14,Rural+Urban,0.1,3335.0,130
India,"PLFS Year (Jul - Jun), 2020",Female,Diploma Or Certificate (Graduate And Above Level) in Medicine -14,Rural+Urban,0.1,2269.0,123
India,"PLFS Year (Jul - Jun), 2020",Persons,Diploma Or Certificate (Graduate And Above Level) in Medicine -14,Rural+Urban,0.1,5605.0,253
India,"PLFS Year (Jul - Jun), 2020",Male,Diploma Or Certificate (Graduate And Above Level) in Crafts -15,Rural,0.0,239.0,5
India,"PLFS Year (Jul - Jun), 2020",Female,Diploma Or Certificate (Graduate And Above Level) in Crafts -15,Rural,0.0,26.0,4
India,"PLFS Year (Jul - Jun), 2020",Persons,Diploma Or Certificate (Graduate And Above Level) in Crafts -15,Rural,0.0,266.0,9
India,"PLFS Year (Jul - Jun), 2020",Male,Diploma Or Certificate (Graduate And Above Level) in Crafts -15,Urban,0.0,183.0,7
India,"PLFS Year (Jul - Jun), 2020",Female,Diploma Or Certificate (Graduate And Above Level) in Crafts -15,Urban,0.0,139.0,8
India,"PLFS Year (Jul - Jun), 2020",Persons,Diploma Or Certificate (Graduate And Above Level) in Crafts -15,Urban,0.0,322.0,15
India,"PLFS Year (Jul - Jun), 2020",Male,Diploma Or Certificate (Graduate And Above Level) in Crafts -15,Rural+Urban,0.0,422.0,12
India,"PLFS Year (Jul - Jun), 2020",Female,Diploma Or Certificate (Graduate And Above Level) in Crafts -15,Rural+Urban,0.0,165.0,12
India,"PLFS Year (Jul - Jun), 2020",Persons,Diploma Or Certificate (Graduate And Above Level) in Crafts -15,Rural+Urban,0.0,588.0,24
India,"PLFS Year (Jul - Jun), 2020",Male,Diploma Or Certificate (Graduate And Above Level) in Other Subjects -16,Rural,0.2,6404.0,213
India,"PLFS Year (Jul - Jun), 2020",Female,Diploma Or Certificate (Graduate And Above Level) in Other Subjects -16,Rural,0.2,6012.0,168
India,"PLFS Year (Jul - Jun), 2020",Persons,Diploma Or Certificate (Graduate And Above Level) in Other Subjects -16,Rural,0.2,12417.0,381
India,"PLFS Year (Jul - Jun), 2020",Male,Diploma Or Certificate (Graduate And Above Level) in Other Subjects -16,Urban,0.6,8150.0,418
India,"PLFS Year (Jul - Jun), 2020",Female,Diploma Or Certificate (Graduate And Above Level) in Other Subjects -16,Urban,0.6,7998.0,411
India,"PLFS Year (Jul - Jun), 2020",Persons,Diploma Or Certificate (Graduate And Above Level) in Other Subjects -16,Urban,0.6,16147.0,829
India,"PLFS Year (Jul - Jun), 2020",Male,Diploma Or Certificate (Graduate And Above Level) in Other Subjects -16,Rural+Urban,0.3,14554.0,631
India,"PLFS Year (Jul - Jun), 2020",Female,Diploma Or Certificate (Graduate And Above Level) in Other Subjects -16,Rural+Urban,0.3,14010.0,579
India,"PLFS Year (Jul - Jun), 2020",Persons,Diploma Or Certificate (Graduate And Above Level) in Other Subjects -16,Rural+Urban,0.3,28564.0,1210
India,"PLFS Year (Jul - Jun), 2019",Male,No Technical Education -01,Rural,97.9,2793643.0,88733
India,"PLFS Year (Jul - Jun), 2019",Female,No Technical Education -01,Rural,99.0,2814663.0,88134
India,"PLFS Year (Jul - Jun), 2019",Persons,No Technical Education -01,Rural,98.4,5608306.0,176867
India,"PLFS Year (Jul - Jun), 2019",Male,No Technical Education -01,Urban,92.2,1239439.0,65827
India,"PLFS Year (Jul - Jun), 2019",Female,No Technical Education -01,Urban,95.3,1252651.0,66698
India,"PLFS Year (Jul - Jun), 2019",Persons,No Technical Education -01,Urban,93.7,2492090.0,132525
India,"PLFS Year (Jul - Jun), 2019",Male,No Technical Education -01,Rural+Urban,96.0,4033082.0,154560
India,"PLFS Year (Jul - Jun), 2019",Female,No Technical Education -01,Rural+Urban,97.8,4067314.0,154832
India,"PLFS Year (Jul - Jun), 2019",Persons,No Technical Education -01,Rural+Urban,96.9,8100396.0,309392
India,"PLFS Year (Jul - Jun), 2019",Male,Technical Degree in Agriculture -02,Rural,0.0,260.0,12
India,"PLFS Year (Jul - Jun), 2019",Female,Technical Degree in Agriculture -02,Rural,0.0,35.0,4
India,"PLFS Year (Jul - Jun), 2019",Persons,Technical Degree in Agriculture -02,Rural,0.0,295.0,16
India,"PLFS Year (Jul - Jun), 2019",Male,Technical Degree in Agriculture -02,Urban,0.1,1003.0,45
India,"PLFS Year (Jul - Jun), 2019",Female,Technical Degree in Agriculture -02,Urban,0.0,355.0,21
India,"PLFS Year (Jul - Jun), 2019",Persons,Technical Degree in Agriculture -02,Urban,0.1,1358.0,66
India,"PLFS Year (Jul - Jun), 2019",Male,Technical Degree in Agriculture -02,Rural+Urban,0.0,1263.0,57
India,"PLFS Year (Jul - Jun), 2019",Female,Technical Degree in Agriculture -02,Rural+Urban,0.0,390.0,25
India,"PLFS Year (Jul - Jun), 2019",Persons,Technical Degree in Agriculture -02,Rural+Urban,0.0,1653.0,82
India,"PLFS Year (Jul - Jun), 2019",Male,Technical Degree in Engineering/Technology -03,Rural,0.3,9101.0,256
India,"PLFS Year (Jul - Jun), 2019",Female,Technical Degree in Engineering/Technology -03,Rural,0.1,3489.0,64
India,"PLFS Year (Jul - Jun), 2019",Persons,Technical Degree in Engineering/Technology -03,Rural,0.2,12589.0,320
India,"PLFS Year (Jul - Jun), 2019",Male,Technical Degree in Engineering/Technology -03,Urban,2.1,27947.0,1170
India,"PLFS Year (Jul - Jun), 2019",Female,Technical Degree in Engineering/Technology -03,Urban,0.7,9812.0,434
India,"PLFS Year (Jul - Jun), 2019",Persons,Technical Degree in Engineering/Technology -03,Urban,1.4,37759.0,1604
India,"PLFS Year (Jul - Jun), 2019",Male,Technical Degree in Engineering/Technology -03,Rural+Urban,0.9,37048.0,1426
India,"PLFS Year (Jul - Jun), 2019",Female,Technical Degree in Engineering/Technology -03,Rural+Urban,0.3,13301.0,498
India,"PLFS Year (Jul - Jun), 2019",Persons,Technical Degree in Engineering/Technology -03,Rural+Urban,0.6,50348.0,1924
India,"PLFS Year (Jul - Jun), 2019",Male,Technical Degree in Medicine -04,Rural,0.0,963.0,31
India,"PLFS Year (Jul - Jun), 2019",Female,Technical Degree in Medicine -04,Rural,0.0,836.0,30
India,"PLFS Year (Jul - Jun), 2019",Persons,Technical Degree in Medicine -04,Rural,0.0,1798.0,61
India,"PLFS Year (Jul - Jun), 2019",Male,Technical Degree in Medicine -04,Urban,0.3,3766.0,192
India,"PLFS Year (Jul - Jun), 2019",Female,Technical Degree in Medicine -04,Urban,0.3,3509.0,174
India,"PLFS Year (Jul - Jun), 2019",Persons,Technical Degree in Medicine -04,Urban,0.3,7275.0,366
India,"PLFS Year (Jul - Jun), 2019",Male,Technical Degree in Medicine -04,Rural+Urban,0.1,4729.0,223
India,"PLFS Year (Jul - Jun), 2019",Female,Technical Degree in Medicine -04,Rural+Urban,0.1,4344.0,204
India,"PLFS Year (Jul - Jun), 2019",Persons,Technical Degree in Medicine -04,Rural+Urban,0.1,9074.0,427
India,"PLFS Year (Jul - Jun), 2019",Male,Technical Degree in Crafts -05,Rural,0.0,16.0,2
India,"PLFS Year (Jul - Jun), 2019",Female,Technical Degree in Crafts -05,Rural,0.0,9.0,2
India,"PLFS Year (Jul - Jun), 2019",Persons,Technical Degree in Crafts -05,Rural,0.0,25.0,4
India,"PLFS Year (Jul - Jun), 2019",Male,Technical Degree in Crafts -05,Urban,0.0,389.0,14
India,"PLFS Year (Jul - Jun), 2019",Female,Technical Degree in Crafts -05,Urban,0.0,133.0,8
India,"PLFS Year (Jul - Jun), 2019",Persons,Technical Degree in Crafts -05,Urban,0.0,522.0,22
India,"PLFS Year (Jul - Jun), 2019",Male,Technical Degree in Crafts -05,Rural+Urban,0.0,405.0,16
India,"PLFS Year (Jul - Jun), 2019",Female,Technical Degree in Crafts -05,Rural+Urban,0.0,143.0,10
India,"PLFS Year (Jul - Jun), 2019",Persons,Technical Degree in Crafts -05,Rural+Urban,0.0,547.0,26
India,"PLFS Year (Jul - Jun), 2019",Male,Technical Degree in Other Subjects -06,Rural,0.2,7135.0,255
India,"PLFS Year (Jul - Jun), 2019",Female,Technical Degree in Other Subjects -06,Rural,0.2,5177.0,174
India,"PLFS Year (Jul - Jun), 2019",Persons,Technical Degree in Other Subjects -06,Rural,0.2,12311.0,429
India,"PLFS Year (Jul - Jun), 2019",Male,Technical Degree in Other Subjects -06,Urban,0.8,11360.0,552
India,"PLFS Year (Jul - Jun), 2019",Female,Technical Degree in Other Subjects -06,Urban,1.3,17315.0,572
India,"PLFS Year (Jul - Jun), 2019",Persons,Technical Degree in Other Subjects -06,Urban,1.1,28676.0,1124
India,"PLFS Year (Jul - Jun), 2019",Male,Technical Degree in Other Subjects -06,Rural+Urban,0.4,18495.0,807
India,"PLFS Year (Jul - Jun), 2019",Female,Technical Degree in Other Subjects -06,Rural+Urban,0.5,22492.0,746
India,"PLFS Year (Jul - Jun), 2019",Persons,Technical Degree in Other Subjects -06,Rural+Urban,0.5,40987.0,1553
India,"PLFS Year (Jul - Jun), 2019",Male,Diploma Or Certificate (Below Graduate Level) in Agriculture -07,Rural,0.0,957.0,28
India,"PLFS Year (Jul - Jun), 2019",Female,Diploma Or Certificate (Below Graduate Level) in Agriculture -07,Rural,0.0,292.0,12
India,"PLFS Year (Jul - Jun), 2019",Persons,Diploma Or Certificate (Below Graduate Level) in Agriculture -07,Rural,0.0,1249.0,40
India,"PLFS Year (Jul - Jun), 2019",Male,Diploma Or Certificate (Below Graduate Level) in Agriculture -07,Urban,0.1,1007.0,46
India,"PLFS Year (Jul - Jun), 2019",Female,Diploma Or Certificate (Below Graduate Level) in Agriculture -07,Urban,0.0,493.0,21
India,"PLFS Year (Jul - Jun), 2019",Persons,Diploma Or Certificate (Below Graduate Level) in Agriculture -07,Urban,0.1,1501.0,67
India,"PLFS Year (Jul - Jun), 2019",Male,Diploma Or Certificate (Below Graduate Level) in Agriculture -07,Rural+Urban,0.0,1964.0,74
India,"PLFS Year (Jul - Jun), 2019",Female,Diploma Or Certificate (Below Graduate Level) in Agriculture -07,Rural+Urban,0.0,786.0,33
India,"PLFS Year (Jul - Jun), 2019",Persons,Diploma Or Certificate (Below Graduate Level) in Agriculture -07,Rural+Urban,0.0,2750.0,107
India,"PLFS Year (Jul - Jun), 2019",Male,Diploma Or Certificate (Below Graduate Level) in Engineering/Technology -08,Rural,0.7,21071.0,706
India,"PLFS Year (Jul - Jun), 2019",Female,Diploma Or Certificate (Below Graduate Level) in Engineering/Technology -08,Rural,0.1,3112.0,134
India,"PLFS Year (Jul - Jun), 2019",Persons,Diploma Or Certificate (Below Graduate Level) in Engineering/Technology -08,Rural,0.4,24183.0,840
India,"PLFS Year (Jul - Jun), 2019",Male,Diploma Or Certificate (Below Graduate Level) in Engineering/Technology -08,Urban,1.8,24521.0,1197
India,"PLFS Year (Jul - Jun), 2019",Female,Diploma Or Certificate (Below Graduate Level) in Engineering/Technology -08,Urban,0.4,5660.0,307
India,"PLFS Year (Jul - Jun), 2019",Persons,Diploma Or Certificate (Below Graduate Level) in Engineering/Technology -08,Urban,1.1,30181.0,1504
India,"PLFS Year (Jul - Jun), 2019",Male,Diploma Or Certificate (Below Graduate Level) in Engineering/Technology -08,Rural+Urban,1.1,45592.0,1903
India,"PLFS Year (Jul - Jun), 2019",Female,Diploma Or Certificate (Below Graduate Level) in Engineering/Technology -08,Rural+Urban,0.2,8772.0,441
India,"PLFS Year (Jul - Jun), 2019",Persons,Diploma Or Certificate (Below Graduate Level) in Engineering/Technology -08,Rural+Urban,0.7,54364.0,2344
India,"PLFS Year (Jul - Jun), 2019",Male,Diploma Or Certificate (Below Graduate Level) in Medicine -09,Rural,0.0,1086.0,37
India,"PLFS Year (Jul - Jun), 2019",Female,Diploma Or Certificate (Below Graduate Level) in Medicine -09,Rural,0.1,2077.0,69
India,"PLFS Year (Jul - Jun), 2019",Persons,Diploma Or Certificate (Below Graduate Level) in Medicine -09,Rural,0.1,3162.0,106
India,"PLFS Year (Jul - Jun), 2019",Male,Diploma Or Certificate (Below Graduate Level) in Medicine -09,Urban,0.1,1807.0,95
India,"PLFS Year (Jul - Jun), 2019",Female,Diploma Or Certificate (Below Graduate Level) in Medicine -09,Urban,0.2,2308.0,133
India,"PLFS Year (Jul - Jun), 2019",Persons,Diploma Or Certificate (Below Graduate Level) in Medicine -09,Urban,0.2,4115.0,228
India,"PLFS Year (Jul - Jun), 2019",Male,Diploma Or Certificate (Below Graduate Level) in Medicine -09,Rural+Urban,0.1,2893.0,132
India,"PLFS Year (Jul - Jun), 2019",Female,Diploma Or Certificate (Below Graduate Level) in Medicine -09,Rural+Urban,0.1,4385.0,202
India,"PLFS Year (Jul - Jun), 2019",Persons,Diploma Or Certificate (Below Graduate Level) in Medicine -09,Rural+Urban,0.1,7277.0,334
India,"PLFS Year (Jul - Jun), 2019",Male,Diploma Or Certificate (Below Graduate Level) in Crafts -10,Rural,0.0,691.0,20
India,"PLFS Year (Jul - Jun), 2019",Female,Diploma Or Certificate (Below Graduate Level) in Crafts -10,Rural,0.0,1152.0,28
India,"PLFS Year (Jul - Jun), 2019",Persons,Diploma Or Certificate (Below Graduate Level) in Crafts -10,Rural,0.0,1843.0,48
India,"PLFS Year (Jul - Jun), 2019",Male,Diploma Or Certificate (Below Graduate Level) in Crafts -10,Urban,0.0,574.0,30
India,"PLFS Year (Jul - Jun), 2019",Female,Diploma Or Certificate (Below Graduate Level) in Crafts -10,Urban,0.0,540.0,33
India,"PLFS Year (Jul - Jun), 2019",Persons,Diploma Or Certificate (Below Graduate Level) in Crafts -10,Urban,0.0,1114.0,63
India,"PLFS Year (Jul - Jun), 2019",Male,Diploma Or Certificate (Below Graduate Level) in Crafts -10,Rural+Urban,0.0,1265.0,50
India,"PLFS Year (Jul - Jun), 2019",Female,Diploma Or Certificate (Below Graduate Level) in Crafts -10,Rural+Urban,0.0,1692.0,61
India,"PLFS Year (Jul - Jun), 2019",Persons,Diploma Or Certificate (Below Graduate Level) in Crafts -10,Rural+Urban,0.0,2956.0,111
India,"PLFS Year (Jul - Jun), 2019",Male,Diploma Or Certificate (Below Graduate Level) in Other Subjects -11,Rural,0.4,11526.0,385
India,"PLFS Year (Jul - Jun), 2019",Female,Diploma Or Certificate (Below Graduate Level) in Other Subjects -11,Rural,0.2,7093.0,282
India,"PLFS Year (Jul - Jun), 2019",Persons,Diploma Or Certificate (Below Graduate Level) in Other Subjects -11,Rural,0.3,18620.0,667
India,"PLFS Year (Jul - Jun), 2019",Male,Diploma Or Certificate (Below Graduate Level) in Other Subjects -11,Urban,0.9,12541.0,632
India,"PLFS Year (Jul - Jun), 2019",Female,Diploma Or Certificate (Below Graduate Level) in Other Subjects -11,Urban,0.7,9024.0,493
India,"PLFS Year (Jul - Jun), 2019",Persons,Diploma Or Certificate (Below Graduate Level) in Other Subjects -11,Urban,0.8,21565.0,1125
India,"PLFS Year (Jul - Jun), 2019",Male,Diploma Or Certificate (Below Graduate Level) in Other Subjects -11,Rural+Urban,0.6,24067.0,1017
India,"PLFS Year (Jul - Jun), 2019",Female,Diploma Or Certificate (Below Graduate Level) in Other Subjects -11,Rural+Urban,0.4,16117.0,775
India,"PLFS Year (Jul - Jun), 2019",Persons,Diploma Or Certificate (Below Graduate Level) in Other Subjects -11,Rural+Urban,0.5,40185.0,1792
India,"PLFS Year (Jul - Jun), 2019",Male,Diploma Or Certificate (Graduate And Above Level) in Agriculture -12,Rural,0.0,403.0,9
India,"PLFS Year (Jul - Jun), 2019",Female,Diploma Or Certificate (Graduate And Above Level) in Agriculture -12,Rural,0.0,355.0,13
India,"PLFS Year (Jul - Jun), 2019",Persons,Diploma Or Certificate (Graduate And Above Level) in Agriculture -12,Rural,0.0,758.0,22
India,"PLFS Year (Jul - Jun), 2019",Male,Diploma Or Certificate (Graduate And Above Level) in Agriculture -12,Urban,0.1,884.0,46
India,"PLFS Year (Jul - Jun), 2019",Female,Diploma Or Certificate (Graduate And Above Level) in Agriculture -12,Urban,0.0,535.0,32
India,"PLFS Year (Jul - Jun), 2019",Persons,Diploma Or Certificate (Graduate And Above Level) in Agriculture -12,Urban,0.1,1419.0,78
India,"PLFS Year (Jul - Jun), 2019",Male,Diploma Or Certificate (Graduate And Above Level) in Agriculture -12,Rural+Urban,0.0,1288.0,55
India,"PLFS Year (Jul - Jun), 2019",Female,Diploma Or Certificate (Graduate And Above Level) in Agriculture -12,Rural+Urban,0.0,890.0,45
India,"PLFS Year (Jul - Jun), 2019",Persons,Diploma Or Certificate (Graduate And Above Level) in Agriculture -12,Rural+Urban,0.0,2178.0,100
India,"PLFS Year (Jul - Jun), 2019",Male,Diploma Or Certificate (Graduate And Above Level) in Engineering/Technology -13,Rural,0.1,2579.0,70
India,"PLFS Year (Jul - Jun), 2019",Female,Diploma Or Certificate (Graduate And Above Level) in Engineering/Technology -13,Rural,0.0,731.0,25
India,"PLFS Year (Jul - Jun), 2019",Persons,Diploma Or Certificate (Graduate And Above Level) in Engineering/Technology -13,Rural,0.1,3310.0,95
India,"PLFS Year (Jul - Jun), 2019",Male,Diploma Or Certificate (Graduate And Above Level) in Engineering/Technology -13,Urban,0.6,8721.0,385
India,"PLFS Year (Jul - Jun), 2019",Female,Diploma Or Certificate (Graduate And Above Level) in Engineering/Technology -13,Urban,0.2,2435.0,109
India,"PLFS Year (Jul - Jun), 2019",Persons,Diploma Or Certificate (Graduate And Above Level) in Engineering/Technology -13,Urban,0.4,11156.0,494
India,"PLFS Year (Jul - Jun), 2019",Male,Diploma Or Certificate (Graduate And Above Level) in Engineering/Technology -13,Rural+Urban,0.3,11300.0,455
India,"PLFS Year (Jul - Jun), 2019",Female,Diploma Or Certificate (Graduate And Above Level) in Engineering/Technology -13,Rural+Urban,0.1,3166.0,134
India,"PLFS Year (Jul - Jun), 2019",Persons,Diploma Or Certificate (Graduate And Above Level) in Engineering/Technology -13,Rural+Urban,0.2,14466.0,589
India,"PLFS Year (Jul - Jun), 2019",Male,Diploma Or Certificate (Graduate And Above Level) in Medicine -14,Rural,0.0,495.0,21
India,"PLFS Year (Jul - Jun), 2019",Female,Diploma Or Certificate (Graduate And Above Level) in Medicine -14,Rural,0.0,610.0,16
India,"PLFS Year (Jul - Jun), 2019",Persons,Diploma Or Certificate (Graduate And Above Level) in Medicine -14,Rural,0.0,1105.0,37
India,"PLFS Year (Jul - Jun), 2019",Male,Diploma Or Certificate (Graduate And Above Level) in Medicine -14,Urban,0.2,2058.0,99
India,"PLFS Year (Jul - Jun), 2019",Female,Diploma Or Certificate (Graduate And Above Level) in Medicine -14,Urban,0.1,1897.0,85
India,"PLFS Year (Jul - Jun), 2019",Persons,Diploma Or Certificate (Graduate And Above Level) in Medicine -14,Urban,0.1,3955.0,184
India,"PLFS Year (Jul - Jun), 2019",Male,Diploma Or Certificate (Graduate And Above Level) in Medicine -14,Rural+Urban,0.1,2552.0,120
India,"PLFS Year (Jul - Jun), 2019",Female,Diploma Or Certificate (Graduate And Above Level) in Medicine -14,Rural+Urban,0.1,2507.0,101
India,"PLFS Year (Jul - Jun), 2019",Persons,Diploma Or Certificate (Graduate And Above Level) in Medicine -14,Rural+Urban,0.1,5059.0,221
India,"PLFS Year (Jul - Jun), 2019",Male,Diploma Or Certificate (Graduate And Above Level) in Crafts -15,Rural,0.0,46.0,3
India,"PLFS Year (Jul - Jun), 2019",Female,Diploma Or Certificate (Graduate And Above Level) in Crafts -15,Rural,0.0,1.0,2
India,"PLFS Year (Jul - Jun), 2019",Persons,Diploma Or Certificate (Graduate And Above Level) in Crafts -15,Rural,0.0,47.0,5
India,"PLFS Year (Jul - Jun), 2019",Male,Diploma Or Certificate (Graduate And Above Level) in Crafts -15,Urban,0.0,50.0,2
India,"PLFS Year (Jul - Jun), 2019",Female,Diploma Or Certificate (Graduate And Above Level) in Crafts -15,Urban,0.0,101.0,7
India,"PLFS Year (Jul - Jun), 2019",Persons,Diploma Or Certificate (Graduate And Above Level) in Crafts -15,Urban,0.0,151.0,9
India,"PLFS Year (Jul - Jun), 2019",Male,Diploma Or Certificate (Graduate And Above Level) in Crafts -15,Rural+Urban,0.0,96.0,5
India,"PLFS Year (Jul - Jun), 2019",Female,Diploma Or Certificate (Graduate And Above Level) in Crafts -15,Rural+Urban,0.0,102.0,9
India,"PLFS Year (Jul - Jun), 2019",Persons,Diploma Or Certificate (Graduate And Above Level) in Crafts -15,Rural+Urban,0.0,198.0,14
India,"PLFS Year (Jul - Jun), 2019",Male,Diploma Or Certificate (Graduate And Above Level) in Other Subjects -16,Rural,0.2,4778.0,167
India,"PLFS Year (Jul - Jun), 2019",Female,Diploma Or Certificate (Graduate And Above Level) in Other Subjects -16,Rural,0.2,4430.0,149
India,"PLFS Year (Jul - Jun), 2019",Persons,Diploma Or Certificate (Graduate And Above Level) in Other Subjects -16,Rural,0.2,9208.0,316
India,"PLFS Year (Jul - Jun), 2019",Male,Diploma Or Certificate (Graduate And Above Level) in Other Subjects -16,Urban,0.6,8431.0,363
India,"PLFS Year (Jul - Jun), 2019",Female,Diploma Or Certificate (Graduate And Above Level) in Other Subjects -16,Urban,0.6,7626.0,380
India,"PLFS Year (Jul - Jun), 2019",Persons,Diploma Or Certificate (Graduate And Above Level) in Other Subjects -16,Urban,0.6,16057.0,743
India,"PLFS Year (Jul - Jun), 2019",Male,Diploma Or Certificate (Graduate And Above Level) in Other Subjects -16,Rural+Urban,0.3,13209.0,530
India,"PLFS Year (Jul - Jun), 2019",Female,Diploma Or Certificate (Graduate And Above Level) in Other Subjects -16,Rural+Urban,0.3,12056.0,529
India,"PLFS Year (Jul - Jun), 2019",Persons,Diploma Or Certificate (Graduate And Above Level) in Other Subjects -16,Rural+Urban,0.3,25264.0,1059
India,"PLFS Year (Jul - Jun), 2018",Male,No Technical Education -01,Rural,97.9,2692928.0,88885
India,"PLFS Year (Jul - Jun), 2018",Female,No Technical Education -01,Rural,99.1,2703485.0,87995
India,"PLFS Year (Jul - Jun), 2018",Persons,No Technical Education -01,Rural,98.5,5396413.0,176880
India,"PLFS Year (Jul - Jun), 2018",Male,No Technical Education -01,Urban,92.4,1191726.0,67085
India,"PLFS Year (Jul - Jun), 2018",Female,No Technical Education -01,Urban,96.1,1203520.0,67656
India,"PLFS Year (Jul - Jun), 2018",Persons,No Technical Education -01,Urban,94.2,2395246.0,134741
India,"PLFS Year (Jul - Jun), 2018",Male,No Technical Education -01,Rural+Urban,96.1,3884653.0,155970
India,"PLFS Year (Jul - Jun), 2018",Female,No Technical Education -01,Rural+Urban,98.1,3907006.0,155651
India,"PLFS Year (Jul - Jun), 2018",Persons,No Technical Education -01,Rural+Urban,97.1,7791659.0,311621
India,"PLFS Year (Jul - Jun), 2018",Male,Technical Degree in Agriculture -02,Rural,0.0,511.0,10
India,"PLFS Year (Jul - Jun), 2018",Female,Technical Degree in Agriculture -02,Rural,0.0,117.0,5
India,"PLFS Year (Jul - Jun), 2018",Persons,Technical Degree in Agriculture -02,Rural,0.0,629.0,15
India,"PLFS Year (Jul - Jun), 2018",Male,Technical Degree in Agriculture -02,Urban,0.0,341.0,23
India,"PLFS Year (Jul - Jun), 2018",Female,Technical Degree in Agriculture -02,Urban,0.0,186.0,9
India,"PLFS Year (Jul - Jun), 2018",Persons,Technical Degree in Agriculture -02,Urban,0.0,527.0,32
India,"PLFS Year (Jul - Jun), 2018",Male,Technical Degree in Agriculture -02,Rural+Urban,0.0,852.0,33
India,"PLFS Year (Jul - Jun), 2018",Female,Technical Degree in Agriculture -02,Rural+Urban,0.0,303.0,14
India,"PLFS Year (Jul - Jun), 2018",Persons,Technical Degree in Agriculture -02,Rural+Urban,0.0,1155.0,47
India,"PLFS Year (Jul - Jun), 2018",Male,Technical Degree in Engineering/Technology -03,Rural,0.2,6622.0,230
India,"PLFS Year (Jul - Jun), 2018",Female,Technical Degree in Engineering/Technology -03,Rural,0.1,2511.0,75
India,"PLFS Year (Jul - Jun), 2018",Persons,Technical Degree in Engineering/Technology -03,Rural,0.2,9133.0,305
India,"PLFS Year (Jul - Jun), 2018",Male,Technical Degree in Engineering/Technology -03,Urban,2.3,29296.0,1250
India,"PLFS Year (Jul - Jun), 2018",Female,Technical Degree in Engineering/Technology -03,Urban,0.7,9292.0,411
India,"PLFS Year (Jul - Jun), 2018",Persons,Technical Degree in Engineering/Technology -03,Urban,1.5,38588.0,1661
India,"PLFS Year (Jul - Jun), 2018",Male,Technical Degree in Engineering/Technology -03,Rural+Urban,0.9,35918.0,1480
India,"PLFS Year (Jul - Jun), 2018",Female,Technical Degree in Engineering/Technology -03,Rural+Urban,0.3,11804.0,486
India,"PLFS Year (Jul - Jun), 2018",Persons,Technical Degree in Engineering/Technology -03,Rural+Urban,0.6,47722.0,1966
India,"PLFS Year (Jul - Jun), 2018",Male,Technical Degree in Medicine -04,Rural,0.0,613.0,22
India,"PLFS Year (Jul - Jun), 2018",Female,Technical Degree in Medicine -04,Rural,0.0,1322.0,32
India,"PLFS Year (Jul - Jun), 2018",Persons,Technical Degree in Medicine -04,Rural,0.0,1935.0,54
India,"PLFS Year (Jul - Jun), 2018",Male,Technical Degree in Medicine -04,Urban,0.3,3486.0,198
India,"PLFS Year (Jul - Jun), 2018",Female,Technical Degree in Medicine -04,Urban,0.2,3018.0,182
India,"PLFS Year (Jul - Jun), 2018",Persons,Technical Degree in Medicine -04,Urban,0.3,6504.0,380
India,"PLFS Year (Jul - Jun), 2018",Male,Technical Degree in Medicine -04,Rural+Urban,0.1,4099.0,220
India,"PLFS Year (Jul - Jun), 2018",Female,Technical Degree in Medicine -04,Rural+Urban,0.1,4340.0,214
India,"PLFS Year (Jul - Jun), 2018",Persons,Technical Degree in Medicine -04,Rural+Urban,0.1,8439.0,434
India,"PLFS Year (Jul - Jun), 2018",Male,Technical Degree in Crafts -05,Rural,0.0,147.0,3
India,"PLFS Year (Jul - Jun), 2018",Female,Technical Degree in Crafts -05,Rural,0.0,0.0,0
India,"PLFS Year (Jul - Jun), 2018",Persons,Technical Degree in Crafts -05,Rural,0.0,147.0,3
India,"PLFS Year (Jul - Jun), 2018",Male,Technical Degree in Crafts -05,Urban,0.0,149.0,6
India,"PLFS Year (Jul - Jun), 2018",Female,Technical Degree in Crafts -05,Urban,0.0,352.0,14
India,"PLFS Year (Jul - Jun), 2018",Persons,Technical Degree in Crafts -05,Urban,0.0,501.0,20
India,"PLFS Year (Jul - Jun), 2018",Male,Technical Degree in Crafts -05,Rural+Urban,0.0,295.0,9
India,"PLFS Year (Jul - Jun), 2018",Female,Technical Degree in Crafts -05,Rural+Urban,0.0,352.0,14
India,"PLFS Year (Jul - Jun), 2018",Persons,Technical Degree in Crafts -05,Rural+Urban,0.0,647.0,23
India,"PLFS Year (Jul - Jun), 2018",Male,Technical Degree in Other Subjects -06,Rural,0.3,7435.0,251
India,"PLFS Year (Jul - Jun), 2018",Female,Technical Degree in Other Subjects -06,Rural,0.2,4862.0,162
India,"PLFS Year (Jul - Jun), 2018",Persons,Technical Degree in Other Subjects -06,Rural,0.2,12297.0,413
India,"PLFS Year (Jul - Jun), 2018",Male,Technical Degree in Other Subjects -06,Urban,0.9,11688.0,565
India,"PLFS Year (Jul - Jun), 2018",Female,Technical Degree in Other Subjects -06,Urban,0.8,9962.0,552
India,"PLFS Year (Jul - Jun), 2018",Persons,Technical Degree in Other Subjects -06,Urban,0.9,21650.0,1117
India,"PLFS Year (Jul - Jun), 2018",Male,Technical Degree in Other Subjects -06,Rural+Urban,0.5,19122.0,816
India,"PLFS Year (Jul - Jun), 2018",Female,Technical Degree in Other Subjects -06,Rural+Urban,0.4,14825.0,714
India,"PLFS Year (Jul - Jun), 2018",Persons,Technical Degree in Other Subjects -06,Rural+Urban,0.4,33947.0,1530
India,"PLFS Year (Jul - Jun), 2018",Male,Diploma Or Certificate (Below Graduate Level) in Agriculture -07,Rural,0.0,1180.0,13
India,"PLFS Year (Jul - Jun), 2018",Female,Diploma Or Certificate (Below Graduate Level) in Agriculture -07,Rural,0.0,17.0,1
India,"PLFS Year (Jul - Jun), 2018",Persons,Diploma Or Certificate (Below Graduate Level) in Agriculture -07,Rural,0.0,1197.0,14
India,"PLFS Year (Jul - Jun), 2018",Male,Diploma Or Certificate (Below Graduate Level) in Agriculture -07,Urban,0.0,383.0,20
India,"PLFS Year (Jul - Jun), 2018",Female,Diploma Or Certificate (Below Graduate Level) in Agriculture -07,Urban,0.0,130.0,7
India,"PLFS Year (Jul - Jun), 2018",Persons,Diploma Or Certificate (Below Graduate Level) in Agriculture -07,Urban,0.0,513.0,27
India,"PLFS Year (Jul - Jun), 2018",Male,Diploma Or Certificate (Below Graduate Level) in Agriculture -07,Rural+Urban,0.0,1563.0,33
India,"PLFS Year (Jul - Jun), 2018",Female,Diploma Or Certificate (Below Graduate Level) in Agriculture -07,Rural+Urban,0.0,146.0,8
India,"PLFS Year (Jul - Jun), 2018",Persons,Diploma Or Certificate (Below Graduate Level) in Agriculture -07,Rural+Urban,0.0,1709.0,41
India,"PLFS Year (Jul - Jun), 2018",Male,Diploma Or Certificate (Below Graduate Level) in Engineering/Technology -08,Rural,0.6,16753.0,616
India,"PLFS Year (Jul - Jun), 2018",Female,Diploma Or Certificate (Below Graduate Level) in Engineering/Technology -08,Rural,0.1,2698.0,112
India,"PLFS Year (Jul - Jun), 2018",Persons,Diploma Or Certificate (Below Graduate Level) in Engineering/Technology -08,Rural,0.4,19451.0,728
India,"PLFS Year (Jul - Jun), 2018",Male,Diploma Or Certificate (Below Graduate Level) in Engineering/Technology -08,Urban,1.8,22805.0,1165
India,"PLFS Year (Jul - Jun), 2018",Female,Diploma Or Certificate (Below Graduate Level) in Engineering/Technology -08,Urban,0.4,4717.0,278
India,"PLFS Year (Jul - Jun), 2018",Persons,Diploma Or Certificate (Below Graduate Level) in Engineering/Technology -08,Urban,1.1,27522.0,1443
India,"PLFS Year (Jul - Jun), 2018",Male,Diploma Or Certificate (Below Graduate Level) in Engineering/Technology -08,Rural+Urban,1.0,39558.0,1781
India,"PLFS Year (Jul - Jun), 2018",Female,Diploma Or Certificate (Below Graduate Level) in Engineering/Technology -08,Rural+Urban,0.2,7414.0,390
India,"PLFS Year (Jul - Jun), 2018",Persons,Diploma Or Certificate (Below Graduate Level) in Engineering/Technology -08,Rural+Urban,0.6,46973.0,2171
India,"PLFS Year (Jul - Jun), 2018",Male,Diploma Or Certificate (Below Graduate Level) in Medicine -09,Rural,0.1,2095.0,65
India,"PLFS Year (Jul - Jun), 2018",Female,Diploma Or Certificate (Below Graduate Level) in Medicine -09,Rural,0.1,2467.0,114
India,"PLFS Year (Jul - Jun), 2018",Persons,Diploma Or Certificate (Below Graduate Level) in Medicine -09,Rural,0.1,4562.0,179
India,"PLFS Year (Jul - Jun), 2018",Male,Diploma Or Certificate (Below Graduate Level) in Medicine -09,Urban,0.2,2171.0,109
India,"PLFS Year (Jul - Jun), 2018",Female,Diploma Or Certificate (Below Graduate Level) in Medicine -09,Urban,0.2,2446.0,166
India,"PLFS Year (Jul - Jun), 2018",Persons,Diploma Or Certificate (Below Graduate Level) in Medicine -09,Urban,0.2,4618.0,275
India,"PLFS Year (Jul - Jun), 2018",Male,Diploma Or Certificate (Below Graduate Level) in Medicine -09,Rural+Urban,0.1,4267.0,174
India,"PLFS Year (Jul - Jun), 2018",Female,Diploma Or Certificate (Below Graduate Level) in Medicine -09,Rural+Urban,0.1,4913.0,280
India,"PLFS Year (Jul - Jun), 2018",Persons,Diploma Or Certificate (Below Graduate Level) in Medicine -09,Rural+Urban,0.1,9180.0,454
India,"PLFS Year (Jul - Jun), 2018",Male,Diploma Or Certificate (Below Graduate Level) in Crafts -10,Rural,0.0,272.0,11
India,"PLFS Year (Jul - Jun), 2018",Female,Diploma Or Certificate (Below Graduate Level) in Crafts -10,Rural,0.0,738.0,20
India,"PLFS Year (Jul - Jun), 2018",Persons,Diploma Or Certificate (Below Graduate Level) in Crafts -10,Rural,0.0,1010.0,31
India,"PLFS Year (Jul - Jun), 2018",Male,Diploma Or Certificate (Below Graduate Level) in Crafts -10,Urban,0.0,192.0,12
India,"PLFS Year (Jul - Jun), 2018",Female,Diploma Or Certificate (Below Graduate Level) in Crafts -10,Urban,0.0,572.0,28
India,"PLFS Year (Jul - Jun), 2018",Persons,Diploma Or Certificate (Below Graduate Level) in Crafts -10,Urban,0.0,764.0,40
India,"PLFS Year (Jul - Jun), 2018",Male,Diploma Or Certificate (Below Graduate Level) in Crafts -10,Rural+Urban,0.0,464.0,23
India,"PLFS Year (Jul - Jun), 2018",Female,Diploma Or Certificate (Below Graduate Level) in Crafts -10,Rural+Urban,0.0,1310.0,48
India,"PLFS Year (Jul - Jun), 2018",Persons,Diploma Or Certificate (Below Graduate Level) in Crafts -10,Rural+Urban,0.0,1774.0,71
India,"PLFS Year (Jul - Jun), 2018",Male,Diploma Or Certificate (Below Graduate Level) in Other Subjects -11,Rural,0.5,13543.0,383
India,"PLFS Year (Jul - Jun), 2018",Female,Diploma Or Certificate (Below Graduate Level) in Other Subjects -11,Rural,0.2,6464.0,234
India,"PLFS Year (Jul - Jun), 2018",Persons,Diploma Or Certificate (Below Graduate Level) in Other Subjects -11,Rural,0.4,20007.0,617
India,"PLFS Year (Jul - Jun), 2018",Male,Diploma Or Certificate (Below Graduate Level) in Other Subjects -11,Urban,0.9,12057.0,689
India,"PLFS Year (Jul - Jun), 2018",Female,Diploma Or Certificate (Below Graduate Level) in Other Subjects -11,Urban,0.6,8131.0,452
India,"PLFS Year (Jul - Jun), 2018",Persons,Diploma Or Certificate (Below Graduate Level) in Other Subjects -11,Urban,0.8,20188.0,1141
India,"PLFS Year (Jul - Jun), 2018",Male,Diploma Or Certificate (Below Graduate Level) in Other Subjects -11,Rural+Urban,0.6,25600.0,1072
India,"PLFS Year (Jul - Jun), 2018",Female,Diploma Or Certificate (Below Graduate Level) in Other Subjects -11,Rural+Urban,0.4,14595.0,686
India,"PLFS Year (Jul - Jun), 2018",Persons,Diploma Or Certificate (Below Graduate Level) in Other Subjects -11,Rural+Urban,0.5,40195.0,1758
India,"PLFS Year (Jul - Jun), 2018",Male,Diploma Or Certificate (Graduate And Above Level) in Agriculture -12,Rural,0.0,416.0,7
India,"PLFS Year (Jul - Jun), 2018",Female,Diploma Or Certificate (Graduate And Above Level) in Agriculture -12,Rural,0.0,18.0,1
India,"PLFS Year (Jul - Jun), 2018",Persons,Diploma Or Certificate (Graduate And Above Level) in Agriculture -12,Rural,0.0,433.0,8
India,"PLFS Year (Jul - Jun), 2018",Male,Diploma Or Certificate (Graduate And Above Level) in Agriculture -12,Urban,0.0,107.0,8
India,"PLFS Year (Jul - Jun), 2018",Female,Diploma Or Certificate (Graduate And Above Level) in Agriculture -12,Urban,0.0,40.0,4
India,"PLFS Year (Jul - Jun), 2018",Persons,Diploma Or Certificate (Graduate And Above Level) in Agriculture -12,Urban,0.0,148.0,12
India,"PLFS Year (Jul - Jun), 2018",Male,Diploma Or Certificate (Graduate And Above Level) in Agriculture -12,Rural+Urban,0.0,523.0,15
India,"PLFS Year (Jul - Jun), 2018",Female,Diploma Or Certificate (Graduate And Above Level) in Agriculture -12,Rural+Urban,0.0,58.0,5
India,"PLFS Year (Jul - Jun), 2018",Persons,Diploma Or Certificate (Graduate And Above Level) in Agriculture -12,Rural+Urban,0.0,581.0,20
India,"PLFS Year (Jul - Jun), 2018",Male,Diploma Or Certificate (Graduate And Above Level) in Engineering/Technology -13,Rural,0.1,2741.0,81
India,"PLFS Year (Jul - Jun), 2018",Female,Diploma Or Certificate (Graduate And Above Level) in Engineering/Technology -13,Rural,0.0,605.0,19
India,"PLFS Year (Jul - Jun), 2018",Persons,Diploma Or Certificate (Graduate And Above Level) in Engineering/Technology -13,Rural,0.1,3346.0,100
India,"PLFS Year (Jul - Jun), 2018",Male,Diploma Or Certificate (Graduate And Above Level) in Engineering/Technology -13,Urban,0.6,8142.0,379
India,"PLFS Year (Jul - Jun), 2018",Female,Diploma Or Certificate (Graduate And Above Level) in Engineering/Technology -13,Urban,0.2,2247.0,112
India,"PLFS Year (Jul - Jun), 2018",Persons,Diploma Or Certificate (Graduate And Above Level) in Engineering/Technology -13,Urban,0.4,10390.0,491
India,"PLFS Year (Jul - Jun), 2018",Male,Diploma Or Certificate (Graduate And Above Level) in Engineering/Technology -13,Rural+Urban,0.3,10884.0,460
India,"PLFS Year (Jul - Jun), 2018",Female,Diploma Or Certificate (Graduate And Above Level) in Engineering/Technology -13,Rural+Urban,0.1,2852.0,131
India,"PLFS Year (Jul - Jun), 2018",Persons,Diploma Or Certificate (Graduate And Above Level) in Engineering/Technology -13,Rural+Urban,0.2,13736.0,591
India,"PLFS Year (Jul - Jun), 2018",Male,Diploma Or Certificate (Graduate And Above Level) in Medicine -14,Rural,0.0,567.0,22
India,"PLFS Year (Jul - Jun), 2018",Female,Diploma Or Certificate (Graduate And Above Level) in Medicine -14,Rural,0.0,349.0,14
India,"PLFS Year (Jul - Jun), 2018",Persons,Diploma Or Certificate (Graduate And Above Level) in Medicine -14,Rural,0.0,916.0,36
India,"PLFS Year (Jul - Jun), 2018",Male,Diploma Or Certificate (Graduate And Above Level) in Medicine -14,Urban,0.1,1437.0,94
India,"PLFS Year (Jul - Jun), 2018",Female,Diploma Or Certificate (Graduate And Above Level) in Medicine -14,Urban,0.1,1006.0,66
India,"PLFS Year (Jul - Jun), 2018",Persons,Diploma Or Certificate (Graduate And Above Level) in Medicine -14,Urban,0.1,2443.0,160
India,"PLFS Year (Jul - Jun), 2018",Male,Diploma Or Certificate (Graduate And Above Level) in Medicine -14,Rural+Urban,0.0,2004.0,116
India,"PLFS Year (Jul - Jun), 2018",Female,Diploma Or Certificate (Graduate And Above Level) in Medicine -14,Rural+Urban,0.0,1355.0,80
India,"PLFS Year (Jul - Jun), 2018",Persons,Diploma Or Certificate (Graduate And Above Level) in Medicine -14,Rural+Urban,0.0,3359.0,196
India,"PLFS Year (Jul - Jun), 2018",Male,Diploma Or Certificate (Graduate And Above Level) in Crafts -15,Rural,0.0,48.0,5
India,"PLFS Year (Jul - Jun), 2018",Female,Diploma Or Certificate (Graduate And Above Level) in Crafts -15,Rural,0.0,155.0,4
India,"PLFS Year (Jul - Jun), 2018",Persons,Diploma Or Certificate (Graduate And Above Level) in Crafts -15,Rural,0.0,203.0,9
India,"PLFS Year (Jul - Jun), 2018",Male,Diploma Or Certificate (Graduate And Above Level) in Crafts -15,Urban,0.0,40.0,2
India,"PLFS Year (Jul - Jun), 2018",Female,Diploma Or Certificate (Graduate And Above Level) in Crafts -15,Urban,0.0,107.0,5
India,"PLFS Year (Jul - Jun), 2018",Persons,Diploma Or Certificate (Graduate And Above Level) in Crafts -15,Urban,0.0,147.0,7
India,"PLFS Year (Jul - Jun), 2018",Male,Diploma Or Certificate (Graduate And Above Level) in Crafts -15,Rural+Urban,0.0,88.0,7
India,"PLFS Year (Jul - Jun), 2018",Female,Diploma Or Certificate (Graduate And Above Level) in Crafts -15,Rural+Urban,0.0,262.0,9
India,"PLFS Year (Jul - Jun), 2018",Persons,Diploma Or Certificate (Graduate And Above Level) in Crafts -15,Rural+Urban,0.0,351.0,16
India,"PLFS Year (Jul - Jun), 2018",Male,Diploma Or Certificate (Graduate And Above Level) in Other Subjects -16,Rural,0.2,5254.0,161
India,"PLFS Year (Jul - Jun), 2018",Female,Diploma Or Certificate (Graduate And Above Level) in Other Subjects -16,Rural,0.1,3213.0,109
India,"PLFS Year (Jul - Jun), 2018",Persons,Diploma Or Certificate (Graduate And Above Level) in Other Subjects -16,Rural,0.2,8467.0,270
India,"PLFS Year (Jul - Jun), 2018",Male,Diploma Or Certificate (Graduate And Above Level) in Other Subjects -16,Urban,0.4,5329.0,276
India,"PLFS Year (Jul - Jun), 2018",Female,Diploma Or Certificate (Graduate And Above Level) in Other Subjects -16,Urban,0.5,6307.0,288
India,"PLFS Year (Jul - Jun), 2018",Persons,Diploma Or Certificate (Graduate And Above Level) in Other Subjects -16,Urban,0.5,11636.0,564
India,"PLFS Year (Jul - Jun), 2018",Male,Diploma Or Certificate (Graduate And Above Level) in Other Subjects -16,Rural+Urban,0.3,10582.0,437
India,"PLFS Year (Jul - Jun), 2018",Female,Diploma Or Certificate (Graduate And Above Level) in Other Subjects -16,Rural+Urban,0.2,9520.0,397
India,"PLFS Year (Jul - Jun), 2018",Persons,Diploma Or Certificate (Graduate And Above Level) in Other Subjects -16,Rural+Urban,0.3,20103.0,834
India,"PLFS Year (Jul - Jun), 2017",Male,No Technical Education -01,Rural,98.0,2727608.0,92246
India,"PLFS Year (Jul - Jun), 2017",Female,No Technical Education -01,Rural,99.1,2703855.0,89872
India,"PLFS Year (Jul - Jun), 2017",Persons,No Technical Education -01,Rural,98.5,5431463.0,182118
India,"PLFS Year (Jul - Jun), 2017",Male,No Technical Education -01,Urban,92.4,1130137.0,68504
India,"PLFS Year (Jul - Jun), 2017",Female,No Technical Education -01,Urban,96.3,1158656.0,69715
India,"PLFS Year (Jul - Jun), 2017",Persons,No Technical Education -01,Urban,94.3,2288793.0,138219
India,"PLFS Year (Jul - Jun), 2017",Male,No Technical Education -01,Rural+Urban,96.3,3857745.0,160750
India,"PLFS Year (Jul - Jun), 2017",Female,No Technical Education -01,Rural+Urban,98.2,3862512.0,159587
India,"PLFS Year (Jul - Jun), 2017",Persons,No Technical Education -01,Rural+Urban,97.3,7720256.0,320337
India,"PLFS Year (Jul - Jun), 2017",Male,Technical Degree in Agriculture -02,Rural,0.0,301.0,13
India,"PLFS Year (Jul - Jun), 2017",Female,Technical Degree in Agriculture -02,Rural,0.0,1.0,1
India,"PLFS Year (Jul - Jun), 2017",Persons,Technical Degree in Agriculture -02,Rural,0.0,302.0,14
India,"PLFS Year (Jul - Jun), 2017",Male,Technical Degree in Agriculture -02,Urban,0.0,316.0,19
India,"PLFS Year (Jul - Jun), 2017",Female,Technical Degree in Agriculture -02,Urban,0.0,117.0,13
India,"PLFS Year (Jul - Jun), 2017",Persons,Technical Degree in Agriculture -02,Urban,0.0,433.0,32
India,"PLFS Year (Jul - Jun), 2017",Male,Technical Degree in Agriculture -02,Rural+Urban,0.0,617.0,32
India,"PLFS Year (Jul - Jun), 2017",Female,Technical Degree in Agriculture -02,Rural+Urban,0.0,118.0,14
India,"PLFS Year (Jul - Jun), 2017",Persons,Technical Degree in Agriculture -02,Rural+Urban,0.0,735.0,46
India,"PLFS Year (Jul - Jun), 2017",Male,Technical Degree in Engineering/Technology -03,Rural,0.2,6139.0,203
India,"PLFS Year (Jul - Jun), 2017",Female,Technical Degree in Engineering/Technology -03,Rural,0.1,2233.0,57
India,"PLFS Year (Jul - Jun), 2017",Persons,Technical Degree in Engineering/Technology -03,Rural,0.2,8371.0,260
India,"PLFS Year (Jul - Jun), 2017",Male,Technical Degree in Engineering/Technology -03,Urban,2.2,26559.0,1304
India,"PLFS Year (Jul - Jun), 2017",Female,Technical Degree in Engineering/Technology -03,Urban,0.6,7569.0,373
India,"PLFS Year (Jul - Jun), 2017",Persons,Technical Degree in Engineering/Technology -03,Urban,1.4,34128.0,1677
India,"PLFS Year (Jul - Jun), 2017",Male,Technical Degree in Engineering/Technology -03,Rural+Urban,0.8,32698.0,1507
India,"PLFS Year (Jul - Jun), 2017",Female,Technical Degree in Engineering/Technology -03,Rural+Urban,0.2,9802.0,430
India,"PLFS Year (Jul - Jun), 2017",Persons,Technical Degree in Engineering/Technology -03,Rural+Urban,0.5,42499.0,1937
India,"PLFS Year (Jul - Jun), 2017",Male,Technical Degree in Medicine -04,Rural,0.0,978.0,27
India,"PLFS Year (Jul - Jun), 2017",Female,Technical Degree in Medicine -04,Rural,0.0,718.0,31
India,"PLFS Year (Jul - Jun), 2017",Persons,Technical Degree in Medicine -04,Rural,0.0,1696.0,58
India,"PLFS Year (Jul - Jun), 2017",Male,Technical Degree in Medicine -04,Urban,0.3,3156.0,173
India,"PLFS Year (Jul - Jun), 2017",Female,Technical Degree in Medicine -04,Urban,0.3,3202.0,182
India,"PLFS Year (Jul - Jun), 2017",Persons,Technical Degree in Medicine -04,Urban,0.3,6358.0,355
India,"PLFS Year (Jul - Jun), 2017",Male,Technical Degree in Medicine -04,Rural+Urban,0.1,4135.0,200
India,"PLFS Year (Jul - Jun), 2017",Female,Technical Degree in Medicine -04,Rural+Urban,0.1,3920.0,213
India,"PLFS Year (Jul - Jun), 2017",Persons,Technical Degree in Medicine -04,Rural+Urban,0.1,8054.0,413
India,"PLFS Year (Jul - Jun), 2017",Male,Technical Degree in Crafts -05,Rural,0.0,128.0,3
India,"PLFS Year (Jul - Jun), 2017",Female,Technical Degree in Crafts -05,Rural,0.0,0.0,0
India,"PLFS Year (Jul - Jun), 2017",Persons,Technical Degree in Crafts -05,Rural,0.0,128.0,3
India,"PLFS Year (Jul - Jun), 2017",Male,Technical Degree in Crafts -05,Urban,0.0,168.0,9
India,"PLFS Year (Jul - Jun), 2017",Female,Technical Degree in Crafts -05,Urban,0.0,74.0,5
India,"PLFS Year (Jul - Jun), 2017",Persons,Technical Degree in Crafts -05,Urban,0.0,242.0,14
India,"PLFS Year (Jul - Jun), 2017",Male,Technical Degree in Crafts -05,Rural+Urban,0.0,296.0,12
India,"PLFS Year (Jul - Jun), 2017",Female,Technical Degree in Crafts -05,Rural+Urban,0.0,74.0,5
India,"PLFS Year (Jul - Jun), 2017",Persons,Technical Degree in Crafts -05,Rural+Urban,0.0,370.0,17
India,"PLFS Year (Jul - Jun), 2017",Male,Technical Degree in Other Subjects -06,Rural,0.3,9565.0,292
India,"PLFS Year (Jul - Jun), 2017",Female,Technical Degree in Other Subjects -06,Rural,0.2,4620.0,161
India,"PLFS Year (Jul - Jun), 2017",Persons,Technical Degree in Other Subjects -06,Rural,0.3,14185.0,453
India,"PLFS Year (Jul - Jun), 2017",Male,Technical Degree in Other Subjects -06,Urban,0.9,10647.0,559
India,"PLFS Year (Jul - Jun), 2017",Female,Technical Degree in Other Subjects -06,Urban,0.8,9579.0,524
India,"PLFS Year (Jul - Jun), 2017",Persons,Technical Degree in Other Subjects -06,Urban,0.8,20227.0,1083
India,"PLFS Year (Jul - Jun), 2017",Male,Technical Degree in Other Subjects -06,Rural+Urban,0.5,20212.0,851
India,"PLFS Year (Jul - Jun), 2017",Female,Technical Degree in Other Subjects -06,Rural+Urban,0.4,14199.0,685
India,"PLFS Year (Jul - Jun), 2017",Persons,Technical Degree in Other Subjects -06,Rural+Urban,0.4,34412.0,1536
India,"PLFS Year (Jul - Jun), 2017",Male,Diploma Or Certificate (Below Graduate Level) in Agriculture -07,Rural,0.0,1116.0,28
India,"PLFS Year (Jul - Jun), 2017",Female,Diploma Or Certificate (Below Graduate Level) in Agriculture -07,Rural,0.0,292.0,12
India,"PLFS Year (Jul - Jun), 2017",Persons,Diploma Or Certificate (Below Graduate Level) in Agriculture -07,Rural,0.0,1408.0,40
India,"PLFS Year (Jul - Jun), 2017",Male,Diploma Or Certificate (Below Graduate Level) in Agriculture -07,Urban,0.0,407.0,26
India,"PLFS Year (Jul - Jun), 2017",Female,Diploma Or Certificate (Below Graduate Level) in Agriculture -07,Urban,0.0,161.0,8
India,"PLFS Year (Jul - Jun), 2017",Persons,Diploma Or Certificate (Below Graduate Level) in Agriculture -07,Urban,0.0,568.0,34
India,"PLFS Year (Jul - Jun), 2017",Male,Diploma Or Certificate (Below Graduate Level) in Agriculture -07,Rural+Urban,0.0,1524.0,54
India,"PLFS Year (Jul - Jun), 2017",Female,Diploma Or Certificate (Below Graduate Level) in Agriculture -07,Rural+Urban,0.0,453.0,20
India,"PLFS Year (Jul - Jun), 2017",Persons,Diploma Or Certificate (Below Graduate Level) in Agriculture -07,Rural+Urban,0.0,1976.0,74
India,"PLFS Year (Jul - Jun), 2017",Male,Diploma Or Certificate (Below Graduate Level) in Engineering/Technology -08,Rural,0.7,18198.0,670
India,"PLFS Year (Jul - Jun), 2017",Female,Diploma Or Certificate (Below Graduate Level) in Engineering/Technology -08,Rural,0.1,1796.0,93
India,"PLFS Year (Jul - Jun), 2017",Persons,Diploma Or Certificate (Below Graduate Level) in Engineering/Technology -08,Rural,0.4,19994.0,763
India,"PLFS Year (Jul - Jun), 2017",Male,Diploma Or Certificate (Below Graduate Level) in Engineering/Technology -08,Urban,1.8,21903.0,1276
India,"PLFS Year (Jul - Jun), 2017",Female,Diploma Or Certificate (Below Graduate Level) in Engineering/Technology -08,Urban,0.3,3083.0,257
India,"PLFS Year (Jul - Jun), 2017",Persons,Diploma Or Certificate (Below Graduate Level) in Engineering/Technology -08,Urban,1.0,24986.0,1533
India,"PLFS Year (Jul - Jun), 2017",Male,Diploma Or Certificate (Below Graduate Level) in Engineering/Technology -08,Rural+Urban,1.0,40101.0,1946
India,"PLFS Year (Jul - Jun), 2017",Female,Diploma Or Certificate (Below Graduate Level) in Engineering/Technology -08,Rural+Urban,0.1,4879.0,350
India,"PLFS Year (Jul - Jun), 2017",Persons,Diploma Or Certificate (Below Graduate Level) in Engineering/Technology -08,Rural+Urban,0.6,44980.0,2296
India,"PLFS Year (Jul - Jun), 2017",Male,Diploma Or Certificate (Below Graduate Level) in Medicine -09,Rural,0.0,1235.0,50
India,"PLFS Year (Jul - Jun), 2017",Female,Diploma Or Certificate (Below Graduate Level) in Medicine -09,Rural,0.1,2421.0,104
India,"PLFS Year (Jul - Jun), 2017",Persons,Diploma Or Certificate (Below Graduate Level) in Medicine -09,Rural,0.1,3656.0,154
India,"PLFS Year (Jul - Jun), 2017",Male,Diploma Or Certificate (Below Graduate Level) in Medicine -09,Urban,0.2,2342.0,127
India,"PLFS Year (Jul - Jun), 2017",Female,Diploma Or Certificate (Below Graduate Level) in Medicine -09,Urban,0.3,3106.0,172
India,"PLFS Year (Jul - Jun), 2017",Persons,Diploma Or Certificate (Below Graduate Level) in Medicine -09,Urban,0.2,5448.0,299
India,"PLFS Year (Jul - Jun), 2017",Male,Diploma Or Certificate (Below Graduate Level) in Medicine -09,Rural+Urban,0.1,3578.0,177
India,"PLFS Year (Jul - Jun), 2017",Female,Diploma Or Certificate (Below Graduate Level) in Medicine -09,Rural+Urban,0.1,5526.0,276
India,"PLFS Year (Jul - Jun), 2017",Persons,Diploma Or Certificate (Below Graduate Level) in Medicine -09,Rural+Urban,0.1,9104.0,453
India,"PLFS Year (Jul - Jun), 2017",Male,Diploma Or Certificate (Below Graduate Level) in Crafts -10,Rural,0.0,321.0,17
India,"PLFS Year (Jul - Jun), 2017",Female,Diploma Or Certificate (Below Graduate Level) in Crafts -10,Rural,0.0,1068.0,32
India,"PLFS Year (Jul - Jun), 2017",Persons,Diploma Or Certificate (Below Graduate Level) in Crafts -10,Rural,0.0,1389.0,49
India,"PLFS Year (Jul - Jun), 2017",Male,Diploma Or Certificate (Below Graduate Level) in Crafts -10,Urban,0.0,298.0,19
India,"PLFS Year (Jul - Jun), 2017",Female,Diploma Or Certificate (Below Graduate Level) in Crafts -10,Urban,0.0,534.0,36
India,"PLFS Year (Jul - Jun), 2017",Persons,Diploma Or Certificate (Below Graduate Level) in Crafts -10,Urban,0.0,832.0,55
India,"PLFS Year (Jul - Jun), 2017",Male,Diploma Or Certificate (Below Graduate Level) in Crafts -10,Rural+Urban,0.0,619.0,36
India,"PLFS Year (Jul - Jun), 2017",Female,Diploma Or Certificate (Below Graduate Level) in Crafts -10,Rural+Urban,0.0,1602.0,68
India,"PLFS Year (Jul - Jun), 2017",Persons,Diploma Or Certificate (Below Graduate Level) in Crafts -10,Rural+Urban,0.0,2221.0,104
India,"PLFS Year (Jul - Jun), 2017",Male,Diploma Or Certificate (Below Graduate Level) in Other Subjects -11,Rural,0.4,10912.0,399
India,"PLFS Year (Jul - Jun), 2017",Female,Diploma Or Certificate (Below Graduate Level) in Other Subjects -11,Rural,0.3,6995.0,248
India,"PLFS Year (Jul - Jun), 2017",Persons,Diploma Or Certificate (Below Graduate Level) in Other Subjects -11,Rural,0.3,17907.0,647
India,"PLFS Year (Jul - Jun), 2017",Male,Diploma Or Certificate (Below Graduate Level) in Other Subjects -11,Urban,0.9,10873.0,602
India,"PLFS Year (Jul - Jun), 2017",Female,Diploma Or Certificate (Below Graduate Level) in Other Subjects -11,Urban,0.6,7245.0,438
India,"PLFS Year (Jul - Jun), 2017",Persons,Diploma Or Certificate (Below Graduate Level) in Other Subjects -11,Urban,0.7,18119.0,1040
India,"PLFS Year (Jul - Jun), 2017",Male,Diploma Or Certificate (Below Graduate Level) in Other Subjects -11,Rural+Urban,0.5,21785.0,1001
India,"PLFS Year (Jul - Jun), 2017",Female,Diploma Or Certificate (Below Graduate Level) in Other Subjects -11,Rural+Urban,0.4,14241.0,686
India,"PLFS Year (Jul - Jun), 2017",Persons,Diploma Or Certificate (Below Graduate Level) in Other Subjects -11,Rural+Urban,0.5,36026.0,1687
India,"PLFS Year (Jul - Jun), 2017",Male,Diploma Or Certificate (Graduate And Above Level) in Agriculture -12,Rural,0.0,151.0,6
India,"PLFS Year (Jul - Jun), 2017",Female,Diploma Or Certificate (Graduate And Above Level) in Agriculture -12,Rural,0.0,8.0,1
India,"PLFS Year (Jul - Jun), 2017",Persons,Diploma Or Certificate (Graduate And Above Level) in Agriculture -12,Rural,0.0,159.0,7
India,"PLFS Year (Jul - Jun), 2017",Male,Diploma Or Certificate (Graduate And Above Level) in Agriculture -12,Urban,0.0,273.0,19
India,"PLFS Year (Jul - Jun), 2017",Female,Diploma Or Certificate (Graduate And Above Level) in Agriculture -12,Urban,0.0,97.0,9
India,"PLFS Year (Jul - Jun), 2017",Persons,Diploma Or Certificate (Graduate And Above Level) in Agriculture -12,Urban,0.0,369.0,28
India,"PLFS Year (Jul - Jun), 2017",Male,Diploma Or Certificate (Graduate And Above Level) in Agriculture -12,Rural+Urban,0.0,424.0,25
India,"PLFS Year (Jul - Jun), 2017",Female,Diploma Or Certificate (Graduate And Above Level) in Agriculture -12,Rural+Urban,0.0,105.0,10
India,"PLFS Year (Jul - Jun), 2017",Persons,Diploma Or Certificate (Graduate And Above Level) in Agriculture -12,Rural+Urban,0.0,528.0,35
India,"PLFS Year (Jul - Jun), 2017",Male,Diploma Or Certificate (Graduate And Above Level) in Engineering/Technology -13,Rural,0.1,2234.0,77
India,"PLFS Year (Jul - Jun), 2017",Female,Diploma Or Certificate (Graduate And Above Level) in Engineering/Technology -13,Rural,0.0,848.0,26
India,"PLFS Year (Jul - Jun), 2017",Persons,Diploma Or Certificate (Graduate And Above Level) in Engineering/Technology -13,Rural,0.1,3082.0,103
India,"PLFS Year (Jul - Jun), 2017",Male,Diploma Or Certificate (Graduate And Above Level) in Engineering/Technology -13,Urban,0.6,7170.0,354
India,"PLFS Year (Jul - Jun), 2017",Female,Diploma Or Certificate (Graduate And Above Level) in Engineering/Technology -13,Urban,0.1,1768.0,103
India,"PLFS Year (Jul - Jun), 2017",Persons,Diploma Or Certificate (Graduate And Above Level) in Engineering/Technology -13,Urban,0.4,8937.0,457
India,"PLFS Year (Jul - Jun), 2017",Male,Diploma Or Certificate (Graduate And Above Level) in Engineering/Technology -13,Rural+Urban,0.2,9404.0,431
India,"PLFS Year (Jul - Jun), 2017",Female,Diploma Or Certificate (Graduate And Above Level) in Engineering/Technology -13,Rural+Urban,0.1,2615.0,129
India,"PLFS Year (Jul - Jun), 2017",Persons,Diploma Or Certificate (Graduate And Above Level) in Engineering/Technology -13,Rural+Urban,0.2,12019.0,560
India,"PLFS Year (Jul - Jun), 2017",Male,Diploma Or Certificate (Graduate And Above Level) in Medicine -14,Rural,0.0,704.0,17
India,"PLFS Year (Jul - Jun), 2017",Female,Diploma Or Certificate (Graduate And Above Level) in Medicine -14,Rural,0.0,422.0,21
India,"PLFS Year (Jul - Jun), 2017",Persons,Diploma Or Certificate (Graduate And Above Level) in Medicine -14,Rural,0.0,1125.0,38
India,"PLFS Year (Jul - Jun), 2017",Male,Diploma Or Certificate (Graduate And Above Level) in Medicine -14,Urban,0.1,1693.0,101
India,"PLFS Year (Jul - Jun), 2017",Female,Diploma Or Certificate (Graduate And Above Level) in Medicine -14,Urban,0.2,1805.0,103
India,"PLFS Year (Jul - Jun), 2017",Persons,Diploma Or Certificate (Graduate And Above Level) in Medicine -14,Urban,0.1,3498.0,204
India,"PLFS Year (Jul - Jun), 2017",Male,Diploma Or Certificate (Graduate And Above Level) in Medicine -14,Rural+Urban,0.1,2397.0,118
India,"PLFS Year (Jul - Jun), 2017",Female,Diploma Or Certificate (Graduate And Above Level) in Medicine -14,Rural+Urban,0.1,2226.0,124
India,"PLFS Year (Jul - Jun), 2017",Persons,Diploma Or Certificate (Graduate And Above Level) in Medicine -14,Rural+Urban,0.1,4623.0,242
India,"PLFS Year (Jul - Jun), 2017",Male,Diploma Or Certificate (Graduate And Above Level) in Crafts -15,Rural,0.0,65.0,4
India,"PLFS Year (Jul - Jun), 2017",Female,Diploma Or Certificate (Graduate And Above Level) in Crafts -15,Rural,0.0,194.0,3
India,"PLFS Year (Jul - Jun), 2017",Persons,Diploma Or Certificate (Graduate And Above Level) in Crafts -15,Rural,0.0,260.0,7
India,"PLFS Year (Jul - Jun), 2017",Male,Diploma Or Certificate (Graduate And Above Level) in Crafts -15,Urban,0.0,267.0,13
India,"PLFS Year (Jul - Jun), 2017",Female,Diploma Or Certificate (Graduate And Above Level) in Crafts -15,Urban,0.0,224.0,10
India,"PLFS Year (Jul - Jun), 2017",Persons,Diploma Or Certificate (Graduate And Above Level) in Crafts -15,Urban,0.0,491.0,23
India,"PLFS Year (Jul - Jun), 2017",Male,Diploma Or Certificate (Graduate And Above Level) in Crafts -15,Rural+Urban,0.0,332.0,17
India,"PLFS Year (Jul - Jun), 2017",Female,Diploma Or Certificate (Graduate And Above Level) in Crafts -15,Rural+Urban,0.0,418.0,13
India,"PLFS Year (Jul - Jun), 2017",Persons,Diploma Or Certificate (Graduate And Above Level) in Crafts -15,Rural+Urban,0.0,751.0,30
India,"PLFS Year (Jul - Jun), 2017",Male,Diploma Or Certificate (Graduate And Above Level) in Other Subjects -16,Rural,0.1,4012.0,129
India,"PLFS Year (Jul - Jun), 2017",Female,Diploma Or Certificate (Graduate And Above Level) in Other Subjects -16,Rural,0.1,3207.0,92
India,"PLFS Year (Jul - Jun), 2017",Persons,Diploma Or Certificate (Graduate And Above Level) in Other Subjects -16,Rural,0.1,7219.0,221
India,"PLFS Year (Jul - Jun), 2017",Male,Diploma Or Certificate (Graduate And Above Level) in Other Subjects -16,Urban,0.5,6582.0,334
India,"PLFS Year (Jul - Jun), 2017",Female,Diploma Or Certificate (Graduate And Above Level) in Other Subjects -16,Urban,0.5,5869.0,298
India,"PLFS Year (Jul - Jun), 2017",Persons,Diploma Or Certificate (Graduate And Above Level) in Other Subjects -16,Urban,0.5,12451.0,632
India,"PLFS Year (Jul - Jun), 2017",Male,Diploma Or Certificate (Graduate And Above Level) in Other Subjects -16,Rural+Urban,0.3,10594.0,463
India,"PLFS Year (Jul - Jun), 2017",Female,Diploma Or Certificate (Graduate And Above Level) in Other Subjects -16,Rural+Urban,0.2,9076.0,390
India,"PLFS Year (Jul - Jun), 2017",Persons,Diploma Or Certificate (Graduate And Above Level) in Other Subjects -16,Rural+Urban,0.2,19670.0,853
