Country,Year,Gender,Type Of Areas,Age Group,Status Of Usual Activity,Industry Of Usual Activity,"Not Literates Under Highest Level Of Education Successfully Completed (UOM:%(Percentage)), Scaling Factor:1","Literates Upto Primary Level Of Education Under Highest Level Of Education Completed (UOM:%(Percentage)), Scaling Factor:1","Persons With Middle Level Education Under Highest Level Of Education Completed (UOM:%(Percentage)), Scaling Factor:1","Persons With Secondary Level Education Under Highest Level Of Education Completed (UOM:%(Percentage)), Scaling Factor:1","Persons With Higher Secondary Level Education Under Highest Level Of Education Completed (UOM:%(Percentage)), Scaling Factor:1","Persons With Diploma Or Certificate Course Under Highest Level Of Education Completed (UOM:%(Percentage)), Scaling Factor:1","Graduates Under Highest Level Of Education Completed (UOM:%(Percentage)), Scaling Factor:1","Post Graduates And Above Under Highest Level Of Education Completed (UOM:%(Percentage)), Scaling Factor:1","Persons With Secondary Level And Above Education Under Highest Level Of Education Completed (UOM:%(Percentage)), Scaling Factor:1","All Persons Under Highest Level Of Education Completed (UOM:%(Percentage)), Scaling Factor:1","Estimated Persons Under Highest Level Of Education Completed (UOM:Number), Scaling Factor:1","Sample Persons Under Highest Level Of Education Completed (UOM:Number), Scaling Factor:1"
India,"PLFS Year (Jul - Jun), 2023",Male,Rural,15-29 years,"11,12",01-03,8.8,6.8,5.1,3.3,4.1,5.4,4.3,2.4,3.8,4.6,,1400.0
India,"PLFS Year (Jul - Jun), 2023",Male,Rural,15-29 years,"11,12",01-96,12.9,15.4,12.3,8.3,10.3,11.9,14.7,17.4,10.6,11.6,,3857.0
India,"PLFS Year (Jul - Jun), 2023",Male,Rural,15-29 years,"11,12",05-43,2.1,2.8,1.9,1.5,1.0,0.8,2.0,0.9,1.4,1.7,,588.0
India,"PLFS Year (Jul - Jun), 2023",Male,Rural,15-29 years,"11,12",45-96,2.0,5.8,5.3,3.5,5.1,5.8,8.4,14.1,5.4,5.3,,1869.0
India,"PLFS Year (Jul - Jun), 2023",Male,Rural,15-29 years,21,01-03,16.9,14.7,17.7,14.4,16.7,9.6,19.4,18.8,16.2,16.5,,4996.0
India,"PLFS Year (Jul - Jun), 2023",Male,Rural,15-29 years,21,01-96,17.5,17.6,19.9,16.5,19.4,12.1,22.6,20.1,18.7,18.9,,5739.0
India,"PLFS Year (Jul - Jun), 2023",Male,Rural,15-29 years,21,05-43,0.1,1.6,0.9,0.5,0.7,1.3,0.8,0.0,0.6,0.8,,209.0
India,"PLFS Year (Jul - Jun), 2023",Male,Rural,15-29 years,21,45-96,0.6,1.2,1.3,1.5,1.9,1.2,2.5,1.2,1.8,1.6,,534.0
India,"PLFS Year (Jul - Jun), 2023",Male,Rural,15-29 years,11-21,01-03,25.7,21.5,22.8,17.7,20.9,15.0,23.7,21.2,20.0,21.1,,6396.0
India,"PLFS Year (Jul - Jun), 2023",Male,Rural,15-29 years,11-21,01-96,30.5,33.0,32.2,24.8,29.6,24.0,37.3,37.5,29.3,30.5,,9596.0
India,"PLFS Year (Jul - Jun), 2023",Male,Rural,15-29 years,11-21,05-43,2.1,4.4,2.8,2.0,1.7,2.1,2.7,0.9,2.0,2.5,,797.0
India,"PLFS Year (Jul - Jun), 2023",Male,Rural,15-29 years,11-21,45-96,2.6,7.1,6.6,5.1,7.0,7.0,10.9,15.4,7.2,6.9,,2403.0
India,"PLFS Year (Jul - Jun), 2023",Male,Rural,15-29 years,31,01-03,1.3,0.4,0.4,0.1,0.2,0.0,0.0,0.0,0.1,0.3,,85.0
India,"PLFS Year (Jul - Jun), 2023",Male,Rural,15-29 years,31,01-99,9.3,9.9,8.5,9.6,11.4,40.8,21.5,32.1,14.2,12.0,,4091.0
India,"PLFS Year (Jul - Jun), 2023",Male,Rural,15-29 years,31,05-43,4.9,3.5,3.5,4.8,4.4,24.8,6.4,4.8,5.7,4.8,,1508.0
India,"PLFS Year (Jul - Jun), 2023",Male,Rural,15-29 years,31,45-99,3.0,6.0,4.6,4.7,6.7,15.9,15.1,27.4,8.4,6.9,,2498.0
India,"PLFS Year (Jul - Jun), 2023",Male,Rural,15-29 years,41,,0.2,0.1,0.1,0.0,0.0,0.0,0.1,0.0,0.0,0.0,,44.0
India,"PLFS Year (Jul - Jun), 2023",Male,Rural,15-29 years,51,01-03,10.2,10.6,4.6,2.3,1.8,1.8,1.0,1.1,1.8,3.8,,1082.0
India,"PLFS Year (Jul - Jun), 2023",Male,Rural,15-29 years,51,01-99,42.6,41.6,22.8,12.0,7.7,8.4,4.0,1.6,8.5,16.8,,5007.0
India,"PLFS Year (Jul - Jun), 2023",Male,Rural,15-29 years,51,05-43,30.1,29.4,16.7,8.7,5.1,4.7,2.5,0.4,5.8,12.0,,3578.0
India,"PLFS Year (Jul - Jun), 2023",Male,Rural,15-29 years,51,45-99,2.3,1.6,1.5,1.0,0.8,1.8,0.5,0.0,0.8,1.1,,347.0
India,"PLFS Year (Jul - Jun), 2023",Male,Rural,15-29 years,41 & 51,01-99,42.8,41.7,22.8,12.1,7.7,8.4,4.1,1.6,8.5,16.9,,5051.0
India,"PLFS Year (Jul - Jun), 2023",Male,Rural,15-29 years,11-51,01-03,37.3,32.4,27.8,20.1,22.9,16.8,24.7,22.3,22.0,25.1,,7563.0
India,"PLFS Year (Jul - Jun), 2023",Male,Rural,15-29 years,11-51,01-99,82.6,84.6,63.5,46.5,48.7,73.1,62.8,71.2,52.0,59.5,,18738.0
India,"PLFS Year (Jul - Jun), 2023",Male,Rural,15-29 years,11-51,05-43,37.3,37.5,23.0,15.5,11.3,31.6,11.8,6.1,13.6,19.4,,5927.0
India,"PLFS Year (Jul - Jun), 2023",Male,Rural,15-29 years,11-51,45-99,7.9,14.7,12.7,10.8,14.5,24.7,26.4,42.7,16.4,15.0,,5248.0
India,"PLFS Year (Jul - Jun), 2023",Male,Rural,15-29 years,81,,4.0,2.6,3.1,2.4,4.6,13.6,20.4,18.0,7.5,5.6,,1833.0
India,"PLFS Year (Jul - Jun), 2023",Male,Rural,15-29 years,11-81,,86.6,87.2,66.5,48.8,53.3,86.7,83.2,89.2,59.5,65.1,,20571.0
India,"PLFS Year (Jul - Jun), 2023",Male,Rural,15-29 years,UR,,4.6,2.9,4.6,4.9,8.6,15.7,24.5,20.2,12.5,8.7,,
India,"PLFS Year (Jul - Jun), 2023",Male,Rural,15-29 years,91,,0.0,9.9,31.4,50.5,46.1,12.5,16.3,10.3,39.9,33.3,,11058.0
India,"PLFS Year (Jul - Jun), 2023",Male,Rural,15-29 years,92,,1.3,0.7,0.4,0.1,0.1,0.0,0.0,0.3,0.1,0.3,,91.0
India,"PLFS Year (Jul - Jun), 2023",Male,Rural,15-29 years,93,,0.1,0.1,0.2,0.1,0.0,0.0,0.0,0.0,0.1,0.1,,40.0
India,"PLFS Year (Jul - Jun), 2023",Male,Rural,15-29 years,94,,0.2,0.0,0.0,0.0,0.0,0.0,0.1,0.0,0.0,0.0,,6.0
India,"PLFS Year (Jul - Jun), 2023",Male,Rural,15-29 years,95,,11.1,1.3,0.8,0.3,0.2,0.1,0.1,0.0,0.2,0.8,,258.0
India,"PLFS Year (Jul - Jun), 2023",Male,Rural,15-29 years,97,,0.8,0.8,0.7,0.1,0.3,0.6,0.2,0.2,0.2,0.4,,131.0
India,"PLFS Year (Jul - Jun), 2023",Male,Rural,15-29 years,91-97,,13.4,12.8,33.5,51.2,46.7,13.3,16.8,10.8,40.5,34.9,,11584.0
India,"PLFS Year (Jul - Jun), 2023",Male,Rural,15-29 years,11-97,,100.0,100.0,100.0,100.0,100.0,100.0,100.0,100.0,100.0,100.0,,32155.0
India,"PLFS Year (Jul - Jun), 2023",Male,Rural,15 years and above,"11,12",01-03,37.1,29.9,21.6,19.2,15.9,10.1,13.8,11.1,16.3,23.8,,20727.0
India,"PLFS Year (Jul - Jun), 2023",Male,Rural,15 years and above,"11,12",01-96,44.2,44.3,37.1,31.5,29.3,24.5,28.9,24.9,29.7,36.8,,33336.0
India,"PLFS Year (Jul - Jun), 2023",Male,Rural,15 years and above,"11,12",05-43,2.7,5.0,4.8,3.5,2.8,4.4,2.3,1.6,3.0,3.7,,3497.0
India,"PLFS Year (Jul - Jun), 2023",Male,Rural,15 years and above,"11,12",45-96,4.5,9.4,10.7,8.8,10.6,10.0,12.8,12.3,10.4,9.2,,9112.0
India,"PLFS Year (Jul - Jun), 2023",Male,Rural,15 years and above,21,01-03,3.4,4.9,10.1,9.5,12.9,6.6,12.9,8.8,11.2,8.4,,7021.0
India,"PLFS Year (Jul - Jun), 2023",Male,Rural,15 years and above,21,01-96,3.7,5.8,11.3,10.9,14.9,8.0,15.1,9.6,12.9,9.6,,8040.0
India,"PLFS Year (Jul - Jun), 2023",Male,Rural,15 years and above,21,05-43,0.1,0.4,0.5,0.3,0.6,0.7,0.5,0.0,0.4,0.4,,292.0
India,"PLFS Year (Jul - Jun), 2023",Male,Rural,15 years and above,21,45-96,0.1,0.5,0.8,1.0,1.4,0.8,1.7,0.7,1.3,0.8,,727.0
India,"PLFS Year (Jul - Jun), 2023",Male,Rural,15 years and above,11-21,01-03,40.5,34.8,31.7,28.8,28.8,16.7,26.7,19.9,27.5,32.2,,27748.0
India,"PLFS Year (Jul - Jun), 2023",Male,Rural,15 years and above,11-21,01-96,48.0,50.1,48.4,42.4,44.2,32.5,44.0,34.5,42.6,46.3,,41376.0
India,"PLFS Year (Jul - Jun), 2023",Male,Rural,15 years and above,11-21,05-43,2.8,5.4,5.3,3.7,3.4,5.1,2.8,1.6,3.4,4.1,,3789.0
India,"PLFS Year (Jul - Jun), 2023",Male,Rural,15 years and above,11-21,45-96,4.6,9.9,11.4,9.8,12.0,10.8,14.5,13.0,11.7,10.0,,9839.0
India,"PLFS Year (Jul - Jun), 2023",Male,Rural,15 years and above,31,01-03,0.7,0.5,0.5,0.2,0.2,0.0,0.1,0.1,0.2,0.4,,439.0
India,"PLFS Year (Jul - Jun), 2023",Male,Rural,15 years and above,31,01-99,3.2,8.1,10.5,12.6,14.5,41.4,30.0,49.1,19.4,12.3,,12114.0
India,"PLFS Year (Jul - Jun), 2023",Male,Rural,15 years and above,31,05-43,1.1,3.1,4.2,4.9,5.2,24.4,6.6,7.1,6.2,4.2,,3739.0
India,"PLFS Year (Jul - Jun), 2023",Male,Rural,15 years and above,31,45-99,1.5,4.5,5.9,7.6,9.0,17.1,23.3,41.8,13.1,7.7,,7936.0
India,"PLFS Year (Jul - Jun), 2023",Male,Rural,15 years and above,41,,0.4,0.2,0.2,0.0,0.0,0.3,0.1,0.0,0.0,0.2,,190.0
India,"PLFS Year (Jul - Jun), 2023",Male,Rural,15 years and above,51,01-03,11.6,9.2,5.1,3.1,2.5,2.0,1.1,0.5,2.3,5.9,,4560.0
India,"PLFS Year (Jul - Jun), 2023",Male,Rural,15 years and above,51,01-99,27.2,30.0,21.7,13.7,8.6,8.8,3.8,1.6,9.3,19.3,,16121.0
India,"PLFS Year (Jul - Jun), 2023",Male,Rural,15 years and above,51,05-43,14.6,19.7,15.4,9.6,5.5,5.6,2.3,0.9,6.2,12.4,,10658.0
India,"PLFS Year (Jul - Jun), 2023",Male,Rural,15 years and above,51,45-99,1.0,1.1,1.2,1.1,0.7,1.3,0.4,0.1,0.8,1.0,,903.0
India,"PLFS Year (Jul - Jun), 2023",Male,Rural,15 years and above,41 & 51,01-99,27.6,30.2,21.9,13.8,8.6,9.1,3.9,1.6,9.4,19.5,,16311.0
India,"PLFS Year (Jul - Jun), 2023",Male,Rural,15 years and above,11-51,01-03,52.8,44.6,37.2,32.0,31.5,18.7,27.9,20.6,30.0,38.6,,32766.0
India,"PLFS Year (Jul - Jun), 2023",Male,Rural,15 years and above,11-51,01-99,78.8,88.5,80.8,68.8,67.3,83.1,77.9,85.2,71.4,78.1,,69801.0
India,"PLFS Year (Jul - Jun), 2023",Male,Rural,15 years and above,11-51,05-43,18.9,28.3,25.1,18.2,14.1,35.3,11.7,9.6,15.8,20.8,,18353.0
India,"PLFS Year (Jul - Jun), 2023",Male,Rural,15 years and above,11-51,45-99,7.1,15.6,18.6,18.5,21.7,29.1,38.3,55.0,25.5,18.7,,18682.0
India,"PLFS Year (Jul - Jun), 2023",Male,Rural,15 years and above,81,,0.3,0.6,1.3,1.3,2.9,7.7,10.8,7.6,4.3,2.2,,2011.0
India,"PLFS Year (Jul - Jun), 2023",Male,Rural,15 years and above,11-81,,79.1,89.1,82.2,70.1,70.2,90.8,88.7,92.7,75.6,80.2,,71812.0
India,"PLFS Year (Jul - Jun), 2023",Male,Rural,15 years and above,UR,,0.3,0.6,1.6,1.8,4.1,8.5,12.1,8.2,5.6,2.7,,
India,"PLFS Year (Jul - Jun), 2023",Male,Rural,15 years and above,91,,0.0,2.0,13.1,25.4,27.5,6.5,8.1,3.2,20.9,11.8,,11065.0
India,"PLFS Year (Jul - Jun), 2023",Male,Rural,15 years and above,92,,1.1,0.8,0.5,0.3,0.2,0.1,0.2,0.1,0.2,0.5,,560.0
India,"PLFS Year (Jul - Jun), 2023",Male,Rural,15 years and above,93,,0.3,0.1,0.1,0.1,0.1,0.0,0.0,0.0,0.1,0.1,,138.0
India,"PLFS Year (Jul - Jun), 2023",Male,Rural,15 years and above,94,,10.9,4.7,2.5,2.8,1.3,2.0,2.3,3.8,2.2,4.3,,3859.0
India,"PLFS Year (Jul - Jun), 2023",Male,Rural,15 years and above,95,,4.9,2.2,1.0,0.9,0.3,0.3,0.3,0.0,0.5,1.7,,1438.0
India,"PLFS Year (Jul - Jun), 2023",Male,Rural,15 years and above,97,,3.6,1.2,0.8,0.5,0.4,0.3,0.3,0.1,0.4,1.2,,1001.0
India,"PLFS Year (Jul - Jun), 2023",Male,Rural,15 years and above,91-97,,20.9,10.9,17.8,29.9,29.8,9.2,11.3,7.3,24.4,19.8,,18061.0
India,"PLFS Year (Jul - Jun), 2023",Male,Rural,15 years and above,11-97,,100.0,100.0,100.0,100.0,100.0,100.0,100.0,100.0,100.0,100.0,,89873.0
India,"PLFS Year (Jul - Jun), 2023",Male,Rural,all ages,"11,12",01-03,20.4,13.8,19.4,19.2,15.9,10.1,13.8,11.1,16.3,17.2,,20738.0
India,"PLFS Year (Jul - Jun), 2023",Male,Rural,all ages,"11,12",01-96,24.3,20.5,33.3,31.4,29.3,24.5,28.9,24.9,29.7,26.5,,33350.0
India,"PLFS Year (Jul - Jun), 2023",Male,Rural,all ages,"11,12",05-43,1.5,2.3,4.3,3.4,2.8,4.4,2.3,1.6,3.0,2.7,,3497.0
India,"PLFS Year (Jul - Jun), 2023",Male,Rural,all ages,"11,12",45-96,2.5,4.4,9.6,8.8,10.6,10.0,12.8,12.3,10.4,6.6,,9115.0
India,"PLFS Year (Jul - Jun), 2023",Male,Rural,all ages,21,01-03,1.9,2.4,9.3,9.5,12.9,6.6,12.9,8.8,11.2,6.1,,7135.0
India,"PLFS Year (Jul - Jun), 2023",Male,Rural,all ages,21,01-96,2.1,2.9,10.4,10.9,14.9,8.0,15.1,9.6,12.9,7.0,,8170.0
India,"PLFS Year (Jul - Jun), 2023",Male,Rural,all ages,21,05-43,0.1,0.2,0.5,0.3,0.6,0.7,0.5,0.0,0.4,0.3,,293.0
India,"PLFS Year (Jul - Jun), 2023",Male,Rural,all ages,21,45-96,0.1,0.2,0.7,1.0,1.4,0.8,1.7,0.7,1.3,0.6,,742.0
India,"PLFS Year (Jul - Jun), 2023",Male,Rural,all ages,11-21,01-03,22.3,16.3,28.7,28.7,28.8,16.7,26.7,19.9,27.5,23.3,,27873.0
India,"PLFS Year (Jul - Jun), 2023",Male,Rural,all ages,11-21,01-96,26.4,23.4,43.7,42.3,44.2,32.5,44.0,34.5,42.6,33.4,,41520.0
India,"PLFS Year (Jul - Jun), 2023",Male,Rural,all ages,11-21,05-43,1.5,2.5,4.8,3.7,3.4,5.1,2.8,1.6,3.4,2.9,,3790.0
India,"PLFS Year (Jul - Jun), 2023",Male,Rural,all ages,11-21,45-96,2.5,4.6,10.3,9.8,12.0,10.8,14.5,13.0,11.7,7.2,,9857.0
India,"PLFS Year (Jul - Jun), 2023",Male,Rural,all ages,31,01-03,0.4,0.3,0.4,0.2,0.2,0.0,0.1,0.1,0.2,0.3,,439.0
India,"PLFS Year (Jul - Jun), 2023",Male,Rural,all ages,31,01-99,1.8,3.8,9.5,12.6,14.5,41.4,30.0,49.1,19.4,8.9,,12126.0
India,"PLFS Year (Jul - Jun), 2023",Male,Rural,all ages,31,05-43,0.6,1.4,3.8,4.9,5.2,24.4,6.6,7.1,6.2,3.0,,3741.0
India,"PLFS Year (Jul - Jun), 2023",Male,Rural,all ages,31,45-99,0.8,2.1,5.3,7.6,9.0,17.1,23.3,41.8,13.1,5.6,,7946.0
India,"PLFS Year (Jul - Jun), 2023",Male,Rural,all ages,41,,0.2,0.1,0.2,0.0,0.0,0.3,0.1,0.0,0.0,0.1,,190.0
India,"PLFS Year (Jul - Jun), 2023",Male,Rural,all ages,51,01-03,6.4,4.3,4.6,3.1,2.5,2.0,1.1,0.5,2.3,4.3,,4563.0
India,"PLFS Year (Jul - Jun), 2023",Male,Rural,all ages,51,01-99,15.0,13.9,19.5,13.7,8.6,8.8,3.8,1.6,9.3,13.9,,16133.0
India,"PLFS Year (Jul - Jun), 2023",Male,Rural,all ages,51,05-43,8.0,9.1,13.9,9.6,5.5,5.6,2.3,0.9,6.2,8.9,,10664.0
India,"PLFS Year (Jul - Jun), 2023",Male,Rural,all ages,51,45-99,0.6,0.5,1.1,1.1,0.7,1.3,0.4,0.1,0.8,0.7,,906.0
India,"PLFS Year (Jul - Jun), 2023",Male,Rural,all ages,41 & 51,01-99,15.2,14.0,19.7,13.8,8.6,9.1,3.9,1.6,9.4,14.0,,16323.0
India,"PLFS Year (Jul - Jun), 2023",Male,Rural,all ages,11-51,01-03,29.0,20.8,33.6,32.0,31.5,18.7,27.9,20.6,30.0,27.8,,32894.0
India,"PLFS Year (Jul - Jun), 2023",Male,Rural,all ages,11-51,01-99,43.3,41.1,72.9,68.7,67.3,83.1,77.9,85.2,71.3,56.3,,69969.0
India,"PLFS Year (Jul - Jun), 2023",Male,Rural,all ages,11-51,05-43,10.4,13.1,22.5,18.2,14.1,35.3,11.7,9.6,15.8,15.0,,18362.0
India,"PLFS Year (Jul - Jun), 2023",Male,Rural,all ages,11-51,45-99,3.9,7.3,16.7,18.5,21.7,29.1,38.3,55.0,25.5,13.5,,18713.0
India,"PLFS Year (Jul - Jun), 2023",Male,Rural,all ages,81,,0.2,0.3,1.2,1.3,2.9,7.7,10.8,7.6,4.3,1.6,,2022.0
India,"PLFS Year (Jul - Jun), 2023",Male,Rural,all ages,11-81,,43.5,41.4,74.1,70.0,70.2,90.8,88.7,92.7,75.6,57.9,,71991.0
India,"PLFS Year (Jul - Jun), 2023",Male,Rural,all ages,UR,,0.4,0.7,1.6,1.8,4.1,8.5,12.1,8.2,5.6,2.7,,
India,"PLFS Year (Jul - Jun), 2023",Male,Rural,all ages,91,,7.7,53.5,21.6,25.5,27.5,6.5,8.1,3.2,20.9,27.2,,32808.0
India,"PLFS Year (Jul - Jun), 2023",Male,Rural,all ages,92,,0.7,0.4,0.4,0.3,0.2,0.1,0.2,0.1,0.2,0.4,,589.0
India,"PLFS Year (Jul - Jun), 2023",Male,Rural,all ages,93,,0.2,0.0,0.1,0.1,0.1,0.0,0.0,0.0,0.1,0.1,,143.0
India,"PLFS Year (Jul - Jun), 2023",Male,Rural,all ages,94,,6.0,2.1,2.2,2.8,1.3,2.0,2.3,3.8,2.2,3.1,,3860.0
India,"PLFS Year (Jul - Jun), 2023",Male,Rural,all ages,95,,2.8,1.0,0.9,0.9,0.3,0.3,0.3,0.0,0.5,1.3,,1494.0
India,"PLFS Year (Jul - Jun), 2023",Male,Rural,all ages,97,,3.4,0.7,0.7,0.5,0.4,0.3,0.3,0.1,0.4,1.3,,1328.0
India,"PLFS Year (Jul - Jun), 2023",Male,Rural,all ages,99,,35.6,0.8,0.0,0.0,0.0,0.0,0.0,0.0,0.0,8.8,,9916.0
India,"PLFS Year (Jul - Jun), 2023",Male,Rural,all ages,91-99,,56.5,58.6,25.9,30.0,29.8,9.2,11.3,7.3,24.4,42.1,,50138.0
India,"PLFS Year (Jul - Jun), 2023",Male,Rural,all ages,11-99,,100.0,100.0,100.0,100.0,100.0,100.0,100.0,100.0,100.0,100.0,,122129.0
India,"PLFS Year (Jul - Jun), 2023",Female,Rural,15-29 years,"11,12",01-03,7.7,6.1,3.7,2.5,1.5,2.1,0.7,1.1,1.7,3.2,,1139.0
India,"PLFS Year (Jul - Jun), 2023",Female,Rural,15-29 years,"11,12",01-96,9.5,9.8,7.6,5.6,5.1,7.2,4.9,5.2,5.3,6.7,,2359.0
India,"PLFS Year (Jul - Jun), 2023",Female,Rural,15-29 years,"11,12",05-43,0.8,3.3,3.4,2.6,2.7,3.0,2.1,1.4,2.5,2.8,,891.0
India,"PLFS Year (Jul - Jun), 2023",Female,Rural,15-29 years,"11,12",45-96,0.9,0.4,0.5,0.5,0.8,2.2,2.1,2.8,1.0,0.8,,329.0
India,"PLFS Year (Jul - Jun), 2023",Female,Rural,15-29 years,21,01-03,21.9,19.4,15.6,10.7,11.0,7.1,9.6,8.7,10.5,13.7,,4484.0
India,"PLFS Year (Jul - Jun), 2023",Female,Rural,15-29 years,21,01-96,22.6,20.7,17.2,11.9,12.3,7.6,11.1,9.2,11.7,15.0,,4884.0
India,"PLFS Year (Jul - Jun), 2023",Female,Rural,15-29 years,21,05-43,0.4,0.7,1.1,0.7,0.6,0.0,0.7,0.3,0.6,0.8,,213.0
India,"PLFS Year (Jul - Jun), 2023",Female,Rural,15-29 years,21,45-96,0.3,0.6,0.4,0.5,0.6,0.6,0.8,0.2,0.6,0.5,,187.0
India,"PLFS Year (Jul - Jun), 2023",Female,Rural,15-29 years,11-21,01-03,29.6,25.6,19.3,13.1,12.6,9.1,10.4,9.8,12.2,16.9,,5623.0
India,"PLFS Year (Jul - Jun), 2023",Female,Rural,15-29 years,11-21,01-96,32.1,30.5,24.8,17.5,17.4,14.9,16.0,14.4,17.0,21.7,,7243.0
India,"PLFS Year (Jul - Jun), 2023",Female,Rural,15-29 years,11-21,05-43,1.3,3.9,4.5,3.3,3.4,3.0,2.8,1.6,3.2,3.5,,1104.0
India,"PLFS Year (Jul - Jun), 2023",Female,Rural,15-29 years,11-21,45-96,1.3,1.0,0.9,1.1,1.5,2.7,2.8,3.0,1.6,1.3,,516.0
India,"PLFS Year (Jul - Jun), 2023",Female,Rural,15-29 years,31,01-03,0.5,0.4,0.1,0.0,0.0,0.0,0.0,0.0,0.0,0.1,,35.0
India,"PLFS Year (Jul - Jun), 2023",Female,Rural,15-29 years,31,01-99,1.0,1.5,0.8,1.1,2.2,21.8,10.0,14.6,3.9,2.6,,951.0
India,"PLFS Year (Jul - Jun), 2023",Female,Rural,15-29 years,31,05-43,0.1,0.3,0.3,0.3,0.4,2.5,0.9,0.7,0.5,0.4,,161.0
India,"PLFS Year (Jul - Jun), 2023",Female,Rural,15-29 years,31,45-99,0.5,0.7,0.4,0.8,1.7,19.3,9.1,13.9,3.4,2.0,,755.0
India,"PLFS Year (Jul - Jun), 2023",Female,Rural,15-29 years,41,,0.1,0.5,0.2,0.2,0.3,0.4,0.3,0.3,0.2,0.2,,119.0
India,"PLFS Year (Jul - Jun), 2023",Female,Rural,15-29 years,51,01-03,7.6,8.7,3.4,2.0,1.1,0.1,0.3,0.3,1.3,3.1,,722.0
India,"PLFS Year (Jul - Jun), 2023",Female,Rural,15-29 years,51,01-99,10.4,10.7,3.8,2.3,1.3,0.1,0.3,0.3,1.5,3.8,,916.0
India,"PLFS Year (Jul - Jun), 2023",Female,Rural,15-29 years,51,05-43,2.8,2.0,0.4,0.3,0.1,0.0,0.0,0.0,0.2,0.6,,173.0
India,"PLFS Year (Jul - Jun), 2023",Female,Rural,15-29 years,51,45-99,0.0,0.1,0.0,0.0,0.0,0.0,0.0,0.0,0.0,0.0,,21.0
India,"PLFS Year (Jul - Jun), 2023",Female,Rural,15-29 years,41 & 51,01-99,10.5,11.2,4.0,2.5,1.6,0.5,0.6,0.7,1.7,4.0,,1035.0
India,"PLFS Year (Jul - Jun), 2023",Female,Rural,15-29 years,11-51,01-03,37.7,34.6,22.8,15.2,13.7,9.3,10.7,10.1,13.5,20.1,,6381.0
India,"PLFS Year (Jul - Jun), 2023",Female,Rural,15-29 years,11-51,01-99,43.6,43.2,29.5,21.1,21.1,37.1,26.6,29.7,22.6,28.3,,9229.0
India,"PLFS Year (Jul - Jun), 2023",Female,Rural,15-29 years,11-51,05-43,4.2,6.8,5.4,4.0,4.2,5.8,4.0,2.7,4.1,4.8,,1553.0
India,"PLFS Year (Jul - Jun), 2023",Female,Rural,15-29 years,11-51,45-99,1.7,1.8,1.4,1.9,3.3,22.0,11.9,16.9,5.1,3.4,,1295.0
India,"PLFS Year (Jul - Jun), 2023",Female,Rural,15-29 years,81,,0.1,0.3,0.5,0.6,1.5,15.8,12.2,30.2,4.3,2.5,,987.0
India,"PLFS Year (Jul - Jun), 2023",Female,Rural,15-29 years,11-81,,43.7,43.5,30.1,21.7,22.6,53.0,38.8,59.9,27.0,30.8,,10216.0
India,"PLFS Year (Jul - Jun), 2023",Female,Rural,15-29 years,UR,,0.3,0.6,1.8,2.8,6.4,29.9,31.5,50.4,16.1,8.2,,
India,"PLFS Year (Jul - Jun), 2023",Female,Rural,15-29 years,91,,0.2,6.4,27.6,49.0,42.8,14.7,17.6,5.6,38.8,29.4,,9349.0
India,"PLFS Year (Jul - Jun), 2023",Female,Rural,15-29 years,92,,34.2,31.8,28.9,21.1,24.9,24.6,31.8,27.4,24.9,27.4,,7598.0
India,"PLFS Year (Jul - Jun), 2023",Female,Rural,15-29 years,93,,17.9,17.2,12.5,7.8,8.9,7.7,11.0,6.6,8.8,11.4,,3201.0
India,"PLFS Year (Jul - Jun), 2023",Female,Rural,15-29 years,94,,1.8,0.4,0.5,0.2,0.5,0.0,0.4,0.6,0.4,0.5,,121.0
India,"PLFS Year (Jul - Jun), 2023",Female,Rural,15-29 years,95,,1.9,0.7,0.3,0.1,0.0,0.0,0.0,0.0,0.0,0.3,,117.0
India,"PLFS Year (Jul - Jun), 2023",Female,Rural,15-29 years,97,,0.3,0.1,0.1,0.0,0.2,0.0,0.4,0.0,0.2,0.2,,33.0
India,"PLFS Year (Jul - Jun), 2023",Female,Rural,15-29 years,91-97,,56.3,56.5,69.9,78.3,77.4,47.0,61.2,40.1,73.0,69.2,,20419.0
India,"PLFS Year (Jul - Jun), 2023",Female,Rural,15-29 years,11-97,,100.0,100.0,100.0,100.0,100.0,100.0,100.0,100.0,100.0,100.0,,30635.0
India,"PLFS Year (Jul - Jun), 2023",Female,Rural,15 years and above,"11,12",01-03,14.8,13.8,9.5,6.6,3.8,5.6,2.7,2.6,4.7,10.7,,11607.0
India,"PLFS Year (Jul - Jun), 2023",Female,Rural,15 years and above,"11,12",01-96,17.0,18.6,14.7,11.0,8.6,11.0,6.6,6.9,9.2,14.6,,15699.0
India,"PLFS Year (Jul - Jun), 2023",Female,Rural,15 years and above,"11,12",05-43,1.4,3.7,4.2,3.6,3.2,3.5,2.1,1.1,3.1,2.8,,2776.0
India,"PLFS Year (Jul - Jun), 2023",Female,Rural,15 years and above,"11,12",45-96,0.7,1.1,1.0,0.9,1.5,1.9,1.8,3.2,1.4,1.0,,1316.0
India,"PLFS Year (Jul - Jun), 2023",Female,Rural,15 years and above,21,01-03,22.8,20.6,17.4,13.3,12.2,6.9,9.0,7.6,11.8,18.2,,16637.0
India,"PLFS Year (Jul - Jun), 2023",Female,Rural,15 years and above,21,01-96,23.7,22.3,19.2,15.2,13.7,7.9,10.4,8.5,13.3,19.6,,17975.0
India,"PLFS Year (Jul - Jun), 2023",Female,Rural,15 years and above,21,05-43,0.4,0.6,0.8,0.6,0.5,0.7,0.5,0.5,0.5,0.5,,485.0
India,"PLFS Year (Jul - Jun), 2023",Female,Rural,15 years and above,21,45-96,0.5,1.1,1.0,1.3,0.9,0.3,0.9,0.4,1.0,0.8,,853.0
India,"PLFS Year (Jul - Jun), 2023",Female,Rural,15 years and above,11-21,01-03,37.6,34.4,26.9,19.8,16.1,12.6,11.7,10.2,16.5,28.9,,28244.0
India,"PLFS Year (Jul - Jun), 2023",Female,Rural,15 years and above,11-21,01-96,40.6,40.9,33.8,26.2,22.2,18.8,16.9,15.4,22.5,34.2,,33674.0
India,"PLFS Year (Jul - Jun), 2023",Female,Rural,15 years and above,11-21,05-43,1.8,4.3,4.9,4.1,3.8,4.1,2.6,1.6,3.6,3.4,,3261.0
India,"PLFS Year (Jul - Jun), 2023",Female,Rural,15 years and above,11-21,45-96,1.2,2.2,2.0,2.2,2.4,2.2,2.7,3.6,2.4,1.9,,2169.0
India,"PLFS Year (Jul - Jun), 2023",Female,Rural,15 years and above,31,01-03,0.3,0.5,0.2,0.0,0.0,0.0,0.0,0.0,0.0,0.2,,241.0
India,"PLFS Year (Jul - Jun), 2023",Female,Rural,15 years and above,31,01-99,1.4,2.9,2.9,4.2,4.8,28.4,13.7,22.9,7.4,3.6,,3988.0
India,"PLFS Year (Jul - Jun), 2023",Female,Rural,15 years and above,31,05-43,0.2,0.6,0.7,0.6,0.6,2.2,0.7,0.8,0.7,0.5,,533.0
India,"PLFS Year (Jul - Jun), 2023",Female,Rural,15 years and above,31,45-99,0.9,1.9,1.9,3.6,4.1,26.2,13.0,22.1,6.7,2.9,,3214.0
India,"PLFS Year (Jul - Jun), 2023",Female,Rural,15 years and above,41,,1.4,1.7,1.1,0.8,0.7,2.0,0.4,1.3,0.7,1.2,,1430.0
India,"PLFS Year (Jul - Jun), 2023",Female,Rural,15 years and above,51,01-03,9.8,9.4,4.8,2.7,1.5,1.1,0.4,0.2,1.7,6.4,,4838.0
India,"PLFS Year (Jul - Jun), 2023",Female,Rural,15 years and above,51,01-99,11.3,11.2,5.4,3.1,1.7,1.1,0.4,0.2,2.0,7.5,,5777.0
India,"PLFS Year (Jul - Jun), 2023",Female,Rural,15 years and above,51,05-43,1.5,1.7,0.6,0.3,0.2,0.0,0.0,0.0,0.2,1.0,,841.0
India,"PLFS Year (Jul - Jun), 2023",Female,Rural,15 years and above,51,45-99,0.1,0.1,0.0,0.0,0.1,0.0,0.0,0.0,0.0,0.1,,98.0
India,"PLFS Year (Jul - Jun), 2023",Female,Rural,15 years and above,41 & 51,01-99,12.7,12.9,6.6,3.9,2.4,3.1,0.8,1.5,2.7,8.7,,7207.0
India,"PLFS Year (Jul - Jun), 2023",Female,Rural,15 years and above,11-51,01-03,47.7,44.5,32.1,22.8,17.6,14.0,12.1,10.5,18.3,35.8,,33529.0
India,"PLFS Year (Jul - Jun), 2023",Female,Rural,15 years and above,11-51,01-99,54.7,56.7,43.3,34.3,29.4,50.3,31.5,39.8,32.6,46.5,,44869.0
India,"PLFS Year (Jul - Jun), 2023",Female,Rural,15 years and above,11-51,05-43,4.7,8.0,7.1,5.7,5.2,7.7,3.7,3.7,5.1,5.9,,5820.0
India,"PLFS Year (Jul - Jun), 2023",Female,Rural,15 years and above,11-51,45-99,2.2,4.3,4.1,5.8,6.6,28.6,15.6,25.7,9.1,4.9,,5520.0
India,"PLFS Year (Jul - Jun), 2023",Female,Rural,15 years and above,81,,0.0,0.1,0.3,0.5,1.2,9.5,9.3,18.6,3.2,1.0,,1187.0
India,"PLFS Year (Jul - Jun), 2023",Female,Rural,15 years and above,11-81,,54.7,56.8,43.6,34.8,30.6,59.8,40.7,58.4,35.8,47.6,,46056.0
India,"PLFS Year (Jul - Jun), 2023",Female,Rural,15 years and above,UR,,0.1,0.1,0.8,1.3,3.8,15.8,22.7,31.9,9.0,2.1,,
India,"PLFS Year (Jul - Jun), 2023",Female,Rural,15 years and above,91,,0.0,1.5,14.1,29.1,30.2,7.1,11.6,3.0,24.8,10.0,,9354.0
India,"PLFS Year (Jul - Jun), 2023",Female,Rural,15 years and above,92,,19.8,23.9,27.2,24.6,27.4,21.6,35.3,27.2,27.6,24.1,,19954.0
India,"PLFS Year (Jul - Jun), 2023",Female,Rural,15 years and above,93,,10.8,13.2,13.2,10.1,10.7,7.8,11.3,9.1,10.4,11.6,,9609.0
India,"PLFS Year (Jul - Jun), 2023",Female,Rural,15 years and above,94,,10.0,3.4,1.4,1.2,0.7,3.6,0.8,1.8,1.0,4.7,,4264.0
India,"PLFS Year (Jul - Jun), 2023",Female,Rural,15 years and above,95,,2.3,0.8,0.3,0.2,0.2,0.1,0.1,0.3,0.2,1.1,,912.0
India,"PLFS Year (Jul - Jun), 2023",Female,Rural,15 years and above,97,,2.3,0.4,0.1,0.1,0.2,0.0,0.3,0.1,0.1,1.0,,771.0
India,"PLFS Year (Jul - Jun), 2023",Female,Rural,15 years and above,91-97,,45.3,43.2,56.4,65.2,69.4,40.2,59.3,41.6,64.2,52.4,,44864.0
India,"PLFS Year (Jul - Jun), 2023",Female,Rural,15 years and above,11-97,,100.0,100.0,100.0,100.0,100.0,100.0,100.0,100.0,100.0,100.0,,90920.0
India,"PLFS Year (Jul - Jun), 2023",Female,Rural,all ages,"11,12",01-03,10.8,6.6,8.5,6.6,3.8,5.6,2.7,2.6,4.7,8.0,,11610.0
India,"PLFS Year (Jul - Jun), 2023",Female,Rural,all ages,"11,12",01-96,12.4,8.9,13.1,11.0,8.6,11.0,6.6,6.9,9.2,10.9,,15704.0
India,"PLFS Year (Jul - Jun), 2023",Female,Rural,all ages,"11,12",05-43,1.0,1.8,3.7,3.6,3.2,3.5,2.1,1.1,3.1,2.1,,2778.0
India,"PLFS Year (Jul - Jun), 2023",Female,Rural,all ages,"11,12",45-96,0.5,0.5,0.9,0.9,1.5,1.9,1.8,3.2,1.4,0.8,,1316.0
India,"PLFS Year (Jul - Jun), 2023",Female,Rural,all ages,21,01-03,16.6,10.0,15.8,13.2,12.2,6.9,9.0,7.6,11.8,13.7,,16718.0
India,"PLFS Year (Jul - Jun), 2023",Female,Rural,all ages,21,01-96,17.2,10.9,17.4,15.1,13.7,7.9,10.4,8.5,13.3,14.7,,18075.0
India,"PLFS Year (Jul - Jun), 2023",Female,Rural,all ages,21,05-43,0.3,0.3,0.7,0.6,0.5,0.7,0.5,0.5,0.5,0.4,,499.0
India,"PLFS Year (Jul - Jun), 2023",Female,Rural,all ages,21,45-96,0.4,0.5,0.9,1.3,0.9,0.3,0.9,0.4,1.0,0.6,,858.0
India,"PLFS Year (Jul - Jun), 2023",Female,Rural,all ages,11-21,01-03,27.4,16.6,24.2,19.8,16.1,12.6,11.7,10.2,16.5,21.6,,28328.0
India,"PLFS Year (Jul - Jun), 2023",Female,Rural,all ages,11-21,01-96,29.6,19.8,30.5,26.1,22.2,18.8,16.9,15.4,22.5,25.6,,33779.0
India,"PLFS Year (Jul - Jun), 2023",Female,Rural,all ages,11-21,05-43,1.3,2.1,4.4,4.1,3.8,4.1,2.6,1.6,3.6,2.5,,3277.0
India,"PLFS Year (Jul - Jun), 2023",Female,Rural,all ages,11-21,45-96,0.9,1.1,1.8,2.2,2.4,2.2,2.7,3.6,2.4,1.4,,2174.0
India,"PLFS Year (Jul - Jun), 2023",Female,Rural,all ages,31,01-03,0.2,0.2,0.2,0.0,0.0,0.0,0.0,0.0,0.0,0.2,,241.0
India,"PLFS Year (Jul - Jun), 2023",Female,Rural,all ages,31,01-99,1.0,1.4,2.6,4.2,4.8,28.4,13.7,22.9,7.4,2.7,,3988.0
India,"PLFS Year (Jul - Jun), 2023",Female,Rural,all ages,31,05-43,0.1,0.3,0.6,0.6,0.6,2.2,0.7,0.8,0.7,0.4,,533.0
India,"PLFS Year (Jul - Jun), 2023",Female,Rural,all ages,31,45-99,0.6,0.9,1.7,3.6,4.1,26.2,13.0,22.1,6.7,2.2,,3214.0
India,"PLFS Year (Jul - Jun), 2023",Female,Rural,all ages,41,,1.0,0.8,1.0,0.8,0.7,2.0,0.4,1.3,0.7,0.9,,1430.0
India,"PLFS Year (Jul - Jun), 2023",Female,Rural,all ages,51,01-03,7.1,4.5,4.3,2.7,1.5,1.1,0.4,0.2,1.7,4.8,,4849.0
India,"PLFS Year (Jul - Jun), 2023",Female,Rural,all ages,51,01-99,8.3,5.4,4.9,3.1,1.7,1.1,0.4,0.2,2.0,5.6,,5789.0
India,"PLFS Year (Jul - Jun), 2023",Female,Rural,all ages,51,05-43,1.1,0.8,0.6,0.3,0.2,0.0,0.0,0.0,0.2,0.7,,842.0
India,"PLFS Year (Jul - Jun), 2023",Female,Rural,all ages,51,45-99,0.1,0.1,0.0,0.0,0.1,0.0,0.0,0.0,0.0,0.1,,98.0
India,"PLFS Year (Jul - Jun), 2023",Female,Rural,all ages,41 & 51,01-99,9.3,6.2,5.9,3.9,2.4,3.1,0.8,1.5,2.7,6.5,,7219.0
India,"PLFS Year (Jul - Jun), 2023",Female,Rural,all ages,11-51,01-03,34.8,21.5,29.0,22.7,17.6,14.0,12.1,10.5,18.3,26.7,,33624.0
India,"PLFS Year (Jul - Jun), 2023",Female,Rural,all ages,11-51,01-99,39.9,27.4,39.0,34.3,29.4,50.3,31.5,39.8,32.6,34.8,,44986.0
India,"PLFS Year (Jul - Jun), 2023",Female,Rural,all ages,11-51,05-43,3.5,3.9,6.4,5.7,5.2,7.7,3.7,3.7,5.1,4.4,,5837.0
India,"PLFS Year (Jul - Jun), 2023",Female,Rural,all ages,11-51,45-99,1.6,2.1,3.6,5.8,6.6,28.6,15.6,25.7,9.1,3.7,,5525.0
India,"PLFS Year (Jul - Jun), 2023",Female,Rural,all ages,81,,0.0,0.0,0.3,0.5,1.2,9.5,9.3,18.6,3.2,0.8,,1188.0
India,"PLFS Year (Jul - Jun), 2023",Female,Rural,all ages,11-81,,39.9,27.4,39.3,34.7,30.6,59.8,40.7,58.4,35.8,35.5,,46174.0
India,"PLFS Year (Jul - Jun), 2023",Female,Rural,all ages,UR,,0.1,0.1,0.8,1.3,3.8,15.8,22.7,31.9,9.0,2.1,,
India,"PLFS Year (Jul - Jun), 2023",Female,Rural,all ages,91,,4.1,51.4,22.8,29.2,30.2,7.1,11.6,3.0,24.8,24.3,,29107.0
India,"PLFS Year (Jul - Jun), 2023",Female,Rural,all ages,92,,14.5,11.8,24.4,24.6,27.4,21.6,35.3,27.2,27.6,18.1,,20046.0
India,"PLFS Year (Jul - Jun), 2023",Female,Rural,all ages,93,,7.9,6.3,11.8,10.0,10.7,7.8,11.3,9.1,10.4,8.6,,9626.0
India,"PLFS Year (Jul - Jun), 2023",Female,Rural,all ages,94,,7.3,1.6,1.3,1.2,0.7,3.6,0.8,1.8,1.0,3.5,,4265.0
India,"PLFS Year (Jul - Jun), 2023",Female,Rural,all ages,95,,1.8,0.4,0.3,0.2,0.2,0.1,0.1,0.3,0.2,0.8,,958.0
India,"PLFS Year (Jul - Jun), 2023",Female,Rural,all ages,97,,2.6,0.3,0.1,0.1,0.2,0.0,0.3,0.1,0.1,1.1,,1059.0
India,"PLFS Year (Jul - Jun), 2023",Female,Rural,all ages,99,,21.9,0.8,0.0,0.0,0.0,0.0,0.0,0.0,0.0,8.1,,9182.0
India,"PLFS Year (Jul - Jun), 2023",Female,Rural,all ages,91-99,,60.1,72.6,60.7,65.3,69.4,40.2,59.3,41.6,64.2,64.5,,74243.0
India,"PLFS Year (Jul - Jun), 2023",Female,Rural,all ages,11-99,,100.0,100.0,100.0,100.0,100.0,100.0,100.0,100.0,100.0,100.0,,120417.0
India,"PLFS Year (Jul - Jun), 2023",Persons,Rural,15-29 years,"11,12",01-03,8.1,6.4,4.4,2.9,2.9,4.6,2.6,1.6,2.8,3.9,,2539.0
India,"PLFS Year (Jul - Jun), 2023",Persons,Rural,15-29 years,"11,12",01-96,10.6,12.5,9.9,7.0,7.8,10.8,10.1,10.4,8.1,9.2,,6216.0
India,"PLFS Year (Jul - Jun), 2023",Persons,Rural,15-29 years,"11,12",05-43,1.2,3.1,2.7,2.0,1.8,1.3,2.0,1.2,1.9,2.2,,1479.0
India,"PLFS Year (Jul - Jun), 2023",Persons,Rural,15-29 years,"11,12",45-96,1.3,3.0,2.9,2.1,3.1,4.9,5.4,7.6,3.3,3.1,,2198.0
India,"PLFS Year (Jul - Jun), 2023",Persons,Rural,15-29 years,21,01-03,20.3,17.2,16.7,12.6,14.0,9.0,14.8,13.0,13.5,15.1,,9480.0
India,"PLFS Year (Jul - Jun), 2023",Persons,Rural,15-29 years,21,01-96,21.0,19.2,18.6,14.3,16.0,11.0,17.2,13.8,15.4,17.0,,10623.0
India,"PLFS Year (Jul - Jun), 2023",Persons,Rural,15-29 years,21,05-43,0.3,1.1,1.0,0.6,0.7,1.0,0.7,0.1,0.6,0.8,,422.0
India,"PLFS Year (Jul - Jun), 2023",Persons,Rural,15-29 years,21,45-96,0.4,0.9,0.8,1.1,1.3,1.1,1.7,0.7,1.3,1.1,,721.0
India,"PLFS Year (Jul - Jun), 2023",Persons,Rural,15-29 years,11-21,01-03,28.3,23.6,21.1,15.5,16.9,13.6,17.5,14.6,16.3,19.0,,12019.0
India,"PLFS Year (Jul - Jun), 2023",Persons,Rural,15-29 years,11-21,01-96,31.6,31.7,28.5,21.3,23.7,21.8,27.3,24.3,23.5,26.2,,16839.0
India,"PLFS Year (Jul - Jun), 2023",Persons,Rural,15-29 years,11-21,05-43,1.5,4.2,3.7,2.6,2.5,2.3,2.7,1.3,2.6,3.0,,1901.0
India,"PLFS Year (Jul - Jun), 2023",Persons,Rural,15-29 years,11-21,45-96,1.7,3.9,3.7,3.2,4.4,5.9,7.1,8.3,4.6,4.1,,2919.0
India,"PLFS Year (Jul - Jun), 2023",Persons,Rural,15-29 years,31,01-03,0.7,0.4,0.2,0.1,0.1,0.0,0.0,0.0,0.1,0.2,,120.0
India,"PLFS Year (Jul - Jun), 2023",Persons,Rural,15-29 years,31,01-99,3.7,5.4,4.6,5.5,6.9,36.2,16.1,22.1,9.3,7.3,,5042.0
India,"PLFS Year (Jul - Jun), 2023",Persons,Rural,15-29 years,31,05-43,1.7,1.8,1.9,2.6,2.5,19.5,3.8,2.5,3.2,2.6,,1669.0
India,"PLFS Year (Jul - Jun), 2023",Persons,Rural,15-29 years,31,45-99,1.3,3.2,2.5,2.8,4.3,16.7,12.3,19.7,6.0,4.5,,3253.0
India,"PLFS Year (Jul - Jun), 2023",Persons,Rural,15-29 years,41,,0.1,0.3,0.1,0.1,0.1,0.1,0.2,0.2,0.1,0.1,,163.0
India,"PLFS Year (Jul - Jun), 2023",Persons,Rural,15-29 years,51,01-03,8.4,9.6,4.0,2.2,1.5,1.4,0.7,0.7,1.6,3.4,,1804.0
India,"PLFS Year (Jul - Jun), 2023",Persons,Rural,15-29 years,51,01-99,20.9,25.3,13.3,7.4,4.6,6.4,2.3,0.9,5.2,10.4,,5923.0
India,"PLFS Year (Jul - Jun), 2023",Persons,Rural,15-29 years,51,05-43,11.7,14.9,8.5,4.7,2.7,3.6,1.4,0.2,3.1,6.3,,3751.0
India,"PLFS Year (Jul - Jun), 2023",Persons,Rural,15-29 years,51,45-99,0.7,0.8,0.7,0.5,0.4,1.4,0.2,0.0,0.4,0.6,,368.0
India,"PLFS Year (Jul - Jun), 2023",Persons,Rural,15-29 years,41 & 51,01-99,21.0,25.6,13.4,7.5,4.8,6.5,2.5,1.1,5.3,10.5,,6086.0
India,"PLFS Year (Jul - Jun), 2023",Persons,Rural,15-29 years,11-51,01-03,37.5,33.6,25.3,17.8,18.5,15.0,18.1,15.3,18.0,22.6,,13944.0
India,"PLFS Year (Jul - Jun), 2023",Persons,Rural,15-29 years,11-51,01-99,56.3,62.7,46.5,34.3,35.4,64.5,45.9,47.4,38.1,44.0,,27967.0
India,"PLFS Year (Jul - Jun), 2023",Persons,Rural,15-29 years,11-51,05-43,15.1,21.2,14.2,10.1,7.8,25.5,8.2,4.2,9.1,12.1,,7480.0
India,"PLFS Year (Jul - Jun), 2023",Persons,Rural,15-29 years,11-51,45-99,3.7,7.9,7.0,6.5,9.1,24.1,19.6,28.0,11.1,9.2,,6543.0
India,"PLFS Year (Jul - Jun), 2023",Persons,Rural,15-29 years,81,,1.4,1.4,1.8,1.5,3.1,14.1,16.6,25.0,6.0,4.1,,2820.0
India,"PLFS Year (Jul - Jun), 2023",Persons,Rural,15-29 years,11-81,,57.7,64.1,48.3,35.9,38.5,78.7,62.5,72.4,44.1,48.1,,30787.0
India,"PLFS Year (Jul - Jun), 2023",Persons,Rural,15-29 years,UR,,2.4,2.1,3.7,4.3,8.0,18.0,26.5,34.5,13.6,8.5,,
India,"PLFS Year (Jul - Jun), 2023",Persons,Rural,15-29 years,91,,0.1,8.1,29.5,49.8,44.5,13.0,16.9,7.6,39.4,31.4,,20407.0
India,"PLFS Year (Jul - Jun), 2023",Persons,Rural,15-29 years,92,,23.4,17.1,14.7,10.1,12.1,5.9,14.9,15.8,11.8,13.7,,7689.0
India,"PLFS Year (Jul - Jun), 2023",Persons,Rural,15-29 years,93,,12.1,9.1,6.3,3.8,4.3,1.8,5.2,3.8,4.2,5.7,,3241.0
India,"PLFS Year (Jul - Jun), 2023",Persons,Rural,15-29 years,94,,1.2,0.2,0.3,0.1,0.3,0.0,0.2,0.3,0.2,0.3,,127.0
India,"PLFS Year (Jul - Jun), 2023",Persons,Rural,15-29 years,95,,4.9,1.0,0.6,0.2,0.1,0.1,0.0,0.0,0.1,0.6,,375.0
India,"PLFS Year (Jul - Jun), 2023",Persons,Rural,15-29 years,97,,0.5,0.4,0.4,0.1,0.2,0.5,0.3,0.1,0.2,0.3,,164.0
India,"PLFS Year (Jul - Jun), 2023",Persons,Rural,15-29 years,91-97,,42.3,35.9,51.7,64.1,61.5,21.3,37.5,27.6,55.9,51.9,,32003.0
India,"PLFS Year (Jul - Jun), 2023",Persons,Rural,15-29 years,11-97,,100.0,100.0,100.0,100.0,100.0,100.0,100.0,100.0,100.0,100.0,,62790.0
India,"PLFS Year (Jul - Jun), 2023",Persons,Rural,15 years and above,"11,12",01-03,22.3,21.9,16.1,13.7,10.6,9.0,9.4,7.5,11.4,17.2,,32334.0
India,"PLFS Year (Jul - Jun), 2023",Persons,Rural,15 years and above,"11,12",01-96,26.2,31.6,27.0,22.6,20.2,21.1,20.0,17.3,21.0,25.5,,49035.0
India,"PLFS Year (Jul - Jun), 2023",Persons,Rural,15 years and above,"11,12",05-43,1.8,4.4,4.5,3.5,3.0,4.1,2.2,1.4,3.0,3.3,,6273.0
India,"PLFS Year (Jul - Jun), 2023",Persons,Rural,15 years and above,"11,12",45-96,2.0,5.3,6.3,5.4,6.6,8.0,8.4,8.4,6.6,5.1,,10428.0
India,"PLFS Year (Jul - Jun), 2023",Persons,Rural,15 years and above,21,01-03,16.2,12.7,13.4,11.2,12.6,6.7,11.4,8.3,11.4,13.4,,23658.0
India,"PLFS Year (Jul - Jun), 2023",Persons,Rural,15 years and above,21,01-96,16.9,13.9,14.9,12.7,14.3,8.0,13.2,9.1,13.1,14.6,,26015.0
India,"PLFS Year (Jul - Jun), 2023",Persons,Rural,15 years and above,21,05-43,0.3,0.5,0.6,0.4,0.5,0.7,0.5,0.2,0.5,0.5,,777.0
India,"PLFS Year (Jul - Jun), 2023",Persons,Rural,15 years and above,21,45-96,0.4,0.8,0.9,1.2,1.2,0.7,1.4,0.6,1.2,0.8,,1580.0
India,"PLFS Year (Jul - Jun), 2023",Persons,Rural,15 years and above,11-21,01-03,38.6,34.6,29.5,24.9,23.2,15.7,20.7,15.8,22.9,30.6,,55992.0
India,"PLFS Year (Jul - Jun), 2023",Persons,Rural,15 years and above,11-21,01-96,43.1,45.6,41.8,35.3,34.5,29.1,33.2,26.4,34.1,40.2,,75050.0
India,"PLFS Year (Jul - Jun), 2023",Persons,Rural,15 years and above,11-21,05-43,2.2,4.8,5.1,3.9,3.5,4.8,2.7,1.6,3.5,3.7,,7050.0
India,"PLFS Year (Jul - Jun), 2023",Persons,Rural,15 years and above,11-21,45-96,2.4,6.1,7.2,6.5,7.8,8.6,9.8,9.0,7.8,5.9,,12008.0
India,"PLFS Year (Jul - Jun), 2023",Persons,Rural,15 years and above,31,01-03,0.4,0.5,0.4,0.1,0.1,0.0,0.1,0.1,0.1,0.3,,680.0
India,"PLFS Year (Jul - Jun), 2023",Persons,Rural,15 years and above,31,01-99,2.0,5.6,7.1,9.0,10.2,38.2,23.6,37.9,14.3,7.9,,16102.0
India,"PLFS Year (Jul - Jun), 2023",Persons,Rural,15 years and above,31,05-43,0.5,1.8,2.6,3.0,3.2,18.8,4.2,4.4,3.8,2.3,,4272.0
India,"PLFS Year (Jul - Jun), 2023",Persons,Rural,15 years and above,31,45-99,1.1,3.2,4.1,5.8,6.9,19.4,19.2,33.4,10.3,5.3,,11150.0
India,"PLFS Year (Jul - Jun), 2023",Persons,Rural,15 years and above,41,,1.1,0.9,0.6,0.4,0.3,0.7,0.2,0.6,0.3,0.7,,1620.0
India,"PLFS Year (Jul - Jun), 2023",Persons,Rural,15 years and above,51,01-03,10.4,9.3,4.9,2.9,2.0,1.8,0.8,0.4,2.1,6.2,,9398.0
India,"PLFS Year (Jul - Jun), 2023",Persons,Rural,15 years and above,51,01-99,16.7,20.7,14.4,9.1,5.6,6.9,2.5,1.0,6.2,13.3,,21898.0
India,"PLFS Year (Jul - Jun), 2023",Persons,Rural,15 years and above,51,05-43,5.9,10.8,8.8,5.6,3.1,4.2,1.4,0.5,3.7,6.6,,11499.0
India,"PLFS Year (Jul - Jun), 2023",Persons,Rural,15 years and above,51,45-99,0.4,0.6,0.7,0.6,0.4,0.9,0.2,0.1,0.5,0.5,,1001.0
India,"PLFS Year (Jul - Jun), 2023",Persons,Rural,15 years and above,41 & 51,01-99,17.8,21.7,15.0,9.5,5.9,7.6,2.7,1.6,6.5,14.0,,23518.0
India,"PLFS Year (Jul - Jun), 2023",Persons,Rural,15 years and above,11-51,01-03,49.4,44.6,34.9,28.0,25.4,17.5,21.6,16.3,25.1,37.2,,66295.0
India,"PLFS Year (Jul - Jun), 2023",Persons,Rural,15 years and above,11-51,01-99,62.8,72.8,63.9,53.8,50.6,74.9,59.5,65.9,54.9,62.1,,114670.0
India,"PLFS Year (Jul - Jun), 2023",Persons,Rural,15 years and above,11-51,05-43,9.5,18.2,17.0,12.8,10.2,28.4,8.5,7.1,11.3,13.3,,24173.0
India,"PLFS Year (Jul - Jun), 2023",Persons,Rural,15 years and above,11-51,45-99,3.9,10.0,12.0,13.0,15.1,29.0,29.3,42.5,18.6,11.7,,24202.0
India,"PLFS Year (Jul - Jun), 2023",Persons,Rural,15 years and above,81,,0.1,0.3,0.9,0.9,2.1,8.1,10.2,12.3,3.8,1.6,,3198.0
India,"PLFS Year (Jul - Jun), 2023",Persons,Rural,15 years and above,11-81,,63.0,73.1,64.8,54.7,52.8,83.0,69.6,78.1,58.8,63.7,,117868.0
India,"PLFS Year (Jul - Jun), 2023",Persons,Rural,15 years and above,UR,,0.2,0.4,1.4,1.7,4.0,9.8,14.6,15.7,6.5,2.5,,
India,"PLFS Year (Jul - Jun), 2023",Persons,Rural,15 years and above,91,,0.0,1.7,13.5,27.0,28.7,6.6,9.5,3.1,22.5,10.9,,20419.0
India,"PLFS Year (Jul - Jun), 2023",Persons,Rural,15 years and above,92,,13.5,12.2,12.5,10.9,12.2,5.5,14.1,11.6,11.8,12.5,,20514.0
India,"PLFS Year (Jul - Jun), 2023",Persons,Rural,15 years and above,93,,7.3,6.5,6.0,4.4,4.7,2.0,4.5,3.9,4.5,5.9,,9747.0
India,"PLFS Year (Jul - Jun), 2023",Persons,Rural,15 years and above,94,,10.3,4.1,2.0,2.1,1.1,2.4,1.7,3.0,1.7,4.5,,8123.0
India,"PLFS Year (Jul - Jun), 2023",Persons,Rural,15 years and above,95,,3.2,1.5,0.7,0.6,0.3,0.3,0.2,0.2,0.4,1.4,,2350.0
India,"PLFS Year (Jul - Jun), 2023",Persons,Rural,15 years and above,97,,2.8,0.8,0.5,0.3,0.3,0.2,0.3,0.1,0.3,1.1,,1772.0
India,"PLFS Year (Jul - Jun), 2023",Persons,Rural,15 years and above,91-97,,37.0,26.9,35.2,45.3,47.2,17.0,30.4,21.9,41.2,36.3,,62925.0
India,"PLFS Year (Jul - Jun), 2023",Persons,Rural,15 years and above,11-97,,100.0,100.0,100.0,100.0,100.0,100.0,100.0,100.0,100.0,100.0,,180793.0
India,"PLFS Year (Jul - Jun), 2023",Persons,Rural,all ages,"11,12",01-03,14.7,10.3,14.4,13.7,10.6,9.0,9.4,7.5,11.4,12.6,,32348.0
India,"PLFS Year (Jul - Jun), 2023",Persons,Rural,all ages,"11,12",01-96,17.2,14.9,24.1,22.5,20.2,21.1,20.0,17.3,21.0,18.7,,49054.0
India,"PLFS Year (Jul - Jun), 2023",Persons,Rural,all ages,"11,12",05-43,1.2,2.1,4.0,3.5,3.0,4.1,2.2,1.4,3.0,2.4,,6275.0
India,"PLFS Year (Jul - Jun), 2023",Persons,Rural,all ages,"11,12",45-96,1.3,2.5,5.7,5.4,6.6,8.0,8.4,8.4,6.6,3.7,,10431.0
India,"PLFS Year (Jul - Jun), 2023",Persons,Rural,all ages,21,01-03,10.7,6.1,12.2,11.1,12.6,6.7,11.4,8.3,11.4,9.9,,23853.0
India,"PLFS Year (Jul - Jun), 2023",Persons,Rural,all ages,21,01-96,11.1,6.7,13.6,12.7,14.3,8.0,13.2,9.1,13.1,10.8,,26245.0
India,"PLFS Year (Jul - Jun), 2023",Persons,Rural,all ages,21,05-43,0.2,0.2,0.6,0.4,0.5,0.7,0.5,0.2,0.5,0.3,,792.0
India,"PLFS Year (Jul - Jun), 2023",Persons,Rural,all ages,21,45-96,0.2,0.4,0.8,1.2,1.2,0.7,1.4,0.6,1.2,0.6,,1600.0
India,"PLFS Year (Jul - Jun), 2023",Persons,Rural,all ages,11-21,01-03,25.3,16.4,26.7,24.8,23.2,15.7,20.7,15.8,22.8,22.5,,56201.0
India,"PLFS Year (Jul - Jun), 2023",Persons,Rural,all ages,11-21,01-96,28.3,21.6,37.7,35.3,34.5,29.1,33.2,26.4,34.1,29.5,,75299.0
India,"PLFS Year (Jul - Jun), 2023",Persons,Rural,all ages,11-21,05-43,1.4,2.3,4.6,3.9,3.5,4.8,2.7,1.6,3.5,2.7,,7067.0
India,"PLFS Year (Jul - Jun), 2023",Persons,Rural,all ages,11-21,45-96,1.6,2.9,6.4,6.5,7.8,8.6,9.8,9.0,7.8,4.3,,12031.0
India,"PLFS Year (Jul - Jun), 2023",Persons,Rural,all ages,31,01-03,0.3,0.2,0.3,0.1,0.1,0.0,0.1,0.1,0.1,0.2,,680.0
India,"PLFS Year (Jul - Jun), 2023",Persons,Rural,all ages,31,01-99,1.3,2.6,6.4,9.0,10.2,38.2,23.6,37.9,14.3,5.8,,16114.0
India,"PLFS Year (Jul - Jun), 2023",Persons,Rural,all ages,31,05-43,0.3,0.9,2.4,3.0,3.2,18.8,4.2,4.4,3.8,1.7,,4274.0
India,"PLFS Year (Jul - Jun), 2023",Persons,Rural,all ages,31,45-99,0.7,1.5,3.7,5.8,6.9,19.4,19.2,33.4,10.3,3.9,,11160.0
India,"PLFS Year (Jul - Jun), 2023",Persons,Rural,all ages,41,,0.7,0.4,0.5,0.4,0.3,0.7,0.2,0.6,0.3,0.5,,1620.0
India,"PLFS Year (Jul - Jun), 2023",Persons,Rural,all ages,51,01-03,6.8,4.4,4.4,2.9,2.0,1.8,0.8,0.4,2.1,4.5,,9412.0
India,"PLFS Year (Jul - Jun), 2023",Persons,Rural,all ages,51,01-99,11.0,9.8,12.9,9.1,5.6,6.9,2.5,1.0,6.2,9.8,,21922.0
India,"PLFS Year (Jul - Jun), 2023",Persons,Rural,all ages,51,05-43,3.9,5.1,7.9,5.6,3.1,4.2,1.4,0.5,3.7,4.8,,11506.0
India,"PLFS Year (Jul - Jun), 2023",Persons,Rural,all ages,51,45-99,0.3,0.3,0.6,0.6,0.4,0.9,0.2,0.1,0.5,0.4,,1004.0
India,"PLFS Year (Jul - Jun), 2023",Persons,Rural,all ages,41 & 51,01-99,11.7,10.2,13.5,9.5,5.9,7.6,2.7,1.6,6.5,10.3,,23542.0
India,"PLFS Year (Jul - Jun), 2023",Persons,Rural,all ages,11-51,01-03,32.5,21.1,31.5,28.0,25.4,17.5,21.6,16.3,25.1,27.3,,66518.0
India,"PLFS Year (Jul - Jun), 2023",Persons,Rural,all ages,11-51,01-99,41.3,34.5,57.5,53.7,50.6,74.9,59.5,65.9,54.9,45.6,,114955.0
India,"PLFS Year (Jul - Jun), 2023",Persons,Rural,all ages,11-51,05-43,6.3,8.6,15.2,12.8,10.2,28.4,8.5,7.1,11.3,9.7,,24199.0
India,"PLFS Year (Jul - Jun), 2023",Persons,Rural,all ages,11-51,45-99,2.5,4.7,10.8,13.0,15.1,29.0,29.3,42.5,18.6,8.6,,24238.0
India,"PLFS Year (Jul - Jun), 2023",Persons,Rural,all ages,81,,0.1,0.2,0.8,0.9,2.1,8.1,10.2,12.3,3.8,1.2,,3210.0
India,"PLFS Year (Jul - Jun), 2023",Persons,Rural,all ages,11-81,,41.4,34.6,58.3,54.6,52.8,83.0,69.6,78.1,58.7,46.8,,118165.0
India,"PLFS Year (Jul - Jun), 2023",Persons,Rural,all ages,UR,,0.2,0.5,1.4,1.7,4.0,9.8,14.6,15.7,6.5,2.5,,
India,"PLFS Year (Jul - Jun), 2023",Persons,Rural,all ages,91,,5.6,52.5,22.2,27.1,28.7,6.6,9.5,3.1,22.6,25.7,,61915.0
India,"PLFS Year (Jul - Jun), 2023",Persons,Rural,all ages,92,,8.9,5.9,11.3,10.9,12.2,5.5,14.1,11.6,11.8,9.2,,20635.0
India,"PLFS Year (Jul - Jun), 2023",Persons,Rural,all ages,93,,4.8,3.1,5.4,4.4,4.7,2.0,4.5,3.9,4.5,4.3,,9769.0
India,"PLFS Year (Jul - Jun), 2023",Persons,Rural,all ages,94,,6.8,1.9,1.8,2.1,1.1,2.4,1.7,3.0,1.7,3.3,,8125.0
India,"PLFS Year (Jul - Jun), 2023",Persons,Rural,all ages,95,,2.2,0.7,0.6,0.6,0.3,0.3,0.2,0.2,0.4,1.1,,2452.0
India,"PLFS Year (Jul - Jun), 2023",Persons,Rural,all ages,97,,2.9,0.5,0.4,0.3,0.3,0.2,0.3,0.1,0.3,1.2,,2387.0
India,"PLFS Year (Jul - Jun), 2023",Persons,Rural,all ages,99,,27.4,0.8,0.0,0.0,0.0,0.0,0.0,0.0,0.0,8.4,,19098.0
India,"PLFS Year (Jul - Jun), 2023",Persons,Rural,all ages,91-99,,58.6,65.4,41.7,45.4,47.2,17.0,30.4,21.9,41.3,53.2,,124381.0
India,"PLFS Year (Jul - Jun), 2023",Persons,Rural,all ages,11-99,,100.0,100.0,100.0,100.0,100.0,100.0,100.0,100.0,100.0,100.0,,242546.0
India,"PLFS Year (Jul - Jun), 2023",Male,Urban,15-29 years,"11,12",01-03,1.1,0.0,0.4,0.3,0.4,0.4,0.4,0.5,0.4,0.4,,96.0
India,"PLFS Year (Jul - Jun), 2023",Male,Urban,15-29 years,"11,12",01-96,15.1,14.1,11.4,7.8,7.3,8.0,9.0,9.7,8.0,9.3,,2264.0
India,"PLFS Year (Jul - Jun), 2023",Male,Urban,15-29 years,"11,12",05-43,4.4,5.0,2.6,1.9,1.2,2.0,1.4,1.0,1.5,2.0,,492.0
India,"PLFS Year (Jul - Jun), 2023",Male,Urban,15-29 years,"11,12",45-96,9.6,9.1,8.4,5.6,5.7,5.7,7.3,8.2,6.2,6.9,,1676.0
India,"PLFS Year (Jul - Jun), 2023",Male,Urban,15-29 years,21,01-03,0.4,0.4,0.9,0.5,0.9,0.8,1.0,1.1,0.8,0.8,,253.0
India,"PLFS Year (Jul - Jun), 2023",Male,Urban,15-29 years,21,01-96,5.4,5.2,5.8,4.1,5.1,4.2,8.4,9.0,5.9,5.8,,1465.0
India,"PLFS Year (Jul - Jun), 2023",Male,Urban,15-29 years,21,05-43,4.0,1.4,1.3,0.8,1.1,1.5,1.5,2.0,1.2,1.3,,296.0
India,"PLFS Year (Jul - Jun), 2023",Male,Urban,15-29 years,21,45-96,0.9,3.4,3.6,2.8,3.0,1.9,6.0,5.9,3.9,3.7,,916.0
India,"PLFS Year (Jul - Jun), 2023",Male,Urban,15-29 years,11-21,01-03,1.5,0.4,1.3,0.8,1.3,1.2,1.3,1.6,1.2,1.2,,349.0
India,"PLFS Year (Jul - Jun), 2023",Male,Urban,15-29 years,11-21,01-96,20.5,19.3,17.2,11.8,12.4,12.3,17.5,18.6,13.9,15.1,,3729.0
India,"PLFS Year (Jul - Jun), 2023",Male,Urban,15-29 years,11-21,05-43,8.5,6.5,3.9,2.6,2.3,3.5,2.8,2.9,2.6,3.3,,788.0
India,"PLFS Year (Jul - Jun), 2023",Male,Urban,15-29 years,11-21,45-96,10.5,12.5,12.0,8.5,8.7,7.6,13.3,14.1,10.1,10.7,,2592.0
India,"PLFS Year (Jul - Jun), 2023",Male,Urban,15-29 years,31,01-03,0.4,0.1,0.3,0.0,0.0,0.2,0.1,0.0,0.0,0.1,,24.0
India,"PLFS Year (Jul - Jun), 2023",Male,Urban,15-29 years,31,01-99,30.8,33.5,27.9,19.2,17.5,52.9,45.0,53.7,28.9,29.1,,6399.0
India,"PLFS Year (Jul - Jun), 2023",Male,Urban,15-29 years,31,05-43,15.3,15.6,11.5,8.4,5.5,26.5,8.6,9.9,8.3,9.6,,2012.0
India,"PLFS Year (Jul - Jun), 2023",Male,Urban,15-29 years,31,45-99,15.2,17.8,16.1,10.8,11.9,26.3,36.4,43.8,20.6,19.4,,4363.0
India,"PLFS Year (Jul - Jun), 2023",Male,Urban,15-29 years,41,,0.0,0.0,0.0,0.0,0.0,0.0,0.0,0.0,0.0,0.0,,4.0
India,"PLFS Year (Jul - Jun), 2023",Male,Urban,15-29 years,51,01-03,1.2,0.3,0.6,0.3,0.1,0.2,0.1,0.0,0.1,0.3,,67.0
India,"PLFS Year (Jul - Jun), 2023",Male,Urban,15-29 years,51,01-99,30.0,27.1,14.0,6.0,3.6,4.7,1.4,0.1,3.6,8.0,,1792.0
India,"PLFS Year (Jul - Jun), 2023",Male,Urban,15-29 years,51,05-43,23.0,22.0,11.2,4.5,2.8,3.2,1.1,0.1,2.7,6.3,,1413.0
India,"PLFS Year (Jul - Jun), 2023",Male,Urban,15-29 years,51,45-99,5.8,4.8,2.1,1.3,0.7,1.3,0.2,0.0,0.7,1.4,,312.0
India,"PLFS Year (Jul - Jun), 2023",Male,Urban,15-29 years,41 & 51,01-99,30.0,27.2,14.0,6.1,3.6,4.7,1.4,0.1,3.6,8.0,,1796.0
India,"PLFS Year (Jul - Jun), 2023",Male,Urban,15-29 years,11-51,01-03,3.1,0.9,2.2,1.0,1.5,1.6,1.5,1.6,1.4,1.5,,440.0
India,"PLFS Year (Jul - Jun), 2023",Male,Urban,15-29 years,11-51,01-99,81.3,80.0,59.0,37.1,33.4,69.9,63.9,72.5,46.4,52.2,,11924.0
India,"PLFS Year (Jul - Jun), 2023",Male,Urban,15-29 years,11-51,05-43,46.7,44.1,26.6,15.5,10.6,33.1,12.5,13.0,13.6,19.2,,4217.0
India,"PLFS Year (Jul - Jun), 2023",Male,Urban,15-29 years,11-51,45-99,31.5,35.1,30.2,20.6,21.4,35.2,49.9,57.9,31.5,31.5,,7267.0
India,"PLFS Year (Jul - Jun), 2023",Male,Urban,15-29 years,81,,1.9,4.1,4.1,2.9,4.3,14.4,18.8,21.4,9.2,7.6,,2028.0
India,"PLFS Year (Jul - Jun), 2023",Male,Urban,15-29 years,11-81,,83.2,84.1,63.1,40.0,37.7,84.3,82.7,93.9,55.6,59.9,,13952.0
India,"PLFS Year (Jul - Jun), 2023",Male,Urban,15-29 years,UR,,2.3,4.9,6.5,7.2,11.4,17.1,22.8,22.8,16.5,12.8,,
India,"PLFS Year (Jul - Jun), 2023",Male,Urban,15-29 years,91,,0.1,12.3,34.1,58.9,61.5,15.1,16.5,5.1,43.5,38.3,,9681.0
India,"PLFS Year (Jul - Jun), 2023",Male,Urban,15-29 years,92,,0.1,1.1,0.4,0.3,0.2,0.3,0.0,0.3,0.2,0.3,,75.0
India,"PLFS Year (Jul - Jun), 2023",Male,Urban,15-29 years,93,,0.1,0.0,0.0,0.0,0.0,0.0,0.0,0.0,0.0,0.0,,12.0
India,"PLFS Year (Jul - Jun), 2023",Male,Urban,15-29 years,94,,0.1,0.1,0.1,0.0,0.0,0.0,0.0,0.0,0.0,0.0,,10.0
India,"PLFS Year (Jul - Jun), 2023",Male,Urban,15-29 years,95,,12.5,1.0,1.0,0.4,0.1,0.0,0.1,0.0,0.2,0.7,,171.0
India,"PLFS Year (Jul - Jun), 2023",Male,Urban,15-29 years,97,,3.8,1.3,1.2,0.4,0.5,0.4,0.6,0.8,0.5,0.8,,163.0
India,"PLFS Year (Jul - Jun), 2023",Male,Urban,15-29 years,91-97,,16.8,15.9,36.9,60.0,62.3,15.7,17.3,6.1,44.4,40.1,,10112.0
India,"PLFS Year (Jul - Jun), 2023",Male,Urban,15-29 years,11-97,,100.0,100.0,100.0,100.0,100.0,100.0,100.0,100.0,100.0,100.0,,24064.0
India,"PLFS Year (Jul - Jun), 2023",Male,Urban,15 years and above,"11,12",01-03,5.7,2.9,2.4,2.0,1.7,2.1,1.2,1.0,1.6,2.2,,1886.0
India,"PLFS Year (Jul - Jun), 2023",Male,Urban,15 years and above,"11,12",01-96,29.6,31.9,28.4,25.4,21.6,20.9,21.8,20.4,22.5,25.4,,18503.0
India,"PLFS Year (Jul - Jun), 2023",Male,Urban,15 years and above,"11,12",05-43,6.9,8.9,7.2,6.0,4.2,6.2,4.0,2.9,4.6,5.8,,3986.0
India,"PLFS Year (Jul - Jun), 2023",Male,Urban,15 years and above,"11,12",45-96,17.0,20.1,18.8,17.4,15.7,12.6,16.6,16.4,16.4,17.4,,12631.0
India,"PLFS Year (Jul - Jun), 2023",Male,Urban,15 years and above,21,01-03,0.4,0.3,0.5,0.4,0.7,0.3,0.5,0.4,0.5,0.5,,415.0
India,"PLFS Year (Jul - Jun), 2023",Male,Urban,15 years and above,21,01-96,1.3,2.2,3.1,2.9,4.3,1.9,4.9,3.4,3.9,3.3,,2461.0
India,"PLFS Year (Jul - Jun), 2023",Male,Urban,15 years and above,21,05-43,0.6,0.5,0.7,0.6,0.8,0.6,1.0,0.5,0.8,0.7,,488.0
India,"PLFS Year (Jul - Jun), 2023",Male,Urban,15 years and above,21,45-96,0.4,1.4,1.9,1.9,2.8,1.0,3.4,2.6,2.7,2.2,,1558.0
India,"PLFS Year (Jul - Jun), 2023",Male,Urban,15 years and above,11-21,01-03,6.1,3.2,2.8,2.5,2.4,2.4,1.7,1.4,2.1,2.7,,2301.0
India,"PLFS Year (Jul - Jun), 2023",Male,Urban,15 years and above,11-21,01-96,31.0,34.1,31.5,28.3,25.9,22.8,26.7,23.8,26.4,28.7,,20964.0
India,"PLFS Year (Jul - Jun), 2023",Male,Urban,15 years and above,11-21,05-43,7.5,9.4,8.0,6.5,5.0,6.8,5.0,3.3,5.3,6.5,,4474.0
India,"PLFS Year (Jul - Jun), 2023",Male,Urban,15 years and above,11-21,45-96,17.4,21.5,20.7,19.4,18.5,13.6,20.0,19.0,19.0,19.5,,14189.0
India,"PLFS Year (Jul - Jun), 2023",Male,Urban,15 years and above,31,01-03,0.2,0.2,0.3,0.1,0.1,0.1,0.1,0.2,0.1,0.2,,140.0
India,"PLFS Year (Jul - Jun), 2023",Male,Urban,15 years and above,31,01-99,16.8,25.4,30.3,27.0,28.0,55.6,48.8,57.8,38.9,33.8,,22513.0
India,"PLFS Year (Jul - Jun), 2023",Male,Urban,15 years and above,31,05-43,8.4,11.5,11.9,10.3,8.4,27.6,11.3,8.1,10.7,10.9,,6689.0
India,"PLFS Year (Jul - Jun), 2023",Male,Urban,15 years and above,31,45-99,8.2,13.6,18.1,16.7,19.6,27.9,37.4,49.5,28.1,22.8,,15684.0
India,"PLFS Year (Jul - Jun), 2023",Male,Urban,15 years and above,41,,0.1,0.1,0.0,0.0,0.0,0.0,0.0,0.0,0.0,0.0,,28.0
India,"PLFS Year (Jul - Jun), 2023",Male,Urban,15 years and above,51,01-03,2.8,1.2,0.7,0.3,0.2,0.2,0.1,0.0,0.2,0.6,,393.0
India,"PLFS Year (Jul - Jun), 2023",Male,Urban,15 years and above,51,01-99,25.2,22.2,14.8,6.8,4.3,3.1,1.0,0.3,3.4,9.7,,6201.0
India,"PLFS Year (Jul - Jun), 2023",Male,Urban,15 years and above,51,05-43,18.2,16.9,11.3,4.9,3.5,2.2,0.7,0.1,2.6,7.3,,4742.0
India,"PLFS Year (Jul - Jun), 2023",Male,Urban,15 years and above,51,45-99,4.3,4.2,2.8,1.6,0.7,0.7,0.2,0.2,0.7,1.8,,1066.0
India,"PLFS Year (Jul - Jun), 2023",Male,Urban,15 years and above,41 & 51,01-99,25.4,22.3,14.8,6.9,4.3,3.1,1.0,0.3,3.4,9.7,,6229.0
India,"PLFS Year (Jul - Jun), 2023",Male,Urban,15 years and above,11-51,01-03,9.1,4.7,3.9,2.8,2.6,2.7,1.8,1.6,2.3,3.4,,2842.0
India,"PLFS Year (Jul - Jun), 2023",Male,Urban,15 years and above,11-51,01-99,73.1,81.8,76.6,62.2,58.2,81.5,76.5,81.9,68.8,72.3,,49706.0
India,"PLFS Year (Jul - Jun), 2023",Male,Urban,15 years and above,11-51,05-43,34.1,37.9,31.2,21.8,16.8,36.6,17.0,11.6,18.6,24.7,,15925.0
India,"PLFS Year (Jul - Jun), 2023",Male,Urban,15 years and above,11-51,45-99,29.9,39.2,41.6,37.6,38.7,42.1,57.7,68.7,47.8,44.1,,30939.0
India,"PLFS Year (Jul - Jun), 2023",Male,Urban,15 years and above,81,,0.3,1.0,2.0,1.6,2.9,6.1,7.7,5.5,4.6,3.3,,2555.0
India,"PLFS Year (Jul - Jun), 2023",Male,Urban,15 years and above,11-81,,73.4,82.8,78.6,63.8,61.1,87.6,84.3,87.4,73.3,75.6,,52261.0
India,"PLFS Year (Jul - Jun), 2023",Male,Urban,15 years and above,UR,,0.5,1.2,2.5,2.5,4.8,7.0,9.2,6.3,6.2,4.4,,
India,"PLFS Year (Jul - Jun), 2023",Male,Urban,15 years and above,91,,0.0,2.5,11.9,25.5,32.2,5.3,5.7,1.2,17.3,13.1,,9701.0
India,"PLFS Year (Jul - Jun), 2023",Male,Urban,15 years and above,92,,2.5,2.1,1.1,0.8,0.5,0.6,0.9,0.9,0.8,1.1,,736.0
India,"PLFS Year (Jul - Jun), 2023",Male,Urban,15 years and above,93,,0.4,0.1,0.1,0.1,0.1,0.0,0.1,0.0,0.1,0.1,,89.0
India,"PLFS Year (Jul - Jun), 2023",Male,Urban,15 years and above,94,,11.6,8.3,5.3,7.8,5.1,5.5,8.1,9.7,7.3,7.4,,5245.0
India,"PLFS Year (Jul - Jun), 2023",Male,Urban,15 years and above,95,,7.6,1.8,1.7,0.9,0.4,0.4,0.4,0.3,0.5,1.4,,963.0
India,"PLFS Year (Jul - Jun), 2023",Male,Urban,15 years and above,97,,4.4,2.4,1.3,1.0,0.6,0.6,0.6,0.5,0.7,1.3,,863.0
India,"PLFS Year (Jul - Jun), 2023",Male,Urban,15 years and above,91-97,,26.6,17.2,21.4,36.2,38.9,12.4,15.7,12.6,26.7,24.4,,17597.0
India,"PLFS Year (Jul - Jun), 2023",Male,Urban,15 years and above,11-97,,100.0,100.0,100.0,100.0,100.0,100.0,100.0,100.0,100.0,100.0,,69858.0
India,"PLFS Year (Jul - Jun), 2023",Male,Urban,all ages,"11,12",01-03,2.4,1.3,2.1,2.0,1.7,2.1,1.2,1.0,1.6,1.7,,1886.0
India,"PLFS Year (Jul - Jun), 2023",Male,Urban,all ages,"11,12",01-96,12.6,14.2,25.6,25.4,21.6,20.9,21.8,20.4,22.5,19.8,,18505.0
India,"PLFS Year (Jul - Jun), 2023",Male,Urban,all ages,"11,12",05-43,2.9,4.0,6.5,6.0,4.2,6.2,4.0,2.9,4.5,4.5,,3986.0
India,"PLFS Year (Jul - Jun), 2023",Male,Urban,all ages,"11,12",45-96,7.3,9.0,17.0,17.4,15.7,12.6,16.6,16.4,16.4,13.5,,12633.0
India,"PLFS Year (Jul - Jun), 2023",Male,Urban,all ages,21,01-03,0.1,0.2,0.4,0.4,0.7,0.3,0.5,0.4,0.5,0.4,,421.0
India,"PLFS Year (Jul - Jun), 2023",Male,Urban,all ages,21,01-96,0.6,1.1,2.8,2.9,4.3,1.9,4.9,3.4,3.9,2.6,,2484.0
India,"PLFS Year (Jul - Jun), 2023",Male,Urban,all ages,21,05-43,0.3,0.2,0.7,0.5,0.8,0.6,1.0,0.5,0.8,0.6,,491.0
India,"PLFS Year (Jul - Jun), 2023",Male,Urban,all ages,21,45-96,0.2,0.7,1.7,1.9,2.8,1.0,3.4,2.6,2.7,1.7,,1572.0
India,"PLFS Year (Jul - Jun), 2023",Male,Urban,all ages,11-21,01-03,2.6,1.5,2.6,2.4,2.4,2.4,1.7,1.4,2.1,2.1,,2307.0
India,"PLFS Year (Jul - Jun), 2023",Male,Urban,all ages,11-21,01-96,13.2,15.3,28.5,28.3,25.9,22.8,26.7,23.8,26.4,22.4,,20989.0
India,"PLFS Year (Jul - Jun), 2023",Male,Urban,all ages,11-21,05-43,3.2,4.2,7.2,6.5,5.0,6.8,5.0,3.3,5.3,5.1,,4477.0
India,"PLFS Year (Jul - Jun), 2023",Male,Urban,all ages,11-21,45-96,7.4,9.7,18.7,19.3,18.5,13.6,20.0,19.0,19.0,15.3,,14205.0
India,"PLFS Year (Jul - Jun), 2023",Male,Urban,all ages,31,01-03,0.1,0.1,0.3,0.1,0.1,0.1,0.1,0.2,0.1,0.1,,140.0
India,"PLFS Year (Jul - Jun), 2023",Male,Urban,all ages,31,01-99,7.2,11.4,27.3,27.0,28.0,55.6,48.8,57.8,38.9,26.4,,22527.0
India,"PLFS Year (Jul - Jun), 2023",Male,Urban,all ages,31,05-43,3.6,5.2,10.7,10.3,8.4,27.6,11.3,8.1,10.7,8.5,,6693.0
India,"PLFS Year (Jul - Jun), 2023",Male,Urban,all ages,31,45-99,3.5,6.1,16.3,16.6,19.6,27.9,37.4,49.5,28.1,17.8,,15694.0
India,"PLFS Year (Jul - Jun), 2023",Male,Urban,all ages,41,,0.1,0.0,0.0,0.0,0.0,0.0,0.0,0.0,0.0,0.0,,28.0
India,"PLFS Year (Jul - Jun), 2023",Male,Urban,all ages,51,01-03,1.2,0.5,0.7,0.3,0.2,0.2,0.1,0.0,0.2,0.5,,393.0
India,"PLFS Year (Jul - Jun), 2023",Male,Urban,all ages,51,01-99,10.8,9.9,13.3,6.8,4.3,3.1,1.0,0.3,3.4,7.6,,6205.0
India,"PLFS Year (Jul - Jun), 2023",Male,Urban,all ages,51,05-43,7.8,7.5,10.2,4.9,3.5,2.2,0.7,0.1,2.6,5.7,,4743.0
India,"PLFS Year (Jul - Jun), 2023",Male,Urban,all ages,51,45-99,1.8,1.9,2.5,1.6,0.7,0.7,0.2,0.2,0.7,1.4,,1069.0
India,"PLFS Year (Jul - Jun), 2023",Male,Urban,all ages,41 & 51,01-99,10.8,9.9,13.4,6.8,4.3,3.1,1.0,0.3,3.4,7.6,,6233.0
India,"PLFS Year (Jul - Jun), 2023",Male,Urban,all ages,11-51,01-03,3.9,2.1,3.5,2.8,2.6,2.7,1.8,1.6,2.3,2.7,,2848.0
India,"PLFS Year (Jul - Jun), 2023",Male,Urban,all ages,11-51,01-99,31.2,36.6,69.1,62.1,58.2,81.5,76.5,81.9,68.7,56.4,,49749.0
India,"PLFS Year (Jul - Jun), 2023",Male,Urban,all ages,11-51,05-43,14.6,16.9,28.1,21.7,16.8,36.6,17.0,11.6,18.6,19.3,,15933.0
India,"PLFS Year (Jul - Jun), 2023",Male,Urban,all ages,11-51,45-99,12.8,17.6,37.5,37.5,38.7,42.1,57.7,68.7,47.8,34.5,,30968.0
India,"PLFS Year (Jul - Jun), 2023",Male,Urban,all ages,81,,0.1,0.5,1.8,1.6,2.9,6.1,7.7,5.5,4.6,2.6,,2560.0
India,"PLFS Year (Jul - Jun), 2023",Male,Urban,all ages,11-81,,31.4,37.1,70.9,63.7,61.1,87.6,84.3,87.4,73.3,59.0,,52309.0
India,"PLFS Year (Jul - Jun), 2023",Male,Urban,all ages,UR,,0.5,1.3,2.5,2.5,4.8,7.0,9.2,6.3,6.2,4.4,,
India,"PLFS Year (Jul - Jun), 2023",Male,Urban,all ages,91,,12.0,54.9,20.5,25.6,32.2,5.3,5.7,1.2,17.4,25.4,,22890.0
India,"PLFS Year (Jul - Jun), 2023",Male,Urban,all ages,92,,1.1,1.0,1.0,0.8,0.5,0.6,0.9,0.9,0.8,0.9,,754.0
India,"PLFS Year (Jul - Jun), 2023",Male,Urban,all ages,93,,0.2,0.1,0.1,0.1,0.1,0.0,0.1,0.0,0.1,0.1,,91.0
India,"PLFS Year (Jul - Jun), 2023",Male,Urban,all ages,94,,5.0,3.7,4.8,7.8,5.1,5.5,8.1,9.7,7.3,5.7,,5247.0
India,"PLFS Year (Jul - Jun), 2023",Male,Urban,all ages,95,,3.6,0.8,1.5,0.9,0.4,0.4,0.4,0.3,0.5,1.2,,1016.0
India,"PLFS Year (Jul - Jun), 2023",Male,Urban,all ages,97,,3.8,1.4,1.2,1.0,0.6,0.6,0.6,0.5,0.7,1.4,,1050.0
India,"PLFS Year (Jul - Jun), 2023",Male,Urban,all ages,99,,43.0,1.0,0.0,0.0,0.0,0.0,0.0,0.0,0.0,6.3,,5492.0
India,"PLFS Year (Jul - Jun), 2023",Male,Urban,all ages,91-99,,68.6,62.9,29.1,36.3,38.9,12.4,15.7,12.6,26.7,41.0,,36540.0
India,"PLFS Year (Jul - Jun), 2023",Male,Urban,all ages,11-99,,100.0,100.0,100.0,100.0,100.0,100.0,100.0,100.0,100.0,100.0,,88849.0
India,"PLFS Year (Jul - Jun), 2023",Female,Urban,15-29 years,"11,12",01-03,1.2,0.6,0.6,0.2,0.2,0.2,0.1,0.0,0.2,0.3,,85.0
India,"PLFS Year (Jul - Jun), 2023",Female,Urban,15-29 years,"11,12",01-96,4.6,5.7,4.9,3.1,3.1,3.9,4.0,3.5,3.4,3.8,,927.0
India,"PLFS Year (Jul - Jun), 2023",Female,Urban,15-29 years,"11,12",05-43,1.3,4.4,3.8,2.2,1.9,1.2,0.7,0.4,1.5,2.1,,467.0
India,"PLFS Year (Jul - Jun), 2023",Female,Urban,15-29 years,"11,12",45-96,2.1,0.8,0.5,0.7,1.0,2.6,3.2,3.1,1.8,1.5,,375.0
India,"PLFS Year (Jul - Jun), 2023",Female,Urban,15-29 years,21,01-03,2.8,0.7,1.2,0.6,0.4,0.0,0.5,0.4,0.5,0.7,,201.0
India,"PLFS Year (Jul - Jun), 2023",Female,Urban,15-29 years,21,01-96,7.4,5.5,3.8,2.2,1.8,1.5,2.8,1.4,2.2,2.8,,620.0
India,"PLFS Year (Jul - Jun), 2023",Female,Urban,15-29 years,21,05-43,3.4,3.7,1.6,0.8,0.8,0.7,0.5,0.5,0.7,1.1,,200.0
India,"PLFS Year (Jul - Jun), 2023",Female,Urban,15-29 years,21,45-96,1.2,1.1,1.0,0.7,0.6,0.8,1.8,0.5,0.9,1.0,,219.0
India,"PLFS Year (Jul - Jun), 2023",Female,Urban,15-29 years,11-21,01-03,4.0,1.3,1.9,0.9,0.6,0.2,0.6,0.4,0.6,1.0,,286.0
India,"PLFS Year (Jul - Jun), 2023",Female,Urban,15-29 years,11-21,01-96,12.0,11.2,8.7,5.2,4.9,5.4,6.7,4.9,5.5,6.7,,1547.0
India,"PLFS Year (Jul - Jun), 2023",Female,Urban,15-29 years,11-21,05-43,4.8,8.1,5.4,3.0,2.7,1.9,1.2,0.9,2.2,3.2,,667.0
India,"PLFS Year (Jul - Jun), 2023",Female,Urban,15-29 years,11-21,45-96,3.3,1.9,1.5,1.4,1.6,3.4,4.9,3.6,2.7,2.5,,594.0
India,"PLFS Year (Jul - Jun), 2023",Female,Urban,15-29 years,31,01-03,0.0,0.1,0.0,0.1,0.0,0.3,0.0,0.0,0.0,0.0,,5.0
India,"PLFS Year (Jul - Jun), 2023",Female,Urban,15-29 years,31,01-99,8.3,12.1,6.3,4.3,4.9,38.5,22.9,29.0,12.6,11.4,,2203.0
India,"PLFS Year (Jul - Jun), 2023",Female,Urban,15-29 years,31,05-43,1.0,3.4,2.4,1.4,0.8,3.7,2.3,1.1,1.5,1.7,,293.0
India,"PLFS Year (Jul - Jun), 2023",Female,Urban,15-29 years,31,45-99,7.3,8.6,4.0,2.8,4.1,34.4,20.6,27.9,11.1,9.6,,1905.0
India,"PLFS Year (Jul - Jun), 2023",Female,Urban,15-29 years,41,,0.0,0.0,0.0,0.0,0.0,0.0,0.0,0.0,0.0,0.0,,3.0
India,"PLFS Year (Jul - Jun), 2023",Female,Urban,15-29 years,51,01-03,1.1,0.5,0.4,0.2,0.1,0.0,0.0,0.0,0.1,0.2,,31.0
India,"PLFS Year (Jul - Jun), 2023",Female,Urban,15-29 years,51,01-99,7.0,3.6,1.5,0.5,0.3,0.2,0.1,0.0,0.3,0.9,,154.0
India,"PLFS Year (Jul - Jun), 2023",Female,Urban,15-29 years,51,05-43,3.1,2.8,1.0,0.3,0.1,0.2,0.1,0.0,0.1,0.5,,88.0
India,"PLFS Year (Jul - Jun), 2023",Female,Urban,15-29 years,51,45-99,2.8,0.3,0.2,0.1,0.1,0.0,0.0,0.0,0.1,0.2,,35.0
India,"PLFS Year (Jul - Jun), 2023",Female,Urban,15-29 years,41 & 51,01-99,7.0,3.6,1.6,0.6,0.3,0.2,0.1,0.0,0.3,1.0,,157.0
India,"PLFS Year (Jul - Jun), 2023",Female,Urban,15-29 years,11-51,01-03,5.1,1.9,2.2,1.1,0.7,0.5,0.6,0.4,0.8,1.2,,322.0
India,"PLFS Year (Jul - Jun), 2023",Female,Urban,15-29 years,11-51,01-99,27.3,26.9,16.6,10.1,10.1,44.1,29.8,33.9,18.4,19.0,,3907.0
India,"PLFS Year (Jul - Jun), 2023",Female,Urban,15-29 years,11-51,05-43,8.9,14.2,8.8,4.7,3.6,5.8,3.6,2.0,3.8,5.5,,1050.0
India,"PLFS Year (Jul - Jun), 2023",Female,Urban,15-29 years,11-51,45-99,13.3,10.8,5.6,4.3,5.8,37.7,25.6,31.5,13.9,12.3,,2535.0
India,"PLFS Year (Jul - Jun), 2023",Female,Urban,15-29 years,81,,0.0,0.9,0.9,0.8,1.4,9.6,12.9,19.9,6.3,4.8,,1366.0
India,"PLFS Year (Jul - Jun), 2023",Female,Urban,15-29 years,11-81,,27.3,27.8,17.4,10.8,11.5,53.7,42.6,53.8,24.7,23.8,,5273.0
India,"PLFS Year (Jul - Jun), 2023",Female,Urban,15-29 years,UR,,0.1,3.3,4.9,7.2,12.4,17.8,30.1,37.0,25.4,20.1,,
India,"PLFS Year (Jul - Jun), 2023",Female,Urban,15-29 years,91,,0.8,5.7,34.8,56.4,58.6,15.3,20.4,7.8,41.8,36.8,,8727.0
India,"PLFS Year (Jul - Jun), 2023",Female,Urban,15-29 years,92,,56.6,57.3,41.0,29.0,25.3,28.8,32.7,34.8,29.3,34.1,,6933.0
India,"PLFS Year (Jul - Jun), 2023",Female,Urban,15-29 years,93,,9.1,8.2,6.4,3.3,4.0,1.7,3.7,3.2,3.6,4.6,,1077.0
India,"PLFS Year (Jul - Jun), 2023",Female,Urban,15-29 years,94,,0.1,0.1,0.1,0.3,0.3,0.4,0.2,0.1,0.2,0.2,,54.0
India,"PLFS Year (Jul - Jun), 2023",Female,Urban,15-29 years,95,,6.0,0.8,0.2,0.1,0.0,0.0,0.0,0.0,0.0,0.3,,85.0
India,"PLFS Year (Jul - Jun), 2023",Female,Urban,15-29 years,97,,0.1,0.0,0.2,0.0,0.4,0.0,0.3,0.4,0.3,0.2,,45.0
India,"PLFS Year (Jul - Jun), 2023",Female,Urban,15-29 years,91-97,,72.7,72.2,82.6,89.2,88.5,46.3,57.4,46.2,75.3,76.2,,16921.0
India,"PLFS Year (Jul - Jun), 2023",Female,Urban,15-29 years,11-97,,100.0,100.0,100.0,100.0,100.0,100.0,100.0,100.0,100.0,100.0,,22194.0
India,"PLFS Year (Jul - Jun), 2023",Female,Urban,15 years and above,"11,12",01-03,2.5,1.9,1.2,0.7,0.5,3.0,0.3,0.2,0.5,1.1,,1287.0
India,"PLFS Year (Jul - Jun), 2023",Female,Urban,15 years and above,"11,12",01-96,8.4,10.0,8.6,7.3,5.6,8.6,5.6,4.9,6.0,7.4,,6006.0
India,"PLFS Year (Jul - Jun), 2023",Female,Urban,15 years and above,"11,12",05-43,3.2,5.0,5.5,4.4,2.9,2.3,1.3,0.7,2.5,3.5,,2390.0
India,"PLFS Year (Jul - Jun), 2023",Female,Urban,15 years and above,"11,12",45-96,2.7,3.0,2.0,2.2,2.2,3.3,4.0,4.0,3.0,2.8,,2329.0
India,"PLFS Year (Jul - Jun), 2023",Female,Urban,15 years and above,21,01-03,2.7,1.4,1.2,0.9,0.5,0.4,0.4,0.2,0.5,1.1,,980.0
India,"PLFS Year (Jul - Jun), 2023",Female,Urban,15 years and above,21,01-96,5.0,4.9,3.8,3.0,2.5,2.7,2.7,1.8,2.6,3.5,,2673.0
India,"PLFS Year (Jul - Jun), 2023",Female,Urban,15 years and above,21,05-43,0.9,1.6,1.1,0.7,0.6,1.1,0.4,0.5,0.6,0.9,,518.0
India,"PLFS Year (Jul - Jun), 2023",Female,Urban,15 years and above,21,45-96,1.3,1.9,1.5,1.4,1.3,1.2,2.0,1.0,1.5,1.5,,1175.0
India,"PLFS Year (Jul - Jun), 2023",Female,Urban,15 years and above,11-21,01-03,5.2,3.3,2.4,1.6,1.0,3.4,0.6,0.4,1.0,2.3,,2267.0
India,"PLFS Year (Jul - Jun), 2023",Female,Urban,15 years and above,11-21,01-96,13.3,14.8,12.4,10.3,8.0,11.3,8.4,6.6,8.6,11.0,,8679.0
India,"PLFS Year (Jul - Jun), 2023",Female,Urban,15 years and above,11-21,05-43,4.1,6.6,6.5,5.2,3.5,3.4,1.7,1.2,3.1,4.4,,2908.0
India,"PLFS Year (Jul - Jun), 2023",Female,Urban,15 years and above,11-21,45-96,4.0,4.9,3.6,3.5,3.5,4.5,6.0,5.0,4.5,4.3,,3504.0
India,"PLFS Year (Jul - Jun), 2023",Female,Urban,15 years and above,31,01-03,0.2,0.1,0.0,0.0,0.0,0.1,0.0,0.0,0.0,0.1,,36.0
India,"PLFS Year (Jul - Jun), 2023",Female,Urban,15 years and above,31,01-99,10.7,12.7,9.2,6.3,6.3,35.3,21.3,32.8,14.8,12.9,,8393.0
India,"PLFS Year (Jul - Jun), 2023",Female,Urban,15 years and above,31,05-43,1.5,2.7,2.7,1.5,1.0,5.2,1.7,1.3,1.5,1.9,,1024.0
India,"PLFS Year (Jul - Jun), 2023",Female,Urban,15 years and above,31,45-99,9.1,9.9,6.4,4.8,5.3,30.0,19.6,31.5,13.3,10.9,,7333.0
India,"PLFS Year (Jul - Jun), 2023",Female,Urban,15 years and above,41,,0.3,0.5,0.5,0.2,0.1,0.2,0.0,0.0,0.1,0.2,,188.0
India,"PLFS Year (Jul - Jun), 2023",Female,Urban,15 years and above,51,01-03,2.4,1.3,0.6,0.2,0.1,0.1,0.0,0.0,0.1,0.7,,368.0
India,"PLFS Year (Jul - Jun), 2023",Female,Urban,15 years and above,51,01-99,5.5,3.9,1.6,0.6,0.4,0.4,0.1,0.1,0.3,1.9,,1080.0
India,"PLFS Year (Jul - Jun), 2023",Female,Urban,15 years and above,51,05-43,2.4,1.9,0.8,0.2,0.1,0.3,0.0,0.0,0.1,0.9,,500.0
India,"PLFS Year (Jul - Jun), 2023",Female,Urban,15 years and above,51,45-99,0.7,0.7,0.3,0.2,0.1,0.0,0.0,0.1,0.1,0.3,,212.0
India,"PLFS Year (Jul - Jun), 2023",Female,Urban,15 years and above,41 & 51,01-99,5.8,4.4,2.1,0.8,0.4,0.6,0.1,0.1,0.4,2.2,,1268.0
India,"PLFS Year (Jul - Jun), 2023",Female,Urban,15 years and above,11-51,01-03,7.9,5.0,3.3,1.8,1.2,3.6,0.7,0.4,1.2,3.2,,2762.0
India,"PLFS Year (Jul - Jun), 2023",Female,Urban,15 years and above,11-51,01-99,29.8,31.9,23.7,17.4,14.7,47.3,29.8,39.5,23.8,26.0,,18340.0
India,"PLFS Year (Jul - Jun), 2023",Female,Urban,15 years and above,11-51,05-43,8.3,11.4,10.2,6.9,4.6,9.0,3.5,2.5,4.7,7.2,,4514.0
India,"PLFS Year (Jul - Jun), 2023",Female,Urban,15 years and above,11-51,45-99,13.7,15.6,10.3,8.6,9.0,34.6,25.6,36.6,18.0,15.6,,11064.0
India,"PLFS Year (Jul - Jun), 2023",Female,Urban,15 years and above,81,,0.0,0.2,0.4,0.5,1.1,4.4,6.8,8.4,3.7,2.0,,1836.0
India,"PLFS Year (Jul - Jun), 2023",Female,Urban,15 years and above,11-81,,29.9,32.1,24.1,17.9,15.8,51.7,36.6,47.9,27.5,28.0,,20176.0
India,"PLFS Year (Jul - Jun), 2023",Female,Urban,15 years and above,UR,,0.1,0.8,1.6,3.0,6.8,8.6,18.5,17.5,13.3,7.1,,
India,"PLFS Year (Jul - Jun), 2023",Female,Urban,15 years and above,91,,0.1,0.8,11.1,24.0,33.1,5.8,8.9,2.4,18.8,11.8,,8752.0
India,"PLFS Year (Jul - Jun), 2023",Female,Urban,15 years and above,92,,44.6,51.6,53.1,47.4,43.0,33.5,45.6,40.3,44.5,47.0,,30108.0
India,"PLFS Year (Jul - Jun), 2023",Female,Urban,15 years and above,93,,6.8,6.5,7.1,5.9,5.7,3.3,5.6,6.1,5.7,6.2,,4917.0
India,"PLFS Year (Jul - Jun), 2023",Female,Urban,15 years and above,94,,13.3,7.3,3.8,4.1,1.9,5.3,3.1,3.1,3.1,5.5,,4127.0
India,"PLFS Year (Jul - Jun), 2023",Female,Urban,15 years and above,95,,2.5,0.7,0.4,0.3,0.1,0.2,0.1,0.1,0.1,0.7,,503.0
India,"PLFS Year (Jul - Jun), 2023",Female,Urban,15 years and above,97,,2.9,0.9,0.4,0.4,0.4,0.1,0.2,0.1,0.3,0.8,,539.0
India,"PLFS Year (Jul - Jun), 2023",Female,Urban,15 years and above,91-97,,70.1,67.9,75.9,82.1,84.2,48.3,63.4,52.1,72.5,72.0,,48946.0
India,"PLFS Year (Jul - Jun), 2023",Female,Urban,15 years and above,11-97,,100.0,100.0,100.0,100.0,100.0,100.0,100.0,100.0,100.0,100.0,,69122.0
India,"PLFS Year (Jul - Jun), 2023",Female,Urban,all ages,"11,12",01-03,1.6,1.0,1.0,0.7,0.5,3.0,0.3,0.2,0.5,0.9,,1287.0
India,"PLFS Year (Jul - Jun), 2023",Female,Urban,all ages,"11,12",01-96,5.3,5.1,7.6,7.3,5.6,8.6,5.6,4.9,6.0,5.9,,6006.0
India,"PLFS Year (Jul - Jun), 2023",Female,Urban,all ages,"11,12",05-43,2.0,2.6,4.8,4.4,2.9,2.3,1.3,0.7,2.5,2.8,,2390.0
India,"PLFS Year (Jul - Jun), 2023",Female,Urban,all ages,"11,12",45-96,1.7,1.5,1.8,2.2,2.2,3.3,4.0,4.0,3.0,2.2,,2329.0
India,"PLFS Year (Jul - Jun), 2023",Female,Urban,all ages,21,01-03,1.7,0.8,1.1,0.9,0.5,0.4,0.4,0.2,0.5,0.9,,985.0
India,"PLFS Year (Jul - Jun), 2023",Female,Urban,all ages,21,01-96,3.2,2.6,3.4,3.0,2.5,2.7,2.7,1.8,2.6,2.8,,2696.0
India,"PLFS Year (Jul - Jun), 2023",Female,Urban,all ages,21,05-43,0.6,0.8,1.0,0.7,0.6,1.1,0.4,0.5,0.6,0.7,,531.0
India,"PLFS Year (Jul - Jun), 2023",Female,Urban,all ages,21,45-96,0.8,1.0,1.4,1.4,1.3,1.2,2.0,1.0,1.5,1.2,,1180.0
India,"PLFS Year (Jul - Jun), 2023",Female,Urban,all ages,11-21,01-03,3.3,1.7,2.1,1.6,1.0,3.4,0.6,0.4,1.0,1.8,,2272.0
India,"PLFS Year (Jul - Jun), 2023",Female,Urban,all ages,11-21,01-96,8.4,7.6,11.1,10.2,8.0,11.3,8.4,6.6,8.6,8.7,,8702.0
India,"PLFS Year (Jul - Jun), 2023",Female,Urban,all ages,11-21,05-43,2.6,3.4,5.8,5.1,3.5,3.4,1.7,1.2,3.1,3.5,,2921.0
India,"PLFS Year (Jul - Jun), 2023",Female,Urban,all ages,11-21,45-96,2.5,2.5,3.2,3.5,3.5,4.5,6.0,5.0,4.5,3.4,,3509.0
India,"PLFS Year (Jul - Jun), 2023",Female,Urban,all ages,31,01-03,0.1,0.1,0.0,0.0,0.0,0.1,0.0,0.0,0.0,0.0,,36.0
India,"PLFS Year (Jul - Jun), 2023",Female,Urban,all ages,31,01-99,6.8,6.5,8.1,6.3,6.3,35.3,21.3,32.8,14.8,10.2,,8395.0
India,"PLFS Year (Jul - Jun), 2023",Female,Urban,all ages,31,05-43,1.0,1.4,2.4,1.5,1.0,5.2,1.7,1.3,1.5,1.5,,1024.0
India,"PLFS Year (Jul - Jun), 2023",Female,Urban,all ages,31,45-99,5.7,5.0,5.7,4.8,5.3,30.0,19.6,31.5,13.3,8.7,,7335.0
India,"PLFS Year (Jul - Jun), 2023",Female,Urban,all ages,41,,0.2,0.2,0.4,0.2,0.1,0.2,0.0,0.0,0.1,0.2,,188.0
India,"PLFS Year (Jul - Jun), 2023",Female,Urban,all ages,51,01-03,1.5,0.7,0.5,0.2,0.1,0.1,0.0,0.0,0.1,0.6,,368.0
India,"PLFS Year (Jul - Jun), 2023",Female,Urban,all ages,51,01-99,3.5,2.0,1.4,0.6,0.4,0.4,0.1,0.1,0.3,1.5,,1081.0
India,"PLFS Year (Jul - Jun), 2023",Female,Urban,all ages,51,05-43,1.5,1.0,0.7,0.2,0.1,0.3,0.0,0.0,0.1,0.7,,501.0
India,"PLFS Year (Jul - Jun), 2023",Female,Urban,all ages,51,45-99,0.4,0.4,0.2,0.2,0.1,0.0,0.0,0.1,0.1,0.3,,212.0
India,"PLFS Year (Jul - Jun), 2023",Female,Urban,all ages,41 & 51,01-99,3.7,2.2,1.9,0.8,0.4,0.6,0.1,0.1,0.4,1.7,,1269.0
India,"PLFS Year (Jul - Jun), 2023",Female,Urban,all ages,11-51,01-03,5.0,2.5,2.9,1.8,1.2,3.6,0.7,0.4,1.1,2.5,,2767.0
India,"PLFS Year (Jul - Jun), 2023",Female,Urban,all ages,11-51,01-99,18.9,16.3,21.0,17.3,14.7,47.3,29.8,39.5,23.8,20.7,,18366.0
India,"PLFS Year (Jul - Jun), 2023",Female,Urban,all ages,11-51,05-43,5.3,5.8,9.0,6.9,4.6,9.0,3.5,2.5,4.7,5.7,,4528.0
India,"PLFS Year (Jul - Jun), 2023",Female,Urban,all ages,11-51,45-99,8.7,8.0,9.1,8.6,9.0,34.6,25.6,36.6,17.9,12.4,,11071.0
India,"PLFS Year (Jul - Jun), 2023",Female,Urban,all ages,81,,0.0,0.1,0.3,0.5,1.1,4.4,6.8,8.4,3.7,1.6,,1836.0
India,"PLFS Year (Jul - Jun), 2023",Female,Urban,all ages,11-81,,18.9,16.4,21.4,17.9,15.8,51.7,36.6,47.9,27.5,22.3,,20202.0
India,"PLFS Year (Jul - Jun), 2023",Female,Urban,all ages,UR,,0.1,0.7,1.6,3.0,6.8,8.6,18.5,17.5,13.3,7.1,,
India,"PLFS Year (Jul - Jun), 2023",Female,Urban,all ages,91,,7.6,48.2,21.3,24.1,33.1,5.8,8.9,2.4,18.8,23.4,,20903.0
India,"PLFS Year (Jul - Jun), 2023",Female,Urban,all ages,92,,28.3,26.5,47.0,47.3,43.0,33.5,45.6,40.3,44.4,37.4,,30178.0
India,"PLFS Year (Jul - Jun), 2023",Female,Urban,all ages,93,,4.3,3.3,6.3,5.9,5.7,3.3,5.6,6.1,5.7,5.0,,4921.0
India,"PLFS Year (Jul - Jun), 2023",Female,Urban,all ages,94,,8.4,3.7,3.4,4.1,1.9,5.3,3.1,3.1,3.1,4.4,,4127.0
India,"PLFS Year (Jul - Jun), 2023",Female,Urban,all ages,95,,1.7,0.4,0.4,0.3,0.1,0.2,0.1,0.1,0.1,0.6,,534.0
India,"PLFS Year (Jul - Jun), 2023",Female,Urban,all ages,97,,2.9,0.6,0.3,0.4,0.4,0.1,0.2,0.1,0.3,0.9,,702.0
India,"PLFS Year (Jul - Jun), 2023",Female,Urban,all ages,99,,27.9,0.8,0.0,0.0,0.0,0.0,0.0,0.0,0.0,6.1,,5197.0
India,"PLFS Year (Jul - Jun), 2023",Female,Urban,all ages,91-99,,81.1,83.6,78.6,82.1,84.2,48.3,63.4,52.1,72.5,77.7,,66562.0
India,"PLFS Year (Jul - Jun), 2023",Female,Urban,all ages,11-99,,100.0,100.0,100.0,100.0,100.0,100.0,100.0,100.0,100.0,100.0,,86764.0
India,"PLFS Year (Jul - Jun), 2023",Persons,Urban,15-29 years,"11,12",01-03,1.1,0.3,0.5,0.2,0.3,0.3,0.2,0.2,0.3,0.3,,181.0
India,"PLFS Year (Jul - Jun), 2023",Persons,Urban,15-29 years,"11,12",01-96,9.1,10.4,8.6,5.6,5.2,6.9,6.5,5.7,5.8,6.7,,3191.0
India,"PLFS Year (Jul - Jun), 2023",Persons,Urban,15-29 years,"11,12",05-43,2.7,4.7,3.1,2.0,1.5,1.7,1.0,0.6,1.5,2.0,,959.0
India,"PLFS Year (Jul - Jun), 2023",Persons,Urban,15-29 years,"11,12",45-96,5.3,5.3,4.9,3.4,3.4,4.8,5.2,4.9,4.1,4.3,,2051.0
India,"PLFS Year (Jul - Jun), 2023",Persons,Urban,15-29 years,21,01-03,1.8,0.5,1.0,0.6,0.7,0.6,0.7,0.6,0.7,0.8,,454.0
India,"PLFS Year (Jul - Jun), 2023",Persons,Urban,15-29 years,21,01-96,6.5,5.3,4.9,3.2,3.5,3.4,5.6,4.1,4.1,4.4,,2085.0
India,"PLFS Year (Jul - Jun), 2023",Persons,Urban,15-29 years,21,05-43,3.7,2.4,1.4,0.8,1.0,1.3,1.0,1.0,0.9,1.2,,496.0
India,"PLFS Year (Jul - Jun), 2023",Persons,Urban,15-29 years,21,45-96,1.1,2.4,2.4,1.8,1.8,1.6,3.9,2.4,2.5,2.4,,1135.0
India,"PLFS Year (Jul - Jun), 2023",Persons,Urban,15-29 years,11-21,01-03,2.9,0.8,1.6,0.8,1.0,0.9,1.0,0.8,0.9,1.1,,635.0
India,"PLFS Year (Jul - Jun), 2023",Persons,Urban,15-29 years,11-21,01-96,15.6,15.7,13.4,8.8,8.7,10.3,12.1,9.8,9.9,11.1,,5276.0
India,"PLFS Year (Jul - Jun), 2023",Persons,Urban,15-29 years,11-21,05-43,6.3,7.2,4.6,2.8,2.5,3.0,2.0,1.6,2.4,3.3,,1455.0
India,"PLFS Year (Jul - Jun), 2023",Persons,Urban,15-29 years,11-21,45-96,6.4,7.7,7.3,5.2,5.2,6.4,9.1,7.3,6.5,6.8,,3186.0
India,"PLFS Year (Jul - Jun), 2023",Persons,Urban,15-29 years,31,01-03,0.2,0.1,0.2,0.0,0.0,0.2,0.0,0.0,0.0,0.1,,29.0
India,"PLFS Year (Jul - Jun), 2023",Persons,Urban,15-29 years,31,01-99,17.9,23.9,18.4,12.3,11.3,48.9,34.1,37.8,21.0,20.6,,8602.0
India,"PLFS Year (Jul - Jun), 2023",Persons,Urban,15-29 years,31,05-43,7.1,10.1,7.5,5.2,3.2,20.1,5.5,4.2,5.0,5.9,,2305.0
India,"PLFS Year (Jul - Jun), 2023",Persons,Urban,15-29 years,31,45-99,10.6,13.7,10.7,7.1,8.1,28.6,28.6,33.6,16.0,14.7,,6268.0
India,"PLFS Year (Jul - Jun), 2023",Persons,Urban,15-29 years,41,,0.0,0.0,0.0,0.0,0.0,0.0,0.0,0.0,0.0,0.0,,7.0
India,"PLFS Year (Jul - Jun), 2023",Persons,Urban,15-29 years,51,01-03,1.2,0.4,0.5,0.2,0.1,0.1,0.0,0.0,0.1,0.2,,98.0
India,"PLFS Year (Jul - Jun), 2023",Persons,Urban,15-29 years,51,01-99,16.8,16.5,8.5,3.5,2.0,3.5,0.8,0.1,2.0,4.6,,1946.0
India,"PLFS Year (Jul - Jun), 2023",Persons,Urban,15-29 years,51,05-43,11.6,13.4,6.7,2.5,1.4,2.4,0.6,0.0,1.4,3.5,,1501.0
India,"PLFS Year (Jul - Jun), 2023",Persons,Urban,15-29 years,51,45-99,4.1,2.8,1.3,0.7,0.4,0.9,0.1,0.0,0.4,0.8,,347.0
India,"PLFS Year (Jul - Jun), 2023",Persons,Urban,15-29 years,41 & 51,01-99,16.8,16.6,8.5,3.5,2.0,3.5,0.8,0.1,2.0,4.6,,1953.0
India,"PLFS Year (Jul - Jun), 2023",Persons,Urban,15-29 years,11-51,01-03,4.2,1.3,2.2,1.1,1.1,1.3,1.0,0.8,1.1,1.4,,762.0
India,"PLFS Year (Jul - Jun), 2023",Persons,Urban,15-29 years,11-51,01-99,50.3,56.1,40.3,24.7,22.0,62.6,47.0,47.7,32.8,36.3,,15831.0
India,"PLFS Year (Jul - Jun), 2023",Persons,Urban,15-29 years,11-51,05-43,25.0,30.7,18.7,10.5,7.2,25.5,8.1,5.9,8.8,12.7,,5267.0
India,"PLFS Year (Jul - Jun), 2023",Persons,Urban,15-29 years,11-51,45-99,21.1,24.2,19.4,13.1,13.7,35.9,37.9,40.9,22.9,22.3,,9802.0
India,"PLFS Year (Jul - Jun), 2023",Persons,Urban,15-29 years,81,,0.8,2.7,2.7,1.9,2.9,13.0,15.9,20.4,7.8,6.3,,3394.0
India,"PLFS Year (Jul - Jun), 2023",Persons,Urban,15-29 years,11-81,,51.2,58.8,43.0,26.6,24.9,75.7,62.8,68.1,40.6,42.6,,19225.0
India,"PLFS Year (Jul - Jun), 2023",Persons,Urban,15-29 years,UR,,1.6,4.6,6.2,7.2,11.6,17.2,25.2,30.0,19.2,14.7,,
India,"PLFS Year (Jul - Jun), 2023",Persons,Urban,15-29 years,91,,0.5,9.4,34.4,57.7,60.0,15.2,18.4,6.8,42.7,37.6,,18408.0
India,"PLFS Year (Jul - Jun), 2023",Persons,Urban,15-29 years,92,,32.5,26.3,18.3,13.5,12.5,8.3,16.2,22.4,14.3,16.4,,7008.0
India,"PLFS Year (Jul - Jun), 2023",Persons,Urban,15-29 years,93,,5.3,3.7,2.8,1.5,1.9,0.5,1.9,2.0,1.8,2.2,,1089.0
India,"PLFS Year (Jul - Jun), 2023",Persons,Urban,15-29 years,94,,0.1,0.1,0.1,0.1,0.1,0.1,0.1,0.1,0.1,0.1,,64.0
India,"PLFS Year (Jul - Jun), 2023",Persons,Urban,15-29 years,95,,8.7,0.9,0.7,0.2,0.1,0.0,0.1,0.0,0.1,0.5,,256.0
India,"PLFS Year (Jul - Jun), 2023",Persons,Urban,15-29 years,97,,1.7,0.7,0.8,0.2,0.5,0.3,0.5,0.5,0.4,0.5,,208.0
India,"PLFS Year (Jul - Jun), 2023",Persons,Urban,15-29 years,91-97,,48.8,41.2,57.0,73.4,75.1,24.3,37.2,31.9,59.4,57.4,,27033.0
India,"PLFS Year (Jul - Jun), 2023",Persons,Urban,15-29 years,11-97,,100.0,100.0,100.0,100.0,100.0,100.0,100.0,100.0,100.0,100.0,,46258.0
India,"PLFS Year (Jul - Jun), 2023",Persons,Urban,15 years and above,"11,12",01-03,3.5,2.4,1.8,1.4,1.1,2.3,0.8,0.6,1.1,1.7,,3173.0
India,"PLFS Year (Jul - Jun), 2023",Persons,Urban,15 years and above,"11,12",01-96,15.1,20.4,19.3,17.0,14.0,17.6,14.7,12.5,15.0,16.5,,24509.0
India,"PLFS Year (Jul - Jun), 2023",Persons,Urban,15 years and above,"11,12",05-43,4.4,6.9,6.4,5.2,3.6,5.1,2.8,1.8,3.6,4.7,,6376.0
India,"PLFS Year (Jul - Jun), 2023",Persons,Urban,15 years and above,"11,12",45-96,7.3,11.1,11.0,10.3,9.4,10.1,11.1,10.1,10.3,10.2,,14960.0
India,"PLFS Year (Jul - Jun), 2023",Persons,Urban,15 years and above,21,01-03,2.0,0.9,0.8,0.6,0.6,0.4,0.4,0.3,0.5,0.8,,1395.0
India,"PLFS Year (Jul - Jun), 2023",Persons,Urban,15 years and above,21,01-96,3.8,3.6,3.4,2.9,3.4,2.1,3.9,2.6,3.3,3.4,,5134.0
India,"PLFS Year (Jul - Jun), 2023",Persons,Urban,15 years and above,21,05-43,0.8,1.1,0.9,0.6,0.7,0.7,0.7,0.5,0.7,0.8,,1006.0
India,"PLFS Year (Jul - Jun), 2023",Persons,Urban,15 years and above,21,45-96,1.0,1.7,1.7,1.7,2.1,1.0,2.8,1.8,2.1,1.9,,2733.0
India,"PLFS Year (Jul - Jun), 2023",Persons,Urban,15 years and above,11-21,01-03,5.5,3.3,2.6,2.0,1.7,2.7,1.2,0.9,1.6,2.5,,4568.0
India,"PLFS Year (Jul - Jun), 2023",Persons,Urban,15 years and above,11-21,01-96,18.9,24.0,22.7,19.9,17.4,19.7,18.6,15.0,18.3,19.9,,29643.0
India,"PLFS Year (Jul - Jun), 2023",Persons,Urban,15 years and above,11-21,05-43,5.2,7.9,7.3,5.9,4.3,5.9,3.6,2.3,4.3,5.4,,7382.0
India,"PLFS Year (Jul - Jun), 2023",Persons,Urban,15 years and above,11-21,45-96,8.3,12.8,12.8,12.0,11.4,11.1,13.8,11.9,12.4,12.0,,17693.0
India,"PLFS Year (Jul - Jun), 2023",Persons,Urban,15 years and above,31,01-03,0.2,0.2,0.2,0.1,0.0,0.1,0.1,0.1,0.1,0.1,,176.0
India,"PLFS Year (Jul - Jun), 2023",Persons,Urban,15 years and above,31,01-99,12.7,18.7,20.5,17.4,17.8,50.2,36.7,45.1,27.9,23.4,,30906.0
India,"PLFS Year (Jul - Jun), 2023",Persons,Urban,15 years and above,31,05-43,3.7,6.9,7.7,6.2,4.9,21.6,7.1,4.6,6.5,6.4,,7713.0
India,"PLFS Year (Jul - Jun), 2023",Persons,Urban,15 years and above,31,45-99,8.8,11.6,12.7,11.1,12.8,28.4,29.6,40.3,21.3,16.9,,23017.0
India,"PLFS Year (Jul - Jun), 2023",Persons,Urban,15 years and above,41,,0.3,0.3,0.2,0.1,0.0,0.1,0.0,0.0,0.0,0.1,,216.0
India,"PLFS Year (Jul - Jun), 2023",Persons,Urban,15 years and above,51,01-03,2.5,1.2,0.7,0.2,0.1,0.1,0.0,0.0,0.1,0.7,,761.0
India,"PLFS Year (Jul - Jun), 2023",Persons,Urban,15 years and above,51,01-99,11.8,12.6,8.7,3.9,2.5,2.4,0.6,0.2,2.0,5.8,,7281.0
India,"PLFS Year (Jul - Jun), 2023",Persons,Urban,15 years and above,51,05-43,7.4,9.0,6.4,2.7,1.9,1.7,0.4,0.1,1.4,4.1,,5242.0
India,"PLFS Year (Jul - Jun), 2023",Persons,Urban,15 years and above,51,45-99,1.8,2.4,1.6,1.0,0.4,0.5,0.1,0.1,0.4,1.1,,1278.0
India,"PLFS Year (Jul - Jun), 2023",Persons,Urban,15 years and above,41 & 51,01-99,12.0,12.9,8.9,4.0,2.5,2.4,0.6,0.2,2.0,6.0,,7497.0
India,"PLFS Year (Jul - Jun), 2023",Persons,Urban,15 years and above,11-51,01-03,8.3,4.8,3.6,2.4,1.9,3.0,1.3,1.0,1.8,3.3,,5604.0
India,"PLFS Year (Jul - Jun), 2023",Persons,Urban,15 years and above,11-51,01-99,43.6,55.5,52.1,41.4,37.7,72.3,55.9,60.3,48.2,49.4,,68046.0
India,"PLFS Year (Jul - Jun), 2023",Persons,Urban,15 years and above,11-51,05-43,16.5,23.9,21.5,14.9,11.1,29.2,11.0,7.0,12.3,16.0,,20439.0
India,"PLFS Year (Jul - Jun), 2023",Persons,Urban,15 years and above,11-51,45-99,18.9,26.8,27.1,24.1,24.7,40.1,43.5,52.3,34.2,30.0,,42003.0
India,"PLFS Year (Jul - Jun), 2023",Persons,Urban,15 years and above,81,,0.1,0.6,1.2,1.1,2.1,5.7,7.3,7.0,4.2,2.7,,4391.0
India,"PLFS Year (Jul - Jun), 2023",Persons,Urban,15 years and above,11-81,,43.8,56.2,53.4,42.4,39.8,78.0,63.2,67.3,52.4,52.0,,72437.0
India,"PLFS Year (Jul - Jun), 2023",Persons,Urban,15 years and above,UR,,0.3,1.1,2.3,2.6,5.2,7.3,11.6,10.3,7.9,5.1,,
India,"PLFS Year (Jul - Jun), 2023",Persons,Urban,15 years and above,91,,0.0,1.6,11.5,24.8,32.6,5.5,7.1,1.8,18.0,12.4,,18453.0
India,"PLFS Year (Jul - Jun), 2023",Persons,Urban,15 years and above,92,,31.2,28.1,25.2,22.5,20.5,9.5,20.6,20.9,20.7,23.8,,30844.0
India,"PLFS Year (Jul - Jun), 2023",Persons,Urban,15 years and above,93,,4.7,3.5,3.3,2.8,2.7,0.9,2.5,3.1,2.6,3.1,,5006.0
India,"PLFS Year (Jul - Jun), 2023",Persons,Urban,15 years and above,94,,12.8,7.8,4.6,6.1,3.6,5.4,5.9,6.4,5.4,6.5,,9372.0
India,"PLFS Year (Jul - Jun), 2023",Persons,Urban,15 years and above,95,,4.1,1.3,1.1,0.6,0.2,0.3,0.2,0.2,0.3,1.1,,1466.0
India,"PLFS Year (Jul - Jun), 2023",Persons,Urban,15 years and above,97,,3.4,1.6,0.9,0.7,0.5,0.5,0.5,0.3,0.5,1.1,,1402.0
India,"PLFS Year (Jul - Jun), 2023",Persons,Urban,15 years and above,91-97,,56.2,43.8,46.6,57.6,60.2,22.0,36.8,32.7,47.6,48.0,,66543.0
India,"PLFS Year (Jul - Jun), 2023",Persons,Urban,15 years and above,11-97,,100.0,100.0,100.0,100.0,100.0,100.0,100.0,100.0,100.0,100.0,,138980.0
India,"PLFS Year (Jul - Jun), 2023",Persons,Urban,all ages,"11,12",01-03,1.9,1.1,1.6,1.4,1.1,2.3,0.8,0.6,1.1,1.3,,3173.0
India,"PLFS Year (Jul - Jun), 2023",Persons,Urban,all ages,"11,12",01-96,8.3,9.7,17.2,16.9,14.0,17.6,14.7,12.5,15.0,13.0,,24511.0
India,"PLFS Year (Jul - Jun), 2023",Persons,Urban,all ages,"11,12",05-43,2.4,3.3,5.7,5.2,3.6,5.1,2.8,1.8,3.6,3.7,,6376.0
India,"PLFS Year (Jul - Jun), 2023",Persons,Urban,all ages,"11,12",45-96,4.0,5.3,9.9,10.3,9.4,10.1,11.1,10.1,10.3,8.0,,14962.0
India,"PLFS Year (Jul - Jun), 2023",Persons,Urban,all ages,21,01-03,1.1,0.4,0.7,0.6,0.6,0.4,0.4,0.3,0.5,0.6,,1406.0
India,"PLFS Year (Jul - Jun), 2023",Persons,Urban,all ages,21,01-96,2.1,1.8,3.1,2.9,3.4,2.1,3.9,2.6,3.3,2.7,,5180.0
India,"PLFS Year (Jul - Jun), 2023",Persons,Urban,all ages,21,05-43,0.5,0.5,0.8,0.6,0.7,0.7,0.7,0.5,0.7,0.6,,1022.0
India,"PLFS Year (Jul - Jun), 2023",Persons,Urban,all ages,21,45-96,0.6,0.8,1.6,1.7,2.1,1.0,2.8,1.8,2.1,1.5,,2752.0
India,"PLFS Year (Jul - Jun), 2023",Persons,Urban,all ages,11-21,01-03,3.0,1.6,2.3,2.0,1.7,2.7,1.2,0.9,1.6,2.0,,4579.0
India,"PLFS Year (Jul - Jun), 2023",Persons,Urban,all ages,11-21,01-96,10.4,11.5,20.3,19.9,17.4,19.7,18.6,15.0,18.3,15.7,,29691.0
India,"PLFS Year (Jul - Jun), 2023",Persons,Urban,all ages,11-21,05-43,2.9,3.8,6.5,5.9,4.3,5.9,3.6,2.3,4.3,4.3,,7398.0
India,"PLFS Year (Jul - Jun), 2023",Persons,Urban,all ages,11-21,45-96,4.5,6.1,11.4,12.0,11.4,11.1,13.8,11.9,12.4,9.5,,17714.0
India,"PLFS Year (Jul - Jun), 2023",Persons,Urban,all ages,31,01-03,0.1,0.1,0.1,0.1,0.0,0.1,0.1,0.1,0.1,0.1,,176.0
India,"PLFS Year (Jul - Jun), 2023",Persons,Urban,all ages,31,01-99,6.9,9.0,18.3,17.4,17.8,50.2,36.7,45.1,27.9,18.5,,30922.0
India,"PLFS Year (Jul - Jun), 2023",Persons,Urban,all ages,31,05-43,2.0,3.3,6.9,6.2,4.9,21.6,7.1,4.6,6.5,5.1,,7717.0
India,"PLFS Year (Jul - Jun), 2023",Persons,Urban,all ages,31,45-99,4.8,5.6,11.3,11.1,12.8,28.4,29.6,40.3,21.3,13.3,,23029.0
India,"PLFS Year (Jul - Jun), 2023",Persons,Urban,all ages,41,,0.1,0.1,0.2,0.1,0.0,0.1,0.0,0.0,0.0,0.1,,216.0
India,"PLFS Year (Jul - Jun), 2023",Persons,Urban,all ages,51,01-03,1.4,0.6,0.6,0.2,0.1,0.1,0.0,0.0,0.1,0.5,,761.0
India,"PLFS Year (Jul - Jun), 2023",Persons,Urban,all ages,51,01-99,6.5,6.0,7.8,3.9,2.5,2.4,0.6,0.2,2.0,4.6,,7286.0
India,"PLFS Year (Jul - Jun), 2023",Persons,Urban,all ages,51,05-43,4.1,4.3,5.7,2.7,1.9,1.7,0.4,0.1,1.4,3.2,,5244.0
India,"PLFS Year (Jul - Jun), 2023",Persons,Urban,all ages,51,45-99,1.0,1.1,1.4,1.0,0.4,0.5,0.1,0.1,0.4,0.9,,1281.0
India,"PLFS Year (Jul - Jun), 2023",Persons,Urban,all ages,41 & 51,01-99,6.6,6.1,8.0,4.0,2.5,2.4,0.6,0.2,2.0,4.7,,7502.0
India,"PLFS Year (Jul - Jun), 2023",Persons,Urban,all ages,11-51,01-03,4.5,2.3,3.2,2.4,1.9,3.0,1.3,1.0,1.8,2.6,,5615.0
India,"PLFS Year (Jul - Jun), 2023",Persons,Urban,all ages,11-51,01-99,23.9,26.6,46.6,41.3,37.7,72.3,55.9,60.3,48.2,38.9,,68115.0
India,"PLFS Year (Jul - Jun), 2023",Persons,Urban,all ages,11-51,05-43,9.1,11.4,19.2,14.8,11.1,29.2,11.0,7.0,12.3,12.6,,20461.0
India,"PLFS Year (Jul - Jun), 2023",Persons,Urban,all ages,11-51,45-99,10.3,12.9,24.2,24.1,24.7,40.1,43.5,52.3,34.2,23.6,,42039.0
India,"PLFS Year (Jul - Jun), 2023",Persons,Urban,all ages,81,,0.1,0.3,1.1,1.1,2.1,5.7,7.3,7.0,4.2,2.1,,4396.0
India,"PLFS Year (Jul - Jun), 2023",Persons,Urban,all ages,11-81,,24.0,26.9,47.7,42.4,39.8,78.0,63.2,67.3,52.4,41.0,,72511.0
India,"PLFS Year (Jul - Jun), 2023",Persons,Urban,all ages,UR,,0.3,1.1,2.3,2.6,5.2,7.3,11.6,10.3,7.9,5.1,,
India,"PLFS Year (Jul - Jun), 2023",Persons,Urban,all ages,91,,9.4,51.6,20.9,24.9,32.6,5.5,7.1,1.8,18.0,24.4,,43793.0
India,"PLFS Year (Jul - Jun), 2023",Persons,Urban,all ages,92,,17.2,13.5,22.5,22.5,20.5,9.5,20.6,20.9,20.7,18.8,,30932.0
India,"PLFS Year (Jul - Jun), 2023",Persons,Urban,all ages,93,,2.6,1.7,3.0,2.8,2.7,0.9,2.5,3.1,2.6,2.5,,5012.0
India,"PLFS Year (Jul - Jun), 2023",Persons,Urban,all ages,94,,7.0,3.7,4.1,6.1,3.6,5.4,5.9,6.4,5.4,5.1,,9374.0
India,"PLFS Year (Jul - Jun), 2023",Persons,Urban,all ages,95,,2.5,0.6,1.0,0.6,0.2,0.3,0.2,0.2,0.3,0.9,,1550.0
India,"PLFS Year (Jul - Jun), 2023",Persons,Urban,all ages,97,,3.3,1.0,0.8,0.7,0.5,0.5,0.5,0.3,0.5,1.2,,1752.0
India,"PLFS Year (Jul - Jun), 2023",Persons,Urban,all ages,99,,34.1,0.9,0.0,0.0,0.0,0.0,0.0,0.0,0.0,6.2,,10689.0
India,"PLFS Year (Jul - Jun), 2023",Persons,Urban,all ages,91-99,,76.0,73.1,52.3,57.6,60.2,22.0,36.8,32.7,47.6,59.0,,103102.0
India,"PLFS Year (Jul - Jun), 2023",Persons,Urban,all ages,11-99,,100.0,100.0,100.0,100.0,100.0,100.0,100.0,100.0,100.0,100.0,,175613.0
India,"PLFS Year (Jul - Jun), 2023",Male,Rural + Urban,15-29 years,"11,12",01-03,6.9,5.2,4.0,2.4,2.9,3.5,2.6,1.5,2.7,3.3,,1496.0
India,"PLFS Year (Jul - Jun), 2023",Male,Rural + Urban,15-29 years,"11,12",01-96,13.5,15.1,12.1,8.1,9.3,10.4,12.2,13.6,9.7,10.9,,6121.0
India,"PLFS Year (Jul - Jun), 2023",Male,Rural + Urban,15-29 years,"11,12",05-43,2.7,3.3,2.1,1.6,1.1,1.2,1.7,0.9,1.4,1.8,,1080.0
India,"PLFS Year (Jul - Jun), 2023",Male,Rural + Urban,15-29 years,"11,12",45-96,3.9,6.6,6.0,4.1,5.3,5.7,7.9,11.2,5.7,5.8,,3545.0
India,"PLFS Year (Jul - Jun), 2023",Male,Rural + Urban,15-29 years,21,01-03,12.8,11.3,13.8,10.5,11.7,6.3,11.4,10.1,10.9,11.7,,5249.0
India,"PLFS Year (Jul - Jun), 2023",Male,Rural + Urban,15-29 years,21,01-96,14.5,14.6,16.6,12.9,14.8,9.1,16.5,14.6,14.3,14.9,,7204.0
India,"PLFS Year (Jul - Jun), 2023",Male,Rural + Urban,15-29 years,21,05-43,1.1,1.6,1.0,0.6,0.8,1.4,1.1,1.0,0.8,1.0,,505.0
India,"PLFS Year (Jul - Jun), 2023",Male,Rural + Urban,15-29 years,21,45-96,0.7,1.8,1.8,1.9,2.3,1.5,4.0,3.5,2.5,2.2,,1450.0
India,"PLFS Year (Jul - Jun), 2023",Male,Rural + Urban,15-29 years,11-21,01-03,19.7,16.4,17.7,12.9,14.6,9.7,14.0,11.6,13.6,15.1,,6745.0
India,"PLFS Year (Jul - Jun), 2023",Male,Rural + Urban,15-29 years,11-21,01-96,28.0,29.7,28.7,21.1,24.1,19.5,28.7,28.2,24.0,25.9,,13325.0
India,"PLFS Year (Jul - Jun), 2023",Male,Rural + Urban,15-29 years,11-21,05-43,3.7,4.9,3.1,2.2,1.9,2.6,2.8,1.9,2.2,2.7,,1585.0
India,"PLFS Year (Jul - Jun), 2023",Male,Rural + Urban,15-29 years,11-21,45-96,4.6,8.4,7.8,6.0,7.6,7.2,11.9,14.8,8.2,8.0,,4995.0
India,"PLFS Year (Jul - Jun), 2023",Male,Rural + Urban,15-29 years,31,01-03,1.1,0.3,0.3,0.1,0.2,0.1,0.0,0.0,0.1,0.2,,109.0
India,"PLFS Year (Jul - Jun), 2023",Male,Rural + Urban,15-29 years,31,01-99,14.6,15.6,13.1,12.4,13.3,45.4,31.7,42.7,19.2,17.2,,10490.0
India,"PLFS Year (Jul - Jun), 2023",Male,Rural + Urban,15-29 years,31,05-43,7.5,6.4,5.4,5.8,4.8,25.5,7.4,7.3,6.6,6.3,,3520.0
India,"PLFS Year (Jul - Jun), 2023",Male,Rural + Urban,15-29 years,31,45-99,6.0,8.9,7.3,6.4,8.4,19.8,24.3,35.4,12.6,10.7,,6861.0
India,"PLFS Year (Jul - Jun), 2023",Male,Rural + Urban,15-29 years,41,,0.2,0.1,0.0,0.0,0.0,0.0,0.0,0.0,0.0,0.0,,48.0
India,"PLFS Year (Jul - Jun), 2023",Male,Rural + Urban,15-29 years,51,01-03,8.0,8.1,3.7,1.7,1.3,1.2,0.6,0.6,1.3,2.7,,1149.0
India,"PLFS Year (Jul - Jun), 2023",Male,Rural + Urban,15-29 years,51,01-99,39.5,38.1,20.7,10.3,6.4,7.0,2.9,0.9,6.8,14.2,,6799.0
India,"PLFS Year (Jul - Jun), 2023",Male,Rural + Urban,15-29 years,51,05-43,28.3,27.7,15.4,7.5,4.3,4.2,1.9,0.3,4.7,10.2,,4991.0
India,"PLFS Year (Jul - Jun), 2023",Male,Rural + Urban,15-29 years,51,45-99,3.2,2.3,1.6,1.1,0.8,1.6,0.4,0.0,0.8,1.2,,659.0
India,"PLFS Year (Jul - Jun), 2023",Male,Rural + Urban,15-29 years,41 & 51,01-99,39.6,38.2,20.7,10.4,6.4,7.0,2.9,0.9,6.8,14.2,,6847.0
India,"PLFS Year (Jul - Jun), 2023",Male,Rural + Urban,15-29 years,11-51,01-03,28.8,24.9,21.7,14.7,16.1,11.0,14.6,12.2,15.0,18.0,,8003.0
India,"PLFS Year (Jul - Jun), 2023",Male,Rural + Urban,15-29 years,11-51,01-99,82.2,83.5,62.4,43.8,43.8,71.9,63.3,71.8,50.1,57.3,,30662.0
India,"PLFS Year (Jul - Jun), 2023",Male,Rural + Urban,15-29 years,11-51,05-43,39.7,39.1,23.9,15.5,11.0,32.2,12.1,9.5,13.6,19.3,,10144.0
India,"PLFS Year (Jul - Jun), 2023",Male,Rural + Urban,15-29 years,11-51,45-99,13.8,19.6,16.8,13.6,16.7,28.7,36.6,50.2,21.6,20.0,,12515.0
India,"PLFS Year (Jul - Jun), 2023",Male,Rural + Urban,15-29 years,81,,3.5,2.9,3.3,2.5,4.5,13.9,19.7,19.7,8.1,6.2,,3861.0
India,"PLFS Year (Jul - Jun), 2023",Male,Rural + Urban,15-29 years,11-81,,85.7,86.5,65.7,46.3,48.3,85.8,83.0,91.5,58.2,63.5,,34523.0
India,"PLFS Year (Jul - Jun), 2023",Male,Rural + Urban,15-29 years,UR,,4.1,3.4,5.0,5.4,9.3,16.2,23.7,21.5,13.8,9.8,,
India,"PLFS Year (Jul - Jun), 2023",Male,Rural + Urban,15-29 years,91,,0.1,10.5,32.0,52.9,51.0,13.5,16.4,7.7,41.1,34.8,,20739.0
India,"PLFS Year (Jul - Jun), 2023",Male,Rural + Urban,15-29 years,92,,1.0,0.8,0.4,0.1,0.2,0.1,0.0,0.3,0.1,0.3,,166.0
India,"PLFS Year (Jul - Jun), 2023",Male,Rural + Urban,15-29 years,93,,0.1,0.1,0.1,0.1,0.0,0.0,0.0,0.0,0.1,0.1,,52.0
India,"PLFS Year (Jul - Jun), 2023",Male,Rural + Urban,15-29 years,94,,0.2,0.0,0.0,0.0,0.0,0.0,0.1,0.0,0.0,0.0,,16.0
India,"PLFS Year (Jul - Jun), 2023",Male,Rural + Urban,15-29 years,95,,11.4,1.2,0.9,0.3,0.2,0.1,0.1,0.0,0.2,0.8,,429.0
India,"PLFS Year (Jul - Jun), 2023",Male,Rural + Urban,15-29 years,97,,1.5,0.9,0.8,0.2,0.4,0.5,0.4,0.5,0.3,0.5,,294.0
India,"PLFS Year (Jul - Jun), 2023",Male,Rural + Urban,15-29 years,91-97,,14.3,13.5,34.3,53.7,51.7,14.2,17.0,8.5,41.8,36.5,,21696.0
India,"PLFS Year (Jul - Jun), 2023",Male,Rural + Urban,15-29 years,11-97,,100.0,100.0,100.0,100.0,100.0,100.0,100.0,100.0,100.0,100.0,,56219.0
India,"PLFS Year (Jul - Jun), 2023",Male,Rural + Urban,15 years and above,"11,12",01-03,32.0,23.5,16.4,13.8,10.9,6.3,7.2,4.9,10.4,17.1,,22613.0
India,"PLFS Year (Jul - Jun), 2023",Male,Rural + Urban,15 years and above,"11,12",01-96,41.9,41.4,34.7,29.6,26.6,22.8,25.2,22.1,26.8,33.2,,51839.0
India,"PLFS Year (Jul - Jun), 2023",Male,Rural + Urban,15 years and above,"11,12",05-43,3.3,5.9,5.5,4.2,3.3,5.2,3.2,2.4,3.6,4.4,,7483.0
India,"PLFS Year (Jul - Jun), 2023",Male,Rural + Urban,15 years and above,"11,12",45-96,6.5,12.0,12.9,11.5,12.4,11.2,14.8,14.8,12.8,11.8,,21743.0
India,"PLFS Year (Jul - Jun), 2023",Male,Rural + Urban,15 years and above,21,01-03,2.9,3.8,7.5,6.7,8.6,3.6,6.4,3.6,6.9,5.9,,7436.0
India,"PLFS Year (Jul - Jun), 2023",Male,Rural + Urban,15 years and above,21,01-96,3.3,5.0,9.1,8.3,11.2,5.1,9.8,5.8,9.3,7.6,,10501.0
India,"PLFS Year (Jul - Jun), 2023",Male,Rural + Urban,15 years and above,21,05-43,0.2,0.4,0.6,0.4,0.7,0.7,0.8,0.3,0.6,0.5,,780.0
India,"PLFS Year (Jul - Jun), 2023",Male,Rural + Urban,15 years and above,21,45-96,0.2,0.7,1.1,1.3,1.9,0.9,2.6,1.9,1.8,1.2,,2285.0
India,"PLFS Year (Jul - Jun), 2023",Male,Rural + Urban,15 years and above,11-21,01-03,35.0,27.3,23.9,20.4,19.6,10.0,13.6,8.5,17.2,23.0,,30049.0
India,"PLFS Year (Jul - Jun), 2023",Male,Rural + Urban,15 years and above,11-21,01-96,45.2,46.3,43.8,37.9,37.8,27.9,35.0,27.9,36.0,40.9,,62340.0
India,"PLFS Year (Jul - Jun), 2023",Male,Rural + Urban,15 years and above,11-21,05-43,3.6,6.3,6.0,4.6,3.9,5.9,4.0,2.7,4.2,4.8,,8263.0
India,"PLFS Year (Jul - Jun), 2023",Male,Rural + Urban,15 years and above,11-21,45-96,6.7,12.7,13.9,12.9,14.2,12.1,17.4,16.7,14.7,13.0,,24028.0
India,"PLFS Year (Jul - Jun), 2023",Male,Rural + Urban,15 years and above,31,01-03,0.6,0.5,0.4,0.2,0.2,0.1,0.1,0.2,0.1,0.3,,579.0
India,"PLFS Year (Jul - Jun), 2023",Male,Rural + Urban,15 years and above,31,01-99,5.4,12.2,15.9,17.2,19.2,48.1,39.9,54.5,27.3,19.0,,34627.0
India,"PLFS Year (Jul - Jun), 2023",Male,Rural + Urban,15 years and above,31,05-43,2.3,5.1,6.3,6.6,6.3,25.9,9.0,7.7,8.0,6.3,,10428.0
India,"PLFS Year (Jul - Jun), 2023",Male,Rural + Urban,15 years and above,31,45-99,2.5,6.7,9.2,10.4,12.7,22.1,30.7,46.6,19.1,12.4,,23620.0
India,"PLFS Year (Jul - Jun), 2023",Male,Rural + Urban,15 years and above,41,,0.3,0.2,0.1,0.0,0.0,0.2,0.0,0.0,0.0,0.1,,218.0
India,"PLFS Year (Jul - Jun), 2023",Male,Rural + Urban,15 years and above,51,01-03,10.2,7.3,3.9,2.2,1.7,1.1,0.6,0.2,1.4,4.3,,4953.0
India,"PLFS Year (Jul - Jun), 2023",Male,Rural + Urban,15 years and above,51,01-99,26.9,28.2,19.9,11.6,7.1,6.1,2.4,0.8,6.9,16.3,,22322.0
India,"PLFS Year (Jul - Jun), 2023",Male,Rural + Urban,15 years and above,51,05-43,15.2,19.0,14.3,8.1,4.8,4.0,1.5,0.4,4.7,10.8,,15400.0
India,"PLFS Year (Jul - Jun), 2023",Male,Rural + Urban,15 years and above,51,45-99,1.6,1.9,1.6,1.2,0.7,1.0,0.3,0.2,0.8,1.3,,1969.0
India,"PLFS Year (Jul - Jun), 2023",Male,Rural + Urban,15 years and above,41 & 51,01-99,27.3,28.3,20.0,11.6,7.1,6.3,2.4,0.8,7.0,16.4,,22540.0
India,"PLFS Year (Jul - Jun), 2023",Male,Rural + Urban,15 years and above,11-51,01-03,45.8,35.1,28.2,22.8,21.4,11.1,14.3,8.9,18.8,27.6,,35608.0
India,"PLFS Year (Jul - Jun), 2023",Male,Rural + Urban,15 years and above,11-51,01-99,77.9,86.9,79.7,66.7,64.1,82.3,77.2,83.1,70.3,76.3,,119507.0
India,"PLFS Year (Jul - Jun), 2023",Male,Rural + Urban,15 years and above,11-51,05-43,21.4,30.6,26.7,19.4,15.0,35.9,14.5,10.9,16.9,22.0,,34278.0
India,"PLFS Year (Jul - Jun), 2023",Male,Rural + Urban,15 years and above,11-51,45-99,10.8,21.2,24.8,24.5,27.6,35.2,48.4,63.4,34.6,26.6,,49621.0
India,"PLFS Year (Jul - Jun), 2023",Male,Rural + Urban,15 years and above,81,,0.3,0.7,1.5,1.4,2.9,6.9,9.2,6.3,4.4,2.5,,4566.0
India,"PLFS Year (Jul - Jun), 2023",Male,Rural + Urban,15 years and above,11-81,,78.2,87.6,81.2,68.1,67.0,89.3,86.4,89.4,74.7,78.8,,124073.0
India,"PLFS Year (Jul - Jun), 2023",Male,Rural + Urban,15 years and above,UR,,0.4,0.8,1.8,2.0,4.3,7.8,10.6,7.0,5.9,3.2,,
India,"PLFS Year (Jul - Jun), 2023",Male,Rural + Urban,15 years and above,91,,0.0,2.1,12.8,25.4,29.1,5.9,6.9,2.0,19.5,12.2,,20766.0
India,"PLFS Year (Jul - Jun), 2023",Male,Rural + Urban,15 years and above,92,,1.4,1.1,0.6,0.4,0.3,0.3,0.6,0.6,0.4,0.7,,1296.0
India,"PLFS Year (Jul - Jun), 2023",Male,Rural + Urban,15 years and above,93,,0.3,0.1,0.1,0.1,0.1,0.0,0.0,0.0,0.1,0.1,,227.0
India,"PLFS Year (Jul - Jun), 2023",Male,Rural + Urban,15 years and above,94,,11.0,5.5,3.2,4.4,2.7,3.6,5.3,7.5,4.3,5.3,,9104.0
India,"PLFS Year (Jul - Jun), 2023",Male,Rural + Urban,15 years and above,95,,5.3,2.1,1.1,0.9,0.4,0.4,0.4,0.2,0.5,1.6,,2401.0
India,"PLFS Year (Jul - Jun), 2023",Male,Rural + Urban,15 years and above,97,,3.7,1.5,0.9,0.7,0.5,0.5,0.5,0.4,0.5,1.3,,1864.0
India,"PLFS Year (Jul - Jun), 2023",Male,Rural + Urban,15 years and above,91-97,,21.8,12.4,18.8,31.9,33.0,10.7,13.6,10.6,25.3,21.2,,35658.0
India,"PLFS Year (Jul - Jun), 2023",Male,Rural + Urban,15 years and above,11-97,,100.0,100.0,100.0,100.0,100.0,100.0,100.0,100.0,100.0,100.0,,159731.0
India,"PLFS Year (Jul - Jun), 2023",Male,Rural + Urban,all ages,"11,12",01-03,16.8,10.8,14.7,13.8,10.9,6.3,7.2,4.9,10.3,12.6,,22624.0
India,"PLFS Year (Jul - Jun), 2023",Male,Rural + Urban,all ages,"11,12",01-96,22.0,19.0,31.2,29.5,26.6,22.8,25.2,22.1,26.8,24.5,,51855.0
India,"PLFS Year (Jul - Jun), 2023",Male,Rural + Urban,all ages,"11,12",05-43,1.8,2.7,4.9,4.2,3.3,5.2,3.2,2.4,3.6,3.2,,7483.0
India,"PLFS Year (Jul - Jun), 2023",Male,Rural + Urban,all ages,"11,12",45-96,3.4,5.5,11.6,11.5,12.4,11.2,14.8,14.8,12.8,8.7,,21748.0
India,"PLFS Year (Jul - Jun), 2023",Male,Rural + Urban,all ages,21,01-03,1.6,1.9,6.9,6.6,8.6,3.6,6.4,3.6,6.9,4.4,,7556.0
India,"PLFS Year (Jul - Jun), 2023",Male,Rural + Urban,all ages,21,01-96,1.8,2.4,8.4,8.3,11.2,5.1,9.8,5.8,9.2,5.7,,10654.0
India,"PLFS Year (Jul - Jun), 2023",Male,Rural + Urban,all ages,21,05-43,0.1,0.2,0.5,0.4,0.7,0.7,0.8,0.3,0.6,0.4,,784.0
India,"PLFS Year (Jul - Jun), 2023",Male,Rural + Urban,all ages,21,45-96,0.1,0.4,1.0,1.3,1.9,0.9,2.6,1.9,1.8,0.9,,2314.0
India,"PLFS Year (Jul - Jun), 2023",Male,Rural + Urban,all ages,11-21,01-03,18.4,12.6,21.6,20.4,19.6,10.0,13.6,8.5,17.2,17.1,,30180.0
India,"PLFS Year (Jul - Jun), 2023",Male,Rural + Urban,all ages,11-21,01-96,23.8,21.4,39.6,37.9,37.8,27.9,35.0,27.9,36.0,30.2,,62509.0
India,"PLFS Year (Jul - Jun), 2023",Male,Rural + Urban,all ages,11-21,05-43,1.9,2.9,5.4,4.6,3.9,5.9,4.0,2.7,4.2,3.6,,8267.0
India,"PLFS Year (Jul - Jun), 2023",Male,Rural + Urban,all ages,11-21,45-96,3.5,5.8,12.5,12.8,14.2,12.1,17.4,16.7,14.6,9.6,,24062.0
India,"PLFS Year (Jul - Jun), 2023",Male,Rural + Urban,all ages,31,01-03,0.3,0.2,0.4,0.2,0.2,0.1,0.1,0.2,0.1,0.2,,579.0
India,"PLFS Year (Jul - Jun), 2023",Male,Rural + Urban,all ages,31,01-99,2.8,5.6,14.3,17.2,19.2,48.1,39.9,54.5,27.3,14.0,,34653.0
India,"PLFS Year (Jul - Jun), 2023",Male,Rural + Urban,all ages,31,05-43,1.2,2.3,5.6,6.6,6.3,25.9,9.0,7.7,8.0,4.6,,10434.0
India,"PLFS Year (Jul - Jun), 2023",Male,Rural + Urban,all ages,31,45-99,1.3,3.1,8.3,10.4,12.7,22.1,30.7,46.6,19.1,9.1,,23640.0
India,"PLFS Year (Jul - Jun), 2023",Male,Rural + Urban,all ages,41,,0.2,0.1,0.1,0.0,0.0,0.2,0.0,0.0,0.0,0.1,,218.0
India,"PLFS Year (Jul - Jun), 2023",Male,Rural + Urban,all ages,51,01-03,5.3,3.3,3.5,2.2,1.7,1.1,0.6,0.2,1.4,3.1,,4956.0
India,"PLFS Year (Jul - Jun), 2023",Male,Rural + Urban,all ages,51,01-99,14.1,12.9,17.9,11.5,7.1,6.1,2.4,0.8,6.9,12.0,,22338.0
India,"PLFS Year (Jul - Jun), 2023",Male,Rural + Urban,all ages,51,05-43,8.0,8.7,12.9,8.1,4.8,4.0,1.5,0.4,4.7,8.0,,15407.0
India,"PLFS Year (Jul - Jun), 2023",Male,Rural + Urban,all ages,51,45-99,0.8,0.9,1.5,1.2,0.7,1.0,0.3,0.2,0.8,0.9,,1975.0
India,"PLFS Year (Jul - Jun), 2023",Male,Rural + Urban,all ages,41 & 51,01-99,14.3,13.0,18.0,11.6,7.1,6.3,2.4,0.8,7.0,12.1,,22556.0
India,"PLFS Year (Jul - Jun), 2023",Male,Rural + Urban,all ages,11-51,01-03,24.1,16.2,25.5,22.8,21.4,11.1,14.3,8.9,18.8,20.5,,35742.0
India,"PLFS Year (Jul - Jun), 2023",Male,Rural + Urban,all ages,11-51,01-99,41.0,40.0,71.9,66.6,64.1,82.3,77.2,83.1,70.3,56.4,,119718.0
India,"PLFS Year (Jul - Jun), 2023",Male,Rural + Urban,all ages,11-51,05-43,11.2,14.0,24.0,19.3,15.0,35.9,14.5,10.9,16.9,16.2,,34295.0
India,"PLFS Year (Jul - Jun), 2023",Male,Rural + Urban,all ages,11-51,45-99,5.7,9.8,22.3,24.5,27.6,35.2,48.4,63.4,34.5,19.7,,49681.0
India,"PLFS Year (Jul - Jun), 2023",Male,Rural + Urban,all ages,81,,0.2,0.3,1.3,1.4,2.9,6.9,9.2,6.3,4.4,1.9,,4582.0
India,"PLFS Year (Jul - Jun), 2023",Male,Rural + Urban,all ages,11-81,,41.1,40.3,73.2,68.0,67.0,89.3,86.4,89.4,74.7,58.2,,124300.0
India,"PLFS Year (Jul - Jun), 2023",Male,Rural + Urban,all ages,UR,,0.4,0.8,1.8,2.0,4.3,7.8,10.6,7.0,5.9,3.2,,
India,"PLFS Year (Jul - Jun), 2023",Male,Rural + Urban,all ages,91,,8.6,53.8,21.3,25.5,29.1,5.9,6.9,2.0,19.5,26.6,,55698.0
India,"PLFS Year (Jul - Jun), 2023",Male,Rural + Urban,all ages,92,,0.7,0.6,0.6,0.4,0.3,0.3,0.6,0.6,0.4,0.6,,1343.0
India,"PLFS Year (Jul - Jun), 2023",Male,Rural + Urban,all ages,93,,0.2,0.0,0.1,0.1,0.1,0.0,0.0,0.0,0.1,0.1,,234.0
India,"PLFS Year (Jul - Jun), 2023",Male,Rural + Urban,all ages,94,,5.8,2.5,2.9,4.4,2.7,3.6,5.3,7.5,4.3,3.9,,9107.0
India,"PLFS Year (Jul - Jun), 2023",Male,Rural + Urban,all ages,95,,3.0,1.0,1.0,0.9,0.4,0.4,0.4,0.2,0.5,1.3,,2510.0
India,"PLFS Year (Jul - Jun), 2023",Male,Rural + Urban,all ages,97,,3.5,0.8,0.9,0.7,0.5,0.5,0.5,0.4,0.5,1.3,,2378.0
India,"PLFS Year (Jul - Jun), 2023",Male,Rural + Urban,all ages,99,,37.1,0.9,0.0,0.0,0.0,0.0,0.0,0.0,0.0,8.0,,15408.0
India,"PLFS Year (Jul - Jun), 2023",Male,Rural + Urban,all ages,91-99,,58.9,59.7,26.8,32.0,33.0,10.7,13.6,10.6,25.3,41.8,,86678.0
India,"PLFS Year (Jul - Jun), 2023",Male,Rural + Urban,all ages,11-99,,100.0,100.0,100.0,100.0,100.0,100.0,100.0,100.0,100.0,100.0,,210978.0
India,"PLFS Year (Jul - Jun), 2023",Female,Rural + Urban,15-29 years,"11,12",01-03,6.5,5.1,3.1,1.9,1.1,1.2,0.4,0.5,1.2,2.3,,1224.0
India,"PLFS Year (Jul - Jun), 2023",Female,Rural + Urban,15-29 years,"11,12",01-96,8.6,9.0,7.1,4.9,4.4,5.8,4.5,4.3,4.6,5.9,,3286.0
India,"PLFS Year (Jul - Jun), 2023",Female,Rural + Urban,15-29 years,"11,12",05-43,0.9,3.5,3.5,2.5,2.5,2.2,1.4,0.8,2.1,2.6,,1358.0
India,"PLFS Year (Jul - Jun), 2023",Female,Rural + Urban,15-29 years,"11,12",45-96,1.1,0.5,0.5,0.6,0.9,2.4,2.6,3.0,1.3,1.0,,704.0
India,"PLFS Year (Jul - Jun), 2023",Female,Rural + Urban,15-29 years,21,01-03,18.5,15.9,12.8,7.9,7.6,4.0,5.4,4.0,7.0,10.0,,4685.0
India,"PLFS Year (Jul - Jun), 2023",Female,Rural + Urban,15-29 years,21,01-96,19.9,17.9,14.5,9.3,8.9,5.0,7.2,4.8,8.4,11.5,,5504.0
India,"PLFS Year (Jul - Jun), 2023",Female,Rural + Urban,15-29 years,21,05-43,0.9,1.2,1.2,0.7,0.7,0.3,0.6,0.4,0.7,0.9,,413.0
India,"PLFS Year (Jul - Jun), 2023",Female,Rural + Urban,15-29 years,21,45-96,0.5,0.7,0.5,0.6,0.6,0.6,1.2,0.4,0.7,0.7,,406.0
India,"PLFS Year (Jul - Jun), 2023",Female,Rural + Urban,15-29 years,11-21,01-03,25.0,21.0,15.9,9.8,8.6,5.3,5.8,4.5,8.1,12.3,,5909.0
India,"PLFS Year (Jul - Jun), 2023",Female,Rural + Urban,15-29 years,11-21,01-96,28.5,26.9,21.6,14.2,13.3,10.8,11.7,9.0,13.0,17.4,,8790.0
India,"PLFS Year (Jul - Jun), 2023",Female,Rural + Urban,15-29 years,11-21,05-43,1.9,4.7,4.7,3.2,3.1,2.5,2.1,1.2,2.8,3.4,,1771.0
India,"PLFS Year (Jul - Jun), 2023",Female,Rural + Urban,15-29 years,11-21,45-96,1.6,1.2,1.0,1.1,1.5,3.0,3.8,3.3,2.0,1.7,,1110.0
India,"PLFS Year (Jul - Jun), 2023",Female,Rural + Urban,15-29 years,31,01-03,0.4,0.4,0.1,0.0,0.0,0.1,0.0,0.0,0.0,0.1,,40.0
India,"PLFS Year (Jul - Jun), 2023",Female,Rural + Urban,15-29 years,31,01-99,2.3,3.4,1.9,1.9,3.1,29.0,16.0,22.7,7.0,5.1,,3154.0
India,"PLFS Year (Jul - Jun), 2023",Female,Rural + Urban,15-29 years,31,05-43,0.3,0.9,0.7,0.6,0.5,3.0,1.6,0.9,0.8,0.8,,454.0
India,"PLFS Year (Jul - Jun), 2023",Female,Rural + Urban,15-29 years,31,45-99,1.7,2.2,1.1,1.3,2.5,25.8,14.4,21.8,6.1,4.2,,2660.0
India,"PLFS Year (Jul - Jun), 2023",Female,Rural + Urban,15-29 years,41,,0.1,0.4,0.2,0.1,0.2,0.2,0.2,0.1,0.2,0.2,,122.0
India,"PLFS Year (Jul - Jun), 2023",Female,Rural + Urban,15-29 years,51,01-03,6.4,7.2,2.8,1.5,0.8,0.1,0.2,0.1,0.8,2.3,,753.0
India,"PLFS Year (Jul - Jun), 2023",Female,Rural + Urban,15-29 years,51,01-99,9.8,9.4,3.3,1.8,1.0,0.2,0.2,0.2,1.0,2.9,,1070.0
India,"PLFS Year (Jul - Jun), 2023",Female,Rural + Urban,15-29 years,51,05-43,2.9,2.1,0.5,0.3,0.1,0.1,0.0,0.0,0.1,0.6,,261.0
India,"PLFS Year (Jul - Jun), 2023",Female,Rural + Urban,15-29 years,51,45-99,0.5,0.1,0.0,0.0,0.1,0.0,0.0,0.0,0.0,0.1,,56.0
India,"PLFS Year (Jul - Jun), 2023",Female,Rural + Urban,15-29 years,41 & 51,01-99,9.9,9.8,3.5,2.0,1.2,0.4,0.4,0.3,1.2,3.1,,1192.0
India,"PLFS Year (Jul - Jun), 2023",Female,Rural + Urban,15-29 years,11-51,01-03,31.9,28.5,18.8,11.3,9.5,5.5,6.0,4.6,9.0,14.7,,6703.0
India,"PLFS Year (Jul - Jun), 2023",Female,Rural + Urban,15-29 years,11-51,01-99,40.7,40.2,27.0,18.1,17.5,40.1,28.1,32.1,21.2,25.6,,13136.0
India,"PLFS Year (Jul - Jun), 2023",Female,Rural + Urban,15-29 years,11-51,05-43,5.1,8.2,6.0,4.2,4.0,5.8,3.8,2.3,4.0,5.0,,2603.0
India,"PLFS Year (Jul - Jun), 2023",Female,Rural + Urban,15-29 years,11-51,45-99,3.8,3.5,2.2,2.5,4.1,28.8,18.2,25.1,8.2,6.0,,3830.0
India,"PLFS Year (Jul - Jun), 2023",Female,Rural + Urban,15-29 years,81,,0.1,0.4,0.6,0.7,1.4,13.1,12.5,24.4,5.0,3.2,,2353.0
India,"PLFS Year (Jul - Jun), 2023",Female,Rural + Urban,15-29 years,11-81,,40.8,40.5,27.6,18.7,18.9,53.3,40.6,56.4,26.2,28.8,,15489.0
India,"PLFS Year (Jul - Jun), 2023",Female,Rural + Urban,15-29 years,UR,,0.3,1.0,2.2,3.5,7.6,24.6,30.8,43.2,19.2,11.0,,
India,"PLFS Year (Jul - Jun), 2023",Female,Rural + Urban,15-29 years,91,,0.3,6.3,29.0,51.1,48.0,15.0,18.9,6.8,39.9,31.5,,18076.0
India,"PLFS Year (Jul - Jun), 2023",Female,Rural + Urban,15-29 years,92,,38.2,36.5,31.3,23.3,25.0,26.5,32.2,31.5,26.4,29.3,,14531.0
India,"PLFS Year (Jul - Jun), 2023",Female,Rural + Urban,15-29 years,93,,16.3,15.5,11.3,6.6,7.3,5.1,7.6,4.7,7.0,9.4,,4278.0
India,"PLFS Year (Jul - Jun), 2023",Female,Rural + Urban,15-29 years,94,,1.5,0.4,0.5,0.2,0.5,0.2,0.3,0.3,0.3,0.4,,175.0
India,"PLFS Year (Jul - Jun), 2023",Female,Rural + Urban,15-29 years,95,,2.6,0.7,0.3,0.1,0.0,0.0,0.0,0.0,0.0,0.3,,202.0
India,"PLFS Year (Jul - Jun), 2023",Female,Rural + Urban,15-29 years,97,,0.3,0.1,0.1,0.0,0.3,0.0,0.4,0.2,0.2,0.2,,78.0
India,"PLFS Year (Jul - Jun), 2023",Female,Rural + Urban,15-29 years,91-97,,59.2,59.5,72.4,81.3,81.1,46.7,59.4,43.6,73.8,71.2,,37340.0
India,"PLFS Year (Jul - Jun), 2023",Female,Rural + Urban,15-29 years,11-97,,100.0,100.0,100.0,100.0,100.0,100.0,100.0,100.0,100.0,100.0,,52829.0
India,"PLFS Year (Jul - Jun), 2023",Female,Rural + Urban,15 years and above,"11,12",01-03,12.7,10.7,7.2,4.6,2.6,4.3,1.3,0.9,2.9,7.8,,12894.0
India,"PLFS Year (Jul - Jun), 2023",Female,Rural + Urban,15 years and above,"11,12",01-96,15.5,16.3,13.0,9.7,7.4,9.8,6.0,5.5,7.8,12.4,,21705.0
India,"PLFS Year (Jul - Jun), 2023",Female,Rural + Urban,15 years and above,"11,12",05-43,1.7,4.1,4.5,3.8,3.1,2.9,1.7,0.8,2.8,3.0,,5166.0
India,"PLFS Year (Jul - Jun), 2023",Female,Rural + Urban,15 years and above,"11,12",45-96,1.1,1.6,1.3,1.3,1.8,2.6,3.1,3.7,2.1,1.6,,3645.0
India,"PLFS Year (Jul - Jun), 2023",Female,Rural + Urban,15 years and above,21,01-03,19.3,15.6,12.8,9.0,7.8,3.7,4.1,2.5,6.8,13.1,,17617.0
India,"PLFS Year (Jul - Jun), 2023",Female,Rural + Urban,15 years and above,21,01-96,20.4,17.7,14.9,11.0,9.4,5.3,6.0,3.8,8.6,14.8,,20648.0
India,"PLFS Year (Jul - Jun), 2023",Female,Rural + Urban,15 years and above,21,05-43,0.5,0.8,0.9,0.6,0.6,0.9,0.4,0.5,0.6,0.6,,1003.0
India,"PLFS Year (Jul - Jun), 2023",Female,Rural + Urban,15 years and above,21,45-96,0.6,1.3,1.2,1.3,1.1,0.7,1.5,0.9,1.2,1.1,,2028.0
India,"PLFS Year (Jul - Jun), 2023",Female,Rural + Urban,15 years and above,11-21,01-03,32.0,26.3,20.0,13.6,10.3,8.1,5.4,3.4,9.7,20.9,,30511.0
India,"PLFS Year (Jul - Jun), 2023",Female,Rural + Urban,15 years and above,11-21,01-96,35.9,34.0,27.9,20.7,16.8,15.1,12.1,9.3,16.4,27.2,,42353.0
India,"PLFS Year (Jul - Jun), 2023",Female,Rural + Urban,15 years and above,11-21,05-43,2.2,4.9,5.4,4.5,3.7,3.8,2.1,1.3,3.4,3.7,,6169.0
India,"PLFS Year (Jul - Jun), 2023",Female,Rural + Urban,15 years and above,11-21,45-96,1.7,2.9,2.5,2.7,2.8,3.3,4.6,4.6,3.3,2.6,,5673.0
India,"PLFS Year (Jul - Jun), 2023",Female,Rural + Urban,15 years and above,31,01-03,0.3,0.4,0.2,0.0,0.0,0.1,0.0,0.0,0.0,0.2,,277.0
India,"PLFS Year (Jul - Jun), 2023",Female,Rural + Urban,15 years and above,31,01-99,3.0,5.5,4.7,4.9,5.4,31.8,18.1,29.8,10.6,6.4,,12381.0
India,"PLFS Year (Jul - Jun), 2023",Female,Rural + Urban,15 years and above,31,05-43,0.4,1.1,1.3,0.9,0.8,3.7,1.3,1.1,1.0,0.9,,1557.0
India,"PLFS Year (Jul - Jun), 2023",Female,Rural + Urban,15 years and above,31,45-99,2.3,4.0,3.2,4.0,4.6,28.1,16.7,28.6,9.6,5.3,,10547.0
India,"PLFS Year (Jul - Jun), 2023",Female,Rural + Urban,15 years and above,41,,1.2,1.4,0.9,0.6,0.4,1.1,0.2,0.4,0.4,0.9,,1618.0
India,"PLFS Year (Jul - Jun), 2023",Female,Rural + Urban,15 years and above,51,01-03,8.5,7.3,3.6,1.8,1.0,0.6,0.2,0.1,1.0,4.7,,5206.0
India,"PLFS Year (Jul - Jun), 2023",Female,Rural + Urban,15 years and above,51,01-99,10.3,9.3,4.4,2.2,1.2,0.7,0.2,0.1,1.2,5.8,,6857.0
India,"PLFS Year (Jul - Jun), 2023",Female,Rural + Urban,15 years and above,51,05-43,1.6,1.8,0.7,0.3,0.2,0.2,0.0,0.0,0.2,0.9,,1341.0
India,"PLFS Year (Jul - Jun), 2023",Female,Rural + Urban,15 years and above,51,45-99,0.2,0.3,0.1,0.1,0.1,0.0,0.0,0.0,0.1,0.1,,310.0
India,"PLFS Year (Jul - Jun), 2023",Female,Rural + Urban,15 years and above,41 & 51,01-99,11.5,10.7,5.3,2.9,1.7,1.9,0.4,0.5,1.7,6.7,,8475.0
India,"PLFS Year (Jul - Jun), 2023",Female,Rural + Urban,15 years and above,11-51,01-03,40.9,34.1,24.0,15.6,11.4,8.9,5.6,3.5,10.8,26.0,,36291.0
India,"PLFS Year (Jul - Jun), 2023",Female,Rural + Urban,15 years and above,11-51,01-99,50.4,50.2,37.8,28.5,23.9,48.8,30.5,39.6,28.7,40.3,,63209.0
India,"PLFS Year (Jul - Jun), 2023",Female,Rural + Urban,15 years and above,11-51,05-43,5.3,8.9,8.0,6.1,5.0,8.3,3.6,2.9,4.9,6.3,,10334.0
India,"PLFS Year (Jul - Jun), 2023",Female,Rural + Urban,15 years and above,11-51,45-99,4.2,7.2,5.8,6.8,7.5,31.6,21.3,33.2,13.0,8.1,,16584.0
India,"PLFS Year (Jul - Jun), 2023",Female,Rural + Urban,15 years and above,81,,0.0,0.1,0.4,0.5,1.1,7.0,7.8,11.5,3.4,1.3,,3023.0
India,"PLFS Year (Jul - Jun), 2023",Female,Rural + Urban,15 years and above,11-81,,50.4,50.3,38.2,29.0,25.0,55.8,38.4,51.1,32.2,41.7,,66232.0
India,"PLFS Year (Jul - Jun), 2023",Female,Rural + Urban,15 years and above,UR,,0.1,0.2,0.9,1.7,4.5,12.5,20.4,22.5,10.6,3.2,,
India,"PLFS Year (Jul - Jun), 2023",Female,Rural + Urban,15 years and above,91,,0.0,1.3,13.3,27.3,31.3,6.5,10.0,2.6,22.2,10.6,,18106.0
India,"PLFS Year (Jul - Jun), 2023",Female,Rural + Urban,15 years and above,92,,24.1,31.2,34.4,32.4,33.3,27.5,41.1,36.3,35.0,31.0,,50062.0
India,"PLFS Year (Jul - Jun), 2023",Female,Rural + Urban,15 years and above,93,,10.1,11.4,11.5,8.6,8.8,5.6,8.1,7.0,8.4,10.0,,14526.0
India,"PLFS Year (Jul - Jun), 2023",Female,Rural + Urban,15 years and above,94,,10.6,4.5,2.1,2.2,1.2,4.4,2.1,2.7,1.9,4.9,,8391.0
India,"PLFS Year (Jul - Jun), 2023",Female,Rural + Urban,15 years and above,95,,2.4,0.8,0.3,0.2,0.2,0.2,0.1,0.2,0.2,0.9,,1415.0
India,"PLFS Year (Jul - Jun), 2023",Female,Rural + Urban,15 years and above,97,,2.4,0.5,0.2,0.2,0.3,0.1,0.2,0.1,0.2,0.9,,1310.0
India,"PLFS Year (Jul - Jun), 2023",Female,Rural + Urban,15 years and above,91-97,,49.6,49.7,61.8,71.0,75.0,44.2,61.6,48.9,67.8,58.3,,93810.0
India,"PLFS Year (Jul - Jun), 2023",Female,Rural + Urban,15 years and above,11-97,,100.0,100.0,100.0,100.0,100.0,100.0,100.0,100.0,100.0,100.0,,160042.0
India,"PLFS Year (Jul - Jun), 2023",Female,Rural + Urban,all ages,"11,12",01-03,9.0,5.2,6.4,4.5,2.6,4.3,1.3,0.9,2.9,5.9,,12897.0
India,"PLFS Year (Jul - Jun), 2023",Female,Rural + Urban,all ages,"11,12",01-96,11.0,7.9,11.6,9.7,7.4,9.8,6.0,5.5,7.8,9.4,,21710.0
India,"PLFS Year (Jul - Jun), 2023",Female,Rural + Urban,all ages,"11,12",05-43,1.2,2.0,4.0,3.8,3.1,2.9,1.7,0.8,2.8,2.3,,5168.0
India,"PLFS Year (Jul - Jun), 2023",Female,Rural + Urban,all ages,"11,12",45-96,0.8,0.8,1.2,1.3,1.8,2.6,3.1,3.7,2.1,1.2,,3645.0
India,"PLFS Year (Jul - Jun), 2023",Female,Rural + Urban,all ages,21,01-03,13.7,7.7,11.6,9.0,7.8,3.7,4.1,2.5,6.8,10.0,,17703.0
India,"PLFS Year (Jul - Jun), 2023",Female,Rural + Urban,all ages,21,01-96,14.5,8.8,13.5,11.0,9.4,5.3,6.0,3.8,8.6,11.3,,20771.0
India,"PLFS Year (Jul - Jun), 2023",Female,Rural + Urban,all ages,21,05-43,0.4,0.4,0.8,0.6,0.6,0.9,0.4,0.5,0.6,0.5,,1030.0
India,"PLFS Year (Jul - Jun), 2023",Female,Rural + Urban,all ages,21,45-96,0.4,0.6,1.0,1.3,1.1,0.7,1.5,0.9,1.2,0.8,,2038.0
India,"PLFS Year (Jul - Jun), 2023",Female,Rural + Urban,all ages,11-21,01-03,22.7,12.9,18.0,13.5,10.3,8.1,5.4,3.4,9.7,15.9,,30600.0
India,"PLFS Year (Jul - Jun), 2023",Female,Rural + Urban,all ages,11-21,01-96,25.5,16.7,25.0,20.7,16.8,15.1,12.1,9.3,16.4,20.7,,42481.0
India,"PLFS Year (Jul - Jun), 2023",Female,Rural + Urban,all ages,11-21,05-43,1.6,2.4,4.8,4.5,3.7,3.8,2.1,1.3,3.4,2.8,,6198.0
India,"PLFS Year (Jul - Jun), 2023",Female,Rural + Urban,all ages,11-21,45-96,1.2,1.4,2.2,2.7,2.8,3.3,4.6,4.6,3.3,2.0,,5683.0
India,"PLFS Year (Jul - Jun), 2023",Female,Rural + Urban,all ages,31,01-03,0.2,0.2,0.2,0.0,0.0,0.1,0.0,0.0,0.0,0.1,,277.0
India,"PLFS Year (Jul - Jun), 2023",Female,Rural + Urban,all ages,31,01-99,2.1,2.7,4.1,4.9,5.4,31.8,18.1,29.8,10.6,4.9,,12383.0
India,"PLFS Year (Jul - Jun), 2023",Female,Rural + Urban,all ages,31,05-43,0.3,0.5,1.1,0.9,0.8,3.7,1.3,1.1,1.0,0.7,,1557.0
India,"PLFS Year (Jul - Jun), 2023",Female,Rural + Urban,all ages,31,45-99,1.6,2.0,2.8,4.0,4.6,28.1,16.7,28.6,9.6,4.1,,10549.0
India,"PLFS Year (Jul - Jun), 2023",Female,Rural + Urban,all ages,41,,0.9,0.7,0.8,0.6,0.4,1.1,0.2,0.4,0.4,0.7,,1618.0
India,"PLFS Year (Jul - Jun), 2023",Female,Rural + Urban,all ages,51,01-03,6.0,3.6,3.2,1.8,1.0,0.6,0.2,0.1,1.0,3.6,,5217.0
India,"PLFS Year (Jul - Jun), 2023",Female,Rural + Urban,all ages,51,01-99,7.3,4.5,3.9,2.2,1.2,0.7,0.2,0.1,1.2,4.4,,6870.0
India,"PLFS Year (Jul - Jun), 2023",Female,Rural + Urban,all ages,51,05-43,1.2,0.9,0.6,0.3,0.2,0.2,0.0,0.0,0.2,0.7,,1343.0
India,"PLFS Year (Jul - Jun), 2023",Female,Rural + Urban,all ages,51,45-99,0.1,0.1,0.1,0.1,0.1,0.0,0.0,0.0,0.1,0.1,,310.0
India,"PLFS Year (Jul - Jun), 2023",Female,Rural + Urban,all ages,41 & 51,01-99,8.2,5.2,4.7,2.8,1.7,1.9,0.4,0.5,1.7,5.1,,8488.0
India,"PLFS Year (Jul - Jun), 2023",Female,Rural + Urban,all ages,11-51,01-03,29.0,16.7,21.6,15.6,11.4,8.9,5.6,3.5,10.8,19.8,,36391.0
India,"PLFS Year (Jul - Jun), 2023",Female,Rural + Urban,all ages,11-51,01-99,35.8,24.6,33.9,28.5,23.9,48.8,30.5,39.6,28.7,30.7,,63352.0
India,"PLFS Year (Jul - Jun), 2023",Female,Rural + Urban,all ages,11-51,05-43,3.8,4.3,7.1,6.1,5.0,8.3,3.6,2.9,4.9,4.8,,10365.0
India,"PLFS Year (Jul - Jun), 2023",Female,Rural + Urban,all ages,11-51,45-99,3.0,3.5,5.2,6.8,7.5,31.6,21.3,33.2,13.0,6.2,,16596.0
India,"PLFS Year (Jul - Jun), 2023",Female,Rural + Urban,all ages,81,,0.0,0.1,0.3,0.5,1.1,7.0,7.8,11.5,3.4,1.0,,3024.0
India,"PLFS Year (Jul - Jun), 2023",Female,Rural + Urban,all ages,11-81,,35.8,24.7,34.2,28.9,25.0,55.8,38.4,51.1,32.1,31.7,,66376.0
India,"PLFS Year (Jul - Jun), 2023",Female,Rural + Urban,all ages,UR,,0.1,0.2,0.9,1.7,4.5,12.5,20.4,22.5,10.6,3.1,,
India,"PLFS Year (Jul - Jun), 2023",Female,Rural + Urban,all ages,91,,4.8,50.6,22.4,27.5,31.3,6.5,10.0,2.6,22.2,24.0,,50010.0
India,"PLFS Year (Jul - Jun), 2023",Female,Rural + Urban,all ages,92,,17.2,15.4,30.7,32.4,33.3,27.5,41.1,36.3,35.0,23.7,,50224.0
India,"PLFS Year (Jul - Jun), 2023",Female,Rural + Urban,all ages,93,,7.2,5.6,10.3,8.6,8.8,5.6,8.1,7.0,8.4,7.6,,14547.0
India,"PLFS Year (Jul - Jun), 2023",Female,Rural + Urban,all ages,94,,7.5,2.2,1.9,2.2,1.2,4.4,2.1,2.7,1.9,3.7,,8392.0
India,"PLFS Year (Jul - Jun), 2023",Female,Rural + Urban,all ages,95,,1.8,0.4,0.3,0.2,0.2,0.2,0.1,0.2,0.2,0.8,,1492.0
India,"PLFS Year (Jul - Jun), 2023",Female,Rural + Urban,all ages,97,,2.7,0.4,0.2,0.2,0.3,0.1,0.2,0.1,0.2,1.0,,1761.0
India,"PLFS Year (Jul - Jun), 2023",Female,Rural + Urban,all ages,99,,23.1,0.8,0.0,0.0,0.0,0.0,0.0,0.0,0.0,7.5,,14379.0
India,"PLFS Year (Jul - Jun), 2023",Female,Rural + Urban,all ages,91-99,,64.2,75.3,65.8,71.1,75.0,44.2,61.6,48.9,67.9,68.3,,140805.0
India,"PLFS Year (Jul - Jun), 2023",Female,Rural + Urban,all ages,11-99,,100.0,100.0,100.0,100.0,100.0,100.0,100.0,100.0,100.0,100.0,,207181.0
India,"PLFS Year (Jul - Jun), 2023",Persons,Rural + Urban,15-29 years,"11,12",01-03,6.7,5.1,3.5,2.1,2.0,2.9,1.6,0.8,1.9,2.9,,2720.0
India,"PLFS Year (Jul - Jun), 2023",Persons,Rural + Urban,15-29 years,"11,12",01-96,10.3,12.0,9.6,6.6,7.0,9.2,8.5,7.9,7.3,8.5,,9407.0
India,"PLFS Year (Jul - Jun), 2023",Persons,Rural + Urban,15-29 years,"11,12",05-43,1.5,3.4,2.8,2.0,1.7,1.5,1.6,0.9,1.8,2.2,,2438.0
India,"PLFS Year (Jul - Jun), 2023",Persons,Rural + Urban,15-29 years,"11,12",45-96,2.1,3.5,3.3,2.4,3.2,4.9,5.4,6.2,3.6,3.5,,4249.0
India,"PLFS Year (Jul - Jun), 2023",Persons,Rural + Urban,15-29 years,21,01-03,16.5,13.7,13.3,9.3,9.7,5.7,8.5,6.4,9.0,10.9,,9934.0
India,"PLFS Year (Jul - Jun), 2023",Persons,Rural + Urban,15-29 years,21,01-96,18.0,16.3,15.6,11.2,11.9,8.1,12.0,8.6,11.5,13.2,,12708.0
India,"PLFS Year (Jul - Jun), 2023",Persons,Rural + Urban,15-29 years,21,05-43,1.0,1.4,1.1,0.7,0.8,1.1,0.8,0.6,0.7,0.9,,918.0
India,"PLFS Year (Jul - Jun), 2023",Persons,Rural + Urban,15-29 years,21,45-96,0.5,1.2,1.2,1.3,1.5,1.3,2.7,1.6,1.7,1.5,,1856.0
India,"PLFS Year (Jul - Jun), 2023",Persons,Rural + Urban,15-29 years,11-21,01-03,23.2,18.8,16.8,11.4,11.7,8.6,10.1,7.2,11.0,13.7,,12654.0
India,"PLFS Year (Jul - Jun), 2023",Persons,Rural + Urban,15-29 years,11-21,01-96,28.3,28.3,25.2,17.8,18.9,17.3,20.5,16.5,18.8,21.7,,22115.0
India,"PLFS Year (Jul - Jun), 2023",Persons,Rural + Urban,15-29 years,11-21,05-43,2.5,4.8,3.9,2.7,2.5,2.6,2.4,1.5,2.5,3.1,,3356.0
India,"PLFS Year (Jul - Jun), 2023",Persons,Rural + Urban,15-29 years,11-21,45-96,2.6,4.7,4.5,3.7,4.6,6.1,8.0,7.8,5.3,4.9,,6105.0
India,"PLFS Year (Jul - Jun), 2023",Persons,Rural + Urban,15-29 years,31,01-03,0.6,0.3,0.2,0.1,0.1,0.1,0.0,0.0,0.1,0.1,,149.0
India,"PLFS Year (Jul - Jun), 2023",Persons,Rural + Urban,15-29 years,31,01-99,6.6,9.4,7.6,7.4,8.4,41.2,24.2,30.5,13.4,11.3,,13644.0
India,"PLFS Year (Jul - Jun), 2023",Persons,Rural + Urban,15-29 years,31,05-43,2.8,3.6,3.1,3.4,2.7,19.7,4.6,3.4,3.8,3.6,,3974.0
India,"PLFS Year (Jul - Jun), 2023",Persons,Rural + Urban,15-29 years,31,45-99,3.2,5.4,4.3,4.0,5.5,21.4,19.6,27.1,9.5,7.5,,9521.0
India,"PLFS Year (Jul - Jun), 2023",Persons,Rural + Urban,15-29 years,41,,0.1,0.3,0.1,0.1,0.1,0.1,0.1,0.1,0.1,0.1,,170.0
India,"PLFS Year (Jul - Jun), 2023",Persons,Rural + Urban,15-29 years,51,01-03,7.0,7.6,3.2,1.6,1.1,0.9,0.4,0.3,1.1,2.5,,1902.0
India,"PLFS Year (Jul - Jun), 2023",Persons,Rural + Urban,15-29 years,51,01-99,20.1,23.4,12.2,6.3,3.8,5.2,1.6,0.4,4.0,8.7,,7869.0
India,"PLFS Year (Jul - Jun), 2023",Persons,Rural + Urban,15-29 years,51,05-43,11.7,14.6,8.1,4.1,2.3,3.1,1.0,0.1,2.5,5.5,,5252.0
India,"PLFS Year (Jul - Jun), 2023",Persons,Rural + Urban,15-29 years,51,45-99,1.4,1.2,0.9,0.6,0.4,1.2,0.2,0.0,0.4,0.7,,715.0
India,"PLFS Year (Jul - Jun), 2023",Persons,Rural + Urban,15-29 years,41 & 51,01-99,20.2,23.7,12.3,6.4,3.9,5.3,1.7,0.5,4.1,8.8,,8039.0
India,"PLFS Year (Jul - Jun), 2023",Persons,Rural + Urban,15-29 years,11-51,01-03,30.8,26.7,20.3,13.1,12.9,9.6,10.5,7.6,12.1,16.4,,14706.0
India,"PLFS Year (Jul - Jun), 2023",Persons,Rural + Urban,15-29 years,11-51,01-99,55.1,61.3,45.1,31.6,31.1,63.8,46.4,47.6,36.3,41.7,,43798.0
India,"PLFS Year (Jul - Jun), 2023",Persons,Rural + Urban,15-29 years,11-51,05-43,17.1,23.2,15.2,10.2,7.6,25.5,8.1,5.1,9.0,12.3,,12747.0
India,"PLFS Year (Jul - Jun), 2023",Persons,Rural + Urban,15-29 years,11-51,45-99,7.3,11.3,9.7,8.4,10.6,28.7,27.8,34.9,15.2,13.1,,16345.0
India,"PLFS Year (Jul - Jun), 2023",Persons,Rural + Urban,15-29 years,81,,1.3,1.6,2.0,1.6,3.0,13.7,16.3,22.5,6.6,4.7,,6214.0
India,"PLFS Year (Jul - Jun), 2023",Persons,Rural + Urban,15-29 years,11-81,,56.4,62.9,47.1,33.3,34.1,77.5,62.6,70.1,42.9,46.5,,50012.0
India,"PLFS Year (Jul - Jun), 2023",Persons,Rural + Urban,15-29 years,UR,,2.3,2.6,4.2,4.9,8.8,17.7,25.9,32.2,15.4,10.2,,
India,"PLFS Year (Jul - Jun), 2023",Persons,Rural + Urban,15-29 years,91,,0.2,8.4,30.6,52.0,49.5,13.9,17.6,7.2,40.5,33.2,,38815.0
India,"PLFS Year (Jul - Jun), 2023",Persons,Rural + Urban,15-29 years,92,,25.3,19.1,15.5,11.1,12.2,6.8,15.5,19.3,12.7,14.5,,14697.0
India,"PLFS Year (Jul - Jun), 2023",Persons,Rural + Urban,15-29 years,93,,10.7,8.0,5.6,3.2,3.5,1.3,3.7,2.9,3.4,4.7,,4330.0
India,"PLFS Year (Jul - Jun), 2023",Persons,Rural + Urban,15-29 years,94,,1.0,0.2,0.2,0.1,0.2,0.0,0.2,0.2,0.2,0.2,,191.0
India,"PLFS Year (Jul - Jun), 2023",Persons,Rural + Urban,15-29 years,95,,5.7,1.0,0.6,0.2,0.1,0.1,0.1,0.0,0.1,0.5,,631.0
India,"PLFS Year (Jul - Jun), 2023",Persons,Rural + Urban,15-29 years,97,,0.7,0.5,0.5,0.1,0.3,0.4,0.4,0.3,0.3,0.4,,372.0
India,"PLFS Year (Jul - Jun), 2023",Persons,Rural + Urban,15-29 years,91-97,,43.6,37.1,52.9,66.7,65.9,22.5,37.4,29.9,57.1,53.5,,59036.0
India,"PLFS Year (Jul - Jun), 2023",Persons,Rural + Urban,15-29 years,11-97,,100.0,100.0,100.0,100.0,100.0,100.0,100.0,100.0,100.0,100.0,,109048.0
India,"PLFS Year (Jul - Jun), 2023",Persons,Rural + Urban,15 years and above,"11,12",01-03,19.2,17.1,12.2,9.7,7.2,5.8,4.7,3.0,7.1,12.5,,35507.0
India,"PLFS Year (Jul - Jun), 2023",Persons,Rural + Urban,15 years and above,"11,12",01-96,24.3,28.8,24.9,20.7,18.0,19.4,17.1,14.1,18.5,22.8,,73544.0
India,"PLFS Year (Jul - Jun), 2023",Persons,Rural + Urban,15 years and above,"11,12",05-43,2.3,5.0,5.0,4.1,3.2,4.6,2.5,1.6,3.3,3.7,,12649.0
India,"PLFS Year (Jul - Jun), 2023",Persons,Rural + Urban,15 years and above,"11,12",45-96,2.9,6.8,7.6,7.0,7.6,9.0,9.9,9.5,8.1,6.6,,25388.0
India,"PLFS Year (Jul - Jun), 2023",Persons,Rural + Urban,15 years and above,21,01-03,13.8,9.8,9.9,7.7,8.3,3.6,5.4,3.1,6.9,9.5,,25053.0
India,"PLFS Year (Jul - Jun), 2023",Persons,Rural + Urban,15 years and above,21,01-96,14.7,11.4,11.7,9.5,10.4,5.2,8.2,4.8,9.0,11.2,,31149.0
India,"PLFS Year (Jul - Jun), 2023",Persons,Rural + Urban,15 years and above,21,05-43,0.4,0.6,0.7,0.5,0.6,0.7,0.6,0.4,0.6,0.6,,1783.0
India,"PLFS Year (Jul - Jun), 2023",Persons,Rural + Urban,15 years and above,21,45-96,0.5,1.0,1.1,1.3,1.5,0.8,2.1,1.4,1.6,1.1,,4313.0
India,"PLFS Year (Jul - Jun), 2023",Persons,Rural + Urban,15 years and above,11-21,01-03,33.0,26.8,22.1,17.4,15.4,9.5,10.1,6.1,13.9,22.0,,60560.0
India,"PLFS Year (Jul - Jun), 2023",Persons,Rural + Urban,15 years and above,11-21,01-96,39.0,40.2,36.6,30.3,28.3,24.6,25.3,19.0,27.5,34.0,,104693.0
India,"PLFS Year (Jul - Jun), 2023",Persons,Rural + Urban,15 years and above,11-21,05-43,2.7,5.6,5.7,4.6,3.8,5.3,3.2,2.0,3.8,4.2,,14432.0
India,"PLFS Year (Jul - Jun), 2023",Persons,Rural + Urban,15 years and above,11-21,45-96,3.4,7.8,8.7,8.3,9.1,9.8,12.0,10.9,9.7,7.8,,29701.0
India,"PLFS Year (Jul - Jun), 2023",Persons,Rural + Urban,15 years and above,31,01-03,0.4,0.4,0.3,0.1,0.1,0.1,0.1,0.1,0.1,0.3,,856.0
India,"PLFS Year (Jul - Jun), 2023",Persons,Rural + Urban,15 years and above,31,01-99,3.8,8.8,10.8,11.7,12.9,43.9,30.7,42.6,20.0,12.7,,47008.0
India,"PLFS Year (Jul - Jun), 2023",Persons,Rural + Urban,15 years and above,31,05-43,1.0,3.1,4.0,4.1,3.8,20.1,5.8,4.6,5.0,3.6,,11985.0
India,"PLFS Year (Jul - Jun), 2023",Persons,Rural + Urban,15 years and above,31,45-99,2.4,5.3,6.5,7.6,9.0,23.7,24.8,37.9,15.0,8.8,,34167.0
India,"PLFS Year (Jul - Jun), 2023",Persons,Rural + Urban,15 years and above,41,,0.9,0.8,0.5,0.3,0.2,0.4,0.1,0.2,0.2,0.5,,1836.0
India,"PLFS Year (Jul - Jun), 2023",Persons,Rural + Urban,15 years and above,51,01-03,9.1,7.3,3.8,2.0,1.4,1.0,0.4,0.1,1.3,4.5,,10159.0
India,"PLFS Year (Jul - Jun), 2023",Persons,Rural + Urban,15 years and above,51,01-99,15.9,18.7,12.8,7.4,4.5,4.7,1.5,0.5,4.4,11.0,,29179.0
India,"PLFS Year (Jul - Jun), 2023",Persons,Rural + Urban,15 years and above,51,05-43,6.2,10.4,8.1,4.6,2.7,3.0,0.9,0.2,2.7,5.8,,16741.0
India,"PLFS Year (Jul - Jun), 2023",Persons,Rural + Urban,15 years and above,51,45-99,0.7,1.1,0.9,0.7,0.4,0.7,0.2,0.1,0.5,0.7,,2279.0
India,"PLFS Year (Jul - Jun), 2023",Persons,Rural + Urban,15 years and above,41 & 51,01-99,16.8,19.5,13.3,7.7,4.7,5.1,1.5,0.7,4.7,11.6,,31015.0
India,"PLFS Year (Jul - Jun), 2023",Persons,Rural + Urban,15 years and above,11-51,01-03,42.5,34.6,26.3,19.6,16.9,10.6,10.6,6.3,15.3,26.8,,71899.0
India,"PLFS Year (Jul - Jun), 2023",Persons,Rural + Urban,15 years and above,11-51,01-99,59.6,68.5,60.7,49.7,45.9,73.6,57.5,62.2,52.1,58.2,,182716.0
India,"PLFS Year (Jul - Jun), 2023",Persons,Rural + Urban,15 years and above,11-51,05-43,10.7,19.7,18.2,13.5,10.5,28.8,9.9,7.0,11.7,14.1,,44612.0
India,"PLFS Year (Jul - Jun), 2023",Persons,Rural + Urban,15 years and above,11-51,45-99,6.4,14.2,16.2,16.6,18.6,34.3,37.0,48.9,25.1,17.3,,66205.0
India,"PLFS Year (Jul - Jun), 2023",Persons,Rural + Urban,15 years and above,81,,0.1,0.4,1.0,1.0,2.1,7.0,8.6,8.8,4.0,1.9,,7589.0
India,"PLFS Year (Jul - Jun), 2023",Persons,Rural + Urban,15 years and above,11-81,,59.7,68.9,61.7,50.7,48.0,80.6,66.2,71.0,56.1,60.1,,190305.0
India,"PLFS Year (Jul - Jun), 2023",Persons,Rural + Urban,15 years and above,UR,,0.2,0.6,1.6,1.9,4.4,8.6,13.0,12.4,7.1,3.2,,
India,"PLFS Year (Jul - Jun), 2023",Persons,Rural + Urban,15 years and above,91,,0.0,1.7,13.0,26.3,30.1,6.1,8.2,2.3,20.6,11.4,,38872.0
India,"PLFS Year (Jul - Jun), 2023",Persons,Rural + Urban,15 years and above,92,,16.5,16.2,16.0,14.7,15.2,7.4,17.6,17.7,15.6,15.9,,51358.0
India,"PLFS Year (Jul - Jun), 2023",Persons,Rural + Urban,15 years and above,93,,6.8,5.8,5.3,3.9,4.0,1.5,3.4,3.4,3.7,5.1,,14753.0
India,"PLFS Year (Jul - Jun), 2023",Persons,Rural + Urban,15 years and above,94,,10.7,5.0,2.7,3.4,2.0,3.9,4.0,5.2,3.3,5.1,,17495.0
India,"PLFS Year (Jul - Jun), 2023",Persons,Rural + Urban,15 years and above,95,,3.4,1.4,0.8,0.6,0.3,0.3,0.2,0.2,0.4,1.3,,3816.0
India,"PLFS Year (Jul - Jun), 2023",Persons,Rural + Urban,15 years and above,97,,2.9,1.0,0.6,0.5,0.4,0.4,0.4,0.2,0.4,1.1,,3174.0
India,"PLFS Year (Jul - Jun), 2023",Persons,Rural + Urban,15 years and above,91-97,,40.3,31.1,38.3,49.3,52.0,19.4,33.8,29.0,43.9,39.9,,129468.0
India,"PLFS Year (Jul - Jun), 2023",Persons,Rural + Urban,15 years and above,11-97,,100.0,100.0,100.0,100.0,100.0,100.0,100.0,100.0,100.0,100.0,,319773.0
India,"PLFS Year (Jul - Jun), 2023",Persons,Rural + Urban,all ages,"11,12",01-03,12.2,8.0,10.9,9.7,7.2,5.8,4.7,3.0,7.1,9.3,,35521.0
India,"PLFS Year (Jul - Jun), 2023",Persons,Rural + Urban,all ages,"11,12",01-96,15.4,13.6,22.2,20.7,18.0,19.4,17.1,14.1,18.5,17.0,,73565.0
India,"PLFS Year (Jul - Jun), 2023",Persons,Rural + Urban,all ages,"11,12",05-43,1.4,2.4,4.5,4.1,3.2,4.6,2.5,1.6,3.3,2.8,,12651.0
India,"PLFS Year (Jul - Jun), 2023",Persons,Rural + Urban,all ages,"11,12",45-96,1.8,3.2,6.8,7.0,7.6,9.0,9.9,9.5,8.1,5.0,,25393.0
India,"PLFS Year (Jul - Jun), 2023",Persons,Rural + Urban,all ages,21,01-03,8.8,4.7,9.1,7.7,8.3,3.6,5.4,3.1,6.9,7.2,,25259.0
India,"PLFS Year (Jul - Jun), 2023",Persons,Rural + Urban,all ages,21,01-96,9.4,5.5,10.7,9.5,10.4,5.2,8.2,4.8,9.0,8.5,,31425.0
India,"PLFS Year (Jul - Jun), 2023",Persons,Rural + Urban,all ages,21,05-43,0.3,0.3,0.6,0.5,0.6,0.7,0.6,0.4,0.6,0.4,,1814.0
India,"PLFS Year (Jul - Jun), 2023",Persons,Rural + Urban,all ages,21,45-96,0.3,0.5,1.0,1.3,1.5,0.8,2.1,1.4,1.6,0.9,,4352.0
India,"PLFS Year (Jul - Jun), 2023",Persons,Rural + Urban,all ages,11-21,01-03,21.0,12.8,20.0,17.4,15.4,9.5,10.1,6.1,13.9,16.5,,60780.0
India,"PLFS Year (Jul - Jun), 2023",Persons,Rural + Urban,all ages,11-21,01-96,24.8,19.1,32.9,30.2,28.3,24.6,25.3,19.0,27.4,25.5,,104990.0
India,"PLFS Year (Jul - Jun), 2023",Persons,Rural + Urban,all ages,11-21,05-43,1.7,2.7,5.1,4.6,3.8,5.3,3.2,2.0,3.8,3.2,,14465.0
India,"PLFS Year (Jul - Jun), 2023",Persons,Rural + Urban,all ages,11-21,45-96,2.1,3.7,7.8,8.3,9.1,9.8,12.0,10.9,9.7,5.8,,29745.0
India,"PLFS Year (Jul - Jun), 2023",Persons,Rural + Urban,all ages,31,01-03,0.2,0.2,0.3,0.1,0.1,0.1,0.1,0.1,0.1,0.2,,856.0
India,"PLFS Year (Jul - Jun), 2023",Persons,Rural + Urban,all ages,31,01-99,2.4,4.2,9.7,11.7,12.9,43.9,30.7,42.6,20.0,9.5,,47036.0
India,"PLFS Year (Jul - Jun), 2023",Persons,Rural + Urban,all ages,31,05-43,0.7,1.5,3.6,4.1,3.8,20.1,5.8,4.6,5.0,2.7,,11991.0
India,"PLFS Year (Jul - Jun), 2023",Persons,Rural + Urban,all ages,31,45-99,1.5,2.5,5.8,7.6,9.0,23.7,24.8,37.9,14.9,6.6,,34189.0
India,"PLFS Year (Jul - Jun), 2023",Persons,Rural + Urban,all ages,41,,0.6,0.4,0.5,0.3,0.2,0.4,0.1,0.2,0.2,0.4,,1836.0
India,"PLFS Year (Jul - Jun), 2023",Persons,Rural + Urban,all ages,51,01-03,5.8,3.4,3.4,2.0,1.4,1.0,0.4,0.1,1.3,3.4,,10173.0
India,"PLFS Year (Jul - Jun), 2023",Persons,Rural + Urban,all ages,51,01-99,10.1,8.8,11.5,7.4,4.5,4.7,1.5,0.5,4.4,8.3,,29208.0
India,"PLFS Year (Jul - Jun), 2023",Persons,Rural + Urban,all ages,51,05-43,3.9,4.9,7.3,4.6,2.7,3.0,0.9,0.2,2.7,4.4,,16750.0
India,"PLFS Year (Jul - Jun), 2023",Persons,Rural + Urban,all ages,51,45-99,0.4,0.5,0.8,0.7,0.4,0.7,0.2,0.1,0.5,0.5,,2285.0
India,"PLFS Year (Jul - Jun), 2023",Persons,Rural + Urban,all ages,41 & 51,01-99,10.7,9.2,11.9,7.7,4.7,5.1,1.5,0.7,4.7,8.7,,31044.0
India,"PLFS Year (Jul - Jun), 2023",Persons,Rural + Urban,all ages,11-51,01-03,27.0,16.5,23.7,19.6,16.9,10.6,10.6,6.3,15.3,20.1,,72133.0
India,"PLFS Year (Jul - Jun), 2023",Persons,Rural + Urban,all ages,11-51,01-99,37.9,32.5,54.5,49.6,45.9,73.6,57.5,62.2,52.1,43.7,,183070.0
India,"PLFS Year (Jul - Jun), 2023",Persons,Rural + Urban,all ages,11-51,05-43,6.8,9.3,16.3,13.5,10.5,28.8,9.9,7.0,11.7,10.6,,44660.0
India,"PLFS Year (Jul - Jun), 2023",Persons,Rural + Urban,all ages,11-51,45-99,4.1,6.7,14.5,16.6,18.6,34.3,37.0,48.9,25.1,13.0,,66277.0
India,"PLFS Year (Jul - Jun), 2023",Persons,Rural + Urban,all ages,81,,0.1,0.2,0.9,1.0,2.1,7.0,8.6,8.8,4.0,1.4,,7606.0
India,"PLFS Year (Jul - Jun), 2023",Persons,Rural + Urban,all ages,11-81,,38.0,32.7,55.4,50.6,48.0,80.6,66.2,71.0,56.1,45.1,,190676.0
India,"PLFS Year (Jul - Jun), 2023",Persons,Rural + Urban,all ages,UR,,0.2,0.6,1.6,1.9,4.4,8.6,13.0,12.4,7.1,3.2,,
India,"PLFS Year (Jul - Jun), 2023",Persons,Rural + Urban,all ages,91,,6.3,52.3,21.8,26.4,30.1,6.1,8.2,2.3,20.7,25.3,,105708.0
India,"PLFS Year (Jul - Jun), 2023",Persons,Rural + Urban,all ages,92,,10.5,7.8,14.4,14.7,15.2,7.4,17.6,17.7,15.5,12.0,,51567.0
India,"PLFS Year (Jul - Jun), 2023",Persons,Rural + Urban,all ages,93,,4.4,2.7,4.7,3.9,4.0,1.5,3.4,3.4,3.7,3.8,,14781.0
India,"PLFS Year (Jul - Jun), 2023",Persons,Rural + Urban,all ages,94,,6.8,2.3,2.4,3.4,2.0,3.9,4.0,5.2,3.2,3.8,,17499.0
India,"PLFS Year (Jul - Jun), 2023",Persons,Rural + Urban,all ages,95,,2.3,0.7,0.7,0.6,0.3,0.3,0.2,0.2,0.4,1.0,,4002.0
India,"PLFS Year (Jul - Jun), 2023",Persons,Rural + Urban,all ages,97,,3.0,0.6,0.5,0.5,0.4,0.4,0.4,0.2,0.4,1.2,,4139.0
India,"PLFS Year (Jul - Jun), 2023",Persons,Rural + Urban,all ages,99,,28.7,0.8,0.0,0.0,0.0,0.0,0.0,0.0,0.0,7.8,,29787.0
India,"PLFS Year (Jul - Jun), 2023",Persons,Rural + Urban,all ages,91-99,,62.0,67.3,44.6,49.4,52.0,19.4,33.8,29.0,43.9,54.9,,227483.0
India,"PLFS Year (Jul - Jun), 2023",Persons,Rural + Urban,all ages,11-99,,100.0,100.0,100.0,100.0,100.0,100.0,100.0,100.0,100.0,100.0,,418159.0
India,"PLFS Year (Jul - Jun), 2022",Male,Rural,15-29 years,"11,12",01-03,11.7,3.6,4.3,4.3,4.0,3.6,5.2,3.5,4.3,4.4,,1519.0
India,"PLFS Year (Jul - Jun), 2022",Male,Rural,15-29 years,"11,12",01-96,14.9,8.7,12.2,9.9,10.7,13.2,14.8,14.4,11.3,11.3,,4021.0
India,"PLFS Year (Jul - Jun), 2022",Male,Rural,15-29 years,"11,12",05-43,0.9,2.1,2.7,1.8,1.6,3.9,1.5,1.0,1.8,2.0,,676.0
India,"PLFS Year (Jul - Jun), 2022",Male,Rural,15-29 years,"11,12",45-96,2.2,3.1,5.3,3.8,5.2,5.8,8.0,9.9,5.3,4.8,,1826.0
India,"PLFS Year (Jul - Jun), 2022",Male,Rural,15-29 years,21,01-03,12.5,10.3,15.1,12.2,16.6,11.5,17.8,15.9,14.9,14.2,,4864.0
India,"PLFS Year (Jul - Jun), 2022",Male,Rural,15-29 years,21,01-96,14.2,11.8,17.5,14.2,19.5,13.0,20.9,18.0,17.4,16.5,,5614.0
India,"PLFS Year (Jul - Jun), 2022",Male,Rural,15-29 years,21,05-43,0.9,0.3,0.8,0.6,0.8,0.2,0.9,0.0,0.7,0.7,,219.0
India,"PLFS Year (Jul - Jun), 2022",Male,Rural,15-29 years,21,45-96,0.8,1.2,1.6,1.4,2.0,1.2,2.2,2.1,1.8,1.6,,531.0
India,"PLFS Year (Jul - Jun), 2022",Male,Rural,15-29 years,11-21,01-03,24.2,13.9,19.4,16.5,20.7,15.1,23.0,19.4,19.2,18.6,,6383.0
India,"PLFS Year (Jul - Jun), 2022",Male,Rural,15-29 years,11-21,01-96,29.1,20.5,29.7,24.1,30.2,26.2,35.7,32.5,28.7,27.8,,9635.0
India,"PLFS Year (Jul - Jun), 2022",Male,Rural,15-29 years,11-21,05-43,1.8,2.4,3.5,2.4,2.4,4.1,2.5,1.0,2.4,2.7,,895.0
India,"PLFS Year (Jul - Jun), 2022",Male,Rural,15-29 years,11-21,45-96,3.0,4.3,6.9,5.2,7.2,7.0,10.2,12.1,7.1,6.5,,2357.0
India,"PLFS Year (Jul - Jun), 2022",Male,Rural,15-29 years,31,01-03,0.6,1.0,0.3,0.2,0.3,0.2,0.1,0.1,0.2,0.4,,101.0
India,"PLFS Year (Jul - Jun), 2022",Male,Rural,15-29 years,31,01-99,6.8,7.4,10.0,7.2,9.9,35.1,21.6,30.8,12.4,10.8,,3949.0
India,"PLFS Year (Jul - Jun), 2022",Male,Rural,15-29 years,31,05-43,2.9,3.0,4.4,3.0,3.9,20.6,5.6,6.6,4.6,4.3,,1410.0
India,"PLFS Year (Jul - Jun), 2022",Male,Rural,15-29 years,31,45-99,3.4,3.4,5.4,4.0,5.7,14.3,15.9,24.1,7.6,6.2,,2438.0
India,"PLFS Year (Jul - Jun), 2022",Male,Rural,15-29 years,41,,0.0,0.2,0.1,0.0,0.1,0.0,0.0,0.0,0.1,0.1,,47.0
India,"PLFS Year (Jul - Jun), 2022",Male,Rural,15-29 years,51,01-03,12.2,7.7,4.4,2.1,2.1,1.6,1.6,0.0,1.9,3.8,,1067.0
India,"PLFS Year (Jul - Jun), 2022",Male,Rural,15-29 years,51,01-99,46.4,61.9,22.0,11.0,8.0,9.0,5.2,1.3,8.5,21.4,,4947.0
India,"PLFS Year (Jul - Jun), 2022",Male,Rural,15-29 years,51,05-43,33.1,52.9,16.4,7.8,5.3,5.8,2.6,1.0,5.7,16.5,,3518.0
India,"PLFS Year (Jul - Jun), 2022",Male,Rural,15-29 years,51,45-99,1.0,1.3,1.2,1.1,0.6,1.7,1.0,0.3,0.9,1.0,,362.0
India,"PLFS Year (Jul - Jun), 2022",Male,Rural,15-29 years,41 & 51,01-99,46.4,62.1,22.1,11.0,8.1,9.0,5.2,1.3,8.6,21.4,,4994.0
India,"PLFS Year (Jul - Jun), 2022",Male,Rural,15-29 years,11-51,01-03,37.0,22.5,24.0,18.9,23.0,16.9,24.7,19.6,21.4,22.8,,7553.0
India,"PLFS Year (Jul - Jun), 2022",Male,Rural,15-29 years,11-51,01-99,82.3,90.0,61.8,42.3,48.2,70.4,62.5,64.6,49.8,60.1,,18578.0
India,"PLFS Year (Jul - Jun), 2022",Male,Rural,15-29 years,11-51,05-43,37.8,58.5,24.3,13.2,11.7,30.5,10.7,8.6,12.8,23.5,,5868.0
India,"PLFS Year (Jul - Jun), 2022",Male,Rural,15-29 years,11-51,45-99,7.5,9.0,13.5,10.2,13.5,23.0,27.1,36.4,15.5,13.7,,5157.0
India,"PLFS Year (Jul - Jun), 2022",Male,Rural,15-29 years,81,,1.3,1.5,3.6,2.8,4.4,17.6,20.2,28.7,7.7,5.4,,1950.0
India,"PLFS Year (Jul - Jun), 2022",Male,Rural,15-29 years,11-81,,83.6,91.5,65.5,45.1,52.6,88.0,82.6,93.3,57.4,65.5,,20528.0
India,"PLFS Year (Jul - Jun), 2022",Male,Rural,15-29 years,UR,,1.5,1.6,5.5,6.3,8.4,20.0,24.4,30.7,13.3,8.3,,
India,"PLFS Year (Jul - Jun), 2022",Male,Rural,15-29 years,91,,0.0,5.8,32.7,54.2,46.9,11.7,16.8,5.7,42.0,32.7,,11840.0
India,"PLFS Year (Jul - Jun), 2022",Male,Rural,15-29 years,92,,2.3,0.6,0.5,0.1,0.1,0.1,0.2,1.0,0.1,0.4,,90.0
India,"PLFS Year (Jul - Jun), 2022",Male,Rural,15-29 years,93,,0.2,0.1,0.2,0.0,0.0,0.0,0.0,0.0,0.0,0.1,,47.0
India,"PLFS Year (Jul - Jun), 2022",Male,Rural,15-29 years,94,,0.3,0.0,0.0,0.0,0.0,0.0,0.2,0.0,0.0,0.0,,11.0
India,"PLFS Year (Jul - Jun), 2022",Male,Rural,15-29 years,95,,9.8,1.0,0.5,0.3,0.2,0.0,0.1,0.0,0.2,0.7,,261.0
India,"PLFS Year (Jul - Jun), 2022",Male,Rural,15-29 years,97,,3.9,1.0,0.6,0.2,0.2,0.2,0.2,0.0,0.2,0.6,,145.0
India,"PLFS Year (Jul - Jun), 2022",Male,Rural,15-29 years,91-97,,16.4,8.5,34.5,54.9,47.4,12.0,17.4,6.7,42.6,34.5,,12394.0
India,"PLFS Year (Jul - Jun), 2022",Male,Rural,15-29 years,11-97,,100.0,100.0,100.0,100.0,100.0,100.0,100.0,100.0,100.0,100.0,,32922.0
India,"PLFS Year (Jul - Jun), 2022",Male,Rural,15 years and above,"11,12",01-03,42.5,26.2,20.9,19.1,14.9,7.6,13.8,11.1,15.9,24.3,,20736.0
India,"PLFS Year (Jul - Jun), 2022",Male,Rural,15 years and above,"11,12",01-96,49.1,40.1,36.7,33.0,28.0,21.4,30.2,27.1,30.1,37.3,,33540.0
India,"PLFS Year (Jul - Jun), 2022",Male,Rural,15 years and above,"11,12",05-43,2.5,4.8,5.2,4.0,3.2,5.8,3.0,2.5,3.5,4.0,,3650.0
India,"PLFS Year (Jul - Jun), 2022",Male,Rural,15 years and above,"11,12",45-96,4.2,9.1,10.6,9.8,9.9,8.0,13.5,13.4,10.6,9.1,,9154.0
India,"PLFS Year (Jul - Jun), 2022",Male,Rural,15 years and above,21,01-03,2.3,4.7,9.0,8.3,12.9,9.0,11.7,6.3,10.4,7.4,,6894.0
India,"PLFS Year (Jul - Jun), 2022",Male,Rural,15 years and above,21,01-96,2.6,5.3,10.4,9.6,15.0,10.2,13.7,7.9,12.1,8.5,,7946.0
India,"PLFS Year (Jul - Jun), 2022",Male,Rural,15 years and above,21,05-43,0.1,0.2,0.4,0.4,0.6,0.3,0.6,0.2,0.5,0.3,,315.0
India,"PLFS Year (Jul - Jun), 2022",Male,Rural,15 years and above,21,45-96,0.2,0.4,0.9,0.9,1.6,0.9,1.4,1.4,1.2,0.8,,737.0
India,"PLFS Year (Jul - Jun), 2022",Male,Rural,15 years and above,11-21,01-03,44.8,30.8,30.0,27.4,27.7,16.6,25.5,17.4,26.3,31.7,,27630.0
India,"PLFS Year (Jul - Jun), 2022",Male,Rural,15 years and above,11-21,01-96,51.8,45.4,47.1,42.6,43.0,31.6,44.0,35.0,42.3,45.9,,41486.0
India,"PLFS Year (Jul - Jun), 2022",Male,Rural,15 years and above,11-21,05-43,2.6,5.0,5.6,4.4,3.8,6.1,3.6,2.7,4.0,4.3,,3965.0
India,"PLFS Year (Jul - Jun), 2022",Male,Rural,15 years and above,11-21,45-96,4.4,9.5,11.5,10.7,11.5,9.0,14.9,14.8,11.9,9.9,,9891.0
India,"PLFS Year (Jul - Jun), 2022",Male,Rural,15 years and above,31,01-03,0.6,0.7,0.3,0.2,0.3,0.1,0.2,0.3,0.2,0.4,,409.0
India,"PLFS Year (Jul - Jun), 2022",Male,Rural,15 years and above,31,01-99,3.4,7.0,10.5,10.7,13.8,38.6,29.7,47.5,17.9,11.2,,11812.0
India,"PLFS Year (Jul - Jun), 2022",Male,Rural,15 years and above,31,05-43,1.5,2.9,4.6,4.0,4.3,22.0,6.1,5.1,5.2,3.9,,3564.0
India,"PLFS Year (Jul - Jun), 2022",Male,Rural,15 years and above,31,45-99,1.3,3.5,5.6,6.5,9.2,16.5,23.4,42.1,12.4,6.9,,7839.0
India,"PLFS Year (Jul - Jun), 2022",Male,Rural,15 years and above,41,,0.3,0.4,0.1,0.0,0.1,0.0,0.0,0.0,0.0,0.2,,237.0
India,"PLFS Year (Jul - Jun), 2022",Male,Rural,15 years and above,51,01-03,10.9,9.3,5.4,3.4,2.7,1.1,1.2,0.1,2.5,6.2,,4677.0
India,"PLFS Year (Jul - Jun), 2022",Male,Rural,15 years and above,51,01-99,24.6,37.0,22.4,13.6,8.8,8.2,3.8,0.9,9.4,20.8,,15993.0
India,"PLFS Year (Jul - Jun), 2022",Male,Rural,15 years and above,51,05-43,13.0,26.2,15.7,9.2,5.5,6.0,2.0,0.5,6.1,13.6,,10425.0
India,"PLFS Year (Jul - Jun), 2022",Male,Rural,15 years and above,51,45-99,0.6,1.5,1.2,1.0,0.6,1.1,0.6,0.3,0.8,1.0,,891.0
India,"PLFS Year (Jul - Jun), 2022",Male,Rural,15 years and above,41 & 51,01-99,24.8,37.4,22.5,13.6,8.9,8.2,3.8,1.0,9.5,20.9,,16230.0
India,"PLFS Year (Jul - Jun), 2022",Male,Rural,15 years and above,11-51,01-03,56.4,40.8,35.7,31.0,30.7,17.8,26.8,17.8,29.1,38.3,,32746.0
India,"PLFS Year (Jul - Jun), 2022",Male,Rural,15 years and above,11-51,01-99,80.0,89.8,80.1,66.9,65.7,78.4,77.4,83.4,69.6,78.0,,69528.0
India,"PLFS Year (Jul - Jun), 2022",Male,Rural,15 years and above,11-51,05-43,17.4,34.4,26.0,17.6,13.6,34.0,11.7,8.4,15.4,22.0,,18161.0
India,"PLFS Year (Jul - Jun), 2022",Male,Rural,15 years and above,11-51,45-99,6.2,14.5,18.3,18.2,21.4,26.6,39.0,57.3,25.1,17.8,,18621.0
India,"PLFS Year (Jul - Jun), 2022",Male,Rural,15 years and above,81,,0.1,0.5,1.6,1.6,2.9,11.9,11.0,10.2,4.5,2.2,,2172.0
India,"PLFS Year (Jul - Jun), 2022",Male,Rural,15 years and above,11-81,,80.1,90.3,81.7,68.5,68.6,90.3,88.4,93.7,74.1,80.2,,71700.0
India,"PLFS Year (Jul - Jun), 2022",Male,Rural,15 years and above,UR,,0.1,0.5,2.0,2.3,4.2,13.2,12.4,10.9,6.1,2.7,,
India,"PLFS Year (Jul - Jun), 2022",Male,Rural,15 years and above,91,,0.0,1.6,13.8,27.3,28.6,7.2,8.4,2.5,22.4,11.9,,11851.0
India,"PLFS Year (Jul - Jun), 2022",Male,Rural,15 years and above,92,,1.1,0.6,0.6,0.2,0.2,0.1,0.2,0.5,0.2,0.5,,481.0
India,"PLFS Year (Jul - Jun), 2022",Male,Rural,15 years and above,93,,0.3,0.1,0.1,0.0,0.0,0.0,0.0,0.1,0.0,0.1,,134.0
India,"PLFS Year (Jul - Jun), 2022",Male,Rural,15 years and above,94,,11.0,4.3,2.0,2.9,1.9,2.0,2.6,2.7,2.5,4.4,,4034.0
India,"PLFS Year (Jul - Jun), 2022",Male,Rural,15 years and above,95,,4.0,1.7,1.0,0.6,0.4,0.2,0.2,0.1,0.4,1.5,,1460.0
India,"PLFS Year (Jul - Jun), 2022",Male,Rural,15 years and above,97,,3.5,1.3,0.7,0.5,0.3,0.2,0.2,0.4,0.4,1.3,,1040.0
India,"PLFS Year (Jul - Jun), 2022",Male,Rural,15 years and above,91-97,,19.9,9.7,18.3,31.5,31.4,9.7,11.6,6.3,25.9,19.8,,19000.0
India,"PLFS Year (Jul - Jun), 2022",Male,Rural,15 years and above,11-97,,100.0,100.0,100.0,100.0,100.0,100.0,100.0,100.0,100.0,100.0,,90700.0
India,"PLFS Year (Jul - Jun), 2022",Male,Rural,all ages,"11,12",01-03,22.3,11.6,18.8,19.1,14.9,7.6,13.8,11.1,15.9,16.8,,20738.0
India,"PLFS Year (Jul - Jun), 2022",Male,Rural,all ages,"11,12",01-96,25.8,17.8,33.1,32.9,28.0,21.4,30.2,27.1,30.1,25.8,,33542.0
India,"PLFS Year (Jul - Jun), 2022",Male,Rural,all ages,"11,12",05-43,1.3,2.1,4.7,4.0,3.2,5.8,3.0,2.5,3.5,2.7,,3650.0
India,"PLFS Year (Jul - Jun), 2022",Male,Rural,all ages,"11,12",45-96,2.2,4.1,9.6,9.8,9.9,8.0,13.5,13.4,10.6,6.3,,9154.0
India,"PLFS Year (Jul - Jun), 2022",Male,Rural,all ages,21,01-03,1.2,2.2,8.3,8.3,12.9,9.0,11.7,6.3,10.4,5.2,,6984.0
India,"PLFS Year (Jul - Jun), 2022",Male,Rural,all ages,21,01-96,1.4,2.5,9.5,9.6,15.0,10.2,13.7,7.9,12.1,6.0,,8053.0
India,"PLFS Year (Jul - Jun), 2022",Male,Rural,all ages,21,05-43,0.1,0.1,0.4,0.4,0.6,0.3,0.6,0.2,0.5,0.2,,318.0
India,"PLFS Year (Jul - Jun), 2022",Male,Rural,all ages,21,45-96,0.1,0.2,0.9,0.9,1.6,0.9,1.4,1.4,1.2,0.6,,751.0
India,"PLFS Year (Jul - Jun), 2022",Male,Rural,all ages,11-21,01-03,23.6,13.8,27.1,27.4,27.7,16.6,25.5,17.4,26.3,22.0,,27722.0
India,"PLFS Year (Jul - Jun), 2022",Male,Rural,all ages,11-21,01-96,27.2,20.3,42.5,42.5,43.0,31.6,44.0,35.0,42.2,31.8,,41595.0
India,"PLFS Year (Jul - Jun), 2022",Male,Rural,all ages,11-21,05-43,1.4,2.2,5.0,4.4,3.8,6.1,3.6,2.7,4.0,3.0,,3968.0
India,"PLFS Year (Jul - Jun), 2022",Male,Rural,all ages,11-21,45-96,2.3,4.3,10.4,10.7,11.5,9.0,14.9,14.8,11.9,6.8,,9905.0
India,"PLFS Year (Jul - Jun), 2022",Male,Rural,all ages,31,01-03,0.3,0.3,0.3,0.2,0.3,0.1,0.2,0.3,0.2,0.3,,409.0
India,"PLFS Year (Jul - Jun), 2022",Male,Rural,all ages,31,01-99,1.8,3.1,9.5,10.7,13.8,38.6,29.7,47.5,17.9,7.7,,11816.0
India,"PLFS Year (Jul - Jun), 2022",Male,Rural,all ages,31,05-43,0.8,1.3,4.1,4.0,4.3,22.0,6.1,5.1,5.2,2.7,,3566.0
India,"PLFS Year (Jul - Jun), 2022",Male,Rural,all ages,31,45-99,0.7,1.6,5.0,6.5,9.2,16.5,23.4,42.1,12.4,4.8,,7841.0
India,"PLFS Year (Jul - Jun), 2022",Male,Rural,all ages,41,,0.1,0.2,0.1,0.0,0.1,0.0,0.0,0.0,0.0,0.1,,237.0
India,"PLFS Year (Jul - Jun), 2022",Male,Rural,all ages,51,01-03,5.7,4.1,4.9,3.4,2.7,1.1,1.2,0.1,2.5,4.3,,4681.0
India,"PLFS Year (Jul - Jun), 2022",Male,Rural,all ages,51,01-99,12.9,16.5,20.1,13.6,8.8,8.2,3.8,0.9,9.4,14.4,,16003.0
India,"PLFS Year (Jul - Jun), 2022",Male,Rural,all ages,51,05-43,6.9,11.7,14.2,9.2,5.5,6.0,2.0,0.5,6.1,9.4,,10429.0
India,"PLFS Year (Jul - Jun), 2022",Male,Rural,all ages,51,45-99,0.3,0.7,1.1,1.0,0.6,1.1,0.6,0.3,0.8,0.7,,893.0
India,"PLFS Year (Jul - Jun), 2022",Male,Rural,all ages,41 & 51,01-99,13.1,16.6,20.2,13.6,8.9,8.2,3.8,1.0,9.5,14.5,,16240.0
India,"PLFS Year (Jul - Jun), 2022",Male,Rural,all ages,11-51,01-03,29.6,18.3,32.2,31.0,30.7,17.8,26.8,17.8,29.1,26.5,,32842.0
India,"PLFS Year (Jul - Jun), 2022",Male,Rural,all ages,11-51,01-99,42.0,40.1,72.2,66.8,65.7,78.4,77.4,83.4,69.6,54.0,,69651.0
India,"PLFS Year (Jul - Jun), 2022",Male,Rural,all ages,11-51,05-43,9.1,15.3,23.4,17.6,13.6,34.0,11.7,8.4,15.4,15.2,,18170.0
India,"PLFS Year (Jul - Jun), 2022",Male,Rural,all ages,11-51,45-99,3.3,6.5,16.5,18.2,21.4,26.6,39.0,57.3,25.1,12.3,,18639.0
India,"PLFS Year (Jul - Jun), 2022",Male,Rural,all ages,81,,0.1,0.2,1.5,1.6,2.9,11.9,11.0,10.2,4.5,1.5,,2179.0
India,"PLFS Year (Jul - Jun), 2022",Male,Rural,all ages,11-81,,42.1,40.3,73.7,68.4,68.6,90.3,88.4,93.7,74.1,55.5,,71830.0
India,"PLFS Year (Jul - Jun), 2022",Male,Rural,all ages,UR,,0.1,0.6,2.0,2.3,4.2,13.2,12.4,10.9,6.1,2.8,,
India,"PLFS Year (Jul - Jun), 2022",Male,Rural,all ages,91,,5.4,55.2,22.2,27.4,28.6,7.2,8.4,2.5,22.4,27.9,,34142.0
India,"PLFS Year (Jul - Jun), 2022",Male,Rural,all ages,92,,0.6,0.3,0.5,0.2,0.2,0.1,0.2,0.5,0.2,0.4,,506.0
India,"PLFS Year (Jul - Jun), 2022",Male,Rural,all ages,93,,0.2,0.1,0.1,0.0,0.0,0.0,0.0,0.1,0.0,0.1,,143.0
India,"PLFS Year (Jul - Jun), 2022",Male,Rural,all ages,94,,5.8,1.9,1.8,2.9,1.9,2.0,2.6,2.7,2.5,3.0,,4036.0
India,"PLFS Year (Jul - Jun), 2022",Male,Rural,all ages,95,,2.3,0.8,0.9,0.6,0.4,0.2,0.2,0.1,0.4,1.1,,1517.0
India,"PLFS Year (Jul - Jun), 2022",Male,Rural,all ages,97,,3.3,0.7,0.7,0.5,0.3,0.2,0.2,0.4,0.4,1.3,,1401.0
India,"PLFS Year (Jul - Jun), 2022",Male,Rural,all ages,99,,40.4,0.7,0.0,0.0,0.0,0.0,0.0,0.0,0.0,10.7,,10140.0
India,"PLFS Year (Jul - Jun), 2022",Male,Rural,all ages,91-99,,57.9,59.7,26.3,31.6,31.4,9.7,11.6,6.3,25.9,44.5,,51885.0
India,"PLFS Year (Jul - Jun), 2022",Male,Rural,all ages,11-99,,100.0,100.0,100.0,100.0,100.0,100.0,100.0,100.0,100.0,100.0,,123715.0
India,"PLFS Year (Jul - Jun), 2022",Female,Rural,15-29 years,"11,12",01-03,5.9,3.1,2.6,1.8,1.2,2.2,0.9,0.8,1.4,2.3,,908.0
India,"PLFS Year (Jul - Jun), 2022",Female,Rural,15-29 years,"11,12",01-96,7.1,5.5,5.6,4.3,4.9,5.8,5.8,2.6,4.7,5.3,,2023.0
India,"PLFS Year (Jul - Jun), 2022",Female,Rural,15-29 years,"11,12",05-43,1.2,1.8,2.8,2.1,2.8,1.8,2.4,0.1,2.3,2.3,,831.0
India,"PLFS Year (Jul - Jun), 2022",Female,Rural,15-29 years,"11,12",45-96,0.0,0.6,0.2,0.4,0.9,1.8,2.4,1.7,1.0,0.6,,284.0
India,"PLFS Year (Jul - Jun), 2022",Female,Rural,15-29 years,21,01-03,20.6,12.2,13.1,8.7,9.1,9.1,6.1,5.7,8.3,11.1,,4088.0
India,"PLFS Year (Jul - Jun), 2022",Female,Rural,15-29 years,21,01-96,22.1,13.3,14.5,9.9,10.1,11.7,7.3,6.5,9.5,12.4,,4484.0
India,"PLFS Year (Jul - Jun), 2022",Female,Rural,15-29 years,21,05-43,0.5,0.8,0.8,0.6,0.5,0.2,0.4,0.4,0.5,0.6,,191.0
India,"PLFS Year (Jul - Jun), 2022",Female,Rural,15-29 years,21,45-96,1.0,0.4,0.6,0.7,0.5,2.3,0.9,0.5,0.7,0.6,,205.0
India,"PLFS Year (Jul - Jun), 2022",Female,Rural,15-29 years,11-21,01-03,26.5,15.3,15.7,10.5,10.3,11.4,7.0,6.5,9.7,13.5,,4996.0
India,"PLFS Year (Jul - Jun), 2022",Female,Rural,15-29 years,11-21,01-96,29.1,18.8,20.2,14.2,15.0,17.5,13.2,9.1,14.2,17.6,,6507.0
India,"PLFS Year (Jul - Jun), 2022",Female,Rural,15-29 years,11-21,05-43,1.7,2.6,3.6,2.7,3.2,2.0,2.8,0.4,2.8,2.9,,1022.0
India,"PLFS Year (Jul - Jun), 2022",Female,Rural,15-29 years,11-21,45-96,1.0,1.0,0.8,1.1,1.4,4.2,3.3,2.1,1.7,1.3,,489.0
India,"PLFS Year (Jul - Jun), 2022",Female,Rural,15-29 years,31,01-03,0.8,0.3,0.1,0.0,0.0,0.0,0.1,0.0,0.0,0.2,,44.0
India,"PLFS Year (Jul - Jun), 2022",Female,Rural,15-29 years,31,01-99,1.5,1.0,0.9,1.1,2.0,21.8,8.0,19.1,3.5,2.2,,895.0
India,"PLFS Year (Jul - Jun), 2022",Female,Rural,15-29 years,31,05-43,0.4,0.2,0.3,0.3,0.4,2.5,0.5,0.1,0.4,0.3,,135.0
India,"PLFS Year (Jul - Jun), 2022",Female,Rural,15-29 years,31,45-99,0.4,0.5,0.4,0.8,1.6,19.3,7.4,19.0,3.0,1.7,,716.0
India,"PLFS Year (Jul - Jun), 2022",Female,Rural,15-29 years,41,,0.1,0.4,0.3,0.2,0.2,0.1,0.2,0.0,0.2,0.2,,111.0
India,"PLFS Year (Jul - Jun), 2022",Female,Rural,15-29 years,51,01-03,10.2,5.6,3.2,2.3,1.0,0.3,0.3,0.2,1.4,3.2,,791.0
India,"PLFS Year (Jul - Jun), 2022",Female,Rural,15-29 years,51,01-99,13.1,6.5,3.8,2.5,1.2,1.2,0.4,0.2,1.6,3.8,,982.0
India,"PLFS Year (Jul - Jun), 2022",Female,Rural,15-29 years,51,05-43,2.8,0.9,0.6,0.2,0.2,1.0,0.0,0.0,0.2,0.6,,165.0
India,"PLFS Year (Jul - Jun), 2022",Female,Rural,15-29 years,51,45-99,0.1,0.0,0.0,0.0,0.0,0.0,0.1,0.0,0.0,0.0,,26.0
India,"PLFS Year (Jul - Jun), 2022",Female,Rural,15-29 years,41 & 51,01-99,13.2,6.9,4.0,2.7,1.4,1.3,0.6,0.2,1.8,4.0,,1093.0
India,"PLFS Year (Jul - Jun), 2022",Female,Rural,15-29 years,11-51,01-03,37.5,21.1,19.0,12.8,11.3,11.6,7.5,6.7,11.1,16.8,,5837.0
India,"PLFS Year (Jul - Jun), 2022",Female,Rural,15-29 years,11-51,01-99,43.8,26.7,25.1,18.1,18.3,40.6,21.8,28.3,19.4,23.9,,8495.0
India,"PLFS Year (Jul - Jun), 2022",Female,Rural,15-29 years,11-51,05-43,4.9,4.1,4.7,3.4,4.0,5.5,3.5,0.5,3.6,4.1,,1424.0
India,"PLFS Year (Jul - Jun), 2022",Female,Rural,15-29 years,11-51,45-99,1.4,1.5,1.3,1.9,3.0,23.4,10.8,21.1,4.7,3.0,,1234.0
India,"PLFS Year (Jul - Jun), 2022",Female,Rural,15-29 years,81,,0.0,0.1,0.3,0.4,1.6,14.4,12.6,17.3,3.7,1.9,,786.0
India,"PLFS Year (Jul - Jun), 2022",Female,Rural,15-29 years,11-81,,43.8,26.8,25.3,18.5,19.9,55.0,34.4,45.6,23.1,25.8,,9281.0
India,"PLFS Year (Jul - Jun), 2022",Female,Rural,15-29 years,UR,,0.0,0.3,1.1,2.2,8.2,26.2,36.6,37.9,15.9,7.4,,
India,"PLFS Year (Jul - Jun), 2022",Female,Rural,15-29 years,91,,0.0,4.0,29.0,48.5,43.2,9.2,16.2,11.2,39.3,27.7,,9610.0
India,"PLFS Year (Jul - Jun), 2022",Female,Rural,15-29 years,92,,31.5,21.4,28.0,20.7,26.7,31.1,38.5,32.7,26.5,26.4,,7915.0
India,"PLFS Year (Jul - Jun), 2022",Female,Rural,15-29 years,93,,21.7,47.1,17.1,11.4,9.3,2.7,10.5,10.1,10.3,19.2,,3894.0
India,"PLFS Year (Jul - Jun), 2022",Female,Rural,15-29 years,94,,0.4,0.3,0.5,0.8,0.6,0.0,0.3,0.2,0.6,0.5,,111.0
India,"PLFS Year (Jul - Jun), 2022",Female,Rural,15-29 years,95,,2.6,0.5,0.1,0.1,0.2,0.1,0.0,0.1,0.1,0.4,,142.0
India,"PLFS Year (Jul - Jun), 2022",Female,Rural,15-29 years,97,,0.0,0.0,0.0,0.0,0.1,2.0,0.1,0.0,0.1,0.1,,24.0
India,"PLFS Year (Jul - Jun), 2022",Female,Rural,15-29 years,91-97,,56.2,73.2,74.7,81.5,80.1,45.0,65.6,54.4,76.9,74.2,,21696.0
India,"PLFS Year (Jul - Jun), 2022",Female,Rural,15-29 years,11-97,,100.0,100.0,100.0,100.0,100.0,100.0,100.0,100.0,100.0,100.0,,30977.0
India,"PLFS Year (Jul - Jun), 2022",Female,Rural,15 years and above,"11,12",01-03,11.3,10.0,7.2,4.6,3.0,4.8,2.0,2.8,3.5,8.2,,9332.0
India,"PLFS Year (Jul - Jun), 2022",Female,Rural,15 years and above,"11,12",01-96,13.0,14.0,11.1,8.3,7.3,11.4,7.0,5.3,7.7,11.4,,12969.0
India,"PLFS Year (Jul - Jun), 2022",Female,Rural,15 years and above,"11,12",05-43,1.0,2.9,3.1,3.0,2.9,2.3,2.4,0.2,2.7,2.2,,2442.0
India,"PLFS Year (Jul - Jun), 2022",Female,Rural,15 years and above,"11,12",45-96,0.6,1.1,0.8,0.8,1.4,4.2,2.6,2.3,1.4,0.9,,1195.0
India,"PLFS Year (Jul - Jun), 2022",Female,Rural,15 years and above,21,01-03,20.4,17.1,15.2,11.7,10.5,8.4,6.8,5.5,10.1,16.0,,15860.0
India,"PLFS Year (Jul - Jun), 2022",Female,Rural,15 years and above,21,01-96,21.4,19.1,17.1,13.5,11.8,10.2,8.1,6.7,11.6,17.5,,17169.0
India,"PLFS Year (Jul - Jun), 2022",Female,Rural,15 years and above,21,05-43,0.4,0.9,0.8,0.7,0.4,0.1,0.3,0.5,0.5,0.6,,469.0
India,"PLFS Year (Jul - Jun), 2022",Female,Rural,15 years and above,21,45-96,0.6,1.1,1.1,1.1,0.9,1.7,0.9,0.7,1.0,0.9,,840.0
India,"PLFS Year (Jul - Jun), 2022",Female,Rural,15 years and above,11-21,01-03,31.7,27.1,22.4,16.2,13.5,13.2,8.8,8.2,13.6,24.3,,25192.0
India,"PLFS Year (Jul - Jun), 2022",Female,Rural,15 years and above,11-21,01-96,34.3,33.0,28.1,21.9,19.1,21.5,15.1,12.0,19.3,28.9,,30138.0
India,"PLFS Year (Jul - Jun), 2022",Female,Rural,15 years and above,11-21,05-43,1.4,3.8,3.9,3.7,3.3,2.5,2.8,0.7,3.2,2.8,,2911.0
India,"PLFS Year (Jul - Jun), 2022",Female,Rural,15 years and above,11-21,45-96,1.2,2.2,1.9,1.9,2.3,5.9,3.5,3.0,2.4,1.9,,2035.0
India,"PLFS Year (Jul - Jun), 2022",Female,Rural,15 years and above,31,01-03,0.3,0.2,0.1,0.0,0.0,0.0,0.1,0.0,0.0,0.2,,191.0
India,"PLFS Year (Jul - Jun), 2022",Female,Rural,15 years and above,31,01-99,1.4,2.1,2.4,4.0,4.7,22.6,12.6,30.1,7.2,3.3,,3652.0
India,"PLFS Year (Jul - Jun), 2022",Female,Rural,15 years and above,31,05-43,0.3,0.5,0.6,0.5,0.6,1.8,0.4,0.3,0.5,0.4,,440.0
India,"PLFS Year (Jul - Jun), 2022",Female,Rural,15 years and above,31,45-99,0.8,1.4,1.7,3.4,4.1,20.8,12.1,29.8,6.6,2.6,,3021.0
India,"PLFS Year (Jul - Jun), 2022",Female,Rural,15 years and above,41,,1.2,1.4,1.1,0.7,0.4,0.9,0.3,0.1,0.5,1.0,,1325.0
India,"PLFS Year (Jul - Jun), 2022",Female,Rural,15 years and above,51,01-03,9.7,8.2,4.9,3.3,1.4,0.3,0.2,0.1,1.9,6.5,,4844.0
India,"PLFS Year (Jul - Jun), 2022",Female,Rural,15 years and above,51,01-99,11.3,9.8,5.7,3.7,1.6,1.1,0.3,0.1,2.2,7.5,,5812.0
India,"PLFS Year (Jul - Jun), 2022",Female,Rural,15 years and above,51,05-43,1.5,1.4,0.7,0.4,0.3,0.9,0.0,0.0,0.3,1.0,,839.0
India,"PLFS Year (Jul - Jun), 2022",Female,Rural,15 years and above,51,45-99,0.1,0.1,0.1,0.1,0.0,0.0,0.0,0.0,0.0,0.1,,129.0
India,"PLFS Year (Jul - Jun), 2022",Female,Rural,15 years and above,41 & 51,01-99,12.4,11.2,6.8,4.5,2.0,2.0,0.6,0.2,2.8,8.6,,7137.0
India,"PLFS Year (Jul - Jun), 2022",Female,Rural,15 years and above,11-51,01-03,41.8,35.8,27.7,19.7,14.9,13.7,9.1,8.3,15.7,31.0,,30448.0
India,"PLFS Year (Jul - Jun), 2022",Female,Rural,15 years and above,11-51,01-99,48.1,46.4,37.3,30.3,25.8,46.2,28.3,42.2,29.2,40.7,,40927.0
India,"PLFS Year (Jul - Jun), 2022",Female,Rural,15 years and above,11-51,05-43,4.2,6.9,6.0,5.2,4.4,5.7,3.5,1.1,4.5,5.1,,5274.0
India,"PLFS Year (Jul - Jun), 2022",Female,Rural,15 years and above,11-51,45-99,2.1,3.7,3.7,5.4,6.4,26.7,15.6,32.8,9.1,4.6,,5205.0
India,"PLFS Year (Jul - Jun), 2022",Female,Rural,15 years and above,81,,0.0,0.0,0.2,0.3,1.2,9.5,8.8,10.0,2.7,0.8,,915.0
India,"PLFS Year (Jul - Jun), 2022",Female,Rural,15 years and above,11-81,,48.1,46.4,37.5,30.7,27.0,55.6,37.0,52.2,31.9,41.5,,41842.0
India,"PLFS Year (Jul - Jun), 2022",Female,Rural,15 years and above,UR,,0.0,0.1,0.5,1.1,4.6,17.1,23.6,19.1,8.3,1.8,,
India,"PLFS Year (Jul - Jun), 2022",Female,Rural,15 years and above,91,,0.0,1.3,14.9,29.9,31.1,5.2,10.6,6.0,25.5,9.8,,9624.0
India,"PLFS Year (Jul - Jun), 2022",Female,Rural,15 years and above,92,,19.5,21.9,27.5,24.4,28.9,32.2,38.4,31.8,28.8,23.9,,21093.0
India,"PLFS Year (Jul - Jun), 2022",Female,Rural,15 years and above,93,,18.8,26.3,18.3,13.3,11.7,3.8,12.9,9.0,12.3,18.4,,11842.0
India,"PLFS Year (Jul - Jun), 2022",Female,Rural,15 years and above,94,,9.4,3.2,1.5,1.4,1.1,2.0,0.9,0.7,1.2,4.5,,4273.0
India,"PLFS Year (Jul - Jun), 2022",Female,Rural,15 years and above,95,,1.9,0.5,0.2,0.1,0.1,0.0,0.1,0.1,0.1,0.8,,840.0
India,"PLFS Year (Jul - Jun), 2022",Female,Rural,15 years and above,97,,2.2,0.5,0.1,0.1,0.1,1.1,0.1,0.2,0.1,0.9,,835.0
India,"PLFS Year (Jul - Jun), 2022",Female,Rural,15 years and above,91-97,,51.9,53.6,62.5,69.3,73.0,44.4,63.0,47.8,68.1,58.5,,48507.0
India,"PLFS Year (Jul - Jun), 2022",Female,Rural,15 years and above,11-97,,100.0,100.0,100.0,100.0,100.0,100.0,100.0,100.0,100.0,100.0,,90349.0
India,"PLFS Year (Jul - Jun), 2022",Female,Rural,all ages,"11,12",01-03,8.3,4.8,6.3,4.6,3.0,4.8,2.0,2.8,3.5,6.0,,9332.0
India,"PLFS Year (Jul - Jun), 2022",Female,Rural,all ages,"11,12",01-96,9.5,6.7,9.8,8.3,7.3,11.4,7.0,5.3,7.7,8.4,,12971.0
India,"PLFS Year (Jul - Jun), 2022",Female,Rural,all ages,"11,12",05-43,0.8,1.4,2.7,2.9,2.9,2.3,2.4,0.2,2.7,1.6,,2444.0
India,"PLFS Year (Jul - Jun), 2022",Female,Rural,all ages,"11,12",45-96,0.4,0.5,0.7,0.8,1.4,4.2,2.6,2.3,1.4,0.7,,1195.0
India,"PLFS Year (Jul - Jun), 2022",Female,Rural,all ages,21,01-03,14.9,8.3,13.5,11.6,10.5,8.4,6.8,5.5,10.1,11.8,,15917.0
India,"PLFS Year (Jul - Jun), 2022",Female,Rural,all ages,21,01-96,15.6,9.3,15.1,13.5,11.8,10.2,8.1,6.7,11.6,12.9,,17231.0
India,"PLFS Year (Jul - Jun), 2022",Female,Rural,all ages,21,05-43,0.3,0.4,0.7,0.7,0.4,0.1,0.3,0.5,0.5,0.4,,471.0
India,"PLFS Year (Jul - Jun), 2022",Female,Rural,all ages,21,45-96,0.5,0.5,1.0,1.1,0.9,1.7,0.9,0.7,1.0,0.7,,843.0
India,"PLFS Year (Jul - Jun), 2022",Female,Rural,all ages,11-21,01-03,23.2,13.1,19.8,16.2,13.5,13.2,8.8,8.2,13.6,17.8,,25249.0
India,"PLFS Year (Jul - Jun), 2022",Female,Rural,all ages,11-21,01-96,25.1,16.0,24.9,21.8,19.1,21.5,15.1,12.0,19.3,21.3,,30202.0
India,"PLFS Year (Jul - Jun), 2022",Female,Rural,all ages,11-21,05-43,1.0,1.8,3.4,3.7,3.3,2.5,2.8,0.7,3.2,2.1,,2915.0
India,"PLFS Year (Jul - Jun), 2022",Female,Rural,all ages,11-21,45-96,0.9,1.1,1.7,1.9,2.3,5.9,3.5,3.0,2.4,1.4,,2038.0
India,"PLFS Year (Jul - Jun), 2022",Female,Rural,all ages,31,01-03,0.2,0.1,0.1,0.0,0.0,0.0,0.1,0.0,0.0,0.1,,191.0
India,"PLFS Year (Jul - Jun), 2022",Female,Rural,all ages,31,01-99,1.0,1.0,2.1,4.0,4.7,22.6,12.6,30.1,7.2,2.4,,3654.0
India,"PLFS Year (Jul - Jun), 2022",Female,Rural,all ages,31,05-43,0.2,0.3,0.5,0.5,0.6,1.8,0.4,0.3,0.5,0.3,,441.0
India,"PLFS Year (Jul - Jun), 2022",Female,Rural,all ages,31,45-99,0.6,0.7,1.5,3.4,4.1,20.8,12.1,29.8,6.6,1.9,,3022.0
India,"PLFS Year (Jul - Jun), 2022",Female,Rural,all ages,41,,0.9,0.7,1.0,0.7,0.4,0.9,0.3,0.1,0.5,0.8,,1325.0
India,"PLFS Year (Jul - Jun), 2022",Female,Rural,all ages,51,01-03,7.1,4.0,4.3,3.3,1.4,0.3,0.2,0.1,1.9,4.7,,4852.0
India,"PLFS Year (Jul - Jun), 2022",Female,Rural,all ages,51,01-99,8.2,4.7,5.0,3.7,1.6,1.1,0.3,0.1,2.2,5.5,,5823.0
India,"PLFS Year (Jul - Jun), 2022",Female,Rural,all ages,51,05-43,1.1,0.7,0.6,0.4,0.3,0.9,0.0,0.0,0.3,0.7,,842.0
India,"PLFS Year (Jul - Jun), 2022",Female,Rural,all ages,51,45-99,0.1,0.1,0.1,0.1,0.0,0.0,0.0,0.0,0.0,0.1,,129.0
India,"PLFS Year (Jul - Jun), 2022",Female,Rural,all ages,41 & 51,01-99,9.1,5.4,6.0,4.5,2.0,2.0,0.6,0.2,2.7,6.3,,7148.0
India,"PLFS Year (Jul - Jun), 2022",Female,Rural,all ages,11-51,01-03,30.6,17.3,24.4,19.7,14.9,13.7,9.1,8.3,15.7,22.8,,30513.0
India,"PLFS Year (Jul - Jun), 2022",Female,Rural,all ages,11-51,01-99,35.2,22.4,33.0,30.3,25.8,46.2,28.3,42.2,29.2,30.0,,41004.0
India,"PLFS Year (Jul - Jun), 2022",Female,Rural,all ages,11-51,05-43,3.1,3.4,5.3,5.2,4.4,5.7,3.5,1.1,4.5,3.8,,5282.0
India,"PLFS Year (Jul - Jun), 2022",Female,Rural,all ages,11-51,45-99,1.6,1.8,3.3,5.4,6.4,26.7,15.6,32.8,9.1,3.4,,5209.0
India,"PLFS Year (Jul - Jun), 2022",Female,Rural,all ages,81,,0.0,0.0,0.2,0.3,1.2,9.5,8.8,10.0,2.7,0.6,,917.0
India,"PLFS Year (Jul - Jun), 2022",Female,Rural,all ages,11-81,,35.2,22.5,33.2,30.6,27.0,55.6,37.0,52.2,31.9,30.5,,41921.0
India,"PLFS Year (Jul - Jun), 2022",Female,Rural,all ages,UR,,0.0,0.1,0.6,1.1,4.6,17.1,23.6,19.1,8.3,1.8,,
India,"PLFS Year (Jul - Jun), 2022",Female,Rural,all ages,91,,3.5,51.1,24.6,30.0,31.1,5.2,10.6,6.0,25.6,25.0,,29523.0
India,"PLFS Year (Jul - Jun), 2022",Female,Rural,all ages,92,,14.4,10.8,24.5,24.4,28.9,32.2,38.4,31.8,28.8,17.7,,21208.0
India,"PLFS Year (Jul - Jun), 2022",Female,Rural,all ages,93,,13.8,12.8,16.2,13.3,11.7,3.8,12.9,9.0,12.3,13.6,,11877.0
India,"PLFS Year (Jul - Jun), 2022",Female,Rural,all ages,94,,6.8,1.5,1.3,1.4,1.1,2.0,0.9,0.7,1.2,3.3,,4273.0
India,"PLFS Year (Jul - Jun), 2022",Female,Rural,all ages,95,,1.5,0.3,0.2,0.1,0.1,0.0,0.1,0.1,0.1,0.7,,878.0
India,"PLFS Year (Jul - Jun), 2022",Female,Rural,all ages,97,,2.6,0.4,0.1,0.1,0.1,1.1,0.1,0.2,0.1,1.1,,1176.0
India,"PLFS Year (Jul - Jun), 2022",Female,Rural,all ages,99,,22.2,0.8,0.0,0.0,0.0,0.0,0.0,0.0,0.0,8.2,,9400.0
India,"PLFS Year (Jul - Jun), 2022",Female,Rural,all ages,91-99,,64.8,77.5,66.8,69.4,73.0,44.4,63.0,47.8,68.1,69.5,,78335.0
India,"PLFS Year (Jul - Jun), 2022",Female,Rural,all ages,11-99,,100.0,100.0,100.0,100.0,100.0,100.0,100.0,100.0,100.0,100.0,,120256.0
India,"PLFS Year (Jul - Jun), 2022",Persons,Rural,15-29 years,"11,12",01-03,7.8,3.3,3.5,3.1,2.7,3.3,3.3,1.9,3.0,3.4,,2427.0
India,"PLFS Year (Jul - Jun), 2022",Persons,Rural,15-29 years,"11,12",01-96,9.7,7.0,9.0,7.2,8.0,11.6,10.7,7.5,8.3,8.3,,6044.0
India,"PLFS Year (Jul - Jun), 2022",Persons,Rural,15-29 years,"11,12",05-43,1.1,1.9,2.7,1.9,2.1,3.4,1.9,0.4,2.0,2.1,,1507.0
India,"PLFS Year (Jul - Jun), 2022",Persons,Rural,15-29 years,"11,12",45-96,0.8,1.8,2.8,2.2,3.2,4.9,5.5,5.1,3.3,2.8,,2110.0
India,"PLFS Year (Jul - Jun), 2022",Persons,Rural,15-29 years,21,01-03,18.0,11.3,14.1,10.5,13.1,11.0,12.4,9.9,11.8,12.7,,8952.0
India,"PLFS Year (Jul - Jun), 2022",Persons,Rural,15-29 years,21,01-96,19.5,12.6,16.1,12.1,15.1,12.7,14.7,11.3,13.7,14.5,,10098.0
India,"PLFS Year (Jul - Jun), 2022",Persons,Rural,15-29 years,21,05-43,0.6,0.6,0.8,0.6,0.6,0.2,0.7,0.2,0.6,0.6,,410.0
India,"PLFS Year (Jul - Jun), 2022",Persons,Rural,15-29 years,21,45-96,0.9,0.8,1.1,1.0,1.3,1.5,1.6,1.1,1.3,1.1,,736.0
India,"PLFS Year (Jul - Jun), 2022",Persons,Rural,15-29 years,11-21,01-03,25.8,14.6,17.6,13.6,15.9,14.3,15.7,11.9,14.8,16.1,,11379.0
India,"PLFS Year (Jul - Jun), 2022",Persons,Rural,15-29 years,11-21,01-96,29.1,19.6,25.0,19.3,23.1,24.3,25.4,18.8,22.0,22.8,,16142.0
India,"PLFS Year (Jul - Jun), 2022",Persons,Rural,15-29 years,11-21,05-43,1.7,2.5,3.5,2.5,2.8,3.6,2.6,0.7,2.6,2.8,,1917.0
India,"PLFS Year (Jul - Jun), 2022",Persons,Rural,15-29 years,11-21,45-96,1.7,2.5,3.9,3.2,4.5,6.4,7.1,6.2,4.5,3.9,,2846.0
India,"PLFS Year (Jul - Jun), 2022",Persons,Rural,15-29 years,31,01-03,0.7,0.6,0.2,0.1,0.2,0.1,0.1,0.1,0.1,0.3,,145.0
India,"PLFS Year (Jul - Jun), 2022",Persons,Rural,15-29 years,31,01-99,3.3,4.0,5.5,4.3,6.2,32.2,15.4,23.9,8.3,6.6,,4844.0
India,"PLFS Year (Jul - Jun), 2022",Persons,Rural,15-29 years,31,05-43,1.2,1.5,2.4,1.7,2.3,16.7,3.2,2.8,2.7,2.3,,1545.0
India,"PLFS Year (Jul - Jun), 2022",Persons,Rural,15-29 years,31,45-99,1.4,1.9,3.0,2.4,3.8,15.4,12.0,21.1,5.5,4.0,,3154.0
India,"PLFS Year (Jul - Jun), 2022",Persons,Rural,15-29 years,41,,0.1,0.3,0.2,0.1,0.1,0.0,0.1,0.0,0.1,0.2,,158.0
India,"PLFS Year (Jul - Jun), 2022",Persons,Rural,15-29 years,51,01-03,10.9,6.6,3.8,2.2,1.6,1.3,1.0,0.1,1.7,3.5,,1858.0
India,"PLFS Year (Jul - Jun), 2022",Persons,Rural,15-29 years,51,01-99,24.0,32.7,13.0,6.9,4.8,7.3,3.0,0.6,5.3,12.7,,5929.0
India,"PLFS Year (Jul - Jun), 2022",Persons,Rural,15-29 years,51,05-43,12.8,25.5,8.6,4.1,3.0,4.7,1.4,0.4,3.1,8.7,,3683.0
India,"PLFS Year (Jul - Jun), 2022",Persons,Rural,15-29 years,51,45-99,0.4,0.7,0.6,0.6,0.3,1.3,0.6,0.1,0.5,0.5,,388.0
India,"PLFS Year (Jul - Jun), 2022",Persons,Rural,15-29 years,41 & 51,01-99,24.1,33.0,13.2,7.0,5.0,7.3,3.1,0.7,5.4,12.9,,6087.0
India,"PLFS Year (Jul - Jun), 2022",Persons,Rural,15-29 years,11-51,01-03,37.3,21.8,21.6,15.9,17.6,15.7,16.9,12.0,16.6,19.9,,13390.0
India,"PLFS Year (Jul - Jun), 2022",Persons,Rural,15-29 years,11-51,01-99,56.5,56.6,43.8,30.6,34.3,63.9,43.9,43.3,35.6,42.3,,27073.0
India,"PLFS Year (Jul - Jun), 2022",Persons,Rural,15-29 years,11-51,05-43,15.7,29.8,14.7,8.5,8.1,25.0,7.4,3.9,8.5,13.9,,7292.0
India,"PLFS Year (Jul - Jun), 2022",Persons,Rural,15-29 years,11-51,45-99,3.4,5.1,7.5,6.2,8.6,23.1,19.7,27.4,10.5,8.5,,6391.0
India,"PLFS Year (Jul - Jun), 2022",Persons,Rural,15-29 years,81,,0.4,0.7,2.0,1.7,3.1,16.9,16.7,22.0,5.8,3.7,,2736.0
India,"PLFS Year (Jul - Jun), 2022",Persons,Rural,15-29 years,11-81,,56.9,57.4,45.8,32.3,37.5,80.8,60.7,65.3,41.4,45.9,,29809.0
India,"PLFS Year (Jul - Jun), 2022",Persons,Rural,15-29 years,UR,,0.7,1.3,4.3,5.2,8.3,20.9,27.6,33.7,14.0,8.0,,
India,"PLFS Year (Jul - Jun), 2022",Persons,Rural,15-29 years,91,,0.0,4.9,30.9,51.4,45.2,11.1,16.5,8.9,40.7,30.2,,21450.0
India,"PLFS Year (Jul - Jun), 2022",Persons,Rural,15-29 years,92,,21.9,11.5,14.0,10.0,12.4,6.9,17.6,19.6,12.4,13.2,,8005.0
India,"PLFS Year (Jul - Jun), 2022",Persons,Rural,15-29 years,93,,14.6,24.9,8.5,5.5,4.3,0.6,4.8,5.9,4.8,9.5,,3941.0
India,"PLFS Year (Jul - Jun), 2022",Persons,Rural,15-29 years,94,,0.4,0.2,0.2,0.4,0.3,0.0,0.2,0.1,0.3,0.3,,122.0
India,"PLFS Year (Jul - Jun), 2022",Persons,Rural,15-29 years,95,,5.0,0.7,0.3,0.2,0.2,0.0,0.0,0.1,0.2,0.5,,403.0
India,"PLFS Year (Jul - Jun), 2022",Persons,Rural,15-29 years,97,,1.3,0.5,0.3,0.1,0.2,0.6,0.1,0.0,0.2,0.3,,169.0
India,"PLFS Year (Jul - Jun), 2022",Persons,Rural,15-29 years,91-97,,43.1,42.6,54.2,67.7,62.5,19.2,39.3,34.7,58.6,54.1,,34090.0
India,"PLFS Year (Jul - Jun), 2022",Persons,Rural,15-29 years,11-97,,100.0,100.0,100.0,100.0,100.0,100.0,100.0,100.0,100.0,100.0,,63899.0
India,"PLFS Year (Jul - Jun), 2022",Persons,Rural,15 years and above,"11,12",01-03,22.4,18.1,14.8,12.8,9.9,6.9,9.2,7.4,10.8,16.3,,30068.0
India,"PLFS Year (Jul - Jun), 2022",Persons,Rural,15 years and above,"11,12",01-96,25.9,27.2,25.4,22.3,19.2,19.0,21.2,17.4,20.8,24.4,,46509.0
India,"PLFS Year (Jul - Jun), 2022",Persons,Rural,15 years and above,"11,12",05-43,1.5,3.9,4.3,3.5,3.1,4.9,2.8,1.5,3.2,3.1,,6092.0
India,"PLFS Year (Jul - Jun), 2022",Persons,Rural,15 years and above,"11,12",45-96,1.9,5.1,6.3,5.9,6.3,7.1,9.3,8.5,6.8,5.0,,10349.0
India,"PLFS Year (Jul - Jun), 2022",Persons,Rural,15 years and above,21,01-03,13.9,10.8,11.8,9.7,11.9,8.8,9.8,5.9,10.3,11.7,,22754.0
India,"PLFS Year (Jul - Jun), 2022",Persons,Rural,15 years and above,21,01-96,14.7,12.1,13.3,11.3,13.7,10.2,11.5,7.4,11.9,13.0,,25115.0
India,"PLFS Year (Jul - Jun), 2022",Persons,Rural,15 years and above,21,05-43,0.3,0.5,0.6,0.6,0.5,0.2,0.5,0.3,0.5,0.5,,784.0
India,"PLFS Year (Jul - Jun), 2022",Persons,Rural,15 years and above,21,45-96,0.5,0.8,1.0,1.0,1.3,1.1,1.2,1.1,1.1,0.9,,1577.0
India,"PLFS Year (Jul - Jun), 2022",Persons,Rural,15 years and above,11-21,01-03,36.4,29.0,26.6,22.6,21.7,15.7,19.0,13.3,21.1,28.0,,52822.0
India,"PLFS Year (Jul - Jun), 2022",Persons,Rural,15 years and above,11-21,01-96,40.6,39.3,38.7,33.6,32.9,29.1,32.7,24.8,32.7,37.4,,71624.0
India,"PLFS Year (Jul - Jun), 2022",Persons,Rural,15 years and above,11-21,05-43,1.8,4.4,4.8,4.1,3.6,5.2,3.3,1.8,3.7,3.6,,6876.0
India,"PLFS Year (Jul - Jun), 2022",Persons,Rural,15 years and above,11-21,45-96,2.4,5.9,7.3,6.9,7.6,8.2,10.5,9.6,7.9,5.9,,11926.0
India,"PLFS Year (Jul - Jun), 2022",Persons,Rural,15 years and above,31,01-03,0.4,0.5,0.2,0.1,0.2,0.1,0.1,0.1,0.1,0.3,,600.0
India,"PLFS Year (Jul - Jun), 2022",Persons,Rural,15 years and above,31,01-99,2.1,4.6,6.9,7.8,10.0,34.7,23.0,39.8,13.4,7.2,,15464.0
India,"PLFS Year (Jul - Jun), 2022",Persons,Rural,15 years and above,31,05-43,0.7,1.7,2.8,2.5,2.7,17.1,3.9,2.9,3.3,2.2,,4004.0
India,"PLFS Year (Jul - Jun), 2022",Persons,Rural,15 years and above,31,45-99,1.0,2.4,3.9,5.2,7.1,17.6,19.0,36.7,10.0,4.8,,10860.0
India,"PLFS Year (Jul - Jun), 2022",Persons,Rural,15 years and above,41,,0.9,0.9,0.6,0.3,0.2,0.2,0.1,0.1,0.2,0.6,,1562.0
India,"PLFS Year (Jul - Jun), 2022",Persons,Rural,15 years and above,51,01-03,10.2,8.8,5.2,3.4,2.1,0.9,0.8,0.1,2.3,6.3,,9521.0
India,"PLFS Year (Jul - Jun), 2022",Persons,Rural,15 years and above,51,01-99,16.0,23.5,15.0,9.3,5.8,6.4,2.4,0.6,6.4,14.1,,21805.0
India,"PLFS Year (Jul - Jun), 2022",Persons,Rural,15 years and above,51,05-43,5.6,13.9,9.1,5.4,3.3,4.7,1.2,0.3,3.7,7.3,,11264.0
India,"PLFS Year (Jul - Jun), 2022",Persons,Rural,15 years and above,51,45-99,0.3,0.8,0.7,0.6,0.4,0.8,0.4,0.2,0.5,0.5,,1020.0
India,"PLFS Year (Jul - Jun), 2022",Persons,Rural,15 years and above,41 & 51,01-99,16.9,24.4,15.5,9.7,6.0,6.7,2.6,0.6,6.7,14.8,,23367.0
India,"PLFS Year (Jul - Jun), 2022",Persons,Rural,15 years and above,11-51,01-03,47.0,38.3,32.1,26.1,24.1,16.8,19.9,13.6,23.5,34.7,,63194.0
India,"PLFS Year (Jul - Jun), 2022",Persons,Rural,15 years and above,11-51,01-99,59.5,68.3,61.2,51.1,48.9,70.5,58.3,65.2,52.8,59.4,,110455.0
India,"PLFS Year (Jul - Jun), 2022",Persons,Rural,15 years and above,11-51,05-43,8.9,20.8,17.1,12.2,9.7,27.1,8.5,5.1,10.9,13.5,,23435.0
India,"PLFS Year (Jul - Jun), 2022",Persons,Rural,15 years and above,11-51,45-99,3.6,9.2,11.9,12.7,15.1,26.6,29.9,46.4,18.4,11.2,,23826.0
India,"PLFS Year (Jul - Jun), 2022",Persons,Rural,15 years and above,81,,0.0,0.3,1.0,1.0,2.2,11.3,10.1,10.1,3.7,1.5,,3087.0
India,"PLFS Year (Jul - Jun), 2022",Persons,Rural,15 years and above,11-81,,59.5,68.5,62.2,52.1,51.0,81.8,68.4,75.3,56.5,60.8,,113542.0
India,"PLFS Year (Jul - Jun), 2022",Persons,Rural,15 years and above,UR,,0.1,0.4,1.6,2.0,4.3,13.8,14.8,13.4,6.6,2.4,,
India,"PLFS Year (Jul - Jun), 2022",Persons,Rural,15 years and above,91,,0.0,1.4,14.3,28.5,29.6,6.7,9.2,4.1,23.7,10.9,,21475.0
India,"PLFS Year (Jul - Jun), 2022",Persons,Rural,15 years and above,92,,13.0,11.2,12.5,10.7,12.3,7.9,15.0,14.4,12.1,12.2,,21574.0
India,"PLFS Year (Jul - Jun), 2022",Persons,Rural,15 years and above,93,,12.2,13.1,8.2,5.8,5.0,0.9,5.0,4.1,5.2,9.3,,11976.0
India,"PLFS Year (Jul - Jun), 2022",Persons,Rural,15 years and above,94,,9.9,3.7,1.8,2.3,1.5,2.0,1.9,1.8,1.9,4.5,,8307.0
India,"PLFS Year (Jul - Jun), 2022",Persons,Rural,15 years and above,95,,2.7,1.1,0.7,0.4,0.3,0.1,0.2,0.1,0.3,1.2,,2300.0
India,"PLFS Year (Jul - Jun), 2022",Persons,Rural,15 years and above,97,,2.7,0.9,0.5,0.3,0.2,0.4,0.2,0.3,0.3,1.1,,1875.0
India,"PLFS Year (Jul - Jun), 2022",Persons,Rural,15 years and above,91-97,,40.5,31.5,37.8,47.9,49.0,18.2,31.6,24.7,43.5,39.2,,67507.0
India,"PLFS Year (Jul - Jun), 2022",Persons,Rural,15 years and above,11-97,,100.0,100.0,100.0,100.0,100.0,100.0,100.0,100.0,100.0,100.0,,181049.0
India,"PLFS Year (Jul - Jun), 2022",Persons,Rural,all ages,"11,12",01-03,14.4,8.4,13.2,12.8,9.9,6.9,9.2,7.4,10.8,11.6,,30070.0
India,"PLFS Year (Jul - Jun), 2022",Persons,Rural,all ages,"11,12",01-96,16.6,12.6,22.6,22.3,19.2,19.0,21.2,17.4,20.8,17.3,,46513.0
India,"PLFS Year (Jul - Jun), 2022",Persons,Rural,all ages,"11,12",05-43,1.0,1.8,3.8,3.5,3.1,4.9,2.8,1.5,3.2,2.2,,6094.0
India,"PLFS Year (Jul - Jun), 2022",Persons,Rural,all ages,"11,12",45-96,1.2,2.4,5.6,5.9,6.3,7.1,9.3,8.5,6.8,3.6,,10349.0
India,"PLFS Year (Jul - Jun), 2022",Persons,Rural,all ages,21,01-03,8.9,5.1,10.6,9.7,11.9,8.8,9.8,5.9,10.3,8.4,,22901.0
India,"PLFS Year (Jul - Jun), 2022",Persons,Rural,all ages,21,01-96,9.4,5.7,12.0,11.3,13.7,10.2,11.5,7.4,11.9,9.3,,25284.0
India,"PLFS Year (Jul - Jun), 2022",Persons,Rural,all ages,21,05-43,0.2,0.3,0.5,0.6,0.5,0.2,0.5,0.3,0.5,0.3,,789.0
India,"PLFS Year (Jul - Jun), 2022",Persons,Rural,all ages,21,45-96,0.3,0.4,0.9,1.0,1.3,1.1,1.2,1.1,1.1,0.6,,1594.0
India,"PLFS Year (Jul - Jun), 2022",Persons,Rural,all ages,11-21,01-03,23.3,13.5,23.8,22.6,21.7,15.7,19.0,13.3,21.0,20.0,,52971.0
India,"PLFS Year (Jul - Jun), 2022",Persons,Rural,all ages,11-21,01-96,26.0,18.3,34.6,33.6,32.9,29.1,32.7,24.8,32.7,26.7,,71797.0
India,"PLFS Year (Jul - Jun), 2022",Persons,Rural,all ages,11-21,05-43,1.2,2.0,4.3,4.1,3.6,5.2,3.3,1.8,3.7,2.5,,6883.0
India,"PLFS Year (Jul - Jun), 2022",Persons,Rural,all ages,11-21,45-96,1.5,2.7,6.5,6.9,7.6,8.2,10.5,9.6,7.9,4.2,,11943.0
India,"PLFS Year (Jul - Jun), 2022",Persons,Rural,all ages,31,01-03,0.2,0.2,0.2,0.1,0.2,0.1,0.1,0.1,0.1,0.2,,600.0
India,"PLFS Year (Jul - Jun), 2022",Persons,Rural,all ages,31,01-99,1.3,2.1,6.2,7.8,10.0,34.7,23.0,39.8,13.4,5.1,,15470.0
India,"PLFS Year (Jul - Jun), 2022",Persons,Rural,all ages,31,05-43,0.5,0.8,2.5,2.5,2.7,17.1,3.9,2.9,3.3,1.5,,4007.0
India,"PLFS Year (Jul - Jun), 2022",Persons,Rural,all ages,31,45-99,0.6,1.1,3.5,5.2,7.1,17.6,19.0,36.7,10.0,3.4,,10863.0
India,"PLFS Year (Jul - Jun), 2022",Persons,Rural,all ages,41,,0.6,0.4,0.5,0.3,0.2,0.2,0.1,0.1,0.2,0.4,,1562.0
India,"PLFS Year (Jul - Jun), 2022",Persons,Rural,all ages,51,01-03,6.5,4.1,4.6,3.4,2.1,0.9,0.8,0.1,2.3,4.5,,9533.0
India,"PLFS Year (Jul - Jun), 2022",Persons,Rural,all ages,51,01-99,10.3,10.9,13.4,9.3,5.8,6.4,2.4,0.6,6.4,10.1,,21826.0
India,"PLFS Year (Jul - Jun), 2022",Persons,Rural,all ages,51,05-43,3.6,6.4,8.1,5.4,3.3,4.7,1.2,0.3,3.7,5.2,,11271.0
India,"PLFS Year (Jul - Jun), 2022",Persons,Rural,all ages,51,45-99,0.2,0.4,0.6,0.6,0.4,0.8,0.4,0.2,0.5,0.4,,1022.0
India,"PLFS Year (Jul - Jun), 2022",Persons,Rural,all ages,41 & 51,01-99,10.8,11.3,13.9,9.7,6.0,6.7,2.6,0.6,6.7,10.5,,23388.0
India,"PLFS Year (Jul - Jun), 2022",Persons,Rural,all ages,11-51,01-03,30.2,17.8,28.8,26.1,24.1,16.8,19.9,13.6,23.5,24.7,,63355.0
India,"PLFS Year (Jul - Jun), 2022",Persons,Rural,all ages,11-51,01-99,38.2,31.7,54.6,51.0,48.9,70.5,58.3,65.2,52.8,42.3,,110655.0
India,"PLFS Year (Jul - Jun), 2022",Persons,Rural,all ages,11-51,05-43,5.7,9.6,15.3,12.2,9.7,27.1,8.5,5.1,10.8,9.6,,23452.0
India,"PLFS Year (Jul - Jun), 2022",Persons,Rural,all ages,11-51,45-99,2.3,4.2,10.6,12.7,15.1,26.6,29.9,46.4,18.4,8.0,,23848.0
India,"PLFS Year (Jul - Jun), 2022",Persons,Rural,all ages,81,,0.0,0.1,0.9,1.0,2.2,11.3,10.1,10.1,3.7,1.1,,3096.0
India,"PLFS Year (Jul - Jun), 2022",Persons,Rural,all ages,11-81,,38.2,31.8,55.6,52.1,51.0,81.8,68.4,75.3,56.5,43.4,,113751.0
India,"PLFS Year (Jul - Jun), 2022",Persons,Rural,all ages,UR,,0.1,0.4,1.6,2.0,4.3,13.8,14.8,13.4,6.6,2.4,,
India,"PLFS Year (Jul - Jun), 2022",Persons,Rural,all ages,91,,4.3,53.3,23.3,28.5,29.6,6.7,9.2,4.1,23.7,26.5,,63665.0
India,"PLFS Year (Jul - Jun), 2022",Persons,Rural,all ages,92,,8.4,5.3,11.2,10.7,12.3,7.9,15.0,14.4,12.1,8.8,,21714.0
India,"PLFS Year (Jul - Jun), 2022",Persons,Rural,all ages,93,,7.9,6.1,7.3,5.8,5.0,0.9,5.0,4.1,5.2,6.6,,12020.0
India,"PLFS Year (Jul - Jun), 2022",Persons,Rural,all ages,94,,6.4,1.7,1.6,2.3,1.5,2.0,1.9,1.8,1.9,3.2,,8309.0
India,"PLFS Year (Jul - Jun), 2022",Persons,Rural,all ages,95,,1.8,0.5,0.6,0.4,0.3,0.1,0.2,0.1,0.3,0.9,,2395.0
India,"PLFS Year (Jul - Jun), 2022",Persons,Rural,all ages,97,,2.9,0.5,0.4,0.3,0.2,0.4,0.2,0.3,0.3,1.2,,2577.0
India,"PLFS Year (Jul - Jun), 2022",Persons,Rural,all ages,99,,30.1,0.7,0.0,0.0,0.0,0.0,0.0,0.0,0.0,9.5,,19540.0
India,"PLFS Year (Jul - Jun), 2022",Persons,Rural,all ages,91-99,,61.8,68.2,44.4,47.9,49.0,18.2,31.6,24.7,43.5,56.6,,130220.0
India,"PLFS Year (Jul - Jun), 2022",Persons,Rural,all ages,11-99,,100.0,100.0,100.0,100.0,100.0,100.0,100.0,100.0,100.0,100.0,,243971.0
India,"PLFS Year (Jul - Jun), 2022",Male,Urban,15-29 years,"11,12",01-03,0.4,0.3,0.4,0.2,0.2,0.3,0.3,0.1,0.2,0.3,,89.0
India,"PLFS Year (Jul - Jun), 2022",Male,Urban,15-29 years,"11,12",01-96,14.5,14.1,9.9,6.7,7.4,9.0,9.0,9.4,7.8,8.8,,2227.0
India,"PLFS Year (Jul - Jun), 2022",Male,Urban,15-29 years,"11,12",05-43,3.4,3.6,2.0,1.7,1.5,2.9,1.4,1.2,1.6,1.9,,464.0
India,"PLFS Year (Jul - Jun), 2022",Male,Urban,15-29 years,"11,12",45-96,10.7,10.1,7.4,4.8,5.7,5.9,7.4,8.1,6.0,6.7,,1674.0
India,"PLFS Year (Jul - Jun), 2022",Male,Urban,15-29 years,21,01-03,1.0,1.0,0.6,0.8,0.7,0.5,0.8,0.8,0.8,0.8,,256.0
India,"PLFS Year (Jul - Jun), 2022",Male,Urban,15-29 years,21,01-96,7.3,7.4,4.9,5.2,5.1,4.0,6.2,5.2,5.4,5.5,,1478.0
India,"PLFS Year (Jul - Jun), 2022",Male,Urban,15-29 years,21,05-43,1.4,2.4,1.4,1.2,0.9,1.9,1.3,1.8,1.2,1.3,,328.0
India,"PLFS Year (Jul - Jun), 2022",Male,Urban,15-29 years,21,45-96,4.8,4.0,2.9,3.2,3.5,1.5,4.0,2.6,3.4,3.4,,894.0
India,"PLFS Year (Jul - Jun), 2022",Male,Urban,15-29 years,11-21,01-03,1.4,1.4,1.0,0.9,0.9,0.8,1.1,0.8,1.0,1.0,,345.0
India,"PLFS Year (Jul - Jun), 2022",Male,Urban,15-29 years,11-21,01-96,21.7,21.5,14.8,11.9,12.5,13.0,15.2,14.5,13.2,14.3,,3705.0
India,"PLFS Year (Jul - Jun), 2022",Male,Urban,15-29 years,11-21,05-43,4.8,6.0,3.5,2.9,2.4,4.8,2.7,3.0,2.8,3.2,,792.0
India,"PLFS Year (Jul - Jun), 2022",Male,Urban,15-29 years,11-21,45-96,15.5,14.1,10.3,8.1,9.2,7.4,11.3,10.7,9.5,10.1,,2568.0
India,"PLFS Year (Jul - Jun), 2022",Male,Urban,15-29 years,31,01-03,0.2,0.3,0.0,0.1,0.1,0.0,0.1,0.0,0.1,0.1,,22.0
India,"PLFS Year (Jul - Jun), 2022",Male,Urban,15-29 years,31,01-99,23.3,33.9,28.5,18.5,17.8,55.2,42.4,51.4,27.8,28.2,,6330.0
India,"PLFS Year (Jul - Jun), 2022",Male,Urban,15-29 years,31,05-43,8.1,16.0,13.3,7.9,6.1,31.4,9.7,7.3,8.8,10.2,,2045.0
India,"PLFS Year (Jul - Jun), 2022",Male,Urban,15-29 years,31,45-99,14.9,17.6,15.2,10.6,11.6,23.7,32.6,44.0,18.9,18.0,,4263.0
India,"PLFS Year (Jul - Jun), 2022",Male,Urban,15-29 years,41,,0.0,0.3,0.0,0.0,0.0,0.0,0.0,0.0,0.0,0.0,,8.0
India,"PLFS Year (Jul - Jun), 2022",Male,Urban,15-29 years,51,01-03,0.6,1.1,0.7,0.3,0.1,0.1,0.0,0.0,0.1,0.3,,65.0
India,"PLFS Year (Jul - Jun), 2022",Male,Urban,15-29 years,51,01-99,33.6,25.5,13.3,6.3,3.1,4.4,1.2,0.3,3.4,7.8,,1841.0
India,"PLFS Year (Jul - Jun), 2022",Male,Urban,15-29 years,51,05-43,28.6,18.7,10.1,4.9,2.1,3.5,0.9,0.2,2.6,5.9,,1454.0
India,"PLFS Year (Jul - Jun), 2022",Male,Urban,15-29 years,51,45-99,4.5,5.7,2.5,1.1,1.0,0.9,0.2,0.2,0.8,1.6,,322.0
India,"PLFS Year (Jul - Jun), 2022",Male,Urban,15-29 years,41 & 51,01-99,33.6,25.7,13.3,6.3,3.1,4.4,1.2,0.3,3.4,7.8,,1849.0
India,"PLFS Year (Jul - Jun), 2022",Male,Urban,15-29 years,11-51,01-03,2.2,2.7,1.8,1.3,1.0,0.9,1.2,0.8,1.1,1.4,,432.0
India,"PLFS Year (Jul - Jun), 2022",Male,Urban,15-29 years,11-51,01-99,78.7,81.1,56.6,36.8,33.5,72.6,58.8,66.2,44.4,50.3,,11884.0
India,"PLFS Year (Jul - Jun), 2022",Male,Urban,15-29 years,11-51,05-43,41.5,40.9,26.9,15.7,10.6,39.8,13.3,10.5,14.1,19.3,,4299.0
India,"PLFS Year (Jul - Jun), 2022",Male,Urban,15-29 years,11-51,45-99,34.9,37.4,27.9,19.8,21.8,32.0,44.2,54.8,29.1,29.6,,7153.0
India,"PLFS Year (Jul - Jun), 2022",Male,Urban,15-29 years,81,,5.0,4.5,4.1,3.1,4.3,15.6,20.1,25.7,9.6,8.1,,2183.0
India,"PLFS Year (Jul - Jun), 2022",Male,Urban,15-29 years,11-81,,83.6,85.6,60.7,39.9,37.7,88.2,78.9,91.9,54.0,58.4,,14067.0
India,"PLFS Year (Jul - Jun), 2022",Male,Urban,15-29 years,UR,,6.0,5.3,6.8,7.8,11.4,17.7,25.5,27.9,17.8,13.8,,
India,"PLFS Year (Jul - Jun), 2022",Male,Urban,15-29 years,91,,0.0,9.5,37.1,59.1,61.5,11.5,20.2,7.3,45.1,39.8,,10289.0
India,"PLFS Year (Jul - Jun), 2022",Male,Urban,15-29 years,92,,0.9,0.5,0.4,0.1,0.2,0.0,0.3,0.0,0.2,0.3,,81.0
India,"PLFS Year (Jul - Jun), 2022",Male,Urban,15-29 years,93,,0.1,0.2,0.0,0.0,0.0,0.0,0.0,0.0,0.0,0.0,,21.0
India,"PLFS Year (Jul - Jun), 2022",Male,Urban,15-29 years,94,,0.0,0.0,0.0,0.0,0.0,0.0,0.1,0.0,0.0,0.0,,7.0
India,"PLFS Year (Jul - Jun), 2022",Male,Urban,15-29 years,95,,12.9,1.8,0.5,0.3,0.1,0.0,0.1,0.2,0.2,0.7,,160.0
India,"PLFS Year (Jul - Jun), 2022",Male,Urban,15-29 years,97,,2.5,2.3,1.1,0.6,0.4,0.2,0.5,0.6,0.5,0.8,,168.0
India,"PLFS Year (Jul - Jun), 2022",Male,Urban,15-29 years,91-97,,16.4,14.4,39.3,60.1,62.3,11.8,21.1,8.1,46.0,41.6,,10726.0
India,"PLFS Year (Jul - Jun), 2022",Male,Urban,15-29 years,11-97,,100.0,100.0,100.0,100.0,100.0,100.0,100.0,100.0,100.0,100.0,,24793.0
India,"PLFS Year (Jul - Jun), 2022",Male,Urban,15 years and above,"11,12",01-03,4.5,2.9,2.6,1.8,1.5,1.8,1.3,1.1,1.5,2.1,,1880.0
India,"PLFS Year (Jul - Jun), 2022",Male,Urban,15 years and above,"11,12",01-96,27.5,29.4,27.7,24.2,21.5,19.8,22.5,19.1,22.2,24.6,,18268.0
India,"PLFS Year (Jul - Jun), 2022",Male,Urban,15 years and above,"11,12",05-43,6.8,8.1,6.6,5.5,4.2,5.8,3.5,2.4,4.2,5.4,,3874.0
India,"PLFS Year (Jul - Jun), 2022",Male,Urban,15 years and above,"11,12",45-96,16.2,18.5,18.5,16.9,15.8,12.3,17.7,15.7,16.5,17.1,,12514.0
India,"PLFS Year (Jul - Jun), 2022",Male,Urban,15 years and above,21,01-03,0.2,0.5,0.4,0.4,0.5,0.2,0.5,0.2,0.5,0.4,,393.0
India,"PLFS Year (Jul - Jun), 2022",Male,Urban,15 years and above,21,01-96,1.9,2.5,3.0,3.4,4.1,2.5,4.2,2.7,3.7,3.3,,2436.0
India,"PLFS Year (Jul - Jun), 2022",Male,Urban,15 years and above,21,05-43,0.5,0.7,0.9,0.7,0.7,1.2,0.8,0.8,0.8,0.8,,533.0
India,"PLFS Year (Jul - Jun), 2022",Male,Urban,15 years and above,21,45-96,1.1,1.3,1.6,2.3,2.9,1.1,2.8,1.7,2.5,2.1,,1510.0
India,"PLFS Year (Jul - Jun), 2022",Male,Urban,15 years and above,11-21,01-03,4.7,3.4,3.0,2.3,2.1,2.0,1.9,1.3,2.0,2.6,,2273.0
India,"PLFS Year (Jul - Jun), 2022",Male,Urban,15 years and above,11-21,01-96,29.3,31.9,30.7,27.6,25.6,22.4,26.7,21.7,26.0,27.9,,20704.0
India,"PLFS Year (Jul - Jun), 2022",Male,Urban,15 years and above,11-21,05-43,7.3,8.7,7.5,6.2,4.9,6.9,4.3,3.1,5.0,6.1,,4407.0
India,"PLFS Year (Jul - Jun), 2022",Male,Urban,15 years and above,11-21,45-96,17.3,19.8,20.2,19.1,18.7,13.5,20.5,17.3,19.0,19.2,,14024.0
India,"PLFS Year (Jul - Jun), 2022",Male,Urban,15 years and above,31,01-03,0.3,0.3,0.2,0.2,0.1,0.2,0.1,0.2,0.1,0.2,,153.0
India,"PLFS Year (Jul - Jun), 2022",Male,Urban,15 years and above,31,01-99,18.9,27.1,31.4,27.3,26.6,51.5,46.4,58.4,37.3,33.4,,22232.0
India,"PLFS Year (Jul - Jun), 2022",Male,Urban,15 years and above,31,05-43,9.7,12.4,13.6,10.4,9.1,29.0,10.6,8.2,10.8,11.5,,6718.0
India,"PLFS Year (Jul - Jun), 2022",Male,Urban,15 years and above,31,45-99,9.0,14.3,17.5,16.7,17.4,22.3,35.7,50.0,26.4,21.8,,15361.0
India,"PLFS Year (Jul - Jun), 2022",Male,Urban,15 years and above,41,,0.3,0.1,0.0,0.0,0.0,0.0,0.0,0.0,0.0,0.0,,31.0
India,"PLFS Year (Jul - Jun), 2022",Male,Urban,15 years and above,51,01-03,2.2,1.5,0.7,0.4,0.1,0.0,0.0,0.0,0.1,0.6,,360.0
India,"PLFS Year (Jul - Jun), 2022",Male,Urban,15 years and above,51,01-99,23.4,22.5,14.6,7.2,3.7,3.9,0.9,0.2,3.4,9.6,,6317.0
India,"PLFS Year (Jul - Jun), 2022",Male,Urban,15 years and above,51,05-43,18.0,16.0,11.2,5.5,2.6,3.3,0.6,0.1,2.5,7.2,,4860.0
India,"PLFS Year (Jul - Jun), 2022",Male,Urban,15 years and above,51,45-99,3.3,5.0,2.8,1.4,0.9,0.6,0.3,0.0,0.7,1.9,,1097.0
India,"PLFS Year (Jul - Jun), 2022",Male,Urban,15 years and above,41 & 51,01-99,23.7,22.6,14.6,7.2,3.7,3.9,0.9,0.2,3.4,9.6,,6348.0
India,"PLFS Year (Jul - Jun), 2022",Male,Urban,15 years and above,11-51,01-03,7.2,5.2,3.9,2.8,2.3,2.2,2.0,1.5,2.3,3.3,,2793.0
India,"PLFS Year (Jul - Jun), 2022",Male,Urban,15 years and above,11-51,01-99,72.0,81.6,76.7,62.1,55.9,77.7,74.0,80.3,66.7,71.0,,49284.0
India,"PLFS Year (Jul - Jun), 2022",Male,Urban,15 years and above,11-51,05-43,35.1,37.3,32.3,22.1,16.7,39.2,15.5,11.4,18.3,24.8,,16009.0
India,"PLFS Year (Jul - Jun), 2022",Male,Urban,15 years and above,11-51,45-99,29.6,39.1,40.5,37.3,36.9,36.4,56.4,67.4,46.2,42.9,,30482.0
India,"PLFS Year (Jul - Jun), 2022",Male,Urban,15 years and above,81,,1.0,1.1,1.7,1.7,3.0,7.8,8.3,6.4,4.9,3.5,,2657.0
India,"PLFS Year (Jul - Jun), 2022",Male,Urban,15 years and above,11-81,,72.9,82.7,78.4,63.8,58.9,85.5,82.3,86.7,71.6,74.5,,51941.0
India,"PLFS Year (Jul - Jun), 2022",Male,Urban,15 years and above,UR,,1.3,1.3,2.2,2.6,5.1,9.1,10.1,7.3,6.8,4.7,,
India,"PLFS Year (Jul - Jun), 2022",Male,Urban,15 years and above,91,,0.0,1.9,12.6,25.3,35.0,4.9,7.2,1.6,18.9,14.0,,10313.0
India,"PLFS Year (Jul - Jun), 2022",Male,Urban,15 years and above,92,,3.1,1.5,1.1,0.8,0.6,0.7,0.7,0.9,0.7,1.1,,701.0
India,"PLFS Year (Jul - Jun), 2022",Male,Urban,15 years and above,93,,0.2,0.2,0.1,0.1,0.0,0.0,0.0,0.0,0.0,0.1,,94.0
India,"PLFS Year (Jul - Jun), 2022",Male,Urban,15 years and above,94,,12.4,9.6,5.4,8.1,4.6,7.9,8.8,9.8,7.6,7.8,,5582.0
India,"PLFS Year (Jul - Jun), 2022",Male,Urban,15 years and above,95,,6.6,2.3,1.2,0.9,0.4,0.3,0.4,0.3,0.5,1.3,,952.0
India,"PLFS Year (Jul - Jun), 2022",Male,Urban,15 years and above,97,,4.7,1.8,1.3,1.0,0.5,0.7,0.6,0.7,0.7,1.3,,849.0
India,"PLFS Year (Jul - Jun), 2022",Male,Urban,15 years and above,91-97,,27.1,17.3,21.6,36.2,41.1,14.5,17.7,13.3,28.4,25.5,,18491.0
India,"PLFS Year (Jul - Jun), 2022",Male,Urban,15 years and above,11-97,,100.0,100.0,100.0,100.0,100.0,100.0,100.0,100.0,100.0,100.0,,70432.0
India,"PLFS Year (Jul - Jun), 2022",Male,Urban,all ages,"11,12",01-03,2.0,1.3,2.4,1.8,1.5,1.8,1.3,1.1,1.5,1.7,,1880.0
India,"PLFS Year (Jul - Jun), 2022",Male,Urban,all ages,"11,12",01-96,12.0,13.2,25.0,24.2,21.5,19.8,22.5,19.1,22.2,19.3,,18271.0
India,"PLFS Year (Jul - Jun), 2022",Male,Urban,all ages,"11,12",05-43,3.0,3.6,5.9,5.5,4.2,5.8,3.5,2.4,4.2,4.2,,3876.0
India,"PLFS Year (Jul - Jun), 2022",Male,Urban,all ages,"11,12",45-96,7.1,8.3,16.7,16.8,15.8,12.3,17.7,15.7,16.5,13.4,,12515.0
India,"PLFS Year (Jul - Jun), 2022",Male,Urban,all ages,21,01-03,0.1,0.2,0.4,0.4,0.5,0.2,0.5,0.2,0.5,0.3,,397.0
India,"PLFS Year (Jul - Jun), 2022",Male,Urban,all ages,21,01-96,0.8,1.2,2.7,3.4,4.1,2.5,4.2,2.7,3.7,2.6,,2461.0
India,"PLFS Year (Jul - Jun), 2022",Male,Urban,all ages,21,05-43,0.2,0.3,0.8,0.7,0.7,1.2,0.8,0.8,0.8,0.6,,538.0
India,"PLFS Year (Jul - Jun), 2022",Male,Urban,all ages,21,45-96,0.5,0.6,1.5,2.3,2.9,1.1,2.8,1.7,2.5,1.6,,1526.0
India,"PLFS Year (Jul - Jun), 2022",Male,Urban,all ages,11-21,01-03,2.1,1.5,2.7,2.2,2.1,2.0,1.9,1.3,2.0,2.0,,2277.0
India,"PLFS Year (Jul - Jun), 2022",Male,Urban,all ages,11-21,01-96,12.8,14.4,27.7,27.6,25.6,22.4,26.7,21.7,26.0,21.9,,20732.0
India,"PLFS Year (Jul - Jun), 2022",Male,Urban,all ages,11-21,05-43,3.2,3.9,6.7,6.2,4.9,6.9,4.3,3.1,5.0,4.8,,4414.0
India,"PLFS Year (Jul - Jun), 2022",Male,Urban,all ages,11-21,45-96,7.6,8.9,18.3,19.1,18.7,13.5,20.5,17.3,19.0,15.0,,14041.0
India,"PLFS Year (Jul - Jun), 2022",Male,Urban,all ages,31,01-03,0.1,0.1,0.1,0.2,0.1,0.2,0.1,0.2,0.1,0.1,,153.0
India,"PLFS Year (Jul - Jun), 2022",Male,Urban,all ages,31,01-99,8.3,12.1,28.3,27.3,26.6,51.5,46.4,58.4,37.3,26.2,,22245.0
India,"PLFS Year (Jul - Jun), 2022",Male,Urban,all ages,31,05-43,4.2,5.6,12.3,10.4,9.1,29.0,10.6,8.2,10.8,9.0,,6725.0
India,"PLFS Year (Jul - Jun), 2022",Male,Urban,all ages,31,45-99,3.9,6.4,15.8,16.7,17.4,22.3,35.7,50.0,26.4,17.0,,15367.0
India,"PLFS Year (Jul - Jun), 2022",Male,Urban,all ages,41,,0.1,0.1,0.0,0.0,0.0,0.0,0.0,0.0,0.0,0.0,,31.0
India,"PLFS Year (Jul - Jun), 2022",Male,Urban,all ages,51,01-03,0.9,0.7,0.6,0.4,0.1,0.0,0.0,0.0,0.1,0.4,,360.0
India,"PLFS Year (Jul - Jun), 2022",Male,Urban,all ages,51,01-99,10.2,10.1,13.2,7.2,3.7,3.9,0.9,0.2,3.4,7.5,,6320.0
India,"PLFS Year (Jul - Jun), 2022",Male,Urban,all ages,51,05-43,7.8,7.2,10.1,5.5,2.6,3.3,0.6,0.1,2.5,5.6,,4862.0
India,"PLFS Year (Jul - Jun), 2022",Male,Urban,all ages,51,45-99,1.4,2.2,2.5,1.4,0.9,0.6,0.3,0.0,0.7,1.5,,1098.0
India,"PLFS Year (Jul - Jun), 2022",Male,Urban,all ages,41 & 51,01-99,10.3,10.1,13.2,7.2,3.7,3.9,0.9,0.2,3.4,7.5,,6351.0
India,"PLFS Year (Jul - Jun), 2022",Male,Urban,all ages,11-51,01-03,3.2,2.3,3.5,2.8,2.3,2.2,2.0,1.5,2.3,2.6,,2797.0
India,"PLFS Year (Jul - Jun), 2022",Male,Urban,all ages,11-51,01-99,31.5,36.6,69.2,62.1,55.9,77.7,74.0,80.3,66.7,55.6,,49328.0
India,"PLFS Year (Jul - Jun), 2022",Male,Urban,all ages,11-51,05-43,15.3,16.8,29.1,22.1,16.7,39.2,15.5,11.4,18.3,19.4,,16025.0
India,"PLFS Year (Jul - Jun), 2022",Male,Urban,all ages,11-51,45-99,13.0,17.5,36.6,37.2,36.9,36.4,56.4,67.4,46.2,33.6,,30506.0
India,"PLFS Year (Jul - Jun), 2022",Male,Urban,all ages,81,,0.4,0.5,1.6,1.7,3.0,7.8,8.3,6.4,4.9,2.7,,2665.0
India,"PLFS Year (Jul - Jun), 2022",Male,Urban,all ages,11-81,,31.9,37.1,70.8,63.7,58.9,85.5,82.3,86.7,71.6,58.3,,51993.0
India,"PLFS Year (Jul - Jun), 2022",Male,Urban,all ages,UR,,1.3,1.4,2.2,2.6,5.1,9.1,10.1,7.3,6.8,4.7,,
India,"PLFS Year (Jul - Jun), 2022",Male,Urban,all ages,91,,9.9,54.5,21.1,25.4,35.0,4.9,7.2,1.6,18.9,26.0,,23426.0
India,"PLFS Year (Jul - Jun), 2022",Male,Urban,all ages,92,,1.4,0.7,1.0,0.8,0.6,0.7,0.7,0.9,0.7,0.9,,720.0
India,"PLFS Year (Jul - Jun), 2022",Male,Urban,all ages,93,,0.1,0.1,0.1,0.1,0.0,0.0,0.0,0.0,0.0,0.1,,95.0
India,"PLFS Year (Jul - Jun), 2022",Male,Urban,all ages,94,,5.4,4.3,4.8,8.1,4.6,7.9,8.8,9.8,7.6,6.1,,5582.0
India,"PLFS Year (Jul - Jun), 2022",Male,Urban,all ages,95,,3.1,1.1,1.1,0.9,0.4,0.3,0.4,0.3,0.5,1.1,,993.0
India,"PLFS Year (Jul - Jun), 2022",Male,Urban,all ages,97,,4.0,1.0,1.2,1.0,0.5,0.7,0.6,0.7,0.7,1.3,,1073.0
India,"PLFS Year (Jul - Jun), 2022",Male,Urban,all ages,99,,44.1,1.1,0.0,0.0,0.0,0.0,0.0,0.0,0.0,6.4,,5687.0
India,"PLFS Year (Jul - Jun), 2022",Male,Urban,all ages,91-99,,68.1,62.9,29.2,36.3,41.1,14.5,17.7,13.3,28.4,41.7,,37576.0
India,"PLFS Year (Jul - Jun), 2022",Male,Urban,all ages,11-99,,100.0,100.0,100.0,100.0,100.0,100.0,100.0,100.0,100.0,100.0,,89569.0
India,"PLFS Year (Jul - Jun), 2022",Female,Urban,15-29 years,"11,12",01-03,1.1,0.8,0.3,0.1,0.1,0.6,0.0,0.0,0.1,0.2,,57.0
India,"PLFS Year (Jul - Jun), 2022",Female,Urban,15-29 years,"11,12",01-96,5.4,5.1,4.6,2.2,2.7,3.4,2.9,4.1,2.8,3.3,,764.0
India,"PLFS Year (Jul - Jun), 2022",Female,Urban,15-29 years,"11,12",05-43,3.8,3.7,3.7,1.4,1.4,0.9,1.0,0.6,1.2,1.9,,397.0
India,"PLFS Year (Jul - Jun), 2022",Female,Urban,15-29 years,"11,12",45-96,0.6,0.6,0.5,0.7,1.2,1.9,1.9,3.6,1.5,1.2,,310.0
India,"PLFS Year (Jul - Jun), 2022",Female,Urban,15-29 years,21,01-03,1.4,0.3,0.9,0.8,0.5,0.1,0.2,0.3,0.4,0.5,,168.0
India,"PLFS Year (Jul - Jun), 2022",Female,Urban,15-29 years,21,01-96,5.4,3.9,2.6,1.8,1.5,0.9,1.5,0.6,1.5,2.0,,500.0
India,"PLFS Year (Jul - Jun), 2022",Female,Urban,15-29 years,21,05-43,1.6,1.6,1.2,0.6,0.4,0.0,0.5,0.1,0.5,0.7,,144.0
India,"PLFS Year (Jul - Jun), 2022",Female,Urban,15-29 years,21,45-96,2.5,2.0,0.6,0.4,0.6,0.7,0.8,0.2,0.6,0.7,,188.0
India,"PLFS Year (Jul - Jun), 2022",Female,Urban,15-29 years,11-21,01-03,2.4,1.0,1.2,0.9,0.5,0.7,0.2,0.3,0.5,0.7,,225.0
India,"PLFS Year (Jul - Jun), 2022",Female,Urban,15-29 years,11-21,01-96,10.8,9.0,7.2,4.0,4.2,4.2,4.4,4.7,4.3,5.4,,1264.0
India,"PLFS Year (Jul - Jun), 2022",Female,Urban,15-29 years,11-21,05-43,5.4,5.3,5.0,2.1,1.9,0.9,1.5,0.7,1.7,2.7,,541.0
India,"PLFS Year (Jul - Jun), 2022",Female,Urban,15-29 years,11-21,45-96,3.0,2.6,1.1,1.1,1.8,2.6,2.7,3.8,2.1,2.0,,498.0
India,"PLFS Year (Jul - Jun), 2022",Female,Urban,15-29 years,31,01-03,0.3,0.0,0.1,0.1,0.1,0.1,0.0,0.0,0.1,0.1,,12.0
India,"PLFS Year (Jul - Jun), 2022",Female,Urban,15-29 years,31,01-99,8.2,9.3,4.5,3.6,4.9,32.8,21.6,29.7,11.8,10.2,,2127.0
India,"PLFS Year (Jul - Jun), 2022",Female,Urban,15-29 years,31,05-43,0.9,2.0,1.1,0.9,1.0,1.8,1.5,2.5,1.3,1.3,,240.0
India,"PLFS Year (Jul - Jun), 2022",Female,Urban,15-29 years,31,45-99,6.9,7.3,3.3,2.5,3.8,30.9,20.1,27.2,10.5,8.9,,1875.0
India,"PLFS Year (Jul - Jun), 2022",Female,Urban,15-29 years,41,,0.2,0.0,0.0,0.0,0.0,0.0,0.0,0.0,0.0,0.0,,3.0
India,"PLFS Year (Jul - Jun), 2022",Female,Urban,15-29 years,51,01-03,0.8,0.5,0.6,0.2,0.1,0.0,0.0,0.0,0.1,0.2,,32.0
India,"PLFS Year (Jul - Jun), 2022",Female,Urban,15-29 years,51,01-99,4.0,2.0,1.6,0.5,0.2,0.0,0.0,0.0,0.2,0.7,,145.0
India,"PLFS Year (Jul - Jun), 2022",Female,Urban,15-29 years,51,05-43,2.9,1.3,0.6,0.3,0.1,0.0,0.0,0.0,0.1,0.4,,86.0
India,"PLFS Year (Jul - Jun), 2022",Female,Urban,15-29 years,51,45-99,0.3,0.2,0.4,0.1,0.0,0.0,0.0,0.0,0.0,0.1,,27.0
India,"PLFS Year (Jul - Jun), 2022",Female,Urban,15-29 years,41 & 51,01-99,4.2,2.0,1.6,0.5,0.2,0.0,0.0,0.0,0.2,0.7,,148.0
India,"PLFS Year (Jul - Jun), 2022",Female,Urban,15-29 years,11-51,01-03,3.5,1.6,1.8,1.2,0.7,0.9,0.2,0.3,0.7,1.0,,269.0
India,"PLFS Year (Jul - Jun), 2022",Female,Urban,15-29 years,11-51,01-99,23.2,20.3,13.3,8.1,9.3,37.1,26.1,34.5,16.3,16.3,,3539.0
India,"PLFS Year (Jul - Jun), 2022",Female,Urban,15-29 years,11-51,05-43,9.4,8.6,6.7,3.3,3.0,2.7,3.0,3.2,3.1,4.3,,870.0
India,"PLFS Year (Jul - Jun), 2022",Female,Urban,15-29 years,11-51,45-99,10.3,10.1,4.7,3.7,5.6,33.5,22.8,31.0,12.6,10.9,,2400.0
India,"PLFS Year (Jul - Jun), 2022",Female,Urban,15-29 years,81,,0.6,0.7,0.7,0.8,1.4,13.1,11.9,20.2,6.0,4.5,,1252.0
India,"PLFS Year (Jul - Jun), 2022",Female,Urban,15-29 years,11-81,,23.8,21.0,14.0,8.9,10.8,50.1,38.0,54.7,22.3,20.8,,4791.0
India,"PLFS Year (Jul - Jun), 2022",Female,Urban,15-29 years,UR,,2.5,3.5,5.2,8.8,13.4,26.1,31.4,37.0,26.8,21.7,,
India,"PLFS Year (Jul - Jun), 2022",Female,Urban,15-29 years,91,,0.4,7.2,33.0,59.3,59.4,13.1,20.9,8.5,43.4,37.6,,9028.0
India,"PLFS Year (Jul - Jun), 2022",Female,Urban,15-29 years,92,,55.5,61.4,46.1,28.0,25.2,35.1,37.5,33.5,30.4,36.1,,7572.0
India,"PLFS Year (Jul - Jun), 2022",Female,Urban,15-29 years,93,,12.5,9.4,6.3,3.5,3.9,1.6,3.0,2.8,3.4,4.6,,1049.0
India,"PLFS Year (Jul - Jun), 2022",Female,Urban,15-29 years,94,,0.2,0.4,0.2,0.2,0.1,0.0,0.1,0.0,0.1,0.2,,37.0
India,"PLFS Year (Jul - Jun), 2022",Female,Urban,15-29 years,95,,6.9,0.5,0.4,0.1,0.1,0.0,0.0,0.1,0.1,0.4,,91.0
India,"PLFS Year (Jul - Jun), 2022",Female,Urban,15-29 years,97,,0.6,0.1,0.1,0.1,0.4,0.0,0.4,0.5,0.3,0.3,,46.0
India,"PLFS Year (Jul - Jun), 2022",Female,Urban,15-29 years,91-97,,76.2,79.0,86.0,91.1,89.2,49.9,62.0,45.3,77.7,79.2,,17823.0
India,"PLFS Year (Jul - Jun), 2022",Female,Urban,15-29 years,11-97,,100.0,100.0,100.0,100.0,100.0,100.0,100.0,100.0,100.0,100.0,,22614.0
India,"PLFS Year (Jul - Jun), 2022",Female,Urban,15 years and above,"11,12",01-03,1.9,1.5,1.2,0.7,0.3,2.0,0.2,0.0,0.4,0.9,,1007.0
India,"PLFS Year (Jul - Jun), 2022",Female,Urban,15 years and above,"11,12",01-96,7.4,8.5,7.7,5.8,5.1,6.5,4.5,5.7,5.2,6.5,,4971.0
India,"PLFS Year (Jul - Jun), 2022",Female,Urban,15 years and above,"11,12",05-43,3.5,4.9,4.8,3.3,2.6,2.1,1.2,0.6,2.1,3.2,,2045.0
India,"PLFS Year (Jul - Jun), 2022",Female,Urban,15 years and above,"11,12",45-96,2.0,2.1,1.6,1.7,2.2,2.4,3.2,5.0,2.7,2.3,,1919.0
India,"PLFS Year (Jul - Jun), 2022",Female,Urban,15 years and above,21,01-03,1.8,1.1,1.0,0.8,0.5,0.8,0.2,0.2,0.5,0.9,,794.0
India,"PLFS Year (Jul - Jun), 2022",Female,Urban,15 years and above,21,01-96,4.1,4.5,3.3,2.9,2.1,2.4,1.7,1.2,2.1,3.0,,2280.0
India,"PLFS Year (Jul - Jun), 2022",Female,Urban,15 years and above,21,05-43,0.8,1.1,0.9,0.7,0.4,0.4,0.4,0.2,0.5,0.7,,432.0
India,"PLFS Year (Jul - Jun), 2022",Female,Urban,15 years and above,21,45-96,1.4,2.3,1.5,1.4,1.1,1.2,1.0,0.8,1.1,1.4,,1054.0
India,"PLFS Year (Jul - Jun), 2022",Female,Urban,15 years and above,11-21,01-03,3.7,2.6,2.2,1.4,0.8,2.8,0.4,0.2,0.8,1.8,,1801.0
India,"PLFS Year (Jul - Jun), 2022",Female,Urban,15 years and above,11-21,01-96,11.4,13.0,11.0,8.6,7.2,8.9,6.2,6.9,7.3,9.5,,7251.0
India,"PLFS Year (Jul - Jun), 2022",Female,Urban,15 years and above,11-21,05-43,4.2,6.0,5.6,4.1,3.0,2.5,1.6,0.8,2.6,3.9,,2477.0
India,"PLFS Year (Jul - Jun), 2022",Female,Urban,15 years and above,11-21,45-96,3.5,4.4,3.1,3.1,3.4,3.6,4.2,5.8,3.9,3.7,,2973.0
India,"PLFS Year (Jul - Jun), 2022",Female,Urban,15 years and above,31,01-03,0.2,0.0,0.1,0.1,0.1,0.1,0.0,0.0,0.1,0.1,,45.0
India,"PLFS Year (Jul - Jun), 2022",Female,Urban,15 years and above,31,01-99,9.0,11.0,8.2,5.8,6.5,31.4,21.8,32.7,14.5,11.9,,7779.0
India,"PLFS Year (Jul - Jun), 2022",Female,Urban,15 years and above,31,05-43,1.5,2.3,2.0,1.1,1.0,1.9,1.3,2.4,1.3,1.6,,879.0
India,"PLFS Year (Jul - Jun), 2022",Female,Urban,15 years and above,31,45-99,7.3,8.7,6.1,4.6,5.5,29.4,20.5,30.3,13.2,10.3,,6855.0
India,"PLFS Year (Jul - Jun), 2022",Female,Urban,15 years and above,41,,0.2,0.4,0.4,0.1,0.0,0.0,0.0,0.0,0.0,0.2,,159.0
India,"PLFS Year (Jul - Jun), 2022",Female,Urban,15 years and above,51,01-03,2.5,0.9,0.7,0.2,0.1,0.0,0.0,0.0,0.1,0.7,,373.0
India,"PLFS Year (Jul - Jun), 2022",Female,Urban,15 years and above,51,01-99,5.4,3.2,2.0,0.7,0.2,0.0,0.1,0.0,0.3,1.9,,1078.0
India,"PLFS Year (Jul - Jun), 2022",Female,Urban,15 years and above,51,05-43,2.4,1.7,0.9,0.4,0.1,0.0,0.1,0.0,0.2,0.9,,534.0
India,"PLFS Year (Jul - Jun), 2022",Female,Urban,15 years and above,51,45-99,0.5,0.6,0.4,0.1,0.0,0.0,0.0,0.0,0.0,0.3,,171.0
India,"PLFS Year (Jul - Jun), 2022",Female,Urban,15 years and above,41 & 51,01-99,5.6,3.7,2.4,0.8,0.3,0.0,0.1,0.0,0.3,2.1,,1237.0
India,"PLFS Year (Jul - Jun), 2022",Female,Urban,15 years and above,11-51,01-03,6.5,3.9,3.2,1.9,0.9,2.8,0.4,0.2,1.0,2.8,,2306.0
India,"PLFS Year (Jul - Jun), 2022",Female,Urban,15 years and above,11-51,01-99,26.1,27.7,21.6,15.2,14.0,40.3,28.1,39.6,22.1,23.5,,16267.0
India,"PLFS Year (Jul - Jun), 2022",Female,Urban,15 years and above,11-51,05-43,8.3,10.1,8.6,5.6,4.2,4.4,2.9,3.2,4.1,6.5,,3955.0
India,"PLFS Year (Jul - Jun), 2022",Female,Urban,15 years and above,11-51,45-99,11.3,13.7,9.7,7.8,8.9,33.0,24.7,36.2,17.1,14.3,,10006.0
India,"PLFS Year (Jul - Jun), 2022",Female,Urban,15 years and above,81,,0.1,0.3,0.4,0.5,1.1,7.1,6.2,8.9,3.5,1.9,,1639.0
India,"PLFS Year (Jul - Jun), 2022",Female,Urban,15 years and above,11-81,,26.1,27.9,22.0,15.8,15.1,47.4,34.3,48.6,25.7,25.4,,17906.0
India,"PLFS Year (Jul - Jun), 2022",Female,Urban,15 years and above,UR,,0.2,1.0,1.8,3.3,7.0,14.9,18.2,18.4,13.7,7.5,,
India,"PLFS Year (Jul - Jun), 2022",Female,Urban,15 years and above,91,,0.0,1.1,10.9,25.7,34.3,5.3,9.4,2.8,20.1,12.3,,9066.0
India,"PLFS Year (Jul - Jun), 2022",Female,Urban,15 years and above,92,,49.5,54.1,55.0,47.9,42.0,35.3,47.7,39.7,45.0,48.9,,31682.0
India,"PLFS Year (Jul - Jun), 2022",Female,Urban,15 years and above,93,,7.1,7.3,7.0,5.8,6.0,5.2,4.9,4.7,5.4,6.3,,4889.0
India,"PLFS Year (Jul - Jun), 2022",Female,Urban,15 years and above,94,,11.7,7.9,4.0,4.0,2.1,6.4,3.3,3.9,3.3,5.5,,4105.0
India,"PLFS Year (Jul - Jun), 2022",Female,Urban,15 years and above,95,,2.8,0.8,0.5,0.4,0.1,0.3,0.2,0.2,0.2,0.8,,558.0
India,"PLFS Year (Jul - Jun), 2022",Female,Urban,15 years and above,97,,2.7,0.9,0.5,0.5,0.3,0.2,0.2,0.2,0.3,0.9,,573.0
India,"PLFS Year (Jul - Jun), 2022",Female,Urban,15 years and above,91-97,,73.9,72.1,78.0,84.2,84.9,52.6,65.7,51.4,74.3,74.6,,50873.0
India,"PLFS Year (Jul - Jun), 2022",Female,Urban,15 years and above,11-97,,100.0,100.0,100.0,100.0,100.0,100.0,100.0,100.0,100.0,100.0,,68779.0
India,"PLFS Year (Jul - Jun), 2022",Female,Urban,all ages,"11,12",01-03,1.2,0.7,1.1,0.7,0.3,2.0,0.2,0.0,0.4,0.7,,1007.0
India,"PLFS Year (Jul - Jun), 2022",Female,Urban,all ages,"11,12",01-96,4.8,4.3,6.8,5.7,5.1,6.5,4.5,5.7,5.2,5.2,,4973.0
India,"PLFS Year (Jul - Jun), 2022",Female,Urban,all ages,"11,12",05-43,2.3,2.5,4.2,3.3,2.6,2.1,1.2,0.6,2.1,2.6,,2046.0
India,"PLFS Year (Jul - Jun), 2022",Female,Urban,all ages,"11,12",45-96,1.3,1.1,1.5,1.7,2.2,2.4,3.2,5.0,2.7,1.9,,1920.0
India,"PLFS Year (Jul - Jun), 2022",Female,Urban,all ages,21,01-03,1.2,0.6,0.9,0.8,0.5,0.8,0.2,0.2,0.5,0.7,,798.0
India,"PLFS Year (Jul - Jun), 2022",Female,Urban,all ages,21,01-96,2.7,2.3,3.0,2.9,2.1,2.4,1.7,1.2,2.1,2.4,,2292.0
India,"PLFS Year (Jul - Jun), 2022",Female,Urban,all ages,21,05-43,0.5,0.5,0.8,0.7,0.4,0.4,0.4,0.2,0.5,0.5,,437.0
India,"PLFS Year (Jul - Jun), 2022",Female,Urban,all ages,21,45-96,1.0,1.2,1.3,1.4,1.1,1.2,1.0,0.8,1.1,1.1,,1057.0
India,"PLFS Year (Jul - Jun), 2022",Female,Urban,all ages,11-21,01-03,2.4,1.3,1.9,1.4,0.8,2.8,0.4,0.2,0.8,1.5,,1805.0
India,"PLFS Year (Jul - Jun), 2022",Female,Urban,all ages,11-21,01-96,7.5,6.6,9.7,8.6,7.2,8.9,6.2,6.9,7.3,7.6,,7265.0
India,"PLFS Year (Jul - Jun), 2022",Female,Urban,all ages,11-21,05-43,2.8,3.0,5.0,4.1,3.0,2.5,1.6,0.8,2.6,3.1,,2483.0
India,"PLFS Year (Jul - Jun), 2022",Female,Urban,all ages,11-21,45-96,2.3,2.3,2.8,3.1,3.4,3.6,4.2,5.8,3.9,3.0,,2977.0
India,"PLFS Year (Jul - Jun), 2022",Female,Urban,all ages,31,01-03,0.1,0.0,0.1,0.1,0.1,0.1,0.0,0.0,0.1,0.1,,45.0
India,"PLFS Year (Jul - Jun), 2022",Female,Urban,all ages,31,01-99,5.9,5.6,7.2,5.8,6.5,31.4,21.8,32.7,14.5,9.5,,7780.0
India,"PLFS Year (Jul - Jun), 2022",Female,Urban,all ages,31,05-43,1.0,1.2,1.8,1.1,1.0,1.9,1.3,2.4,1.3,1.3,,879.0
India,"PLFS Year (Jul - Jun), 2022",Female,Urban,all ages,31,45-99,4.8,4.4,5.4,4.6,5.5,29.4,20.5,30.3,13.2,8.2,,6856.0
India,"PLFS Year (Jul - Jun), 2022",Female,Urban,all ages,41,,0.1,0.2,0.3,0.1,0.0,0.0,0.0,0.0,0.0,0.1,,159.0
India,"PLFS Year (Jul - Jun), 2022",Female,Urban,all ages,51,01-03,1.6,0.5,0.6,0.2,0.1,0.0,0.0,0.0,0.1,0.6,,373.0
India,"PLFS Year (Jul - Jun), 2022",Female,Urban,all ages,51,01-99,3.6,1.6,1.7,0.7,0.2,0.0,0.1,0.0,0.3,1.5,,1078.0
India,"PLFS Year (Jul - Jun), 2022",Female,Urban,all ages,51,05-43,1.6,0.9,0.8,0.4,0.1,0.0,0.1,0.0,0.2,0.7,,534.0
India,"PLFS Year (Jul - Jun), 2022",Female,Urban,all ages,51,45-99,0.3,0.3,0.4,0.1,0.0,0.0,0.0,0.0,0.0,0.2,,171.0
India,"PLFS Year (Jul - Jun), 2022",Female,Urban,all ages,41 & 51,01-99,3.7,1.9,2.1,0.8,0.3,0.0,0.1,0.0,0.3,1.7,,1237.0
India,"PLFS Year (Jul - Jun), 2022",Female,Urban,all ages,11-51,01-03,4.2,2.0,2.9,1.9,0.9,2.8,0.4,0.2,1.0,2.2,,2310.0
India,"PLFS Year (Jul - Jun), 2022",Female,Urban,all ages,11-51,01-99,17.1,14.0,19.0,15.2,14.0,40.3,28.1,39.6,22.1,18.7,,16282.0
India,"PLFS Year (Jul - Jun), 2022",Female,Urban,all ages,11-51,05-43,5.4,5.1,7.6,5.6,4.2,4.4,2.9,3.2,4.1,5.2,,3961.0
India,"PLFS Year (Jul - Jun), 2022",Female,Urban,all ages,11-51,45-99,7.4,6.9,8.5,7.8,8.9,33.0,24.7,36.2,17.1,11.4,,10011.0
India,"PLFS Year (Jul - Jun), 2022",Female,Urban,all ages,81,,0.0,0.1,0.4,0.5,1.1,7.1,6.2,8.9,3.5,1.5,,1640.0
India,"PLFS Year (Jul - Jun), 2022",Female,Urban,all ages,11-81,,17.2,14.2,19.3,15.7,15.1,47.4,34.3,48.6,25.6,20.2,,17922.0
India,"PLFS Year (Jul - Jun), 2022",Female,Urban,all ages,UR,,0.2,1.0,1.8,3.3,7.0,14.9,18.2,18.4,13.7,7.5,,
India,"PLFS Year (Jul - Jun), 2022",Female,Urban,all ages,91,,5.7,48.5,21.7,25.9,34.3,5.3,9.4,2.8,20.1,23.8,,20748.0
India,"PLFS Year (Jul - Jun), 2022",Female,Urban,all ages,92,,32.6,27.7,48.4,47.8,42.0,35.3,47.7,39.7,45.0,39.0,,31756.0
India,"PLFS Year (Jul - Jun), 2022",Female,Urban,all ages,93,,4.7,3.7,6.1,5.7,6.0,5.2,4.9,4.7,5.4,5.0,,4894.0
India,"PLFS Year (Jul - Jun), 2022",Female,Urban,all ages,94,,7.7,4.0,3.6,4.0,2.1,6.4,3.3,3.9,3.3,4.4,,4105.0
India,"PLFS Year (Jul - Jun), 2022",Female,Urban,all ages,95,,2.0,0.4,0.4,0.4,0.1,0.3,0.2,0.2,0.2,0.7,,588.0
India,"PLFS Year (Jul - Jun), 2022",Female,Urban,all ages,97,,2.9,0.6,0.4,0.5,0.3,0.2,0.2,0.2,0.3,0.9,,746.0
India,"PLFS Year (Jul - Jun), 2022",Female,Urban,all ages,99,,27.3,0.9,0.0,0.0,0.0,0.0,0.0,0.0,0.0,5.9,,5213.0
India,"PLFS Year (Jul - Jun), 2022",Female,Urban,all ages,91-99,,82.8,85.8,80.7,84.3,84.9,52.6,65.7,51.4,74.4,79.8,,68050.0
India,"PLFS Year (Jul - Jun), 2022",Female,Urban,all ages,11-99,,100.0,100.0,100.0,100.0,100.0,100.0,100.0,100.0,100.0,100.0,,85972.0
India,"PLFS Year (Jul - Jun), 2022",Persons,Urban,15-29 years,"11,12",01-03,0.8,0.5,0.4,0.1,0.1,0.4,0.1,0.0,0.1,0.2,,146.0
India,"PLFS Year (Jul - Jun), 2022",Persons,Urban,15-29 years,"11,12",01-96,9.5,10.1,7.5,4.6,5.2,7.7,6.0,6.1,5.4,6.2,,2991.0
India,"PLFS Year (Jul - Jun), 2022",Persons,Urban,15-29 years,"11,12",05-43,3.6,3.7,2.8,1.6,1.5,2.4,1.2,0.8,1.4,1.9,,861.0
India,"PLFS Year (Jul - Jun), 2022",Persons,Urban,15-29 years,"11,12",45-96,5.1,5.9,4.3,2.9,3.6,4.9,4.7,5.2,3.9,4.1,,1984.0
India,"PLFS Year (Jul - Jun), 2022",Persons,Urban,15-29 years,21,01-03,1.2,0.7,0.7,0.8,0.6,0.4,0.5,0.5,0.6,0.7,,424.0
India,"PLFS Year (Jul - Jun), 2022",Persons,Urban,15-29 years,21,01-96,6.2,5.8,3.9,3.7,3.4,3.2,3.9,2.3,3.5,3.9,,1978.0
India,"PLFS Year (Jul - Jun), 2022",Persons,Urban,15-29 years,21,05-43,1.5,2.0,1.3,0.9,0.7,1.5,0.9,0.7,0.8,1.0,,472.0
India,"PLFS Year (Jul - Jun), 2022",Persons,Urban,15-29 years,21,45-96,3.5,3.1,1.8,1.9,2.2,1.3,2.4,1.1,2.1,2.2,,1082.0
India,"PLFS Year (Jul - Jun), 2022",Persons,Urban,15-29 years,11-21,01-03,2.0,1.2,1.1,0.9,0.7,0.8,0.7,0.5,0.8,0.9,,570.0
India,"PLFS Year (Jul - Jun), 2022",Persons,Urban,15-29 years,11-21,01-96,15.8,15.9,11.4,8.3,8.7,10.9,9.9,8.4,9.0,10.1,,4969.0
India,"PLFS Year (Jul - Jun), 2022",Persons,Urban,15-29 years,11-21,05-43,5.1,5.7,4.1,2.5,2.2,3.9,2.1,1.5,2.3,2.9,,1333.0
India,"PLFS Year (Jul - Jun), 2022",Persons,Urban,15-29 years,11-21,45-96,8.6,9.0,6.1,4.9,5.8,6.3,7.1,6.3,5.9,6.3,,3066.0
India,"PLFS Year (Jul - Jun), 2022",Persons,Urban,15-29 years,31,01-03,0.3,0.2,0.0,0.1,0.1,0.0,0.0,0.0,0.1,0.1,,34.0
India,"PLFS Year (Jul - Jun), 2022",Persons,Urban,15-29 years,31,01-99,15.0,23.0,17.6,11.6,11.8,49.9,32.1,37.7,20.2,19.7,,8457.0
India,"PLFS Year (Jul - Jun), 2022",Persons,Urban,15-29 years,31,05-43,4.2,9.8,7.8,4.7,3.7,24.4,5.7,4.3,5.2,6.0,,2285.0
India,"PLFS Year (Jul - Jun), 2022",Persons,Urban,15-29 years,31,45-99,10.5,13.0,9.8,6.9,8.0,25.4,26.4,33.4,14.9,13.7,,6138.0
India,"PLFS Year (Jul - Jun), 2022",Persons,Urban,15-29 years,41,,0.1,0.1,0.0,0.0,0.0,0.0,0.0,0.0,0.0,0.0,,11.0
India,"PLFS Year (Jul - Jun), 2022",Persons,Urban,15-29 years,51,01-03,0.7,0.8,0.7,0.2,0.1,0.1,0.0,0.0,0.1,0.3,,97.0
India,"PLFS Year (Jul - Jun), 2022",Persons,Urban,15-29 years,51,01-99,17.3,15.1,8.0,3.7,1.8,3.4,0.6,0.1,1.9,4.4,,1986.0
India,"PLFS Year (Jul - Jun), 2022",Persons,Urban,15-29 years,51,05-43,14.4,11.0,5.8,2.8,1.2,2.7,0.5,0.1,1.4,3.3,,1540.0
India,"PLFS Year (Jul - Jun), 2022",Persons,Urban,15-29 years,51,45-99,2.2,3.3,1.5,0.6,0.5,0.7,0.1,0.1,0.4,0.9,,349.0
India,"PLFS Year (Jul - Jun), 2022",Persons,Urban,15-29 years,41 & 51,01-99,17.5,15.2,8.0,3.7,1.8,3.4,0.6,0.1,1.9,4.5,,1997.0
India,"PLFS Year (Jul - Jun), 2022",Persons,Urban,15-29 years,11-51,01-03,2.9,2.2,1.8,1.2,0.9,0.9,0.7,0.5,0.9,1.2,,701.0
India,"PLFS Year (Jul - Jun), 2022",Persons,Urban,15-29 years,11-51,01-99,48.2,54.1,37.0,23.6,22.2,64.2,42.6,46.2,31.1,34.3,,15423.0
India,"PLFS Year (Jul - Jun), 2022",Persons,Urban,15-29 years,11-51,05-43,23.9,26.6,17.8,10.0,7.1,31.0,8.2,5.9,8.9,12.2,,5169.0
India,"PLFS Year (Jul - Jun), 2022",Persons,Urban,15-29 years,11-51,45-99,21.4,25.3,17.4,12.4,14.3,32.3,33.6,39.8,21.3,20.8,,9553.0
India,"PLFS Year (Jul - Jun), 2022",Persons,Urban,15-29 years,81,,2.6,2.8,2.6,2.0,3.0,15.0,16.1,22.2,7.9,6.4,,3435.0
India,"PLFS Year (Jul - Jun), 2022",Persons,Urban,15-29 years,11-81,,50.8,57.0,39.6,25.6,25.2,79.2,58.6,68.4,39.0,40.7,,18858.0
India,"PLFS Year (Jul - Jun), 2022",Persons,Urban,15-29 years,UR,,5.1,5.0,6.6,7.9,11.8,19.0,27.4,32.5,20.3,15.7,,
India,"PLFS Year (Jul - Jun), 2022",Persons,Urban,15-29 years,91,,0.2,8.5,35.3,59.2,60.5,11.9,20.6,8.0,44.3,38.7,,19317.0
India,"PLFS Year (Jul - Jun), 2022",Persons,Urban,15-29 years,92,,30.9,27.5,21.1,12.9,11.8,8.3,18.7,21.1,14.5,17.2,,7653.0
India,"PLFS Year (Jul - Jun), 2022",Persons,Urban,15-29 years,93,,6.9,4.3,2.9,1.6,1.8,0.4,1.5,1.8,1.6,2.2,,1070.0
India,"PLFS Year (Jul - Jun), 2022",Persons,Urban,15-29 years,94,,0.1,0.2,0.1,0.1,0.1,0.0,0.1,0.0,0.1,0.1,,44.0
India,"PLFS Year (Jul - Jun), 2022",Persons,Urban,15-29 years,95,,9.6,1.2,0.4,0.2,0.1,0.0,0.0,0.1,0.1,0.6,,251.0
India,"PLFS Year (Jul - Jun), 2022",Persons,Urban,15-29 years,97,,1.5,1.4,0.6,0.4,0.4,0.2,0.5,0.5,0.4,0.6,,214.0
India,"PLFS Year (Jul - Jun), 2022",Persons,Urban,15-29 years,91-97,,49.2,43.0,60.4,74.4,74.8,20.8,41.4,31.6,61.0,59.3,,28549.0
India,"PLFS Year (Jul - Jun), 2022",Persons,Urban,15-29 years,11-97,,100.0,100.0,100.0,100.0,100.0,100.0,100.0,100.0,100.0,100.0,,47407.0
India,"PLFS Year (Jul - Jun), 2022",Persons,Urban,15 years and above,"11,12",01-03,2.7,2.2,2.0,1.3,1.0,1.8,0.8,0.6,1.0,1.5,,2887.0
India,"PLFS Year (Jul - Jun), 2022",Persons,Urban,15 years and above,"11,12",01-96,13.7,18.5,18.5,15.8,13.9,16.5,14.6,12.5,14.6,15.7,,23239.0
India,"PLFS Year (Jul - Jun), 2022",Persons,Urban,15 years and above,"11,12",05-43,4.5,6.4,5.7,4.5,3.4,4.8,2.5,1.5,3.3,4.3,,5919.0
India,"PLFS Year (Jul - Jun), 2022",Persons,Urban,15 years and above,"11,12",45-96,6.5,9.9,10.8,9.9,9.5,9.8,11.3,10.4,10.3,9.9,,14433.0
India,"PLFS Year (Jul - Jun), 2022",Persons,Urban,15 years and above,21,01-03,1.3,0.8,0.7,0.6,0.5,0.4,0.4,0.2,0.5,0.7,,1187.0
India,"PLFS Year (Jul - Jun), 2022",Persons,Urban,15 years and above,21,01-96,3.4,3.5,3.1,3.2,3.2,2.5,3.1,1.9,3.0,3.1,,4716.0
India,"PLFS Year (Jul - Jun), 2022",Persons,Urban,15 years and above,21,05-43,0.7,0.9,0.9,0.7,0.6,1.0,0.6,0.5,0.6,0.7,,965.0
India,"PLFS Year (Jul - Jun), 2022",Persons,Urban,15 years and above,21,45-96,1.3,1.8,1.6,1.9,2.1,1.1,2.0,1.2,1.9,1.8,,2564.0
India,"PLFS Year (Jul - Jun), 2022",Persons,Urban,15 years and above,11-21,01-03,4.0,3.0,2.7,1.9,1.5,2.2,1.2,0.8,1.5,2.2,,4074.0
India,"PLFS Year (Jul - Jun), 2022",Persons,Urban,15 years and above,11-21,01-96,17.1,22.0,21.6,18.9,17.1,19.0,17.7,14.4,17.6,18.9,,27955.0
India,"PLFS Year (Jul - Jun), 2022",Persons,Urban,15 years and above,11-21,05-43,5.2,7.3,6.6,5.2,4.0,5.8,3.1,2.0,3.9,5.0,,6884.0
India,"PLFS Year (Jul - Jun), 2022",Persons,Urban,15 years and above,11-21,45-96,7.9,11.8,12.4,11.8,11.6,11.0,13.3,11.6,12.2,11.6,,16997.0
India,"PLFS Year (Jul - Jun), 2022",Persons,Urban,15 years and above,31,01-03,0.2,0.2,0.1,0.1,0.1,0.1,0.1,0.1,0.1,0.1,,198.0
India,"PLFS Year (Jul - Jun), 2022",Persons,Urban,15 years and above,31,01-99,12.1,18.7,20.7,17.5,17.4,46.4,35.6,45.7,27.1,22.9,,30011.0
India,"PLFS Year (Jul - Jun), 2022",Persons,Urban,15 years and above,31,05-43,4.1,7.1,8.3,6.1,5.4,22.1,6.5,5.3,6.5,6.6,,7597.0
India,"PLFS Year (Jul - Jun), 2022",Persons,Urban,15 years and above,31,45-99,7.8,11.4,12.3,11.2,11.9,24.1,29.0,40.3,20.5,16.1,,22216.0
India,"PLFS Year (Jul - Jun), 2022",Persons,Urban,15 years and above,41,,0.2,0.3,0.2,0.1,0.0,0.0,0.0,0.0,0.0,0.1,,190.0
India,"PLFS Year (Jul - Jun), 2022",Persons,Urban,15 years and above,51,01-03,2.4,1.2,0.7,0.3,0.1,0.0,0.0,0.0,0.1,0.6,,733.0
India,"PLFS Year (Jul - Jun), 2022",Persons,Urban,15 years and above,51,01-99,11.1,12.4,8.8,4.2,2.1,2.9,0.5,0.1,2.0,5.8,,7395.0
India,"PLFS Year (Jul - Jun), 2022",Persons,Urban,15 years and above,51,05-43,7.3,8.6,6.4,3.1,1.5,2.4,0.4,0.1,1.5,4.1,,5394.0
India,"PLFS Year (Jul - Jun), 2022",Persons,Urban,15 years and above,51,45-99,1.4,2.7,1.7,0.8,0.5,0.5,0.2,0.0,0.4,1.1,,1268.0
India,"PLFS Year (Jul - Jun), 2022",Persons,Urban,15 years and above,41 & 51,01-99,11.4,12.7,9.0,4.3,2.1,2.9,0.5,0.1,2.0,5.9,,7585.0
India,"PLFS Year (Jul - Jun), 2022",Persons,Urban,15 years and above,11-51,01-03,6.7,4.5,3.6,2.4,1.7,2.4,1.3,0.9,1.7,3.1,,5099.0
India,"PLFS Year (Jul - Jun), 2022",Persons,Urban,15 years and above,11-51,01-99,40.6,53.4,51.3,40.7,36.6,68.3,53.8,60.2,46.7,47.7,,65551.0
India,"PLFS Year (Jul - Jun), 2022",Persons,Urban,15 years and above,11-51,05-43,16.8,23.1,21.4,14.5,10.9,30.4,9.9,7.4,11.9,15.8,,19964.0
India,"PLFS Year (Jul - Jun), 2022",Persons,Urban,15 years and above,11-51,45-99,17.1,25.8,26.3,23.8,24.0,35.5,42.5,51.9,33.1,28.8,,40488.0
India,"PLFS Year (Jul - Jun), 2022",Persons,Urban,15 years and above,81,,0.4,0.7,1.1,1.1,2.1,7.6,7.4,7.6,4.3,2.7,,4296.0
India,"PLFS Year (Jul - Jun), 2022",Persons,Urban,15 years and above,11-81,,40.9,54.1,52.5,41.8,38.7,75.9,61.2,67.8,50.9,50.4,,69847.0
India,"PLFS Year (Jul - Jun), 2022",Persons,Urban,15 years and above,UR,,0.9,1.2,2.2,2.7,5.4,10.0,12.1,11.3,8.4,5.4,,
India,"PLFS Year (Jul - Jun), 2022",Persons,Urban,15 years and above,91,,0.0,1.5,11.9,25.5,34.7,5.0,8.2,2.2,19.4,13.2,,19379.0
India,"PLFS Year (Jul - Jun), 2022",Persons,Urban,15 years and above,92,,34.8,29.0,25.9,22.3,19.7,9.4,21.4,20.1,20.6,24.5,,32383.0
India,"PLFS Year (Jul - Jun), 2022",Persons,Urban,15 years and above,93,,5.0,3.9,3.3,2.7,2.8,1.3,2.2,2.3,2.5,3.1,,4983.0
India,"PLFS Year (Jul - Jun), 2022",Persons,Urban,15 years and above,94,,12.0,8.7,4.8,6.2,3.5,7.5,6.4,6.9,5.6,6.7,,9687.0
India,"PLFS Year (Jul - Jun), 2022",Persons,Urban,15 years and above,95,,4.0,1.5,0.9,0.7,0.3,0.3,0.3,0.3,0.4,1.1,,1510.0
India,"PLFS Year (Jul - Jun), 2022",Persons,Urban,15 years and above,97,,3.3,1.3,0.9,0.8,0.5,0.5,0.5,0.4,0.6,1.1,,1422.0
India,"PLFS Year (Jul - Jun), 2022",Persons,Urban,15 years and above,91-97,,59.1,45.9,47.5,58.2,61.3,24.1,38.8,32.2,49.1,49.6,,69364.0
India,"PLFS Year (Jul - Jun), 2022",Persons,Urban,15 years and above,11-97,,100.0,100.0,100.0,100.0,100.0,100.0,100.0,100.0,100.0,100.0,,139211.0
India,"PLFS Year (Jul - Jun), 2022",Persons,Urban,all ages,"11,12",01-03,1.5,1.0,1.8,1.3,1.0,1.8,0.8,0.6,1.0,1.2,,2887.0
India,"PLFS Year (Jul - Jun), 2022",Persons,Urban,all ages,"11,12",01-96,7.8,8.8,16.5,15.7,13.9,16.5,14.6,12.5,14.6,12.4,,23244.0
India,"PLFS Year (Jul - Jun), 2022",Persons,Urban,all ages,"11,12",05-43,2.6,3.1,5.1,4.5,3.4,4.8,2.5,1.5,3.3,3.4,,5922.0
India,"PLFS Year (Jul - Jun), 2022",Persons,Urban,all ages,"11,12",45-96,3.7,4.7,9.6,9.9,9.5,9.8,11.3,10.4,10.3,7.8,,14435.0
India,"PLFS Year (Jul - Jun), 2022",Persons,Urban,all ages,21,01-03,0.8,0.4,0.6,0.6,0.5,0.4,0.4,0.2,0.5,0.5,,1195.0
India,"PLFS Year (Jul - Jun), 2022",Persons,Urban,all ages,21,01-96,1.9,1.7,2.8,3.2,3.2,2.5,3.1,1.9,3.0,2.5,,4753.0
India,"PLFS Year (Jul - Jun), 2022",Persons,Urban,all ages,21,05-43,0.4,0.4,0.8,0.7,0.6,1.0,0.6,0.5,0.6,0.6,,975.0
India,"PLFS Year (Jul - Jun), 2022",Persons,Urban,all ages,21,45-96,0.8,0.9,1.4,1.9,2.1,1.1,2.0,1.2,1.9,1.4,,2583.0
India,"PLFS Year (Jul - Jun), 2022",Persons,Urban,all ages,11-21,01-03,2.3,1.4,2.4,1.9,1.5,2.2,1.2,0.8,1.5,1.7,,4082.0
India,"PLFS Year (Jul - Jun), 2022",Persons,Urban,all ages,11-21,01-96,9.7,10.6,19.3,18.9,17.1,19.0,17.7,14.4,17.6,14.9,,27997.0
India,"PLFS Year (Jul - Jun), 2022",Persons,Urban,all ages,11-21,05-43,2.9,3.5,5.9,5.2,4.0,5.8,3.1,2.0,3.9,4.0,,6897.0
India,"PLFS Year (Jul - Jun), 2022",Persons,Urban,all ages,11-21,45-96,4.5,5.6,11.0,11.8,11.6,11.0,13.3,11.6,12.2,9.2,,17018.0
India,"PLFS Year (Jul - Jun), 2022",Persons,Urban,all ages,31,01-03,0.1,0.1,0.1,0.1,0.1,0.1,0.1,0.1,0.1,0.1,,198.0
India,"PLFS Year (Jul - Jun), 2022",Persons,Urban,all ages,31,01-99,6.9,8.9,18.5,17.4,17.4,46.4,35.6,45.7,27.0,18.1,,30025.0
India,"PLFS Year (Jul - Jun), 2022",Persons,Urban,all ages,31,05-43,2.3,3.4,7.4,6.1,5.4,22.1,6.5,5.3,6.5,5.2,,7604.0
India,"PLFS Year (Jul - Jun), 2022",Persons,Urban,all ages,31,45-99,4.4,5.4,10.9,11.2,11.9,24.1,29.0,40.3,20.5,12.7,,22223.0
India,"PLFS Year (Jul - Jun), 2022",Persons,Urban,all ages,41,,0.1,0.1,0.2,0.1,0.0,0.0,0.0,0.0,0.0,0.1,,190.0
India,"PLFS Year (Jul - Jun), 2022",Persons,Urban,all ages,51,01-03,1.3,0.6,0.6,0.3,0.1,0.0,0.0,0.0,0.1,0.5,,733.0
India,"PLFS Year (Jul - Jun), 2022",Persons,Urban,all ages,51,01-99,6.3,5.9,7.8,4.2,2.1,2.9,0.5,0.1,2.0,4.6,,7398.0
India,"PLFS Year (Jul - Jun), 2022",Persons,Urban,all ages,51,05-43,4.2,4.1,5.7,3.1,1.5,2.4,0.4,0.1,1.5,3.2,,5396.0
India,"PLFS Year (Jul - Jun), 2022",Persons,Urban,all ages,51,45-99,0.8,1.3,1.5,0.8,0.5,0.5,0.2,0.0,0.4,0.9,,1269.0
India,"PLFS Year (Jul - Jun), 2022",Persons,Urban,all ages,41 & 51,01-99,6.4,6.1,8.0,4.3,2.1,2.9,0.5,0.1,2.0,4.7,,7588.0
India,"PLFS Year (Jul - Jun), 2022",Persons,Urban,all ages,11-51,01-03,3.8,2.2,3.2,2.4,1.7,2.4,1.3,0.9,1.7,2.4,,5107.0
India,"PLFS Year (Jul - Jun), 2022",Persons,Urban,all ages,11-51,01-99,23.0,25.5,45.8,40.6,36.6,68.3,53.8,60.2,46.6,37.7,,65610.0
India,"PLFS Year (Jul - Jun), 2022",Persons,Urban,all ages,11-51,05-43,9.5,11.0,19.1,14.5,10.9,30.4,9.9,7.4,11.9,12.5,,19986.0
India,"PLFS Year (Jul - Jun), 2022",Persons,Urban,all ages,11-51,45-99,9.7,12.3,23.5,23.8,24.0,35.5,42.5,51.9,33.1,22.8,,40517.0
India,"PLFS Year (Jul - Jun), 2022",Persons,Urban,all ages,81,,0.2,0.3,1.0,1.1,2.1,7.6,7.4,7.6,4.3,2.1,,4305.0
India,"PLFS Year (Jul - Jun), 2022",Persons,Urban,all ages,11-81,,23.2,25.9,46.8,41.8,38.7,75.9,61.2,67.8,50.9,39.8,,69915.0
India,"PLFS Year (Jul - Jun), 2022",Persons,Urban,all ages,UR,,0.9,1.3,2.1,2.7,5.4,10.0,12.1,11.3,8.4,5.4,,
India,"PLFS Year (Jul - Jun), 2022",Persons,Urban,all ages,91,,7.4,51.6,21.4,25.6,34.7,5.0,8.2,2.2,19.4,24.9,,44174.0
India,"PLFS Year (Jul - Jun), 2022",Persons,Urban,all ages,92,,19.8,14.0,23.1,22.3,19.7,9.4,21.4,20.1,20.6,19.4,,32476.0
India,"PLFS Year (Jul - Jun), 2022",Persons,Urban,all ages,93,,2.8,1.9,2.9,2.7,2.8,1.3,2.2,2.3,2.5,2.5,,4989.0
India,"PLFS Year (Jul - Jun), 2022",Persons,Urban,all ages,94,,6.8,4.2,4.2,6.2,3.5,7.5,6.4,6.9,5.6,5.3,,9687.0
India,"PLFS Year (Jul - Jun), 2022",Persons,Urban,all ages,95,,2.5,0.8,0.8,0.7,0.3,0.3,0.3,0.3,0.4,0.9,,1581.0
India,"PLFS Year (Jul - Jun), 2022",Persons,Urban,all ages,97,,3.4,0.8,0.8,0.8,0.5,0.5,0.5,0.4,0.6,1.1,,1819.0
India,"PLFS Year (Jul - Jun), 2022",Persons,Urban,all ages,99,,34.2,1.0,0.0,0.0,0.0,0.0,0.0,0.0,0.0,6.2,,10900.0
India,"PLFS Year (Jul - Jun), 2022",Persons,Urban,all ages,91-99,,76.8,74.1,53.2,58.2,61.3,24.1,38.8,32.2,49.1,60.2,,105626.0
India,"PLFS Year (Jul - Jun), 2022",Persons,Urban,all ages,11-99,,100.0,100.0,100.0,100.0,100.0,100.0,100.0,100.0,100.0,100.0,,175541.0
India,"PLFS Year (Jul - Jun), 2022",Male,Rural + Urban,15-29 years,"11,12",01-03,9.1,3.1,3.4,3.2,2.8,2.4,3.1,1.7,2.9,3.3,,1608.0
India,"PLFS Year (Jul - Jun), 2022",Male,Rural + Urban,15-29 years,"11,12",01-96,14.8,9.6,11.7,9.1,9.6,11.8,12.2,11.8,10.1,10.6,,6248.0
India,"PLFS Year (Jul - Jun), 2022",Male,Rural + Urban,15-29 years,"11,12",05-43,1.5,2.3,2.5,1.8,1.6,3.5,1.4,1.1,1.7,2.0,,1140.0
India,"PLFS Year (Jul - Jun), 2022",Male,Rural + Urban,15-29 years,"11,12",45-96,4.2,4.2,5.7,4.1,5.3,5.8,7.7,9.0,5.5,5.4,,3500.0
India,"PLFS Year (Jul - Jun), 2022",Male,Rural + Urban,15-29 years,21,01-03,9.8,8.8,11.9,9.1,11.5,7.7,10.4,8.2,10.2,10.4,,5120.0
India,"PLFS Year (Jul - Jun), 2022",Male,Rural + Urban,15-29 years,21,01-96,12.5,11.1,14.7,11.7,14.8,9.8,14.5,11.5,13.4,13.4,,7092.0
India,"PLFS Year (Jul - Jun), 2022",Male,Rural + Urban,15-29 years,21,05-43,1.0,0.7,0.9,0.7,0.8,0.8,1.1,0.9,0.9,0.9,,547.0
India,"PLFS Year (Jul - Jun), 2022",Male,Rural + Urban,15-29 years,21,45-96,1.7,1.7,1.9,1.9,2.5,1.3,3.0,2.3,2.3,2.1,,1425.0
India,"PLFS Year (Jul - Jun), 2022",Male,Rural + Urban,15-29 years,11-21,01-03,18.9,11.8,15.3,12.3,14.2,10.1,13.4,9.9,13.1,13.7,,6728.0
India,"PLFS Year (Jul - Jun), 2022",Male,Rural + Urban,15-29 years,11-21,01-96,27.4,20.7,26.4,20.8,24.5,21.6,26.7,23.3,23.5,24.0,,13340.0
India,"PLFS Year (Jul - Jun), 2022",Male,Rural + Urban,15-29 years,11-21,05-43,2.5,3.0,3.5,2.5,2.4,4.3,2.6,2.0,2.6,2.8,,1687.0
India,"PLFS Year (Jul - Jun), 2022",Male,Rural + Urban,15-29 years,11-21,45-96,5.9,5.9,7.6,6.0,7.9,7.2,10.7,11.3,7.9,7.5,,4925.0
India,"PLFS Year (Jul - Jun), 2022",Male,Rural + Urban,15-29 years,31,01-03,0.5,0.8,0.2,0.2,0.2,0.1,0.1,0.1,0.2,0.3,,123.0
India,"PLFS Year (Jul - Jun), 2022",Male,Rural + Urban,15-29 years,31,01-99,10.7,11.7,14.1,10.3,12.4,42.1,30.7,41.3,17.6,15.8,,10279.0
India,"PLFS Year (Jul - Jun), 2022",Male,Rural + Urban,15-29 years,31,05-43,4.1,5.1,6.3,4.3,4.6,24.4,7.4,7.0,6.0,5.9,,3455.0
India,"PLFS Year (Jul - Jun), 2022",Male,Rural + Urban,15-29 years,31,45-99,6.1,5.7,7.5,5.8,7.6,17.6,23.2,34.3,11.4,9.5,,6701.0
India,"PLFS Year (Jul - Jun), 2022",Male,Rural + Urban,15-29 years,41,,0.0,0.2,0.1,0.0,0.1,0.0,0.0,0.0,0.0,0.1,,55.0
India,"PLFS Year (Jul - Jun), 2022",Male,Rural + Urban,15-29 years,51,01-03,9.5,6.6,3.6,1.6,1.4,1.1,0.9,0.0,1.3,2.8,,1132.0
India,"PLFS Year (Jul - Jun), 2022",Male,Rural + Urban,15-29 years,51,01-99,43.4,56.0,20.1,9.7,6.4,7.4,3.4,0.8,6.8,17.5,,6788.0
India,"PLFS Year (Jul - Jun), 2022",Male,Rural + Urban,15-29 years,51,05-43,32.1,47.3,15.0,7.0,4.3,5.0,1.9,0.6,4.7,13.5,,4972.0
India,"PLFS Year (Jul - Jun), 2022",Male,Rural + Urban,15-29 years,51,45-99,1.8,2.1,1.5,1.1,0.7,1.4,0.7,0.2,0.8,1.2,,684.0
India,"PLFS Year (Jul - Jun), 2022",Male,Rural + Urban,15-29 years,41 & 51,01-99,43.4,56.2,20.2,9.7,6.5,7.4,3.4,0.8,6.9,17.6,,6843.0
India,"PLFS Year (Jul - Jun), 2022",Male,Rural + Urban,15-29 years,11-51,01-03,28.9,19.3,19.1,14.1,15.9,11.3,14.5,10.0,14.6,16.8,,7985.0
India,"PLFS Year (Jul - Jun), 2022",Male,Rural + Urban,15-29 years,11-51,01-99,81.4,88.5,60.7,40.8,43.4,71.1,60.8,65.4,48.0,57.3,,30462.0
India,"PLFS Year (Jul - Jun), 2022",Male,Rural + Urban,15-29 years,11-51,05-43,38.7,55.6,24.9,13.9,11.3,33.7,11.8,9.6,13.3,22.3,,10167.0
India,"PLFS Year (Jul - Jun), 2022",Male,Rural + Urban,15-29 years,11-51,45-99,13.9,13.6,16.7,12.8,16.2,26.1,34.6,45.8,20.1,18.2,,12310.0
India,"PLFS Year (Jul - Jun), 2022",Male,Rural + Urban,15-29 years,81,,2.1,2.0,3.7,2.9,4.4,16.9,20.2,27.1,8.3,6.2,,4133.0
India,"PLFS Year (Jul - Jun), 2022",Male,Rural + Urban,15-29 years,11-81,,83.6,90.5,64.4,43.7,47.8,88.0,81.0,92.6,56.3,63.5,,34595.0
India,"PLFS Year (Jul - Jun), 2022",Male,Rural + Urban,15-29 years,UR,,2.6,2.2,5.8,6.6,9.2,19.2,24.9,29.3,14.8,9.7,,
India,"PLFS Year (Jul - Jun), 2022",Male,Rural + Urban,15-29 years,91,,0.0,6.4,33.7,55.5,51.7,11.6,18.3,6.5,43.1,34.7,,22129.0
India,"PLFS Year (Jul - Jun), 2022",Male,Rural + Urban,15-29 years,92,,2.0,0.6,0.5,0.1,0.1,0.1,0.2,0.5,0.1,0.3,,171.0
India,"PLFS Year (Jul - Jun), 2022",Male,Rural + Urban,15-29 years,93,,0.2,0.1,0.1,0.0,0.0,0.0,0.0,0.0,0.0,0.1,,68.0
India,"PLFS Year (Jul - Jun), 2022",Male,Rural + Urban,15-29 years,94,,0.2,0.0,0.0,0.0,0.0,0.0,0.1,0.0,0.0,0.0,,18.0
India,"PLFS Year (Jul - Jun), 2022",Male,Rural + Urban,15-29 years,95,,10.5,1.1,0.5,0.3,0.2,0.0,0.1,0.1,0.2,0.7,,421.0
India,"PLFS Year (Jul - Jun), 2022",Male,Rural + Urban,15-29 years,97,,3.5,1.2,0.7,0.3,0.3,0.2,0.3,0.3,0.3,0.6,,313.0
India,"PLFS Year (Jul - Jun), 2022",Male,Rural + Urban,15-29 years,91-97,,16.4,9.5,35.6,56.3,52.2,12.0,19.0,7.4,43.7,36.5,,23120.0
India,"PLFS Year (Jul - Jun), 2022",Male,Rural + Urban,15-29 years,11-97,,100.0,100.0,100.0,100.0,100.0,100.0,100.0,100.0,100.0,100.0,,57715.0
India,"PLFS Year (Jul - Jun), 2022",Male,Rural + Urban,15 years and above,"11,12",01-03,37.3,21.3,16.1,13.9,10.3,5.0,7.3,5.0,10.3,17.9,,22616.0
India,"PLFS Year (Jul - Jun), 2022",Male,Rural + Urban,15 years and above,"11,12",01-96,46.2,37.9,34.4,30.3,25.8,20.7,26.2,22.2,27.0,33.7,,51808.0
India,"PLFS Year (Jul - Jun), 2022",Male,Rural + Urban,15 years and above,"11,12",05-43,3.1,5.5,5.6,4.5,3.5,5.8,3.2,2.4,3.8,4.4,,7524.0
India,"PLFS Year (Jul - Jun), 2022",Male,Rural + Urban,15 years and above,"11,12",45-96,5.9,11.1,12.7,12.0,11.9,9.9,15.7,14.8,12.9,11.4,,21668.0
India,"PLFS Year (Jul - Jun), 2022",Male,Rural + Urban,15 years and above,21,01-03,2.1,3.8,6.8,5.9,8.7,5.1,5.9,2.6,6.5,5.4,,7287.0
India,"PLFS Year (Jul - Jun), 2022",Male,Rural + Urban,15 years and above,21,01-96,2.5,4.7,8.4,7.7,11.3,6.8,8.8,4.7,8.8,7.0,,10382.0
India,"PLFS Year (Jul - Jun), 2022",Male,Rural + Urban,15 years and above,21,05-43,0.2,0.3,0.5,0.5,0.6,0.7,0.7,0.5,0.6,0.5,,848.0
India,"PLFS Year (Jul - Jun), 2022",Male,Rural + Urban,15 years and above,21,45-96,0.3,0.6,1.1,1.3,2.0,1.0,2.1,1.6,1.7,1.2,,2247.0
India,"PLFS Year (Jul - Jun), 2022",Male,Rural + Urban,15 years and above,11-21,01-03,39.3,25.1,22.9,19.7,19.0,10.1,13.2,7.6,16.8,23.3,,29903.0
India,"PLFS Year (Jul - Jun), 2022",Male,Rural + Urban,15 years and above,11-21,01-96,48.7,42.6,42.8,38.0,37.1,27.5,35.0,27.0,35.9,40.7,,62190.0
India,"PLFS Year (Jul - Jun), 2022",Male,Rural + Urban,15 years and above,11-21,05-43,3.2,5.8,6.1,5.0,4.2,6.4,4.0,3.0,4.4,4.8,,8372.0
India,"PLFS Year (Jul - Jun), 2022",Male,Rural + Urban,15 years and above,11-21,45-96,6.2,11.7,13.8,13.3,13.9,10.9,17.8,16.3,14.7,12.6,,23915.0
India,"PLFS Year (Jul - Jun), 2022",Male,Rural + Urban,15 years and above,31,01-03,0.6,0.6,0.3,0.2,0.2,0.1,0.2,0.2,0.2,0.3,,562.0
India,"PLFS Year (Jul - Jun), 2022",Male,Rural + Urban,15 years and above,31,01-99,5.5,11.2,15.9,15.8,18.2,44.3,38.4,54.1,25.5,17.6,,34044.0
India,"PLFS Year (Jul - Jun), 2022",Male,Rural + Urban,15 years and above,31,05-43,2.6,4.9,6.9,5.9,5.9,25.1,8.4,6.9,7.4,6.1,,10282.0
India,"PLFS Year (Jul - Jun), 2022",Male,Rural + Urban,15 years and above,31,45-99,2.3,5.8,8.7,9.6,12.0,19.1,29.8,46.9,17.9,11.2,,23200.0
India,"PLFS Year (Jul - Jun), 2022",Male,Rural + Urban,15 years and above,41,,0.3,0.3,0.1,0.0,0.0,0.0,0.0,0.0,0.0,0.1,,268.0
India,"PLFS Year (Jul - Jun), 2022",Male,Rural + Urban,15 years and above,51,01-03,9.7,7.6,4.2,2.5,1.8,0.6,0.6,0.0,1.6,4.5,,5037.0
India,"PLFS Year (Jul - Jun), 2022",Male,Rural + Urban,15 years and above,51,01-99,24.4,33.9,20.3,11.6,7.1,6.3,2.3,0.5,7.1,17.5,,22310.0
India,"PLFS Year (Jul - Jun), 2022",Male,Rural + Urban,15 years and above,51,05-43,13.7,24.1,14.5,8.1,4.5,4.8,1.3,0.3,4.7,11.7,,15285.0
India,"PLFS Year (Jul - Jun), 2022",Male,Rural + Urban,15 years and above,51,45-99,0.9,2.2,1.6,1.1,0.7,0.9,0.5,0.2,0.8,1.2,,1988.0
India,"PLFS Year (Jul - Jun), 2022",Male,Rural + Urban,15 years and above,41 & 51,01-99,24.7,34.3,20.4,11.7,7.1,6.3,2.3,0.5,7.1,17.7,,22578.0
India,"PLFS Year (Jul - Jun), 2022",Male,Rural + Urban,15 years and above,11-51,01-03,49.6,33.4,27.4,22.4,21.0,10.9,13.9,7.9,18.6,28.2,,35539.0
India,"PLFS Year (Jul - Jun), 2022",Male,Rural + Urban,15 years and above,11-51,01-99,78.9,88.1,79.2,65.4,62.4,78.1,75.6,81.5,68.5,76.0,,118812.0
India,"PLFS Year (Jul - Jun), 2022",Male,Rural + Urban,15 years and above,11-51,05-43,19.8,35.0,27.7,19.0,14.7,36.3,13.7,10.2,16.5,22.8,,34170.0
India,"PLFS Year (Jul - Jun), 2022",Male,Rural + Urban,15 years and above,11-51,45-99,9.4,19.7,24.1,24.0,26.7,30.9,48.1,63.4,33.4,25.0,,49103.0
India,"PLFS Year (Jul - Jun), 2022",Male,Rural + Urban,15 years and above,81,,0.2,0.6,1.7,1.6,2.9,10.1,9.6,7.9,4.7,2.6,,4829.0
India,"PLFS Year (Jul - Jun), 2022",Male,Rural + Urban,15 years and above,11-81,,79.1,88.7,80.9,67.0,65.3,88.2,85.2,89.4,73.1,78.5,,123641.0
India,"PLFS Year (Jul - Jun), 2022",Male,Rural + Urban,15 years and above,UR,,0.3,0.7,2.1,2.4,4.5,11.4,11.2,8.8,6.4,3.3,,
India,"PLFS Year (Jul - Jun), 2022",Male,Rural + Urban,15 years and above,91,,0.0,1.7,13.5,26.7,30.7,6.2,7.8,2.0,21.0,12.5,,22164.0
India,"PLFS Year (Jul - Jun), 2022",Male,Rural + Urban,15 years and above,92,,1.4,0.8,0.7,0.4,0.3,0.4,0.4,0.7,0.4,0.7,,1182.0
India,"PLFS Year (Jul - Jun), 2022",Male,Rural + Urban,15 years and above,93,,0.3,0.1,0.1,0.0,0.0,0.0,0.0,0.1,0.0,0.1,,228.0
India,"PLFS Year (Jul - Jun), 2022",Male,Rural + Urban,15 years and above,94,,11.2,5.4,2.9,4.5,2.8,4.6,5.8,7.0,4.5,5.4,,9616.0
India,"PLFS Year (Jul - Jun), 2022",Male,Rural + Urban,15 years and above,95,,4.4,1.8,1.1,0.7,0.4,0.2,0.3,0.2,0.5,1.5,,2412.0
India,"PLFS Year (Jul - Jun), 2022",Male,Rural + Urban,15 years and above,97,,3.7,1.4,0.9,0.6,0.4,0.4,0.4,0.6,0.5,1.3,,1889.0
India,"PLFS Year (Jul - Jun), 2022",Male,Rural + Urban,15 years and above,91-97,,20.9,11.3,19.1,33.0,34.7,11.8,14.8,10.6,26.9,21.5,,37491.0
India,"PLFS Year (Jul - Jun), 2022",Male,Rural + Urban,15 years and above,11-97,,100.0,100.0,100.0,100.0,100.0,100.0,100.0,100.0,100.0,100.0,,161132.0
India,"PLFS Year (Jul - Jun), 2022",Male,Rural + Urban,all ages,"11,12",01-03,19.0,9.5,14.5,13.8,10.3,5.0,7.3,5.0,10.3,12.8,,22618.0
India,"PLFS Year (Jul - Jun), 2022",Male,Rural + Urban,all ages,"11,12",01-96,23.6,16.9,31.0,30.3,25.8,20.7,26.2,22.2,27.0,24.1,,51813.0
India,"PLFS Year (Jul - Jun), 2022",Male,Rural + Urban,all ages,"11,12",05-43,1.6,2.5,5.0,4.4,3.5,5.8,3.2,2.4,3.8,3.1,,7526.0
India,"PLFS Year (Jul - Jun), 2022",Male,Rural + Urban,all ages,"11,12",45-96,3.0,4.9,11.4,12.0,11.9,9.9,15.7,14.8,12.9,8.2,,21669.0
India,"PLFS Year (Jul - Jun), 2022",Male,Rural + Urban,all ages,21,01-03,1.1,1.8,6.2,5.9,8.7,5.1,5.9,2.6,6.5,3.9,,7381.0
India,"PLFS Year (Jul - Jun), 2022",Male,Rural + Urban,all ages,21,01-96,1.3,2.2,7.7,7.7,11.3,6.8,8.8,4.7,8.8,5.1,,10514.0
India,"PLFS Year (Jul - Jun), 2022",Male,Rural + Urban,all ages,21,05-43,0.1,0.2,0.5,0.5,0.6,0.7,0.7,0.5,0.6,0.3,,856.0
India,"PLFS Year (Jul - Jun), 2022",Male,Rural + Urban,all ages,21,45-96,0.2,0.3,1.0,1.3,2.0,1.0,2.1,1.6,1.7,0.8,,2277.0
India,"PLFS Year (Jul - Jun), 2022",Male,Rural + Urban,all ages,11-21,01-03,20.1,11.2,20.8,19.7,19.0,10.1,13.2,7.6,16.8,16.7,,29999.0
India,"PLFS Year (Jul - Jun), 2022",Male,Rural + Urban,all ages,11-21,01-96,24.9,19.1,38.7,38.0,37.1,27.5,35.0,27.0,35.9,29.1,,62327.0
India,"PLFS Year (Jul - Jun), 2022",Male,Rural + Urban,all ages,11-21,05-43,1.7,2.6,5.5,5.0,4.2,6.4,4.0,3.0,4.4,3.5,,8382.0
India,"PLFS Year (Jul - Jun), 2022",Male,Rural + Urban,all ages,11-21,45-96,3.2,5.2,12.5,13.3,13.9,10.9,17.8,16.3,14.7,9.0,,23946.0
India,"PLFS Year (Jul - Jun), 2022",Male,Rural + Urban,all ages,31,01-03,0.3,0.3,0.3,0.2,0.2,0.1,0.2,0.2,0.2,0.2,,562.0
India,"PLFS Year (Jul - Jun), 2022",Male,Rural + Urban,all ages,31,01-99,2.8,5.0,14.4,15.7,18.2,44.3,38.4,54.1,25.5,12.6,,34061.0
India,"PLFS Year (Jul - Jun), 2022",Male,Rural + Urban,all ages,31,05-43,1.3,2.2,6.3,5.9,5.9,25.1,8.4,6.9,7.4,4.3,,10291.0
India,"PLFS Year (Jul - Jun), 2022",Male,Rural + Urban,all ages,31,45-99,1.2,2.6,7.8,9.6,12.0,19.1,29.8,46.9,17.9,8.0,,23208.0
India,"PLFS Year (Jul - Jun), 2022",Male,Rural + Urban,all ages,41,,0.1,0.1,0.1,0.0,0.0,0.0,0.0,0.0,0.0,0.1,,268.0
India,"PLFS Year (Jul - Jun), 2022",Male,Rural + Urban,all ages,51,01-03,5.0,3.4,3.8,2.5,1.8,0.6,0.6,0.0,1.6,3.3,,5041.0
India,"PLFS Year (Jul - Jun), 2022",Male,Rural + Urban,all ages,51,01-99,12.5,15.1,18.3,11.6,7.1,6.3,2.3,0.5,7.1,12.5,,22323.0
India,"PLFS Year (Jul - Jun), 2022",Male,Rural + Urban,all ages,51,05-43,7.0,10.7,13.1,8.1,4.5,4.8,1.3,0.3,4.7,8.4,,15291.0
India,"PLFS Year (Jul - Jun), 2022",Male,Rural + Urban,all ages,51,45-99,0.5,1.0,1.4,1.1,0.7,0.9,0.5,0.2,0.8,0.9,,1991.0
India,"PLFS Year (Jul - Jun), 2022",Male,Rural + Urban,all ages,41 & 51,01-99,12.6,15.3,18.4,11.7,7.1,6.3,2.3,0.5,7.1,12.6,,22591.0
India,"PLFS Year (Jul - Jun), 2022",Male,Rural + Urban,all ages,11-51,01-03,25.4,14.9,24.8,22.4,21.0,10.9,13.9,7.9,18.6,20.2,,35639.0
India,"PLFS Year (Jul - Jun), 2022",Male,Rural + Urban,all ages,11-51,01-99,40.3,39.4,71.5,65.4,62.4,78.1,75.6,81.5,68.5,54.4,,118979.0
India,"PLFS Year (Jul - Jun), 2022",Male,Rural + Urban,all ages,11-51,05-43,10.1,15.6,24.9,19.0,14.7,36.3,13.7,10.2,16.5,16.3,,34195.0
India,"PLFS Year (Jul - Jun), 2022",Male,Rural + Urban,all ages,11-51,45-99,4.8,8.8,21.7,24.0,26.7,30.9,48.1,63.4,33.3,17.9,,49145.0
India,"PLFS Year (Jul - Jun), 2022",Male,Rural + Urban,all ages,81,,0.1,0.3,1.5,1.6,2.9,10.1,9.6,7.9,4.7,1.8,,4844.0
India,"PLFS Year (Jul - Jun), 2022",Male,Rural + Urban,all ages,11-81,,40.5,39.6,73.0,67.0,65.3,88.2,85.2,89.4,73.1,56.2,,123823.0
India,"PLFS Year (Jul - Jun), 2022",Male,Rural + Urban,all ages,UR,,0.3,0.7,2.1,2.4,4.5,11.4,11.2,8.8,6.4,3.3,,
India,"PLFS Year (Jul - Jun), 2022",Male,Rural + Urban,all ages,91,,6.1,55.1,21.9,26.8,30.7,6.2,7.8,2.0,21.0,27.4,,57568.0
India,"PLFS Year (Jul - Jun), 2022",Male,Rural + Urban,all ages,92,,0.8,0.4,0.6,0.4,0.3,0.4,0.4,0.7,0.4,0.5,,1226.0
India,"PLFS Year (Jul - Jun), 2022",Male,Rural + Urban,all ages,93,,0.2,0.1,0.1,0.0,0.0,0.0,0.0,0.1,0.0,0.1,,238.0
India,"PLFS Year (Jul - Jun), 2022",Male,Rural + Urban,all ages,94,,5.7,2.4,2.6,4.5,2.8,4.6,5.8,7.0,4.5,3.8,,9618.0
India,"PLFS Year (Jul - Jun), 2022",Male,Rural + Urban,all ages,95,,2.4,0.8,1.0,0.7,0.4,0.2,0.3,0.2,0.5,1.1,,2510.0
India,"PLFS Year (Jul - Jun), 2022",Male,Rural + Urban,all ages,97,,3.4,0.8,0.8,0.6,0.4,0.4,0.4,0.6,0.5,1.3,,2474.0
India,"PLFS Year (Jul - Jun), 2022",Male,Rural + Urban,all ages,99,,41.0,0.8,0.0,0.0,0.0,0.0,0.0,0.0,0.0,9.5,,15827.0
India,"PLFS Year (Jul - Jun), 2022",Male,Rural + Urban,all ages,91-99,,59.5,60.4,27.0,33.0,34.7,11.8,14.8,10.6,26.9,43.8,,89461.0
India,"PLFS Year (Jul - Jun), 2022",Male,Rural + Urban,all ages,11-99,,100.0,100.0,100.0,100.0,100.0,100.0,100.0,100.0,100.0,100.0,,213284.0
India,"PLFS Year (Jul - Jun), 2022",Female,Rural + Urban,15-29 years,"11,12",01-03,5.1,2.8,2.2,1.4,0.9,1.6,0.5,0.4,1.0,1.8,,965.0
India,"PLFS Year (Jul - Jun), 2022",Female,Rural + Urban,15-29 years,"11,12",01-96,6.8,5.4,5.4,3.8,4.2,4.9,4.4,3.4,4.1,4.8,,2787.0
India,"PLFS Year (Jul - Jun), 2022",Female,Rural + Urban,15-29 years,"11,12",05-43,1.6,2.1,3.0,1.9,2.3,1.4,1.8,0.3,1.9,2.2,,1228.0
India,"PLFS Year (Jul - Jun), 2022",Female,Rural + Urban,15-29 years,"11,12",45-96,0.1,0.6,0.3,0.5,1.0,1.8,2.2,2.7,1.2,0.8,,594.0
India,"PLFS Year (Jul - Jun), 2022",Female,Rural + Urban,15-29 years,21,01-03,17.7,10.7,10.7,6.7,6.3,5.8,3.3,2.7,5.6,8.3,,4256.0
India,"PLFS Year (Jul - Jun), 2022",Female,Rural + Urban,15-29 years,21,01-96,19.5,12.2,12.2,7.9,7.3,7.6,4.6,3.2,6.7,9.6,,4984.0
India,"PLFS Year (Jul - Jun), 2022",Female,Rural + Urban,15-29 years,21,05-43,0.6,0.9,0.9,0.6,0.5,0.1,0.4,0.2,0.5,0.7,,335.0
India,"PLFS Year (Jul - Jun), 2022",Female,Rural + Urban,15-29 years,21,45-96,1.2,0.6,0.6,0.6,0.5,1.7,0.9,0.3,0.6,0.7,,393.0
India,"PLFS Year (Jul - Jun), 2022",Female,Rural + Urban,15-29 years,11-21,01-03,22.8,13.5,12.9,8.1,7.1,7.4,3.8,3.1,6.6,10.1,,5221.0
India,"PLFS Year (Jul - Jun), 2022",Female,Rural + Urban,15-29 years,11-21,01-96,26.3,17.6,17.6,11.6,11.4,12.5,9.0,6.7,10.8,14.4,,7771.0
India,"PLFS Year (Jul - Jun), 2022",Female,Rural + Urban,15-29 years,11-21,05-43,2.2,2.9,3.9,2.5,2.8,1.6,2.2,0.6,2.4,2.8,,1563.0
India,"PLFS Year (Jul - Jun), 2022",Female,Rural + Urban,15-29 years,11-21,45-96,1.3,1.2,0.9,1.1,1.5,3.6,3.0,3.1,1.8,1.5,,987.0
India,"PLFS Year (Jul - Jun), 2022",Female,Rural + Urban,15-29 years,31,01-03,0.7,0.3,0.1,0.1,0.0,0.1,0.1,0.0,0.1,0.1,,56.0
India,"PLFS Year (Jul - Jun), 2022",Female,Rural + Urban,15-29 years,31,01-99,2.6,2.0,1.6,1.7,2.9,25.9,14.5,25.0,6.4,4.3,,3022.0
India,"PLFS Year (Jul - Jun), 2022",Female,Rural + Urban,15-29 years,31,05-43,0.5,0.4,0.5,0.5,0.6,2.2,1.0,1.4,0.7,0.6,,375.0
India,"PLFS Year (Jul - Jun), 2022",Female,Rural + Urban,15-29 years,31,45-99,1.4,1.3,1.0,1.2,2.3,23.6,13.5,23.5,5.6,3.6,,2591.0
India,"PLFS Year (Jul - Jun), 2022",Female,Rural + Urban,15-29 years,41,,0.1,0.3,0.2,0.1,0.1,0.0,0.1,0.0,0.1,0.2,,114.0
India,"PLFS Year (Jul - Jun), 2022",Female,Rural + Urban,15-29 years,51,01-03,8.8,5.0,2.7,1.7,0.7,0.2,0.2,0.1,0.9,2.4,,823.0
India,"PLFS Year (Jul - Jun), 2022",Female,Rural + Urban,15-29 years,51,01-99,11.7,6.0,3.4,2.0,0.9,0.8,0.2,0.1,1.1,3.0,,1127.0
India,"PLFS Year (Jul - Jun), 2022",Female,Rural + Urban,15-29 years,51,05-43,2.8,0.9,0.6,0.2,0.2,0.6,0.0,0.0,0.2,0.6,,251.0
India,"PLFS Year (Jul - Jun), 2022",Female,Rural + Urban,15-29 years,51,45-99,0.1,0.1,0.1,0.0,0.0,0.0,0.0,0.0,0.0,0.0,,53.0
India,"PLFS Year (Jul - Jun), 2022",Female,Rural + Urban,15-29 years,41 & 51,01-99,11.8,6.3,3.6,2.1,1.0,0.8,0.3,0.1,1.2,3.2,,1241.0
India,"PLFS Year (Jul - Jun), 2022",Female,Rural + Urban,15-29 years,11-51,01-03,32.2,18.7,15.7,9.9,7.9,7.6,4.0,3.1,7.5,12.6,,6106.0
India,"PLFS Year (Jul - Jun), 2022",Female,Rural + Urban,15-29 years,11-51,01-99,40.7,25.9,22.8,15.5,15.4,39.3,23.8,31.8,18.4,21.9,,12034.0
India,"PLFS Year (Jul - Jun), 2022",Female,Rural + Urban,15-29 years,11-51,05-43,5.6,4.6,5.1,3.3,3.7,4.5,3.3,2.0,3.4,4.1,,2294.0
India,"PLFS Year (Jul - Jun), 2022",Female,Rural + Urban,15-29 years,11-51,45-99,2.8,2.6,2.0,2.3,3.8,27.2,16.5,26.6,7.4,5.1,,3634.0
India,"PLFS Year (Jul - Jun), 2022",Female,Rural + Urban,15-29 years,81,,0.1,0.2,0.4,0.5,1.6,13.9,12.3,18.9,4.5,2.6,,2038.0
India,"PLFS Year (Jul - Jun), 2022",Female,Rural + Urban,15-29 years,11-81,,40.7,26.1,23.1,16.0,16.9,53.2,36.1,50.7,22.8,24.5,,14072.0
India,"PLFS Year (Jul - Jun), 2022",Female,Rural + Urban,15-29 years,UR,,0.2,0.6,1.6,3.2,9.2,26.1,34.0,37.3,19.6,10.6,,
India,"PLFS Year (Jul - Jun), 2022",Female,Rural + Urban,15-29 years,91,,0.1,4.4,29.8,51.2,48.5,10.6,18.4,9.7,40.7,30.3,,18638.0
India,"PLFS Year (Jul - Jun), 2022",Female,Rural + Urban,15-29 years,92,,35.2,26.3,31.5,22.5,26.2,32.6,38.0,33.2,27.8,29.0,,15487.0
India,"PLFS Year (Jul - Jun), 2022",Female,Rural + Urban,15-29 years,93,,20.2,42.5,15.0,9.4,7.5,2.3,6.9,6.0,7.9,15.3,,4943.0
India,"PLFS Year (Jul - Jun), 2022",Female,Rural + Urban,15-29 years,94,,0.4,0.3,0.4,0.6,0.5,0.0,0.2,0.1,0.4,0.4,,148.0
India,"PLFS Year (Jul - Jun), 2022",Female,Rural + Urban,15-29 years,95,,3.3,0.5,0.2,0.1,0.1,0.0,0.0,0.1,0.1,0.4,,233.0
India,"PLFS Year (Jul - Jun), 2022",Female,Rural + Urban,15-29 years,97,,0.1,0.0,0.0,0.0,0.2,1.2,0.3,0.3,0.2,0.1,,70.0
India,"PLFS Year (Jul - Jun), 2022",Female,Rural + Urban,15-29 years,91-97,,59.3,73.9,76.9,84.0,83.1,46.8,63.9,49.3,77.2,75.5,,39519.0
India,"PLFS Year (Jul - Jun), 2022",Female,Rural + Urban,15-29 years,11-97,,100.0,100.0,100.0,100.0,100.0,100.0,100.0,100.0,100.0,100.0,,53591.0
India,"PLFS Year (Jul - Jun), 2022",Female,Rural + Urban,15 years and above,"11,12",01-03,9.8,8.0,5.5,3.3,2.0,3.5,1.0,1.0,2.2,6.2,,10339.0
India,"PLFS Year (Jul - Jun), 2022",Female,Rural + Urban,15 years and above,"11,12",01-96,12.1,12.7,10.1,7.5,6.5,9.2,5.6,5.5,6.6,10.0,,17940.0
India,"PLFS Year (Jul - Jun), 2022",Female,Rural + Urban,15 years and above,"11,12",05-43,1.4,3.4,3.5,3.1,2.8,2.2,1.7,0.5,2.5,2.5,,4487.0
India,"PLFS Year (Jul - Jun), 2022",Female,Rural + Urban,15 years and above,"11,12",45-96,0.8,1.3,1.0,1.1,1.7,3.4,2.9,4.1,2.0,1.3,,3114.0
India,"PLFS Year (Jul - Jun), 2022",Female,Rural + Urban,15 years and above,21,01-03,17.4,13.4,11.3,8.1,6.8,4.9,3.0,2.0,6.0,11.8,,16654.0
India,"PLFS Year (Jul - Jun), 2022",Female,Rural + Urban,15 years and above,21,01-96,18.6,15.8,13.3,10.0,8.2,6.7,4.4,3.1,7.6,13.4,,19449.0
India,"PLFS Year (Jul - Jun), 2022",Female,Rural + Urban,15 years and above,21,05-43,0.4,0.9,0.8,0.7,0.4,0.3,0.4,0.3,0.5,0.6,,901.0
India,"PLFS Year (Jul - Jun), 2022",Female,Rural + Urban,15 years and above,21,45-96,0.8,1.4,1.2,1.2,1.0,1.5,1.0,0.8,1.1,1.1,,1894.0
India,"PLFS Year (Jul - Jun), 2022",Female,Rural + Urban,15 years and above,11-21,01-03,27.2,21.5,16.9,11.4,8.7,8.5,4.0,3.0,8.2,17.9,,26993.0
India,"PLFS Year (Jul - Jun), 2022",Female,Rural + Urban,15 years and above,11-21,01-96,30.7,28.5,23.5,17.5,14.6,15.8,10.0,8.7,14.2,23.4,,37389.0
India,"PLFS Year (Jul - Jun), 2022",Female,Rural + Urban,15 years and above,11-21,05-43,1.8,4.3,4.4,3.8,3.2,2.5,2.1,0.8,3.0,3.1,,5388.0
India,"PLFS Year (Jul - Jun), 2022",Female,Rural + Urban,15 years and above,11-21,45-96,1.6,2.7,2.2,2.3,2.7,4.9,3.9,4.8,3.0,2.4,,5008.0
India,"PLFS Year (Jul - Jun), 2022",Female,Rural + Urban,15 years and above,31,01-03,0.3,0.2,0.1,0.1,0.0,0.0,0.0,0.0,0.0,0.1,,236.0
India,"PLFS Year (Jul - Jun), 2022",Female,Rural + Urban,15 years and above,31,01-99,2.6,4.1,4.0,4.6,5.4,26.6,17.8,31.8,10.3,5.7,,11431.0
India,"PLFS Year (Jul - Jun), 2022",Female,Rural + Urban,15 years and above,31,05-43,0.5,0.9,1.0,0.7,0.7,1.8,0.9,1.6,0.9,0.8,,1319.0
India,"PLFS Year (Jul - Jun), 2022",Female,Rural + Urban,15 years and above,31,45-99,1.8,3.0,2.9,3.8,4.6,24.7,16.9,30.1,9.4,4.8,,9876.0
India,"PLFS Year (Jul - Jun), 2022",Female,Rural + Urban,15 years and above,41,,1.0,1.2,0.9,0.5,0.2,0.5,0.1,0.0,0.3,0.8,,1484.0
India,"PLFS Year (Jul - Jun), 2022",Female,Rural + Urban,15 years and above,51,01-03,8.6,6.6,3.7,2.3,0.9,0.2,0.1,0.0,1.2,4.8,,5217.0
India,"PLFS Year (Jul - Jun), 2022",Female,Rural + Urban,15 years and above,51,01-99,10.3,8.3,4.7,2.8,1.1,0.6,0.2,0.0,1.4,5.9,,6890.0
India,"PLFS Year (Jul - Jun), 2022",Female,Rural + Urban,15 years and above,51,05-43,1.6,1.5,0.8,0.4,0.2,0.5,0.0,0.0,0.2,1.0,,1373.0
India,"PLFS Year (Jul - Jun), 2022",Female,Rural + Urban,15 years and above,51,45-99,0.2,0.2,0.2,0.1,0.0,0.0,0.0,0.0,0.0,0.1,,300.0
India,"PLFS Year (Jul - Jun), 2022",Female,Rural + Urban,15 years and above,41 & 51,01-99,11.4,9.5,5.6,3.3,1.4,1.1,0.3,0.1,1.7,6.7,,8374.0
India,"PLFS Year (Jul - Jun), 2022",Female,Rural + Urban,15 years and above,11-51,01-03,36.1,28.5,21.0,13.9,9.7,8.8,4.1,3.0,9.4,23.1,,32754.0
India,"PLFS Year (Jul - Jun), 2022",Female,Rural + Urban,15 years and above,11-51,01-99,44.6,42.1,33.0,25.4,21.3,43.5,28.1,40.5,26.2,35.9,,57194.0
India,"PLFS Year (Jul - Jun), 2022",Female,Rural + Urban,15 years and above,11-51,05-43,4.9,7.6,6.7,5.3,4.3,5.2,3.2,2.5,4.3,5.5,,9229.0
India,"PLFS Year (Jul - Jun), 2022",Female,Rural + Urban,15 years and above,11-51,45-99,3.6,6.0,5.3,6.2,7.4,29.6,20.8,35.0,12.5,7.3,,15211.0
India,"PLFS Year (Jul - Jun), 2022",Female,Rural + Urban,15 years and above,81,,0.0,0.1,0.3,0.4,1.2,8.4,7.3,9.3,3.0,1.1,,2554.0
India,"PLFS Year (Jul - Jun), 2022",Female,Rural + Urban,15 years and above,11-81,,44.6,42.2,33.3,25.8,22.5,51.9,35.4,49.8,29.2,37.0,,59748.0
India,"PLFS Year (Jul - Jun), 2022",Female,Rural + Urban,15 years and above,UR,,0.0,0.2,0.8,1.6,5.2,16.2,20.6,18.7,10.3,2.9,,
India,"PLFS Year (Jul - Jun), 2022",Female,Rural + Urban,15 years and above,91,,0.0,1.2,13.8,28.6,32.3,5.3,9.9,3.9,23.2,10.5,,18690.0
India,"PLFS Year (Jul - Jun), 2022",Female,Rural + Urban,15 years and above,92,,24.3,29.2,35.0,32.1,33.9,33.6,43.7,36.9,35.7,31.0,,52775.0
India,"PLFS Year (Jul - Jun), 2022",Female,Rural + Urban,15 years and above,93,,17.0,22.0,15.2,10.9,9.6,4.4,8.3,6.2,9.4,15.0,,16731.0
India,"PLFS Year (Jul - Jun), 2022",Female,Rural + Urban,15 years and above,94,,9.7,4.2,2.2,2.3,1.4,4.0,2.3,2.8,2.1,4.8,,8378.0
India,"PLFS Year (Jul - Jun), 2022",Female,Rural + Urban,15 years and above,95,,2.0,0.6,0.3,0.2,0.1,0.1,0.1,0.2,0.2,0.8,,1398.0
India,"PLFS Year (Jul - Jun), 2022",Female,Rural + Urban,15 years and above,97,,2.3,0.6,0.2,0.2,0.2,0.7,0.2,0.2,0.2,0.9,,1408.0
India,"PLFS Year (Jul - Jun), 2022",Female,Rural + Urban,15 years and above,91-97,,55.4,57.8,66.7,74.2,77.5,48.1,64.6,50.2,70.8,63.0,,99380.0
India,"PLFS Year (Jul - Jun), 2022",Female,Rural + Urban,15 years and above,11-97,,100.0,100.0,100.0,100.0,100.0,100.0,100.0,100.0,100.0,100.0,,159128.0
India,"PLFS Year (Jul - Jun), 2022",Female,Rural + Urban,all ages,"11,12",01-03,7.1,3.9,4.9,3.3,2.0,3.5,1.0,1.0,2.2,4.6,,10339.0
India,"PLFS Year (Jul - Jun), 2022",Female,Rural + Urban,all ages,"11,12",01-96,8.7,6.2,8.9,7.5,6.5,9.2,5.6,5.5,6.6,7.5,,17944.0
India,"PLFS Year (Jul - Jun), 2022",Female,Rural + Urban,all ages,"11,12",05-43,1.0,1.6,3.1,3.1,2.8,2.2,1.7,0.5,2.5,1.9,,4490.0
India,"PLFS Year (Jul - Jun), 2022",Female,Rural + Urban,all ages,"11,12",45-96,0.6,0.6,0.9,1.1,1.7,3.4,2.9,4.1,2.0,1.0,,3115.0
India,"PLFS Year (Jul - Jun), 2022",Female,Rural + Urban,all ages,21,01-03,12.5,6.6,10.0,8.1,6.8,4.9,3.0,2.0,6.0,8.9,,16715.0
India,"PLFS Year (Jul - Jun), 2022",Female,Rural + Urban,all ages,21,01-96,13.4,7.7,11.8,10.0,8.2,6.7,4.4,3.1,7.6,10.1,,19523.0
India,"PLFS Year (Jul - Jun), 2022",Female,Rural + Urban,all ages,21,05-43,0.3,0.5,0.7,0.7,0.4,0.3,0.4,0.3,0.5,0.5,,908.0
India,"PLFS Year (Jul - Jun), 2022",Female,Rural + Urban,all ages,21,45-96,0.6,0.7,1.1,1.2,1.0,1.5,1.0,0.8,1.1,0.8,,1900.0
India,"PLFS Year (Jul - Jun), 2022",Female,Rural + Urban,all ages,11-21,01-03,19.5,10.5,14.9,11.4,8.7,8.5,4.0,3.0,8.2,13.5,,27054.0
India,"PLFS Year (Jul - Jun), 2022",Female,Rural + Urban,all ages,11-21,01-96,22.0,13.9,20.7,17.5,14.6,15.8,10.0,8.7,14.2,17.6,,37467.0
India,"PLFS Year (Jul - Jun), 2022",Female,Rural + Urban,all ages,11-21,05-43,1.3,2.1,3.8,3.8,3.2,2.5,2.1,0.8,3.0,2.3,,5398.0
India,"PLFS Year (Jul - Jun), 2022",Female,Rural + Urban,all ages,11-21,45-96,1.2,1.3,2.0,2.3,2.7,4.9,3.9,4.8,3.0,1.8,,5015.0
India,"PLFS Year (Jul - Jun), 2022",Female,Rural + Urban,all ages,31,01-03,0.2,0.1,0.1,0.1,0.0,0.0,0.0,0.0,0.0,0.1,,236.0
India,"PLFS Year (Jul - Jun), 2022",Female,Rural + Urban,all ages,31,01-99,1.9,2.0,3.5,4.6,5.4,26.6,17.8,31.8,10.3,4.3,,11434.0
India,"PLFS Year (Jul - Jun), 2022",Female,Rural + Urban,all ages,31,05-43,0.3,0.5,0.8,0.7,0.7,1.8,0.9,1.6,0.9,0.6,,1320.0
India,"PLFS Year (Jul - Jun), 2022",Female,Rural + Urban,all ages,31,45-99,1.3,1.5,2.6,3.8,4.6,24.7,16.9,30.1,9.4,3.6,,9878.0
India,"PLFS Year (Jul - Jun), 2022",Female,Rural + Urban,all ages,41,,0.7,0.6,0.8,0.5,0.2,0.5,0.1,0.0,0.3,0.6,,1484.0
India,"PLFS Year (Jul - Jun), 2022",Female,Rural + Urban,all ages,51,01-03,6.1,3.2,3.3,2.3,0.9,0.2,0.1,0.0,1.2,3.6,,5225.0
India,"PLFS Year (Jul - Jun), 2022",Female,Rural + Urban,all ages,51,01-99,7.4,4.1,4.1,2.8,1.1,0.6,0.2,0.0,1.4,4.5,,6901.0
India,"PLFS Year (Jul - Jun), 2022",Female,Rural + Urban,all ages,51,05-43,1.2,0.7,0.7,0.4,0.2,0.5,0.0,0.0,0.2,0.7,,1376.0
India,"PLFS Year (Jul - Jun), 2022",Female,Rural + Urban,all ages,51,45-99,0.1,0.1,0.1,0.1,0.0,0.0,0.0,0.0,0.0,0.1,,300.0
India,"PLFS Year (Jul - Jun), 2022",Female,Rural + Urban,all ages,41 & 51,01-99,8.2,4.6,4.9,3.3,1.4,1.1,0.3,0.1,1.7,5.1,,8385.0
India,"PLFS Year (Jul - Jun), 2022",Female,Rural + Urban,all ages,11-51,01-03,25.9,13.9,18.5,13.9,9.7,8.8,4.1,3.0,9.4,17.3,,32823.0
India,"PLFS Year (Jul - Jun), 2022",Female,Rural + Urban,all ages,11-51,01-99,32.0,20.6,29.1,25.4,21.3,43.5,28.1,40.5,26.2,27.0,,57286.0
India,"PLFS Year (Jul - Jun), 2022",Female,Rural + Urban,all ages,11-51,05-43,3.5,3.7,5.9,5.3,4.3,5.2,3.2,2.5,4.3,4.1,,9243.0
India,"PLFS Year (Jul - Jun), 2022",Female,Rural + Urban,all ages,11-51,45-99,2.6,2.9,4.7,6.2,7.4,29.6,20.8,35.0,12.5,5.5,,15220.0
India,"PLFS Year (Jul - Jun), 2022",Female,Rural + Urban,all ages,81,,0.0,0.0,0.2,0.4,1.2,8.4,7.3,9.3,3.0,0.8,,2557.0
India,"PLFS Year (Jul - Jun), 2022",Female,Rural + Urban,all ages,11-81,,32.0,20.6,29.4,25.8,22.5,51.9,35.4,49.8,29.2,27.8,,59843.0
India,"PLFS Year (Jul - Jun), 2022",Female,Rural + Urban,all ages,UR,,0.0,0.2,0.8,1.6,5.2,16.2,20.6,18.7,10.3,2.9,,
India,"PLFS Year (Jul - Jun), 2022",Female,Rural + Urban,all ages,91,,3.9,50.5,23.8,28.7,32.3,5.3,9.9,3.9,23.3,24.7,,50271.0
India,"PLFS Year (Jul - Jun), 2022",Female,Rural + Urban,all ages,92,,17.6,14.5,31.0,32.0,33.9,33.6,43.7,36.9,35.7,23.4,,52964.0
India,"PLFS Year (Jul - Jun), 2022",Female,Rural + Urban,all ages,93,,12.2,10.8,13.5,10.8,9.6,4.4,8.3,6.2,9.4,11.3,,16771.0
India,"PLFS Year (Jul - Jun), 2022",Female,Rural + Urban,all ages,94,,7.0,2.1,1.9,2.3,1.4,4.0,2.3,2.8,2.1,3.6,,8378.0
India,"PLFS Year (Jul - Jun), 2022",Female,Rural + Urban,all ages,95,,1.6,0.3,0.2,0.2,0.1,0.1,0.1,0.2,0.2,0.7,,1466.0
India,"PLFS Year (Jul - Jun), 2022",Female,Rural + Urban,all ages,97,,2.7,0.4,0.2,0.2,0.2,0.7,0.2,0.2,0.2,1.0,,1922.0
India,"PLFS Year (Jul - Jun), 2022",Female,Rural + Urban,all ages,99,,23.1,0.8,0.0,0.0,0.0,0.0,0.0,0.0,0.0,7.6,,14613.0
India,"PLFS Year (Jul - Jun), 2022",Female,Rural + Urban,all ages,91-99,,68.0,79.4,70.6,74.2,77.5,48.1,64.6,50.2,70.8,72.2,,146385.0
India,"PLFS Year (Jul - Jun), 2022",Female,Rural + Urban,all ages,11-99,,100.0,100.0,100.0,100.0,100.0,100.0,100.0,100.0,100.0,100.0,,206228.0
India,"PLFS Year (Jul - Jun), 2022",Persons,Rural + Urban,15-29 years,"11,12",01-03,6.5,2.9,2.8,2.3,1.9,2.2,1.9,0.9,2.0,2.5,,2573.0
India,"PLFS Year (Jul - Jun), 2022",Persons,Rural + Urban,15-29 years,"11,12",01-96,9.6,7.5,8.7,6.5,7.1,10.2,8.6,6.7,7.3,7.8,,9035.0
India,"PLFS Year (Jul - Jun), 2022",Persons,Rural + Urban,15-29 years,"11,12",05-43,1.6,2.2,2.7,1.9,1.9,3.0,1.6,0.6,1.8,2.1,,2368.0
India,"PLFS Year (Jul - Jun), 2022",Persons,Rural + Urban,15-29 years,"11,12",45-96,1.5,2.3,3.1,2.4,3.3,4.9,5.1,5.2,3.5,3.1,,4094.0
India,"PLFS Year (Jul - Jun), 2022",Persons,Rural + Urban,15-29 years,21,01-03,14.9,9.8,11.3,7.9,9.0,7.2,7.0,4.8,8.0,9.4,,9376.0
India,"PLFS Year (Jul - Jun), 2022",Persons,Rural + Urban,15-29 years,21,01-96,17.1,11.6,13.5,9.9,11.3,9.3,9.8,6.4,10.3,11.6,,12076.0
India,"PLFS Year (Jul - Jun), 2022",Persons,Rural + Urban,15-29 years,21,05-43,0.8,0.8,0.9,0.7,0.7,0.7,0.8,0.5,0.7,0.8,,882.0
India,"PLFS Year (Jul - Jun), 2022",Persons,Rural + Urban,15-29 years,21,45-96,1.4,1.1,1.3,1.3,1.6,1.4,2.0,1.1,1.5,1.4,,1818.0
India,"PLFS Year (Jul - Jun), 2022",Persons,Rural + Urban,15-29 years,11-21,01-03,21.4,12.7,14.1,10.3,10.9,9.5,8.9,5.7,10.0,11.9,,11949.0
India,"PLFS Year (Jul - Jun), 2022",Persons,Rural + Urban,15-29 years,11-21,01-96,26.7,19.1,22.2,16.4,18.4,19.6,18.3,13.1,17.5,19.3,,21111.0
India,"PLFS Year (Jul - Jun), 2022",Persons,Rural + Urban,15-29 years,11-21,05-43,2.3,3.0,3.7,2.5,2.6,3.7,2.4,1.1,2.5,2.8,,3250.0
India,"PLFS Year (Jul - Jun), 2022",Persons,Rural + Urban,15-29 years,11-21,45-96,2.9,3.4,4.4,3.6,4.9,6.4,7.1,6.3,5.0,4.6,,5912.0
India,"PLFS Year (Jul - Jun), 2022",Persons,Rural + Urban,15-29 years,31,01-03,0.6,0.5,0.2,0.1,0.1,0.1,0.1,0.0,0.1,0.2,,179.0
India,"PLFS Year (Jul - Jun), 2022",Persons,Rural + Urban,15-29 years,31,01-99,5.4,6.7,8.0,6.2,8.0,38.5,23.0,31.3,12.3,10.2,,13301.0
India,"PLFS Year (Jul - Jun), 2022",Persons,Rural + Urban,15-29 years,31,05-43,1.8,2.7,3.5,2.5,2.7,19.4,4.3,3.6,3.5,3.3,,3830.0
India,"PLFS Year (Jul - Jun), 2022",Persons,Rural + Urban,15-29 years,31,45-99,3.0,3.5,4.4,3.6,5.1,19.0,18.6,27.7,8.7,6.7,,9292.0
India,"PLFS Year (Jul - Jun), 2022",Persons,Rural + Urban,15-29 years,41,,0.1,0.3,0.1,0.1,0.1,0.0,0.1,0.0,0.1,0.1,,169.0
India,"PLFS Year (Jul - Jun), 2022",Persons,Rural + Urban,15-29 years,51,01-03,9.0,5.7,3.1,1.7,1.1,0.9,0.5,0.1,1.1,2.6,,1955.0
India,"PLFS Year (Jul - Jun), 2022",Persons,Rural + Urban,15-29 years,51,01-99,22.8,30.2,12.0,6.0,3.8,5.9,1.9,0.4,4.1,10.4,,7915.0
India,"PLFS Year (Jul - Jun), 2022",Persons,Rural + Urban,15-29 years,51,05-43,13.1,23.4,8.0,3.8,2.4,4.0,1.0,0.2,2.6,7.2,,5223.0
India,"PLFS Year (Jul - Jun), 2022",Persons,Rural + Urban,15-29 years,51,45-99,0.7,1.0,0.8,0.6,0.4,1.1,0.4,0.1,0.5,0.6,,737.0
India,"PLFS Year (Jul - Jun), 2022",Persons,Rural + Urban,15-29 years,41 & 51,01-99,22.9,30.5,12.1,6.1,3.9,5.9,2.0,0.4,4.2,10.6,,8084.0
India,"PLFS Year (Jul - Jun), 2022",Persons,Rural + Urban,15-29 years,11-51,01-03,31.0,19.0,17.5,12.1,12.2,10.4,9.5,5.8,11.3,14.8,,14091.0
India,"PLFS Year (Jul - Jun), 2022",Persons,Rural + Urban,15-29 years,11-51,01-99,55.0,56.3,42.3,28.8,30.4,64.0,43.3,44.9,34.1,40.1,,42496.0
India,"PLFS Year (Jul - Jun), 2022",Persons,Rural + Urban,15-29 years,11-51,05-43,17.2,29.4,15.3,8.9,7.8,27.2,7.8,5.0,8.7,13.5,,12461.0
India,"PLFS Year (Jul - Jun), 2022",Persons,Rural + Urban,15-29 years,11-51,45-99,6.7,7.9,9.6,7.8,10.4,26.4,26.0,34.1,14.2,11.8,,15944.0
India,"PLFS Year (Jul - Jun), 2022",Persons,Rural + Urban,15-29 years,81,,0.8,1.0,2.1,1.8,3.1,16.2,16.4,22.1,6.5,4.4,,6171.0
India,"PLFS Year (Jul - Jun), 2022",Persons,Rural + Urban,15-29 years,11-81,,55.8,57.3,44.5,30.5,33.5,80.2,59.7,67.0,40.6,44.5,,48667.0
India,"PLFS Year (Jul - Jun), 2022",Persons,Rural + Urban,15-29 years,UR,,1.5,1.8,4.7,5.8,9.2,20.2,27.5,33.0,16.1,10.0,,
India,"PLFS Year (Jul - Jun), 2022",Persons,Rural + Urban,15-29 years,91,,0.1,5.4,31.8,53.5,50.2,11.4,18.4,8.4,41.9,32.6,,40767.0
India,"PLFS Year (Jul - Jun), 2022",Persons,Rural + Urban,15-29 years,92,,23.5,13.8,15.5,10.8,12.2,7.4,18.1,20.4,13.1,14.3,,15658.0
India,"PLFS Year (Jul - Jun), 2022",Persons,Rural + Urban,15-29 years,93,,13.2,21.9,7.3,4.5,3.5,0.5,3.3,3.7,3.7,7.5,,5011.0
India,"PLFS Year (Jul - Jun), 2022",Persons,Rural + Urban,15-29 years,94,,0.3,0.2,0.2,0.3,0.2,0.0,0.2,0.1,0.2,0.2,,166.0
India,"PLFS Year (Jul - Jun), 2022",Persons,Rural + Urban,15-29 years,95,,5.8,0.8,0.3,0.2,0.1,0.0,0.0,0.1,0.1,0.5,,654.0
India,"PLFS Year (Jul - Jun), 2022",Persons,Rural + Urban,15-29 years,97,,1.3,0.6,0.4,0.2,0.2,0.4,0.3,0.3,0.2,0.4,,383.0
India,"PLFS Year (Jul - Jun), 2022",Persons,Rural + Urban,15-29 years,91-97,,44.2,42.7,55.5,69.5,66.5,19.8,40.3,33.0,59.4,55.5,,62639.0
India,"PLFS Year (Jul - Jun), 2022",Persons,Rural + Urban,15-29 years,11-97,,100.0,100.0,100.0,100.0,100.0,100.0,100.0,100.0,100.0,100.0,,111306.0
India,"PLFS Year (Jul - Jun), 2022",Persons,Rural + Urban,15 years and above,"11,12",01-03,19.4,14.6,11.4,9.2,6.7,4.7,4.6,3.1,6.8,12.1,,32955.0
India,"PLFS Year (Jul - Jun), 2022",Persons,Rural + Urban,15 years and above,"11,12",01-96,24.0,25.3,23.5,20.2,17.4,17.9,17.6,14.3,18.3,21.9,,69748.0
India,"PLFS Year (Jul - Jun), 2022",Persons,Rural + Urban,15 years and above,"11,12",05-43,2.0,4.4,4.7,3.8,3.2,4.9,2.6,1.5,3.2,3.4,,12011.0
India,"PLFS Year (Jul - Jun), 2022",Persons,Rural + Urban,15 years and above,"11,12",45-96,2.6,6.2,7.5,7.2,7.5,8.3,10.4,9.7,8.2,6.4,,24782.0
India,"PLFS Year (Jul - Jun), 2022",Persons,Rural + Urban,15 years and above,21,01-03,12.0,8.6,8.8,6.9,7.8,5.1,4.7,2.3,6.3,8.6,,23941.0
India,"PLFS Year (Jul - Jun), 2022",Persons,Rural + Urban,15 years and above,21,01-96,13.0,10.2,10.6,8.7,9.9,6.8,6.9,4.0,8.3,10.2,,29831.0
India,"PLFS Year (Jul - Jun), 2022",Persons,Rural + Urban,15 years and above,21,05-43,0.3,0.6,0.6,0.6,0.5,0.6,0.6,0.4,0.6,0.5,,1749.0
India,"PLFS Year (Jul - Jun), 2022",Persons,Rural + Urban,15 years and above,21,45-96,0.6,1.0,1.1,1.3,1.6,1.1,1.7,1.2,1.4,1.1,,4141.0
India,"PLFS Year (Jul - Jun), 2022",Persons,Rural + Urban,15 years and above,11-21,01-03,31.5,23.3,20.2,16.1,14.5,9.7,9.4,5.4,13.1,20.6,,56896.0
India,"PLFS Year (Jul - Jun), 2022",Persons,Rural + Urban,15 years and above,11-21,01-96,37.0,35.5,34.2,29.0,27.3,24.6,24.6,18.3,26.6,32.1,,99579.0
India,"PLFS Year (Jul - Jun), 2022",Persons,Rural + Urban,15 years and above,11-21,05-43,2.3,5.1,5.3,4.5,3.7,5.5,3.2,1.9,3.8,4.0,,13760.0
India,"PLFS Year (Jul - Jun), 2022",Persons,Rural + Urban,15 years and above,11-21,45-96,3.2,7.2,8.6,8.5,9.0,9.4,12.0,10.9,9.7,7.5,,28923.0
India,"PLFS Year (Jul - Jun), 2022",Persons,Rural + Urban,15 years and above,31,01-03,0.4,0.4,0.2,0.1,0.1,0.1,0.1,0.1,0.1,0.2,,798.0
India,"PLFS Year (Jul - Jun), 2022",Persons,Rural + Urban,15 years and above,31,01-99,3.6,7.7,10.6,10.8,12.6,39.9,29.8,43.5,19.0,11.7,,45475.0
India,"PLFS Year (Jul - Jun), 2022",Persons,Rural + Urban,15 years and above,31,05-43,1.2,2.9,4.3,3.6,3.7,19.3,5.3,4.4,4.6,3.4,,11601.0
India,"PLFS Year (Jul - Jun), 2022",Persons,Rural + Urban,15 years and above,31,45-99,2.0,4.4,6.1,7.1,8.8,20.5,24.4,38.9,14.3,8.0,,33076.0
India,"PLFS Year (Jul - Jun), 2022",Persons,Rural + Urban,15 years and above,41,,0.8,0.8,0.5,0.2,0.1,0.1,0.1,0.0,0.1,0.5,,1752.0
India,"PLFS Year (Jul - Jun), 2022",Persons,Rural + Urban,15 years and above,51,01-03,9.0,7.1,4.0,2.4,1.4,0.5,0.4,0.0,1.4,4.7,,10254.0
India,"PLFS Year (Jul - Jun), 2022",Persons,Rural + Urban,15 years and above,51,01-99,15.3,21.1,13.3,7.7,4.5,4.9,1.4,0.3,4.6,11.8,,29200.0
India,"PLFS Year (Jul - Jun), 2022",Persons,Rural + Urban,15 years and above,51,05-43,5.9,12.8,8.4,4.7,2.6,3.7,0.8,0.2,2.8,6.4,,16658.0
India,"PLFS Year (Jul - Jun), 2022",Persons,Rural + Urban,15 years and above,51,45-99,0.4,1.2,1.0,0.7,0.4,0.6,0.3,0.1,0.5,0.7,,2288.0
India,"PLFS Year (Jul - Jun), 2022",Persons,Rural + Urban,15 years and above,41 & 51,01-99,16.0,21.8,13.8,8.0,4.6,5.0,1.5,0.3,4.8,12.2,,30952.0
India,"PLFS Year (Jul - Jun), 2022",Persons,Rural + Urban,15 years and above,11-51,01-03,40.9,30.9,24.5,18.7,16.1,10.4,9.8,5.6,14.6,25.6,,68293.0
India,"PLFS Year (Jul - Jun), 2022",Persons,Rural + Urban,15 years and above,11-51,01-99,56.6,65.0,58.5,47.8,44.5,69.5,55.8,62.0,50.3,56.0,,176006.0
India,"PLFS Year (Jul - Jun), 2022",Persons,Rural + Urban,15 years and above,11-51,05-43,10.1,21.3,18.3,13.0,10.2,28.6,9.3,6.5,11.3,14.2,,43399.0
India,"PLFS Year (Jul - Jun), 2022",Persons,Rural + Urban,15 years and above,11-51,45-99,5.6,12.8,15.7,16.2,18.3,30.6,36.7,49.9,24.4,16.2,,64314.0
India,"PLFS Year (Jul - Jun), 2022",Persons,Rural + Urban,15 years and above,81,,0.1,0.3,1.0,1.1,2.2,9.7,8.6,8.6,4.0,1.8,,7383.0
India,"PLFS Year (Jul - Jun), 2022",Persons,Rural + Urban,15 years and above,11-81,,56.7,65.4,59.6,48.9,46.6,79.2,64.5,70.6,54.3,57.9,,183389.0
India,"PLFS Year (Jul - Jun), 2022",Persons,Rural + Urban,15 years and above,UR,,0.2,0.5,1.7,2.2,4.6,12.2,13.4,12.1,7.3,3.2,,
India,"PLFS Year (Jul - Jun), 2022",Persons,Rural + Urban,15 years and above,91,,0.0,1.4,13.7,27.5,31.4,6.0,8.7,2.9,22.0,11.5,,40854.0
India,"PLFS Year (Jul - Jun), 2022",Persons,Rural + Urban,15 years and above,92,,16.3,15.1,16.0,14.3,14.9,8.6,18.5,17.9,15.6,15.7,,53957.0
India,"PLFS Year (Jul - Jun), 2022",Persons,Rural + Urban,15 years and above,93,,11.1,11.1,6.9,4.8,4.2,1.1,3.5,3.0,4.1,7.5,,16959.0
India,"PLFS Year (Jul - Jun), 2022",Persons,Rural + Urban,15 years and above,94,,10.2,4.8,2.6,3.5,2.2,4.5,4.4,5.0,3.4,5.1,,17994.0
India,"PLFS Year (Jul - Jun), 2022",Persons,Rural + Urban,15 years and above,95,,2.9,1.2,0.7,0.5,0.3,0.2,0.2,0.2,0.3,1.2,,3810.0
India,"PLFS Year (Jul - Jun), 2022",Persons,Rural + Urban,15 years and above,97,,2.8,1.0,0.6,0.5,0.3,0.5,0.3,0.4,0.4,1.1,,3297.0
India,"PLFS Year (Jul - Jun), 2022",Persons,Rural + Urban,15 years and above,91-97,,43.3,34.6,40.4,51.1,53.4,20.8,35.5,29.4,45.7,42.1,,136871.0
India,"PLFS Year (Jul - Jun), 2022",Persons,Rural + Urban,15 years and above,11-97,,100.0,100.0,100.0,100.0,100.0,100.0,100.0,100.0,100.0,100.0,,320260.0
India,"PLFS Year (Jul - Jun), 2022",Persons,Rural + Urban,all ages,"11,12",01-03,12.2,6.8,10.2,9.2,6.7,4.7,4.6,3.1,6.8,8.8,,32957.0
India,"PLFS Year (Jul - Jun), 2022",Persons,Rural + Urban,all ages,"11,12",01-96,15.1,11.8,21.0,20.2,17.4,17.9,17.6,14.3,18.2,16.0,,69757.0
India,"PLFS Year (Jul - Jun), 2022",Persons,Rural + Urban,all ages,"11,12",05-43,1.3,2.1,4.2,3.8,3.2,4.9,2.6,1.5,3.2,2.5,,12016.0
India,"PLFS Year (Jul - Jun), 2022",Persons,Rural + Urban,all ages,"11,12",45-96,1.6,2.9,6.7,7.2,7.5,8.3,10.4,9.7,8.2,4.7,,24784.0
India,"PLFS Year (Jul - Jun), 2022",Persons,Rural + Urban,all ages,21,01-03,7.6,4.1,7.9,6.9,7.8,5.1,4.7,2.3,6.3,6.3,,24096.0
India,"PLFS Year (Jul - Jun), 2022",Persons,Rural + Urban,all ages,21,01-96,8.2,4.9,9.6,8.7,9.9,6.8,6.9,4.0,8.3,7.5,,30037.0
India,"PLFS Year (Jul - Jun), 2022",Persons,Rural + Urban,all ages,21,05-43,0.2,0.3,0.6,0.6,0.5,0.6,0.6,0.4,0.6,0.4,,1764.0
India,"PLFS Year (Jul - Jun), 2022",Persons,Rural + Urban,all ages,21,45-96,0.4,0.5,1.0,1.3,1.6,1.1,1.7,1.2,1.4,0.8,,4177.0
India,"PLFS Year (Jul - Jun), 2022",Persons,Rural + Urban,all ages,11-21,01-03,19.8,10.9,18.1,16.1,14.5,9.7,9.4,5.4,13.1,15.1,,57053.0
India,"PLFS Year (Jul - Jun), 2022",Persons,Rural + Urban,all ages,11-21,01-96,23.3,16.6,30.5,29.0,27.3,24.6,24.6,18.3,26.5,23.5,,99794.0
India,"PLFS Year (Jul - Jun), 2022",Persons,Rural + Urban,all ages,11-21,05-43,1.5,2.4,4.7,4.5,3.7,5.5,3.2,1.9,3.8,2.9,,13780.0
India,"PLFS Year (Jul - Jun), 2022",Persons,Rural + Urban,all ages,11-21,45-96,2.0,3.4,7.7,8.4,9.0,9.4,12.0,10.9,9.7,5.5,,28961.0
India,"PLFS Year (Jul - Jun), 2022",Persons,Rural + Urban,all ages,31,01-03,0.2,0.2,0.2,0.1,0.1,0.1,0.1,0.1,0.1,0.2,,798.0
India,"PLFS Year (Jul - Jun), 2022",Persons,Rural + Urban,all ages,31,01-99,2.3,3.6,9.4,10.8,12.6,39.9,29.8,43.5,19.0,8.6,,45495.0
India,"PLFS Year (Jul - Jun), 2022",Persons,Rural + Urban,all ages,31,05-43,0.8,1.3,3.8,3.6,3.7,19.3,5.3,4.4,4.6,2.5,,11611.0
India,"PLFS Year (Jul - Jun), 2022",Persons,Rural + Urban,all ages,31,45-99,1.3,2.0,5.5,7.0,8.8,20.5,24.4,38.9,14.3,5.9,,33086.0
India,"PLFS Year (Jul - Jun), 2022",Persons,Rural + Urban,all ages,41,,0.5,0.4,0.4,0.2,0.1,0.1,0.1,0.0,0.1,0.3,,1752.0
India,"PLFS Year (Jul - Jun), 2022",Persons,Rural + Urban,all ages,51,01-03,5.6,3.3,3.6,2.4,1.4,0.5,0.4,0.0,1.4,3.4,,10266.0
India,"PLFS Year (Jul - Jun), 2022",Persons,Rural + Urban,all ages,51,01-99,9.6,9.8,11.9,7.7,4.5,4.9,1.4,0.3,4.6,8.6,,29224.0
India,"PLFS Year (Jul - Jun), 2022",Persons,Rural + Urban,all ages,51,05-43,3.7,5.9,7.5,4.7,2.6,3.7,0.8,0.2,2.8,4.7,,16667.0
India,"PLFS Year (Jul - Jun), 2022",Persons,Rural + Urban,all ages,51,45-99,0.3,0.6,0.9,0.7,0.4,0.6,0.3,0.1,0.5,0.5,,2291.0
India,"PLFS Year (Jul - Jun), 2022",Persons,Rural + Urban,all ages,41 & 51,01-99,10.1,10.2,12.3,8.0,4.6,5.0,1.5,0.3,4.8,9.0,,30976.0
India,"PLFS Year (Jul - Jun), 2022",Persons,Rural + Urban,all ages,11-51,01-03,25.7,14.5,21.9,18.6,16.1,10.4,9.8,5.6,14.6,18.8,,68462.0
India,"PLFS Year (Jul - Jun), 2022",Persons,Rural + Urban,all ages,11-51,01-99,35.6,30.4,52.3,47.7,44.5,69.5,55.8,62.0,50.3,41.1,,176265.0
India,"PLFS Year (Jul - Jun), 2022",Persons,Rural + Urban,all ages,11-51,05-43,6.4,9.9,16.3,12.9,10.2,28.6,9.3,6.5,11.3,10.4,,43438.0
India,"PLFS Year (Jul - Jun), 2022",Persons,Rural + Urban,all ages,11-51,45-99,3.6,6.0,14.0,16.2,18.3,30.6,36.7,49.9,24.4,11.9,,64365.0
India,"PLFS Year (Jul - Jun), 2022",Persons,Rural + Urban,all ages,81,,0.1,0.2,0.9,1.1,2.2,9.7,8.6,8.6,4.0,1.3,,7401.0
India,"PLFS Year (Jul - Jun), 2022",Persons,Rural + Urban,all ages,11-81,,35.7,30.5,53.2,48.8,46.6,79.2,64.5,70.6,54.2,42.4,,183666.0
India,"PLFS Year (Jul - Jun), 2022",Persons,Rural + Urban,all ages,UR,,0.2,0.6,1.7,2.2,4.6,12.2,13.4,12.1,7.3,3.2,,
India,"PLFS Year (Jul - Jun), 2022",Persons,Rural + Urban,all ages,91,,4.8,52.9,22.8,27.6,31.4,6.0,8.7,2.9,22.0,26.1,,107839.0
India,"PLFS Year (Jul - Jun), 2022",Persons,Rural + Urban,all ages,92,,10.3,7.2,14.4,14.3,14.9,8.6,18.5,17.9,15.6,11.6,,54190.0
India,"PLFS Year (Jul - Jun), 2022",Persons,Rural + Urban,all ages,93,,7.0,5.2,6.1,4.8,4.2,1.1,3.5,3.0,4.1,5.5,,17009.0
India,"PLFS Year (Jul - Jun), 2022",Persons,Rural + Urban,all ages,94,,6.4,2.2,2.3,3.5,2.2,4.5,4.4,5.0,3.4,3.7,,17996.0
India,"PLFS Year (Jul - Jun), 2022",Persons,Rural + Urban,all ages,95,,1.9,0.6,0.6,0.5,0.3,0.2,0.2,0.2,0.3,0.9,,3976.0
India,"PLFS Year (Jul - Jun), 2022",Persons,Rural + Urban,all ages,97,,3.0,0.6,0.5,0.5,0.3,0.5,0.3,0.4,0.4,1.2,,4396.0
India,"PLFS Year (Jul - Jun), 2022",Persons,Rural + Urban,all ages,99,,30.8,0.8,0.0,0.0,0.0,0.0,0.0,0.0,0.0,8.6,,30440.0
India,"PLFS Year (Jul - Jun), 2022",Persons,Rural + Urban,all ages,91-99,,64.3,69.5,46.8,51.2,53.4,20.8,35.5,29.4,45.8,57.6,,235846.0
India,"PLFS Year (Jul - Jun), 2022",Persons,Rural + Urban,all ages,11-99,,100.0,100.0,100.0,100.0,100.0,100.0,100.0,100.0,100.0,100.0,,419512.0
India,"PLFS Year (Jul - Jun), 2021",Male,Rural,15-29 years,"11,12",01-03,8.5,6.6,5.6,3.4,3.8,3.0,5.3,2.8,3.9,4.9,54874.0,1639.0
India,"PLFS Year (Jul - Jun), 2021",Male,Rural,15-29 years,"11,12",01-96,15.3,13.6,11.8,8.7,8.9,12.0,14.3,12.3,10.0,11.1,125621.0,4003.0
India,"PLFS Year (Jul - Jun), 2021",Male,Rural,15-29 years,"11,12",05-43,3.5,2.2,2.0,1.9,1.0,4.0,1.3,0.5,1.5,1.8,20235.0,618.0
India,"PLFS Year (Jul - Jun), 2021",Male,Rural,15-29 years,"11,12",45-96,3.3,4.7,4.2,3.4,4.2,5.0,7.7,9.0,4.6,4.5,50512.0,1746.0
India,"PLFS Year (Jul - Jun), 2021",Male,Rural,15-29 years,21,01-03,14.2,16.0,14.0,10.7,13.5,10.6,16.4,12.4,12.8,13.6,153083.0,4687.0
India,"PLFS Year (Jul - Jun), 2021",Male,Rural,15-29 years,21,01-96,15.2,18.0,16.1,12.5,15.2,13.5,19.3,15.9,14.8,15.5,175294.0,5330.0
India,"PLFS Year (Jul - Jun), 2021",Male,Rural,15-29 years,21,05-43,0.5,0.7,0.6,0.6,0.5,0.3,0.4,3.2,0.6,0.6,6625.0,211.0
India,"PLFS Year (Jul - Jun), 2021",Male,Rural,15-29 years,21,45-96,0.6,1.2,1.4,1.1,1.2,2.6,2.4,0.4,1.4,1.4,15586.0,432.0
India,"PLFS Year (Jul - Jun), 2021",Male,Rural,15-29 years,11-21,01-03,22.7,22.6,19.6,14.1,17.3,13.6,21.7,15.1,16.7,18.4,207957.0,6326.0
India,"PLFS Year (Jul - Jun), 2021",Male,Rural,15-29 years,11-21,01-96,30.5,31.6,27.8,21.2,24.1,25.5,33.6,28.2,24.8,26.6,300914.0,9333.0
India,"PLFS Year (Jul - Jun), 2021",Male,Rural,15-29 years,11-21,05-43,3.9,2.9,2.6,2.5,1.5,4.3,1.7,3.6,2.0,2.4,26860.0,829.0
India,"PLFS Year (Jul - Jun), 2021",Male,Rural,15-29 years,11-21,45-96,3.9,6.0,5.6,4.6,5.4,7.6,10.2,9.4,6.1,5.9,66098.0,2178.0
India,"PLFS Year (Jul - Jun), 2021",Male,Rural,15-29 years,31,01-03,0.3,0.7,0.2,0.3,0.1,0.1,0.3,0.1,0.2,0.2,2818.0,99.0
India,"PLFS Year (Jul - Jun), 2021",Male,Rural,15-29 years,31,01-99,6.1,10.1,8.9,8.0,9.9,28.9,22.0,37.2,12.6,11.0,124490.0,3945.0
India,"PLFS Year (Jul - Jun), 2021",Male,Rural,15-29 years,31,05-43,3.6,4.8,3.5,3.2,3.8,17.9,5.5,5.4,4.4,4.2,47196.0,1403.0
India,"PLFS Year (Jul - Jun), 2021",Male,Rural,15-29 years,31,45-99,2.2,4.7,5.2,4.6,6.0,11.0,16.2,31.6,8.0,6.6,74476.0,2443.0
India,"PLFS Year (Jul - Jun), 2021",Male,Rural,15-29 years,41,,0.4,0.5,0.3,0.1,0.1,0.0,0.1,0.0,0.1,0.2,2601.0,125.0
India,"PLFS Year (Jul - Jun), 2021",Male,Rural,15-29 years,51,01-03,15.7,11.5,6.2,3.2,2.0,2.2,1.3,0.6,2.3,5.0,56280.0,1305.0
India,"PLFS Year (Jul - Jun), 2021",Male,Rural,15-29 years,51,01-99,45.5,37.9,21.8,11.5,8.2,9.1,4.1,1.6,8.6,17.1,193085.0,5239.0
India,"PLFS Year (Jul - Jun), 2021",Male,Rural,15-29 years,51,05-43,27.2,24.4,14.3,7.4,5.3,5.3,2.4,1.0,5.5,11.0,124171.0,3551.0
India,"PLFS Year (Jul - Jun), 2021",Male,Rural,15-29 years,51,45-99,2.7,2.0,1.2,0.9,0.8,1.5,0.4,0.0,0.8,1.1,12635.0,383.0
India,"PLFS Year (Jul - Jun), 2021",Male,Rural,15-29 years,41 & 51,01-99,45.9,38.4,22.1,11.6,8.3,9.1,4.2,1.6,8.7,17.3,195687.0,5364.0
India,"PLFS Year (Jul - Jun), 2021",Male,Rural,15-29 years,11-51,01-03,38.7,34.9,26.0,17.6,19.5,15.9,23.3,15.8,19.2,23.7,267055.0,7730.0
India,"PLFS Year (Jul - Jun), 2021",Male,Rural,15-29 years,11-51,01-99,82.5,80.1,58.9,40.8,42.3,63.5,59.7,67.0,46.2,55.0,621092.0,18642.0
India,"PLFS Year (Jul - Jun), 2021",Male,Rural,15-29 years,11-51,05-43,35.1,32.6,20.8,13.2,10.7,27.5,9.7,10.1,12.1,17.8,200828.0,5908.0
India,"PLFS Year (Jul - Jun), 2021",Male,Rural,15-29 years,11-51,45-99,8.8,12.7,12.1,10.1,12.1,20.1,26.8,41.1,14.8,13.6,153209.0,5004.0
India,"PLFS Year (Jul - Jun), 2021",Male,Rural,15-29 years,81,,4.1,4.3,4.9,4.1,5.7,20.1,22.2,24.0,8.9,7.1,79820.0,2480.0
India,"PLFS Year (Jul - Jun), 2021",Male,Rural,15-29 years,11-81,,86.6,84.4,63.8,44.9,47.9,83.6,81.9,91.0,55.1,62.1,700912.0,21122.0
India,"PLFS Year (Jul - Jun), 2021",Male,Rural,15-29 years,UR,,4.7,5.1,7.7,9.1,11.8,24.0,27.1,26.4,16.2,11.4,,
India,"PLFS Year (Jul - Jun), 2021",Male,Rural,15-29 years,91,,0.2,12.1,33.8,54.3,51.4,15.5,17.6,9.0,44.2,35.9,405612.0,13143.0
India,"PLFS Year (Jul - Jun), 2021",Male,Rural,15-29 years,92,,0.9,0.6,0.5,0.1,0.2,0.0,0.2,0.0,0.1,0.3,3857.0,183.0
India,"PLFS Year (Jul - Jun), 2021",Male,Rural,15-29 years,93,,1.4,0.6,0.4,0.1,0.1,0.0,0.1,0.0,0.1,0.3,3081.0,97.0
India,"PLFS Year (Jul - Jun), 2021",Male,Rural,15-29 years,94,,0.4,0.0,0.0,0.0,0.0,0.0,0.0,0.0,0.0,0.0,322.0,13.0
India,"PLFS Year (Jul - Jun), 2021",Male,Rural,15-29 years,95,,9.3,1.2,0.6,0.2,0.1,0.2,0.0,0.0,0.1,0.8,8562.0,268.0
India,"PLFS Year (Jul - Jun), 2021",Male,Rural,15-29 years,97,,1.2,1.1,0.8,0.4,0.3,0.7,0.1,0.0,0.3,0.6,6798.0,179.0
India,"PLFS Year (Jul - Jun), 2021",Male,Rural,15-29 years,99,,0.0,0.0,0.0,0.0,0.0,0.0,0.0,0.0,0.0,0.0,0.0,0.0
India,"PLFS Year (Jul - Jun), 2021",Male,Rural,15-29 years,91-99,,13.4,15.6,36.2,55.1,52.1,16.4,18.1,9.0,44.9,37.9,428232.0,13883.0
India,"PLFS Year (Jul - Jun), 2021",Male,Rural,15-29 years,11-99,,100.0,100.0,100.0,100.0,100.0,100.0,100.0,100.0,100.0,100.0,1129144.0,35005.0
India,"PLFS Year (Jul - Jun), 2021",Male,Rural,15 years and above,"11,12",01-03,33.6,29.0,23.0,18.7,14.5,7.0,14.3,11.9,15.8,23.3,713533.0,21491.0
India,"PLFS Year (Jul - Jun), 2021",Male,Rural,15 years and above,"11,12",01-96,40.8,42.3,37.3,31.7,25.9,22.5,30.0,26.4,28.9,35.6,1090940.0,33649.0
India,"PLFS Year (Jul - Jun), 2021",Male,Rural,15 years and above,"11,12",05-43,2.6,4.3,4.3,3.9,2.1,5.3,2.0,1.3,2.9,3.4,105537.0,3390.0
India,"PLFS Year (Jul - Jun), 2021",Male,Rural,15 years and above,"11,12",45-96,4.6,8.9,10.0,9.0,9.3,10.2,13.8,13.2,10.3,8.9,271869.0,8768.0
India,"PLFS Year (Jul - Jun), 2021",Male,Rural,15 years and above,21,01-03,2.8,5.8,8.8,7.8,11.2,7.4,11.6,7.4,9.6,7.4,227997.0,6834.0
India,"PLFS Year (Jul - Jun), 2021",Male,Rural,15 years and above,21,01-96,3.0,6.5,10.0,9.0,12.7,9.7,13.4,9.0,11.1,8.4,258365.0,7742.0
India,"PLFS Year (Jul - Jun), 2021",Male,Rural,15 years and above,21,05-43,0.1,0.2,0.3,0.3,0.4,0.2,0.3,1.1,0.4,0.3,8810.0,288.0
India,"PLFS Year (Jul - Jun), 2021",Male,Rural,15 years and above,21,45-96,0.1,0.5,0.8,0.8,1.1,2.1,1.5,0.5,1.1,0.7,21558.0,620.0
India,"PLFS Year (Jul - Jun), 2021",Male,Rural,15 years and above,11-21,01-03,36.4,34.8,31.8,26.6,25.7,14.4,25.8,19.3,25.4,30.8,941530.0,28325.0
India,"PLFS Year (Jul - Jun), 2021",Male,Rural,15 years and above,11-21,01-96,43.9,48.7,47.2,40.7,38.6,32.2,43.4,35.4,40.0,44.1,1349305.0,41391.0
India,"PLFS Year (Jul - Jun), 2021",Male,Rural,15 years and above,11-21,05-43,2.8,4.5,4.6,4.3,2.5,5.4,2.3,2.4,3.3,3.7,114347.0,3678.0
India,"PLFS Year (Jul - Jun), 2021",Male,Rural,15 years and above,11-21,45-96,4.7,9.4,10.8,9.8,10.4,12.3,15.3,13.7,11.3,9.6,293427.0,9388.0
India,"PLFS Year (Jul - Jun), 2021",Male,Rural,15 years and above,31,01-03,0.5,0.6,0.3,0.2,0.2,0.1,0.3,0.2,0.2,0.4,10809.0,401.0
India,"PLFS Year (Jul - Jun), 2021",Male,Rural,15 years and above,31,01-99,3.3,7.5,9.6,10.8,13.8,35.1,28.0,46.8,17.4,11.1,338507.0,11555.0
India,"PLFS Year (Jul - Jun), 2021",Male,Rural,15 years and above,31,05-43,1.3,3.3,3.6,3.9,4.7,18.3,5.3,4.8,5.0,3.6,111314.0,3454.0
India,"PLFS Year (Jul - Jun), 2021",Male,Rural,15 years and above,31,45-99,1.5,3.7,5.8,6.7,8.9,16.7,22.4,41.8,12.2,7.1,216384.0,7700.0
India,"PLFS Year (Jul - Jun), 2021",Male,Rural,15 years and above,41,,0.5,0.5,0.3,0.2,0.1,0.0,0.1,0.1,0.1,0.3,9920.0,415.0
India,"PLFS Year (Jul - Jun), 2021",Male,Rural,15 years and above,51,01-03,14.3,11.3,6.2,3.7,2.3,2.8,1.2,0.8,2.6,7.3,222814.0,5192.0
India,"PLFS Year (Jul - Jun), 2021",Male,Rural,15 years and above,51,01-99,29.6,30.1,21.1,13.5,8.5,9.0,4.1,1.6,9.4,19.8,607610.0,16519.0
India,"PLFS Year (Jul - Jun), 2021",Male,Rural,15 years and above,51,05-43,14.2,17.2,13.6,8.9,5.5,4.8,2.5,0.8,6.1,11.4,350423.0,10296.0
India,"PLFS Year (Jul - Jun), 2021",Male,Rural,15 years and above,51,45-99,1.1,1.6,1.3,0.9,0.7,1.5,0.4,0.0,0.7,1.1,34373.0,1031.0
India,"PLFS Year (Jul - Jun), 2021",Male,Rural,15 years and above,41 & 51,01-99,30.1,30.6,21.5,13.7,8.6,9.1,4.2,1.7,9.6,20.2,617531.0,16934.0
India,"PLFS Year (Jul - Jun), 2021",Male,Rural,15 years and above,11-51,01-03,51.2,46.7,38.3,30.5,28.2,17.3,27.3,20.3,28.2,38.4,1175359.0,33927.0
India,"PLFS Year (Jul - Jun), 2021",Male,Rural,15 years and above,11-51,01-99,77.3,86.9,78.3,65.1,61.1,76.3,75.6,83.9,67.0,75.3,2305343.0,69880.0
India,"PLFS Year (Jul - Jun), 2021",Male,Rural,15 years and above,11-51,05-43,18.8,25.5,22.1,17.2,12.8,28.5,10.2,8.1,14.5,19.1,585799.0,17834.0
India,"PLFS Year (Jul - Jun), 2021",Male,Rural,15 years and above,11-51,45-99,7.3,14.7,17.9,17.4,20.0,30.5,38.1,55.5,24.3,17.8,544185.0,18119.0
India,"PLFS Year (Jul - Jun), 2021",Male,Rural,15 years and above,81,,0.4,1.1,2.4,2.4,4.0,12.6,12.2,9.1,5.5,3.0,90404.0,2828.0
India,"PLFS Year (Jul - Jun), 2021",Male,Rural,15 years and above,11-81,,77.7,88.0,80.7,67.5,65.1,88.9,87.8,93.0,72.5,78.2,2395746.0,72708.0
India,"PLFS Year (Jul - Jun), 2021",Male,Rural,15 years and above,UR,,0.5,1.2,2.9,3.5,6.2,14.2,13.9,9.8,7.5,3.8,,
India,"PLFS Year (Jul - Jun), 2021",Male,Rural,15 years and above,91,,0.0,2.7,14.5,27.9,32.2,8.8,8.8,2.6,23.9,13.3,406036.0,13159.0
India,"PLFS Year (Jul - Jun), 2021",Male,Rural,15 years and above,92,,1.1,0.7,0.4,0.2,0.2,0.3,0.3,0.1,0.2,0.5,15579.0,596.0
India,"PLFS Year (Jul - Jun), 2021",Male,Rural,15 years and above,93,,0.7,0.3,0.2,0.1,0.1,0.1,0.1,0.3,0.1,0.3,8810.0,293.0
India,"PLFS Year (Jul - Jun), 2021",Male,Rural,15 years and above,94,,11.6,4.9,2.2,2.9,1.6,1.1,2.6,3.3,2.4,4.6,139998.0,4070.0
India,"PLFS Year (Jul - Jun), 2021",Male,Rural,15 years and above,95,,4.7,1.8,1.0,0.7,0.4,0.2,0.3,0.5,0.5,1.6,50353.0,1481.0
India,"PLFS Year (Jul - Jun), 2021",Male,Rural,15 years and above,97,,4.2,1.6,0.9,0.6,0.4,0.5,0.1,0.2,0.5,1.5,45358.0,1155.0
India,"PLFS Year (Jul - Jun), 2021",Male,Rural,15 years and above,99,,0.0,0.0,0.0,0.0,0.0,0.0,0.0,0.0,0.0,0.0,0.0,0.0
India,"PLFS Year (Jul - Jun), 2021",Male,Rural,15 years and above,91-99,,22.3,12.0,19.3,32.5,34.9,11.1,12.2,7.0,27.5,21.8,666134.0,20754.0
India,"PLFS Year (Jul - Jun), 2021",Male,Rural,15 years and above,11-99,,100.0,100.0,100.0,100.0,100.0,100.0,100.0,100.0,100.0,100.0,3061880.0,93462.0
India,"PLFS Year (Jul - Jun), 2021",Male,Rural,all ages,"11,12",01-03,19.1,13.4,20.8,18.7,14.5,7.0,14.3,11.9,15.8,16.9,713594.0,21494.0
India,"PLFS Year (Jul - Jun), 2021",Male,Rural,all ages,"11,12",01-96,23.2,19.5,33.7,31.6,25.9,22.5,30.0,26.4,28.9,25.9,1091170.0,33655.0
India,"PLFS Year (Jul - Jun), 2021",Male,Rural,all ages,"11,12",05-43,1.5,2.0,3.9,3.9,2.1,5.3,2.0,1.3,2.9,2.5,105566.0,3391.0
India,"PLFS Year (Jul - Jun), 2021",Male,Rural,all ages,"11,12",45-96,2.6,4.1,9.1,9.0,9.3,10.2,13.8,13.2,10.3,6.4,272010.0,8770.0
India,"PLFS Year (Jul - Jun), 2021",Male,Rural,all ages,21,01-03,1.6,2.8,8.1,7.8,11.2,7.4,11.6,7.4,9.6,5.5,230449.0,6902.0
India,"PLFS Year (Jul - Jun), 2021",Male,Rural,all ages,21,01-96,1.7,3.1,9.1,9.0,12.7,9.7,13.4,9.0,11.1,6.2,261163.0,7819.0
India,"PLFS Year (Jul - Jun), 2021",Male,Rural,all ages,21,05-43,0.1,0.1,0.3,0.3,0.4,0.2,0.3,1.1,0.4,0.2,8821.0,289.0
India,"PLFS Year (Jul - Jun), 2021",Male,Rural,all ages,21,45-96,0.0,0.2,0.7,0.8,1.1,2.1,1.5,0.5,1.1,0.5,21894.0,628.0
India,"PLFS Year (Jul - Jun), 2021",Male,Rural,all ages,11-21,01-03,20.7,16.2,28.9,26.5,25.7,14.4,25.8,19.3,25.4,22.4,944042.0,28396.0
India,"PLFS Year (Jul - Jun), 2021",Male,Rural,all ages,11-21,01-96,25.0,22.6,42.9,40.6,38.6,32.2,43.4,35.4,40.0,32.0,1352333.0,41474.0
India,"PLFS Year (Jul - Jun), 2021",Male,Rural,all ages,11-21,05-43,1.6,2.1,4.2,4.3,2.5,5.4,2.3,2.4,3.3,2.7,114387.0,3680.0
India,"PLFS Year (Jul - Jun), 2021",Male,Rural,all ages,11-21,45-96,2.7,4.3,9.8,9.8,10.4,12.3,15.3,13.7,11.3,7.0,293904.0,9398.0
India,"PLFS Year (Jul - Jun), 2021",Male,Rural,all ages,31,01-03,0.3,0.3,0.3,0.2,0.2,0.1,0.3,0.2,0.2,0.3,10809.0,401.0
India,"PLFS Year (Jul - Jun), 2021",Male,Rural,all ages,31,01-99,1.9,3.5,8.7,10.7,13.8,35.1,28.0,46.8,17.4,8.0,338546.0,11559.0
India,"PLFS Year (Jul - Jun), 2021",Male,Rural,all ages,31,05-43,0.8,1.5,3.2,3.9,4.7,18.3,5.3,4.8,5.0,2.6,111317.0,3456.0
India,"PLFS Year (Jul - Jun), 2021",Male,Rural,all ages,31,45-99,0.8,1.7,5.2,6.6,8.9,16.7,22.4,41.8,12.2,5.1,216420.0,7702.0
India,"PLFS Year (Jul - Jun), 2021",Male,Rural,all ages,41,,0.3,0.2,0.3,0.2,0.1,0.0,0.1,0.1,0.1,0.2,9920.0,415.0
India,"PLFS Year (Jul - Jun), 2021",Male,Rural,all ages,51,01-03,8.1,5.2,5.7,3.7,2.3,2.8,1.2,0.8,2.6,5.3,223035.0,5198.0
India,"PLFS Year (Jul - Jun), 2021",Male,Rural,all ages,51,01-99,16.8,13.9,19.2,13.5,8.5,9.0,4.1,1.6,9.4,14.4,608197.0,16532.0
India,"PLFS Year (Jul - Jun), 2021",Male,Rural,all ages,51,05-43,8.1,7.9,12.3,8.9,5.5,4.8,2.5,0.8,6.1,8.3,350734.0,10300.0
India,"PLFS Year (Jul - Jun), 2021",Male,Rural,all ages,51,45-99,0.7,0.8,1.2,0.9,0.7,1.5,0.4,0.0,0.7,0.8,34428.0,1034.0
India,"PLFS Year (Jul - Jun), 2021",Male,Rural,all ages,41 & 51,01-99,17.1,14.2,19.4,13.7,8.6,9.1,4.2,1.7,9.6,14.6,618118.0,16947.0
India,"PLFS Year (Jul - Jun), 2021",Male,Rural,all ages,11-51,01-03,29.1,21.6,34.8,30.5,28.2,17.3,27.3,20.3,28.2,27.9,1178093.0,34004.0
India,"PLFS Year (Jul - Jun), 2021",Male,Rural,all ages,11-51,01-99,43.9,40.2,71.1,65.0,61.1,76.3,75.6,83.9,67.0,54.7,2308997.0,69980.0
India,"PLFS Year (Jul - Jun), 2021",Male,Rural,all ages,11-51,05-43,10.7,11.8,20.0,17.1,12.8,28.5,10.2,8.1,14.5,13.9,586151.0,17842.0
India,"PLFS Year (Jul - Jun), 2021",Male,Rural,all ages,11-51,45-99,4.2,6.8,16.2,17.4,20.0,30.5,38.1,55.5,24.3,12.9,544753.0,18134.0
India,"PLFS Year (Jul - Jun), 2021",Male,Rural,all ages,81,,0.2,0.5,2.1,2.4,4.0,12.6,12.2,9.1,5.5,2.1,90567.0,2834.0
India,"PLFS Year (Jul - Jun), 2021",Male,Rural,all ages,11-81,,44.2,40.7,73.2,67.4,65.1,88.9,87.8,93.0,72.4,56.9,2399563.0,72814.0
India,"PLFS Year (Jul - Jun), 2021",Male,Rural,all ages,UR,,0.5,1.2,2.9,3.5,6.2,14.2,13.9,9.8,7.5,3.8,,
India,"PLFS Year (Jul - Jun), 2021",Male,Rural,all ages,91,,5.9,53.7,22.4,28.0,32.2,8.8,8.8,2.6,24.0,27.5,1160018.0,35510.0
India,"PLFS Year (Jul - Jun), 2021",Male,Rural,all ages,92,,0.7,0.4,0.4,0.2,0.2,0.3,0.3,0.1,0.2,0.4,17803.0,647.0
India,"PLFS Year (Jul - Jun), 2021",Male,Rural,all ages,93,,0.4,0.2,0.2,0.1,0.1,0.1,0.1,0.3,0.1,0.2,9804.0,308.0
India,"PLFS Year (Jul - Jun), 2021",Male,Rural,all ages,94,,6.6,2.3,2.0,2.9,1.6,1.1,2.6,3.3,2.4,3.3,140024.0,4071.0
India,"PLFS Year (Jul - Jun), 2021",Male,Rural,all ages,95,,2.9,0.8,0.9,0.7,0.4,0.2,0.3,0.5,0.5,1.3,52817.0,1536.0
India,"PLFS Year (Jul - Jun), 2021",Male,Rural,all ages,97,,5.3,1.0,0.9,0.6,0.4,0.5,0.1,0.2,0.5,1.9,78906.0,1861.0
India,"PLFS Year (Jul - Jun), 2021",Male,Rural,all ages,99,,34.0,0.8,0.0,0.0,0.0,0.0,0.0,0.0,0.0,8.6,360908.0,9980.0
India,"PLFS Year (Jul - Jun), 2021",Male,Rural,all ages,91-99,,55.8,59.3,26.8,32.6,34.9,11.1,12.2,7.0,27.6,43.1,1820280.0,53913.0
India,"PLFS Year (Jul - Jun), 2021",Male,Rural,all ages,11-99,,100.0,100.0,100.0,100.0,100.0,100.0,100.0,100.0,100.0,100.0,4219844.0,126727.0
India,"PLFS Year (Jul - Jun), 2021",Female,Rural,15-29 years,"11,12",01-03,4.7,3.3,1.4,1.0,0.7,2.3,0.9,1.2,0.9,1.7,18068.0,627.0
India,"PLFS Year (Jul - Jun), 2021",Female,Rural,15-29 years,"11,12",01-96,5.7,5.3,3.4,2.4,3.1,6.9,3.6,6.4,3.1,3.7,39648.0,1460.0
India,"PLFS Year (Jul - Jun), 2021",Female,Rural,15-29 years,"11,12",05-43,0.9,1.8,1.6,1.1,1.6,1.6,1.4,1.8,1.4,1.4,15690.0,586.0
India,"PLFS Year (Jul - Jun), 2021",Female,Rural,15-29 years,"11,12",45-96,0.2,0.1,0.4,0.3,0.7,3.0,1.3,3.4,0.8,0.5,5890.0,247.0
India,"PLFS Year (Jul - Jun), 2021",Female,Rural,15-29 years,21,01-03,16.7,15.6,10.4,6.6,7.2,5.8,6.1,6.0,6.7,9.7,105127.0,3329.0
India,"PLFS Year (Jul - Jun), 2021",Female,Rural,15-29 years,21,01-96,18.0,16.3,11.1,7.1,8.1,7.7,6.9,7.4,7.5,10.5,113431.0,3585.0
India,"PLFS Year (Jul - Jun), 2021",Female,Rural,15-29 years,21,05-43,0.9,0.5,0.4,0.3,0.5,0.0,0.3,0.0,0.4,0.4,4741.0,128.0
India,"PLFS Year (Jul - Jun), 2021",Female,Rural,15-29 years,21,45-96,0.3,0.2,0.2,0.2,0.5,2.0,0.6,1.3,0.4,0.3,3564.0,128.0
India,"PLFS Year (Jul - Jun), 2021",Female,Rural,15-29 years,11-21,01-03,21.4,19.0,11.9,7.6,7.9,8.1,7.0,7.2,7.6,11.4,123195.0,3956.0
India,"PLFS Year (Jul - Jun), 2021",Female,Rural,15-29 years,11-21,01-96,23.7,21.6,14.5,9.5,11.2,14.7,10.5,13.8,10.5,14.1,153079.0,5045.0
India,"PLFS Year (Jul - Jun), 2021",Female,Rural,15-29 years,11-21,05-43,1.8,2.3,2.0,1.4,2.1,1.6,1.7,1.8,1.7,1.9,20431.0,714.0
India,"PLFS Year (Jul - Jun), 2021",Female,Rural,15-29 years,11-21,45-96,0.5,0.3,0.6,0.5,1.2,5.0,1.9,4.8,1.2,0.9,9453.0,375.0
India,"PLFS Year (Jul - Jun), 2021",Female,Rural,15-29 years,31,01-03,0.5,0.2,0.1,0.0,0.0,0.0,0.0,0.0,0.0,0.1,1187.0,29.0
India,"PLFS Year (Jul - Jun), 2021",Female,Rural,15-29 years,31,01-99,0.8,1.0,0.9,0.8,1.6,24.0,8.7,14.7,3.3,2.1,22920.0,823.0
India,"PLFS Year (Jul - Jun), 2021",Female,Rural,15-29 years,31,05-43,0.1,0.5,0.3,0.4,0.4,0.6,0.8,1.5,0.5,0.4,4162.0,154.0
India,"PLFS Year (Jul - Jun), 2021",Female,Rural,15-29 years,31,45-99,0.2,0.4,0.5,0.5,1.2,23.4,7.9,13.2,2.8,1.6,17571.0,640.0
India,"PLFS Year (Jul - Jun), 2021",Female,Rural,15-29 years,41,,0.4,0.4,0.3,0.2,0.4,0.2,0.0,0.0,0.2,0.3,2938.0,111.0
India,"PLFS Year (Jul - Jun), 2021",Female,Rural,15-29 years,51,01-03,8.8,7.2,2.8,1.9,1.2,1.6,0.4,0.0,1.3,3.1,33574.0,741.0
India,"PLFS Year (Jul - Jun), 2021",Female,Rural,15-29 years,51,01-99,11.3,9.2,3.6,2.1,1.3,1.7,0.4,0.0,1.4,3.9,41885.0,927.0
India,"PLFS Year (Jul - Jun), 2021",Female,Rural,15-29 years,51,05-43,2.5,1.9,0.8,0.3,0.1,0.1,0.0,0.0,0.1,0.7,7940.0,172.0
India,"PLFS Year (Jul - Jun), 2021",Female,Rural,15-29 years,51,45-99,0.0,0.2,0.0,0.0,0.0,0.0,0.0,0.0,0.0,0.0,371.0,14.0
India,"PLFS Year (Jul - Jun), 2021",Female,Rural,15-29 years,41 & 51,01-99,11.8,9.6,3.9,2.3,1.6,1.9,0.5,0.0,1.7,4.1,44823.0,1038.0
India,"PLFS Year (Jul - Jun), 2021",Female,Rural,15-29 years,11-51,01-03,30.7,26.4,14.8,9.5,9.1,9.7,7.4,7.2,8.9,14.6,157970.0,4727.0
India,"PLFS Year (Jul - Jun), 2021",Female,Rural,15-29 years,11-51,01-99,36.2,32.2,19.3,12.7,14.4,40.5,19.7,28.5,15.5,20.4,220822.0,6906.0
India,"PLFS Year (Jul - Jun), 2021",Female,Rural,15-29 years,11-51,05-43,4.8,5.0,3.3,2.2,2.9,2.5,2.5,3.3,2.6,3.3,35456.0,1150.0
India,"PLFS Year (Jul - Jun), 2021",Female,Rural,15-29 years,11-51,45-99,0.7,0.8,1.2,1.0,2.4,28.4,9.8,18.0,4.0,2.5,27396.0,1029.0
India,"PLFS Year (Jul - Jun), 2021",Female,Rural,15-29 years,81,,0.0,0.2,0.4,0.4,1.3,13.2,11.6,17.4,3.4,1.9,20426.0,786.0
India,"PLFS Year (Jul - Jun), 2021",Female,Rural,15-29 years,11-81,,36.2,32.5,19.7,13.0,15.7,53.7,31.3,45.9,18.9,22.3,241248.0,7692.0
India,"PLFS Year (Jul - Jun), 2021",Female,Rural,15-29 years,UR,,0.0,0.7,1.9,3.0,8.3,24.5,37.2,37.9,18.1,8.5,,
India,"PLFS Year (Jul - Jun), 2021",Female,Rural,15-29 years,91,,0.1,8.4,30.1,50.4,46.2,12.6,16.3,11.3,41.1,30.5,330716.0,10671.0
India,"PLFS Year (Jul - Jun), 2021",Female,Rural,15-29 years,92,,34.5,33.8,32.9,25.2,27.6,29.7,40.3,34.5,29.1,31.2,338046.0,9426.0
India,"PLFS Year (Jul - Jun), 2021",Female,Rural,15-29 years,93,,26.4,24.0,16.5,10.8,10.2,3.9,11.5,8.3,10.5,15.2,164596.0,4575.0
India,"PLFS Year (Jul - Jun), 2021",Female,Rural,15-29 years,94,,0.6,0.8,0.3,0.4,0.1,0.0,0.2,0.0,0.3,0.4,4073.0,93.0
India,"PLFS Year (Jul - Jun), 2021",Female,Rural,15-29 years,95,,1.7,0.4,0.3,0.1,0.0,0.0,0.0,0.0,0.1,0.3,3497.0,124.0
India,"PLFS Year (Jul - Jun), 2021",Female,Rural,15-29 years,97,,0.6,0.1,0.2,0.1,0.1,0.0,0.3,0.1,0.1,0.2,1940.0,68.0
India,"PLFS Year (Jul - Jun), 2021",Female,Rural,15-29 years,99,,0.0,0.0,0.0,0.0,0.0,0.0,0.0,0.0,0.0,0.0,0.0,0.0
India,"PLFS Year (Jul - Jun), 2021",Female,Rural,15-29 years,91-99,,63.8,67.5,80.3,87.0,84.3,46.3,68.7,54.1,81.1,77.7,842869.0,24957.0
India,"PLFS Year (Jul - Jun), 2021",Female,Rural,15-29 years,11-99,,100.0,100.0,100.0,100.0,100.0,100.0,100.0,100.0,100.0,100.0,1084116.0,32649.0
India,"PLFS Year (Jul - Jun), 2021",Female,Rural,15 years and above,"11,12",01-03,8.6,7.9,5.4,3.6,2.5,5.0,2.3,2.0,2.9,6.4,193472.0,7095.0
India,"PLFS Year (Jul - Jun), 2021",Female,Rural,15 years and above,"11,12",01-96,10.3,11.3,8.7,6.3,5.8,11.7,5.3,5.1,6.0,9.0,274214.0,9990.0
India,"PLFS Year (Jul - Jun), 2021",Female,Rural,15 years and above,"11,12",05-43,1.0,2.5,2.6,2.1,2.3,3.7,1.5,1.0,2.0,1.8,56270.0,1839.0
India,"PLFS Year (Jul - Jun), 2021",Female,Rural,15 years and above,"11,12",45-96,0.7,0.9,0.7,0.6,1.0,3.0,1.5,2.1,1.0,0.8,24472.0,1056.0
India,"PLFS Year (Jul - Jun), 2021",Female,Rural,15 years and above,21,01-03,18.8,16.2,12.6,8.8,8.0,6.2,6.4,5.2,7.9,14.2,432788.0,13447.0
India,"PLFS Year (Jul - Jun), 2021",Female,Rural,15 years and above,21,01-96,19.6,17.3,13.6,9.8,9.1,9.6,7.5,6.8,9.0,15.2,463429.0,14343.0
India,"PLFS Year (Jul - Jun), 2021",Female,Rural,15 years and above,21,05-43,0.4,0.5,0.5,0.5,0.4,0.6,0.2,0.0,0.4,0.4,12531.0,345.0
India,"PLFS Year (Jul - Jun), 2021",Female,Rural,15 years and above,21,45-96,0.5,0.5,0.6,0.6,0.8,2.9,0.9,1.6,0.8,0.6,18110.0,551.0
India,"PLFS Year (Jul - Jun), 2021",Female,Rural,15 years and above,11-21,01-03,27.4,24.1,17.9,12.4,10.5,11.2,8.7,7.1,10.8,20.6,626261.0,20542.0
India,"PLFS Year (Jul - Jun), 2021",Female,Rural,15 years and above,11-21,01-96,29.9,28.6,22.3,16.0,14.9,21.3,12.8,11.8,15.0,24.2,737643.0,24333.0
India,"PLFS Year (Jul - Jun), 2021",Female,Rural,15 years and above,11-21,05-43,1.4,3.0,3.1,2.5,2.7,4.2,1.7,1.0,2.4,2.3,68801.0,2184.0
India,"PLFS Year (Jul - Jun), 2021",Female,Rural,15 years and above,11-21,45-96,1.1,1.5,1.3,1.2,1.8,5.8,2.4,3.7,1.8,1.4,42582.0,1607.0
India,"PLFS Year (Jul - Jun), 2021",Female,Rural,15 years and above,31,01-03,0.3,0.2,0.1,0.0,0.0,0.0,0.0,0.0,0.0,0.2,4763.0,171.0
India,"PLFS Year (Jul - Jun), 2021",Female,Rural,15 years and above,31,01-99,1.2,2.3,2.0,3.1,3.7,26.0,12.4,22.6,6.2,2.9,88027.0,3354.0
India,"PLFS Year (Jul - Jun), 2021",Female,Rural,15 years and above,31,05-43,0.2,0.5,0.4,0.5,0.4,1.5,0.7,1.6,0.5,0.4,11911.0,452.0
India,"PLFS Year (Jul - Jun), 2021",Female,Rural,15 years and above,31,45-99,0.8,1.7,1.4,2.6,3.3,24.5,11.7,21.0,5.6,2.3,71354.0,2731.0
India,"PLFS Year (Jul - Jun), 2021",Female,Rural,15 years and above,41,,1.3,1.6,1.2,0.7,0.6,2.0,0.1,0.6,0.6,1.1,34416.0,1258.0
India,"PLFS Year (Jul - Jun), 2021",Female,Rural,15 years and above,51,01-03,9.5,9.1,4.2,2.8,1.4,1.1,0.4,0.0,1.7,6.4,193282.0,4766.0
India,"PLFS Year (Jul - Jun), 2021",Female,Rural,15 years and above,51,01-99,11.2,10.9,5.1,3.1,1.7,1.3,0.4,0.3,2.0,7.5,228987.0,5718.0
India,"PLFS Year (Jul - Jun), 2021",Female,Rural,15 years and above,51,05-43,1.6,1.7,0.8,0.3,0.2,0.1,0.0,0.3,0.2,1.1,33290.0,846.0
India,"PLFS Year (Jul - Jun), 2021",Female,Rural,15 years and above,51,45-99,0.1,0.1,0.1,0.0,0.0,0.0,0.0,0.0,0.0,0.1,2415.0,106.0
India,"PLFS Year (Jul - Jun), 2021",Female,Rural,15 years and above,41 & 51,01-99,12.5,12.5,6.3,3.8,2.2,3.3,0.5,0.9,2.6,8.7,263403.0,6976.0
India,"PLFS Year (Jul - Jun), 2021",Female,Rural,15 years and above,11-51,01-03,37.3,33.5,22.3,15.2,12.0,12.7,9.1,7.2,12.7,27.1,826092.0,25560.0
India,"PLFS Year (Jul - Jun), 2021",Female,Rural,15 years and above,11-51,01-99,43.7,43.4,30.6,23.0,20.9,50.5,25.7,35.3,23.7,35.8,1089073.0,34663.0
India,"PLFS Year (Jul - Jun), 2021",Female,Rural,15 years and above,11-51,05-43,4.4,6.6,5.4,3.9,3.8,7.5,2.6,3.2,3.7,4.8,145823.0,4622.0
India,"PLFS Year (Jul - Jun), 2021",Female,Rural,15 years and above,11-51,45-99,2.0,3.3,2.9,3.9,5.1,30.3,14.1,25.0,7.4,3.8,117158.0,4481.0
India,"PLFS Year (Jul - Jun), 2021",Female,Rural,15 years and above,81,,0.0,0.1,0.3,0.3,1.1,8.8,8.6,11.8,2.6,0.8,23619.0,938.0
India,"PLFS Year (Jul - Jun), 2021",Female,Rural,15 years and above,11-81,,43.7,43.5,30.8,23.3,22.0,59.4,34.3,47.1,26.4,36.6,1112692.0,35601.0
India,"PLFS Year (Jul - Jun), 2021",Female,Rural,15 years and above,UR,,0.0,0.2,0.8,1.3,5.0,14.9,25.0,25.0,10.0,2.1,,
India,"PLFS Year (Jul - Jun), 2021",Female,Rural,15 years and above,91,,0.0,2.2,15.8,32.2,34.6,7.2,11.2,5.9,27.9,10.9,331203.0,10688.0
India,"PLFS Year (Jul - Jun), 2021",Female,Rural,15 years and above,92,,22.5,29.0,32.8,29.9,31.4,26.7,40.3,35.4,32.4,28.3,860875.0,25171.0
India,"PLFS Year (Jul - Jun), 2021",Female,Rural,15 years and above,93,,18.8,20.8,18.6,13.1,11.4,5.1,13.2,10.7,12.3,17.4,528412.0,14573.0
India,"PLFS Year (Jul - Jun), 2021",Female,Rural,15 years and above,94,,9.6,3.5,1.5,1.2,0.5,1.6,0.7,0.7,0.9,4.6,140913.0,4129.0
India,"PLFS Year (Jul - Jun), 2021",Female,Rural,15 years and above,95,,2.1,0.6,0.3,0.2,0.0,0.0,0.1,0.0,0.1,1.0,29334.0,900.0
India,"PLFS Year (Jul - Jun), 2021",Female,Rural,15 years and above,97,,3.2,0.5,0.2,0.1,0.1,0.0,0.2,0.0,0.1,1.3,40143.0,1027.0
India,"PLFS Year (Jul - Jun), 2021",Female,Rural,15 years and above,99,,0.0,0.0,0.0,0.0,0.0,0.0,0.0,0.0,0.0,0.0,0.0,0.0
India,"PLFS Year (Jul - Jun), 2021",Female,Rural,15 years and above,91-99,,56.3,56.5,69.2,76.7,78.0,40.6,65.7,52.9,73.6,63.4,1930879.0,56488.0
India,"PLFS Year (Jul - Jun), 2021",Female,Rural,15 years and above,11-99,,100.0,100.0,100.0,100.0,100.0,100.0,100.0,100.0,100.0,100.0,3043571.0,92089.0
India,"PLFS Year (Jul - Jun), 2021",Female,Rural,all ages,"11,12",01-03,6.3,3.8,4.7,3.6,2.5,5.0,2.3,2.0,2.9,4.7,193472.0,7095.0
India,"PLFS Year (Jul - Jun), 2021",Female,Rural,all ages,"11,12",01-96,7.5,5.5,7.7,6.2,5.8,11.7,5.3,5.1,6.0,6.7,274243.0,9992.0
India,"PLFS Year (Jul - Jun), 2021",Female,Rural,all ages,"11,12",05-43,0.7,1.2,2.3,2.1,2.3,3.7,1.5,1.0,2.0,1.4,56299.0,1841.0
India,"PLFS Year (Jul - Jun), 2021",Female,Rural,all ages,"11,12",45-96,0.5,0.4,0.6,0.6,1.0,3.0,1.5,2.1,1.0,0.6,24472.0,1056.0
India,"PLFS Year (Jul - Jun), 2021",Female,Rural,all ages,21,01-03,13.7,8.0,11.2,8.7,8.0,6.2,6.4,5.2,7.9,10.6,435537.0,13504.0
India,"PLFS Year (Jul - Jun), 2021",Female,Rural,all ages,21,01-96,14.3,8.5,12.1,9.8,9.1,9.6,7.5,6.8,9.0,11.4,466426.0,14410.0
India,"PLFS Year (Jul - Jun), 2021",Female,Rural,all ages,21,05-43,0.3,0.2,0.4,0.5,0.4,0.6,0.2,0.0,0.4,0.3,12674.0,350.0
India,"PLFS Year (Jul - Jun), 2021",Female,Rural,all ages,21,45-96,0.4,0.3,0.5,0.6,0.8,2.9,0.9,1.6,0.8,0.4,18215.0,556.0
India,"PLFS Year (Jul - Jun), 2021",Female,Rural,all ages,11-21,01-03,20.0,11.8,15.9,12.3,10.5,11.2,8.7,7.1,10.8,15.3,629010.0,20599.0
India,"PLFS Year (Jul - Jun), 2021",Female,Rural,all ages,11-21,01-96,21.8,14.0,19.8,16.0,14.9,21.3,12.8,11.8,15.0,18.0,740669.0,24402.0
India,"PLFS Year (Jul - Jun), 2021",Female,Rural,all ages,11-21,05-43,1.0,1.5,2.7,2.5,2.7,4.2,1.7,1.0,2.4,1.7,68973.0,2191.0
India,"PLFS Year (Jul - Jun), 2021",Female,Rural,all ages,11-21,45-96,0.8,0.7,1.1,1.2,1.8,5.8,2.4,3.7,1.8,1.0,42686.0,1612.0
India,"PLFS Year (Jul - Jun), 2021",Female,Rural,all ages,31,01-03,0.2,0.1,0.1,0.0,0.0,0.0,0.0,0.0,0.0,0.1,4763.0,171.0
India,"PLFS Year (Jul - Jun), 2021",Female,Rural,all ages,31,01-99,0.9,1.1,1.7,3.1,3.7,26.0,12.4,22.6,6.1,2.1,88027.0,3354.0
India,"PLFS Year (Jul - Jun), 2021",Female,Rural,all ages,31,05-43,0.2,0.2,0.4,0.4,0.4,1.5,0.7,1.6,0.5,0.3,11911.0,452.0
India,"PLFS Year (Jul - Jun), 2021",Female,Rural,all ages,31,45-99,0.5,0.8,1.3,2.6,3.3,24.5,11.7,21.0,5.6,1.7,71354.0,2731.0
India,"PLFS Year (Jul - Jun), 2021",Female,Rural,all ages,41,,0.9,0.8,1.1,0.7,0.6,2.0,0.1,0.6,0.6,0.8,34416.0,1258.0
India,"PLFS Year (Jul - Jun), 2021",Female,Rural,all ages,51,01-03,6.9,4.4,3.7,2.7,1.4,1.1,0.4,0.0,1.7,4.7,193465.0,4770.0
India,"PLFS Year (Jul - Jun), 2021",Female,Rural,all ages,51,01-99,8.2,5.3,4.5,3.1,1.7,1.3,0.4,0.3,2.0,5.6,229170.0,5722.0
India,"PLFS Year (Jul - Jun), 2021",Female,Rural,all ages,51,05-43,1.2,0.8,0.7,0.3,0.2,0.1,0.0,0.3,0.2,0.8,33290.0,846.0
India,"PLFS Year (Jul - Jun), 2021",Female,Rural,all ages,51,45-99,0.1,0.1,0.1,0.0,0.0,0.0,0.0,0.0,0.0,0.1,2415.0,106.0
India,"PLFS Year (Jul - Jun), 2021",Female,Rural,all ages,41 & 51,01-99,9.1,6.1,5.6,3.8,2.2,3.3,0.5,0.9,2.6,6.4,263586.0,6980.0
India,"PLFS Year (Jul - Jun), 2021",Female,Rural,all ages,11-51,01-03,27.1,16.4,19.8,15.2,12.0,12.7,9.1,7.2,12.6,20.2,829024.0,25621.0
India,"PLFS Year (Jul - Jun), 2021",Female,Rural,all ages,11-51,01-99,31.8,21.2,27.1,22.9,20.9,50.5,25.7,35.3,23.7,26.6,1092282.0,34736.0
India,"PLFS Year (Jul - Jun), 2021",Female,Rural,all ages,11-51,05-43,3.2,3.2,4.8,3.9,3.8,7.5,2.6,3.2,3.7,3.6,145994.0,4629.0
India,"PLFS Year (Jul - Jun), 2021",Female,Rural,all ages,11-51,45-99,1.4,1.6,2.5,3.9,5.1,30.3,14.1,25.0,7.4,2.9,117263.0,4486.0
India,"PLFS Year (Jul - Jun), 2021",Female,Rural,all ages,81,,0.0,0.0,0.2,0.3,1.1,8.8,8.6,11.8,2.6,0.6,23821.0,940.0
India,"PLFS Year (Jul - Jun), 2021",Female,Rural,all ages,11-81,,31.8,21.3,27.4,23.2,22.0,59.4,34.3,47.1,26.4,27.2,1116103.0,35676.0
India,"PLFS Year (Jul - Jun), 2021",Female,Rural,all ages,UR,,0.0,0.2,0.9,1.3,5.0,14.9,25.0,25.0,10.0,2.1,,
India,"PLFS Year (Jul - Jun), 2021",Female,Rural,all ages,91,,3.5,51.0,25.2,32.4,34.6,7.2,11.2,5.9,27.9,24.6,1012287.0,30914.0
India,"PLFS Year (Jul - Jun), 2021",Female,Rural,all ages,92,,16.5,14.4,29.3,29.8,31.4,26.7,40.3,35.4,32.4,21.2,869072.0,25321.0
India,"PLFS Year (Jul - Jun), 2021",Female,Rural,all ages,93,,13.7,10.2,16.5,13.1,11.4,5.1,13.2,10.7,12.3,12.9,530525.0,14611.0
India,"PLFS Year (Jul - Jun), 2021",Female,Rural,all ages,94,,7.0,1.7,1.3,1.2,0.5,1.6,0.7,0.7,0.9,3.4,140960.0,4131.0
India,"PLFS Year (Jul - Jun), 2021",Female,Rural,all ages,95,,1.6,0.3,0.3,0.2,0.0,0.0,0.1,0.0,0.1,0.8,30817.0,935.0
India,"PLFS Year (Jul - Jun), 2021",Female,Rural,all ages,97,,4.2,0.3,0.2,0.1,0.1,0.0,0.2,0.0,0.1,1.7,69636.0,1620.0
India,"PLFS Year (Jul - Jun), 2021",Female,Rural,all ages,99,,21.6,0.8,0.0,0.0,0.0,0.0,0.0,0.0,0.0,8.2,338567.0,9240.0
India,"PLFS Year (Jul - Jun), 2021",Female,Rural,all ages,91-99,,68.2,78.7,72.6,76.8,78.0,40.6,65.7,52.9,73.6,72.8,2991863.0,86772.0
India,"PLFS Year (Jul - Jun), 2021",Female,Rural,all ages,11-99,,100.0,100.0,100.0,100.0,100.0,100.0,100.0,100.0,100.0,100.0,4107966.0,122448.0
India,"PLFS Year (Jul - Jun), 2021",Persons,Rural,15-29 years,"11,12",01-03,6.0,4.9,3.6,2.3,2.4,2.8,3.2,1.9,2.5,3.3,72942.0,2266.0
India,"PLFS Year (Jul - Jun), 2021",Persons,Rural,15-29 years,"11,12",01-96,9.1,9.2,7.7,5.7,6.2,10.7,9.3,9.0,6.8,7.5,165268.0,5463.0
India,"PLFS Year (Jul - Jun), 2021",Persons,Rural,15-29 years,"11,12",05-43,1.8,2.0,1.8,1.5,1.3,3.4,1.3,1.2,1.4,1.6,35925.0,1204.0
India,"PLFS Year (Jul - Jun), 2021",Persons,Rural,15-29 years,"11,12",45-96,1.3,2.3,2.4,2.0,2.6,4.5,4.8,5.9,2.8,2.5,56402.0,1993.0
India,"PLFS Year (Jul - Jun), 2021",Persons,Rural,15-29 years,21,01-03,15.8,15.8,12.3,8.8,10.5,9.4,11.6,8.8,10.0,11.7,258209.0,8016.0
India,"PLFS Year (Jul - Jun), 2021",Persons,Rural,15-29 years,21,01-96,17.0,17.1,13.7,9.9,11.8,12.0,13.5,11.1,11.4,13.0,288725.0,8915.0
India,"PLFS Year (Jul - Jun), 2021",Persons,Rural,15-29 years,21,05-43,0.8,0.6,0.5,0.5,0.5,0.2,0.3,1.4,0.5,0.5,11366.0,339.0
India,"PLFS Year (Jul - Jun), 2021",Persons,Rural,15-29 years,21,45-96,0.4,0.7,0.9,0.7,0.9,2.4,1.6,0.9,1.0,0.9,19149.0,560.0
India,"PLFS Year (Jul - Jun), 2021",Persons,Rural,15-29 years,11-21,01-03,21.8,20.7,15.9,11.0,12.9,12.2,14.9,10.7,12.4,15.0,331151.0,10282.0
India,"PLFS Year (Jul - Jun), 2021",Persons,Rural,15-29 years,11-21,01-96,26.1,26.2,21.4,15.7,18.0,22.7,22.9,20.1,18.2,20.5,453993.0,14378.0
India,"PLFS Year (Jul - Jun), 2021",Persons,Rural,15-29 years,11-21,05-43,2.5,2.6,2.3,2.0,1.8,3.6,1.7,2.6,1.9,2.1,47291.0,1543.0
India,"PLFS Year (Jul - Jun), 2021",Persons,Rural,15-29 years,11-21,45-96,1.7,2.9,3.2,2.6,3.4,6.9,6.3,6.8,3.8,3.4,75551.0,2553.0
India,"PLFS Year (Jul - Jun), 2021",Persons,Rural,15-29 years,31,01-03,0.4,0.4,0.1,0.2,0.1,0.1,0.2,0.0,0.1,0.2,4005.0,128.0
India,"PLFS Year (Jul - Jun), 2021",Persons,Rural,15-29 years,31,01-99,2.7,5.3,5.1,4.6,6.0,27.7,15.8,24.6,8.3,6.7,147410.0,4768.0
India,"PLFS Year (Jul - Jun), 2021",Persons,Rural,15-29 years,31,05-43,1.3,2.5,2.0,1.8,2.2,13.4,3.3,3.2,2.6,2.3,51358.0,1557.0
India,"PLFS Year (Jul - Jun), 2021",Persons,Rural,15-29 years,31,45-99,0.9,2.4,2.9,2.7,3.7,14.2,12.4,21.3,5.6,4.2,92047.0,3083.0
India,"PLFS Year (Jul - Jun), 2021",Persons,Rural,15-29 years,41,,0.4,0.4,0.3,0.1,0.2,0.1,0.1,0.0,0.2,0.3,5540.0,236.0
India,"PLFS Year (Jul - Jun), 2021",Persons,Rural,15-29 years,51,01-03,11.3,9.2,4.6,2.6,1.6,2.1,0.9,0.3,1.8,4.1,89853.0,2046.0
India,"PLFS Year (Jul - Jun), 2021",Persons,Rural,15-29 years,51,01-99,23.4,22.5,13.0,7.1,5.0,7.2,2.4,0.7,5.3,10.6,234970.0,6166.0
India,"PLFS Year (Jul - Jun), 2021",Persons,Rural,15-29 years,51,05-43,11.2,12.3,7.8,4.0,2.9,4.0,1.3,0.4,3.0,6.0,132110.0,3723.0
India,"PLFS Year (Jul - Jun), 2021",Persons,Rural,15-29 years,51,45-99,0.9,1.0,0.7,0.5,0.4,1.1,0.2,0.0,0.4,0.6,13007.0,397.0
India,"PLFS Year (Jul - Jun), 2021",Persons,Rural,15-29 years,41 & 51,01-99,23.8,23.0,13.3,7.2,5.2,7.2,2.5,0.7,5.4,10.9,240510.0,6402.0
India,"PLFS Year (Jul - Jun), 2021",Persons,Rural,15-29 years,11-51,01-03,33.5,30.3,20.6,13.7,14.6,14.3,15.9,11.0,14.4,19.2,425025.0,12457.0
India,"PLFS Year (Jul - Jun), 2021",Persons,Rural,15-29 years,11-51,01-99,52.6,54.5,39.8,27.5,29.2,57.6,41.1,45.4,31.9,38.0,841913.0,25548.0
India,"PLFS Year (Jul - Jun), 2021",Persons,Rural,15-29 years,11-51,05-43,15.5,17.8,12.4,8.0,7.0,21.1,6.3,6.3,7.7,10.7,236284.0,7058.0
India,"PLFS Year (Jul - Jun), 2021",Persons,Rural,15-29 years,11-51,45-99,3.6,6.3,6.8,5.8,7.6,22.2,18.9,28.1,9.8,8.2,180604.0,6033.0
India,"PLFS Year (Jul - Jun), 2021",Persons,Rural,15-29 years,81,,1.4,2.1,2.7,2.3,3.6,18.3,17.3,20.3,6.4,4.5,100246.0,3266.0
India,"PLFS Year (Jul - Jun), 2021",Persons,Rural,15-29 years,11-81,,54.0,56.6,42.5,29.8,32.8,75.9,58.4,65.7,38.2,42.6,942159.0,28814.0
India,"PLFS Year (Jul - Jun), 2021",Persons,Rural,15-29 years,UR,,2.7,3.7,6.4,7.8,11.0,24.1,29.6,30.9,16.6,10.6,,
India,"PLFS Year (Jul - Jun), 2021",Persons,Rural,15-29 years,91,,0.2,10.1,32.0,52.5,48.9,14.7,17.0,10.3,42.8,33.3,736329.0,23814.0
India,"PLFS Year (Jul - Jun), 2021",Persons,Rural,15-29 years,92,,22.6,18.4,16.1,12.0,13.0,7.7,18.8,19.3,13.6,15.4,341903.0,9609.0
India,"PLFS Year (Jul - Jun), 2021",Persons,Rural,15-29 years,93,,17.5,13.2,8.1,5.1,4.8,1.0,5.4,4.6,4.9,7.6,167677.0,4672.0
India,"PLFS Year (Jul - Jun), 2021",Persons,Rural,15-29 years,94,,0.5,0.4,0.2,0.2,0.1,0.0,0.1,0.0,0.1,0.2,4395.0,106.0
India,"PLFS Year (Jul - Jun), 2021",Persons,Rural,15-29 years,95,,4.4,0.8,0.5,0.2,0.1,0.1,0.0,0.0,0.1,0.5,12060.0,392.0
India,"PLFS Year (Jul - Jun), 2021",Persons,Rural,15-29 years,97,,0.8,0.6,0.5,0.3,0.2,0.5,0.2,0.0,0.2,0.4,8738.0,247.0
India,"PLFS Year (Jul - Jun), 2021",Persons,Rural,15-29 years,99,,0.0,0.0,0.0,0.0,0.0,0.0,0.0,0.0,0.0,0.0,0.0,0.0
India,"PLFS Year (Jul - Jun), 2021",Persons,Rural,15-29 years,91-99,,46.0,43.4,57.5,70.2,67.2,24.1,41.6,34.3,61.8,57.4,1271101.0,38840.0
India,"PLFS Year (Jul - Jun), 2021",Persons,Rural,15-29 years,11-99,,100.0,100.0,100.0,100.0,100.0,100.0,100.0,100.0,100.0,100.0,2213260.0,67654.0
India,"PLFS Year (Jul - Jun), 2021",Persons,Rural,15 years and above,"11,12",01-03,17.3,18.5,15.3,12.4,9.4,6.5,9.6,7.9,10.5,14.9,907005.0,28586.0
India,"PLFS Year (Jul - Jun), 2021",Persons,Rural,15 years and above,"11,12",01-96,20.9,26.8,24.9,21.0,17.4,19.7,20.4,17.7,19.5,22.4,1365154.0,43639.0
India,"PLFS Year (Jul - Jun), 2021",Persons,Rural,15 years and above,"11,12",05-43,1.6,3.4,3.6,3.1,2.2,4.9,1.8,1.1,2.5,2.7,161808.0,5229.0
India,"PLFS Year (Jul - Jun), 2021",Persons,Rural,15 years and above,"11,12",45-96,2.0,4.9,6.0,5.5,5.8,8.3,9.0,8.7,6.5,4.9,296341.0,9824.0
India,"PLFS Year (Jul - Jun), 2021",Persons,Rural,15 years and above,21,01-03,13.2,11.0,10.5,8.2,9.8,7.1,9.6,6.5,8.9,10.8,660785.0,20281.0
India,"PLFS Year (Jul - Jun), 2021",Persons,Rural,15 years and above,21,01-96,13.9,11.9,11.6,9.3,11.2,9.7,11.1,8.1,10.2,11.8,721794.0,22085.0
India,"PLFS Year (Jul - Jun), 2021",Persons,Rural,15 years and above,21,05-43,0.3,0.3,0.4,0.4,0.4,0.3,0.3,0.6,0.4,0.3,21341.0,633.0
India,"PLFS Year (Jul - Jun), 2021",Persons,Rural,15 years and above,21,45-96,0.3,0.5,0.7,0.7,0.9,2.3,1.3,1.0,0.9,0.6,39668.0,1171.0
India,"PLFS Year (Jul - Jun), 2021",Persons,Rural,15 years and above,11-21,01-03,30.5,29.5,25.8,20.6,19.2,13.6,19.2,14.4,19.4,25.7,1567791.0,48867.0
India,"PLFS Year (Jul - Jun), 2021",Persons,Rural,15 years and above,11-21,01-96,34.8,38.6,36.4,30.3,28.6,29.4,31.6,25.9,29.8,34.2,2086948.0,65724.0
India,"PLFS Year (Jul - Jun), 2021",Persons,Rural,15 years and above,11-21,05-43,1.9,3.8,4.0,3.5,2.6,5.1,2.0,1.8,2.9,3.0,183148.0,5862.0
India,"PLFS Year (Jul - Jun), 2021",Persons,Rural,15 years and above,11-21,45-96,2.4,5.4,6.7,6.2,6.7,10.7,10.3,9.7,7.4,5.5,336009.0,10995.0
India,"PLFS Year (Jul - Jun), 2021",Persons,Rural,15 years and above,31,01-03,0.3,0.4,0.2,0.2,0.1,0.0,0.2,0.1,0.1,0.3,15572.0,572.0
India,"PLFS Year (Jul - Jun), 2021",Persons,Rural,15 years and above,31,01-99,2.0,4.9,6.3,7.6,9.5,32.7,22.0,37.0,12.8,7.0,426534.0,14909.0
India,"PLFS Year (Jul - Jun), 2021",Persons,Rural,15 years and above,31,05-43,0.6,1.9,2.2,2.4,2.9,14.0,3.5,3.5,3.2,2.0,123225.0,3906.0
India,"PLFS Year (Jul - Jun), 2021",Persons,Rural,15 years and above,31,45-99,1.0,2.7,3.9,5.0,6.5,18.7,18.3,33.4,9.5,4.7,287738.0,10431.0
India,"PLFS Year (Jul - Jun), 2021",Persons,Rural,15 years and above,41,,1.0,1.1,0.7,0.4,0.3,0.5,0.1,0.3,0.3,0.7,44337.0,1673.0
India,"PLFS Year (Jul - Jun), 2021",Persons,Rural,15 years and above,51,01-03,11.2,10.2,5.4,3.3,1.9,2.3,0.9,0.5,2.3,6.8,416095.0,9958.0
India,"PLFS Year (Jul - Jun), 2021",Persons,Rural,15 years and above,51,01-99,17.6,20.5,14.2,9.2,5.6,7.0,2.7,1.1,6.4,13.7,836597.0,22237.0
India,"PLFS Year (Jul - Jun), 2021",Persons,Rural,15 years and above,51,05-43,6.0,9.4,8.0,5.3,3.2,3.6,1.6,0.6,3.7,6.3,383713.0,11142.0
India,"PLFS Year (Jul - Jun), 2021",Persons,Rural,15 years and above,51,45-99,0.4,0.9,0.8,0.6,0.4,1.1,0.3,0.0,0.5,0.6,36788.0,1137.0
India,"PLFS Year (Jul - Jun), 2021",Persons,Rural,15 years and above,41 & 51,01-99,18.6,21.6,14.9,9.6,5.9,7.6,2.8,1.4,6.7,14.4,880934.0,23910.0
India,"PLFS Year (Jul - Jun), 2021",Persons,Rural,15 years and above,11-51,01-03,42.1,40.1,31.4,24.1,21.3,16.1,20.2,15.0,21.8,32.8,2001451.0,59487.0
India,"PLFS Year (Jul - Jun), 2021",Persons,Rural,15 years and above,11-51,01-99,55.3,65.2,57.6,47.5,44.0,69.7,56.3,64.3,49.3,55.6,3394416.0,104543.0
India,"PLFS Year (Jul - Jun), 2021",Persons,Rural,15 years and above,11-51,05-43,9.4,16.1,14.8,11.6,9.0,23.1,7.2,6.1,10.1,12.0,731621.0,22456.0
India,"PLFS Year (Jul - Jun), 2021",Persons,Rural,15 years and above,11-51,45-99,3.8,9.0,11.4,11.8,13.7,30.5,28.8,43.1,17.4,10.8,661343.0,22600.0
India,"PLFS Year (Jul - Jun), 2021",Persons,Rural,15 years and above,81,,0.1,0.6,1.5,1.5,2.8,11.6,10.8,10.2,4.3,1.9,114023.0,3766.0
India,"PLFS Year (Jul - Jun), 2021",Persons,Rural,15 years and above,11-81,,55.5,65.7,59.1,49.0,46.7,81.3,67.1,74.4,53.6,57.5,3508438.0,108309.0
India,"PLFS Year (Jul - Jun), 2021",Persons,Rural,15 years and above,UR,,0.3,0.9,2.5,3.1,5.9,14.3,16.1,13.7,8.0,3.2,,
India,"PLFS Year (Jul - Jun), 2021",Persons,Rural,15 years and above,91,,0.0,2.5,15.1,29.7,33.2,8.4,9.8,4.0,25.5,12.1,737239.0,23847.0
India,"PLFS Year (Jul - Jun), 2021",Persons,Rural,15 years and above,92,,15.1,14.8,14.5,12.7,13.5,7.1,15.8,14.4,13.4,14.4,876454.0,25767.0
India,"PLFS Year (Jul - Jun), 2021",Persons,Rural,15 years and above,93,,12.5,10.5,8.2,5.5,4.9,1.4,5.2,4.5,5.1,8.8,537221.0,14866.0
India,"PLFS Year (Jul - Jun), 2021",Persons,Rural,15 years and above,94,,10.3,4.2,1.9,2.2,1.1,1.2,1.8,2.3,1.8,4.6,280912.0,8199.0
India,"PLFS Year (Jul - Jun), 2021",Persons,Rural,15 years and above,95,,3.0,1.2,0.7,0.5,0.2,0.2,0.2,0.3,0.3,1.3,79686.0,2381.0
India,"PLFS Year (Jul - Jun), 2021",Persons,Rural,15 years and above,97,,3.6,1.0,0.6,0.4,0.3,0.4,0.2,0.1,0.3,1.4,85501.0,2182.0
India,"PLFS Year (Jul - Jun), 2021",Persons,Rural,15 years and above,99,,0.0,0.0,0.0,0.0,0.0,0.0,0.0,0.0,0.0,0.0,0.0,0.0
India,"PLFS Year (Jul - Jun), 2021",Persons,Rural,15 years and above,91-99,,44.5,34.3,40.9,51.0,53.3,18.7,32.9,25.6,46.4,42.5,2597013.0,77242.0
India,"PLFS Year (Jul - Jun), 2021",Persons,Rural,15 years and above,11-99,,100.0,100.0,100.0,100.0,100.0,100.0,100.0,100.0,100.0,100.0,6105451.0,185551.0
India,"PLFS Year (Jul - Jun), 2021",Persons,Rural,all ages,"11,12",01-03,11.4,8.8,13.7,12.4,9.4,6.5,9.6,7.9,10.5,10.9,907066.0,28589.0
India,"PLFS Year (Jul - Jun), 2021",Persons,Rural,all ages,"11,12",01-96,13.8,12.7,22.3,21.0,17.4,19.7,20.4,17.7,19.5,16.4,1365413.0,43647.0
India,"PLFS Year (Jul - Jun), 2021",Persons,Rural,all ages,"11,12",05-43,1.0,1.6,3.2,3.1,2.2,4.9,1.8,1.1,2.5,1.9,161865.0,5232.0
India,"PLFS Year (Jul - Jun), 2021",Persons,Rural,all ages,"11,12",45-96,1.3,2.3,5.3,5.5,5.8,8.3,9.0,8.7,6.5,3.6,296482.0,9826.0
India,"PLFS Year (Jul - Jun), 2021",Persons,Rural,all ages,21,01-03,8.8,5.3,9.5,8.2,9.8,7.1,9.6,6.5,8.9,8.0,665986.0,20406.0
India,"PLFS Year (Jul - Jun), 2021",Persons,Rural,all ages,21,01-96,9.2,5.7,10.5,9.3,11.2,9.7,11.1,8.1,10.2,8.7,727589.0,22229.0
India,"PLFS Year (Jul - Jun), 2021",Persons,Rural,all ages,21,05-43,0.2,0.2,0.4,0.4,0.4,0.3,0.3,0.6,0.4,0.3,21495.0,639.0
India,"PLFS Year (Jul - Jun), 2021",Persons,Rural,all ages,21,45-96,0.2,0.3,0.6,0.7,0.9,2.3,1.3,1.0,0.9,0.5,40108.0,1184.0
India,"PLFS Year (Jul - Jun), 2021",Persons,Rural,all ages,11-21,01-03,20.3,14.0,23.2,20.6,19.2,13.6,19.2,14.4,19.4,18.9,1573052.0,48995.0
India,"PLFS Year (Jul - Jun), 2021",Persons,Rural,all ages,11-21,01-96,23.1,18.4,32.7,30.3,28.6,29.4,31.6,25.9,29.7,25.1,2093002.0,65876.0
India,"PLFS Year (Jul - Jun), 2021",Persons,Rural,all ages,11-21,05-43,1.2,1.8,3.6,3.5,2.6,5.1,2.0,1.8,2.9,2.2,183360.0,5871.0
India,"PLFS Year (Jul - Jun), 2021",Persons,Rural,all ages,11-21,45-96,1.6,2.6,6.0,6.2,6.7,10.7,10.3,9.7,7.4,4.0,336590.0,11010.0
India,"PLFS Year (Jul - Jun), 2021",Persons,Rural,all ages,31,01-03,0.2,0.2,0.2,0.2,0.1,0.0,0.2,0.1,0.1,0.2,15572.0,572.0
India,"PLFS Year (Jul - Jun), 2021",Persons,Rural,all ages,31,01-99,1.3,2.3,5.7,7.6,9.5,32.7,22.0,37.0,12.8,5.1,426573.0,14913.0
India,"PLFS Year (Jul - Jun), 2021",Persons,Rural,all ages,31,05-43,0.4,0.9,2.0,2.4,2.9,14.0,3.5,3.5,3.2,1.5,123228.0,3908.0
India,"PLFS Year (Jul - Jun), 2021",Persons,Rural,all ages,31,45-99,0.7,1.3,3.5,5.0,6.5,18.7,18.3,33.4,9.5,3.5,287774.0,10433.0
India,"PLFS Year (Jul - Jun), 2021",Persons,Rural,all ages,41,,0.7,0.5,0.6,0.4,0.3,0.5,0.1,0.3,0.3,0.5,44337.0,1673.0
India,"PLFS Year (Jul - Jun), 2021",Persons,Rural,all ages,51,01-03,7.4,4.8,4.8,3.3,1.9,2.3,0.9,0.5,2.2,5.0,416500.0,9968.0
India,"PLFS Year (Jul - Jun), 2021",Persons,Rural,all ages,51,01-99,11.7,9.7,12.7,9.1,5.6,7.0,2.7,1.1,6.4,10.1,837367.0,22254.0
India,"PLFS Year (Jul - Jun), 2021",Persons,Rural,all ages,51,05-43,4.0,4.5,7.2,5.3,3.2,3.6,1.6,0.6,3.7,4.6,384024.0,11146.0
India,"PLFS Year (Jul - Jun), 2021",Persons,Rural,all ages,51,45-99,0.3,0.4,0.7,0.6,0.4,1.1,0.3,0.0,0.5,0.4,36843.0,1140.0
India,"PLFS Year (Jul - Jun), 2021",Persons,Rural,all ages,41 & 51,01-99,12.3,10.2,13.3,9.5,5.9,7.6,2.8,1.4,6.7,10.6,881704.0,23927.0
India,"PLFS Year (Jul - Jun), 2021",Persons,Rural,all ages,11-51,01-03,27.9,19.1,28.2,24.1,21.3,16.1,20.2,15.0,21.8,24.1,2007117.0,59625.0
India,"PLFS Year (Jul - Jun), 2021",Persons,Rural,all ages,11-51,01-99,36.7,31.0,51.8,47.4,44.0,69.7,56.3,64.3,49.2,40.8,3401278.0,104716.0
India,"PLFS Year (Jul - Jun), 2021",Persons,Rural,all ages,11-51,05-43,6.2,7.6,13.3,11.6,9.0,23.1,7.2,6.1,10.0,8.8,732146.0,22471.0
India,"PLFS Year (Jul - Jun), 2021",Persons,Rural,all ages,11-51,45-99,2.5,4.3,10.2,11.7,13.7,30.5,28.8,43.1,17.4,7.9,662016.0,22620.0
India,"PLFS Year (Jul - Jun), 2021",Persons,Rural,all ages,81,,0.1,0.3,1.3,1.5,2.8,11.6,10.8,10.2,4.3,1.4,114388.0,3774.0
India,"PLFS Year (Jul - Jun), 2021",Persons,Rural,all ages,11-81,,36.8,31.3,53.1,48.9,46.7,81.3,67.1,74.4,53.5,42.2,3515666.0,108490.0
India,"PLFS Year (Jul - Jun), 2021",Persons,Rural,all ages,UR,,0.3,0.9,2.5,3.1,5.9,14.3,16.1,13.7,8.0,3.3,,
India,"PLFS Year (Jul - Jun), 2021",Persons,Rural,all ages,91,,4.5,52.4,23.6,29.9,33.2,8.4,9.8,4.0,25.6,26.1,2172305.0,66424.0
India,"PLFS Year (Jul - Jun), 2021",Persons,Rural,all ages,92,,10.1,7.2,13.1,12.7,13.5,7.1,15.8,14.4,13.4,10.6,886875.0,25968.0
India,"PLFS Year (Jul - Jun), 2021",Persons,Rural,all ages,93,,8.3,5.1,7.4,5.5,4.9,1.4,5.2,4.5,5.1,6.5,540329.0,14919.0
India,"PLFS Year (Jul - Jun), 2021",Persons,Rural,all ages,94,,6.8,2.0,1.7,2.2,1.1,1.2,1.8,2.3,1.7,3.4,280985.0,8202.0
India,"PLFS Year (Jul - Jun), 2021",Persons,Rural,all ages,95,,2.1,0.6,0.6,0.5,0.2,0.2,0.2,0.3,0.3,1.0,83634.0,2471.0
India,"PLFS Year (Jul - Jun), 2021",Persons,Rural,all ages,97,,4.6,0.7,0.5,0.4,0.3,0.4,0.2,0.1,0.3,1.8,148542.0,3481.0
India,"PLFS Year (Jul - Jun), 2021",Persons,Rural,all ages,99,,26.6,0.8,0.0,0.0,0.0,0.0,0.0,0.0,0.0,8.4,699474.0,19220.0
India,"PLFS Year (Jul - Jun), 2021",Persons,Rural,all ages,91-99,,63.2,68.7,46.9,51.1,53.3,18.7,32.9,25.6,46.5,57.8,4812144.0,140685.0
India,"PLFS Year (Jul - Jun), 2021",Persons,Rural,all ages,11-99,,100.0,100.0,100.0,100.0,100.0,100.0,100.0,100.0,100.0,100.0,8327810.0,249175.0
India,"PLFS Year (Jul - Jun), 2021",Male,Urban,15-29 years,"11,12",01-03,0.5,1.3,0.9,0.5,0.2,0.3,0.3,0.4,0.3,0.5,2271.0,122.0
India,"PLFS Year (Jul - Jun), 2021",Male,Urban,15-29 years,"11,12",01-96,15.7,15.8,10.0,6.7,5.8,6.6,8.1,10.3,7.0,8.5,38551.0,2193.0
India,"PLFS Year (Jul - Jun), 2021",Male,Urban,15-29 years,"11,12",05-43,5.8,3.7,2.5,1.6,1.2,1.0,1.0,1.4,1.2,1.8,8179.0,495.0
India,"PLFS Year (Jul - Jun), 2021",Male,Urban,15-29 years,"11,12",45-96,9.4,10.8,6.6,4.6,4.4,5.4,6.9,8.5,5.4,6.2,28101.0,1576.0
India,"PLFS Year (Jul - Jun), 2021",Male,Urban,15-29 years,21,01-03,0.1,1.2,1.2,0.5,1.0,1.5,0.8,0.3,0.8,0.9,3926.0,260.0
India,"PLFS Year (Jul - Jun), 2021",Male,Urban,15-29 years,21,01-96,5.3,4.6,5.7,4.1,5.0,4.8,6.3,5.3,5.1,5.2,23554.0,1391.0
India,"PLFS Year (Jul - Jun), 2021",Male,Urban,15-29 years,21,05-43,3.8,1.4,1.7,1.1,1.0,1.7,1.7,1.3,1.3,1.4,6469.0,334.0
India,"PLFS Year (Jul - Jun), 2021",Male,Urban,15-29 years,21,45-96,1.4,2.1,2.8,2.5,3.0,1.5,3.9,3.7,3.1,2.9,13160.0,797.0
India,"PLFS Year (Jul - Jun), 2021",Male,Urban,15-29 years,11-21,01-03,0.6,2.4,2.0,1.0,1.2,1.8,1.0,0.7,1.1,1.4,6197.0,382.0
India,"PLFS Year (Jul - Jun), 2021",Male,Urban,15-29 years,11-21,01-96,21.0,20.4,15.6,10.7,10.8,11.4,14.4,15.5,12.1,13.7,62105.0,3584.0
India,"PLFS Year (Jul - Jun), 2021",Male,Urban,15-29 years,11-21,05-43,9.6,5.0,4.2,2.7,2.2,2.7,2.6,2.7,2.5,3.2,14648.0,829.0
India,"PLFS Year (Jul - Jun), 2021",Male,Urban,15-29 years,11-21,45-96,10.8,12.9,9.5,7.1,7.5,6.9,10.8,12.2,8.5,9.1,41261.0,2373.0
India,"PLFS Year (Jul - Jun), 2021",Male,Urban,15-29 years,31,01-03,0.6,0.6,0.4,0.1,0.1,0.1,0.0,0.1,0.1,0.2,909.0,34.0
India,"PLFS Year (Jul - Jun), 2021",Male,Urban,15-29 years,31,01-99,22.2,34.7,26.2,19.0,18.3,47.6,42.0,51.9,28.1,28.1,127386.0,6133.0
India,"PLFS Year (Jul - Jun), 2021",Male,Urban,15-29 years,31,05-43,10.3,20.0,12.4,8.5,5.5,24.0,9.9,8.1,8.6,10.3,46736.0,1919.0
India,"PLFS Year (Jul - Jun), 2021",Male,Urban,15-29 years,31,45-99,11.3,14.0,13.3,10.4,12.6,23.4,32.1,43.7,19.4,17.6,79741.0,4180.0
India,"PLFS Year (Jul - Jun), 2021",Male,Urban,15-29 years,41,,0.5,0.4,0.1,0.0,0.1,0.0,0.0,0.0,0.0,0.1,439.0,34.0
India,"PLFS Year (Jul - Jun), 2021",Male,Urban,15-29 years,51,01-03,1.1,0.7,0.3,0.2,0.3,0.2,0.1,0.0,0.2,0.3,1320.0,81.0
India,"PLFS Year (Jul - Jun), 2021",Male,Urban,15-29 years,51,01-99,30.3,26.2,12.4,5.7,3.7,5.2,0.9,1.2,3.4,7.7,35148.0,1820.0
India,"PLFS Year (Jul - Jun), 2021",Male,Urban,15-29 years,51,05-43,23.4,21.7,9.5,4.2,2.5,3.3,0.4,0.5,2.4,5.9,26732.0,1396.0
India,"PLFS Year (Jul - Jun), 2021",Male,Urban,15-29 years,51,45-99,5.8,3.8,2.6,1.2,0.8,1.7,0.4,0.7,0.8,1.6,7095.0,343.0
India,"PLFS Year (Jul - Jun), 2021",Male,Urban,15-29 years,41 & 51,01-99,30.8,26.6,12.5,5.7,3.7,5.2,0.9,1.2,3.5,7.8,35587.0,1854.0
India,"PLFS Year (Jul - Jun), 2021",Male,Urban,15-29 years,11-51,01-03,2.3,3.7,2.8,1.3,1.6,2.2,1.1,0.8,1.4,1.9,8426.0,497.0
India,"PLFS Year (Jul - Jun), 2021",Male,Urban,15-29 years,11-51,01-99,74.0,81.7,54.3,35.4,32.9,64.2,57.4,68.7,43.6,49.6,225078.0,11571.0
India,"PLFS Year (Jul - Jun), 2021",Male,Urban,15-29 years,11-51,05-43,43.8,47.2,26.2,15.5,10.3,30.0,13.0,11.3,13.5,19.5,88555.0,4178.0
India,"PLFS Year (Jul - Jun), 2021",Male,Urban,15-29 years,11-51,45-99,27.9,30.7,25.4,18.7,21.0,32.1,43.2,56.5,28.8,28.2,128097.0,6896.0
India,"PLFS Year (Jul - Jun), 2021",Male,Urban,15-29 years,81,,7.6,4.9,5.6,4.1,5.8,18.8,21.2,20.6,10.9,9.3,42213.0,2476.0
India,"PLFS Year (Jul - Jun), 2021",Male,Urban,15-29 years,11-81,,81.6,86.5,59.9,39.6,38.7,83.1,78.5,89.3,54.5,58.9,267291.0,14047.0
India,"PLFS Year (Jul - Jun), 2021",Male,Urban,15-29 years,UR,,9.3,5.6,9.4,10.4,15.0,22.7,27.0,23.1,20.0,15.8,,
India,"PLFS Year (Jul - Jun), 2021",Male,Urban,15-29 years,91,,0.4,10.5,37.8,59.6,60.9,16.8,20.6,9.8,44.8,39.5,179084.0,10629.0
India,"PLFS Year (Jul - Jun), 2021",Male,Urban,15-29 years,92,,0.8,0.2,0.5,0.2,0.1,0.0,0.3,0.5,0.2,0.3,1226.0,113.0
India,"PLFS Year (Jul - Jun), 2021",Male,Urban,15-29 years,93,,0.0,0.1,0.1,0.1,0.0,0.0,0.0,0.0,0.0,0.1,238.0,34.0
India,"PLFS Year (Jul - Jun), 2021",Male,Urban,15-29 years,94,,0.1,0.2,0.1,0.0,0.0,0.0,0.1,0.0,0.0,0.1,250.0,14.0
India,"PLFS Year (Jul - Jun), 2021",Male,Urban,15-29 years,95,,12.0,1.0,0.6,0.2,0.1,0.0,0.0,0.0,0.1,0.6,2624.0,158.0
India,"PLFS Year (Jul - Jun), 2021",Male,Urban,15-29 years,97,,5.0,1.5,1.0,0.3,0.2,0.1,0.4,0.4,0.3,0.7,3003.0,175.0
India,"PLFS Year (Jul - Jun), 2021",Male,Urban,15-29 years,99,,0.0,0.0,0.0,0.0,0.0,0.0,0.0,0.0,0.0,0.0,0.0,0.0
India,"PLFS Year (Jul - Jun), 2021",Male,Urban,15-29 years,91-99,,18.4,13.5,40.1,60.4,61.3,16.9,21.5,10.7,45.5,41.1,186426.0,11123.0
India,"PLFS Year (Jul - Jun), 2021",Male,Urban,15-29 years,11-99,,100.0,100.0,100.0,100.0,100.0,100.0,100.0,100.0,100.0,100.0,453717.0,25170.0
India,"PLFS Year (Jul - Jun), 2021",Male,Urban,15 years and above,"11,12",01-03,4.0,3.8,2.7,2.2,1.7,1.0,1.5,1.4,1.7,2.4,30705.0,2054.0
India,"PLFS Year (Jul - Jun), 2021",Male,Urban,15 years and above,"11,12",01-96,28.6,31.4,27.2,24.3,20.6,18.6,21.7,20.1,21.8,24.6,320069.0,18426.0
India,"PLFS Year (Jul - Jun), 2021",Male,Urban,15 years and above,"11,12",05-43,9.1,8.7,7.0,6.3,4.3,5.3,3.6,3.1,4.5,5.9,77134.0,4093.0
India,"PLFS Year (Jul - Jun), 2021",Male,Urban,15 years and above,"11,12",45-96,15.5,18.9,17.5,15.8,14.7,12.3,16.5,15.7,15.5,16.3,212230.0,12279.0
India,"PLFS Year (Jul - Jun), 2021",Male,Urban,15 years and above,21,01-03,0.4,0.5,0.6,0.4,0.8,0.7,0.5,0.3,0.5,0.5,6914.0,437.0
India,"PLFS Year (Jul - Jun), 2021",Male,Urban,15 years and above,21,01-96,1.7,2.4,3.2,2.9,4.2,3.0,4.1,2.6,3.6,3.2,41511.0,2348.0
India,"PLFS Year (Jul - Jun), 2021",Male,Urban,15 years and above,21,05-43,0.8,0.9,1.1,0.7,0.8,0.9,1.1,0.5,0.9,0.9,11604.0,565.0
India,"PLFS Year (Jul - Jun), 2021",Male,Urban,15 years and above,21,45-96,0.6,1.0,1.5,1.8,2.5,1.3,2.5,1.9,2.2,1.8,22993.0,1346.0
India,"PLFS Year (Jul - Jun), 2021",Male,Urban,15 years and above,11-21,01-03,4.4,4.3,3.3,2.6,2.5,1.8,2.0,1.7,2.3,2.9,37620.0,2491.0
India,"PLFS Year (Jul - Jun), 2021",Male,Urban,15 years and above,11-21,01-96,30.4,33.7,30.4,27.2,24.8,21.6,25.8,22.7,25.4,27.8,361580.0,20774.0
India,"PLFS Year (Jul - Jun), 2021",Male,Urban,15 years and above,11-21,05-43,9.9,9.5,8.1,7.0,5.1,6.2,4.8,3.5,5.4,6.8,88738.0,4658.0
India,"PLFS Year (Jul - Jun), 2021",Male,Urban,15 years and above,11-21,45-96,16.1,19.9,19.0,17.6,17.2,13.6,19.0,17.5,17.7,18.1,235223.0,13625.0
India,"PLFS Year (Jul - Jun), 2021",Male,Urban,15 years and above,31,01-03,0.7,0.4,0.3,0.2,0.1,0.1,0.1,0.1,0.1,0.2,3055.0,183.0
India,"PLFS Year (Jul - Jun), 2021",Male,Urban,15 years and above,31,01-99,17.2,26.4,29.6,27.0,26.9,50.0,45.1,57.3,36.9,32.5,422259.0,21711.0
India,"PLFS Year (Jul - Jun), 2021",Male,Urban,15 years and above,31,05-43,7.6,13.2,12.8,11.0,8.5,24.2,10.7,9.2,10.7,11.2,144932.0,6446.0
India,"PLFS Year (Jul - Jun), 2021",Male,Urban,15 years and above,31,45-99,8.9,12.8,16.5,15.9,18.3,25.7,34.4,48.1,26.1,21.1,274272.0,15082.0
India,"PLFS Year (Jul - Jun), 2021",Male,Urban,15 years and above,41,,0.4,0.4,0.2,0.1,0.1,0.0,0.0,0.0,0.0,0.1,1836.0,109.0
India,"PLFS Year (Jul - Jun), 2021",Male,Urban,15 years and above,51,01-03,2.6,1.8,0.7,0.3,0.3,0.1,0.1,0.1,0.2,0.7,9060.0,476.0
India,"PLFS Year (Jul - Jun), 2021",Male,Urban,15 years and above,51,01-99,24.9,22.4,14.7,7.2,4.0,4.6,0.8,0.5,3.6,9.9,128782.0,6671.0
India,"PLFS Year (Jul - Jun), 2021",Male,Urban,15 years and above,51,05-43,18.9,16.8,11.1,5.3,2.8,3.3,0.5,0.2,2.5,7.4,95705.0,4986.0
India,"PLFS Year (Jul - Jun), 2021",Male,Urban,15 years and above,51,45-99,3.4,3.8,3.0,1.6,0.9,1.2,0.3,0.2,0.8,1.8,24017.0,1209.0
India,"PLFS Year (Jul - Jun), 2021",Male,Urban,15 years and above,41 & 51,01-99,25.4,22.8,14.9,7.3,4.1,4.6,0.9,0.5,3.6,10.1,130618.0,6780.0
India,"PLFS Year (Jul - Jun), 2021",Male,Urban,15 years and above,11-51,01-03,7.7,6.5,4.3,3.1,2.9,2.0,2.2,1.8,2.6,3.8,49751.0,3151.0
India,"PLFS Year (Jul - Jun), 2021",Male,Urban,15 years and above,11-51,01-99,72.9,82.9,74.9,61.5,55.8,76.2,71.7,80.5,65.9,70.4,914457.0,49265.0
India,"PLFS Year (Jul - Jun), 2021",Male,Urban,15 years and above,11-51,05-43,36.8,40.0,32.1,23.3,16.4,33.6,15.9,12.9,18.6,25.5,331179.0,16197.0
India,"PLFS Year (Jul - Jun), 2021",Male,Urban,15 years and above,11-51,45-99,28.4,36.4,38.5,35.1,36.5,40.5,53.6,65.8,44.7,41.1,533527.0,29917.0
India,"PLFS Year (Jul - Jun), 2021",Male,Urban,15 years and above,81,,1.3,1.6,2.7,2.8,4.1,9.1,9.5,6.0,5.9,4.3,56131.0,3301.0
India,"PLFS Year (Jul - Jun), 2021",Male,Urban,15 years and above,11-81,,74.2,84.5,77.6,64.2,59.9,85.3,81.2,86.6,71.8,74.7,970588.0,52566.0
India,"PLFS Year (Jul - Jun), 2021",Male,Urban,15 years and above,UR,,1.8,1.9,3.4,4.3,6.9,10.6,11.7,7.0,8.2,5.8,,
India,"PLFS Year (Jul - Jun), 2021",Male,Urban,15 years and above,91,,0.0,2.4,12.9,24.8,33.7,6.8,7.6,2.2,18.5,13.8,179721.0,10669.0
India,"PLFS Year (Jul - Jun), 2021",Male,Urban,15 years and above,92,,1.7,1.1,0.9,0.7,0.5,0.6,0.7,0.4,0.6,0.8,10507.0,672.0
India,"PLFS Year (Jul - Jun), 2021",Male,Urban,15 years and above,93,,0.4,0.2,0.1,0.1,0.0,0.0,0.1,0.0,0.1,0.1,1343.0,129.0
India,"PLFS Year (Jul - Jun), 2021",Male,Urban,15 years and above,94,,12.1,7.7,5.9,8.2,4.9,6.9,9.3,10.1,7.9,7.8,101107.0,5633.0
India,"PLFS Year (Jul - Jun), 2021",Male,Urban,15 years and above,95,,6.6,2.1,1.3,1.0,0.5,0.0,0.4,0.2,0.5,1.4,18002.0,1001.0
India,"PLFS Year (Jul - Jun), 2021",Male,Urban,15 years and above,97,,5.0,2.0,1.4,1.0,0.5,0.3,0.6,0.5,0.7,1.3,17341.0,934.0
India,"PLFS Year (Jul - Jun), 2021",Male,Urban,15 years and above,99,,0.0,0.0,0.0,0.0,0.0,0.0,0.0,0.0,0.0,0.0,0.0,0.0
India,"PLFS Year (Jul - Jun), 2021",Male,Urban,15 years and above,91-99,,25.8,15.5,22.4,35.8,40.1,14.7,18.8,13.4,28.2,25.3,328021.0,19038.0
India,"PLFS Year (Jul - Jun), 2021",Male,Urban,15 years and above,11-99,,100.0,100.0,100.0,100.0,100.0,100.0,100.0,100.0,100.0,100.0,1298609.0,71604.0
India,"PLFS Year (Jul - Jun), 2021",Male,Urban,all ages,"11,12",01-03,1.8,1.7,2.4,2.2,1.7,1.0,1.5,1.4,1.7,1.8,30705.0,2054.0
India,"PLFS Year (Jul - Jun), 2021",Male,Urban,all ages,"11,12",01-96,12.7,14.0,24.4,24.2,20.6,18.6,21.7,20.1,21.8,19.2,320070.0,18427.0
India,"PLFS Year (Jul - Jun), 2021",Male,Urban,all ages,"11,12",05-43,4.0,3.9,6.3,6.3,4.3,5.3,3.6,3.1,4.5,4.6,77134.0,4093.0
India,"PLFS Year (Jul - Jun), 2021",Male,Urban,all ages,"11,12",45-96,6.9,8.4,15.7,15.8,14.7,12.3,16.5,15.7,15.5,12.7,212231.0,12280.0
India,"PLFS Year (Jul - Jun), 2021",Male,Urban,all ages,21,01-03,0.2,0.2,0.5,0.4,0.8,0.7,0.5,0.3,0.5,0.4,6960.0,440.0
India,"PLFS Year (Jul - Jun), 2021",Male,Urban,all ages,21,01-96,0.8,1.1,2.9,2.9,4.2,3.0,4.1,2.6,3.6,2.5,41875.0,2362.0
India,"PLFS Year (Jul - Jun), 2021",Male,Urban,all ages,21,05-43,0.4,0.4,1.0,0.7,0.8,0.9,1.1,0.5,0.9,0.7,11636.0,567.0
India,"PLFS Year (Jul - Jun), 2021",Male,Urban,all ages,21,45-96,0.2,0.5,1.4,1.8,2.5,1.3,2.5,1.9,2.2,1.4,23279.0,1355.0
India,"PLFS Year (Jul - Jun), 2021",Male,Urban,all ages,11-21,01-03,1.9,1.9,2.9,2.6,2.5,1.8,2.0,1.7,2.3,2.3,37665.0,2494.0
India,"PLFS Year (Jul - Jun), 2021",Male,Urban,all ages,11-21,01-96,13.5,15.1,27.3,27.1,24.8,21.6,25.8,22.7,25.4,21.7,361945.0,20789.0
India,"PLFS Year (Jul - Jun), 2021",Male,Urban,all ages,11-21,05-43,4.4,4.2,7.3,7.0,5.1,6.2,4.8,3.5,5.4,5.3,88770.0,4660.0
India,"PLFS Year (Jul - Jun), 2021",Male,Urban,all ages,11-21,45-96,7.1,8.9,17.0,17.5,17.2,13.6,19.0,17.5,17.7,14.1,235510.0,13635.0
India,"PLFS Year (Jul - Jun), 2021",Male,Urban,all ages,31,01-03,0.3,0.2,0.3,0.2,0.1,0.1,0.1,0.1,0.1,0.2,3055.0,183.0
India,"PLFS Year (Jul - Jun), 2021",Male,Urban,all ages,31,01-99,7.6,11.8,26.6,27.0,26.9,50.0,45.1,57.3,36.9,25.4,422602.0,21724.0
India,"PLFS Year (Jul - Jun), 2021",Male,Urban,all ages,31,05-43,3.4,5.9,11.5,10.9,8.5,24.2,10.7,9.2,10.7,8.7,145052.0,6450.0
India,"PLFS Year (Jul - Jun), 2021",Male,Urban,all ages,31,45-99,3.9,5.7,14.9,15.9,18.3,25.7,34.4,48.1,26.1,16.5,274496.0,15091.0
India,"PLFS Year (Jul - Jun), 2021",Male,Urban,all ages,41,,0.2,0.2,0.1,0.1,0.1,0.0,0.0,0.0,0.0,0.1,1836.0,109.0
India,"PLFS Year (Jul - Jun), 2021",Male,Urban,all ages,51,01-03,1.2,0.8,0.6,0.3,0.3,0.1,0.1,0.1,0.2,0.5,9060.0,476.0
India,"PLFS Year (Jul - Jun), 2021",Male,Urban,all ages,51,01-99,11.1,10.0,13.2,7.2,4.0,4.6,0.8,0.5,3.6,7.7,128886.0,6675.0
India,"PLFS Year (Jul - Jun), 2021",Male,Urban,all ages,51,05-43,8.4,7.5,10.0,5.3,2.8,3.3,0.5,0.2,2.5,5.7,95747.0,4988.0
India,"PLFS Year (Jul - Jun), 2021",Male,Urban,all ages,51,45-99,1.5,1.7,2.7,1.6,0.9,1.2,0.3,0.2,0.8,1.4,24079.0,1211.0
India,"PLFS Year (Jul - Jun), 2021",Male,Urban,all ages,41 & 51,01-99,11.3,10.1,13.4,7.3,4.1,4.6,0.9,0.5,3.6,7.8,130721.0,6784.0
India,"PLFS Year (Jul - Jun), 2021",Male,Urban,all ages,11-51,01-03,3.4,2.9,3.8,3.1,2.9,2.0,2.2,1.8,2.6,3.0,49797.0,3154.0
India,"PLFS Year (Jul - Jun), 2021",Male,Urban,all ages,11-51,01-99,32.3,37.1,67.3,61.4,55.8,76.2,71.7,80.5,65.9,55.0,915269.0,49297.0
India,"PLFS Year (Jul - Jun), 2021",Male,Urban,all ages,11-51,05-43,16.3,17.8,28.9,23.3,16.4,33.6,15.9,12.9,18.6,19.9,331374.0,16205.0
India,"PLFS Year (Jul - Jun), 2021",Male,Urban,all ages,11-51,45-99,12.6,16.3,34.6,35.0,36.5,40.5,53.6,65.8,44.7,32.1,534099.0,29938.0
India,"PLFS Year (Jul - Jun), 2021",Male,Urban,all ages,81,,0.6,0.7,2.4,2.8,4.1,9.1,9.5,6.0,5.9,3.4,56234.0,3308.0
India,"PLFS Year (Jul - Jun), 2021",Male,Urban,all ages,11-81,,32.9,37.8,69.7,64.1,59.9,85.3,81.2,86.6,71.7,58.3,971503.0,52605.0
India,"PLFS Year (Jul - Jun), 2021",Male,Urban,all ages,UR,,1.8,2.0,3.4,4.3,6.9,10.6,11.7,7.0,8.2,5.8,,
India,"PLFS Year (Jul - Jun), 2021",Male,Urban,all ages,91,,9.5,55.1,21.7,24.9,33.7,6.8,7.6,2.2,18.5,25.8,430327.0,24305.0
India,"PLFS Year (Jul - Jun), 2021",Male,Urban,all ages,92,,0.8,0.6,0.8,0.7,0.5,0.6,0.7,0.4,0.6,0.7,11046.0,700.0
India,"PLFS Year (Jul - Jun), 2021",Male,Urban,all ages,93,,0.2,0.1,0.1,0.1,0.0,0.0,0.1,0.0,0.1,0.1,1357.0,131.0
India,"PLFS Year (Jul - Jun), 2021",Male,Urban,all ages,94,,5.4,3.4,5.3,8.2,4.9,6.9,9.3,10.1,7.9,6.1,101161.0,5635.0
India,"PLFS Year (Jul - Jun), 2021",Male,Urban,all ages,95,,3.2,0.9,1.2,1.0,0.5,0.0,0.4,0.2,0.5,1.1,18841.0,1045.0
India,"PLFS Year (Jul - Jun), 2021",Male,Urban,all ages,97,,6.9,1.2,1.2,1.0,0.5,0.3,0.6,0.5,0.7,1.8,29594.0,1437.0
India,"PLFS Year (Jul - Jun), 2021",Male,Urban,all ages,99,,41.1,0.9,0.0,0.0,0.0,0.0,0.0,0.0,0.0,6.1,101713.0,5459.0
India,"PLFS Year (Jul - Jun), 2021",Male,Urban,all ages,91-99,,67.1,62.2,30.3,35.9,40.1,14.7,18.8,13.4,28.3,41.7,694038.0,38712.0
India,"PLFS Year (Jul - Jun), 2021",Male,Urban,all ages,11-99,,100.0,100.0,100.0,100.0,100.0,100.0,100.0,100.0,100.0,100.0,1665542.0,91317.0
India,"PLFS Year (Jul - Jun), 2021",Female,Urban,15-29 years,"11,12",01-03,0.9,0.7,0.3,0.1,0.1,0.0,0.1,0.0,0.1,0.2,816.0,48.0
India,"PLFS Year (Jul - Jun), 2021",Female,Urban,15-29 years,"11,12",01-96,3.5,6.1,3.9,2.5,2.7,2.5,2.9,3.0,2.7,3.2,13139.0,721.0
India,"PLFS Year (Jul - Jun), 2021",Female,Urban,15-29 years,"11,12",05-43,2.0,5.1,3.0,1.9,1.4,0.4,0.8,0.7,1.3,1.9,7755.0,370.0
India,"PLFS Year (Jul - Jun), 2021",Female,Urban,15-29 years,"11,12",45-96,0.5,0.3,0.6,0.5,1.2,2.1,2.1,2.3,1.4,1.1,4568.0,303.0
India,"PLFS Year (Jul - Jun), 2021",Female,Urban,15-29 years,21,01-03,0.6,0.9,1.0,0.6,0.7,0.3,0.2,0.1,0.5,0.6,2412.0,145.0
India,"PLFS Year (Jul - Jun), 2021",Female,Urban,15-29 years,21,01-96,2.6,4.3,2.4,2.1,1.8,2.9,1.4,1.0,1.7,2.1,8440.0,475.0
India,"PLFS Year (Jul - Jun), 2021",Female,Urban,15-29 years,21,05-43,1.4,2.2,0.9,0.9,0.6,0.2,0.4,0.1,0.6,0.8,3178.0,160.0
India,"PLFS Year (Jul - Jun), 2021",Female,Urban,15-29 years,21,45-96,0.6,1.1,0.6,0.7,0.5,2.4,0.8,0.8,0.7,0.7,2850.0,170.0
India,"PLFS Year (Jul - Jun), 2021",Female,Urban,15-29 years,11-21,01-03,1.6,1.7,1.2,0.7,0.8,0.3,0.2,0.1,0.5,0.8,3227.0,193.0
India,"PLFS Year (Jul - Jun), 2021",Female,Urban,15-29 years,11-21,01-96,6.1,10.3,6.3,4.6,4.4,5.4,4.3,3.9,4.4,5.3,21579.0,1196.0
India,"PLFS Year (Jul - Jun), 2021",Female,Urban,15-29 years,11-21,05-43,3.5,7.2,3.8,2.7,2.0,0.6,1.2,0.8,1.8,2.7,10933.0,530.0
India,"PLFS Year (Jul - Jun), 2021",Female,Urban,15-29 years,11-21,45-96,1.1,1.4,1.2,1.2,1.7,4.5,2.9,3.1,2.1,1.8,7418.0,473.0
India,"PLFS Year (Jul - Jun), 2021",Female,Urban,15-29 years,31,01-03,0.0,0.0,0.0,0.0,0.0,1.2,0.0,0.0,0.0,0.0,73.0,5.0
India,"PLFS Year (Jul - Jun), 2021",Female,Urban,15-29 years,31,01-99,7.1,6.6,4.4,2.4,4.4,30.8,21.6,31.9,11.7,9.8,40070.0,1939.0
India,"PLFS Year (Jul - Jun), 2021",Female,Urban,15-29 years,31,05-43,1.9,1.6,1.0,0.7,0.7,4.0,2.0,1.9,1.2,1.2,5067.0,238.0
India,"PLFS Year (Jul - Jun), 2021",Female,Urban,15-29 years,31,45-99,5.2,5.0,3.4,1.7,3.7,25.6,19.7,30.0,10.5,8.5,34930.0,1696.0
India,"PLFS Year (Jul - Jun), 2021",Female,Urban,15-29 years,41,,0.0,0.1,0.0,0.0,0.0,0.0,0.0,0.0,0.0,0.0,21.0,4.0
India,"PLFS Year (Jul - Jun), 2021",Female,Urban,15-29 years,51,01-03,0.8,0.2,0.3,0.3,0.1,0.0,0.0,0.0,0.1,0.2,703.0,30.0
India,"PLFS Year (Jul - Jun), 2021",Female,Urban,15-29 years,51,01-99,3.6,2.3,1.3,0.7,0.3,0.1,0.1,0.3,0.3,0.8,3259.0,145.0
India,"PLFS Year (Jul - Jun), 2021",Female,Urban,15-29 years,51,05-43,2.5,1.6,0.9,0.4,0.2,0.0,0.0,0.0,0.2,0.5,2158.0,83.0
India,"PLFS Year (Jul - Jun), 2021",Female,Urban,15-29 years,51,45-99,0.3,0.5,0.1,0.0,0.0,0.1,0.0,0.3,0.0,0.1,398.0,32.0
India,"PLFS Year (Jul - Jun), 2021",Female,Urban,15-29 years,41 & 51,01-99,3.6,2.3,1.3,0.7,0.3,0.1,0.1,0.3,0.3,0.8,3280.0,149.0
India,"PLFS Year (Jul - Jun), 2021",Female,Urban,15-29 years,11-51,01-03,2.3,1.9,1.5,0.9,0.9,1.5,0.2,0.1,0.6,1.0,4003.0,228.0
India,"PLFS Year (Jul - Jun), 2021",Female,Urban,15-29 years,11-51,01-99,16.7,19.2,12.0,7.6,9.2,36.3,26.0,36.1,16.5,15.9,64929.0,3284.0
India,"PLFS Year (Jul - Jun), 2021",Female,Urban,15-29 years,11-51,05-43,7.8,10.5,5.7,3.8,2.9,4.6,3.2,2.7,3.3,4.4,18179.0,855.0
India,"PLFS Year (Jul - Jun), 2021",Female,Urban,15-29 years,11-51,45-99,6.6,6.9,4.7,2.9,5.4,30.2,22.6,33.3,12.6,10.4,42747.0,2201.0
India,"PLFS Year (Jul - Jun), 2021",Female,Urban,15-29 years,81,,0.0,0.3,0.9,0.6,1.8,11.4,13.0,15.2,6.0,4.4,17938.0,1262.0
India,"PLFS Year (Jul - Jun), 2021",Female,Urban,15-29 years,11-81,,16.7,19.6,12.9,8.2,10.9,47.7,39.0,51.3,22.5,20.2,82867.0,4546.0
India,"PLFS Year (Jul - Jun), 2021",Female,Urban,15-29 years,UR,,0.0,1.7,7.1,6.9,16.0,23.8,33.3,29.6,26.7,21.6,,
India,"PLFS Year (Jul - Jun), 2021",Female,Urban,15-29 years,91,,0.4,9.5,37.9,56.3,58.5,17.7,22.1,8.7,42.4,37.3,152816.0,9422.0
India,"PLFS Year (Jul - Jun), 2021",Female,Urban,15-29 years,92,,65.6,61.2,42.9,31.4,27.4,31.9,35.3,34.3,31.4,37.2,152229.0,7810.0
India,"PLFS Year (Jul - Jun), 2021",Female,Urban,15-29 years,93,,11.0,8.3,5.4,3.6,2.9,2.3,3.3,5.3,3.4,4.5,18304.0,1117.0
India,"PLFS Year (Jul - Jun), 2021",Female,Urban,15-29 years,94,,0.0,0.2,0.3,0.2,0.1,0.5,0.0,0.2,0.1,0.2,621.0,32.0
India,"PLFS Year (Jul - Jun), 2021",Female,Urban,15-29 years,95,,4.2,0.7,0.2,0.2,0.0,0.0,0.1,0.1,0.1,0.3,1407.0,98.0
India,"PLFS Year (Jul - Jun), 2021",Female,Urban,15-29 years,97,,2.0,0.5,0.2,0.2,0.1,0.0,0.2,0.1,0.1,0.3,1086.0,72.0
India,"PLFS Year (Jul - Jun), 2021",Female,Urban,15-29 years,99,,0.0,0.0,0.0,0.0,0.0,0.0,0.0,0.0,0.0,0.0,0.0,0.0
India,"PLFS Year (Jul - Jun), 2021",Female,Urban,15-29 years,91-99,,83.3,80.4,87.1,91.8,89.1,52.3,61.0,48.7,77.5,79.8,326465.0,18551.0
India,"PLFS Year (Jul - Jun), 2021",Female,Urban,15-29 years,11-99,,100.0,100.0,100.0,100.0,100.0,100.0,100.0,100.0,100.0,100.0,409331.0,23097.0
India,"PLFS Year (Jul - Jun), 2021",Female,Urban,15 years and above,"11,12",01-03,1.7,1.1,0.9,0.6,0.3,1.7,0.2,0.1,0.4,0.8,10240.0,758.0
India,"PLFS Year (Jul - Jun), 2021",Female,Urban,15 years and above,"11,12",01-96,6.1,8.6,6.8,4.9,4.4,8.2,4.4,4.5,4.6,5.9,73355.0,4442.0
India,"PLFS Year (Jul - Jun), 2021",Female,Urban,15 years and above,"11,12",05-43,2.2,5.1,4.0,3.2,2.1,1.6,1.1,0.6,1.9,2.8,34719.0,1803.0
India,"PLFS Year (Jul - Jun), 2021",Female,Urban,15 years and above,"11,12",45-96,2.2,2.4,1.9,1.1,2.0,4.9,3.2,3.8,2.4,2.3,28396.0,1881.0
India,"PLFS Year (Jul - Jun), 2021",Female,Urban,15 years and above,21,01-03,1.8,1.1,0.9,0.7,0.5,0.9,0.2,0.1,0.4,0.8,10610.0,713.0
India,"PLFS Year (Jul - Jun), 2021",Female,Urban,15 years and above,21,01-96,4.1,3.9,2.5,2.5,2.3,3.0,1.6,1.2,2.0,2.8,34546.0,2027.0
India,"PLFS Year (Jul - Jun), 2021",Female,Urban,15 years and above,21,05-43,1.2,1.3,0.6,0.7,0.5,0.2,0.3,0.2,0.5,0.8,9426.0,451.0
India,"PLFS Year (Jul - Jun), 2021",Female,Urban,15 years and above,21,45-96,1.1,1.5,0.9,1.1,1.2,1.9,1.2,0.9,1.2,1.2,14510.0,863.0
India,"PLFS Year (Jul - Jun), 2021",Female,Urban,15 years and above,11-21,01-03,3.6,2.2,1.8,1.3,0.9,2.6,0.3,0.2,0.8,1.7,20851.0,1471.0
India,"PLFS Year (Jul - Jun), 2021",Female,Urban,15 years and above,11-21,01-96,10.3,12.5,9.2,7.5,6.7,11.2,6.0,5.7,6.7,8.6,107901.0,6469.0
India,"PLFS Year (Jul - Jun), 2021",Female,Urban,15 years and above,11-21,05-43,3.4,6.4,4.6,3.9,2.6,1.8,1.4,0.8,2.4,3.5,44144.0,2254.0
India,"PLFS Year (Jul - Jun), 2021",Female,Urban,15 years and above,11-21,45-96,3.3,3.9,2.8,2.2,3.2,6.8,4.3,4.7,3.5,3.4,42906.0,2744.0
India,"PLFS Year (Jul - Jun), 2021",Female,Urban,15 years and above,31,01-03,0.1,0.1,0.0,0.0,0.0,0.5,0.0,0.0,0.0,0.0,540.0,29.0
India,"PLFS Year (Jul - Jun), 2021",Female,Urban,15 years and above,31,01-99,8.1,9.4,7.4,5.5,6.6,29.3,19.8,31.5,13.8,11.0,138106.0,7130.0
India,"PLFS Year (Jul - Jun), 2021",Female,Urban,15 years and above,31,05-43,1.4,2.0,1.8,1.4,1.0,1.9,1.7,1.6,1.4,1.6,19759.0,888.0
India,"PLFS Year (Jul - Jun), 2021",Female,Urban,15 years and above,31,45-99,6.6,7.3,5.6,4.1,5.6,26.9,18.0,29.9,12.4,9.4,117808.0,6213.0
India,"PLFS Year (Jul - Jun), 2021",Female,Urban,15 years and above,41,,0.3,0.5,0.4,0.1,0.1,0.4,0.0,0.0,0.1,0.2,3100.0,188.0
India,"PLFS Year (Jul - Jun), 2021",Female,Urban,15 years and above,51,01-03,2.0,1.1,0.6,0.3,0.1,0.0,0.0,0.0,0.1,0.7,8543.0,337.0
India,"PLFS Year (Jul - Jun), 2021",Female,Urban,15 years and above,51,01-99,5.2,4.0,1.8,0.7,0.4,0.4,0.1,0.1,0.4,2.0,25213.0,1104.0
India,"PLFS Year (Jul - Jun), 2021",Female,Urban,15 years and above,51,05-43,2.5,2.0,0.9,0.4,0.2,0.3,0.0,0.0,0.2,1.0,12462.0,534.0
India,"PLFS Year (Jul - Jun), 2021",Female,Urban,15 years and above,51,45-99,0.7,0.9,0.3,0.1,0.1,0.0,0.1,0.1,0.1,0.3,4208.0,233.0
India,"PLFS Year (Jul - Jun), 2021",Female,Urban,15 years and above,41 & 51,01-99,5.6,4.6,2.2,0.8,0.5,0.7,0.1,0.2,0.4,2.3,28313.0,1292.0
India,"PLFS Year (Jul - Jun), 2021",Female,Urban,15 years and above,11-51,01-03,5.7,3.5,2.5,1.6,1.0,3.1,0.3,0.2,0.9,2.4,30371.0,1865.0
India,"PLFS Year (Jul - Jun), 2021",Female,Urban,15 years and above,11-51,01-99,24.0,26.5,18.8,13.8,13.8,41.3,25.9,37.4,20.9,21.9,274320.0,14891.0
India,"PLFS Year (Jul - Jun), 2021",Female,Urban,15 years and above,11-51,05-43,7.6,10.8,7.6,5.8,3.9,4.2,3.1,2.4,4.0,6.3,78870.0,3826.0
India,"PLFS Year (Jul - Jun), 2021",Female,Urban,15 years and above,11-51,45-99,10.6,12.2,8.7,6.5,8.9,34.0,22.4,34.7,16.0,13.2,165079.0,9200.0
India,"PLFS Year (Jul - Jun), 2021",Female,Urban,15 years and above,81,,0.1,0.1,0.4,0.4,1.3,6.9,6.6,7.4,3.5,1.9,23413.0,1657.0
India,"PLFS Year (Jul - Jun), 2021",Female,Urban,15 years and above,11-81,,24.1,26.6,19.3,14.2,15.1,48.2,32.5,44.7,24.4,23.8,297732.0,16548.0
India,"PLFS Year (Jul - Jun), 2021",Female,Urban,15 years and above,UR,,0.5,0.4,2.3,2.7,8.8,14.4,20.4,16.4,14.3,7.9,,
India,"PLFS Year (Jul - Jun), 2021",Female,Urban,15 years and above,91,,0.0,1.7,12.6,23.9,34.0,7.3,9.8,3.2,19.5,12.2,153500.0,9469.0
India,"PLFS Year (Jul - Jun), 2021",Female,Urban,15 years and above,92,,48.2,55.8,56.7,51.4,43.7,34.4,49.6,42.0,47.3,50.3,631031.0,33227.0
India,"PLFS Year (Jul - Jun), 2021",Female,Urban,15 years and above,93,,8.3,6.9,6.5,5.5,4.8,4.2,5.0,6.2,5.2,6.2,78186.0,5217.0
India,"PLFS Year (Jul - Jun), 2021",Female,Urban,15 years and above,94,,12.8,7.1,3.7,4.1,2.1,5.3,2.7,3.7,3.1,5.5,69027.0,4165.0
India,"PLFS Year (Jul - Jun), 2021",Female,Urban,15 years and above,95,,2.8,0.9,0.7,0.4,0.1,0.7,0.1,0.1,0.2,0.9,10954.0,587.0
India,"PLFS Year (Jul - Jun), 2021",Female,Urban,15 years and above,97,,3.8,1.1,0.5,0.4,0.2,0.0,0.2,0.2,0.2,1.0,13026.0,713.0
India,"PLFS Year (Jul - Jun), 2021",Female,Urban,15 years and above,99,,0.0,0.0,0.0,0.0,0.0,0.0,0.0,0.0,0.0,0.0,0.0,0.0
India,"PLFS Year (Jul - Jun), 2021",Female,Urban,15 years and above,91-99,,75.9,73.4,80.7,85.8,84.9,51.8,67.5,55.3,75.6,76.2,955725.0,53378.0
India,"PLFS Year (Jul - Jun), 2021",Female,Urban,15 years and above,11-99,,100.0,100.0,100.0,100.0,100.0,100.0,100.0,100.0,100.0,100.0,1253457.0,69926.0
India,"PLFS Year (Jul - Jun), 2021",Female,Urban,all ages,"11,12",01-03,1.1,0.5,0.8,0.6,0.3,1.7,0.2,0.1,0.4,0.6,10240.0,758.0
India,"PLFS Year (Jul - Jun), 2021",Female,Urban,all ages,"11,12",01-96,3.9,4.3,6.0,4.9,4.4,8.2,4.4,4.5,4.6,4.6,73363.0,4443.0
India,"PLFS Year (Jul - Jun), 2021",Female,Urban,all ages,"11,12",05-43,1.4,2.5,3.5,3.2,2.1,1.6,1.1,0.6,1.9,2.2,34719.0,1803.0
India,"PLFS Year (Jul - Jun), 2021",Female,Urban,all ages,"11,12",45-96,1.4,1.2,1.7,1.1,2.0,4.9,3.2,3.8,2.4,1.8,28404.0,1882.0
India,"PLFS Year (Jul - Jun), 2021",Female,Urban,all ages,21,01-03,1.2,0.6,0.8,0.7,0.5,0.9,0.2,0.1,0.4,0.7,10706.0,717.0
India,"PLFS Year (Jul - Jun), 2021",Female,Urban,all ages,21,01-96,2.7,2.0,2.2,2.5,2.3,3.0,1.6,1.2,2.0,2.2,34879.0,2043.0
India,"PLFS Year (Jul - Jun), 2021",Female,Urban,all ages,21,05-43,0.8,0.7,0.6,0.7,0.5,0.2,0.3,0.2,0.5,0.6,9619.0,459.0
India,"PLFS Year (Jul - Jun), 2021",Female,Urban,all ages,21,45-96,0.7,0.8,0.8,1.1,1.2,1.9,1.2,0.9,1.2,0.9,14554.0,867.0
India,"PLFS Year (Jul - Jun), 2021",Female,Urban,all ages,11-21,01-03,2.3,1.1,1.6,1.3,0.9,2.6,0.3,0.2,0.8,1.3,20946.0,1475.0
India,"PLFS Year (Jul - Jun), 2021",Female,Urban,all ages,11-21,01-96,6.6,6.3,8.2,7.4,6.7,11.2,6.0,5.7,6.7,6.8,108242.0,6486.0
India,"PLFS Year (Jul - Jun), 2021",Female,Urban,all ages,11-21,05-43,2.2,3.2,4.1,3.9,2.6,1.8,1.4,0.8,2.4,2.8,44338.0,2262.0
India,"PLFS Year (Jul - Jun), 2021",Female,Urban,all ages,11-21,45-96,2.1,2.0,2.5,2.2,3.2,6.8,4.3,4.7,3.5,2.7,42957.0,2749.0
India,"PLFS Year (Jul - Jun), 2021",Female,Urban,all ages,31,01-03,0.1,0.1,0.0,0.0,0.0,0.5,0.0,0.0,0.0,0.0,540.0,29.0
India,"PLFS Year (Jul - Jun), 2021",Female,Urban,all ages,31,01-99,5.2,4.7,6.6,5.5,6.6,29.3,19.8,31.5,13.8,8.7,138152.0,7134.0
India,"PLFS Year (Jul - Jun), 2021",Female,Urban,all ages,31,05-43,0.9,1.0,1.6,1.4,1.0,1.9,1.7,1.6,1.4,1.2,19775.0,890.0
India,"PLFS Year (Jul - Jun), 2021",Female,Urban,all ages,31,45-99,4.3,3.6,5.0,4.1,5.6,26.9,18.0,29.9,12.4,7.4,117837.0,6215.0
India,"PLFS Year (Jul - Jun), 2021",Female,Urban,all ages,41,,0.2,0.3,0.4,0.1,0.1,0.4,0.0,0.0,0.1,0.2,3100.0,188.0
India,"PLFS Year (Jul - Jun), 2021",Female,Urban,all ages,51,01-03,1.3,0.5,0.5,0.3,0.1,0.0,0.0,0.0,0.1,0.5,8543.0,337.0
India,"PLFS Year (Jul - Jun), 2021",Female,Urban,all ages,51,01-99,3.4,2.0,1.6,0.7,0.4,0.4,0.1,0.1,0.4,1.6,25239.0,1105.0
India,"PLFS Year (Jul - Jun), 2021",Female,Urban,all ages,51,05-43,1.6,1.0,0.8,0.4,0.2,0.3,0.0,0.0,0.2,0.8,12488.0,535.0
India,"PLFS Year (Jul - Jun), 2021",Female,Urban,all ages,51,45-99,0.4,0.4,0.3,0.1,0.1,0.0,0.1,0.1,0.1,0.3,4208.0,233.0
India,"PLFS Year (Jul - Jun), 2021",Female,Urban,all ages,41 & 51,01-99,3.6,2.3,2.0,0.8,0.5,0.7,0.1,0.2,0.4,1.8,28339.0,1293.0
India,"PLFS Year (Jul - Jun), 2021",Female,Urban,all ages,11-51,01-03,3.7,1.8,2.2,1.6,1.0,3.1,0.3,0.2,0.9,1.9,30467.0,1869.0
India,"PLFS Year (Jul - Jun), 2021",Female,Urban,all ages,11-51,01-99,15.4,13.2,16.7,13.8,13.8,41.3,25.9,37.4,20.9,17.3,274733.0,14913.0
India,"PLFS Year (Jul - Jun), 2021",Female,Urban,all ages,11-51,05-43,4.9,5.4,6.8,5.8,3.9,4.2,3.1,2.4,4.0,5.0,79106.0,3837.0
India,"PLFS Year (Jul - Jun), 2021",Female,Urban,all ages,11-51,45-99,6.8,6.0,7.8,6.4,8.9,34.0,22.4,34.7,16.0,10.4,165160.0,9207.0
India,"PLFS Year (Jul - Jun), 2021",Female,Urban,all ages,81,,0.1,0.1,0.4,0.4,1.3,6.9,6.6,7.4,3.5,1.5,23413.0,1657.0
India,"PLFS Year (Jul - Jun), 2021",Female,Urban,all ages,11-81,,15.5,13.3,17.1,14.2,15.1,48.2,32.5,44.7,24.4,18.8,298146.0,16570.0
India,"PLFS Year (Jul - Jun), 2021",Female,Urban,all ages,UR,,0.5,0.4,2.3,2.7,8.8,14.4,20.4,16.4,14.3,7.9,,
India,"PLFS Year (Jul - Jun), 2021",Female,Urban,all ages,91,,5.5,50.2,22.2,24.1,34.0,7.3,9.8,3.2,19.6,23.8,377752.0,21890.0
India,"PLFS Year (Jul - Jun), 2021",Female,Urban,all ages,92,,31.2,27.9,50.5,51.3,43.7,34.4,49.6,42.0,47.2,39.9,633181.0,33300.0
India,"PLFS Year (Jul - Jun), 2021",Female,Urban,all ages,93,,5.4,3.4,5.8,5.5,4.8,4.2,5.0,6.2,5.2,4.9,78522.0,5220.0
India,"PLFS Year (Jul - Jun), 2021",Female,Urban,all ages,94,,8.2,3.5,3.3,4.1,2.1,5.3,2.7,3.7,3.1,4.3,69048.0,4168.0
India,"PLFS Year (Jul - Jun), 2021",Female,Urban,all ages,95,,1.9,0.4,0.7,0.4,0.1,0.7,0.1,0.1,0.2,0.7,11267.0,609.0
India,"PLFS Year (Jul - Jun), 2021",Female,Urban,all ages,97,,4.8,0.7,0.5,0.4,0.2,0.0,0.2,0.2,0.2,1.4,21864.0,1086.0
India,"PLFS Year (Jul - Jun), 2021",Female,Urban,all ages,99,,27.6,0.6,0.0,0.0,0.0,0.0,0.0,0.0,0.0,6.2,99125.0,5190.0
India,"PLFS Year (Jul - Jun), 2021",Female,Urban,all ages,91-99,,84.5,86.7,82.9,85.8,84.9,51.8,67.5,55.3,75.6,81.2,1290759.0,71463.0
India,"PLFS Year (Jul - Jun), 2021",Female,Urban,all ages,11-99,,100.0,100.0,100.0,100.0,100.0,100.0,100.0,100.0,100.0,100.0,1588904.0,88033.0
India,"PLFS Year (Jul - Jun), 2021",Persons,Urban,15-29 years,"11,12",01-03,0.8,1.0,0.6,0.3,0.2,0.2,0.2,0.1,0.2,0.4,3086.0,170.0
India,"PLFS Year (Jul - Jun), 2021",Persons,Urban,15-29 years,"11,12",01-96,8.5,11.3,7.2,4.7,4.3,5.5,5.7,5.7,4.9,6.0,51690.0,2914.0
India,"PLFS Year (Jul - Jun), 2021",Persons,Urban,15-29 years,"11,12",05-43,3.6,4.3,2.7,1.7,1.3,0.8,0.9,0.9,1.3,1.8,15934.0,865.0
India,"PLFS Year (Jul - Jun), 2021",Persons,Urban,15-29 years,"11,12",45-96,4.2,6.0,3.9,2.7,2.9,4.5,4.6,4.6,3.5,3.8,32669.0,1879.0
India,"PLFS Year (Jul - Jun), 2021",Persons,Urban,15-29 years,21,01-03,0.4,1.1,1.1,0.5,0.8,1.2,0.5,0.2,0.6,0.7,6338.0,405.0
India,"PLFS Year (Jul - Jun), 2021",Persons,Urban,15-29 years,21,01-96,3.7,4.5,4.2,3.2,3.5,4.3,3.9,2.6,3.5,3.7,31994.0,1866.0
India,"PLFS Year (Jul - Jun), 2021",Persons,Urban,15-29 years,21,05-43,2.4,1.7,1.3,1.0,0.8,1.3,1.0,0.6,0.9,1.1,9647.0,494.0
India,"PLFS Year (Jul - Jun), 2021",Persons,Urban,15-29 years,21,45-96,0.9,1.7,1.8,1.6,1.8,1.8,2.4,1.8,1.9,1.9,16010.0,967.0
India,"PLFS Year (Jul - Jun), 2021",Persons,Urban,15-29 years,11-21,01-03,1.2,2.1,1.7,0.8,1.0,1.4,0.7,0.3,0.8,1.1,9424.0,575.0
India,"PLFS Year (Jul - Jun), 2021",Persons,Urban,15-29 years,11-21,01-96,12.3,15.8,11.4,7.9,7.8,9.8,9.6,8.2,8.4,9.7,83684.0,4780.0
India,"PLFS Year (Jul - Jun), 2021",Persons,Urban,15-29 years,11-21,05-43,6.0,6.0,4.0,2.7,2.1,2.2,1.9,1.5,2.2,3.0,25581.0,1359.0
India,"PLFS Year (Jul - Jun), 2021",Persons,Urban,15-29 years,11-21,45-96,5.1,7.7,5.7,4.3,4.7,6.3,7.0,6.4,5.4,5.6,48679.0,2846.0
India,"PLFS Year (Jul - Jun), 2021",Persons,Urban,15-29 years,31,01-03,0.3,0.4,0.2,0.0,0.0,0.4,0.0,0.1,0.0,0.1,981.0,39.0
India,"PLFS Year (Jul - Jun), 2021",Persons,Urban,15-29 years,31,01-99,13.3,21.9,16.2,11.3,11.7,43.1,32.2,39.3,20.3,19.4,167456.0,8072.0
India,"PLFS Year (Jul - Jun), 2021",Persons,Urban,15-29 years,31,05-43,5.4,11.6,7.2,4.9,3.3,18.7,6.1,4.2,5.1,6.0,51803.0,2157.0
India,"PLFS Year (Jul - Jun), 2021",Persons,Urban,15-29 years,31,45-99,7.7,9.9,8.8,6.4,8.4,24.0,26.1,35.1,15.2,13.3,114672.0,5876.0
India,"PLFS Year (Jul - Jun), 2021",Persons,Urban,15-29 years,41,,0.2,0.3,0.0,0.0,0.0,0.0,0.0,0.0,0.0,0.1,460.0,38.0
India,"PLFS Year (Jul - Jun), 2021",Persons,Urban,15-29 years,51,01-03,0.9,0.5,0.3,0.2,0.2,0.2,0.0,0.0,0.2,0.2,2023.0,111.0
India,"PLFS Year (Jul - Jun), 2021",Persons,Urban,15-29 years,51,01-99,14.6,15.3,7.4,3.4,2.1,3.9,0.5,0.6,1.9,4.5,38407.0,1965.0
India,"PLFS Year (Jul - Jun), 2021",Persons,Urban,15-29 years,51,05-43,11.1,12.5,5.6,2.5,1.4,2.4,0.2,0.2,1.3,3.3,28890.0,1479.0
India,"PLFS Year (Jul - Jun), 2021",Persons,Urban,15-29 years,51,45-99,2.6,2.3,1.5,0.7,0.4,1.3,0.2,0.4,0.5,0.9,7494.0,375.0
India,"PLFS Year (Jul - Jun), 2021",Persons,Urban,15-29 years,41 & 51,01-99,14.8,15.5,7.4,3.4,2.1,3.9,0.5,0.6,2.0,4.5,38867.0,2003.0
India,"PLFS Year (Jul - Jun), 2021",Persons,Urban,15-29 years,11-51,01-03,2.3,2.9,2.2,1.1,1.2,2.0,0.7,0.4,1.0,1.4,12429.0,725.0
India,"PLFS Year (Jul - Jun), 2021",Persons,Urban,15-29 years,11-51,01-99,40.4,53.2,35.0,22.6,21.6,56.8,42.3,48.2,30.7,33.6,290007.0,14855.0
India,"PLFS Year (Jul - Jun), 2021",Persons,Urban,15-29 years,11-51,05-43,22.7,30.4,16.8,10.1,6.8,23.2,8.3,5.9,8.6,12.4,106734.0,5033.0
India,"PLFS Year (Jul - Jun), 2021",Persons,Urban,15-29 years,11-51,45-99,15.4,19.8,15.9,11.4,13.6,31.6,33.3,41.9,21.1,19.8,170844.0,9097.0
India,"PLFS Year (Jul - Jun), 2021",Persons,Urban,15-29 years,81,,3.1,2.8,3.5,2.5,3.9,16.8,17.2,17.2,8.6,7.0,60151.0,3738.0
India,"PLFS Year (Jul - Jun), 2021",Persons,Urban,15-29 years,11-81,,43.6,56.0,38.4,25.1,25.5,73.7,59.6,65.4,39.3,40.6,350158.0,18593.0
India,"PLFS Year (Jul - Jun), 2021",Persons,Urban,15-29 years,UR,,7.2,5.0,9.0,9.9,15.2,22.9,28.9,26.3,21.9,17.2,,
India,"PLFS Year (Jul - Jun), 2021",Persons,Urban,15-29 years,91,,0.4,10.1,37.9,58.1,59.8,17.0,21.3,9.1,43.7,38.5,331901.0,20051.0
India,"PLFS Year (Jul - Jun), 2021",Persons,Urban,15-29 years,92,,38.8,28.0,19.9,14.6,13.0,8.5,17.0,21.8,15.0,17.8,153455.0,7923.0
India,"PLFS Year (Jul - Jun), 2021",Persons,Urban,15-29 years,93,,6.5,3.8,2.6,1.7,1.4,0.6,1.6,3.3,1.6,2.1,18542.0,1151.0
India,"PLFS Year (Jul - Jun), 2021",Persons,Urban,15-29 years,94,,0.0,0.2,0.2,0.1,0.1,0.1,0.1,0.1,0.1,0.1,872.0,46.0
India,"PLFS Year (Jul - Jun), 2021",Persons,Urban,15-29 years,95,,7.4,0.9,0.4,0.2,0.0,0.0,0.1,0.0,0.1,0.5,4032.0,256.0
India,"PLFS Year (Jul - Jun), 2021",Persons,Urban,15-29 years,97,,3.3,1.0,0.6,0.2,0.2,0.1,0.3,0.2,0.2,0.5,4090.0,247.0
India,"PLFS Year (Jul - Jun), 2021",Persons,Urban,15-29 years,99,,0.0,0.0,0.0,0.0,0.0,0.0,0.0,0.0,0.0,0.0,0.0,0.0
India,"PLFS Year (Jul - Jun), 2021",Persons,Urban,15-29 years,91-99,,56.4,44.0,61.6,74.9,74.5,26.3,40.4,34.6,60.7,59.4,512890.0,29674.0
India,"PLFS Year (Jul - Jun), 2021",Persons,Urban,15-29 years,11-99,,100.0,100.0,100.0,100.0,100.0,100.0,100.0,100.0,100.0,100.0,863048.0,48267.0
India,"PLFS Year (Jul - Jun), 2021",Persons,Urban,15 years and above,"11,12",01-03,2.5,2.4,1.9,1.5,1.1,1.2,0.9,0.8,1.1,1.6,40946.0,2812.0
India,"PLFS Year (Jul - Jun), 2021",Persons,Urban,15 years and above,"11,12",01-96,13.3,19.5,17.7,15.4,13.1,15.9,14.1,12.4,14.1,15.4,393424.0,22868.0
India,"PLFS Year (Jul - Jun), 2021",Persons,Urban,15 years and above,"11,12",05-43,4.4,6.8,5.6,4.9,3.3,4.3,2.5,1.8,3.4,4.4,111852.0,5896.0
India,"PLFS Year (Jul - Jun), 2021",Persons,Urban,15 years and above,"11,12",45-96,6.5,10.3,10.2,9.1,8.8,10.3,10.7,9.8,9.6,9.4,240626.0,14160.0
India,"PLFS Year (Jul - Jun), 2021",Persons,Urban,15 years and above,21,01-03,1.4,0.8,0.7,0.5,0.7,0.8,0.3,0.2,0.5,0.7,17525.0,1150.0
India,"PLFS Year (Jul - Jun), 2021",Persons,Urban,15 years and above,21,01-96,3.4,3.2,2.8,2.7,3.3,3.0,3.0,1.9,2.9,3.0,76057.0,4375.0
India,"PLFS Year (Jul - Jun), 2021",Persons,Urban,15 years and above,21,05-43,1.0,1.1,0.9,0.7,0.7,0.7,0.8,0.3,0.7,0.8,21030.0,1016.0
India,"PLFS Year (Jul - Jun), 2021",Persons,Urban,15 years and above,21,45-96,0.9,1.2,1.2,1.5,1.9,1.5,1.9,1.4,1.7,1.5,37503.0,2209.0
India,"PLFS Year (Jul - Jun), 2021",Persons,Urban,15 years and above,11-21,01-03,3.8,3.2,2.6,2.0,1.7,2.0,1.3,1.0,1.6,2.3,58470.0,3962.0
India,"PLFS Year (Jul - Jun), 2021",Persons,Urban,15 years and above,11-21,01-96,16.7,22.7,20.6,18.2,16.4,18.9,17.2,14.3,17.0,18.4,469481.0,27243.0
India,"PLFS Year (Jul - Jun), 2021",Persons,Urban,15 years and above,11-21,05-43,5.5,7.9,6.5,5.6,3.9,5.0,3.3,2.2,4.0,5.2,132882.0,6912.0
India,"PLFS Year (Jul - Jun), 2021",Persons,Urban,15 years and above,11-21,45-96,7.4,11.6,11.5,10.6,10.8,11.8,12.6,11.2,11.4,10.9,278129.0,16369.0
India,"PLFS Year (Jul - Jun), 2021",Persons,Urban,15 years and above,31,01-03,0.3,0.3,0.2,0.1,0.1,0.2,0.1,0.0,0.1,0.1,3595.0,212.0
India,"PLFS Year (Jul - Jun), 2021",Persons,Urban,15 years and above,31,01-99,11.0,17.6,19.3,17.2,17.6,44.5,34.1,44.6,26.6,22.0,560365.0,28841.0
India,"PLFS Year (Jul - Jun), 2021",Persons,Urban,15 years and above,31,05-43,3.4,7.4,7.7,6.6,5.0,18.3,6.8,5.4,6.5,6.5,164690.0,7334.0
India,"PLFS Year (Jul - Jun), 2021",Persons,Urban,15 years and above,31,45-99,7.4,9.9,11.5,10.5,12.4,26.1,27.3,39.1,20.0,15.4,392080.0,21295.0
India,"PLFS Year (Jul - Jun), 2021",Persons,Urban,15 years and above,41,,0.4,0.5,0.3,0.1,0.1,0.1,0.0,0.0,0.0,0.2,4936.0,297.0
India,"PLFS Year (Jul - Jun), 2021",Persons,Urban,15 years and above,51,01-03,2.2,1.4,0.7,0.3,0.2,0.1,0.0,0.0,0.2,0.7,17603.0,813.0
India,"PLFS Year (Jul - Jun), 2021",Persons,Urban,15 years and above,51,01-99,11.5,12.8,8.7,4.3,2.3,3.5,0.5,0.3,2.1,6.0,153995.0,7775.0
India,"PLFS Year (Jul - Jun), 2021",Persons,Urban,15 years and above,51,05-43,7.8,9.1,6.3,3.0,1.6,2.5,0.3,0.1,1.5,4.2,108167.0,5520.0
India,"PLFS Year (Jul - Jun), 2021",Persons,Urban,15 years and above,51,45-99,1.5,2.3,1.7,0.9,0.5,0.9,0.2,0.1,0.5,1.1,28225.0,1442.0
India,"PLFS Year (Jul - Jun), 2021",Persons,Urban,15 years and above,41 & 51,01-99,11.9,13.3,9.0,4.4,2.4,3.6,0.5,0.3,2.2,6.2,158931.0,8072.0
India,"PLFS Year (Jul - Jun), 2021",Persons,Urban,15 years and above,11-51,01-03,6.3,5.0,3.4,2.4,2.0,2.3,1.4,1.0,1.8,3.1,80122.0,5016.0
India,"PLFS Year (Jul - Jun), 2021",Persons,Urban,15 years and above,11-51,01-99,39.6,53.5,48.9,39.7,36.4,67.0,51.8,59.2,45.7,46.6,1188777.0,64156.0
India,"PLFS Year (Jul - Jun), 2021",Persons,Urban,15 years and above,11-51,05-43,17.0,24.8,20.8,15.3,10.7,25.9,10.4,7.7,12.1,16.1,410049.0,20023.0
India,"PLFS Year (Jul - Jun), 2021",Persons,Urban,15 years and above,11-51,45-99,16.3,23.8,24.7,22.0,23.7,38.8,40.1,50.4,31.8,27.4,698605.0,39117.0
India,"PLFS Year (Jul - Jun), 2021",Persons,Urban,15 years and above,81,,0.5,0.8,1.6,1.7,2.8,8.5,8.2,6.7,4.8,3.1,79544.0,4958.0
India,"PLFS Year (Jul - Jun), 2021",Persons,Urban,15 years and above,11-81,,40.2,54.4,50.5,41.4,39.2,75.5,60.1,65.9,50.5,49.7,1268321.0,69114.0
India,"PLFS Year (Jul - Jun), 2021",Persons,Urban,15 years and above,UR,,1.3,1.5,3.2,4.1,7.2,11.3,13.7,10.1,9.5,6.3,,
India,"PLFS Year (Jul - Jun), 2021",Persons,Urban,15 years and above,91,,0.0,2.0,12.8,24.4,33.9,7.0,8.6,2.7,19.0,13.1,333222.0,20138.0
India,"PLFS Year (Jul - Jun), 2021",Persons,Urban,15 years and above,92,,33.3,29.6,26.8,23.8,20.4,9.6,22.0,21.0,21.5,25.1,641538.0,33899.0
India,"PLFS Year (Jul - Jun), 2021",Persons,Urban,15 years and above,93,,5.7,3.7,3.1,2.6,2.2,1.1,2.2,3.1,2.4,3.1,79529.0,5346.0
India,"PLFS Year (Jul - Jun), 2021",Persons,Urban,15 years and above,94,,12.6,7.4,4.8,6.4,3.6,6.5,6.5,6.9,5.7,6.7,170135.0,9798.0
India,"PLFS Year (Jul - Jun), 2021",Persons,Urban,15 years and above,95,,4.0,1.5,1.1,0.7,0.3,0.2,0.3,0.1,0.4,1.1,28956.0,1588.0
India,"PLFS Year (Jul - Jun), 2021",Persons,Urban,15 years and above,97,,4.2,1.5,1.0,0.7,0.3,0.2,0.5,0.3,0.5,1.2,30367.0,1647.0
India,"PLFS Year (Jul - Jun), 2021",Persons,Urban,15 years and above,99,,0.0,0.0,0.0,0.0,0.0,0.0,0.0,0.0,0.0,0.0,0.0,0.0
India,"PLFS Year (Jul - Jun), 2021",Persons,Urban,15 years and above,91-99,,59.8,45.6,49.5,58.6,60.8,24.5,39.9,34.1,49.5,50.3,1283746.0,72416.0
India,"PLFS Year (Jul - Jun), 2021",Persons,Urban,15 years and above,11-99,,100.0,100.0,100.0,100.0,100.0,100.0,100.0,100.0,100.0,100.0,2552066.0,141530.0
India,"PLFS Year (Jul - Jun), 2021",Persons,Urban,all ages,"11,12",01-03,1.4,1.1,1.7,1.5,1.1,1.2,0.9,0.8,1.1,1.3,40946.0,2812.0
India,"PLFS Year (Jul - Jun), 2021",Persons,Urban,all ages,"11,12",01-96,7.5,9.2,15.8,15.4,13.1,15.9,14.1,12.4,14.1,12.1,393433.0,22870.0
India,"PLFS Year (Jul - Jun), 2021",Persons,Urban,all ages,"11,12",05-43,2.5,3.2,5.0,4.9,3.3,4.3,2.5,1.8,3.4,3.4,111852.0,5896.0
India,"PLFS Year (Jul - Jun), 2021",Persons,Urban,all ages,"11,12",45-96,3.6,4.9,9.1,9.1,8.8,10.3,10.7,9.8,9.6,7.4,240635.0,14162.0
India,"PLFS Year (Jul - Jun), 2021",Persons,Urban,all ages,21,01-03,0.8,0.4,0.6,0.5,0.7,0.8,0.3,0.2,0.5,0.5,17666.0,1157.0
India,"PLFS Year (Jul - Jun), 2021",Persons,Urban,all ages,21,01-96,1.9,1.6,2.6,2.7,3.3,3.0,3.0,1.9,2.9,2.4,76754.0,4405.0
India,"PLFS Year (Jul - Jun), 2021",Persons,Urban,all ages,21,05-43,0.6,0.5,0.8,0.7,0.7,0.7,0.8,0.3,0.7,0.7,21255.0,1026.0
India,"PLFS Year (Jul - Jun), 2021",Persons,Urban,all ages,21,45-96,0.5,0.6,1.1,1.5,1.9,1.5,1.9,1.4,1.7,1.2,37833.0,2222.0
India,"PLFS Year (Jul - Jun), 2021",Persons,Urban,all ages,11-21,01-03,2.2,1.5,2.3,2.0,1.7,2.0,1.3,1.0,1.6,1.8,58611.0,3969.0
India,"PLFS Year (Jul - Jun), 2021",Persons,Urban,all ages,11-21,01-96,9.4,10.7,18.4,18.1,16.4,18.9,17.2,14.3,17.0,14.4,470187.0,27275.0
India,"PLFS Year (Jul - Jun), 2021",Persons,Urban,all ages,11-21,05-43,3.1,3.7,5.8,5.6,3.9,5.0,3.3,2.2,4.0,4.1,133108.0,6922.0
India,"PLFS Year (Jul - Jun), 2021",Persons,Urban,all ages,11-21,45-96,4.2,5.5,10.3,10.6,10.8,11.8,12.6,11.2,11.3,8.6,278468.0,16384.0
India,"PLFS Year (Jul - Jun), 2021",Persons,Urban,all ages,31,01-03,0.2,0.1,0.1,0.1,0.1,0.2,0.1,0.0,0.1,0.1,3595.0,212.0
India,"PLFS Year (Jul - Jun), 2021",Persons,Urban,all ages,31,01-99,6.2,8.3,17.3,17.2,17.6,44.5,34.1,44.6,26.5,17.2,560754.0,28858.0
India,"PLFS Year (Jul - Jun), 2021",Persons,Urban,all ages,31,05-43,1.9,3.5,6.9,6.6,5.0,18.3,6.8,5.4,6.5,5.1,164827.0,7340.0
India,"PLFS Year (Jul - Jun), 2021",Persons,Urban,all ages,31,45-99,4.1,4.7,10.2,10.5,12.4,26.1,27.3,39.1,20.0,12.1,392333.0,21306.0
India,"PLFS Year (Jul - Jun), 2021",Persons,Urban,all ages,41,,0.2,0.2,0.3,0.1,0.1,0.1,0.0,0.0,0.0,0.2,4936.0,297.0
India,"PLFS Year (Jul - Jun), 2021",Persons,Urban,all ages,51,01-03,1.2,0.7,0.6,0.3,0.2,0.1,0.0,0.0,0.2,0.5,17603.0,813.0
India,"PLFS Year (Jul - Jun), 2021",Persons,Urban,all ages,51,01-99,6.5,6.0,7.8,4.3,2.3,3.5,0.5,0.3,2.1,4.7,154125.0,7780.0
India,"PLFS Year (Jul - Jun), 2021",Persons,Urban,all ages,51,05-43,4.4,4.3,5.7,3.0,1.6,2.5,0.3,0.1,1.5,3.3,108235.0,5523.0
India,"PLFS Year (Jul - Jun), 2021",Persons,Urban,all ages,51,45-99,0.9,1.1,1.5,0.9,0.5,0.9,0.2,0.1,0.5,0.9,28287.0,1444.0
India,"PLFS Year (Jul - Jun), 2021",Persons,Urban,all ages,41 & 51,01-99,6.7,6.3,8.0,4.3,2.4,3.6,0.5,0.3,2.2,4.9,159061.0,8077.0
India,"PLFS Year (Jul - Jun), 2021",Persons,Urban,all ages,11-51,01-03,3.6,2.3,3.1,2.4,2.0,2.3,1.4,1.0,1.8,2.5,80263.0,5023.0
India,"PLFS Year (Jul - Jun), 2021",Persons,Urban,all ages,11-51,01-99,22.3,25.3,43.7,39.7,36.4,67.0,51.8,59.2,45.7,36.6,1190002.0,64210.0
India,"PLFS Year (Jul - Jun), 2021",Persons,Urban,all ages,11-51,05-43,9.5,11.7,18.6,15.3,10.7,25.9,10.4,7.7,12.1,12.6,410480.0,20042.0
India,"PLFS Year (Jul - Jun), 2021",Persons,Urban,all ages,11-51,45-99,9.2,11.3,22.1,22.0,23.7,38.8,40.1,50.4,31.8,21.5,699259.0,39145.0
India,"PLFS Year (Jul - Jun), 2021",Persons,Urban,all ages,81,,0.3,0.4,1.5,1.7,2.8,8.5,8.2,6.7,4.8,2.4,79647.0,4965.0
India,"PLFS Year (Jul - Jun), 2021",Persons,Urban,all ages,11-81,,22.6,25.7,45.2,41.3,39.2,75.5,60.1,65.9,50.5,39.0,1269649.0,69175.0
India,"PLFS Year (Jul - Jun), 2021",Persons,Urban,all ages,UR,,1.3,1.6,3.2,4.1,7.2,11.3,13.7,10.1,9.5,6.3,,
India,"PLFS Year (Jul - Jun), 2021",Persons,Urban,all ages,91,,7.1,52.7,21.9,24.6,33.9,7.0,8.6,2.7,19.0,24.8,808078.0,46195.0
India,"PLFS Year (Jul - Jun), 2021",Persons,Urban,all ages,92,,18.9,14.1,24.0,23.8,20.4,9.6,22.0,21.0,21.5,19.8,644227.0,34000.0
India,"PLFS Year (Jul - Jun), 2021",Persons,Urban,all ages,93,,3.3,1.7,2.7,2.5,2.2,1.1,2.2,3.1,2.4,2.5,79879.0,5351.0
India,"PLFS Year (Jul - Jun), 2021",Persons,Urban,all ages,94,,7.1,3.5,4.3,6.3,3.6,6.5,6.5,6.9,5.7,5.2,170209.0,9803.0
India,"PLFS Year (Jul - Jun), 2021",Persons,Urban,all ages,95,,2.4,0.7,0.9,0.7,0.3,0.2,0.3,0.1,0.4,0.9,30107.0,1654.0
India,"PLFS Year (Jul - Jun), 2021",Persons,Urban,all ages,97,,5.6,0.9,0.9,0.7,0.3,0.2,0.5,0.3,0.5,1.6,51458.0,2523.0
India,"PLFS Year (Jul - Jun), 2021",Persons,Urban,all ages,99,,33.1,0.7,0.0,0.0,0.0,0.0,0.0,0.0,0.0,6.2,200838.0,10649.0
India,"PLFS Year (Jul - Jun), 2021",Persons,Urban,all ages,91-99,,77.4,74.3,54.8,58.7,60.8,24.5,39.9,34.1,49.5,61.0,1984797.0,110175.0
India,"PLFS Year (Jul - Jun), 2021",Persons,Urban,all ages,11-99,,100.0,100.0,100.0,100.0,100.0,100.0,100.0,100.0,100.0,100.0,3254446.0,179350.0
India,"PLFS Year (Jul - Jun), 2021",Male,Rural + Urban,15-29 years,"11,12",01-03,6.9,5.4,4.6,2.6,2.7,2.0,3.1,1.5,2.7,3.6,57145.0,1761.0
India,"PLFS Year (Jul - Jun), 2021",Male,Rural + Urban,15-29 years,"11,12",01-96,15.4,14.1,11.4,8.2,8.0,10.0,11.6,11.2,9.0,10.4,164172.0,6196.0
India,"PLFS Year (Jul - Jun), 2021",Male,Rural + Urban,15-29 years,"11,12",05-43,4.0,2.6,2.1,1.8,1.0,2.9,1.2,1.0,1.4,1.8,28414.0,1113.0
India,"PLFS Year (Jul - Jun), 2021",Male,Rural + Urban,15-29 years,"11,12",45-96,4.6,6.2,4.7,3.7,4.2,5.2,7.4,8.8,4.9,5.0,78613.0,3322.0
India,"PLFS Year (Jul - Jun), 2021",Male,Rural + Urban,15-29 years,21,01-03,11.3,12.5,11.3,8.0,9.6,7.3,9.6,5.8,8.8,9.9,157009.0,4947.0
India,"PLFS Year (Jul - Jun), 2021",Male,Rural + Urban,15-29 years,21,01-96,13.2,14.9,13.8,10.2,12.0,10.3,13.6,10.1,11.6,12.6,198848.0,6721.0
India,"PLFS Year (Jul - Jun), 2021",Male,Rural + Urban,15-29 years,21,05-43,1.1,0.9,0.8,0.7,0.6,0.8,1.0,2.1,0.8,0.8,13094.0,545.0
India,"PLFS Year (Jul - Jun), 2021",Male,Rural + Urban,15-29 years,21,45-96,0.7,1.5,1.7,1.5,1.8,2.2,3.1,2.2,2.0,1.8,28745.0,1229.0
India,"PLFS Year (Jul - Jun), 2021",Male,Rural + Urban,15-29 years,11-21,01-03,18.2,17.9,15.8,10.6,12.3,9.3,12.6,7.3,11.5,13.5,214154.0,6708.0
India,"PLFS Year (Jul - Jun), 2021",Male,Rural + Urban,15-29 years,11-21,01-96,28.6,29.0,25.2,18.4,20.0,20.3,25.2,21.3,20.6,22.9,363020.0,12917.0
India,"PLFS Year (Jul - Jun), 2021",Male,Rural + Urban,15-29 years,11-21,05-43,5.1,3.4,2.9,2.5,1.7,3.7,2.1,3.1,2.2,2.6,41508.0,1658.0
India,"PLFS Year (Jul - Jun), 2021",Male,Rural + Urban,15-29 years,11-21,45-96,5.3,7.6,6.5,5.2,6.0,7.3,10.4,10.9,6.9,6.8,107358.0,4551.0
India,"PLFS Year (Jul - Jun), 2021",Male,Rural + Urban,15-29 years,31,01-03,0.4,0.7,0.2,0.2,0.1,0.1,0.2,0.1,0.2,0.2,3727.0,133.0
India,"PLFS Year (Jul - Jun), 2021",Male,Rural + Urban,15-29 years,31,01-99,9.4,15.8,12.6,11.0,12.5,35.8,30.8,45.2,17.8,15.9,251876.0,10078.0
India,"PLFS Year (Jul - Jun), 2021",Male,Rural + Urban,15-29 years,31,05-43,5.0,8.3,5.5,4.6,4.3,20.1,7.4,6.9,5.8,5.9,93932.0,3322.0
India,"PLFS Year (Jul - Jun), 2021",Male,Rural + Urban,15-29 years,31,45-99,4.1,6.8,7.0,6.2,8.1,15.6,23.2,38.2,11.8,9.7,154217.0,6623.0
India,"PLFS Year (Jul - Jun), 2021",Male,Rural + Urban,15-29 years,41,,0.4,0.5,0.3,0.1,0.1,0.0,0.1,0.0,0.1,0.2,3040.0,159.0
India,"PLFS Year (Jul - Jun), 2021",Male,Rural + Urban,15-29 years,51,01-03,12.7,9.0,4.9,2.4,1.5,1.5,0.7,0.3,1.6,3.6,57600.0,1386.0
India,"PLFS Year (Jul - Jun), 2021",Male,Rural + Urban,15-29 years,51,01-99,42.4,35.2,19.8,9.9,6.8,7.7,2.7,1.4,6.9,14.4,228233.0,7059.0
India,"PLFS Year (Jul - Jun), 2021",Male,Rural + Urban,15-29 years,51,05-43,26.4,23.7,13.3,6.6,4.5,4.6,1.5,0.8,4.5,9.5,150903.0,4947.0
India,"PLFS Year (Jul - Jun), 2021",Male,Rural + Urban,15-29 years,51,45-99,3.3,2.4,1.5,0.9,0.8,1.6,0.4,0.4,0.8,1.2,19731.0,726.0
India,"PLFS Year (Jul - Jun), 2021",Male,Rural + Urban,15-29 years,41 & 51,01-99,42.8,35.7,20.0,10.0,6.9,7.7,2.7,1.4,7.0,14.6,231273.0,7218.0
India,"PLFS Year (Jul - Jun), 2021",Male,Rural + Urban,15-29 years,11-51,01-03,31.2,27.6,21.0,13.2,13.9,10.9,13.5,7.7,13.3,17.4,275481.0,8227.0
India,"PLFS Year (Jul - Jun), 2021",Male,Rural + Urban,15-29 years,11-51,01-99,80.8,80.5,57.9,39.4,39.3,63.8,58.7,67.9,45.3,53.5,846170.0,30213.0
India,"PLFS Year (Jul - Jun), 2021",Male,Rural + Urban,15-29 years,11-51,05-43,36.9,36.0,22.0,13.8,10.5,28.4,11.1,10.7,12.6,18.3,289383.0,10086.0
India,"PLFS Year (Jul - Jun), 2021",Male,Rural + Urban,15-29 years,11-51,45-99,12.7,16.9,15.0,12.4,14.9,24.5,34.0,49.5,19.5,17.8,281306.0,11900.0
India,"PLFS Year (Jul - Jun), 2021",Male,Rural + Urban,15-29 years,81,,4.8,4.4,5.1,4.1,5.7,19.6,21.7,22.2,9.6,7.7,122033.0,4956.0
India,"PLFS Year (Jul - Jun), 2021",Male,Rural + Urban,15-29 years,11-81,,85.6,84.9,63.0,43.5,45.0,83.4,80.4,90.1,54.9,61.2,968203.0,35169.0
India,"PLFS Year (Jul - Jun), 2021",Male,Rural + Urban,15-29 years,UR,,5.6,5.2,8.1,9.4,12.7,23.5,27.0,24.6,17.5,12.6,,
India,"PLFS Year (Jul - Jun), 2021",Male,Rural + Urban,15-29 years,91,,0.2,11.7,34.7,55.7,54.4,16.0,18.9,9.4,44.4,36.9,584697.0,23772.0
India,"PLFS Year (Jul - Jun), 2021",Male,Rural + Urban,15-29 years,92,,0.9,0.5,0.5,0.1,0.1,0.0,0.2,0.3,0.2,0.3,5082.0,296.0
India,"PLFS Year (Jul - Jun), 2021",Male,Rural + Urban,15-29 years,93,,1.1,0.5,0.3,0.1,0.1,0.0,0.1,0.0,0.1,0.2,3319.0,131.0
India,"PLFS Year (Jul - Jun), 2021",Male,Rural + Urban,15-29 years,94,,0.3,0.0,0.0,0.0,0.0,0.0,0.1,0.0,0.0,0.0,572.0,27.0
India,"PLFS Year (Jul - Jun), 2021",Male,Rural + Urban,15-29 years,95,,9.9,1.1,0.6,0.2,0.1,0.1,0.0,0.0,0.1,0.7,11186.0,426.0
India,"PLFS Year (Jul - Jun), 2021",Male,Rural + Urban,15-29 years,97,,2.0,1.2,0.9,0.4,0.3,0.5,0.3,0.2,0.3,0.6,9802.0,354.0
India,"PLFS Year (Jul - Jun), 2021",Male,Rural + Urban,15-29 years,99,,0.0,0.0,0.0,0.0,0.0,0.0,0.0,0.0,0.0,0.0,0.0,0.0
India,"PLFS Year (Jul - Jun), 2021",Male,Rural + Urban,15-29 years,91-99,,14.4,15.1,37.0,56.5,55.0,16.6,19.6,9.9,45.1,38.8,614658.0,25006.0
India,"PLFS Year (Jul - Jun), 2021",Male,Rural + Urban,15-29 years,11-99,,100.0,100.0,100.0,100.0,100.0,100.0,100.0,100.0,100.0,100.0,1582861.0,60175.0
India,"PLFS Year (Jul - Jun), 2021",Male,Rural + Urban,15 years and above,"11,12",01-03,29.1,23.2,17.8,13.6,10.1,4.3,7.7,5.3,10.2,17.1,744238.0,23545.0
India,"PLFS Year (Jul - Jun), 2021",Male,Rural + Urban,15 years and above,"11,12",01-96,39.0,39.7,34.7,29.4,24.1,20.7,25.7,22.4,26.1,32.4,1411009.0,52075.0
India,"PLFS Year (Jul - Jun), 2021",Male,Rural + Urban,15 years and above,"11,12",05-43,3.6,5.3,5.0,4.6,2.9,5.3,2.8,2.4,3.6,4.2,182671.0,7483.0
India,"PLFS Year (Jul - Jun), 2021",Male,Rural + Urban,15 years and above,"11,12",45-96,6.3,11.2,11.9,11.1,11.1,11.1,15.2,14.7,12.3,11.1,484099.0,21047.0
India,"PLFS Year (Jul - Jun), 2021",Male,Rural + Urban,15 years and above,21,01-03,2.4,4.6,6.7,5.5,7.7,4.4,5.9,2.9,6.0,5.4,234911.0,7271.0
India,"PLFS Year (Jul - Jun), 2021",Male,Rural + Urban,15 years and above,21,01-96,2.8,5.5,8.2,7.1,9.8,6.7,8.6,5.0,8.1,6.9,299876.0,10090.0
India,"PLFS Year (Jul - Jun), 2021",Male,Rural + Urban,15 years and above,21,05-43,0.2,0.3,0.5,0.5,0.6,0.5,0.7,0.7,0.6,0.5,20414.0,853.0
India,"PLFS Year (Jul - Jun), 2021",Male,Rural + Urban,15 years and above,21,45-96,0.2,0.6,1.0,1.1,1.6,1.8,2.0,1.4,1.5,1.0,44551.0,1966.0
India,"PLFS Year (Jul - Jun), 2021",Male,Rural + Urban,15 years and above,11-21,01-03,31.5,27.7,24.5,19.2,17.8,8.8,13.6,8.2,16.3,22.5,979150.0,30816.0
India,"PLFS Year (Jul - Jun), 2021",Male,Rural + Urban,15 years and above,11-21,01-96,41.8,45.2,42.9,36.5,33.9,27.4,34.3,27.4,34.2,39.2,1710885.0,62165.0
India,"PLFS Year (Jul - Jun), 2021",Male,Rural + Urban,15 years and above,11-21,05-43,3.8,5.7,5.5,5.1,3.4,5.8,3.5,3.1,4.1,4.7,203085.0,8336.0
India,"PLFS Year (Jul - Jun), 2021",Male,Rural + Urban,15 years and above,11-21,45-96,6.5,11.8,12.9,12.2,12.7,12.9,17.2,16.1,13.9,12.1,528650.0,23013.0
India,"PLFS Year (Jul - Jun), 2021",Male,Rural + Urban,15 years and above,31,01-03,0.5,0.5,0.3,0.2,0.2,0.1,0.2,0.1,0.2,0.3,13864.0,584.0
India,"PLFS Year (Jul - Jun), 2021",Male,Rural + Urban,15 years and above,31,01-99,5.4,11.9,14.8,15.8,18.3,41.8,36.8,53.4,25.1,17.4,760766.0,33266.0
India,"PLFS Year (Jul - Jun), 2021",Male,Rural + Urban,15 years and above,31,05-43,2.3,5.6,5.9,6.1,6.0,20.9,8.1,7.6,7.2,5.9,256246.0,9900.0
India,"PLFS Year (Jul - Jun), 2021",Male,Rural + Urban,15 years and above,31,45-99,2.6,5.8,8.6,9.5,12.1,20.8,28.6,45.8,17.7,11.3,490657.0,22782.0
India,"PLFS Year (Jul - Jun), 2021",Male,Rural + Urban,15 years and above,41,,0.5,0.5,0.3,0.1,0.1,0.0,0.0,0.0,0.1,0.3,11756.0,524.0
India,"PLFS Year (Jul - Jun), 2021",Male,Rural + Urban,15 years and above,51,01-03,12.5,9.1,4.8,2.7,1.6,1.6,0.6,0.3,1.7,5.3,231873.0,5668.0
India,"PLFS Year (Jul - Jun), 2021",Male,Rural + Urban,15 years and above,51,01-99,28.9,28.3,19.5,11.6,7.0,7.0,2.4,0.9,7.1,16.9,736392.0,23190.0
India,"PLFS Year (Jul - Jun), 2021",Male,Rural + Urban,15 years and above,51,05-43,14.9,17.1,12.9,7.8,4.6,4.1,1.5,0.5,4.7,10.2,446128.0,15282.0
India,"PLFS Year (Jul - Jun), 2021",Male,Rural + Urban,15 years and above,51,45-99,1.5,2.1,1.7,1.1,0.8,1.3,0.4,0.1,0.8,1.3,58391.0,2240.0
India,"PLFS Year (Jul - Jun), 2021",Male,Rural + Urban,15 years and above,41 & 51,01-99,29.4,28.8,19.8,11.7,7.1,7.0,2.5,0.9,7.2,17.2,748149.0,23714.0
India,"PLFS Year (Jul - Jun), 2021",Male,Rural + Urban,15 years and above,11-51,01-03,44.5,37.3,29.6,22.0,19.6,10.4,14.4,8.7,18.1,28.1,1225110.0,37078.0
India,"PLFS Year (Jul - Jun), 2021",Male,Rural + Urban,15 years and above,11-51,01-99,76.6,86.0,77.5,64.0,59.3,76.3,73.6,81.8,66.6,73.8,3219799.0,119145.0
India,"PLFS Year (Jul - Jun), 2021",Male,Rural + Urban,15 years and above,11-51,05-43,21.5,28.9,24.7,19.1,14.1,30.8,13.1,11.2,16.1,21.0,916978.0,34031.0
India,"PLFS Year (Jul - Jun), 2021",Male,Rural + Urban,15 years and above,11-51,45-99,10.6,19.8,23.2,22.9,25.6,35.0,46.1,62.0,32.4,24.7,1077711.0,48036.0
India,"PLFS Year (Jul - Jun), 2021",Male,Rural + Urban,15 years and above,81,,0.5,1.2,2.4,2.5,4.1,11.0,10.8,7.2,5.6,3.4,146535.0,6129.0
India,"PLFS Year (Jul - Jun), 2021",Male,Rural + Urban,15 years and above,11-81,,77.2,87.2,79.9,66.5,63.3,87.3,84.4,89.0,72.2,77.2,3366334.0,125274.0
India,"PLFS Year (Jul - Jun), 2021",Male,Rural + Urban,15 years and above,UR,,0.7,1.4,3.1,3.8,6.4,12.6,12.8,8.1,7.8,4.4,,
India,"PLFS Year (Jul - Jun), 2021",Male,Rural + Urban,15 years and above,91,,0.0,2.6,14.1,27.0,32.7,7.9,8.2,2.4,21.8,13.4,585757.0,23828.0
India,"PLFS Year (Jul - Jun), 2021",Male,Rural + Urban,15 years and above,92,,1.2,0.8,0.5,0.4,0.3,0.4,0.5,0.3,0.4,0.6,26087.0,1268.0
India,"PLFS Year (Jul - Jun), 2021",Male,Rural + Urban,15 years and above,93,,0.7,0.3,0.2,0.1,0.1,0.0,0.1,0.1,0.1,0.2,10153.0,422.0
India,"PLFS Year (Jul - Jun), 2021",Male,Rural + Urban,15 years and above,94,,11.7,5.6,3.2,4.5,2.8,3.7,6.1,7.6,4.5,5.5,241105.0,9703.0
India,"PLFS Year (Jul - Jun), 2021",Male,Rural + Urban,15 years and above,95,,5.0,1.9,1.1,0.8,0.4,0.1,0.3,0.3,0.5,1.6,68354.0,2482.0
India,"PLFS Year (Jul - Jun), 2021",Male,Rural + Urban,15 years and above,97,,4.3,1.7,1.0,0.7,0.5,0.4,0.4,0.4,0.5,1.4,62699.0,2089.0
India,"PLFS Year (Jul - Jun), 2021",Male,Rural + Urban,15 years and above,99,,0.0,0.0,0.0,0.0,0.0,0.0,0.0,0.0,0.0,0.0,0.0,0.0
India,"PLFS Year (Jul - Jun), 2021",Male,Rural + Urban,15 years and above,91-99,,22.8,12.8,20.1,33.5,36.7,12.7,15.6,11.0,27.8,22.8,994155.0,39792.0
India,"PLFS Year (Jul - Jun), 2021",Male,Rural + Urban,15 years and above,11-99,,100.0,100.0,100.0,100.0,100.0,100.0,100.0,100.0,100.0,100.0,4360489.0,165066.0
India,"PLFS Year (Jul - Jun), 2021",Male,Rural + Urban,all ages,"11,12",01-03,15.8,10.6,16.0,13.6,10.1,4.3,7.7,5.3,10.2,12.6,744299.0,23548.0
India,"PLFS Year (Jul - Jun), 2021",Male,Rural + Urban,all ages,"11,12",01-96,21.2,18.2,31.3,29.4,24.1,20.7,25.7,22.4,26.1,24.0,1411240.0,52082.0
India,"PLFS Year (Jul - Jun), 2021",Male,Rural + Urban,all ages,"11,12",05-43,2.0,2.4,4.5,4.6,2.9,5.3,2.8,2.4,3.5,3.1,182700.0,7484.0
India,"PLFS Year (Jul - Jun), 2021",Male,Rural + Urban,all ages,"11,12",45-96,3.4,5.1,10.8,11.1,11.1,11.1,15.2,14.7,12.3,8.2,484241.0,21050.0
India,"PLFS Year (Jul - Jun), 2021",Male,Rural + Urban,all ages,21,01-03,1.3,2.2,6.2,5.5,7.7,4.4,5.9,2.9,6.0,4.0,237409.0,7342.0
India,"PLFS Year (Jul - Jun), 2021",Male,Rural + Urban,all ages,21,01-96,1.6,2.6,7.5,7.1,9.8,6.7,8.6,5.0,8.1,5.1,303038.0,10181.0
India,"PLFS Year (Jul - Jun), 2021",Male,Rural + Urban,all ages,21,05-43,0.1,0.2,0.5,0.5,0.6,0.5,0.7,0.7,0.6,0.3,20457.0,856.0
India,"PLFS Year (Jul - Jun), 2021",Male,Rural + Urban,all ages,21,45-96,0.1,0.3,0.9,1.1,1.6,1.8,2.0,1.4,1.5,0.8,45173.0,1983.0
India,"PLFS Year (Jul - Jun), 2021",Male,Rural + Urban,all ages,11-21,01-03,17.2,12.8,22.2,19.1,17.8,8.8,13.6,8.2,16.3,16.7,981708.0,30890.0
India,"PLFS Year (Jul - Jun), 2021",Male,Rural + Urban,all ages,11-21,01-96,22.8,20.8,38.9,36.5,33.9,27.4,34.3,27.4,34.2,29.1,1714278.0,62263.0
India,"PLFS Year (Jul - Jun), 2021",Male,Rural + Urban,all ages,11-21,05-43,2.1,2.6,5.0,5.1,3.4,5.8,3.5,3.1,4.1,3.5,203157.0,8340.0
India,"PLFS Year (Jul - Jun), 2021",Male,Rural + Urban,all ages,11-21,45-96,3.5,5.4,11.7,12.2,12.7,12.9,17.2,16.1,13.8,9.0,529414.0,23033.0
India,"PLFS Year (Jul - Jun), 2021",Male,Rural + Urban,all ages,31,01-03,0.3,0.2,0.3,0.2,0.2,0.1,0.2,0.1,0.2,0.2,13864.0,584.0
India,"PLFS Year (Jul - Jun), 2021",Male,Rural + Urban,all ages,31,01-99,2.9,5.5,13.3,15.8,18.3,41.8,36.8,53.4,25.1,12.9,761148.0,33283.0
India,"PLFS Year (Jul - Jun), 2021",Male,Rural + Urban,all ages,31,05-43,1.2,2.6,5.4,6.0,6.0,20.9,8.1,7.6,7.2,4.4,256369.0,9906.0
India,"PLFS Year (Jul - Jun), 2021",Male,Rural + Urban,all ages,31,45-99,1.4,2.7,7.7,9.5,12.1,20.8,28.6,45.8,17.7,8.3,490916.0,22793.0
India,"PLFS Year (Jul - Jun), 2021",Male,Rural + Urban,all ages,41,,0.3,0.2,0.3,0.1,0.1,0.0,0.0,0.0,0.1,0.2,11756.0,524.0
India,"PLFS Year (Jul - Jun), 2021",Male,Rural + Urban,all ages,51,01-03,6.8,4.2,4.4,2.7,1.6,1.6,0.6,0.3,1.7,3.9,232095.0,5674.0
India,"PLFS Year (Jul - Jun), 2021",Male,Rural + Urban,all ages,51,01-99,15.7,13.0,17.6,11.6,7.0,7.0,2.4,0.9,7.1,12.5,737083.0,23207.0
India,"PLFS Year (Jul - Jun), 2021",Male,Rural + Urban,all ages,51,05-43,8.1,7.8,11.7,7.8,4.6,4.1,1.5,0.5,4.7,7.6,446481.0,15288.0
India,"PLFS Year (Jul - Jun), 2021",Male,Rural + Urban,all ages,51,45-99,0.8,1.0,1.6,1.1,0.8,1.3,0.4,0.1,0.8,1.0,58507.0,2245.0
India,"PLFS Year (Jul - Jun), 2021",Male,Rural + Urban,all ages,41 & 51,01-99,16.0,13.2,17.9,11.7,7.1,7.0,2.5,0.9,7.2,12.7,748839.0,23731.0
India,"PLFS Year (Jul - Jun), 2021",Male,Rural + Urban,all ages,11-51,01-03,24.3,17.2,26.8,22.0,19.6,10.4,14.4,8.7,18.1,20.9,1227889.0,37158.0
India,"PLFS Year (Jul - Jun), 2021",Male,Rural + Urban,all ages,11-51,01-99,41.8,39.5,70.1,63.9,59.3,76.3,73.6,81.8,66.5,54.8,3224266.0,119277.0
India,"PLFS Year (Jul - Jun), 2021",Male,Rural + Urban,all ages,11-51,05-43,11.7,13.2,22.3,19.0,14.1,30.8,13.1,11.2,16.1,15.6,917525.0,34047.0
India,"PLFS Year (Jul - Jun), 2021",Male,Rural + Urban,all ages,11-51,45-99,5.8,9.1,21.0,22.8,25.6,35.0,46.1,62.0,32.3,18.3,1078851.0,48072.0
India,"PLFS Year (Jul - Jun), 2021",Male,Rural + Urban,all ages,81,,0.3,0.6,2.2,2.5,4.1,11.0,10.8,7.2,5.6,2.5,146801.0,6142.0
India,"PLFS Year (Jul - Jun), 2021",Male,Rural + Urban,all ages,11-81,,42.1,40.0,72.3,66.4,63.3,87.3,84.4,89.0,72.2,57.3,3371067.0,125419.0
India,"PLFS Year (Jul - Jun), 2021",Male,Rural + Urban,all ages,UR,,0.7,1.4,3.1,3.8,6.4,12.6,12.8,8.1,7.8,4.4,,
India,"PLFS Year (Jul - Jun), 2021",Male,Rural + Urban,all ages,91,,6.6,54.0,22.2,27.1,32.7,7.9,8.2,2.4,21.8,27.0,1590345.0,59815.0
India,"PLFS Year (Jul - Jun), 2021",Male,Rural + Urban,all ages,92,,0.7,0.4,0.5,0.4,0.3,0.4,0.5,0.3,0.4,0.5,28849.0,1347.0
India,"PLFS Year (Jul - Jun), 2021",Male,Rural + Urban,all ages,93,,0.4,0.2,0.2,0.1,0.1,0.0,0.1,0.1,0.1,0.2,11161.0,439.0
India,"PLFS Year (Jul - Jun), 2021",Male,Rural + Urban,all ages,94,,6.4,2.6,2.9,4.5,2.8,3.7,6.1,7.6,4.5,4.1,241186.0,9706.0
India,"PLFS Year (Jul - Jun), 2021",Male,Rural + Urban,all ages,95,,2.9,0.9,1.0,0.8,0.4,0.1,0.3,0.3,0.5,1.2,71658.0,2581.0
India,"PLFS Year (Jul - Jun), 2021",Male,Rural + Urban,all ages,97,,5.6,1.1,1.0,0.7,0.5,0.4,0.4,0.4,0.5,1.8,108500.0,3298.0
India,"PLFS Year (Jul - Jun), 2021",Male,Rural + Urban,all ages,99,,35.4,0.8,0.0,0.0,0.0,0.0,0.0,0.0,0.0,7.9,462620.0,15439.0
India,"PLFS Year (Jul - Jun), 2021",Male,Rural + Urban,all ages,91-99,,57.9,60.0,27.7,33.6,36.7,12.7,15.6,11.0,27.8,42.7,2514319.0,92625.0
India,"PLFS Year (Jul - Jun), 2021",Male,Rural + Urban,all ages,11-99,,100.0,100.0,100.0,100.0,100.0,100.0,100.0,100.0,100.0,100.0,5885385.0,218044.0
India,"PLFS Year (Jul - Jun), 2021",Female,Rural + Urban,15-29 years,"11,12",01-03,4.0,2.9,1.2,0.7,0.5,1.4,0.5,0.5,0.6,1.3,18883.0,675.0
India,"PLFS Year (Jul - Jun), 2021",Female,Rural + Urban,15-29 years,"11,12",01-96,5.3,5.4,3.5,2.4,3.0,5.3,3.3,4.3,2.9,3.5,52787.0,2181.0
India,"PLFS Year (Jul - Jun), 2021",Female,Rural + Urban,15-29 years,"11,12",05-43,1.1,2.4,1.8,1.3,1.5,1.1,1.1,1.1,1.3,1.6,23446.0,956.0
India,"PLFS Year (Jul - Jun), 2021",Female,Rural + Urban,15-29 years,"11,12",45-96,0.2,0.2,0.4,0.4,0.9,2.7,1.7,2.7,1.0,0.7,10458.0,550.0
India,"PLFS Year (Jul - Jun), 2021",Female,Rural + Urban,15-29 years,21,01-03,14.1,13.0,8.6,5.1,5.1,3.7,3.4,2.4,4.6,7.2,107539.0,3474.0
India,"PLFS Year (Jul - Jun), 2021",Female,Rural + Urban,15-29 years,21,01-96,15.4,14.1,9.4,5.8,6.1,5.9,4.4,3.4,5.5,8.2,121871.0,4060.0
India,"PLFS Year (Jul - Jun), 2021",Female,Rural + Urban,15-29 years,21,05-43,1.0,0.8,0.5,0.5,0.5,0.1,0.3,0.1,0.4,0.5,7918.0,288.0
India,"PLFS Year (Jul - Jun), 2021",Female,Rural + Urban,15-29 years,21,45-96,0.4,0.3,0.3,0.3,0.5,2.1,0.7,1.0,0.5,0.4,6414.0,298.0
India,"PLFS Year (Jul - Jun), 2021",Female,Rural + Urban,15-29 years,11-21,01-03,18.1,15.8,9.8,5.8,5.7,5.2,3.9,2.8,5.2,8.5,126422.0,4149.0
India,"PLFS Year (Jul - Jun), 2021",Female,Rural + Urban,15-29 years,11-21,01-96,20.7,19.6,12.9,8.2,9.1,11.2,7.7,7.7,8.5,11.7,174657.0,6241.0
India,"PLFS Year (Jul - Jun), 2021",Female,Rural + Urban,15-29 years,11-21,05-43,2.1,3.2,2.3,1.8,2.1,1.2,1.5,1.2,1.8,2.1,31364.0,1244.0
India,"PLFS Year (Jul - Jun), 2021",Female,Rural + Urban,15-29 years,11-21,45-96,0.6,0.5,0.7,0.7,1.4,4.8,2.3,3.7,1.5,1.1,16871.0,848.0
India,"PLFS Year (Jul - Jun), 2021",Female,Rural + Urban,15-29 years,31,01-03,0.4,0.1,0.1,0.0,0.0,0.4,0.0,0.0,0.0,0.1,1259.0,34.0
India,"PLFS Year (Jul - Jun), 2021",Female,Rural + Urban,15-29 years,31,01-99,1.8,2.0,1.6,1.2,2.5,26.6,14.5,25.3,6.1,4.2,62990.0,2762.0
India,"PLFS Year (Jul - Jun), 2021",Female,Rural + Urban,15-29 years,31,05-43,0.4,0.7,0.4,0.4,0.5,1.9,1.3,1.7,0.7,0.6,9229.0,392.0
India,"PLFS Year (Jul - Jun), 2021",Female,Rural + Urban,15-29 years,31,45-99,1.0,1.2,1.1,0.8,2.0,24.2,13.2,23.5,5.4,3.5,52502.0,2336.0
India,"PLFS Year (Jul - Jun), 2021",Female,Rural + Urban,15-29 years,41,,0.4,0.3,0.2,0.1,0.2,0.1,0.0,0.0,0.1,0.2,2960.0,115.0
India,"PLFS Year (Jul - Jun), 2021",Female,Rural + Urban,15-29 years,51,01-03,7.5,6.0,2.3,1.5,0.8,1.0,0.2,0.0,0.9,2.3,34277.0,771.0
India,"PLFS Year (Jul - Jun), 2021",Female,Rural + Urban,15-29 years,51,01-99,10.1,8.0,3.2,1.8,1.0,1.1,0.3,0.2,1.1,3.0,45144.0,1072.0
India,"PLFS Year (Jul - Jun), 2021",Female,Rural + Urban,15-29 years,51,05-43,2.5,1.8,0.8,0.3,0.1,0.1,0.0,0.0,0.2,0.7,10098.0,255.0
India,"PLFS Year (Jul - Jun), 2021",Female,Rural + Urban,15-29 years,51,45-99,0.1,0.2,0.1,0.0,0.0,0.0,0.0,0.2,0.0,0.1,770.0,46.0
India,"PLFS Year (Jul - Jun), 2021",Female,Rural + Urban,15-29 years,41 & 51,01-99,10.4,8.3,3.4,1.9,1.2,1.2,0.3,0.2,1.2,3.2,48104.0,1187.0
India,"PLFS Year (Jul - Jun), 2021",Female,Rural + Urban,15-29 years,11-51,01-03,26.0,21.9,12.2,7.3,6.5,6.6,4.2,2.8,6.1,10.8,161973.0,4955.0
India,"PLFS Year (Jul - Jun), 2021",Female,Rural + Urban,15-29 years,11-51,01-99,33.0,29.9,17.9,11.4,12.8,38.9,22.5,33.2,15.8,19.1,285751.0,10190.0
India,"PLFS Year (Jul - Jun), 2021",Female,Rural + Urban,15-29 years,11-51,05-43,5.3,6.0,3.8,2.6,2.9,3.3,2.8,2.9,2.8,3.6,53635.0,2005.0
India,"PLFS Year (Jul - Jun), 2021",Female,Rural + Urban,15-29 years,11-51,45-99,1.7,1.9,1.9,1.5,3.3,29.1,15.5,27.4,6.9,4.7,70142.0,3230.0
India,"PLFS Year (Jul - Jun), 2021",Female,Rural + Urban,15-29 years,81,,0.0,0.3,0.5,0.4,1.4,12.5,12.2,16.0,4.3,2.6,38364.0,2048.0
India,"PLFS Year (Jul - Jun), 2021",Female,Rural + Urban,15-29 years,11-81,,33.0,30.1,18.3,11.8,14.2,51.4,34.8,49.2,20.1,21.7,324114.0,12238.0
India,"PLFS Year (Jul - Jun), 2021",Female,Rural + Urban,15-29 years,UR,,0.0,0.8,2.6,3.7,10.2,24.3,35.2,32.6,21.4,11.8,,
India,"PLFS Year (Jul - Jun), 2021",Female,Rural + Urban,15-29 years,91,,0.2,8.6,31.7,51.9,50.1,14.5,19.0,9.7,41.5,32.4,483532.0,20093.0
India,"PLFS Year (Jul - Jun), 2021",Female,Rural + Urban,15-29 years,92,,39.6,38.7,34.9,26.8,27.5,30.5,38.0,34.4,29.9,32.8,490275.0,17236.0
India,"PLFS Year (Jul - Jun), 2021",Female,Rural + Urban,15-29 years,93,,23.8,21.2,14.3,8.9,7.9,3.3,7.8,6.4,8.1,12.2,182900.0,5692.0
India,"PLFS Year (Jul - Jun), 2021",Female,Rural + Urban,15-29 years,94,,0.5,0.7,0.3,0.3,0.1,0.2,0.1,0.1,0.2,0.3,4694.0,125.0
India,"PLFS Year (Jul - Jun), 2021",Female,Rural + Urban,15-29 years,95,,2.1,0.5,0.3,0.1,0.0,0.0,0.1,0.0,0.1,0.3,4905.0,222.0
India,"PLFS Year (Jul - Jun), 2021",Female,Rural + Urban,15-29 years,97,,0.8,0.2,0.2,0.1,0.1,0.0,0.2,0.1,0.1,0.2,3026.0,140.0
India,"PLFS Year (Jul - Jun), 2021",Female,Rural + Urban,15-29 years,99,,0.0,0.0,0.0,0.0,0.0,0.0,0.0,0.0,0.0,0.0,0.0,0.0
India,"PLFS Year (Jul - Jun), 2021",Female,Rural + Urban,15-29 years,91-99,,67.0,69.9,81.7,88.2,85.8,48.6,65.2,50.8,79.9,78.3,1169333.0,43508.0
India,"PLFS Year (Jul - Jun), 2021",Female,Rural + Urban,15-29 years,11-99,,100.0,100.0,100.0,100.0,100.0,100.0,100.0,100.0,100.0,100.0,1493448.0,55746.0
India,"PLFS Year (Jul - Jun), 2021",Female,Rural + Urban,15 years and above,"11,12",01-03,7.5,6.2,4.1,2.6,1.7,3.5,1.1,0.7,1.8,4.7,203713.0,7853.0
India,"PLFS Year (Jul - Jun), 2021",Female,Rural + Urban,15 years and above,"11,12",01-96,9.6,10.6,8.2,5.8,5.3,10.1,4.8,4.6,5.4,8.1,347569.0,14432.0
India,"PLFS Year (Jul - Jun), 2021",Female,Rural + Urban,15 years and above,"11,12",05-43,1.2,3.1,3.0,2.4,2.2,2.7,1.3,0.7,2.0,2.1,90989.0,3642.0
India,"PLFS Year (Jul - Jun), 2021",Female,Rural + Urban,15 years and above,"11,12",45-96,0.9,1.3,1.0,0.8,1.4,3.9,2.4,3.3,1.6,1.2,52868.0,2937.0
India,"PLFS Year (Jul - Jun), 2021",Female,Rural + Urban,15 years and above,21,01-03,15.9,12.5,9.3,6.0,5.2,3.7,2.9,1.6,4.7,10.3,443398.0,14160.0
India,"PLFS Year (Jul - Jun), 2021",Female,Rural + Urban,15 years and above,21,01-96,17.0,14.0,10.5,7.3,6.6,6.6,4.2,2.8,6.0,11.6,497975.0,16370.0
India,"PLFS Year (Jul - Jun), 2021",Female,Rural + Urban,15 years and above,21,05-43,0.5,0.7,0.5,0.6,0.4,0.4,0.3,0.1,0.4,0.5,21957.0,796.0
India,"PLFS Year (Jul - Jun), 2021",Female,Rural + Urban,15 years and above,21,45-96,0.6,0.8,0.7,0.8,0.9,2.4,1.0,1.1,0.9,0.8,32620.0,1414.0
India,"PLFS Year (Jul - Jun), 2021",Female,Rural + Urban,15 years and above,11-21,01-03,23.4,18.7,13.4,8.6,6.9,7.3,4.0,2.2,6.5,15.1,647111.0,22013.0
India,"PLFS Year (Jul - Jun), 2021",Female,Rural + Urban,15 years and above,11-21,01-96,26.6,24.6,18.6,13.1,11.9,16.7,9.0,7.5,11.4,19.7,845544.0,30802.0
India,"PLFS Year (Jul - Jun), 2021",Female,Rural + Urban,15 years and above,11-21,05-43,1.7,3.8,3.5,3.0,2.6,3.1,1.5,0.8,2.4,2.6,112946.0,4438.0
India,"PLFS Year (Jul - Jun), 2021",Female,Rural + Urban,15 years and above,11-21,45-96,1.5,2.1,1.7,1.5,2.3,6.3,3.5,4.4,2.5,2.0,85487.0,4351.0
India,"PLFS Year (Jul - Jun), 2021",Female,Rural + Urban,15 years and above,31,01-03,0.2,0.2,0.1,0.0,0.0,0.2,0.0,0.0,0.0,0.1,5302.0,200.0
India,"PLFS Year (Jul - Jun), 2021",Female,Rural + Urban,15 years and above,31,01-99,2.4,4.1,3.5,3.9,4.8,27.5,16.6,29.0,9.5,5.3,226133.0,10484.0
India,"PLFS Year (Jul - Jun), 2021",Female,Rural + Urban,15 years and above,31,05-43,0.4,0.8,0.8,0.8,0.6,1.7,1.3,1.6,0.9,0.7,31669.0,1340.0
India,"PLFS Year (Jul - Jun), 2021",Female,Rural + Urban,15 years and above,31,45-99,1.7,3.1,2.6,3.1,4.1,25.6,15.3,27.3,8.5,4.4,189161.0,8944.0
India,"PLFS Year (Jul - Jun), 2021",Female,Rural + Urban,15 years and above,41,,1.1,1.3,1.0,0.5,0.4,1.3,0.1,0.2,0.4,0.9,37516.0,1446.0
India,"PLFS Year (Jul - Jun), 2021",Female,Rural + Urban,15 years and above,51,01-03,8.3,7.1,3.2,1.9,0.9,0.6,0.2,0.0,1.0,4.7,201825.0,5103.0
India,"PLFS Year (Jul - Jun), 2021",Female,Rural + Urban,15 years and above,51,01-99,10.2,9.2,4.1,2.3,1.2,0.9,0.2,0.2,1.3,5.9,254200.0,6822.0
India,"PLFS Year (Jul - Jun), 2021",Female,Rural + Urban,15 years and above,51,05-43,1.8,1.8,0.8,0.3,0.2,0.2,0.0,0.1,0.2,1.1,45752.0,1380.0
India,"PLFS Year (Jul - Jun), 2021",Female,Rural + Urban,15 years and above,51,45-99,0.2,0.3,0.2,0.1,0.0,0.0,0.0,0.1,0.0,0.2,6623.0,339.0
India,"PLFS Year (Jul - Jun), 2021",Female,Rural + Urban,15 years and above,41 & 51,01-99,11.3,10.6,5.1,2.8,1.6,2.1,0.3,0.4,1.6,6.8,291716.0,8268.0
India,"PLFS Year (Jul - Jun), 2021",Female,Rural + Urban,15 years and above,11-51,01-03,31.9,26.1,16.8,10.6,7.9,8.3,4.1,2.2,7.6,19.9,856463.0,27425.0
India,"PLFS Year (Jul - Jun), 2021",Female,Rural + Urban,15 years and above,11-51,01-99,40.4,39.2,27.3,19.9,18.2,46.3,25.8,36.8,22.5,31.7,1363393.0,49554.0
India,"PLFS Year (Jul - Jun), 2021",Female,Rural + Urban,15 years and above,11-51,05-43,5.0,7.6,6.0,4.6,3.8,6.0,2.9,2.6,3.8,5.2,224693.0,8448.0
India,"PLFS Year (Jul - Jun), 2021",Female,Rural + Urban,15 years and above,11-51,45-99,3.5,5.5,4.5,4.8,6.5,32.0,18.8,31.9,11.1,6.6,282237.0,13681.0
India,"PLFS Year (Jul - Jun), 2021",Female,Rural + Urban,15 years and above,81,,0.0,0.1,0.3,0.3,1.2,8.0,7.5,8.6,3.0,1.1,47032.0,2595.0
India,"PLFS Year (Jul - Jun), 2021",Female,Rural + Urban,15 years and above,11-81,,40.4,39.3,27.6,20.2,19.4,54.3,33.3,45.4,25.5,32.8,1410425.0,52149.0
India,"PLFS Year (Jul - Jun), 2021",Female,Rural + Urban,15 years and above,UR,,0.1,0.2,1.1,1.6,6.1,14.7,22.4,19.0,11.8,3.3,,
India,"PLFS Year (Jul - Jun), 2021",Female,Rural + Urban,15 years and above,91,,0.0,2.1,14.9,29.4,34.4,7.2,10.4,4.0,24.2,11.3,484704.0,20157.0
India,"PLFS Year (Jul - Jun), 2021",Female,Rural + Urban,15 years and above,92,,26.9,35.6,39.5,37.3,36.0,30.2,45.6,40.1,38.8,34.7,1491905.0,58398.0
India,"PLFS Year (Jul - Jun), 2021",Female,Rural + Urban,15 years and above,93,,17.0,17.3,15.2,10.5,8.9,4.7,8.5,7.5,9.2,14.1,606597.0,19790.0
India,"PLFS Year (Jul - Jun), 2021",Female,Rural + Urban,15 years and above,94,,10.1,4.4,2.1,2.2,1.1,3.3,1.8,2.8,1.8,4.9,209941.0,8294.0
India,"PLFS Year (Jul - Jun), 2021",Female,Rural + Urban,15 years and above,95,,2.2,0.7,0.4,0.3,0.1,0.3,0.1,0.1,0.1,0.9,40288.0,1487.0
India,"PLFS Year (Jul - Jun), 2021",Female,Rural + Urban,15 years and above,97,,3.3,0.6,0.3,0.2,0.1,0.0,0.2,0.1,0.2,1.2,53169.0,1740.0
India,"PLFS Year (Jul - Jun), 2021",Female,Rural + Urban,15 years and above,99,,0.0,0.0,0.0,0.0,0.0,0.0,0.0,0.0,0.0,0.0,0.0,0.0
India,"PLFS Year (Jul - Jun), 2021",Female,Rural + Urban,15 years and above,91-99,,59.6,60.7,72.4,79.8,80.6,45.7,66.7,54.6,74.5,67.2,2886603.0,109866.0
India,"PLFS Year (Jul - Jun), 2021",Female,Rural + Urban,15 years and above,11-99,,100.0,100.0,100.0,100.0,100.0,100.0,100.0,100.0,100.0,100.0,4297028.0,162015.0
India,"PLFS Year (Jul - Jun), 2021",Female,Rural + Urban,all ages,"11,12",01-03,5.3,3.0,3.6,2.6,1.7,3.5,1.1,0.7,1.8,3.6,203713.0,7853.0
India,"PLFS Year (Jul - Jun), 2021",Female,Rural + Urban,all ages,"11,12",01-96,6.8,5.2,7.2,5.8,5.3,10.1,4.8,4.6,5.4,6.1,347605.0,14435.0
India,"PLFS Year (Jul - Jun), 2021",Female,Rural + Urban,all ages,"11,12",05-43,0.9,1.5,2.7,2.4,2.2,2.7,1.3,0.7,2.0,1.6,91017.0,3644.0
India,"PLFS Year (Jul - Jun), 2021",Female,Rural + Urban,all ages,"11,12",45-96,0.7,0.6,0.9,0.8,1.4,3.9,2.4,3.3,1.6,0.9,52875.0,2938.0
India,"PLFS Year (Jul - Jun), 2021",Female,Rural + Urban,all ages,21,01-03,11.4,6.2,8.3,6.0,5.2,3.7,2.9,1.6,4.7,7.8,446243.0,14221.0
India,"PLFS Year (Jul - Jun), 2021",Female,Rural + Urban,all ages,21,01-96,12.1,6.9,9.4,7.3,6.6,6.6,4.2,2.8,6.0,8.8,501305.0,16453.0
India,"PLFS Year (Jul - Jun), 2021",Female,Rural + Urban,all ages,21,05-43,0.4,0.4,0.5,0.6,0.4,0.4,0.3,0.1,0.4,0.4,22294.0,809.0
India,"PLFS Year (Jul - Jun), 2021",Female,Rural + Urban,all ages,21,45-96,0.4,0.4,0.6,0.8,0.9,2.4,1.0,1.1,0.9,0.6,32768.0,1423.0
India,"PLFS Year (Jul - Jun), 2021",Female,Rural + Urban,all ages,11-21,01-03,16.7,9.2,11.9,8.5,6.9,7.3,4.0,2.2,6.5,11.4,649956.0,22074.0
India,"PLFS Year (Jul - Jun), 2021",Female,Rural + Urban,all ages,11-21,01-96,19.0,12.1,16.6,13.1,11.9,16.7,9.0,7.5,11.4,14.9,848910.0,30888.0
India,"PLFS Year (Jul - Jun), 2021",Female,Rural + Urban,all ages,11-21,05-43,1.2,1.9,3.1,3.0,2.6,3.1,1.5,0.8,2.4,2.0,113311.0,4453.0
India,"PLFS Year (Jul - Jun), 2021",Female,Rural + Urban,all ages,11-21,45-96,1.1,1.0,1.5,1.5,2.3,6.3,3.5,4.4,2.5,1.5,85644.0,4361.0
India,"PLFS Year (Jul - Jun), 2021",Female,Rural + Urban,all ages,31,01-03,0.2,0.1,0.1,0.0,0.0,0.2,0.0,0.0,0.0,0.1,5302.0,200.0
India,"PLFS Year (Jul - Jun), 2021",Female,Rural + Urban,all ages,31,01-99,1.7,2.0,3.1,3.9,4.8,27.5,16.6,29.0,9.5,4.0,226179.0,10488.0
India,"PLFS Year (Jul - Jun), 2021",Female,Rural + Urban,all ages,31,05-43,0.3,0.4,0.7,0.8,0.6,1.7,1.3,1.6,0.9,0.6,31686.0,1342.0
India,"PLFS Year (Jul - Jun), 2021",Female,Rural + Urban,all ages,31,45-99,1.2,1.5,2.3,3.1,4.1,25.6,15.3,27.3,8.5,3.3,189191.0,8946.0
India,"PLFS Year (Jul - Jun), 2021",Female,Rural + Urban,all ages,41,,0.8,0.7,0.9,0.5,0.4,1.3,0.1,0.2,0.3,0.7,37516.0,1446.0
India,"PLFS Year (Jul - Jun), 2021",Female,Rural + Urban,all ages,51,01-03,5.9,3.5,2.8,1.9,0.9,0.6,0.2,0.0,1.0,3.5,202008.0,5107.0
India,"PLFS Year (Jul - Jun), 2021",Female,Rural + Urban,all ages,51,01-99,7.3,4.5,3.7,2.3,1.2,0.9,0.2,0.2,1.3,4.5,254409.0,6827.0
India,"PLFS Year (Jul - Jun), 2021",Female,Rural + Urban,all ages,51,05-43,1.3,0.9,0.7,0.3,0.2,0.2,0.0,0.1,0.2,0.8,45778.0,1381.0
India,"PLFS Year (Jul - Jun), 2021",Female,Rural + Urban,all ages,51,45-99,0.1,0.2,0.1,0.1,0.0,0.0,0.0,0.1,0.0,0.1,6623.0,339.0
India,"PLFS Year (Jul - Jun), 2021",Female,Rural + Urban,all ages,41 & 51,01-99,8.1,5.2,4.6,2.8,1.6,2.1,0.3,0.4,1.6,5.1,291925.0,8273.0
India,"PLFS Year (Jul - Jun), 2021",Female,Rural + Urban,all ages,11-51,01-03,22.7,12.8,14.9,10.5,7.9,8.3,4.1,2.2,7.6,15.1,859491.0,27490.0
India,"PLFS Year (Jul - Jun), 2021",Female,Rural + Urban,all ages,11-51,01-99,28.7,19.3,24.2,19.8,18.2,46.3,25.8,36.8,22.5,24.0,1367015.0,49649.0
India,"PLFS Year (Jul - Jun), 2021",Female,Rural + Urban,all ages,11-51,05-43,3.5,3.7,5.3,4.5,3.8,6.0,2.9,2.6,3.8,4.0,225101.0,8466.0
India,"PLFS Year (Jul - Jun), 2021",Female,Rural + Urban,all ages,11-51,45-99,2.5,2.7,4.0,4.7,6.5,32.0,18.8,31.9,11.1,5.0,282423.0,13693.0
India,"PLFS Year (Jul - Jun), 2021",Female,Rural + Urban,all ages,81,,0.0,0.1,0.3,0.3,1.2,8.0,7.5,8.6,3.0,0.8,47233.0,2597.0
India,"PLFS Year (Jul - Jun), 2021",Female,Rural + Urban,all ages,11-81,,28.8,19.3,24.5,20.1,19.4,54.3,33.3,45.4,25.5,24.8,1414248.0,52246.0
India,"PLFS Year (Jul - Jun), 2021",Female,Rural + Urban,all ages,UR,,0.1,0.3,1.1,1.6,6.1,14.7,22.4,19.0,11.8,3.3,,
India,"PLFS Year (Jul - Jun), 2021",Female,Rural + Urban,all ages,91,,3.9,50.8,24.3,29.5,34.4,7.2,10.4,4.0,24.3,24.4,1390039.0,52804.0
India,"PLFS Year (Jul - Jun), 2021",Female,Rural + Urban,all ages,92,,19.3,17.7,35.2,37.2,36.0,30.2,45.6,40.1,38.8,26.4,1502253.0,58621.0
India,"PLFS Year (Jul - Jun), 2021",Female,Rural + Urban,all ages,93,,12.1,8.5,13.5,10.5,8.9,4.7,8.5,7.5,9.2,10.7,609047.0,19831.0
India,"PLFS Year (Jul - Jun), 2021",Female,Rural + Urban,all ages,94,,7.2,2.2,1.8,2.2,1.1,3.3,1.8,2.8,1.8,3.7,210008.0,8299.0
India,"PLFS Year (Jul - Jun), 2021",Female,Rural + Urban,all ages,95,,1.7,0.3,0.4,0.3,0.1,0.3,0.1,0.1,0.1,0.7,42083.0,1544.0
India,"PLFS Year (Jul - Jun), 2021",Female,Rural + Urban,all ages,97,,4.3,0.4,0.2,0.2,0.1,0.0,0.2,0.1,0.2,1.6,91500.0,2706.0
India,"PLFS Year (Jul - Jun), 2021",Female,Rural + Urban,all ages,99,,22.7,0.8,0.0,0.0,0.0,0.0,0.0,0.0,0.0,7.7,437692.0,14430.0
India,"PLFS Year (Jul - Jun), 2021",Female,Rural + Urban,all ages,91-99,,71.2,80.7,75.5,79.9,80.6,45.7,66.7,54.6,74.5,75.2,4282622.0,158235.0
India,"PLFS Year (Jul - Jun), 2021",Female,Rural + Urban,all ages,11-99,,100.0,100.0,100.0,100.0,100.0,100.0,100.0,100.0,100.0,100.0,5696870.0,210481.0
India,"PLFS Year (Jul - Jun), 2021",Persons,Rural + Urban,15-29 years,"11,12",01-03,5.1,4.1,3.0,1.7,1.7,1.8,1.9,0.9,1.7,2.5,76028.0,2436.0
India,"PLFS Year (Jul - Jun), 2021",Persons,Rural + Urban,15-29 years,"11,12",01-96,9.0,9.6,7.6,5.5,5.6,8.8,7.7,7.0,6.2,7.1,216958.0,8377.0
India,"PLFS Year (Jul - Jun), 2021",Persons,Rural + Urban,15-29 years,"11,12",05-43,2.1,2.5,2.0,1.6,1.3,2.4,1.1,1.0,1.4,1.7,51859.0,2069.0
India,"PLFS Year (Jul - Jun), 2021",Persons,Rural + Urban,15-29 years,"11,12",45-96,1.8,3.0,2.7,2.2,2.7,4.5,4.7,5.1,3.1,2.9,89071.0,3872.0
India,"PLFS Year (Jul - Jun), 2021",Persons,Rural + Urban,15-29 years,21,01-03,13.1,12.8,10.0,6.6,7.5,6.4,6.7,3.8,6.8,8.6,264547.0,8421.0
India,"PLFS Year (Jul - Jun), 2021",Persons,Rural + Urban,15-29 years,21,01-96,14.6,14.5,11.7,8.2,9.2,9.2,9.3,6.1,8.7,10.4,320719.0,10781.0
India,"PLFS Year (Jul - Jun), 2021",Persons,Rural + Urban,15-29 years,21,05-43,1.1,0.8,0.7,0.6,0.6,0.6,0.7,0.9,0.6,0.7,21013.0,833.0
India,"PLFS Year (Jul - Jun), 2021",Persons,Rural + Urban,15-29 years,21,45-96,0.5,0.9,1.1,0.9,1.2,2.2,1.9,1.5,1.3,1.1,35159.0,1527.0
India,"PLFS Year (Jul - Jun), 2021",Persons,Rural + Urban,15-29 years,11-21,01-03,18.1,16.9,12.9,8.4,9.2,8.2,8.5,4.6,8.5,11.1,340576.0,10857.0
India,"PLFS Year (Jul - Jun), 2021",Persons,Rural + Urban,15-29 years,11-21,01-96,23.6,24.1,19.3,13.6,14.8,17.9,17.0,13.2,14.9,17.5,537677.0,19158.0
India,"PLFS Year (Jul - Jun), 2021",Persons,Rural + Urban,15-29 years,11-21,05-43,3.2,3.3,2.7,2.2,1.9,3.1,1.8,1.9,2.0,2.4,72872.0,2902.0
India,"PLFS Year (Jul - Jun), 2021",Persons,Rural + Urban,15-29 years,11-21,45-96,2.3,3.9,3.7,3.1,3.8,6.7,6.6,6.6,4.4,4.0,124230.0,5399.0
India,"PLFS Year (Jul - Jun), 2021",Persons,Rural + Urban,15-29 years,31,01-03,0.4,0.4,0.2,0.1,0.1,0.2,0.1,0.0,0.1,0.2,4986.0,167.0
India,"PLFS Year (Jul - Jun), 2021",Persons,Rural + Urban,15-29 years,31,01-99,4.6,8.7,7.4,6.4,7.8,33.4,23.1,33.2,12.3,10.2,314866.0,12840.0
India,"PLFS Year (Jul - Jun), 2021",Persons,Rural + Urban,15-29 years,31,05-43,2.0,4.4,3.0,2.6,2.5,15.4,4.5,3.8,3.4,3.4,103161.0,3714.0
India,"PLFS Year (Jul - Jun), 2021",Persons,Rural + Urban,15-29 years,31,45-99,2.2,3.9,4.2,3.6,5.2,17.8,18.5,29.4,8.8,6.7,206718.0,8959.0
India,"PLFS Year (Jul - Jun), 2021",Persons,Rural + Urban,15-29 years,41,,0.4,0.4,0.3,0.1,0.2,0.0,0.1,0.0,0.1,0.2,6000.0,274.0
India,"PLFS Year (Jul - Jun), 2021",Persons,Rural + Urban,15-29 years,51,01-03,9.4,7.4,3.7,2.0,1.2,1.4,0.5,0.1,1.3,3.0,91877.0,2157.0
India,"PLFS Year (Jul - Jun), 2021",Persons,Rural + Urban,15-29 years,51,01-99,21.8,21.0,11.9,6.1,4.1,5.9,1.5,0.7,4.2,8.9,273377.0,8131.0
India,"PLFS Year (Jul - Jun), 2021",Persons,Rural + Urban,15-29 years,51,05-43,11.2,12.3,7.3,3.6,2.4,3.4,0.8,0.3,2.5,5.2,161001.0,5202.0
India,"PLFS Year (Jul - Jun), 2021",Persons,Rural + Urban,15-29 years,51,45-99,1.2,1.3,0.8,0.5,0.4,1.2,0.2,0.3,0.4,0.7,20500.0,772.0
India,"PLFS Year (Jul - Jun), 2021",Persons,Rural + Urban,15-29 years,41 & 51,01-99,22.2,21.4,12.1,6.2,4.2,6.0,1.6,0.7,4.3,9.1,279377.0,8405.0
India,"PLFS Year (Jul - Jun), 2021",Persons,Rural + Urban,15-29 years,11-51,01-03,27.9,24.7,16.8,10.4,10.4,9.7,9.1,4.8,9.9,14.2,437454.0,13182.0
India,"PLFS Year (Jul - Jun), 2021",Persons,Rural + Urban,15-29 years,11-51,01-99,50.4,54.2,38.8,26.2,26.8,57.3,41.7,47.0,31.5,36.8,1131920.0,40403.0
India,"PLFS Year (Jul - Jun), 2021",Persons,Rural + Urban,15-29 years,11-51,05-43,16.8,20.4,13.3,8.6,7.0,21.9,7.2,6.0,8.0,11.2,343018.0,12091.0
India,"PLFS Year (Jul - Jun), 2021",Persons,Rural + Urban,15-29 years,11-51,45-99,5.7,9.1,8.7,7.2,9.5,25.7,25.3,36.2,13.6,11.4,351448.0,15130.0
India,"PLFS Year (Jul - Jun), 2021",Persons,Rural + Urban,15-29 years,81,,1.8,2.3,2.9,2.4,3.7,17.8,17.3,18.5,7.1,5.2,160397.0,7004.0
India,"PLFS Year (Jul - Jun), 2021",Persons,Rural + Urban,15-29 years,11-81,,52.2,56.5,41.7,28.6,30.5,75.1,58.9,65.5,38.6,42.0,1292317.0,47407.0
India,"PLFS Year (Jul - Jun), 2021",Persons,Rural + Urban,15-29 years,UR,,3.4,4.0,6.9,8.3,12.1,23.7,29.3,28.2,18.4,12.4,,
India,"PLFS Year (Jul - Jun), 2021",Persons,Rural + Urban,15-29 years,91,,0.2,10.1,33.2,53.9,52.4,15.6,18.9,9.6,43.1,34.7,1068229.0,43865.0
India,"PLFS Year (Jul - Jun), 2021",Persons,Rural + Urban,15-29 years,92,,25.5,20.4,16.9,12.6,13.0,8.0,18.0,20.8,14.1,16.1,495358.0,17532.0
India,"PLFS Year (Jul - Jun), 2021",Persons,Rural + Urban,15-29 years,93,,15.5,11.2,7.0,4.2,3.8,0.9,3.7,3.9,3.8,6.1,186219.0,5823.0
India,"PLFS Year (Jul - Jun), 2021",Persons,Rural + Urban,15-29 years,94,,0.4,0.4,0.2,0.2,0.1,0.1,0.1,0.1,0.1,0.2,5266.0,152.0
India,"PLFS Year (Jul - Jun), 2021",Persons,Rural + Urban,15-29 years,95,,4.9,0.8,0.5,0.2,0.1,0.1,0.0,0.0,0.1,0.5,16091.0,648.0
India,"PLFS Year (Jul - Jun), 2021",Persons,Rural + Urban,15-29 years,97,,1.2,0.7,0.5,0.2,0.2,0.4,0.3,0.1,0.2,0.4,12828.0,494.0
India,"PLFS Year (Jul - Jun), 2021",Persons,Rural + Urban,15-29 years,99,,0.0,0.0,0.0,0.0,0.0,0.0,0.0,0.0,0.0,0.0,0.0,0.0
India,"PLFS Year (Jul - Jun), 2021",Persons,Rural + Urban,15-29 years,91-99,,47.8,43.5,58.3,71.4,69.5,24.9,41.1,34.5,61.4,58.0,1783992.0,68514.0
India,"PLFS Year (Jul - Jun), 2021",Persons,Rural + Urban,15-29 years,11-99,,100.0,100.0,100.0,100.0,100.0,100.0,100.0,100.0,100.0,100.0,3076309.0,115921.0
India,"PLFS Year (Jul - Jun), 2021",Persons,Rural + Urban,15 years and above,"11,12",01-03,14.9,14.6,11.7,8.9,6.4,4.1,5.0,3.1,6.6,10.9,947951.0,31398.0
India,"PLFS Year (Jul - Jun), 2021",Persons,Rural + Urban,15 years and above,"11,12",01-96,19.6,25.0,23.0,19.2,15.9,18.0,17.1,14.2,17.3,20.3,1758578.0,66507.0
India,"PLFS Year (Jul - Jun), 2021",Persons,Rural + Urban,15 years and above,"11,12",05-43,2.0,4.2,4.1,3.7,2.6,4.6,2.2,1.6,2.9,3.2,273660.0,11125.0
India,"PLFS Year (Jul - Jun), 2021",Persons,Rural + Urban,15 years and above,"11,12",45-96,2.8,6.2,7.1,6.7,6.9,9.2,9.9,9.4,7.8,6.2,536967.0,23984.0
India,"PLFS Year (Jul - Jun), 2021",Persons,Rural + Urban,15 years and above,21,01-03,11.3,8.5,7.9,5.7,6.6,4.2,4.6,2.3,5.5,7.8,678310.0,21431.0
India,"PLFS Year (Jul - Jun), 2021",Persons,Rural + Urban,15 years and above,21,01-96,12.2,9.8,9.2,7.2,8.4,6.7,6.8,4.0,7.2,9.2,797851.0,26460.0
India,"PLFS Year (Jul - Jun), 2021",Persons,Rural + Urban,15 years and above,21,05-43,0.4,0.5,0.5,0.5,0.5,0.5,0.5,0.4,0.5,0.5,42370.0,1649.0
India,"PLFS Year (Jul - Jun), 2021",Persons,Rural + Urban,15 years and above,21,45-96,0.4,0.7,0.8,1.0,1.3,1.9,1.6,1.3,1.3,0.9,77170.0,3380.0
India,"PLFS Year (Jul - Jun), 2021",Persons,Rural + Urban,15 years and above,11-21,01-03,26.2,23.2,19.6,14.6,13.0,8.4,9.6,5.4,12.1,18.8,1626261.0,52829.0
India,"PLFS Year (Jul - Jun), 2021",Persons,Rural + Urban,15 years and above,11-21,01-96,31.8,34.8,32.2,26.4,24.3,24.6,23.9,18.1,24.5,29.5,2556429.0,92967.0
India,"PLFS Year (Jul - Jun), 2021",Persons,Rural + Urban,15 years and above,11-21,05-43,2.4,4.7,4.6,4.2,3.1,5.1,2.7,2.0,3.4,3.7,316030.0,12774.0
India,"PLFS Year (Jul - Jun), 2021",Persons,Rural + Urban,15 years and above,11-21,45-96,3.2,6.9,8.0,7.6,8.2,11.2,11.5,10.7,9.0,7.1,614137.0,27364.0
India,"PLFS Year (Jul - Jun), 2021",Persons,Rural + Urban,15 years and above,31,01-03,0.3,0.3,0.2,0.1,0.1,0.1,0.1,0.1,0.1,0.2,19166.0,784.0
India,"PLFS Year (Jul - Jun), 2021",Persons,Rural + Urban,15 years and above,31,01-99,3.4,8.0,9.8,10.7,12.4,38.1,28.5,42.1,18.5,11.4,986899.0,43750.0
India,"PLFS Year (Jul - Jun), 2021",Persons,Rural + Urban,15 years and above,31,05-43,1.1,3.2,3.7,3.8,3.6,15.9,5.3,4.8,4.6,3.3,287915.0,11240.0
India,"PLFS Year (Jul - Jun), 2021",Persons,Rural + Urban,15 years and above,31,45-99,2.0,4.4,5.9,6.8,8.6,22.0,23.1,37.2,13.8,7.9,679818.0,31726.0
India,"PLFS Year (Jul - Jun), 2021",Persons,Rural + Urban,15 years and above,41,,0.9,0.9,0.6,0.3,0.2,0.3,0.1,0.1,0.2,0.6,49273.0,1970.0
India,"PLFS Year (Jul - Jun), 2021",Persons,Rural + Urban,15 years and above,51,01-03,9.7,8.1,4.1,2.3,1.3,1.3,0.4,0.2,1.4,5.0,433698.0,10771.0
India,"PLFS Year (Jul - Jun), 2021",Persons,Rural + Urban,15 years and above,51,01-99,16.6,18.7,12.7,7.6,4.4,5.4,1.5,0.6,4.6,11.4,990592.0,30012.0
India,"PLFS Year (Jul - Jun), 2021",Persons,Rural + Urban,15 years and above,51,05-43,6.3,9.4,7.6,4.6,2.7,3.1,0.9,0.3,2.8,5.7,491880.0,16662.0
India,"PLFS Year (Jul - Jun), 2021",Persons,Rural + Urban,15 years and above,51,45-99,0.6,1.2,1.1,0.7,0.5,1.0,0.2,0.1,0.5,0.8,65013.0,2579.0
India,"PLFS Year (Jul - Jun), 2021",Persons,Rural + Urban,15 years and above,41 & 51,01-99,17.5,19.6,13.3,7.9,4.7,5.8,1.6,0.7,4.8,12.0,1039865.0,31982.0
India,"PLFS Year (Jul - Jun), 2021",Persons,Rural + Urban,15 years and above,11-51,01-03,36.2,31.7,23.9,17.1,14.5,9.9,10.2,5.7,13.6,24.0,2081574.0,64503.0
India,"PLFS Year (Jul - Jun), 2021",Persons,Rural + Urban,15 years and above,11-51,01-99,52.8,62.4,55.3,45.0,41.3,68.5,53.9,60.9,47.8,52.9,4583192.0,168699.0
India,"PLFS Year (Jul - Jun), 2021",Persons,Rural + Urban,15 years and above,11-51,05-43,10.6,18.2,16.4,12.8,9.6,24.4,8.9,7.2,10.9,13.2,1141670.0,42479.0
India,"PLFS Year (Jul - Jun), 2021",Persons,Rural + Urban,15 years and above,11-51,45-99,5.9,12.6,14.9,15.1,17.2,34.2,34.8,48.0,23.3,15.7,1359949.0,61717.0
India,"PLFS Year (Jul - Jun), 2021",Persons,Rural + Urban,15 years and above,81,,0.2,0.6,1.5,1.6,2.8,10.2,9.4,7.8,4.5,2.2,193567.0,8724.0
India,"PLFS Year (Jul - Jun), 2021",Persons,Rural + Urban,15 years and above,11-81,,53.0,63.0,56.8,46.5,44.1,78.7,63.3,68.7,52.3,55.2,4776759.0,177423.0
India,"PLFS Year (Jul - Jun), 2021",Persons,Rural + Urban,15 years and above,UR,,0.4,1.0,2.6,3.4,6.3,13.0,14.9,11.4,8.6,4.1,,
India,"PLFS Year (Jul - Jun), 2021",Persons,Rural + Urban,15 years and above,91,,0.0,2.3,14.4,28.0,33.5,7.8,9.1,3.1,22.8,12.4,1070460.0,43985.0
India,"PLFS Year (Jul - Jun), 2021",Persons,Rural + Urban,15 years and above,92,,18.1,18.3,17.8,16.3,15.9,8.2,19.1,18.8,16.8,17.5,1517992.0,59666.0
India,"PLFS Year (Jul - Jun), 2021",Persons,Rural + Urban,15 years and above,93,,11.4,8.9,6.8,4.6,4.0,1.3,3.6,3.5,4.0,7.1,616751.0,20212.0
India,"PLFS Year (Jul - Jun), 2021",Persons,Rural + Urban,15 years and above,94,,10.7,5.0,2.7,3.5,2.0,3.6,4.3,5.4,3.4,5.2,451046.0,17997.0
India,"PLFS Year (Jul - Jun), 2021",Persons,Rural + Urban,15 years and above,95,,3.2,1.3,0.8,0.6,0.3,0.2,0.2,0.2,0.4,1.3,108642.0,3969.0
India,"PLFS Year (Jul - Jun), 2021",Persons,Rural + Urban,15 years and above,97,,3.7,1.2,0.7,0.5,0.3,0.3,0.3,0.3,0.4,1.3,115868.0,3829.0
India,"PLFS Year (Jul - Jun), 2021",Persons,Rural + Urban,15 years and above,99,,0.0,0.0,0.0,0.0,0.0,0.0,0.0,0.0,0.0,0.0,0.0,0.0
India,"PLFS Year (Jul - Jun), 2021",Persons,Rural + Urban,15 years and above,91-99,,47.0,37.0,43.2,53.5,55.9,21.3,36.7,31.3,47.7,44.8,3880758.0,149658.0
India,"PLFS Year (Jul - Jun), 2021",Persons,Rural + Urban,15 years and above,11-99,,100.0,100.0,100.0,100.0,100.0,100.0,100.0,100.0,100.0,100.0,8657517.0,327081.0
India,"PLFS Year (Jul - Jun), 2021",Persons,Rural + Urban,all ages,"11,12",01-03,9.6,6.9,10.5,8.8,6.4,4.1,5.0,3.1,6.6,8.2,948012.0,31401.0
India,"PLFS Year (Jul - Jun), 2021",Persons,Rural + Urban,all ages,"11,12",01-96,12.6,11.8,20.6,19.2,15.9,18.0,17.1,14.2,17.3,15.2,1758846.0,66517.0
India,"PLFS Year (Jul - Jun), 2021",Persons,Rural + Urban,all ages,"11,12",05-43,1.3,2.0,3.7,3.7,2.6,4.6,2.2,1.6,2.9,2.4,273717.0,11128.0
India,"PLFS Year (Jul - Jun), 2021",Persons,Rural + Urban,all ages,"11,12",45-96,1.8,2.9,6.4,6.7,6.9,9.2,9.9,9.4,7.8,4.6,537117.0,23988.0
India,"PLFS Year (Jul - Jun), 2021",Persons,Rural + Urban,all ages,21,01-03,7.3,4.1,7.1,5.7,6.6,4.2,4.6,2.3,5.5,5.9,683651.0,21563.0
India,"PLFS Year (Jul - Jun), 2021",Persons,Rural + Urban,all ages,21,01-96,7.9,4.7,8.3,7.2,8.4,6.7,6.8,4.0,7.2,6.9,804343.0,26634.0
India,"PLFS Year (Jul - Jun), 2021",Persons,Rural + Urban,all ages,21,05-43,0.3,0.3,0.5,0.5,0.5,0.5,0.5,0.4,0.5,0.4,42750.0,1665.0
India,"PLFS Year (Jul - Jun), 2021",Persons,Rural + Urban,all ages,21,45-96,0.3,0.3,0.8,1.0,1.3,1.9,1.6,1.3,1.3,0.7,77941.0,3406.0
India,"PLFS Year (Jul - Jun), 2021",Persons,Rural + Urban,all ages,11-21,01-03,16.9,11.0,17.6,14.6,13.0,8.4,9.6,5.4,12.1,14.1,1631663.0,52964.0
India,"PLFS Year (Jul - Jun), 2021",Persons,Rural + Urban,all ages,11-21,01-96,20.5,16.6,28.9,26.4,24.3,24.6,23.9,18.1,24.5,22.1,2563189.0,93151.0
India,"PLFS Year (Jul - Jun), 2021",Persons,Rural + Urban,all ages,11-21,05-43,1.6,2.2,4.2,4.2,3.1,5.1,2.7,2.0,3.4,2.7,316467.0,12793.0
India,"PLFS Year (Jul - Jun), 2021",Persons,Rural + Urban,all ages,11-21,45-96,2.1,3.3,7.1,7.6,8.2,11.2,11.5,10.7,9.0,5.3,615058.0,27394.0
India,"PLFS Year (Jul - Jun), 2021",Persons,Rural + Urban,all ages,31,01-03,0.2,0.2,0.2,0.1,0.1,0.1,0.1,0.1,0.1,0.2,19166.0,784.0
India,"PLFS Year (Jul - Jun), 2021",Persons,Rural + Urban,all ages,31,01-99,2.2,3.8,8.8,10.7,12.4,38.1,28.5,42.1,18.4,8.5,987327.0,43771.0
India,"PLFS Year (Jul - Jun), 2021",Persons,Rural + Urban,all ages,31,05-43,0.7,1.5,3.3,3.8,3.6,15.9,5.3,4.8,4.5,2.5,288054.0,11248.0
India,"PLFS Year (Jul - Jun), 2021",Persons,Rural + Urban,all ages,31,45-99,1.3,2.1,5.3,6.8,8.6,22.0,23.1,37.2,13.8,5.9,680107.0,31739.0
India,"PLFS Year (Jul - Jun), 2021",Persons,Rural + Urban,all ages,41,,0.6,0.4,0.5,0.3,0.2,0.3,0.1,0.1,0.2,0.4,49273.0,1970.0
India,"PLFS Year (Jul - Jun), 2021",Persons,Rural + Urban,all ages,51,01-03,6.2,3.8,3.7,2.3,1.3,1.3,0.4,0.2,1.4,3.7,434102.0,10781.0
India,"PLFS Year (Jul - Jun), 2021",Persons,Rural + Urban,all ages,51,01-99,10.7,8.8,11.4,7.6,4.4,5.4,1.5,0.6,4.6,8.6,991492.0,30034.0
India,"PLFS Year (Jul - Jun), 2021",Persons,Rural + Urban,all ages,51,05-43,4.0,4.4,6.8,4.6,2.7,3.1,0.9,0.3,2.8,4.3,492260.0,16669.0
India,"PLFS Year (Jul - Jun), 2021",Persons,Rural + Urban,all ages,51,45-99,0.4,0.6,0.9,0.7,0.5,1.0,0.2,0.1,0.5,0.6,65130.0,2584.0
India,"PLFS Year (Jul - Jun), 2021",Persons,Rural + Urban,all ages,41 & 51,01-99,11.3,9.3,11.9,7.9,4.7,5.8,1.6,0.7,4.8,9.0,1040764.0,32004.0
India,"PLFS Year (Jul - Jun), 2021",Persons,Rural + Urban,all ages,11-51,01-03,23.4,15.0,21.5,17.1,14.5,9.9,10.2,5.7,13.6,18.0,2087380.0,64648.0
India,"PLFS Year (Jul - Jun), 2021",Persons,Rural + Urban,all ages,11-51,01-99,34.0,29.6,49.6,44.9,41.3,68.5,53.9,60.9,47.8,39.6,4591281.0,168926.0
India,"PLFS Year (Jul - Jun), 2021",Persons,Rural + Urban,all ages,11-51,05-43,6.9,8.6,14.7,12.8,9.6,24.4,8.9,7.2,10.9,9.9,1142626.0,42513.0
India,"PLFS Year (Jul - Jun), 2021",Persons,Rural + Urban,all ages,11-51,45-99,3.8,6.0,13.4,15.0,17.2,34.2,34.8,48.0,23.3,11.8,1361275.0,61765.0
India,"PLFS Year (Jul - Jun), 2021",Persons,Rural + Urban,all ages,81,,0.1,0.3,1.3,1.6,2.8,10.2,9.4,7.8,4.5,1.7,194034.0,8739.0
India,"PLFS Year (Jul - Jun), 2021",Persons,Rural + Urban,all ages,11-81,,34.1,29.9,51.0,46.5,44.1,78.7,63.3,68.7,52.3,41.3,4785315.0,177665.0
India,"PLFS Year (Jul - Jun), 2021",Persons,Rural + Urban,all ages,UR,,0.4,1.0,2.6,3.4,6.3,13.0,14.9,11.4,8.6,4.1,,
India,"PLFS Year (Jul - Jun), 2021",Persons,Rural + Urban,all ages,91,,5.0,52.5,23.2,28.1,33.5,7.8,9.1,3.1,22.9,25.7,2980384.0,112619.0
India,"PLFS Year (Jul - Jun), 2021",Persons,Rural + Urban,all ages,92,,11.8,8.9,16.0,16.2,15.9,8.2,19.1,18.8,16.7,13.2,1531102.0,59968.0
India,"PLFS Year (Jul - Jun), 2021",Persons,Rural + Urban,all ages,93,,7.4,4.3,6.1,4.6,4.0,1.3,3.6,3.5,4.0,5.4,620209.0,20270.0
India,"PLFS Year (Jul - Jun), 2021",Persons,Rural + Urban,all ages,94,,6.9,2.4,2.4,3.5,2.0,3.6,4.3,5.4,3.4,3.9,451194.0,18005.0
India,"PLFS Year (Jul - Jun), 2021",Persons,Rural + Urban,all ages,95,,2.2,0.6,0.7,0.5,0.3,0.2,0.2,0.2,0.4,1.0,113741.0,4125.0
India,"PLFS Year (Jul - Jun), 2021",Persons,Rural + Urban,all ages,97,,4.8,0.7,0.6,0.5,0.3,0.3,0.3,0.3,0.4,1.7,200000.0,6004.0
India,"PLFS Year (Jul - Jun), 2021",Persons,Rural + Urban,all ages,99,,27.8,0.8,0.0,0.0,0.0,0.0,0.0,0.0,0.0,7.8,900312.0,29869.0
India,"PLFS Year (Jul - Jun), 2021",Persons,Rural + Urban,all ages,91-99,,65.9,70.1,49.0,53.5,55.9,21.3,36.7,31.3,47.7,58.7,6796941.0,250860.0
India,"PLFS Year (Jul - Jun), 2021",Persons,Rural + Urban,all ages,11-99,,100.0,100.0,100.0,100.0,100.0,100.0,100.0,100.0,100.0,100.0,11582256.0,428525.0
India,"PLFS Year (Jul - Jun), 2020",Male,Rural,15-29 years,"11,12",01-03,9.6,8.7,5.1,3.8,3.8,3.6,4.9,4.4,4.0,5.1,56195.0,1696.0
India,"PLFS Year (Jul - Jun), 2020",Male,Rural,15-29 years,"11,12",01-96,17.3,15.9,11.6,8.9,9.6,13.0,13.4,15.8,10.3,11.6,127887.0,4025.0
India,"PLFS Year (Jul - Jun), 2020",Male,Rural,15-29 years,"11,12",05-43,3.1,3.3,1.8,1.7,1.4,3.4,1.5,0.6,1.6,1.9,21095.0,618.0
India,"PLFS Year (Jul - Jun), 2020",Male,Rural,15-29 years,"11,12",45-96,4.6,3.9,4.7,3.4,4.4,5.9,7.0,10.9,4.7,4.6,50597.0,1711.0
India,"PLFS Year (Jul - Jun), 2020",Male,Rural,15-29 years,21,01-03,14.1,13.8,15.4,11.3,11.7,10.9,16.9,14.6,12.5,13.5,148899.0,4511.0
India,"PLFS Year (Jul - Jun), 2020",Male,Rural,15-29 years,21,01-96,17.0,15.9,17.7,12.6,13.5,12.6,19.5,16.3,14.3,15.5,170954.0,5125.0
India,"PLFS Year (Jul - Jun), 2020",Male,Rural,15-29 years,21,05-43,1.2,0.6,0.6,0.4,0.6,0.7,0.5,0.4,0.5,0.6,6226.0,195.0
India,"PLFS Year (Jul - Jun), 2020",Male,Rural,15-29 years,21,45-96,1.7,1.5,1.7,0.9,1.3,1.1,2.1,1.2,1.3,1.4,15829.0,419.0
India,"PLFS Year (Jul - Jun), 2020",Male,Rural,15-29 years,11-21,01-03,23.7,22.5,20.5,15.1,15.5,14.5,21.8,19.0,16.5,18.6,205094.0,6207.0
India,"PLFS Year (Jul - Jun), 2020",Male,Rural,15-29 years,11-21,01-96,34.2,31.7,29.4,21.5,23.1,25.6,32.9,32.1,24.5,27.1,298841.0,9150.0
India,"PLFS Year (Jul - Jun), 2020",Male,Rural,15-29 years,11-21,05-43,4.3,3.9,2.4,2.1,2.0,4.1,2.0,1.0,2.1,2.5,27321.0,813.0
India,"PLFS Year (Jul - Jun), 2020",Male,Rural,15-29 years,11-21,45-96,6.2,5.3,6.4,4.3,5.7,7.0,9.1,12.1,6.0,6.0,66426.0,2130.0
India,"PLFS Year (Jul - Jun), 2020",Male,Rural,15-29 years,31,01-03,0.2,0.5,0.4,0.2,0.3,0.1,0.5,2.0,0.3,0.4,4027.0,139.0
India,"PLFS Year (Jul - Jun), 2020",Male,Rural,15-29 years,31,01-99,5.6,9.0,7.3,7.3,8.7,31.1,18.8,29.1,11.3,9.7,106685.0,3566.0
India,"PLFS Year (Jul - Jun), 2020",Male,Rural,15-29 years,31,05-43,2.4,3.8,3.0,2.7,2.9,17.4,4.6,3.3,3.7,3.4,37740.0,1232.0
India,"PLFS Year (Jul - Jun), 2020",Male,Rural,15-29 years,31,45-99,3.0,4.7,4.0,4.3,5.5,13.7,13.7,23.8,7.3,5.9,64918.0,2195.0
India,"PLFS Year (Jul - Jun), 2020",Male,Rural,15-29 years,41,,0.0,0.4,0.1,0.1,0.2,0.2,0.1,0.0,0.1,0.1,1420.0,78.0
India,"PLFS Year (Jul - Jun), 2020",Male,Rural,15-29 years,51,01-03,20.7,13.1,7.2,3.8,2.0,3.9,1.6,0.5,2.6,5.9,64644.0,1418.0
India,"PLFS Year (Jul - Jun), 2020",Male,Rural,15-29 years,51,01-99,44.3,36.7,21.4,11.2,7.2,9.7,4.1,1.5,8.1,16.6,183345.0,5003.0
India,"PLFS Year (Jul - Jun), 2020",Male,Rural,15-29 years,51,05-43,22.6,22.3,13.1,6.6,4.7,4.7,2.2,0.9,4.9,9.9,109569.0,3258.0
India,"PLFS Year (Jul - Jun), 2020",Male,Rural,15-29 years,51,45-99,1.0,1.3,1.0,0.8,0.5,1.2,0.3,0.0,0.6,0.8,9131.0,327.0
India,"PLFS Year (Jul - Jun), 2020",Male,Rural,15-29 years,41 & 51,01-99,44.3,37.0,21.5,11.3,7.3,9.9,4.2,1.5,8.2,16.8,184764.0,5081.0
India,"PLFS Year (Jul - Jun), 2020",Male,Rural,15-29 years,11-51,01-03,44.6,36.1,28.1,19.1,17.8,18.5,23.9,21.5,19.5,24.9,273831.0,7766.0
India,"PLFS Year (Jul - Jun), 2020",Male,Rural,15-29 years,11-51,01-99,84.2,77.8,58.1,40.0,39.2,66.6,55.9,62.6,44.1,53.6,590291.0,17797.0
India,"PLFS Year (Jul - Jun), 2020",Male,Rural,15-29 years,11-51,05-43,29.4,30.3,18.6,11.5,9.7,26.2,8.8,5.3,10.7,16.0,175977.0,5378.0
India,"PLFS Year (Jul - Jun), 2020",Male,Rural,15-29 years,11-51,45-99,10.2,11.4,11.4,9.4,11.7,21.9,23.1,35.9,13.9,12.8,140483.0,4653.0
India,"PLFS Year (Jul - Jun), 2020",Male,Rural,15-29 years,81,,4.3,5.9,4.3,4.7,5.4,17.4,21.3,21.0,8.8,7.0,77116.0,2460.0
India,"PLFS Year (Jul - Jun), 2020",Male,Rural,15-29 years,11-81,,88.4,83.7,62.4,44.7,44.6,84.0,77.2,83.7,52.8,60.6,667407.0,20257.0
India,"PLFS Year (Jul - Jun), 2020",Male,Rural,15-29 years,UR,,4.8,7.1,6.8,10.5,12.0,20.7,27.6,25.1,16.6,11.6,,
India,"PLFS Year (Jul - Jun), 2020",Male,Rural,15-29 years,91,,0.4,11.9,35.3,54.0,54.2,14.5,20.9,16.1,45.8,37.0,407783.0,13870.0
India,"PLFS Year (Jul - Jun), 2020",Male,Rural,15-29 years,92,,1.5,0.7,0.7,0.5,0.4,0.6,0.5,0.0,0.5,0.6,6723.0,242.0
India,"PLFS Year (Jul - Jun), 2020",Male,Rural,15-29 years,93,,1.4,0.7,0.5,0.2,0.1,0.0,0.5,0.2,0.2,0.4,4374.0,109.0
India,"PLFS Year (Jul - Jun), 2020",Male,Rural,15-29 years,94,,0.2,0.1,0.0,0.0,0.0,0.0,0.0,0.0,0.0,0.0,355.0,17.0
India,"PLFS Year (Jul - Jun), 2020",Male,Rural,15-29 years,95,,5.9,1.3,0.5,0.1,0.2,0.2,0.3,0.0,0.2,0.6,6933.0,205.0
India,"PLFS Year (Jul - Jun), 2020",Male,Rural,15-29 years,97,,2.1,1.7,0.5,0.5,0.5,0.7,0.7,0.0,0.5,0.7,8059.0,230.0
India,"PLFS Year (Jul - Jun), 2020",Male,Rural,15-29 years,99,,0.0,0.0,0.0,0.0,0.0,0.0,0.0,0.0,0.0,0.0,0.0,0.0
India,"PLFS Year (Jul - Jun), 2020",Male,Rural,15-29 years,91-99,,11.6,16.3,37.6,55.3,55.4,16.0,22.8,16.3,47.2,39.4,434227.0,14673.0
India,"PLFS Year (Jul - Jun), 2020",Male,Rural,15-29 years,11-99,,100.0,100.0,100.0,100.0,100.0,100.0,100.0,100.0,100.0,100.0,1101634.0,34930.0
India,"PLFS Year (Jul - Jun), 2020",Male,Rural,15 years and above,"11,12",01-03,36.2,31.5,23.0,19.1,15.0,6.4,13.4,14.9,16.0,24.4,709652.0,21191.0
India,"PLFS Year (Jul - Jun), 2020",Male,Rural,15 years and above,"11,12",01-96,44.5,45.0,36.8,31.9,26.2,19.7,27.1,27.0,28.5,36.6,1062298.0,32453.0
India,"PLFS Year (Jul - Jun), 2020",Male,Rural,15 years and above,"11,12",05-43,2.8,5.0,4.3,3.8,2.8,4.1,2.8,0.9,3.2,3.7,107395.0,3265.0
India,"PLFS Year (Jul - Jun), 2020",Male,Rural,15 years and above,"11,12",45-96,5.6,8.4,9.5,9.0,8.5,9.1,10.9,11.2,9.3,8.4,245251.0,7997.0
India,"PLFS Year (Jul - Jun), 2020",Male,Rural,15 years and above,21,01-03,2.6,5.2,9.2,7.9,9.7,8.4,11.4,8.0,9.2,7.2,208644.0,6349.0
India,"PLFS Year (Jul - Jun), 2020",Male,Rural,15 years and above,21,01-96,2.9,5.9,10.5,8.9,11.2,10.0,13.1,9.3,10.5,8.2,237654.0,7168.0
India,"PLFS Year (Jul - Jun), 2020",Male,Rural,15 years and above,21,05-43,0.1,0.2,0.3,0.3,0.4,0.8,0.3,0.5,0.3,0.3,7898.0,252.0
India,"PLFS Year (Jul - Jun), 2020",Male,Rural,15 years and above,21,45-96,0.2,0.5,0.9,0.7,1.0,0.8,1.4,0.8,0.9,0.7,21112.0,567.0
India,"PLFS Year (Jul - Jun), 2020",Male,Rural,15 years and above,11-21,01-03,38.8,36.7,32.2,27.0,24.7,14.8,24.8,22.9,25.2,31.6,918296.0,27540.0
India,"PLFS Year (Jul - Jun), 2020",Male,Rural,15 years and above,11-21,01-96,47.5,50.9,47.3,40.8,37.4,29.6,40.2,36.3,39.0,44.8,1299952.0,39621.0
India,"PLFS Year (Jul - Jun), 2020",Male,Rural,15 years and above,11-21,05-43,2.9,5.2,4.7,4.1,3.2,4.9,3.1,1.4,3.5,4.0,115293.0,3517.0
India,"PLFS Year (Jul - Jun), 2020",Male,Rural,15 years and above,11-21,45-96,5.8,8.9,10.4,9.7,9.5,9.9,12.3,12.0,10.2,9.2,266363.0,8564.0
India,"PLFS Year (Jul - Jun), 2020",Male,Rural,15 years and above,31,01-03,0.7,0.7,0.6,0.4,0.5,0.1,0.7,0.9,0.5,0.6,16937.0,617.0
India,"PLFS Year (Jul - Jun), 2020",Male,Rural,15 years and above,31,01-99,3.1,6.8,8.3,10.5,12.6,34.2,28.0,41.9,16.6,10.2,296238.0,10609.0
India,"PLFS Year (Jul - Jun), 2020",Male,Rural,15 years and above,31,05-43,1.0,2.7,3.1,3.4,3.8,17.7,5.2,3.4,4.4,3.1,90172.0,3020.0
India,"PLFS Year (Jul - Jun), 2020",Male,Rural,15 years and above,31,45-99,1.4,3.4,4.6,6.7,8.3,16.4,22.1,37.6,11.8,6.5,189129.0,6972.0
India,"PLFS Year (Jul - Jun), 2020",Male,Rural,15 years and above,41,,0.3,0.3,0.2,0.1,0.2,0.1,0.1,0.3,0.1,0.2,5800.0,281.0
India,"PLFS Year (Jul - Jun), 2020",Male,Rural,15 years and above,51,01-03,15.4,12.1,7.5,4.7,2.3,3.8,1.5,0.2,3.1,8.2,237141.0,5565.0
India,"PLFS Year (Jul - Jun), 2020",Male,Rural,15 years and above,51,01-99,29.4,29.3,22.1,13.3,8.4,10.9,4.2,0.9,9.3,19.9,577977.0,15955.0
India,"PLFS Year (Jul - Jun), 2020",Male,Rural,15 years and above,51,05-43,13.2,16.0,13.4,7.7,5.6,5.8,2.6,0.6,5.7,10.9,315085.0,9528.0
India,"PLFS Year (Jul - Jun), 2020",Male,Rural,15 years and above,51,45-99,0.8,1.2,1.3,0.8,0.5,1.3,0.1,0.0,0.6,0.9,25751.0,862.0
India,"PLFS Year (Jul - Jun), 2020",Male,Rural,15 years and above,41 & 51,01-99,29.7,29.6,22.3,13.4,8.5,11.0,4.3,1.1,9.4,20.1,583777.0,16236.0
India,"PLFS Year (Jul - Jun), 2020",Male,Rural,15 years and above,11-51,01-03,54.8,49.5,40.3,32.1,27.6,18.7,27.0,24.0,28.8,40.4,1172477.0,33727.0
India,"PLFS Year (Jul - Jun), 2020",Male,Rural,15 years and above,11-51,01-99,80.3,87.2,77.9,64.6,58.6,74.9,72.5,79.3,65.0,75.1,2179967.0,66466.0
India,"PLFS Year (Jul - Jun), 2020",Male,Rural,15 years and above,11-51,05-43,17.4,24.3,21.3,15.3,12.8,28.5,10.9,5.6,13.7,18.1,526009.0,16337.0
India,"PLFS Year (Jul - Jun), 2020",Male,Rural,15 years and above,11-51,45-99,8.1,13.5,16.3,17.2,18.3,27.6,34.6,49.6,22.5,16.6,481481.0,16402.0
India,"PLFS Year (Jul - Jun), 2020",Male,Rural,15 years and above,81,,0.4,1.6,2.1,2.8,3.8,12.3,12.4,8.9,5.5,3.0,86990.0,2786.0
India,"PLFS Year (Jul - Jun), 2020",Male,Rural,15 years and above,11-81,,80.7,88.8,80.0,67.4,62.4,87.2,85.0,88.2,70.6,78.1,2266957.0,69252.0
India,"PLFS Year (Jul - Jun), 2020",Male,Rural,15 years and above,UR,,0.5,1.8,2.6,4.2,6.1,14.1,14.7,10.1,7.8,3.8,,
India,"PLFS Year (Jul - Jun), 2020",Male,Rural,15 years and above,91,,0.1,3.0,15.6,28.3,34.4,8.9,11.0,5.9,25.5,14.1,408928.0,13902.0
India,"PLFS Year (Jul - Jun), 2020",Male,Rural,15 years and above,92,,0.9,0.6,0.5,0.4,0.4,0.6,0.4,0.1,0.4,0.6,16092.0,574.0
India,"PLFS Year (Jul - Jun), 2020",Male,Rural,15 years and above,93,,0.5,0.3,0.3,0.1,0.1,0.1,0.3,0.1,0.1,0.3,8030.0,235.0
India,"PLFS Year (Jul - Jun), 2020",Male,Rural,15 years and above,94,,10.4,4.5,1.9,2.5,1.9,2.3,2.1,4.6,2.3,4.2,121982.0,3665.0
India,"PLFS Year (Jul - Jun), 2020",Male,Rural,15 years and above,95,,3.4,1.4,0.8,0.5,0.3,0.2,0.4,0.1,0.4,1.3,36820.0,1160.0
India,"PLFS Year (Jul - Jun), 2020",Male,Rural,15 years and above,97,,4.0,1.4,0.9,0.7,0.5,0.7,0.8,0.9,0.7,1.5,44192.0,1177.0
India,"PLFS Year (Jul - Jun), 2020",Male,Rural,15 years and above,99,,0.0,0.0,0.0,0.0,0.0,0.0,0.0,0.0,0.0,0.0,0.0,0.0
India,"PLFS Year (Jul - Jun), 2020",Male,Rural,15 years and above,91-99,,19.3,11.2,20.0,32.6,37.6,12.8,15.0,11.8,29.4,21.9,636044.0,20713.0
India,"PLFS Year (Jul - Jun), 2020",Male,Rural,15 years and above,11-99,,100.0,100.0,100.0,100.0,100.0,100.0,100.0,100.0,100.0,100.0,2903001.0,89965.0
India,"PLFS Year (Jul - Jun), 2020",Male,Rural,all ages,"11,12",01-03,21.5,14.6,20.7,19.0,15.0,6.4,13.4,14.9,16.0,17.8,709849.0,21195.0
India,"PLFS Year (Jul - Jun), 2020",Male,Rural,all ages,"11,12",01-96,26.4,20.8,33.0,31.7,26.2,19.7,27.1,27.0,28.4,26.7,1062527.0,32460.0
India,"PLFS Year (Jul - Jun), 2020",Male,Rural,all ages,"11,12",05-43,1.6,2.3,3.9,3.8,2.8,4.1,2.8,0.9,3.2,2.7,107425.0,3266.0
India,"PLFS Year (Jul - Jun), 2020",Male,Rural,all ages,"11,12",45-96,3.3,3.9,8.5,8.9,8.5,9.1,10.9,11.2,9.3,6.2,245254.0,7999.0
India,"PLFS Year (Jul - Jun), 2020",Male,Rural,all ages,21,01-03,1.6,2.5,8.4,7.9,9.7,8.4,11.4,8.0,9.2,5.3,211638.0,6438.0
India,"PLFS Year (Jul - Jun), 2020",Male,Rural,all ages,21,01-96,1.8,2.9,9.6,8.9,11.2,10.0,13.1,9.3,10.5,6.1,241353.0,7270.0
India,"PLFS Year (Jul - Jun), 2020",Male,Rural,all ages,21,05-43,0.1,0.1,0.3,0.3,0.4,0.8,0.3,0.5,0.3,0.2,8000.0,254.0
India,"PLFS Year (Jul - Jun), 2020",Male,Rural,all ages,21,45-96,0.2,0.2,0.9,0.7,1.0,0.8,1.4,0.8,0.9,0.5,21715.0,578.0
India,"PLFS Year (Jul - Jun), 2020",Male,Rural,all ages,11-21,01-03,23.1,17.1,29.0,26.9,24.7,14.8,24.8,22.9,25.2,23.1,921487.0,27633.0
India,"PLFS Year (Jul - Jun), 2020",Male,Rural,all ages,11-21,01-96,28.3,23.6,42.6,40.6,37.4,29.6,40.2,36.3,38.9,32.7,1303880.0,39730.0
India,"PLFS Year (Jul - Jun), 2020",Male,Rural,all ages,11-21,05-43,1.7,2.4,4.2,4.0,3.2,4.9,3.1,1.4,3.5,2.9,115425.0,3520.0
India,"PLFS Year (Jul - Jun), 2020",Male,Rural,all ages,11-21,45-96,3.5,4.1,9.4,9.7,9.5,9.9,12.3,12.0,10.2,6.7,266969.0,8577.0
India,"PLFS Year (Jul - Jun), 2020",Male,Rural,all ages,31,01-03,0.4,0.3,0.5,0.4,0.5,0.1,0.7,0.9,0.5,0.4,16937.0,617.0
India,"PLFS Year (Jul - Jun), 2020",Male,Rural,all ages,31,01-99,1.9,3.1,7.4,10.4,12.6,34.2,28.0,41.9,16.6,7.4,296381.0,10613.0
India,"PLFS Year (Jul - Jun), 2020",Male,Rural,all ages,31,05-43,0.6,1.3,2.8,3.4,3.8,17.7,5.2,3.4,4.4,2.3,90237.0,3021.0
India,"PLFS Year (Jul - Jun), 2020",Male,Rural,all ages,31,45-99,0.8,1.6,4.2,6.7,8.3,16.4,22.1,37.6,11.7,4.7,189207.0,6975.0
India,"PLFS Year (Jul - Jun), 2020",Male,Rural,all ages,41,,0.2,0.1,0.1,0.1,0.2,0.1,0.1,0.3,0.1,0.1,5814.0,282.0
India,"PLFS Year (Jul - Jun), 2020",Male,Rural,all ages,51,01-03,9.1,5.6,6.8,4.7,2.3,3.8,1.5,0.2,3.1,6.0,237638.0,5576.0
India,"PLFS Year (Jul - Jun), 2020",Male,Rural,all ages,51,01-99,17.5,13.6,19.9,13.2,8.4,10.9,4.2,0.9,9.3,14.5,578990.0,15973.0
India,"PLFS Year (Jul - Jun), 2020",Male,Rural,all ages,51,05-43,7.9,7.4,12.0,7.7,5.6,5.8,2.6,0.6,5.7,7.9,315601.0,9535.0
India,"PLFS Year (Jul - Jun), 2020",Male,Rural,all ages,51,45-99,0.5,0.5,1.1,0.8,0.5,1.3,0.1,0.0,0.6,0.6,25751.0,862.0
India,"PLFS Year (Jul - Jun), 2020",Male,Rural,all ages,41 & 51,01-99,17.6,13.7,20.0,13.3,8.5,11.0,4.3,1.1,9.4,14.7,584804.0,16255.0
India,"PLFS Year (Jul - Jun), 2020",Male,Rural,all ages,11-51,01-03,32.6,23.0,36.3,32.0,27.6,18.7,27.0,24.0,28.8,29.5,1176164.0,33831.0
India,"PLFS Year (Jul - Jun), 2020",Male,Rural,all ages,11-51,01-99,47.7,40.5,70.1,64.4,58.6,74.9,72.5,79.3,64.9,54.9,2185066.0,66598.0
India,"PLFS Year (Jul - Jun), 2020",Male,Rural,all ages,11-51,05-43,10.3,11.2,19.1,15.2,12.8,28.5,10.9,5.6,13.7,13.2,526737.0,16349.0
India,"PLFS Year (Jul - Jun), 2020",Male,Rural,all ages,11-51,45-99,4.8,6.2,14.7,17.2,18.3,27.6,34.6,49.6,22.5,12.1,482164.0,16418.0
India,"PLFS Year (Jul - Jun), 2020",Male,Rural,all ages,81,,0.3,0.7,1.9,2.8,3.8,12.3,12.4,8.9,5.5,2.2,87637.0,2794.0
India,"PLFS Year (Jul - Jun), 2020",Male,Rural,all ages,11-81,,48.0,41.2,72.0,67.2,62.4,87.2,85.0,88.2,70.5,57.1,2272703.0,69392.0
India,"PLFS Year (Jul - Jun), 2020",Male,Rural,all ages,UR,,0.6,1.8,2.6,4.2,6.1,14.1,14.7,10.1,7.8,3.9,,
India,"PLFS Year (Jul - Jun), 2020",Male,Rural,all ages,91,,4.2,53.3,23.9,28.6,34.4,8.9,11.0,5.9,25.6,28.0,1114421.0,34736.0
India,"PLFS Year (Jul - Jun), 2020",Male,Rural,all ages,92,,0.6,0.4,0.5,0.4,0.4,0.6,0.4,0.1,0.4,0.5,18813.0,630.0
India,"PLFS Year (Jul - Jun), 2020",Male,Rural,all ages,93,,0.3,0.2,0.3,0.1,0.1,0.1,0.3,0.1,0.1,0.2,8893.0,248.0
India,"PLFS Year (Jul - Jun), 2020",Male,Rural,all ages,94,,6.2,2.1,1.7,2.5,1.9,2.3,2.1,4.6,2.3,3.1,122014.0,3669.0
India,"PLFS Year (Jul - Jun), 2020",Male,Rural,all ages,95,,2.2,0.7,0.7,0.5,0.3,0.2,0.4,0.1,0.4,1.0,39035.0,1213.0
India,"PLFS Year (Jul - Jun), 2020",Male,Rural,all ages,97,,5.7,1.7,0.9,0.7,0.5,0.7,0.8,0.9,0.7,2.2,88271.0,2109.0
India,"PLFS Year (Jul - Jun), 2020",Male,Rural,all ages,99,,32.7,0.4,0.0,0.0,0.0,0.0,0.0,0.0,0.0,8.0,319378.0,8805.0
India,"PLFS Year (Jul - Jun), 2020",Male,Rural,all ages,91-99,,52.0,58.8,28.0,32.8,37.6,12.8,15.0,11.8,29.5,42.9,1710825.0,51410.0
India,"PLFS Year (Jul - Jun), 2020",Male,Rural,all ages,11-99,,100.0,100.0,100.0,100.0,100.0,100.0,100.0,100.0,100.0,100.0,3983528.0,120802.0
India,"PLFS Year (Jul - Jun), 2020",Female,Rural,15-29 years,"11,12",01-03,2.5,2.0,1.4,0.7,0.7,0.8,0.9,0.8,0.8,1.3,12847.0,559.0
India,"PLFS Year (Jul - Jun), 2020",Female,Rural,15-29 years,"11,12",01-96,3.5,4.6,3.4,2.3,2.8,4.8,3.9,5.0,2.9,3.3,33739.0,1300.0
India,"PLFS Year (Jul - Jun), 2020",Female,Rural,15-29 years,"11,12",05-43,0.7,2.5,1.6,1.3,1.3,1.4,1.6,0.8,1.4,1.5,15390.0,520.0
India,"PLFS Year (Jul - Jun), 2020",Female,Rural,15-29 years,"11,12",45-96,0.3,0.1,0.4,0.2,0.8,2.5,1.4,3.4,0.8,0.5,5502.0,221.0
India,"PLFS Year (Jul - Jun), 2020",Female,Rural,15-29 years,21,01-03,17.8,12.6,11.2,6.3,5.5,4.5,4.5,6.8,5.7,9.2,93521.0,2950.0
India,"PLFS Year (Jul - Jun), 2020",Female,Rural,15-29 years,21,01-96,18.4,13.7,12.0,6.9,6.1,4.6,5.3,6.8,6.3,9.9,100934.0,3153.0
India,"PLFS Year (Jul - Jun), 2020",Female,Rural,15-29 years,21,05-43,0.1,0.7,0.4,0.4,0.3,0.0,0.3,0.0,0.3,0.4,3930.0,100.0
India,"PLFS Year (Jul - Jun), 2020",Female,Rural,15-29 years,21,45-96,0.4,0.4,0.4,0.2,0.3,0.1,0.6,0.0,0.3,0.3,3483.0,103.0
India,"PLFS Year (Jul - Jun), 2020",Female,Rural,15-29 years,11-21,01-03,20.3,14.5,12.6,7.0,6.2,5.3,5.3,7.6,6.4,10.4,106368.0,3509.0
India,"PLFS Year (Jul - Jun), 2020",Female,Rural,15-29 years,11-21,01-96,21.8,18.3,15.4,9.1,8.9,9.4,9.2,11.8,9.2,13.2,134673.0,4453.0
India,"PLFS Year (Jul - Jun), 2020",Female,Rural,15-29 years,11-21,05-43,0.8,3.2,2.0,1.7,1.7,1.4,1.9,0.8,1.7,1.9,19320.0,620.0
India,"PLFS Year (Jul - Jun), 2020",Female,Rural,15-29 years,11-21,45-96,0.7,0.6,0.8,0.4,1.0,2.6,1.9,3.4,1.0,0.9,8985.0,324.0
India,"PLFS Year (Jul - Jun), 2020",Female,Rural,15-29 years,31,01-03,0.4,0.2,0.1,0.0,0.1,1.2,0.0,0.1,0.1,0.1,1376.0,56.0
India,"PLFS Year (Jul - Jun), 2020",Female,Rural,15-29 years,31,01-99,0.7,1.1,0.7,1.1,2.0,18.1,6.4,16.8,3.3,2.1,21180.0,791.0
India,"PLFS Year (Jul - Jun), 2020",Female,Rural,15-29 years,31,05-43,0.0,0.2,0.2,0.2,0.5,0.9,0.6,0.2,0.4,0.3,2948.0,105.0
India,"PLFS Year (Jul - Jun), 2020",Female,Rural,15-29 years,31,45-99,0.2,0.6,0.3,1.0,1.5,15.9,5.8,16.5,2.9,1.7,16857.0,630.0
India,"PLFS Year (Jul - Jun), 2020",Female,Rural,15-29 years,41,,0.5,0.2,0.4,0.3,0.2,0.3,0.1,0.0,0.2,0.3,2809.0,99.0
India,"PLFS Year (Jul - Jun), 2020",Female,Rural,15-29 years,51,01-03,9.0,8.3,3.5,2.1,1.2,0.8,0.7,0.4,1.4,3.6,36475.0,812.0
India,"PLFS Year (Jul - Jun), 2020",Female,Rural,15-29 years,51,01-99,12.6,10.5,4.7,2.5,1.4,0.9,0.9,0.4,1.7,4.6,47371.0,1066.0
India,"PLFS Year (Jul - Jun), 2020",Female,Rural,15-29 years,51,05-43,3.5,2.2,1.1,0.3,0.2,0.1,0.1,0.0,0.2,1.0,10374.0,234.0
India,"PLFS Year (Jul - Jun), 2020",Female,Rural,15-29 years,51,45-99,0.1,0.0,0.0,0.1,0.1,0.0,0.1,0.0,0.1,0.1,522.0,20.0
India,"PLFS Year (Jul - Jun), 2020",Female,Rural,15-29 years,41 & 51,01-99,13.1,10.7,5.0,2.8,1.6,1.2,0.9,0.4,1.9,4.9,50179.0,1165.0
India,"PLFS Year (Jul - Jun), 2020",Female,Rural,15-29 years,11-51,01-03,29.7,23.1,16.3,9.1,7.5,7.6,6.0,8.1,7.9,14.1,144262.0,4380.0
India,"PLFS Year (Jul - Jun), 2020",Female,Rural,15-29 years,11-51,01-99,35.7,30.1,21.1,13.0,12.6,28.7,16.5,29.0,14.3,20.2,206032.0,6409.0
India,"PLFS Year (Jul - Jun), 2020",Female,Rural,15-29 years,11-51,05-43,4.9,5.8,3.7,2.5,2.5,2.5,2.7,1.0,2.5,3.5,35406.0,1055.0
India,"PLFS Year (Jul - Jun), 2020",Female,Rural,15-29 years,11-51,45-99,1.1,1.2,1.1,1.4,2.6,18.6,7.8,19.9,4.0,2.6,26364.0,974.0
India,"PLFS Year (Jul - Jun), 2020",Female,Rural,15-29 years,81,,0.2,0.3,0.4,0.5,1.2,15.2,9.6,16.5,3.2,1.8,18394.0,770.0
India,"PLFS Year (Jul - Jun), 2020",Female,Rural,15-29 years,11-81,,35.9,30.4,21.4,13.6,13.7,43.8,26.1,45.5,17.6,22.0,224427.0,7179.0
India,"PLFS Year (Jul - Jun), 2020",Female,Rural,15-29 years,UR,,0.6,0.9,1.6,3.9,8.5,34.6,36.9,36.3,18.4,8.2,,
India,"PLFS Year (Jul - Jun), 2020",Female,Rural,15-29 years,91,,0.5,9.9,28.7,50.2,49.1,19.9,21.7,10.8,42.7,30.8,314334.0,10742.0
India,"PLFS Year (Jul - Jun), 2020",Female,Rural,15-29 years,92,,32.9,37.6,31.6,24.7,24.9,30.4,38.7,35.8,27.8,30.6,312110.0,8972.0
India,"PLFS Year (Jul - Jun), 2020",Female,Rural,15-29 years,93,,27.1,20.7,17.5,10.9,11.9,5.9,12.9,7.9,11.4,15.7,160448.0,4179.0
India,"PLFS Year (Jul - Jun), 2020",Female,Rural,15-29 years,94,,0.1,0.4,0.2,0.3,0.2,0.0,0.2,0.0,0.2,0.2,2436.0,65.0
India,"PLFS Year (Jul - Jun), 2020",Female,Rural,15-29 years,95,,2.6,0.5,0.2,0.1,0.1,0.0,0.0,0.0,0.1,0.4,4025.0,127.0
India,"PLFS Year (Jul - Jun), 2020",Female,Rural,15-29 years,97,,1.0,0.5,0.4,0.2,0.2,0.0,0.3,0.0,0.2,0.4,3775.0,115.0
India,"PLFS Year (Jul - Jun), 2020",Female,Rural,15-29 years,99,,0.0,0.0,0.0,0.0,0.0,0.0,0.0,0.0,0.0,0.0,0.0,0.0
India,"PLFS Year (Jul - Jun), 2020",Female,Rural,15-29 years,91-99,,64.1,69.6,78.6,86.4,86.3,56.2,73.9,54.5,82.4,78.0,797129.0,24200.0
India,"PLFS Year (Jul - Jun), 2020",Female,Rural,15-29 years,11-99,,100.0,100.0,100.0,100.0,100.0,100.0,100.0,100.0,100.0,100.0,1021555.0,31379.0
India,"PLFS Year (Jul - Jun), 2020",Female,Rural,15 years and above,"11,12",01-03,7.2,6.8,4.6,2.8,2.5,3.4,1.5,1.7,2.4,5.4,155805.0,6213.0
India,"PLFS Year (Jul - Jun), 2020",Female,Rural,15 years and above,"11,12",01-96,8.6,10.2,7.7,5.8,5.3,10.2,4.6,5.5,5.5,7.9,227284.0,8718.0
India,"PLFS Year (Jul - Jun), 2020",Female,Rural,15 years and above,"11,12",05-43,0.8,2.4,2.1,2.1,1.8,3.8,1.6,1.0,1.9,1.6,46939.0,1526.0
India,"PLFS Year (Jul - Jun), 2020",Female,Rural,15 years and above,"11,12",45-96,0.5,1.0,1.0,0.9,1.0,2.9,1.5,2.8,1.1,0.8,24540.0,979.0
India,"PLFS Year (Jul - Jun), 2020",Female,Rural,15 years and above,21,01-03,19.5,15.3,13.2,8.8,6.5,5.0,5.1,5.2,7.1,14.3,413421.0,12869.0
India,"PLFS Year (Jul - Jun), 2020",Female,Rural,15 years and above,21,01-96,20.2,16.7,14.2,9.7,7.3,5.6,6.2,5.4,8.0,15.3,440837.0,13686.0
India,"PLFS Year (Jul - Jun), 2020",Female,Rural,15 years and above,21,05-43,0.4,0.7,0.4,0.3,0.3,0.0,0.4,0.0,0.3,0.4,12021.0,308.0
India,"PLFS Year (Jul - Jun), 2020",Female,Rural,15 years and above,21,45-96,0.4,0.7,0.7,0.6,0.4,0.5,0.7,0.2,0.5,0.5,15395.0,509.0
India,"PLFS Year (Jul - Jun), 2020",Female,Rural,15 years and above,11-21,01-03,26.7,22.1,17.8,11.6,9.0,8.5,6.6,6.9,9.6,19.7,569226.0,19082.0
India,"PLFS Year (Jul - Jun), 2020",Female,Rural,15 years and above,11-21,01-96,28.8,26.9,21.9,15.4,12.5,15.7,10.8,10.9,13.5,23.1,668121.0,22404.0
India,"PLFS Year (Jul - Jun), 2020",Female,Rural,15 years and above,11-21,05-43,1.2,3.1,2.5,2.4,2.1,3.9,2.0,1.0,2.2,2.0,58960.0,1834.0
India,"PLFS Year (Jul - Jun), 2020",Female,Rural,15 years and above,11-21,45-96,0.9,1.7,1.6,1.4,1.4,3.4,2.2,2.9,1.7,1.4,39935.0,1488.0
India,"PLFS Year (Jul - Jun), 2020",Female,Rural,15 years and above,31,01-03,0.4,0.5,0.2,0.1,0.1,0.7,0.1,0.2,0.1,0.3,8896.0,287.0
India,"PLFS Year (Jul - Jun), 2020",Female,Rural,15 years and above,31,01-99,1.3,2.5,2.6,4.2,4.6,22.5,11.8,26.7,6.9,3.3,93933.0,3440.0
India,"PLFS Year (Jul - Jun), 2020",Female,Rural,15 years and above,31,05-43,0.1,0.6,0.6,0.5,0.6,1.4,0.6,0.1,0.5,0.4,11663.0,376.0
India,"PLFS Year (Jul - Jun), 2020",Female,Rural,15 years and above,31,45-99,0.8,1.4,1.9,3.6,3.9,20.3,11.1,26.5,6.3,2.5,73374.0,2777.0
India,"PLFS Year (Jul - Jun), 2020",Female,Rural,15 years and above,41,,1.3,1.6,1.1,0.6,0.6,1.1,0.2,0.1,0.5,1.1,32211.0,1146.0
India,"PLFS Year (Jul - Jun), 2020",Female,Rural,15 years and above,51,01-03,10.2,9.3,4.9,3.1,1.4,0.4,0.6,0.3,1.9,6.9,198459.0,4850.0
India,"PLFS Year (Jul - Jun), 2020",Female,Rural,15 years and above,51,01-99,12.0,11.6,6.1,3.6,1.6,0.8,0.8,0.3,2.2,8.3,238791.0,5982.0
India,"PLFS Year (Jul - Jun), 2020",Female,Rural,15 years and above,51,05-43,1.8,2.0,1.1,0.4,0.2,0.0,0.1,0.0,0.2,1.3,37148.0,1022.0
India,"PLFS Year (Jul - Jun), 2020",Female,Rural,15 years and above,51,45-99,0.1,0.3,0.1,0.1,0.1,0.3,0.1,0.0,0.1,0.1,3185.0,110.0
India,"PLFS Year (Jul - Jun), 2020",Female,Rural,15 years and above,41 & 51,01-99,13.3,13.2,7.2,4.2,2.1,1.9,0.9,0.5,2.7,9.4,271002.0,7128.0
India,"PLFS Year (Jul - Jun), 2020",Female,Rural,15 years and above,11-51,01-03,37.3,32.1,23.0,14.8,10.5,10.0,7.4,7.4,11.6,27.0,778576.0,24314.0
India,"PLFS Year (Jul - Jun), 2020",Female,Rural,15 years and above,11-51,01-99,43.5,42.6,31.7,23.8,19.3,40.0,23.5,38.1,23.1,35.8,1033056.0,32972.0
India,"PLFS Year (Jul - Jun), 2020",Female,Rural,15 years and above,11-51,05-43,4.4,7.2,5.1,3.8,3.4,6.0,2.8,1.2,3.4,4.8,137542.0,4256.0
India,"PLFS Year (Jul - Jun), 2020",Female,Rural,15 years and above,11-51,45-99,1.8,3.3,3.6,5.1,5.4,24.0,13.4,29.4,8.0,4.1,116938.0,4402.0
India,"PLFS Year (Jul - Jun), 2020",Female,Rural,15 years and above,81,,0.0,0.1,0.2,0.4,1.0,10.0,8.0,11.8,2.6,0.8,21789.0,952.0
India,"PLFS Year (Jul - Jun), 2020",Female,Rural,15 years and above,11-81,,43.5,42.7,31.9,24.2,20.3,50.1,31.5,49.8,25.7,36.5,1054846.0,33924.0
India,"PLFS Year (Jul - Jun), 2020",Female,Rural,15 years and above,UR,,0.1,0.2,0.8,1.5,4.8,20.1,25.3,23.6,10.0,2.1,,
India,"PLFS Year (Jul - Jun), 2020",Female,Rural,15 years and above,91,,0.2,2.6,15.0,31.7,36.4,11.4,15.2,6.8,29.0,10.9,316079.0,10790.0
India,"PLFS Year (Jul - Jun), 2020",Female,Rural,15 years and above,92,,23.4,31.1,32.8,30.0,28.7,32.0,39.9,32.9,31.4,28.6,825957.0,24457.0
India,"PLFS Year (Jul - Jun), 2020",Female,Rural,15 years and above,93,,18.4,19.0,18.6,12.7,13.2,4.7,12.5,8.8,12.5,17.0,489684.0,13294.0
India,"PLFS Year (Jul - Jun), 2020",Female,Rural,15 years and above,94,,9.2,3.3,1.1,1.1,0.6,1.7,0.6,1.2,0.9,4.5,129968.0,3856.0
India,"PLFS Year (Jul - Jun), 2020",Female,Rural,15 years and above,95,,1.7,0.6,0.2,0.1,0.1,0.0,0.0,0.0,0.1,0.8,23557.0,720.0
India,"PLFS Year (Jul - Jun), 2020",Female,Rural,15 years and above,97,,3.6,0.7,0.4,0.2,0.6,0.1,0.2,0.5,0.4,1.6,47050.0,1193.0
India,"PLFS Year (Jul - Jun), 2020",Female,Rural,15 years and above,99,,0.0,0.0,0.0,0.0,0.0,0.0,0.0,0.0,0.0,0.0,0.0,0.0
India,"PLFS Year (Jul - Jun), 2020",Female,Rural,15 years and above,91-99,,56.5,57.3,68.1,75.8,79.7,49.9,68.5,50.2,74.3,63.5,1832296.0,54310.0
India,"PLFS Year (Jul - Jun), 2020",Female,Rural,15 years and above,11-99,,100.0,100.0,100.0,100.0,100.0,100.0,100.0,100.0,100.0,100.0,2887142.0,88234.0
India,"PLFS Year (Jul - Jun), 2020",Female,Rural,all ages,"11,12",01-03,5.5,3.4,4.0,2.8,2.5,3.4,1.5,1.7,2.4,4.1,155805.0,6213.0
India,"PLFS Year (Jul - Jun), 2020",Female,Rural,all ages,"11,12",01-96,6.5,5.1,6.8,5.7,5.3,10.2,4.6,5.5,5.5,6.0,227648.0,8720.0
India,"PLFS Year (Jul - Jun), 2020",Female,Rural,all ages,"11,12",05-43,0.6,1.2,1.9,2.1,1.8,3.8,1.6,1.0,1.9,1.2,47304.0,1528.0
India,"PLFS Year (Jul - Jun), 2020",Female,Rural,all ages,"11,12",45-96,0.4,0.5,0.8,0.9,1.0,2.9,1.5,2.8,1.1,0.6,24540.0,979.0
India,"PLFS Year (Jul - Jun), 2020",Female,Rural,all ages,21,01-03,14.8,7.8,11.8,8.7,6.5,5.0,5.1,5.2,7.1,10.9,416509.0,12949.0
India,"PLFS Year (Jul - Jun), 2020",Female,Rural,all ages,21,01-96,15.4,8.5,12.7,9.7,7.3,5.6,6.2,5.4,8.0,11.6,444110.0,13771.0
India,"PLFS Year (Jul - Jun), 2020",Female,Rural,all ages,21,05-43,0.3,0.3,0.4,0.3,0.3,0.0,0.4,0.0,0.3,0.3,12203.0,312.0
India,"PLFS Year (Jul - Jun), 2020",Female,Rural,all ages,21,45-96,0.3,0.4,0.6,0.6,0.4,0.5,0.7,0.2,0.5,0.4,15398.0,510.0
India,"PLFS Year (Jul - Jun), 2020",Female,Rural,all ages,11-21,01-03,20.3,11.1,15.8,11.5,9.0,8.5,6.6,6.9,9.6,15.0,572313.0,19162.0
India,"PLFS Year (Jul - Jun), 2020",Female,Rural,all ages,11-21,01-96,21.9,13.5,19.5,15.4,12.5,15.7,10.8,10.9,13.4,17.6,671758.0,22491.0
India,"PLFS Year (Jul - Jun), 2020",Female,Rural,all ages,11-21,05-43,0.9,1.6,2.3,2.4,2.1,3.9,2.0,1.0,2.2,1.6,59507.0,1840.0
India,"PLFS Year (Jul - Jun), 2020",Female,Rural,all ages,11-21,45-96,0.7,0.8,1.4,1.4,1.4,3.4,2.2,2.9,1.7,1.0,39937.0,1489.0
India,"PLFS Year (Jul - Jun), 2020",Female,Rural,all ages,31,01-03,0.3,0.3,0.2,0.1,0.1,0.7,0.1,0.2,0.1,0.2,8896.0,287.0
India,"PLFS Year (Jul - Jun), 2020",Female,Rural,all ages,31,01-99,1.0,1.3,2.3,4.2,4.6,22.5,11.8,26.7,6.9,2.5,93933.0,3440.0
India,"PLFS Year (Jul - Jun), 2020",Female,Rural,all ages,31,05-43,0.1,0.3,0.5,0.5,0.6,1.4,0.6,0.1,0.5,0.3,11663.0,376.0
India,"PLFS Year (Jul - Jun), 2020",Female,Rural,all ages,31,45-99,0.6,0.7,1.6,3.6,3.9,20.3,11.1,26.5,6.3,1.9,73374.0,2777.0
India,"PLFS Year (Jul - Jun), 2020",Female,Rural,all ages,41,,1.0,0.8,1.0,0.6,0.6,1.1,0.2,0.1,0.5,0.8,32211.0,1146.0
India,"PLFS Year (Jul - Jun), 2020",Female,Rural,all ages,51,01-03,7.7,4.7,4.3,3.1,1.4,0.4,0.6,0.3,1.9,5.2,198513.0,4853.0
India,"PLFS Year (Jul - Jun), 2020",Female,Rural,all ages,51,01-99,9.1,5.8,5.4,3.6,1.6,0.8,0.8,0.3,2.2,6.3,239334.0,5991.0
India,"PLFS Year (Jul - Jun), 2020",Female,Rural,all ages,51,05-43,1.4,1.0,1.0,0.4,0.2,0.0,0.1,0.0,0.2,1.0,37636.0,1028.0
India,"PLFS Year (Jul - Jun), 2020",Female,Rural,all ages,51,45-99,0.1,0.1,0.1,0.1,0.1,0.3,0.1,0.0,0.1,0.1,3185.0,110.0
India,"PLFS Year (Jul - Jun), 2020",Female,Rural,all ages,41 & 51,01-99,10.1,6.6,6.3,4.2,2.1,1.9,0.9,0.5,2.7,7.1,271545.0,7137.0
India,"PLFS Year (Jul - Jun), 2020",Female,Rural,all ages,11-51,01-03,28.3,16.1,20.4,14.8,10.5,10.0,7.4,7.4,11.6,20.5,781718.0,24397.0
India,"PLFS Year (Jul - Jun), 2020",Female,Rural,all ages,11-51,01-99,33.0,21.4,28.1,23.7,19.3,40.0,23.5,38.1,23.1,27.1,1037236.0,33068.0
India,"PLFS Year (Jul - Jun), 2020",Female,Rural,all ages,11-51,05-43,3.3,3.6,4.5,3.8,3.4,6.0,2.8,1.2,3.4,3.6,138577.0,4268.0
India,"PLFS Year (Jul - Jun), 2020",Female,Rural,all ages,11-51,45-99,1.4,1.7,3.2,5.1,5.4,24.0,13.4,29.4,8.0,3.1,116940.0,4403.0
India,"PLFS Year (Jul - Jun), 2020",Female,Rural,all ages,81,,0.0,0.0,0.2,0.4,1.0,10.0,8.0,11.8,2.6,0.6,21803.0,954.0
India,"PLFS Year (Jul - Jun), 2020",Female,Rural,all ages,11-81,,33.1,21.5,28.3,24.1,20.3,50.1,31.5,49.8,25.6,27.7,1059039.0,34022.0
India,"PLFS Year (Jul - Jun), 2020",Female,Rural,all ages,UR,,0.1,0.2,0.8,1.5,4.8,20.1,25.3,23.6,10.0,2.1,,
India,"PLFS Year (Jul - Jun), 2020",Female,Rural,all ages,91,,2.5,49.5,24.9,32.0,36.4,11.4,15.2,6.8,29.2,24.0,917169.0,28976.0
India,"PLFS Year (Jul - Jun), 2020",Female,Rural,all ages,92,,18.0,15.8,28.9,29.9,28.7,32.0,39.9,32.9,31.4,21.8,834041.0,24611.0
India,"PLFS Year (Jul - Jun), 2020",Female,Rural,all ages,93,,14.0,9.6,16.3,12.6,13.2,4.7,12.5,8.8,12.5,12.9,491436.0,13339.0
India,"PLFS Year (Jul - Jun), 2020",Female,Rural,all ages,94,,7.0,1.7,1.0,1.1,0.6,1.7,0.6,1.2,0.9,3.4,129974.0,3858.0
India,"PLFS Year (Jul - Jun), 2020",Female,Rural,all ages,95,,1.4,0.3,0.2,0.1,0.1,0.0,0.0,0.0,0.1,0.6,24584.0,759.0
India,"PLFS Year (Jul - Jun), 2020",Female,Rural,all ages,97,,4.6,1.2,0.4,0.2,0.6,0.1,0.2,0.5,0.4,2.2,82469.0,2003.0
India,"PLFS Year (Jul - Jun), 2020",Female,Rural,all ages,99,,19.5,0.4,0.0,0.0,0.0,0.0,0.0,0.0,0.0,7.4,283682.0,7909.0
India,"PLFS Year (Jul - Jun), 2020",Female,Rural,all ages,91-99,,66.9,78.5,71.7,75.9,79.7,49.9,68.5,50.2,74.4,72.3,2763355.0,81455.0
India,"PLFS Year (Jul - Jun), 2020",Female,Rural,all ages,11-99,,100.0,100.0,100.0,100.0,100.0,100.0,100.0,100.0,100.0,100.0,3822393.0,115477.0
India,"PLFS Year (Jul - Jun), 2020",Persons,Rural,15-29 years,"11,12",01-03,4.8,5.3,3.4,2.4,2.4,2.9,3.1,2.5,2.5,3.3,69042.0,2255.0
India,"PLFS Year (Jul - Jun), 2020",Persons,Rural,15-29 years,"11,12",01-96,8.0,10.1,7.7,5.8,6.5,10.7,9.0,10.0,6.9,7.6,161627.0,5325.0
India,"PLFS Year (Jul - Jun), 2020",Persons,Rural,15-29 years,"11,12",05-43,1.5,2.9,1.7,1.5,1.4,2.9,1.6,0.7,1.5,1.7,36486.0,1138.0
India,"PLFS Year (Jul - Jun), 2020",Persons,Rural,15-29 years,"11,12",45-96,1.7,2.0,2.7,1.9,2.8,5.0,4.4,6.8,2.9,2.6,56100.0,1932.0
India,"PLFS Year (Jul - Jun), 2020",Persons,Rural,15-29 years,21,01-03,16.6,13.1,13.4,9.0,8.9,9.2,11.1,10.4,9.4,11.4,242420.0,7461.0
India,"PLFS Year (Jul - Jun), 2020",Persons,Rural,15-29 years,21,01-96,17.9,14.7,15.0,9.9,10.2,10.5,12.9,11.2,10.6,12.8,271888.0,8278.0
India,"PLFS Year (Jul - Jun), 2020",Persons,Rural,15-29 years,21,05-43,0.5,0.7,0.5,0.4,0.5,0.5,0.4,0.2,0.4,0.5,10156.0,295.0
India,"PLFS Year (Jul - Jun), 2020",Persons,Rural,15-29 years,21,45-96,0.8,0.9,1.1,0.6,0.8,0.8,1.4,0.6,0.8,0.9,19312.0,522.0
India,"PLFS Year (Jul - Jun), 2020",Persons,Rural,15-29 years,11-21,01-03,21.4,18.4,16.8,11.3,11.3,12.0,14.2,12.9,11.9,14.7,311462.0,9716.0
India,"PLFS Year (Jul - Jun), 2020",Persons,Rural,15-29 years,11-21,01-96,25.9,24.9,22.8,15.7,16.7,21.2,21.9,21.2,17.5,20.4,433514.0,13603.0
India,"PLFS Year (Jul - Jun), 2020",Persons,Rural,15-29 years,11-21,05-43,2.0,3.5,2.2,1.9,1.8,3.4,1.9,0.9,1.9,2.2,46642.0,1433.0
India,"PLFS Year (Jul - Jun), 2020",Persons,Rural,15-29 years,11-21,45-96,2.5,2.9,3.8,2.5,3.6,5.8,5.8,7.4,3.7,3.6,75411.0,2454.0
India,"PLFS Year (Jul - Jun), 2020",Persons,Rural,15-29 years,31,01-03,0.3,0.4,0.3,0.1,0.2,0.4,0.3,1.0,0.2,0.3,5403.0,195.0
India,"PLFS Year (Jul - Jun), 2020",Persons,Rural,15-29 years,31,01-99,2.3,5.0,4.2,4.4,5.7,27.6,13.0,22.4,7.6,6.0,127865.0,4357.0
India,"PLFS Year (Jul - Jun), 2020",Persons,Rural,15-29 years,31,05-43,0.8,2.0,1.7,1.5,1.8,12.9,2.7,1.6,2.2,1.9,40688.0,1337.0
India,"PLFS Year (Jul - Jun), 2020",Persons,Rural,15-29 years,31,45-99,1.1,2.6,2.3,2.8,3.7,14.3,10.0,19.9,5.3,3.9,81774.0,2825.0
India,"PLFS Year (Jul - Jun), 2020",Persons,Rural,15-29 years,41,,0.4,0.3,0.2,0.2,0.2,0.2,0.1,0.0,0.2,0.2,4228.0,177.0
India,"PLFS Year (Jul - Jun), 2020",Persons,Rural,15-29 years,51,01-03,12.8,10.6,5.5,3.0,1.6,3.0,1.2,0.5,2.1,4.8,101119.0,2230.0
India,"PLFS Year (Jul - Jun), 2020",Persons,Rural,15-29 years,51,01-99,22.9,23.4,13.5,7.1,4.6,7.3,2.6,0.9,5.2,10.9,230715.0,6069.0
India,"PLFS Year (Jul - Jun), 2020",Persons,Rural,15-29 years,51,05-43,9.8,12.0,7.5,3.7,2.6,3.4,1.2,0.4,2.7,5.6,119943.0,3492.0
India,"PLFS Year (Jul - Jun), 2020",Persons,Rural,15-29 years,51,45-99,0.4,0.7,0.6,0.5,0.3,0.9,0.2,0.0,0.4,0.5,9653.0,347.0
India,"PLFS Year (Jul - Jun), 2020",Persons,Rural,15-29 years,41 & 51,01-99,23.3,23.6,13.7,7.3,4.7,7.5,2.7,0.9,5.3,11.1,234944.0,6246.0
India,"PLFS Year (Jul - Jun), 2020",Persons,Rural,15-29 years,11-51,01-03,34.5,29.5,22.5,14.4,13.1,15.6,15.6,14.3,14.2,19.7,418093.0,12146.0
India,"PLFS Year (Jul - Jun), 2020",Persons,Rural,15-29 years,11-51,01-99,51.5,53.5,40.7,27.4,27.1,56.3,37.6,44.6,30.5,37.5,796323.0,24206.0
India,"PLFS Year (Jul - Jun), 2020",Persons,Rural,15-29 years,11-51,05-43,12.9,17.8,11.6,7.3,6.4,19.8,6.0,3.0,6.9,10.0,211383.0,6433.0
India,"PLFS Year (Jul - Jun), 2020",Persons,Rural,15-29 years,11-51,45-99,4.1,6.2,6.6,5.7,7.6,21.0,16.0,27.3,9.4,7.9,166847.0,5627.0
India,"PLFS Year (Jul - Jun), 2020",Persons,Rural,15-29 years,81,,1.5,3.1,2.4,2.8,3.5,16.8,15.9,18.6,6.2,4.5,95510.0,3230.0
India,"PLFS Year (Jul - Jun), 2020",Persons,Rural,15-29 years,11-81,,53.0,56.6,43.1,30.2,30.6,73.1,53.5,63.1,36.7,42.0,891833.0,27436.0
India,"PLFS Year (Jul - Jun), 2020",Persons,Rural,15-29 years,UR,,2.9,5.4,5.6,9.1,11.3,23.0,29.7,29.4,17.0,10.7,,
India,"PLFS Year (Jul - Jun), 2020",Persons,Rural,15-29 years,91,,0.5,10.9,32.2,52.2,51.9,16.0,21.3,13.3,44.4,34.0,722117.0,24612.0
India,"PLFS Year (Jul - Jun), 2020",Persons,Rural,15-29 years,92,,22.7,19.5,15.2,11.8,11.5,8.7,18.2,19.3,12.9,15.0,318833.0,9214.0
India,"PLFS Year (Jul - Jun), 2020",Persons,Rural,15-29 years,93,,18.7,10.9,8.5,5.1,5.5,1.6,6.2,4.3,5.3,7.8,164822.0,4288.0
India,"PLFS Year (Jul - Jun), 2020",Persons,Rural,15-29 years,94,,0.2,0.3,0.1,0.2,0.1,0.0,0.1,0.0,0.1,0.1,2791.0,82.0
India,"PLFS Year (Jul - Jun), 2020",Persons,Rural,15-29 years,95,,3.7,0.9,0.3,0.1,0.1,0.1,0.2,0.0,0.1,0.5,10958.0,332.0
India,"PLFS Year (Jul - Jun), 2020",Persons,Rural,15-29 years,97,,1.4,1.1,0.5,0.4,0.4,0.5,0.5,0.0,0.4,0.6,11834.0,345.0
India,"PLFS Year (Jul - Jun), 2020",Persons,Rural,15-29 years,99,,0.0,0.0,0.0,0.0,0.0,0.0,0.0,0.0,0.0,0.0,0.0,0.0
India,"PLFS Year (Jul - Jun), 2020",Persons,Rural,15-29 years,91-99,,47.0,43.4,56.9,69.8,69.4,26.9,46.5,36.9,63.3,58.0,1231356.0,38873.0
India,"PLFS Year (Jul - Jun), 2020",Persons,Rural,15-29 years,11-99,,100.0,100.0,100.0,100.0,100.0,100.0,100.0,100.0,100.0,100.0,2123190.0,66309.0
India,"PLFS Year (Jul - Jun), 2020",Persons,Rural,15 years and above,"11,12",01-03,17.2,19.3,15.1,12.3,9.8,5.6,8.8,9.6,10.5,14.9,865457.0,27404.0
India,"PLFS Year (Jul - Jun), 2020",Persons,Rural,15 years and above,"11,12",01-96,21.0,27.7,24.3,20.9,17.6,16.9,18.4,18.3,19.1,22.3,1289582.0,41171.0
India,"PLFS Year (Jul - Jun), 2020",Persons,Rural,15 years and above,"11,12",05-43,1.5,3.7,3.4,3.1,2.4,4.0,2.3,0.9,2.7,2.7,154334.0,4791.0
India,"PLFS Year (Jul - Jun), 2020",Persons,Rural,15 years and above,"11,12",45-96,2.3,4.7,5.8,5.6,5.4,7.3,7.3,7.8,6.0,4.7,269791.0,8976.0
India,"PLFS Year (Jul - Jun), 2020",Persons,Rural,15 years and above,21,01-03,13.7,10.2,10.9,8.3,8.4,7.4,9.0,6.8,8.4,10.7,622066.0,19218.0
India,"PLFS Year (Jul - Jun), 2020",Persons,Rural,15 years and above,21,01-96,14.3,11.2,12.1,9.2,9.6,8.7,10.4,7.7,9.5,11.7,678491.0,20854.0
India,"PLFS Year (Jul - Jun), 2020",Persons,Rural,15 years and above,21,05-43,0.3,0.4,0.4,0.3,0.4,0.6,0.3,0.3,0.3,0.3,19918.0,560.0
India,"PLFS Year (Jul - Jun), 2020",Persons,Rural,15 years and above,21,45-96,0.3,0.6,0.8,0.7,0.8,0.7,1.1,0.5,0.8,0.6,36507.0,1076.0
India,"PLFS Year (Jul - Jun), 2020",Persons,Rural,15 years and above,11-21,01-03,30.8,29.5,26.0,20.5,18.2,13.0,17.8,16.4,18.9,25.7,1487522.0,46622.0
India,"PLFS Year (Jul - Jun), 2020",Persons,Rural,15 years and above,11-21,01-96,35.2,39.0,36.4,30.2,27.2,25.6,28.8,26.0,28.6,34.0,1968073.0,62025.0
India,"PLFS Year (Jul - Jun), 2020",Persons,Rural,15 years and above,11-21,05-43,1.8,4.2,3.7,3.4,2.8,4.6,2.6,1.2,3.0,3.0,174252.0,5351.0
India,"PLFS Year (Jul - Jun), 2020",Persons,Rural,15 years and above,11-21,45-96,2.6,5.3,6.6,6.2,6.2,8.1,8.4,8.3,6.7,5.3,306298.0,10052.0
India,"PLFS Year (Jul - Jun), 2020",Persons,Rural,15 years and above,31,01-03,0.5,0.6,0.4,0.2,0.3,0.3,0.5,0.6,0.3,0.4,25833.0,904.0
India,"PLFS Year (Jul - Jun), 2020",Persons,Rural,15 years and above,31,01-99,1.9,4.7,5.9,7.8,9.3,30.9,21.7,35.8,12.7,6.7,390171.0,14049.0
India,"PLFS Year (Jul - Jun), 2020",Persons,Rural,15 years and above,31,05-43,0.4,1.7,2.0,2.2,2.5,13.1,3.4,2.1,2.8,1.8,101835.0,3396.0
India,"PLFS Year (Jul - Jun), 2020",Persons,Rural,15 years and above,31,45-99,1.0,2.4,3.5,5.4,6.5,17.5,17.8,33.1,9.5,4.5,262504.0,9749.0
India,"PLFS Year (Jul - Jun), 2020",Persons,Rural,15 years and above,41,,1.0,1.0,0.6,0.3,0.3,0.4,0.1,0.2,0.3,0.7,38011.0,1427.0
India,"PLFS Year (Jul - Jun), 2020",Persons,Rural,15 years and above,51,01-03,11.9,10.7,6.4,4.0,1.9,2.8,1.1,0.3,2.6,7.5,435600.0,10415.0
India,"PLFS Year (Jul - Jun), 2020",Persons,Rural,15 years and above,51,01-99,18.0,20.5,15.3,9.2,5.6,8.0,2.9,0.6,6.4,14.1,816768.0,21937.0
India,"PLFS Year (Jul - Jun), 2020",Persons,Rural,15 years and above,51,05-43,5.7,9.1,8.1,4.7,3.3,4.2,1.6,0.3,3.5,6.1,352232.0,10550.0
India,"PLFS Year (Jul - Jun), 2020",Persons,Rural,15 years and above,51,45-99,0.3,0.7,0.8,0.5,0.3,1.0,0.1,0.0,0.4,0.5,28936.0,972.0
India,"PLFS Year (Jul - Jun), 2020",Persons,Rural,15 years and above,41 & 51,01-99,19.0,21.5,15.8,9.5,5.9,8.4,3.0,0.9,6.7,14.8,854779.0,23364.0
India,"PLFS Year (Jul - Jun), 2020",Persons,Rural,15 years and above,11-51,01-03,43.3,40.8,32.9,24.9,20.5,16.2,19.4,17.3,21.8,33.7,1951054.0,58041.0
India,"PLFS Year (Jul - Jun), 2020",Persons,Rural,15 years and above,11-51,01-99,56.1,65.1,58.1,47.5,42.4,64.9,53.5,62.6,48.0,55.5,3213024.0,99438.0
India,"PLFS Year (Jul - Jun), 2020",Persons,Rural,15 years and above,11-51,05-43,8.9,15.8,14.3,10.5,8.9,22.1,7.8,3.9,9.5,11.5,663551.0,20593.0
India,"PLFS Year (Jul - Jun), 2020",Persons,Rural,15 years and above,11-51,45-99,4.0,8.4,10.9,12.2,13.0,26.6,26.3,41.4,16.6,10.3,598419.0,20804.0
India,"PLFS Year (Jul - Jun), 2020",Persons,Rural,15 years and above,81,,0.2,0.8,1.3,1.8,2.6,11.7,10.7,10.1,4.3,1.9,108779.0,3738.0
India,"PLFS Year (Jul - Jun), 2020",Persons,Rural,15 years and above,11-81,,56.3,65.9,59.4,49.3,45.0,76.6,64.2,72.7,52.3,57.4,3321803.0,103176.0
India,"PLFS Year (Jul - Jun), 2020",Persons,Rural,15 years and above,UR,,0.3,1.3,2.2,3.6,5.9,15.3,16.7,13.9,8.3,3.3,,
India,"PLFS Year (Jul - Jun), 2020",Persons,Rural,15 years and above,91,,0.1,2.8,15.4,29.7,35.2,9.7,12.6,6.3,26.9,12.5,725008.0,24692.0
India,"PLFS Year (Jul - Jun), 2020",Persons,Rural,15 years and above,92,,15.7,15.7,14.3,12.8,12.1,9.6,15.8,13.4,13.0,14.5,842049.0,25031.0
India,"PLFS Year (Jul - Jun), 2020",Persons,Rural,15 years and above,93,,12.2,9.6,8.1,5.4,5.5,1.4,5.0,3.6,5.2,8.6,497714.0,13529.0
India,"PLFS Year (Jul - Jun), 2020",Persons,Rural,15 years and above,94,,9.6,3.9,1.6,1.9,1.3,2.1,1.6,3.2,1.7,4.4,251951.0,7521.0
India,"PLFS Year (Jul - Jun), 2020",Persons,Rural,15 years and above,95,,2.3,1.0,0.5,0.3,0.2,0.2,0.3,0.0,0.3,1.0,60377.0,1880.0
India,"PLFS Year (Jul - Jun), 2020",Persons,Rural,15 years and above,97,,3.7,1.1,0.7,0.5,0.6,0.5,0.6,0.7,0.5,1.6,91242.0,2370.0
India,"PLFS Year (Jul - Jun), 2020",Persons,Rural,15 years and above,99,,0.0,0.0,0.0,0.0,0.0,0.0,0.0,0.0,0.0,0.0,0.0,0.0
India,"PLFS Year (Jul - Jun), 2020",Persons,Rural,15 years and above,91-99,,43.7,34.1,40.6,50.7,55.0,23.4,35.8,27.3,47.7,42.6,2468341.0,75023.0
India,"PLFS Year (Jul - Jun), 2020",Persons,Rural,15 years and above,11-99,,100.0,100.0,100.0,100.0,100.0,100.0,100.0,100.0,100.0,100.0,5790143.0,178199.0
India,"PLFS Year (Jul - Jun), 2020",Persons,Rural,all ages,"11,12",01-03,11.9,9.2,13.4,12.2,9.8,5.6,8.8,9.6,10.5,11.1,865654.0,27408.0
India,"PLFS Year (Jul - Jun), 2020",Persons,Rural,all ages,"11,12",01-96,14.5,13.3,21.6,20.8,17.6,16.9,18.4,18.3,19.1,16.5,1290176.0,41180.0
India,"PLFS Year (Jul - Jun), 2020",Persons,Rural,all ages,"11,12",05-43,1.0,1.8,3.0,3.1,2.4,4.0,2.3,0.9,2.6,2.0,154729.0,4794.0
India,"PLFS Year (Jul - Jun), 2020",Persons,Rural,all ages,"11,12",45-96,1.6,2.3,5.2,5.6,5.4,7.3,7.3,7.8,5.9,3.5,269794.0,8978.0
India,"PLFS Year (Jul - Jun), 2020",Persons,Rural,all ages,21,01-03,9.5,5.0,9.8,8.3,8.4,7.4,9.0,6.8,8.4,8.0,628147.0,19387.0
India,"PLFS Year (Jul - Jun), 2020",Persons,Rural,all ages,21,01-96,10.0,5.5,10.9,9.2,9.6,8.7,10.4,7.7,9.5,8.8,685462.0,21041.0
India,"PLFS Year (Jul - Jun), 2020",Persons,Rural,all ages,21,05-43,0.2,0.2,0.3,0.3,0.4,0.6,0.3,0.3,0.3,0.3,20203.0,566.0
India,"PLFS Year (Jul - Jun), 2020",Persons,Rural,all ages,21,45-96,0.2,0.3,0.8,0.7,0.8,0.7,1.1,0.5,0.8,0.5,37112.0,1088.0
India,"PLFS Year (Jul - Jun), 2020",Persons,Rural,all ages,11-21,01-03,21.4,14.3,23.3,20.5,18.2,13.0,17.8,16.4,18.8,19.1,1493800.0,46795.0
India,"PLFS Year (Jul - Jun), 2020",Persons,Rural,all ages,11-21,01-96,24.5,18.8,32.5,30.0,27.2,25.6,28.8,26.0,28.5,25.3,1975638.0,62221.0
India,"PLFS Year (Jul - Jun), 2020",Persons,Rural,all ages,11-21,05-43,1.2,2.0,3.3,3.4,2.8,4.6,2.6,1.2,3.0,2.2,174932.0,5360.0
India,"PLFS Year (Jul - Jun), 2020",Persons,Rural,all ages,11-21,45-96,1.8,2.6,5.9,6.2,6.2,8.1,8.4,8.3,6.7,3.9,306906.0,10066.0
India,"PLFS Year (Jul - Jun), 2020",Persons,Rural,all ages,31,01-03,0.3,0.3,0.4,0.2,0.3,0.3,0.5,0.6,0.3,0.3,25833.0,904.0
India,"PLFS Year (Jul - Jun), 2020",Persons,Rural,all ages,31,01-99,1.3,2.2,5.2,7.8,9.3,30.9,21.7,35.8,12.6,5.0,390314.0,14053.0
India,"PLFS Year (Jul - Jun), 2020",Persons,Rural,all ages,31,05-43,0.3,0.8,1.8,2.2,2.5,13.1,3.4,2.1,2.8,1.3,101900.0,3397.0
India,"PLFS Year (Jul - Jun), 2020",Persons,Rural,all ages,31,45-99,0.7,1.1,3.1,5.4,6.5,17.5,17.8,33.1,9.5,3.4,262582.0,9752.0
India,"PLFS Year (Jul - Jun), 2020",Persons,Rural,all ages,41,,0.7,0.5,0.5,0.3,0.3,0.4,0.1,0.2,0.3,0.5,38025.0,1428.0
India,"PLFS Year (Jul - Jun), 2020",Persons,Rural,all ages,51,01-03,8.3,5.2,5.7,4.0,1.9,2.8,1.1,0.3,2.6,5.6,436151.0,10429.0
India,"PLFS Year (Jul - Jun), 2020",Persons,Rural,all ages,51,01-99,12.5,9.9,13.6,9.2,5.6,8.0,2.9,0.6,6.4,10.5,818324.0,21964.0
India,"PLFS Year (Jul - Jun), 2020",Persons,Rural,all ages,51,05-43,4.0,4.4,7.2,4.7,3.3,4.2,1.6,0.3,3.5,4.5,353237.0,10563.0
India,"PLFS Year (Jul - Jun), 2020",Persons,Rural,all ages,51,45-99,0.2,0.3,0.7,0.5,0.3,1.0,0.1,0.0,0.4,0.4,28936.0,972.0
India,"PLFS Year (Jul - Jun), 2020",Persons,Rural,all ages,41 & 51,01-99,13.1,10.3,14.1,9.5,5.9,8.4,3.0,0.9,6.7,11.0,856349.0,23392.0
India,"PLFS Year (Jul - Jun), 2020",Persons,Rural,all ages,11-51,01-03,30.0,19.7,29.4,24.8,20.5,16.2,19.4,17.3,21.8,25.1,1957883.0,58228.0
India,"PLFS Year (Jul - Jun), 2020",Persons,Rural,all ages,11-51,01-99,38.9,31.4,51.8,47.3,42.4,64.9,53.5,62.6,47.9,41.3,3222301.0,99666.0
India,"PLFS Year (Jul - Jun), 2020",Persons,Rural,all ages,11-51,05-43,6.1,7.6,12.8,10.4,8.9,22.1,7.8,3.9,9.5,8.5,665314.0,20617.0
India,"PLFS Year (Jul - Jun), 2020",Persons,Rural,all ages,11-51,45-99,2.7,4.1,9.7,12.1,13.0,26.6,26.3,41.4,16.6,7.7,599105.0,20821.0
India,"PLFS Year (Jul - Jun), 2020",Persons,Rural,all ages,81,,0.1,0.4,1.2,1.8,2.6,11.7,10.7,10.1,4.3,1.4,109440.0,3748.0
India,"PLFS Year (Jul - Jun), 2020",Persons,Rural,all ages,11-81,,39.1,31.8,53.0,49.1,45.0,76.6,64.2,72.7,52.2,42.7,3331742.0,103414.0
India,"PLFS Year (Jul - Jun), 2020",Persons,Rural,all ages,UR,,0.3,1.3,2.2,3.6,5.9,15.3,16.7,13.9,8.3,3.3,,
India,"PLFS Year (Jul - Jun), 2020",Persons,Rural,all ages,91,,3.2,51.5,24.4,30.0,35.2,9.7,12.6,6.3,27.0,26.0,2031590.0,63712.0
India,"PLFS Year (Jul - Jun), 2020",Persons,Rural,all ages,92,,11.0,7.8,12.9,12.8,12.1,9.6,15.8,13.4,13.0,10.9,852854.0,25241.0
India,"PLFS Year (Jul - Jun), 2020",Persons,Rural,all ages,93,,8.5,4.7,7.2,5.4,5.5,1.4,5.0,3.6,5.2,6.4,500328.0,13587.0
India,"PLFS Year (Jul - Jun), 2020",Persons,Rural,all ages,94,,6.7,1.9,1.4,1.9,1.3,2.1,1.6,3.2,1.7,3.2,251989.0,7527.0
India,"PLFS Year (Jul - Jun), 2020",Persons,Rural,all ages,95,,1.7,0.5,0.5,0.3,0.2,0.2,0.3,0.0,0.3,0.8,63619.0,1972.0
India,"PLFS Year (Jul - Jun), 2020",Persons,Rural,all ages,97,,5.0,1.4,0.7,0.5,0.6,0.5,0.6,0.7,0.5,2.2,170740.0,4112.0
India,"PLFS Year (Jul - Jun), 2020",Persons,Rural,all ages,99,,24.8,0.4,0.0,0.0,0.0,0.0,0.0,0.0,0.0,7.7,603060.0,16714.0
India,"PLFS Year (Jul - Jun), 2020",Persons,Rural,all ages,91-99,,60.9,68.2,47.0,50.9,55.0,23.4,35.8,27.3,47.8,57.3,4474180.0,132865.0
India,"PLFS Year (Jul - Jun), 2020",Persons,Rural,all ages,11-99,,100.0,100.0,100.0,100.0,100.0,100.0,100.0,100.0,100.0,100.0,7805921.0,236279.0
India,"PLFS Year (Jul - Jun), 2020",Male,Urban,15-29 years,"11,12",01-03,0.6,0.6,0.4,0.3,0.2,0.1,0.4,0.2,0.3,0.3,1554.0,121.0
India,"PLFS Year (Jul - Jun), 2020",Male,Urban,15-29 years,"11,12",01-96,23.9,16.2,10.2,6.7,5.8,8.5,8.3,9.6,7.0,8.9,40362.0,2228.0
India,"PLFS Year (Jul - Jun), 2020",Male,Urban,15-29 years,"11,12",05-43,4.0,6.5,2.3,1.7,1.2,2.2,1.4,0.8,1.5,2.1,9584.0,499.0
India,"PLFS Year (Jul - Jun), 2020",Male,Urban,15-29 years,"11,12",45-96,19.3,9.1,7.5,4.7,4.3,6.2,6.4,8.6,5.3,6.5,29223.0,1608.0
India,"PLFS Year (Jul - Jun), 2020",Male,Urban,15-29 years,21,01-03,0.5,1.3,1.2,0.8,1.0,1.2,0.9,0.9,0.9,1.0,4414.0,259.0
India,"PLFS Year (Jul - Jun), 2020",Male,Urban,15-29 years,21,01-96,5.5,7.3,5.6,4.8,4.4,5.5,7.1,6.1,5.4,5.6,25177.0,1421.0
India,"PLFS Year (Jul - Jun), 2020",Male,Urban,15-29 years,21,05-43,1.7,2.4,1.4,1.1,1.0,1.9,1.4,1.8,1.2,1.4,6243.0,362.0
India,"PLFS Year (Jul - Jun), 2020",Male,Urban,15-29 years,21,45-96,3.3,3.6,3.0,2.8,2.5,2.5,4.9,3.4,3.2,3.2,14519.0,800.0
India,"PLFS Year (Jul - Jun), 2020",Male,Urban,15-29 years,11-21,01-03,1.1,1.9,1.6,1.1,1.2,1.3,1.3,1.0,1.2,1.3,5968.0,380.0
India,"PLFS Year (Jul - Jun), 2020",Male,Urban,15-29 years,11-21,01-96,29.4,23.5,15.8,11.4,10.2,14.0,15.4,15.7,12.4,14.5,65539.0,3649.0
India,"PLFS Year (Jul - Jun), 2020",Male,Urban,15-29 years,11-21,05-43,5.7,8.9,3.7,2.9,2.3,4.1,2.8,2.6,2.7,3.5,15828.0,861.0
India,"PLFS Year (Jul - Jun), 2020",Male,Urban,15-29 years,11-21,45-96,22.6,12.7,10.5,7.5,6.8,8.7,11.2,12.0,8.5,9.7,43743.0,2408.0
India,"PLFS Year (Jul - Jun), 2020",Male,Urban,15-29 years,31,01-03,0.3,0.2,0.1,0.1,0.0,0.1,0.1,0.1,0.1,0.1,345.0,25.0
India,"PLFS Year (Jul - Jun), 2020",Male,Urban,15-29 years,31,01-99,21.0,28.4,25.5,18.9,17.2,40.7,40.4,50.8,26.7,26.4,119147.0,5937.0
India,"PLFS Year (Jul - Jun), 2020",Male,Urban,15-29 years,31,05-43,8.4,12.8,11.6,8.0,5.2,18.4,9.3,12.6,8.1,9.2,41508.0,1812.0
India,"PLFS Year (Jul - Jun), 2020",Male,Urban,15-29 years,31,45-99,12.2,15.4,13.9,10.9,12.0,22.1,31.0,38.1,18.5,17.1,77294.0,4100.0
India,"PLFS Year (Jul - Jun), 2020",Male,Urban,15-29 years,41,,0.0,0.2,0.0,0.0,0.0,0.0,0.0,0.0,0.0,0.0,192.0,20.0
India,"PLFS Year (Jul - Jun), 2020",Male,Urban,15-29 years,51,01-03,1.0,1.0,0.7,0.1,0.1,0.4,0.1,0.0,0.1,0.3,1538.0,88.0
India,"PLFS Year (Jul - Jun), 2020",Male,Urban,15-29 years,51,01-99,25.4,26.6,13.5,7.4,3.1,5.3,1.2,0.3,3.8,8.3,37251.0,1939.0
India,"PLFS Year (Jul - Jun), 2020",Male,Urban,15-29 years,51,05-43,22.0,22.2,10.5,5.5,2.1,3.6,0.8,0.2,2.7,6.4,29073.0,1487.0
India,"PLFS Year (Jul - Jun), 2020",Male,Urban,15-29 years,51,45-99,2.4,3.4,2.3,1.8,0.9,1.3,0.3,0.0,1.0,1.5,6640.0,364.0
India,"PLFS Year (Jul - Jun), 2020",Male,Urban,15-29 years,41 & 51,01-99,25.4,26.8,13.5,7.4,3.1,5.3,1.2,0.3,3.8,8.3,37444.0,1959.0
India,"PLFS Year (Jul - Jun), 2020",Male,Urban,15-29 years,11-51,01-03,2.5,3.1,2.3,1.3,1.3,1.7,1.5,1.1,1.4,1.7,7852.0,493.0
India,"PLFS Year (Jul - Jun), 2020",Male,Urban,15-29 years,11-51,01-99,75.8,78.7,54.9,37.7,30.5,60.0,57.0,66.7,42.8,49.2,222129.0,11545.0
India,"PLFS Year (Jul - Jun), 2020",Male,Urban,15-29 years,11-51,05-43,36.1,44.1,25.9,16.3,9.6,26.1,12.9,15.4,13.5,19.2,86601.0,4180.0
India,"PLFS Year (Jul - Jun), 2020",Male,Urban,15-29 years,11-51,45-99,37.2,31.5,26.7,20.1,19.7,32.1,42.5,50.2,27.9,28.3,127677.0,6872.0
India,"PLFS Year (Jul - Jun), 2020",Male,Urban,15-29 years,81,,7.1,6.0,5.8,5.1,6.3,20.9,21.6,22.7,11.5,9.8,44269.0,2647.0
India,"PLFS Year (Jul - Jun), 2020",Male,Urban,15-29 years,11-81,,82.9,84.7,60.7,42.8,36.9,80.9,78.6,89.5,54.4,59.0,266398.0,14192.0
India,"PLFS Year (Jul - Jun), 2020",Male,Urban,15-29 years,UR,,8.6,7.0,9.6,11.8,17.2,25.9,27.4,25.4,21.2,16.6,,
India,"PLFS Year (Jul - Jun), 2020",Male,Urban,15-29 years,91,,2.0,9.9,36.5,55.9,62.1,17.8,20.3,9.5,44.5,38.7,174695.0,10667.0
India,"PLFS Year (Jul - Jun), 2020",Male,Urban,15-29 years,92,,2.3,1.9,0.5,0.4,0.4,0.9,0.5,0.3,0.5,0.6,2898.0,192.0
India,"PLFS Year (Jul - Jun), 2020",Male,Urban,15-29 years,93,,0.3,0.2,0.3,0.0,0.0,0.0,0.1,0.0,0.0,0.1,453.0,30.0
India,"PLFS Year (Jul - Jun), 2020",Male,Urban,15-29 years,94,,0.1,0.0,0.0,0.1,0.0,0.2,0.0,0.2,0.0,0.0,152.0,19.0
India,"PLFS Year (Jul - Jun), 2020",Male,Urban,15-29 years,95,,9.8,2.0,0.8,0.3,0.2,0.0,0.1,0.1,0.2,0.8,3457.0,167.0
India,"PLFS Year (Jul - Jun), 2020",Male,Urban,15-29 years,97,,2.6,1.4,1.2,0.5,0.4,0.1,0.5,0.5,0.4,0.7,3350.0,171.0
India,"PLFS Year (Jul - Jun), 2020",Male,Urban,15-29 years,99,,0.0,0.0,0.0,0.0,0.0,0.0,0.0,0.0,0.0,0.0,0.0,0.0
India,"PLFS Year (Jul - Jun), 2020",Male,Urban,15-29 years,91-99,,17.1,15.3,39.3,57.2,63.1,19.1,21.4,10.5,45.6,41.0,185007.0,11246.0
India,"PLFS Year (Jul - Jun), 2020",Male,Urban,15-29 years,11-99,,100.0,100.0,100.0,100.0,100.0,100.0,100.0,100.0,100.0,100.0,451405.0,25438.0
India,"PLFS Year (Jul - Jun), 2020",Male,Urban,15 years and above,"11,12",01-03,4.5,3.3,2.3,1.9,2.0,1.4,1.7,1.0,1.7,2.3,29129.0,1921.0
India,"PLFS Year (Jul - Jun), 2020",Male,Urban,15 years and above,"11,12",01-96,29.6,31.5,27.9,24.7,19.8,19.6,22.1,17.0,21.6,24.8,314031.0,17739.0
India,"PLFS Year (Jul - Jun), 2020",Male,Urban,15 years and above,"11,12",05-43,6.0,8.9,6.4,5.5,3.7,5.8,3.8,1.9,4.2,5.4,67824.0,3729.0
India,"PLFS Year (Jul - Jun), 2020",Male,Urban,15 years and above,"11,12",45-96,19.2,19.2,19.2,17.3,14.1,12.3,16.6,14.1,15.7,17.1,217077.0,12089.0
India,"PLFS Year (Jul - Jun), 2020",Male,Urban,15 years and above,21,01-03,0.1,0.6,0.6,0.5,0.7,0.8,0.4,0.4,0.5,0.5,6545.0,392.0
India,"PLFS Year (Jul - Jun), 2020",Male,Urban,15 years and above,21,01-96,1.4,2.5,3.1,3.0,3.9,3.1,4.0,2.7,3.5,3.1,39546.0,2189.0
India,"PLFS Year (Jul - Jun), 2020",Male,Urban,15 years and above,21,05-43,0.4,0.7,0.8,0.6,0.7,0.9,0.8,0.5,0.7,0.7,8725.0,496.0
India,"PLFS Year (Jul - Jun), 2020",Male,Urban,15 years and above,21,45-96,0.9,1.2,1.7,1.8,2.5,1.5,2.8,1.7,2.3,1.9,24276.0,1301.0
India,"PLFS Year (Jul - Jun), 2020",Male,Urban,15 years and above,11-21,01-03,4.6,3.9,2.9,2.4,2.6,2.2,2.2,1.5,2.3,2.8,35674.0,2313.0
India,"PLFS Year (Jul - Jun), 2020",Male,Urban,15 years and above,11-21,01-96,31.0,34.0,31.0,27.7,23.7,22.7,26.1,19.7,25.1,27.9,353576.0,19928.0
India,"PLFS Year (Jul - Jun), 2020",Male,Urban,15 years and above,11-21,05-43,6.3,9.6,7.1,6.1,4.5,6.7,4.5,2.4,4.9,6.0,76549.0,4225.0
India,"PLFS Year (Jul - Jun), 2020",Male,Urban,15 years and above,11-21,45-96,20.1,20.5,20.9,19.2,16.6,13.8,19.4,15.8,17.9,19.0,241354.0,13390.0
India,"PLFS Year (Jul - Jun), 2020",Male,Urban,15 years and above,31,01-03,0.3,0.2,0.1,0.1,0.1,0.2,0.2,0.8,0.2,0.2,2331.0,134.0
India,"PLFS Year (Jul - Jun), 2020",Male,Urban,15 years and above,31,01-99,17.8,24.6,28.8,27.2,26.3,46.2,44.5,58.1,36.3,31.7,402024.0,21051.0
India,"PLFS Year (Jul - Jun), 2020",Male,Urban,15 years and above,31,05-43,7.9,10.6,11.7,10.1,7.8,21.9,10.4,10.3,10.2,10.4,131513.0,6039.0
India,"PLFS Year (Jul - Jun), 2020",Male,Urban,15 years and above,31,45-99,9.6,13.7,16.9,17.0,18.4,24.2,33.9,46.9,25.9,21.2,268180.0,14878.0
India,"PLFS Year (Jul - Jun), 2020",Male,Urban,15 years and above,41,,0.4,0.2,0.1,0.0,0.0,0.0,0.0,0.0,0.0,0.1,1171.0,85.0
India,"PLFS Year (Jul - Jun), 2020",Male,Urban,15 years and above,51,01-03,2.5,1.7,1.0,0.3,0.2,0.3,0.1,0.0,0.2,0.7,9193.0,443.0
India,"PLFS Year (Jul - Jun), 2020",Male,Urban,15 years and above,51,01-99,26.1,22.8,15.0,7.7,3.8,4.2,1.1,0.4,3.7,10.3,130718.0,6737.0
India,"PLFS Year (Jul - Jun), 2020",Male,Urban,15 years and above,51,05-43,18.9,17.1,11.2,5.8,2.6,3.2,0.8,0.2,2.7,7.6,96695.0,4992.0
India,"PLFS Year (Jul - Jun), 2020",Male,Urban,15 years and above,51,45-99,4.6,4.0,2.8,1.6,1.0,0.7,0.2,0.2,0.8,2.0,24830.0,1302.0
India,"PLFS Year (Jul - Jun), 2020",Male,Urban,15 years and above,41 & 51,01-99,26.5,23.0,15.1,7.7,3.8,4.2,1.1,0.4,3.8,10.4,131888.0,6822.0
India,"PLFS Year (Jul - Jun), 2020",Male,Urban,15 years and above,11-51,01-03,7.4,5.8,4.1,2.7,2.9,2.7,2.4,2.3,2.6,3.7,47199.0,2890.0
India,"PLFS Year (Jul - Jun), 2020",Male,Urban,15 years and above,11-51,01-99,75.3,81.5,74.8,62.5,53.8,73.1,71.7,78.2,65.1,70.0,887489.0,47801.0
India,"PLFS Year (Jul - Jun), 2020",Male,Urban,15 years and above,11-51,05-43,33.6,37.5,30.0,22.1,15.0,31.7,15.8,13.0,17.9,24.1,305918.0,15340.0
India,"PLFS Year (Jul - Jun), 2020",Male,Urban,15 years and above,11-51,45-99,34.3,38.2,40.7,37.8,35.9,38.7,53.5,62.9,44.6,42.2,534373.0,29571.0
India,"PLFS Year (Jul - Jun), 2020",Male,Urban,15 years and above,81,,1.6,1.9,2.9,2.8,4.6,10.4,9.5,7.1,6.1,4.5,57570.0,3435.0
India,"PLFS Year (Jul - Jun), 2020",Male,Urban,15 years and above,11-81,,76.9,83.5,77.7,65.4,58.4,83.5,81.1,85.2,71.2,74.6,945059.0,51236.0
India,"PLFS Year (Jul - Jun), 2020",Male,Urban,15 years and above,UR,,2.1,2.3,3.7,4.3,7.9,12.5,11.7,8.3,8.6,6.1,,
India,"PLFS Year (Jul - Jun), 2020",Male,Urban,15 years and above,91,,0.3,2.3,13.0,23.3,34.8,8.0,7.3,2.2,18.6,13.8,175202.0,10703.0
India,"PLFS Year (Jul - Jun), 2020",Male,Urban,15 years and above,92,,1.7,1.5,0.7,0.7,0.6,0.7,0.5,0.5,0.6,0.8,10058.0,625.0
India,"PLFS Year (Jul - Jun), 2020",Male,Urban,15 years and above,93,,0.2,0.2,0.2,0.1,0.1,0.0,0.1,0.1,0.1,0.1,1608.0,113.0
India,"PLFS Year (Jul - Jun), 2020",Male,Urban,15 years and above,94,,11.8,8.3,5.6,8.5,4.8,7.2,10.0,11.0,8.2,8.0,101367.0,5418.0
India,"PLFS Year (Jul - Jun), 2020",Male,Urban,15 years and above,95,,4.9,2.3,1.4,0.8,0.5,0.2,0.4,0.1,0.5,1.3,16034.0,860.0
India,"PLFS Year (Jul - Jun), 2020",Male,Urban,15 years and above,97,,4.2,2.0,1.4,1.3,0.9,0.4,0.7,0.9,0.9,1.4,18252.0,985.0
India,"PLFS Year (Jul - Jun), 2020",Male,Urban,15 years and above,99,,0.0,0.0,0.0,0.0,0.0,0.0,0.0,0.0,0.0,0.0,0.0,0.0
India,"PLFS Year (Jul - Jun), 2020",Male,Urban,15 years and above,91-99,,23.1,16.5,22.3,34.6,41.6,16.5,18.9,14.8,28.8,25.4,322521.0,18704.0
India,"PLFS Year (Jul - Jun), 2020",Male,Urban,15 years and above,11-99,,100.0,100.0,100.0,100.0,100.0,100.0,100.0,100.0,100.0,100.0,1267580.0,69940.0
India,"PLFS Year (Jul - Jun), 2020",Male,Urban,all ages,"11,12",01-03,2.1,1.5,2.1,1.9,2.0,1.4,1.7,1.0,1.7,1.8,29159.0,1922.0
India,"PLFS Year (Jul - Jun), 2020",Male,Urban,all ages,"11,12",01-96,14.0,14.0,25.2,24.6,19.8,19.6,22.1,17.0,21.6,19.4,314160.0,17743.0
India,"PLFS Year (Jul - Jun), 2020",Male,Urban,all ages,"11,12",05-43,2.8,4.0,5.8,5.5,3.7,5.8,3.8,1.9,4.2,4.2,67913.0,3731.0
India,"PLFS Year (Jul - Jun), 2020",Male,Urban,all ages,"11,12",45-96,9.0,8.6,17.3,17.3,14.1,12.3,16.6,14.1,15.7,13.4,217088.0,12090.0
India,"PLFS Year (Jul - Jun), 2020",Male,Urban,all ages,21,01-03,0.1,0.3,0.5,0.5,0.7,0.8,0.4,0.4,0.5,0.4,6627.0,398.0
India,"PLFS Year (Jul - Jun), 2020",Male,Urban,all ages,21,01-96,0.7,1.2,2.8,3.0,3.9,3.1,4.0,2.7,3.5,2.5,39916.0,2205.0
India,"PLFS Year (Jul - Jun), 2020",Male,Urban,all ages,21,05-43,0.2,0.3,0.7,0.6,0.7,0.9,0.8,0.5,0.7,0.5,8742.0,497.0
India,"PLFS Year (Jul - Jun), 2020",Male,Urban,all ages,21,45-96,0.5,0.6,1.6,1.8,2.5,1.5,2.8,1.7,2.3,1.5,24547.0,1310.0
India,"PLFS Year (Jul - Jun), 2020",Male,Urban,all ages,11-21,01-03,2.2,1.8,2.6,2.4,2.6,2.2,2.2,1.5,2.3,2.2,35786.0,2320.0
India,"PLFS Year (Jul - Jun), 2020",Male,Urban,all ages,11-21,01-96,14.7,15.2,28.0,27.6,23.7,22.7,26.1,19.7,25.1,21.9,354076.0,19948.0
India,"PLFS Year (Jul - Jun), 2020",Male,Urban,all ages,11-21,05-43,3.0,4.3,6.4,6.1,4.5,6.7,4.5,2.4,4.9,4.7,76655.0,4228.0
India,"PLFS Year (Jul - Jun), 2020",Male,Urban,all ages,11-21,45-96,9.5,9.2,18.9,19.1,16.6,13.8,19.4,15.8,17.9,14.9,241635.0,13400.0
India,"PLFS Year (Jul - Jun), 2020",Male,Urban,all ages,31,01-03,0.1,0.1,0.1,0.1,0.1,0.2,0.2,0.8,0.2,0.1,2357.0,135.0
India,"PLFS Year (Jul - Jun), 2020",Male,Urban,all ages,31,01-99,8.4,11.0,26.0,27.1,26.3,46.2,44.5,58.1,36.3,24.9,402442.0,21070.0
India,"PLFS Year (Jul - Jun), 2020",Male,Urban,all ages,31,05-43,3.7,4.8,10.5,10.1,7.8,21.9,10.4,10.3,10.2,8.1,131594.0,6042.0
India,"PLFS Year (Jul - Jun), 2020",Male,Urban,all ages,31,45-99,4.6,6.2,15.3,17.0,18.4,24.2,33.9,46.9,25.9,16.6,268491.0,14893.0
India,"PLFS Year (Jul - Jun), 2020",Male,Urban,all ages,41,,0.2,0.1,0.1,0.0,0.0,0.0,0.0,0.0,0.0,0.1,1171.0,85.0
India,"PLFS Year (Jul - Jun), 2020",Male,Urban,all ages,51,01-03,1.2,0.7,0.9,0.3,0.2,0.3,0.1,0.0,0.2,0.6,9193.0,443.0
India,"PLFS Year (Jul - Jun), 2020",Male,Urban,all ages,51,01-99,12.3,10.2,13.6,7.6,3.8,4.2,1.1,0.4,3.7,8.1,130833.0,6742.0
India,"PLFS Year (Jul - Jun), 2020",Male,Urban,all ages,51,05-43,8.9,7.6,10.1,5.8,2.6,3.2,0.8,0.2,2.7,6.0,96761.0,4994.0
India,"PLFS Year (Jul - Jun), 2020",Male,Urban,all ages,51,45-99,2.2,1.8,2.6,1.6,1.0,0.7,0.2,0.2,0.8,1.5,24878.0,1305.0
India,"PLFS Year (Jul - Jun), 2020",Male,Urban,all ages,41 & 51,01-99,12.5,10.3,13.6,7.7,3.8,4.2,1.1,0.4,3.8,8.2,132004.0,6827.0
India,"PLFS Year (Jul - Jun), 2020",Male,Urban,all ages,11-51,01-03,3.5,2.6,3.7,2.7,2.9,2.7,2.4,2.3,2.6,2.9,47336.0,2898.0
India,"PLFS Year (Jul - Jun), 2020",Male,Urban,all ages,11-51,01-99,35.6,36.5,67.6,62.4,53.8,73.1,71.7,78.2,65.1,54.9,888522.0,47845.0
India,"PLFS Year (Jul - Jun), 2020",Male,Urban,all ages,11-51,05-43,15.8,16.8,27.1,22.0,15.0,31.7,15.8,13.0,17.9,18.9,306172.0,15348.0
India,"PLFS Year (Jul - Jun), 2020",Male,Urban,all ages,11-51,45-99,16.2,17.1,36.8,37.7,35.9,38.7,53.5,62.9,44.6,33.0,535013.0,29599.0
India,"PLFS Year (Jul - Jun), 2020",Male,Urban,all ages,81,,0.8,0.9,2.6,2.8,4.6,10.4,9.5,7.1,6.1,3.6,57817.0,3445.0
India,"PLFS Year (Jul - Jun), 2020",Male,Urban,all ages,11-81,,36.4,37.4,70.2,65.2,58.4,83.5,81.1,85.2,71.2,58.4,946338.0,51290.0
India,"PLFS Year (Jul - Jun), 2020",Male,Urban,all ages,UR,,2.1,2.4,3.7,4.3,7.9,12.5,11.7,8.3,8.6,6.1,,
India,"PLFS Year (Jul - Jun), 2020",Male,Urban,all ages,91,,6.6,54.8,21.3,23.5,34.8,8.0,7.3,2.2,18.6,25.5,413473.0,23708.0
India,"PLFS Year (Jul - Jun), 2020",Male,Urban,all ages,92,,0.9,0.8,0.6,0.7,0.6,0.7,0.5,0.5,0.6,0.7,10912.0,669.0
India,"PLFS Year (Jul - Jun), 2020",Male,Urban,all ages,93,,0.1,0.1,0.2,0.1,0.1,0.0,0.1,0.1,0.1,0.1,1724.0,121.0
India,"PLFS Year (Jul - Jun), 2020",Male,Urban,all ages,94,,5.6,3.7,5.1,8.5,4.8,7.2,10.0,11.0,8.1,6.3,101392.0,5423.0
India,"PLFS Year (Jul - Jun), 2020",Male,Urban,all ages,95,,2.6,1.0,1.3,0.8,0.5,0.2,0.4,0.1,0.5,1.0,16651.0,897.0
India,"PLFS Year (Jul - Jun), 2020",Male,Urban,all ages,97,,5.3,1.6,1.3,1.3,0.9,0.4,0.7,0.9,0.9,1.8,28568.0,1455.0
India,"PLFS Year (Jul - Jun), 2020",Male,Urban,all ages,99,,42.5,0.6,0.0,0.0,0.0,0.0,0.0,0.0,0.0,6.2,100052.0,5367.0
India,"PLFS Year (Jul - Jun), 2020",Male,Urban,all ages,91-99,,63.6,62.6,29.8,34.8,41.6,16.5,18.9,14.8,28.8,41.6,672771.0,37640.0
India,"PLFS Year (Jul - Jun), 2020",Male,Urban,all ages,11-99,,100.0,100.0,100.0,100.0,100.0,100.0,100.0,100.0,100.0,100.0,1619109.0,88930.0
India,"PLFS Year (Jul - Jun), 2020",Female,Urban,15-29 years,"11,12",01-03,0.5,0.2,0.3,0.1,0.1,0.0,0.0,0.0,0.1,0.1,548.0,34.0
India,"PLFS Year (Jul - Jun), 2020",Female,Urban,15-29 years,"11,12",01-96,5.4,4.8,4.0,2.2,2.0,3.1,2.7,4.8,2.5,3.1,12693.0,717.0
India,"PLFS Year (Jul - Jun), 2020",Female,Urban,15-29 years,"11,12",05-43,3.9,3.9,3.0,1.7,1.0,0.4,0.6,0.1,1.0,1.7,7062.0,369.0
India,"PLFS Year (Jul - Jun), 2020",Female,Urban,15-29 years,"11,12",45-96,1.0,0.7,0.7,0.4,0.9,2.7,2.1,4.7,1.5,1.2,5083.0,314.0
India,"PLFS Year (Jul - Jun), 2020",Female,Urban,15-29 years,21,01-03,1.4,0.9,0.6,0.4,0.1,0.1,0.2,0.1,0.2,0.4,1615.0,120.0
India,"PLFS Year (Jul - Jun), 2020",Female,Urban,15-29 years,21,01-96,3.1,2.3,1.9,1.2,1.2,0.1,1.3,1.0,1.2,1.5,6142.0,367.0
India,"PLFS Year (Jul - Jun), 2020",Female,Urban,15-29 years,21,05-43,0.9,0.7,0.8,0.6,0.5,0.0,0.3,0.3,0.4,0.6,2286.0,118.0
India,"PLFS Year (Jul - Jun), 2020",Female,Urban,15-29 years,21,45-96,0.9,0.7,0.5,0.2,0.6,0.0,0.8,0.6,0.5,0.5,2241.0,129.0
India,"PLFS Year (Jul - Jun), 2020",Female,Urban,15-29 years,11-21,01-03,1.9,1.1,0.8,0.5,0.2,0.1,0.3,0.1,0.3,0.5,2163.0,154.0
India,"PLFS Year (Jul - Jun), 2020",Female,Urban,15-29 years,11-21,01-96,8.5,7.0,5.9,3.4,3.2,3.2,4.0,5.8,3.7,4.6,18835.0,1084.0
India,"PLFS Year (Jul - Jun), 2020",Female,Urban,15-29 years,11-21,05-43,4.7,4.6,3.9,2.3,1.5,0.4,1.0,0.3,1.4,2.3,9348.0,487.0
India,"PLFS Year (Jul - Jun), 2020",Female,Urban,15-29 years,11-21,45-96,1.9,1.4,1.2,0.5,1.5,2.7,2.8,5.3,2.0,1.8,7324.0,443.0
India,"PLFS Year (Jul - Jun), 2020",Female,Urban,15-29 years,31,01-03,0.0,0.0,0.0,0.0,0.0,0.2,0.0,0.0,0.0,0.0,10.0,1.0
India,"PLFS Year (Jul - Jun), 2020",Female,Urban,15-29 years,31,01-99,5.2,8.7,4.1,3.2,5.0,30.4,17.7,26.3,10.4,8.9,36840.0,1849.0
India,"PLFS Year (Jul - Jun), 2020",Female,Urban,15-29 years,31,05-43,0.6,1.8,0.8,0.8,0.4,2.5,2.0,1.6,1.1,1.1,4515.0,199.0
India,"PLFS Year (Jul - Jun), 2020",Female,Urban,15-29 years,31,45-99,4.5,7.0,3.3,2.4,4.5,27.7,15.7,24.7,9.3,7.8,32315.0,1649.0
India,"PLFS Year (Jul - Jun), 2020",Female,Urban,15-29 years,41,,0.0,0.1,0.0,0.0,0.0,0.0,0.1,0.0,0.0,0.0,142.0,6.0
India,"PLFS Year (Jul - Jun), 2020",Female,Urban,15-29 years,51,01-03,0.8,1.3,0.2,0.1,0.0,0.0,0.1,0.1,0.0,0.2,843.0,42.0
India,"PLFS Year (Jul - Jun), 2020",Female,Urban,15-29 years,51,01-99,3.1,2.5,1.4,0.4,0.2,0.7,0.1,0.1,0.2,0.8,3134.0,153.0
India,"PLFS Year (Jul - Jun), 2020",Female,Urban,15-29 years,51,05-43,2.3,1.0,0.9,0.2,0.1,0.6,0.0,0.0,0.1,0.4,1766.0,78.0
India,"PLFS Year (Jul - Jun), 2020",Female,Urban,15-29 years,51,45-99,0.0,0.2,0.3,0.1,0.1,0.0,0.0,0.1,0.1,0.1,525.0,33.0
India,"PLFS Year (Jul - Jun), 2020",Female,Urban,15-29 years,41 & 51,01-99,3.1,2.6,1.4,0.4,0.3,0.7,0.2,0.1,0.3,0.8,3276.0,159.0
India,"PLFS Year (Jul - Jun), 2020",Female,Urban,15-29 years,11-51,01-03,2.7,2.4,1.0,0.6,0.2,0.2,0.3,0.2,0.3,0.7,3032.0,198.0
India,"PLFS Year (Jul - Jun), 2020",Female,Urban,15-29 years,11-51,01-99,16.8,18.4,11.5,7.0,8.4,34.2,21.9,32.2,14.4,14.3,58952.0,3092.0
India,"PLFS Year (Jul - Jun), 2020",Female,Urban,15-29 years,11-51,05-43,7.7,7.5,5.6,3.3,2.0,3.6,3.1,1.9,2.7,3.8,15755.0,769.0
India,"PLFS Year (Jul - Jun), 2020",Female,Urban,15-29 years,11-51,45-99,6.4,8.5,4.8,3.0,6.2,30.4,18.5,30.1,11.4,9.7,40164.0,2125.0
India,"PLFS Year (Jul - Jun), 2020",Female,Urban,15-29 years,81,,0.2,0.5,0.9,0.8,1.5,11.5,14.3,17.6,6.5,4.7,19518.0,1206.0
India,"PLFS Year (Jul - Jun), 2020",Female,Urban,15-29 years,11-81,,16.9,18.9,12.4,7.8,9.9,45.7,36.2,49.8,20.9,19.0,78469.0,4298.0
India,"PLFS Year (Jul - Jun), 2020",Female,Urban,15-29 years,UR,,1.0,2.8,7.0,9.9,15.4,25.2,39.4,35.4,31.1,24.9,,
India,"PLFS Year (Jul - Jun), 2020",Female,Urban,15-29 years,91,,0.6,10.3,36.6,57.6,57.9,17.8,21.1,10.8,42.6,37.0,152597.0,9334.0
India,"PLFS Year (Jul - Jun), 2020",Female,Urban,15-29 years,92,,69.6,59.3,44.1,30.7,28.1,34.0,38.2,36.1,32.4,38.3,157986.0,8061.0
India,"PLFS Year (Jul - Jun), 2020",Female,Urban,15-29 years,93,,8.6,9.4,6.1,3.5,3.4,2.1,4.1,2.9,3.5,4.7,19272.0,1132.0
India,"PLFS Year (Jul - Jun), 2020",Female,Urban,15-29 years,94,,0.1,0.1,0.3,0.1,0.1,0.4,0.1,0.1,0.1,0.1,465.0,34.0
India,"PLFS Year (Jul - Jun), 2020",Female,Urban,15-29 years,95,,3.4,1.3,0.2,0.0,0.2,0.0,0.1,0.0,0.1,0.4,1572.0,84.0
India,"PLFS Year (Jul - Jun), 2020",Female,Urban,15-29 years,97,,0.8,0.6,0.3,0.4,0.3,0.0,0.3,0.3,0.4,0.4,1615.0,107.0
India,"PLFS Year (Jul - Jun), 2020",Female,Urban,15-29 years,99,,0.0,0.0,0.0,0.0,0.0,0.0,0.0,0.0,0.0,0.0,0.0,0.0
India,"PLFS Year (Jul - Jun), 2020",Female,Urban,15-29 years,91-99,,83.1,81.1,87.6,92.2,90.1,54.3,63.8,50.2,79.1,81.0,333506.0,18752.0
India,"PLFS Year (Jul - Jun), 2020",Female,Urban,15-29 years,11-99,,100.0,100.0,100.0,100.0,100.0,100.0,100.0,100.0,100.0,100.0,411976.0,23050.0
India,"PLFS Year (Jul - Jun), 2020",Female,Urban,15 years and above,"11,12",01-03,1.4,0.9,0.5,0.4,0.2,0.8,0.1,0.2,0.2,0.6,7391.0,575.0
India,"PLFS Year (Jul - Jun), 2020",Female,Urban,15 years and above,"11,12",01-96,6.6,7.8,6.1,4.5,4.0,4.7,4.2,4.4,4.3,5.5,68853.0,4071.0
India,"PLFS Year (Jul - Jun), 2020",Female,Urban,15 years and above,"11,12",05-43,2.7,4.5,4.0,2.8,2.1,1.5,1.0,0.3,1.8,2.7,33804.0,1756.0
India,"PLFS Year (Jul - Jun), 2020",Female,Urban,15 years and above,"11,12",45-96,2.5,2.4,1.6,1.4,1.7,2.4,3.0,3.9,2.3,2.2,27657.0,1740.0
India,"PLFS Year (Jul - Jun), 2020",Female,Urban,15 years and above,21,01-03,1.9,1.2,0.8,0.6,0.3,1.0,0.2,0.0,0.3,0.8,10515.0,713.0
India,"PLFS Year (Jul - Jun), 2020",Female,Urban,15 years and above,21,01-96,3.9,3.9,2.7,2.1,1.7,2.6,1.5,1.4,1.7,2.6,32569.0,1900.0
India,"PLFS Year (Jul - Jun), 2020",Female,Urban,15 years and above,21,05-43,0.6,1.0,0.7,0.6,0.6,0.7,0.2,0.3,0.4,0.6,7343.0,363.0
India,"PLFS Year (Jul - Jun), 2020",Female,Urban,15 years and above,21,45-96,1.3,1.6,1.2,0.9,0.9,0.8,1.1,1.1,1.0,1.2,14711.0,824.0
India,"PLFS Year (Jul - Jun), 2020",Female,Urban,15 years and above,11-21,01-03,3.3,2.1,1.3,1.0,0.5,1.9,0.3,0.2,0.6,1.4,17906.0,1288.0
India,"PLFS Year (Jul - Jun), 2020",Female,Urban,15 years and above,11-21,01-96,10.4,11.7,8.8,6.6,5.8,7.3,5.6,5.8,6.0,8.1,101421.0,5971.0
India,"PLFS Year (Jul - Jun), 2020",Female,Urban,15 years and above,11-21,05-43,3.3,5.5,4.6,3.4,2.7,2.1,1.2,0.6,2.2,3.3,41147.0,2119.0
India,"PLFS Year (Jul - Jun), 2020",Female,Urban,15 years and above,11-21,45-96,3.8,4.0,2.9,2.3,2.6,3.3,4.1,5.0,3.2,3.4,42368.0,2564.0
India,"PLFS Year (Jul - Jun), 2020",Female,Urban,15 years and above,31,01-03,0.0,0.0,0.0,0.0,0.0,0.1,0.0,0.0,0.0,0.0,181.0,18.0
India,"PLFS Year (Jul - Jun), 2020",Female,Urban,15 years and above,31,01-99,8.7,8.8,7.0,5.8,6.9,29.6,17.7,31.0,13.2,10.6,132545.0,7102.0
India,"PLFS Year (Jul - Jun), 2020",Female,Urban,15 years and above,31,05-43,1.2,2.1,1.6,1.4,0.7,1.6,1.5,1.4,1.2,1.4,17617.0,782.0
India,"PLFS Year (Jul - Jun), 2020",Female,Urban,15 years and above,31,45-99,7.4,6.7,5.4,4.4,6.2,27.9,16.2,29.6,11.9,9.2,114747.0,6302.0
India,"PLFS Year (Jul - Jun), 2020",Female,Urban,15 years and above,41,,0.3,0.4,0.3,0.2,0.0,0.5,0.0,0.0,0.1,0.2,2423.0,132.0
India,"PLFS Year (Jul - Jun), 2020",Female,Urban,15 years and above,51,01-03,2.1,1.3,0.4,0.1,0.1,0.1,0.0,0.0,0.1,0.7,8660.0,373.0
India,"PLFS Year (Jul - Jun), 2020",Female,Urban,15 years and above,51,01-99,6.2,3.8,2.2,0.5,0.3,0.8,0.1,0.1,0.3,2.2,27885.0,1202.0
India,"PLFS Year (Jul - Jun), 2020",Female,Urban,15 years and above,51,05-43,3.1,1.7,1.2,0.3,0.1,0.3,0.1,0.0,0.2,1.1,13769.0,570.0
India,"PLFS Year (Jul - Jun), 2020",Female,Urban,15 years and above,51,45-99,0.9,0.8,0.5,0.1,0.1,0.4,0.0,0.1,0.1,0.4,5456.0,259.0
India,"PLFS Year (Jul - Jun), 2020",Female,Urban,15 years and above,41 & 51,01-99,6.4,4.2,2.4,0.7,0.3,1.3,0.2,0.1,0.4,2.4,30308.0,1334.0
India,"PLFS Year (Jul - Jun), 2020",Female,Urban,15 years and above,11-51,01-03,5.5,3.5,1.9,1.1,0.6,2.4,0.4,0.2,0.7,2.2,27391.0,1715.0
India,"PLFS Year (Jul - Jun), 2020",Female,Urban,15 years and above,11-51,01-99,25.5,24.7,18.3,13.1,13.1,38.2,23.6,36.9,19.6,21.2,264274.0,14407.0
India,"PLFS Year (Jul - Jun), 2020",Female,Urban,15 years and above,11-51,05-43,7.9,9.6,7.5,5.2,3.6,4.1,2.8,2.0,3.6,6.0,74208.0,3562.0
India,"PLFS Year (Jul - Jun), 2020",Female,Urban,15 years and above,11-51,45-99,12.2,11.6,8.9,6.8,8.9,31.6,20.4,34.7,15.3,13.1,162675.0,9130.0
India,"PLFS Year (Jul - Jun), 2020",Female,Urban,15 years and above,81,,0.1,0.1,0.5,0.4,1.2,7.5,7.4,8.3,3.8,2.0,24955.0,1547.0
India,"PLFS Year (Jul - Jun), 2020",Female,Urban,15 years and above,11-81,,25.6,24.8,18.8,13.5,14.3,45.6,30.9,45.2,23.4,23.2,289229.0,15954.0
India,"PLFS Year (Jul - Jun), 2020",Female,Urban,15 years and above,UR,,0.3,0.6,2.6,3.2,8.7,16.4,23.9,18.4,16.3,8.6,,
India,"PLFS Year (Jul - Jun), 2020",Female,Urban,15 years and above,91,,0.1,1.8,12.5,24.5,34.4,8.1,9.6,3.7,20.0,12.3,153357.0,9391.0
India,"PLFS Year (Jul - Jun), 2020",Female,Urban,15 years and above,92,,49.3,56.0,57.0,52.2,43.9,33.4,50.8,41.8,47.9,50.9,633333.0,33116.0
India,"PLFS Year (Jul - Jun), 2020",Female,Urban,15 years and above,93,,7.3,7.1,6.5,5.3,4.9,3.6,5.4,4.4,5.1,6.0,75018.0,4777.0
India,"PLFS Year (Jul - Jun), 2020",Female,Urban,15 years and above,94,,11.3,7.5,4.2,3.6,1.8,9.1,2.8,4.3,3.1,5.5,68058.0,3938.0
India,"PLFS Year (Jul - Jun), 2020",Female,Urban,15 years and above,95,,2.4,0.9,0.3,0.2,0.2,0.0,0.1,0.1,0.2,0.7,8967.0,495.0
India,"PLFS Year (Jul - Jun), 2020",Female,Urban,15 years and above,97,,3.9,1.9,0.7,0.6,0.4,0.3,0.3,0.5,0.4,1.3,16754.0,926.0
India,"PLFS Year (Jul - Jun), 2020",Female,Urban,15 years and above,99,,0.0,0.0,0.0,0.0,0.0,0.0,0.0,0.0,0.0,0.0,0.0,0.0
India,"PLFS Year (Jul - Jun), 2020",Female,Urban,15 years and above,91-99,,74.4,75.2,81.2,86.5,85.7,54.4,69.1,54.8,76.6,76.8,955487.0,52643.0
India,"PLFS Year (Jul - Jun), 2020",Female,Urban,15 years and above,11-99,,100.0,100.0,100.0,100.0,100.0,100.0,100.0,100.0,100.0,100.0,1244716.0,68597.0
India,"PLFS Year (Jul - Jun), 2020",Female,Urban,all ages,"11,12",01-03,0.9,0.4,0.5,0.4,0.2,0.8,0.1,0.2,0.2,0.5,7391.0,575.0
India,"PLFS Year (Jul - Jun), 2020",Female,Urban,all ages,"11,12",01-96,4.5,3.9,5.4,4.5,4.0,4.7,4.2,4.4,4.3,4.4,68873.0,4072.0
India,"PLFS Year (Jul - Jun), 2020",Female,Urban,all ages,"11,12",05-43,1.9,2.3,3.5,2.8,2.1,1.5,1.0,0.3,1.8,2.2,33804.0,1756.0
India,"PLFS Year (Jul - Jun), 2020",Female,Urban,all ages,"11,12",45-96,1.7,1.2,1.5,1.4,1.7,2.4,3.0,3.9,2.3,1.8,27677.0,1741.0
India,"PLFS Year (Jul - Jun), 2020",Female,Urban,all ages,21,01-03,1.3,0.6,0.7,0.6,0.3,1.0,0.2,0.0,0.3,0.7,10579.0,716.0
India,"PLFS Year (Jul - Jun), 2020",Female,Urban,all ages,21,01-96,2.6,2.0,2.4,2.0,1.7,2.6,1.5,1.4,1.7,2.1,32821.0,1911.0
India,"PLFS Year (Jul - Jun), 2020",Female,Urban,all ages,21,05-43,0.4,0.5,0.6,0.6,0.6,0.7,0.2,0.3,0.4,0.5,7397.0,367.0
India,"PLFS Year (Jul - Jun), 2020",Female,Urban,all ages,21,45-96,0.9,0.8,1.1,0.9,0.9,0.8,1.1,1.1,1.0,1.0,14845.0,828.0
India,"PLFS Year (Jul - Jun), 2020",Female,Urban,all ages,11-21,01-03,2.2,1.1,1.2,1.0,0.5,1.9,0.3,0.2,0.6,1.2,17971.0,1291.0
India,"PLFS Year (Jul - Jun), 2020",Female,Urban,all ages,11-21,01-96,7.1,5.9,7.9,6.6,5.8,7.3,5.6,5.8,6.0,6.5,101694.0,5983.0
India,"PLFS Year (Jul - Jun), 2020",Female,Urban,all ages,11-21,05-43,2.3,2.8,4.1,3.3,2.7,2.1,1.2,0.6,2.2,2.6,41202.0,2123.0
India,"PLFS Year (Jul - Jun), 2020",Female,Urban,all ages,11-21,45-96,2.6,2.1,2.6,2.3,2.6,3.3,4.1,5.0,3.2,2.7,42522.0,2569.0
India,"PLFS Year (Jul - Jun), 2020",Female,Urban,all ages,31,01-03,0.0,0.0,0.0,0.0,0.0,0.1,0.0,0.0,0.0,0.0,181.0,18.0
India,"PLFS Year (Jul - Jun), 2020",Female,Urban,all ages,31,01-99,5.9,4.4,6.2,5.8,6.9,29.6,17.7,31.0,13.2,8.5,132577.0,7106.0
India,"PLFS Year (Jul - Jun), 2020",Female,Urban,all ages,31,05-43,0.8,1.0,1.4,1.4,0.7,1.6,1.5,1.4,1.2,1.1,17626.0,783.0
India,"PLFS Year (Jul - Jun), 2020",Female,Urban,all ages,31,45-99,5.1,3.4,4.8,4.4,6.2,27.9,16.2,29.6,11.9,7.4,114770.0,6305.0
India,"PLFS Year (Jul - Jun), 2020",Female,Urban,all ages,41,,0.2,0.2,0.2,0.2,0.0,0.5,0.0,0.0,0.1,0.2,2423.0,132.0
India,"PLFS Year (Jul - Jun), 2020",Female,Urban,all ages,51,01-03,1.5,0.7,0.4,0.1,0.1,0.1,0.0,0.0,0.1,0.6,8660.0,373.0
India,"PLFS Year (Jul - Jun), 2020",Female,Urban,all ages,51,01-99,4.2,1.9,1.9,0.5,0.3,0.8,0.1,0.1,0.3,1.8,27889.0,1204.0
India,"PLFS Year (Jul - Jun), 2020",Female,Urban,all ages,51,05-43,2.1,0.8,1.1,0.3,0.1,0.3,0.1,0.0,0.2,0.9,13772.0,571.0
India,"PLFS Year (Jul - Jun), 2020",Female,Urban,all ages,51,45-99,0.6,0.4,0.5,0.1,0.1,0.4,0.0,0.1,0.1,0.4,5456.0,260.0
India,"PLFS Year (Jul - Jun), 2020",Female,Urban,all ages,41 & 51,01-99,4.4,2.1,2.2,0.7,0.3,1.3,0.2,0.1,0.4,1.9,30312.0,1336.0
India,"PLFS Year (Jul - Jun), 2020",Female,Urban,all ages,11-51,01-03,3.8,1.8,1.7,1.1,0.6,2.4,0.4,0.2,0.7,1.8,27455.0,1718.0
India,"PLFS Year (Jul - Jun), 2020",Female,Urban,all ages,11-51,01-99,17.5,12.5,16.3,13.0,13.1,38.2,23.6,36.9,19.6,17.0,264583.0,14425.0
India,"PLFS Year (Jul - Jun), 2020",Female,Urban,all ages,11-51,05-43,5.4,4.8,6.7,5.1,3.6,4.1,2.8,2.0,3.6,4.8,74275.0,3568.0
India,"PLFS Year (Jul - Jun), 2020",Female,Urban,all ages,11-51,45-99,8.3,5.9,7.9,6.8,8.9,31.6,20.4,34.7,15.3,10.4,162852.0,9139.0
India,"PLFS Year (Jul - Jun), 2020",Female,Urban,all ages,81,,0.1,0.1,0.4,0.4,1.2,7.5,7.4,8.3,3.8,1.6,24964.0,1548.0
India,"PLFS Year (Jul - Jun), 2020",Female,Urban,all ages,11-81,,17.5,12.6,16.7,13.5,14.3,45.6,30.9,45.2,23.4,18.6,289546.0,15973.0
India,"PLFS Year (Jul - Jun), 2020",Female,Urban,all ages,UR,,0.4,0.6,2.6,3.2,8.7,16.4,23.9,18.4,16.3,8.6,,
India,"PLFS Year (Jul - Jun), 2020",Female,Urban,all ages,91,,4.0,48.7,22.0,24.9,34.4,8.1,9.6,3.7,20.1,23.5,365849.0,21067.0
India,"PLFS Year (Jul - Jun), 2020",Female,Urban,all ages,92,,33.8,28.6,50.9,52.0,43.9,33.4,50.8,41.8,47.8,40.8,635814.0,33202.0
India,"PLFS Year (Jul - Jun), 2020",Female,Urban,all ages,93,,5.0,3.6,5.8,5.3,4.9,3.6,5.4,4.4,5.1,4.8,75092.0,4784.0
India,"PLFS Year (Jul - Jun), 2020",Female,Urban,all ages,94,,7.8,3.8,3.7,3.6,1.8,9.1,2.8,4.3,3.1,4.4,68064.0,3940.0
India,"PLFS Year (Jul - Jun), 2020",Female,Urban,all ages,95,,1.7,0.5,0.3,0.2,0.2,0.0,0.1,0.1,0.2,0.6,9333.0,518.0
India,"PLFS Year (Jul - Jun), 2020",Female,Urban,all ages,97,,4.6,1.7,0.6,0.6,0.4,0.3,0.3,0.5,0.4,1.7,25868.0,1353.0
India,"PLFS Year (Jul - Jun), 2020",Female,Urban,all ages,99,,25.5,0.6,0.0,0.0,0.0,0.0,0.0,0.0,0.0,5.7,89149.0,4772.0
India,"PLFS Year (Jul - Jun), 2020",Female,Urban,all ages,91-99,,82.5,87.4,83.3,86.5,85.7,54.4,69.1,54.8,76.6,81.4,1269169.0,69636.0
India,"PLFS Year (Jul - Jun), 2020",Female,Urban,all ages,11-99,,100.0,100.0,100.0,100.0,100.0,100.0,100.0,100.0,100.0,100.0,1558715.0,85609.0
India,"PLFS Year (Jul - Jun), 2020",Persons,Urban,15-29 years,"11,12",01-03,0.6,0.4,0.4,0.2,0.1,0.1,0.2,0.1,0.2,0.2,2102.0,155.0
India,"PLFS Year (Jul - Jun), 2020",Persons,Urban,15-29 years,"11,12",01-96,13.3,10.9,7.4,4.6,4.0,7.0,5.5,6.7,4.8,6.1,53055.0,2945.0
India,"PLFS Year (Jul - Jun), 2020",Persons,Urban,15-29 years,"11,12",05-43,3.9,5.3,2.7,1.7,1.1,1.7,1.0,0.3,1.2,1.9,16646.0,868.0
India,"PLFS Year (Jul - Jun), 2020",Persons,Urban,15-29 years,"11,12",45-96,8.8,5.2,4.4,2.7,2.7,5.2,4.2,6.3,3.4,4.0,34306.0,1922.0
India,"PLFS Year (Jul - Jun), 2020",Persons,Urban,15-29 years,21,01-03,1.0,1.1,0.9,0.6,0.6,0.9,0.6,0.4,0.6,0.7,6030.0,379.0
India,"PLFS Year (Jul - Jun), 2020",Persons,Urban,15-29 years,21,01-96,4.1,5.0,3.9,3.1,2.9,4.0,4.2,3.0,3.4,3.6,31319.0,1788.0
India,"PLFS Year (Jul - Jun), 2020",Persons,Urban,15-29 years,21,05-43,1.2,1.6,1.2,0.9,0.8,1.3,0.8,0.9,0.9,1.0,8529.0,480.0
India,"PLFS Year (Jul - Jun), 2020",Persons,Urban,15-29 years,21,45-96,1.9,2.2,1.9,1.6,1.6,1.8,2.8,1.7,1.9,1.9,16760.0,929.0
India,"PLFS Year (Jul - Jun), 2020",Persons,Urban,15-29 years,11-21,01-03,1.6,1.5,1.2,0.8,0.7,0.9,0.8,0.5,0.8,0.9,8132.0,534.0
India,"PLFS Year (Jul - Jun), 2020",Persons,Urban,15-29 years,11-21,01-96,17.4,15.9,11.4,7.7,6.9,11.0,9.7,9.7,8.2,9.8,84374.0,4733.0
India,"PLFS Year (Jul - Jun), 2020",Persons,Urban,15-29 years,11-21,05-43,5.1,6.9,3.8,2.6,1.9,3.0,1.9,1.2,2.1,2.9,25175.0,1348.0
India,"PLFS Year (Jul - Jun), 2020",Persons,Urban,15-29 years,11-21,45-96,10.7,7.5,6.3,4.2,4.3,7.0,7.0,8.0,5.4,5.9,51067.0,2851.0
India,"PLFS Year (Jul - Jun), 2020",Persons,Urban,15-29 years,31,01-03,0.1,0.1,0.0,0.0,0.0,0.1,0.0,0.0,0.0,0.0,355.0,26.0
India,"PLFS Year (Jul - Jun), 2020",Persons,Urban,15-29 years,31,01-99,11.9,19.3,15.9,11.6,11.4,37.7,29.0,36.0,18.9,18.1,155987.0,7786.0
India,"PLFS Year (Jul - Jun), 2020",Persons,Urban,15-29 years,31,05-43,3.9,7.7,6.7,4.6,2.9,13.9,5.6,5.9,4.8,5.3,46023.0,2011.0
India,"PLFS Year (Jul - Jun), 2020",Persons,Urban,15-29 years,31,45-99,7.8,11.5,9.1,6.9,8.4,23.7,23.3,30.0,14.1,12.7,109609.0,5749.0
India,"PLFS Year (Jul - Jun), 2020",Persons,Urban,15-29 years,41,,0.0,0.1,0.0,0.0,0.0,0.0,0.1,0.0,0.0,0.0,335.0,26.0
India,"PLFS Year (Jul - Jun), 2020",Persons,Urban,15-29 years,51,01-03,0.9,1.2,0.5,0.1,0.1,0.3,0.1,0.0,0.1,0.3,2381.0,130.0
India,"PLFS Year (Jul - Jun), 2020",Persons,Urban,15-29 years,51,01-99,12.6,15.6,8.1,4.1,1.7,4.0,0.6,0.2,2.1,4.7,40385.0,2092.0
India,"PLFS Year (Jul - Jun), 2020",Persons,Urban,15-29 years,51,05-43,10.7,12.5,6.2,3.0,1.1,2.8,0.4,0.1,1.4,3.6,30840.0,1565.0
India,"PLFS Year (Jul - Jun), 2020",Persons,Urban,15-29 years,51,45-99,1.0,1.9,1.4,1.0,0.5,0.9,0.1,0.0,0.5,0.8,7165.0,397.0
India,"PLFS Year (Jul - Jun), 2020",Persons,Urban,15-29 years,41 & 51,01-99,12.6,15.7,8.1,4.2,1.8,4.0,0.7,0.2,2.1,4.7,40720.0,2118.0
India,"PLFS Year (Jul - Jun), 2020",Persons,Urban,15-29 years,11-51,01-03,2.6,2.8,1.7,1.0,0.8,1.3,0.9,0.5,0.9,1.3,10884.0,691.0
India,"PLFS Year (Jul - Jun), 2020",Persons,Urban,15-29 years,11-51,01-99,41.8,51.0,35.3,23.5,20.0,52.7,39.4,45.8,29.2,32.6,281081.0,14637.0
India,"PLFS Year (Jul - Jun), 2020",Persons,Urban,15-29 years,11-51,05-43,19.8,27.3,16.8,10.3,6.0,19.7,8.0,7.3,8.3,11.9,102356.0,4949.0
India,"PLFS Year (Jul - Jun), 2020",Persons,Urban,15-29 years,11-51,45-99,19.5,20.9,16.8,12.2,13.2,31.6,30.5,38.0,20.0,19.4,167841.0,8997.0
India,"PLFS Year (Jul - Jun), 2020",Persons,Urban,15-29 years,81,,3.1,3.5,3.6,3.1,4.0,18.3,17.9,19.7,9.1,7.4,63786.0,3853.0
India,"PLFS Year (Jul - Jun), 2020",Persons,Urban,15-29 years,11-81,,45.0,54.4,38.9,26.5,24.1,70.9,57.3,65.5,38.3,39.9,344868.0,18490.0
India,"PLFS Year (Jul - Jun), 2020",Persons,Urban,15-29 years,UR,,6.9,6.4,9.2,11.6,16.8,25.7,31.2,30.0,23.8,18.5,,
India,"PLFS Year (Jul - Jun), 2020",Persons,Urban,15-29 years,91,,1.2,10.1,36.5,56.7,60.1,17.8,20.7,10.3,43.6,37.9,327292.0,20001.0
India,"PLFS Year (Jul - Jun), 2020",Persons,Urban,15-29 years,92,,41.0,28.3,20.2,14.4,13.6,10.3,19.4,21.9,15.8,18.6,160885.0,8253.0
India,"PLFS Year (Jul - Jun), 2020",Persons,Urban,15-29 years,93,,5.1,4.4,2.9,1.6,1.6,0.6,2.1,1.8,1.7,2.3,19725.0,1162.0
India,"PLFS Year (Jul - Jun), 2020",Persons,Urban,15-29 years,94,,0.1,0.0,0.1,0.1,0.0,0.3,0.0,0.1,0.1,0.1,617.0,53.0
India,"PLFS Year (Jul - Jun), 2020",Persons,Urban,15-29 years,95,,6.1,1.7,0.6,0.1,0.2,0.0,0.1,0.0,0.1,0.6,5029.0,251.0
India,"PLFS Year (Jul - Jun), 2020",Persons,Urban,15-29 years,97,,1.6,1.0,0.8,0.5,0.4,0.1,0.4,0.4,0.4,0.6,4965.0,278.0
India,"PLFS Year (Jul - Jun), 2020",Persons,Urban,15-29 years,99,,0.0,0.0,0.0,0.0,0.0,0.0,0.0,0.0,0.0,0.0,0.0,0.0
India,"PLFS Year (Jul - Jun), 2020",Persons,Urban,15-29 years,91-99,,55.0,45.6,61.1,73.5,75.9,29.1,42.7,34.5,61.7,60.1,518513.0,29998.0
India,"PLFS Year (Jul - Jun), 2020",Persons,Urban,15-29 years,11-99,,100.0,100.0,100.0,100.0,100.0,100.0,100.0,100.0,100.0,100.0,863380.0,48488.0
India,"PLFS Year (Jul - Jun), 2020",Persons,Urban,15 years and above,"11,12",01-03,2.4,2.0,1.5,1.2,1.1,1.3,1.0,0.6,1.1,1.5,36520.0,2496.0
India,"PLFS Year (Jul - Jun), 2020",Persons,Urban,15 years and above,"11,12",01-96,13.9,19.0,17.8,15.4,12.5,15.4,14.1,10.8,13.8,15.2,382883.0,21810.0
India,"PLFS Year (Jul - Jun), 2020",Persons,Urban,15 years and above,"11,12",05-43,3.8,6.6,5.2,4.2,3.0,4.6,2.5,1.1,3.1,4.0,101628.0,5485.0
India,"PLFS Year (Jul - Jun), 2020",Persons,Urban,15 years and above,"11,12",45-96,7.8,10.4,11.1,10.0,8.4,9.6,10.6,9.1,9.6,9.7,244734.0,13829.0
India,"PLFS Year (Jul - Jun), 2020",Persons,Urban,15 years and above,21,01-03,1.3,0.9,0.7,0.5,0.5,0.8,0.3,0.2,0.4,0.7,17060.0,1105.0
India,"PLFS Year (Jul - Jun), 2020",Persons,Urban,15 years and above,21,01-96,3.1,3.2,2.9,2.5,2.9,3.0,2.9,2.1,2.7,2.9,72114.0,4089.0
India,"PLFS Year (Jul - Jun), 2020",Persons,Urban,15 years and above,21,05-43,0.5,0.9,0.7,0.6,0.7,0.8,0.5,0.4,0.6,0.6,16068.0,859.0
India,"PLFS Year (Jul - Jun), 2020",Persons,Urban,15 years and above,21,45-96,1.2,1.4,1.5,1.4,1.7,1.3,2.0,1.4,1.7,1.6,38987.0,2125.0
India,"PLFS Year (Jul - Jun), 2020",Persons,Urban,15 years and above,11-21,01-03,3.7,3.0,2.2,1.7,1.7,2.1,1.4,0.8,1.5,2.1,53580.0,3601.0
India,"PLFS Year (Jul - Jun), 2020",Persons,Urban,15 years and above,11-21,01-96,17.0,22.2,20.7,18.0,15.4,18.4,17.0,12.9,16.5,18.1,454998.0,25899.0
India,"PLFS Year (Jul - Jun), 2020",Persons,Urban,15 years and above,11-21,05-43,4.3,7.4,6.0,4.9,3.7,5.4,3.1,1.5,3.7,4.7,117696.0,6344.0
India,"PLFS Year (Jul - Jun), 2020",Persons,Urban,15 years and above,11-21,45-96,9.0,11.8,12.6,11.4,10.1,10.9,12.6,10.5,11.3,11.3,283721.0,15954.0
India,"PLFS Year (Jul - Jun), 2020",Persons,Urban,15 years and above,31,01-03,0.1,0.1,0.1,0.0,0.1,0.1,0.1,0.4,0.1,0.1,2512.0,152.0
India,"PLFS Year (Jul - Jun), 2020",Persons,Urban,15 years and above,31,01-99,11.6,16.3,18.7,17.4,17.4,41.6,32.6,44.7,25.8,21.3,534569.0,28153.0
India,"PLFS Year (Jul - Jun), 2020",Persons,Urban,15 years and above,31,05-43,3.4,6.1,7.0,6.1,4.6,16.3,6.5,5.9,6.2,5.9,149130.0,6821.0
India,"PLFS Year (Jul - Jun), 2020",Persons,Urban,15 years and above,31,45-99,8.1,10.0,11.6,11.2,12.8,25.2,26.0,38.4,19.6,15.2,382927.0,21180.0
India,"PLFS Year (Jul - Jun), 2020",Persons,Urban,15 years and above,41,,0.3,0.3,0.2,0.1,0.0,0.1,0.0,0.0,0.1,0.1,3593.0,217.0
India,"PLFS Year (Jul - Jun), 2020",Persons,Urban,15 years and above,51,01-03,2.3,1.5,0.7,0.2,0.1,0.3,0.1,0.0,0.1,0.7,17854.0,816.0
India,"PLFS Year (Jul - Jun), 2020",Persons,Urban,15 years and above,51,01-99,12.5,12.8,9.1,4.4,2.2,3.2,0.7,0.2,2.2,6.3,158602.0,7939.0
India,"PLFS Year (Jul - Jun), 2020",Persons,Urban,15 years and above,51,05-43,8.1,9.0,6.6,3.3,1.5,2.4,0.5,0.1,1.6,4.4,110463.0,5562.0
India,"PLFS Year (Jul - Jun), 2020",Persons,Urban,15 years and above,51,45-99,2.1,2.3,1.8,0.9,0.6,0.6,0.1,0.1,0.5,1.2,30286.0,1561.0
India,"PLFS Year (Jul - Jun), 2020",Persons,Urban,15 years and above,41 & 51,01-99,12.8,13.1,9.3,4.5,2.2,3.4,0.7,0.2,2.2,6.5,162196.0,8156.0
India,"PLFS Year (Jul - Jun), 2020",Persons,Urban,15 years and above,11-51,01-03,6.1,4.6,3.0,2.0,1.8,2.6,1.5,1.3,1.7,3.0,74589.0,4605.0
India,"PLFS Year (Jul - Jun), 2020",Persons,Urban,15 years and above,11-51,01-99,41.3,51.5,48.7,39.9,35.0,63.4,50.3,57.8,44.6,45.8,1151763.0,62208.0
India,"PLFS Year (Jul - Jun), 2020",Persons,Urban,15 years and above,11-51,05-43,16.0,22.8,19.7,14.3,9.7,24.1,10.0,7.5,11.4,15.1,380126.0,18902.0
India,"PLFS Year (Jul - Jun), 2020",Persons,Urban,15 years and above,11-51,45-99,19.2,24.2,26.0,23.6,23.4,36.8,38.8,49.0,31.4,27.7,697047.0,38701.0
India,"PLFS Year (Jul - Jun), 2020",Persons,Urban,15 years and above,81,,0.6,1.0,1.8,1.7,3.1,9.6,8.5,7.7,5.1,3.3,82526.0,4982.0
India,"PLFS Year (Jul - Jun), 2020",Persons,Urban,15 years and above,11-81,,41.9,52.5,50.5,41.6,38.1,73.0,58.9,65.5,49.6,49.1,1234288.0,67190.0
India,"PLFS Year (Jul - Jun), 2020",Persons,Urban,15 years and above,UR,,1.3,1.9,3.5,4.2,8.0,13.2,14.5,11.7,10.2,6.7,,
India,"PLFS Year (Jul - Jun), 2020",Persons,Urban,15 years and above,91,,0.2,2.0,12.8,23.9,34.6,8.0,8.3,3.0,19.2,13.1,328559.0,20094.0
India,"PLFS Year (Jul - Jun), 2020",Persons,Urban,15 years and above,92,,34.2,30.2,26.7,24.3,20.6,9.8,22.8,20.9,21.9,25.6,643392.0,33741.0
India,"PLFS Year (Jul - Jun), 2020",Persons,Urban,15 years and above,93,,5.0,3.8,3.1,2.5,2.3,1.0,2.4,2.2,2.3,3.1,76625.0,4890.0
India,"PLFS Year (Jul - Jun), 2020",Persons,Urban,15 years and above,94,,11.5,7.9,5.0,6.3,3.4,7.7,6.8,7.7,5.9,6.7,169425.0,9356.0
India,"PLFS Year (Jul - Jun), 2020",Persons,Urban,15 years and above,95,,3.2,1.6,0.9,0.5,0.3,0.2,0.2,0.1,0.3,1.0,25001.0,1355.0
India,"PLFS Year (Jul - Jun), 2020",Persons,Urban,15 years and above,97,,4.0,2.0,1.1,0.9,0.7,0.3,0.5,0.7,0.7,1.4,35006.0,1911.0
India,"PLFS Year (Jul - Jun), 2020",Persons,Urban,15 years and above,99,,0.0,0.0,0.0,0.0,0.0,0.0,0.0,0.0,0.0,0.0,0.0,0.0
India,"PLFS Year (Jul - Jun), 2020",Persons,Urban,15 years and above,91-99,,58.1,47.5,49.5,58.4,61.9,27.0,41.1,34.5,50.4,50.9,1278008.0,71347.0
India,"PLFS Year (Jul - Jun), 2020",Persons,Urban,15 years and above,11-99,,100.0,100.0,100.0,100.0,100.0,100.0,100.0,100.0,100.0,100.0,2512296.0,138537.0
India,"PLFS Year (Jul - Jun), 2020",Persons,Urban,all ages,"11,12",01-03,1.4,1.0,1.3,1.2,1.1,1.3,1.0,0.6,1.1,1.2,36550.0,2497.0
India,"PLFS Year (Jul - Jun), 2020",Persons,Urban,all ages,"11,12",01-96,8.3,9.0,16.0,15.4,12.5,15.4,14.1,10.8,13.7,12.1,383033.0,21815.0
India,"PLFS Year (Jul - Jun), 2020",Persons,Urban,all ages,"11,12",05-43,2.3,3.1,4.7,4.2,3.0,4.6,2.5,1.1,3.1,3.2,101717.0,5487.0
India,"PLFS Year (Jul - Jun), 2020",Persons,Urban,all ages,"11,12",45-96,4.7,4.9,10.0,10.0,8.4,9.6,10.6,9.1,9.6,7.7,244766.0,13831.0
India,"PLFS Year (Jul - Jun), 2020",Persons,Urban,all ages,21,01-03,0.8,0.5,0.6,0.5,0.5,0.8,0.3,0.2,0.4,0.5,17207.0,1114.0
India,"PLFS Year (Jul - Jun), 2020",Persons,Urban,all ages,21,01-96,1.9,1.6,2.6,2.5,2.9,3.0,2.9,2.1,2.7,2.3,72737.0,4116.0
India,"PLFS Year (Jul - Jun), 2020",Persons,Urban,all ages,21,05-43,0.3,0.4,0.6,0.6,0.7,0.8,0.5,0.4,0.6,0.5,16139.0,864.0
India,"PLFS Year (Jul - Jun), 2020",Persons,Urban,all ages,21,45-96,0.7,0.7,1.4,1.4,1.7,1.3,2.0,1.4,1.7,1.2,39391.0,2138.0
India,"PLFS Year (Jul - Jun), 2020",Persons,Urban,all ages,11-21,01-03,2.2,1.4,2.0,1.7,1.7,2.1,1.4,0.8,1.5,1.7,53757.0,3611.0
India,"PLFS Year (Jul - Jun), 2020",Persons,Urban,all ages,11-21,01-96,10.2,10.6,18.6,17.9,15.4,18.4,17.0,12.9,16.5,14.3,455770.0,25931.0
India,"PLFS Year (Jul - Jun), 2020",Persons,Urban,all ages,11-21,05-43,2.6,3.5,5.4,4.8,3.7,5.4,3.1,1.5,3.7,3.7,117857.0,6351.0
India,"PLFS Year (Jul - Jun), 2020",Persons,Urban,all ages,11-21,45-96,5.4,5.6,11.3,11.4,10.1,10.9,12.6,10.5,11.3,8.9,284157.0,15969.0
India,"PLFS Year (Jul - Jun), 2020",Persons,Urban,all ages,31,01-03,0.1,0.1,0.1,0.0,0.1,0.1,0.1,0.4,0.1,0.1,2538.0,153.0
India,"PLFS Year (Jul - Jun), 2020",Persons,Urban,all ages,31,01-99,7.0,7.8,16.8,17.3,17.4,41.6,32.6,44.7,25.8,16.8,535019.0,28176.0
India,"PLFS Year (Jul - Jun), 2020",Persons,Urban,all ages,31,05-43,2.0,2.9,6.3,6.1,4.6,16.3,6.5,5.9,6.2,4.7,149220.0,6825.0
India,"PLFS Year (Jul - Jun), 2020",Persons,Urban,all ages,31,45-99,4.9,4.8,10.4,11.2,12.8,25.2,26.0,38.4,19.6,12.1,383261.0,21198.0
India,"PLFS Year (Jul - Jun), 2020",Persons,Urban,all ages,41,,0.2,0.1,0.1,0.1,0.0,0.1,0.0,0.0,0.1,0.1,3593.0,217.0
India,"PLFS Year (Jul - Jun), 2020",Persons,Urban,all ages,51,01-03,1.4,0.7,0.7,0.2,0.1,0.3,0.1,0.0,0.1,0.6,17854.0,816.0
India,"PLFS Year (Jul - Jun), 2020",Persons,Urban,all ages,51,01-99,7.5,6.1,8.2,4.4,2.2,3.2,0.7,0.2,2.2,5.0,158722.0,7946.0
India,"PLFS Year (Jul - Jun), 2020",Persons,Urban,all ages,51,05-43,4.9,4.3,5.9,3.3,1.5,2.4,0.5,0.1,1.6,3.5,110534.0,5565.0
India,"PLFS Year (Jul - Jun), 2020",Persons,Urban,all ages,51,45-99,1.3,1.1,1.6,0.9,0.6,0.6,0.1,0.1,0.5,1.0,30334.0,1565.0
India,"PLFS Year (Jul - Jun), 2020",Persons,Urban,all ages,41 & 51,01-99,7.7,6.2,8.3,4.5,2.2,3.4,0.7,0.2,2.2,5.1,162315.0,8163.0
India,"PLFS Year (Jul - Jun), 2020",Persons,Urban,all ages,11-51,01-03,3.7,2.2,2.7,2.0,1.8,2.6,1.5,1.3,1.7,2.4,74791.0,4616.0
India,"PLFS Year (Jul - Jun), 2020",Persons,Urban,all ages,11-51,01-99,24.8,24.6,43.7,39.7,35.0,63.4,50.3,57.8,44.5,36.3,1153104.0,62270.0
India,"PLFS Year (Jul - Jun), 2020",Persons,Urban,all ages,11-51,05-43,9.6,10.8,17.6,14.3,9.7,24.1,10.0,7.5,11.4,12.0,380447.0,18916.0
India,"PLFS Year (Jul - Jun), 2020",Persons,Urban,all ages,11-51,45-99,11.5,11.5,23.3,23.5,23.4,36.8,38.8,49.0,31.3,22.0,697866.0,38738.0
India,"PLFS Year (Jul - Jun), 2020",Persons,Urban,all ages,81,,0.3,0.5,1.6,1.7,3.1,9.6,8.5,7.7,5.1,2.6,82780.0,4993.0
India,"PLFS Year (Jul - Jun), 2020",Persons,Urban,all ages,11-81,,25.1,25.1,45.3,41.4,38.1,73.0,58.9,65.5,49.6,38.9,1235885.0,67263.0
India,"PLFS Year (Jul - Jun), 2020",Persons,Urban,all ages,UR,,1.4,2.0,3.5,4.2,8.0,13.2,14.5,11.7,10.2,6.7,,
India,"PLFS Year (Jul - Jun), 2020",Persons,Urban,all ages,91,,5.1,51.8,21.6,24.1,34.6,8.0,8.3,3.0,19.3,24.5,779322.0,44775.0
India,"PLFS Year (Jul - Jun), 2020",Persons,Urban,all ages,92,,20.6,14.6,24.0,24.3,20.6,9.8,22.8,20.9,21.9,20.4,646726.0,33871.0
India,"PLFS Year (Jul - Jun), 2020",Persons,Urban,all ages,93,,3.0,1.8,2.8,2.5,2.3,1.0,2.4,2.2,2.3,2.4,76816.0,4905.0
India,"PLFS Year (Jul - Jun), 2020",Persons,Urban,all ages,94,,6.9,3.7,4.4,6.2,3.4,7.7,6.8,7.7,5.9,5.3,169456.0,9363.0
India,"PLFS Year (Jul - Jun), 2020",Persons,Urban,all ages,95,,2.1,0.8,0.8,0.5,0.3,0.2,0.2,0.1,0.3,0.8,25984.0,1415.0
India,"PLFS Year (Jul - Jun), 2020",Persons,Urban,all ages,97,,4.9,1.6,1.0,0.9,0.7,0.3,0.5,0.7,0.7,1.7,54436.0,2808.0
India,"PLFS Year (Jul - Jun), 2020",Persons,Urban,all ages,99,,32.4,0.6,0.0,0.0,0.0,0.0,0.0,0.0,0.0,6.0,189200.0,10139.0
India,"PLFS Year (Jul - Jun), 2020",Persons,Urban,all ages,91-99,,74.9,74.9,54.7,58.6,61.9,27.0,41.1,34.5,50.4,61.1,1941940.0,107276.0
India,"PLFS Year (Jul - Jun), 2020",Persons,Urban,all ages,11-99,,100.0,100.0,100.0,100.0,100.0,100.0,100.0,100.0,100.0,100.0,3177824.0,174539.0
India,"PLFS Year (Jul - Jun), 2020",Male,Rural + Urban,15-29 years,"11,12",01-03,7.4,6.9,4.1,2.8,2.7,2.2,3.0,2.3,2.8,3.7,57749.0,1817.0
India,"PLFS Year (Jul - Jun), 2020",Male,Rural + Urban,15-29 years,"11,12",01-96,18.9,15.9,11.3,8.3,8.4,11.1,11.2,12.8,9.2,10.8,168249.0,6253.0
India,"PLFS Year (Jul - Jun), 2020",Male,Rural + Urban,15-29 years,"11,12",05-43,3.3,4.0,1.9,1.7,1.4,2.9,1.5,0.7,1.5,2.0,30680.0,1117.0
India,"PLFS Year (Jul - Jun), 2020",Male,Rural + Urban,15-29 years,"11,12",45-96,8.2,5.0,5.3,3.7,4.4,6.0,6.7,9.8,4.9,5.1,79821.0,3319.0
India,"PLFS Year (Jul - Jun), 2020",Male,Rural + Urban,15-29 years,21,01-03,10.8,11.0,12.2,8.4,8.3,6.9,10.1,7.9,8.6,9.9,153314.0,4770.0
India,"PLFS Year (Jul - Jun), 2020",Male,Rural + Urban,15-29 years,21,01-96,14.2,14.0,15.0,10.4,10.6,9.7,14.2,11.3,11.3,12.6,196131.0,6546.0
India,"PLFS Year (Jul - Jun), 2020",Male,Rural + Urban,15-29 years,21,05-43,1.3,1.0,0.8,0.6,0.7,1.2,0.9,1.1,0.7,0.8,12469.0,557.0
India,"PLFS Year (Jul - Jun), 2020",Male,Rural + Urban,15-29 years,21,45-96,2.1,1.9,2.0,1.4,1.6,1.6,3.3,2.3,1.9,2.0,30348.0,1219.0
India,"PLFS Year (Jul - Jun), 2020",Male,Rural + Urban,15-29 years,11-21,01-03,18.2,17.9,16.3,11.2,10.9,9.1,13.1,10.2,11.4,13.6,211062.0,6587.0
India,"PLFS Year (Jul - Jun), 2020",Male,Rural + Urban,15-29 years,11-21,01-96,33.1,29.9,26.3,18.7,19.0,20.8,25.4,24.1,20.5,23.5,364380.0,12799.0
India,"PLFS Year (Jul - Jun), 2020",Male,Rural + Urban,15-29 years,11-21,05-43,4.7,5.0,2.7,2.3,2.1,4.1,2.3,1.8,2.3,2.8,43149.0,1674.0
India,"PLFS Year (Jul - Jun), 2020",Male,Rural + Urban,15-29 years,11-21,45-96,10.2,7.0,7.3,5.2,6.0,7.7,10.0,12.1,6.8,7.1,110169.0,4538.0
India,"PLFS Year (Jul - Jun), 2020",Male,Rural + Urban,15-29 years,31,01-03,0.2,0.4,0.3,0.2,0.2,0.1,0.3,1.1,0.3,0.3,4372.0,164.0
India,"PLFS Year (Jul - Jun), 2020",Male,Rural + Urban,15-29 years,31,01-99,9.4,13.3,11.4,10.4,11.4,35.1,28.0,39.7,16.4,14.5,225832.0,9503.0
India,"PLFS Year (Jul - Jun), 2020",Male,Rural + Urban,15-29 years,31,05-43,3.9,5.8,4.9,4.1,3.6,17.8,6.6,7.8,5.1,5.1,79248.0,3044.0
India,"PLFS Year (Jul - Jun), 2020",Male,Rural + Urban,15-29 years,31,45-99,5.3,7.0,6.2,6.1,7.6,17.2,21.1,30.8,11.0,9.2,142212.0,6295.0
India,"PLFS Year (Jul - Jun), 2020",Male,Rural + Urban,15-29 years,41,,0.0,0.3,0.1,0.1,0.1,0.1,0.0,0.0,0.1,0.1,1612.0,98.0
India,"PLFS Year (Jul - Jun), 2020",Male,Rural + Urban,15-29 years,51,01-03,15.9,10.4,5.7,2.8,1.4,2.4,1.0,0.3,1.8,4.3,66183.0,1506.0
India,"PLFS Year (Jul - Jun), 2020",Male,Rural + Urban,15-29 years,51,01-99,39.7,34.5,19.6,10.1,5.9,7.9,2.8,0.9,6.6,14.2,220596.0,6942.0
India,"PLFS Year (Jul - Jun), 2020",Male,Rural + Urban,15-29 years,51,05-43,22.5,22.3,12.6,6.3,3.8,4.2,1.6,0.6,4.1,8.9,138643.0,4745.0
India,"PLFS Year (Jul - Jun), 2020",Male,Rural + Urban,15-29 years,51,45-99,1.3,1.8,1.3,1.1,0.6,1.2,0.3,0.0,0.7,1.0,15771.0,691.0
India,"PLFS Year (Jul - Jun), 2020",Male,Rural + Urban,15-29 years,41 & 51,01-99,39.7,34.8,19.7,10.2,6.0,8.0,2.9,0.9,6.7,14.3,222208.0,7040.0
India,"PLFS Year (Jul - Jun), 2020",Male,Rural + Urban,15-29 years,11-51,01-03,34.3,28.8,22.3,14.2,12.6,11.6,14.4,11.5,13.4,18.1,281683.0,8259.0
India,"PLFS Year (Jul - Jun), 2020",Male,Rural + Urban,15-29 years,11-51,01-99,82.1,78.0,57.4,39.4,36.5,63.9,56.3,64.6,43.7,52.3,812420.0,29342.0
India,"PLFS Year (Jul - Jun), 2020",Male,Rural + Urban,15-29 years,11-51,05-43,31.0,33.3,20.2,12.8,9.6,26.2,10.6,10.3,11.7,16.9,262578.0,9558.0
India,"PLFS Year (Jul - Jun), 2020",Male,Rural + Urban,15-29 years,11-51,45-99,16.8,15.8,14.9,12.4,14.2,26.1,31.4,42.9,18.6,17.3,268159.0,11525.0
India,"PLFS Year (Jul - Jun), 2020",Male,Rural + Urban,15-29 years,81,,5.0,5.9,4.6,4.8,5.7,18.9,21.4,21.9,9.7,7.8,121385.0,5107.0
India,"PLFS Year (Jul - Jun), 2020",Male,Rural + Urban,15-29 years,11-81,,87.1,83.9,62.0,44.2,42.1,82.7,77.8,86.5,53.3,60.1,933805.0,34449.0
India,"PLFS Year (Jul - Jun), 2020",Male,Rural + Urban,15-29 years,UR,,5.7,7.1,7.4,10.9,13.5,22.8,27.5,25.3,18.2,13.0,,
India,"PLFS Year (Jul - Jun), 2020",Male,Rural + Urban,15-29 years,91,,0.8,11.4,35.6,54.5,56.7,15.9,20.6,12.9,45.3,37.5,582479.0,24537.0
India,"PLFS Year (Jul - Jun), 2020",Male,Rural + Urban,15-29 years,92,,1.7,1.0,0.7,0.5,0.4,0.7,0.5,0.1,0.5,0.6,9621.0,434.0
India,"PLFS Year (Jul - Jun), 2020",Male,Rural + Urban,15-29 years,93,,1.1,0.5,0.5,0.1,0.1,0.0,0.3,0.1,0.1,0.3,4827.0,139.0
India,"PLFS Year (Jul - Jun), 2020",Male,Rural + Urban,15-29 years,94,,0.2,0.1,0.0,0.0,0.0,0.1,0.0,0.1,0.0,0.0,507.0,36.0
India,"PLFS Year (Jul - Jun), 2020",Male,Rural + Urban,15-29 years,95,,6.9,1.5,0.6,0.2,0.2,0.1,0.2,0.1,0.2,0.7,10390.0,372.0
India,"PLFS Year (Jul - Jun), 2020",Male,Rural + Urban,15-29 years,97,,2.2,1.6,0.7,0.5,0.5,0.4,0.6,0.3,0.5,0.7,11409.0,401.0
India,"PLFS Year (Jul - Jun), 2020",Male,Rural + Urban,15-29 years,99,,0.0,0.0,0.0,0.0,0.0,0.0,0.0,0.0,0.0,0.0,0.0,0.0
India,"PLFS Year (Jul - Jun), 2020",Male,Rural + Urban,15-29 years,91-99,,12.9,16.1,38.0,55.8,57.9,17.3,22.2,13.5,46.7,39.9,619234.0,25919.0
India,"PLFS Year (Jul - Jun), 2020",Male,Rural + Urban,15-29 years,11-99,,100.0,100.0,100.0,100.0,100.0,100.0,100.0,100.0,100.0,100.0,1553039.0,60368.0
India,"PLFS Year (Jul - Jun), 2020",Male,Rural + Urban,15 years and above,"11,12",01-03,31.1,24.9,17.6,13.6,10.5,3.9,7.4,6.3,10.3,17.7,738781.0,23112.0
India,"PLFS Year (Jul - Jun), 2020",Male,Rural + Urban,15 years and above,"11,12",01-96,42.1,41.8,34.4,29.6,24.0,19.6,24.5,20.8,25.7,33.0,1376329.0,50192.0
India,"PLFS Year (Jul - Jun), 2020",Male,Rural + Urban,15 years and above,"11,12",05-43,3.3,5.9,4.9,4.3,3.1,5.0,3.3,1.5,3.6,4.2,175219.0,6994.0
India,"PLFS Year (Jul - Jun), 2020",Male,Rural + Urban,15 years and above,"11,12",45-96,7.8,11.0,12.0,11.7,10.4,10.7,13.8,13.0,11.8,11.1,462328.0,20086.0
India,"PLFS Year (Jul - Jun), 2020",Male,Rural + Urban,15 years and above,21,01-03,2.2,4.1,6.9,5.6,6.6,4.6,5.8,3.3,5.7,5.2,215189.0,6741.0
India,"PLFS Year (Jul - Jun), 2020",Male,Rural + Urban,15 years and above,21,01-96,2.7,5.1,8.5,7.0,8.7,6.5,8.4,5.2,7.7,6.6,277200.0,9357.0
India,"PLFS Year (Jul - Jun), 2020",Male,Rural + Urban,15 years and above,21,05-43,0.2,0.3,0.5,0.4,0.5,0.8,0.5,0.5,0.5,0.4,16622.0,748.0
India,"PLFS Year (Jul - Jun), 2020",Male,Rural + Urban,15 years and above,21,45-96,0.3,0.7,1.2,1.1,1.5,1.1,2.1,1.3,1.5,1.1,45388.0,1868.0
India,"PLFS Year (Jul - Jun), 2020",Male,Rural + Urban,15 years and above,11-21,01-03,33.3,28.9,24.5,19.1,17.1,8.5,13.1,9.5,16.0,22.9,953970.0,29853.0
India,"PLFS Year (Jul - Jun), 2020",Male,Rural + Urban,15 years and above,11-21,01-96,44.8,46.9,43.0,36.6,32.7,26.2,32.9,26.0,33.4,39.6,1653528.0,59549.0
India,"PLFS Year (Jul - Jun), 2020",Male,Rural + Urban,15 years and above,11-21,05-43,3.4,6.2,5.3,4.7,3.7,5.8,3.8,2.0,4.1,4.6,191841.0,7742.0
India,"PLFS Year (Jul - Jun), 2020",Male,Rural + Urban,15 years and above,11-21,45-96,8.1,11.7,13.2,12.7,11.9,11.9,16.0,14.4,13.3,12.2,507717.0,21954.0
India,"PLFS Year (Jul - Jun), 2020",Male,Rural + Urban,15 years and above,31,01-03,0.6,0.6,0.5,0.3,0.4,0.1,0.4,0.9,0.4,0.5,19268.0,751.0
India,"PLFS Year (Jul - Jun), 2020",Male,Rural + Urban,15 years and above,31,01-99,5.5,11.0,13.7,15.8,17.3,40.2,36.5,52.0,24.5,16.7,698262.0,31660.0
India,"PLFS Year (Jul - Jun), 2020",Male,Rural + Urban,15 years and above,31,05-43,2.1,4.6,5.4,5.6,5.2,19.8,7.9,7.7,6.7,5.3,221685.0,9059.0
India,"PLFS Year (Jul - Jun), 2020",Male,Rural + Urban,15 years and above,31,45-99,2.7,5.8,7.9,10.0,11.8,20.3,28.2,43.4,17.4,11.0,457309.0,21850.0
India,"PLFS Year (Jul - Jun), 2020",Male,Rural + Urban,15 years and above,41,,0.3,0.3,0.1,0.1,0.1,0.0,0.1,0.1,0.1,0.2,6971.0,366.0
India,"PLFS Year (Jul - Jun), 2020",Male,Rural + Urban,15 years and above,51,01-03,13.3,9.6,5.8,3.3,1.6,2.1,0.8,0.1,1.9,5.9,246335.0,6008.0
India,"PLFS Year (Jul - Jun), 2020",Male,Rural + Urban,15 years and above,51,01-99,28.8,27.7,20.3,11.5,6.8,7.6,2.6,0.6,7.1,17.0,708695.0,22692.0
India,"PLFS Year (Jul - Jun), 2020",Male,Rural + Urban,15 years and above,51,05-43,14.1,16.3,12.8,7.1,4.5,4.5,1.7,0.3,4.5,9.9,411779.0,14520.0
India,"PLFS Year (Jul - Jun), 2020",Male,Rural + Urban,15 years and above,51,45-99,1.4,1.8,1.7,1.1,0.6,1.0,0.2,0.1,0.7,1.2,50581.0,2164.0
India,"PLFS Year (Jul - Jun), 2020",Male,Rural + Urban,15 years and above,41 & 51,01-99,29.2,28.0,20.4,11.5,6.9,7.6,2.7,0.7,7.2,17.2,715665.0,23058.0
India,"PLFS Year (Jul - Jun), 2020",Male,Rural + Urban,15 years and above,11-51,01-03,47.2,39.1,30.7,22.7,19.1,10.7,14.3,10.5,18.3,29.2,1219676.0,36617.0
India,"PLFS Year (Jul - Jun), 2020",Male,Rural + Urban,15 years and above,11-51,01-99,79.5,85.9,77.1,63.9,57.0,74.0,72.1,78.6,65.1,73.5,3067456.0,114267.0
India,"PLFS Year (Jul - Jun), 2020",Male,Rural + Urban,15 years and above,11-51,05-43,20.0,27.4,23.6,17.5,13.5,30.1,13.5,10.2,15.4,19.9,831927.0,31677.0
India,"PLFS Year (Jul - Jun), 2020",Male,Rural + Urban,15 years and above,11-51,45-99,12.3,19.3,22.8,23.8,24.3,33.2,44.4,57.9,31.4,24.4,1015853.0,45973.0
India,"PLFS Year (Jul - Jun), 2020",Male,Rural + Urban,15 years and above,81,,0.6,1.6,2.3,2.8,4.1,11.4,10.9,7.8,5.8,3.5,144560.0,6221.0
India,"PLFS Year (Jul - Jun), 2020",Male,Rural + Urban,15 years and above,11-81,,80.1,87.5,79.4,66.8,61.0,85.4,83.0,86.4,70.8,77.0,3212016.0,120488.0
India,"PLFS Year (Jul - Jun), 2020",Male,Rural + Urban,15 years and above,UR,,0.8,1.9,2.9,4.2,6.7,13.3,13.1,9.0,8.1,4.5,,
India,"PLFS Year (Jul - Jun), 2020",Male,Rural + Urban,15 years and above,91,,0.1,2.8,14.9,26.7,34.5,8.5,9.1,3.6,22.7,14.0,584130.0,24605.0
India,"PLFS Year (Jul - Jun), 2020",Male,Rural + Urban,15 years and above,92,,1.0,0.8,0.6,0.5,0.4,0.6,0.4,0.3,0.5,0.6,26150.0,1199.0
India,"PLFS Year (Jul - Jun), 2020",Male,Rural + Urban,15 years and above,93,,0.5,0.3,0.3,0.1,0.1,0.0,0.2,0.1,0.1,0.2,9638.0,348.0
India,"PLFS Year (Jul - Jun), 2020",Male,Rural + Urban,15 years and above,94,,10.6,5.4,2.9,4.4,2.9,4.7,6.2,8.6,4.6,5.4,223349.0,9083.0
India,"PLFS Year (Jul - Jun), 2020",Male,Rural + Urban,15 years and above,95,,3.7,1.6,0.9,0.6,0.4,0.2,0.4,0.1,0.4,1.3,52854.0,2020.0
India,"PLFS Year (Jul - Jun), 2020",Male,Rural + Urban,15 years and above,97,,4.1,1.6,1.0,0.9,0.7,0.5,0.8,0.9,0.8,1.5,62445.0,2162.0
India,"PLFS Year (Jul - Jun), 2020",Male,Rural + Urban,15 years and above,99,,0.0,0.0,0.0,0.0,0.0,0.0,0.0,0.0,0.0,0.0,0.0,0.0
India,"PLFS Year (Jul - Jun), 2020",Male,Rural + Urban,15 years and above,91-99,,19.9,12.5,20.6,33.2,39.0,14.6,17.0,13.6,29.2,23.0,958565.0,39417.0
India,"PLFS Year (Jul - Jun), 2020",Male,Rural + Urban,15 years and above,11-99,,100.0,100.0,100.0,100.0,100.0,100.0,100.0,100.0,100.0,100.0,4170581.0,159905.0
India,"PLFS Year (Jul - Jun), 2020",Male,Rural + Urban,all ages,"11,12",01-03,17.7,11.4,15.8,13.5,10.5,3.9,7.4,6.3,10.3,13.2,739007.0,23117.0
India,"PLFS Year (Jul - Jun), 2020",Male,Rural + Urban,all ages,"11,12",01-96,24.0,19.1,31.0,29.5,24.0,19.6,24.5,20.8,25.7,24.6,1376687.0,50203.0
India,"PLFS Year (Jul - Jun), 2020",Male,Rural + Urban,all ages,"11,12",05-43,1.9,2.7,4.4,4.3,3.1,5.0,3.3,1.5,3.6,3.1,175338.0,6997.0
India,"PLFS Year (Jul - Jun), 2020",Male,Rural + Urban,all ages,"11,12",45-96,4.4,5.0,10.8,11.6,10.4,10.7,13.8,13.0,11.8,8.3,462342.0,20089.0
India,"PLFS Year (Jul - Jun), 2020",Male,Rural + Urban,all ages,21,01-03,1.3,2.0,6.3,5.5,6.6,4.6,5.8,3.3,5.7,3.9,218265.0,6836.0
India,"PLFS Year (Jul - Jun), 2020",Male,Rural + Urban,all ages,21,01-96,1.6,2.4,7.8,7.0,8.7,6.5,8.4,5.2,7.7,5.0,281269.0,9475.0
India,"PLFS Year (Jul - Jun), 2020",Male,Rural + Urban,all ages,21,05-43,0.1,0.1,0.4,0.4,0.5,0.8,0.5,0.5,0.5,0.3,16742.0,751.0
India,"PLFS Year (Jul - Jun), 2020",Male,Rural + Urban,all ages,21,45-96,0.2,0.3,1.1,1.1,1.5,1.1,2.1,1.3,1.5,0.8,46262.0,1888.0
India,"PLFS Year (Jul - Jun), 2020",Male,Rural + Urban,all ages,11-21,01-03,19.0,13.4,22.1,19.1,17.1,8.5,13.1,9.5,16.0,17.1,957273.0,29953.0
India,"PLFS Year (Jul - Jun), 2020",Male,Rural + Urban,all ages,11-21,01-96,25.6,21.6,38.7,36.5,32.7,26.2,32.9,26.0,33.4,29.6,1657956.0,59678.0
India,"PLFS Year (Jul - Jun), 2020",Male,Rural + Urban,all ages,11-21,05-43,2.0,2.9,4.8,4.7,3.7,5.8,3.8,2.0,4.1,3.4,192080.0,7748.0
India,"PLFS Year (Jul - Jun), 2020",Male,Rural + Urban,all ages,11-21,45-96,4.7,5.4,11.9,12.7,11.9,11.9,16.0,14.4,13.3,9.1,508604.0,21977.0
India,"PLFS Year (Jul - Jun), 2020",Male,Rural + Urban,all ages,31,01-03,0.4,0.3,0.4,0.3,0.4,0.1,0.4,0.9,0.4,0.3,19294.0,752.0
India,"PLFS Year (Jul - Jun), 2020",Male,Rural + Urban,all ages,31,01-99,3.1,5.1,12.3,15.8,17.3,40.2,36.5,52.0,24.5,12.5,698823.0,31683.0
India,"PLFS Year (Jul - Jun), 2020",Male,Rural + Urban,all ages,31,05-43,1.2,2.1,4.8,5.5,5.2,19.8,7.9,7.7,6.7,4.0,221831.0,9063.0
India,"PLFS Year (Jul - Jun), 2020",Male,Rural + Urban,all ages,31,45-99,1.6,2.7,7.1,10.0,11.8,20.3,28.2,43.4,17.4,8.2,457699.0,21868.0
India,"PLFS Year (Jul - Jun), 2020",Male,Rural + Urban,all ages,41,,0.2,0.1,0.1,0.1,0.1,0.0,0.1,0.1,0.1,0.1,6985.0,367.0
India,"PLFS Year (Jul - Jun), 2020",Male,Rural + Urban,all ages,51,01-03,7.6,4.4,5.2,3.3,1.6,2.1,0.8,0.1,1.9,4.4,246831.0,6019.0
India,"PLFS Year (Jul - Jun), 2020",Male,Rural + Urban,all ages,51,01-99,16.5,12.7,18.2,11.4,6.8,7.6,2.6,0.6,7.1,12.7,709823.0,22715.0
India,"PLFS Year (Jul - Jun), 2020",Male,Rural + Urban,all ages,51,05-43,8.1,7.5,11.5,7.1,4.5,4.5,1.7,0.3,4.5,7.4,412363.0,14529.0
India,"PLFS Year (Jul - Jun), 2020",Male,Rural + Urban,all ages,51,45-99,0.8,0.8,1.5,1.1,0.6,1.0,0.2,0.1,0.7,0.9,50629.0,2167.0
India,"PLFS Year (Jul - Jun), 2020",Male,Rural + Urban,all ages,41 & 51,01-99,16.6,12.9,18.4,11.5,6.9,7.6,2.7,0.7,7.2,12.8,716808.0,23082.0
India,"PLFS Year (Jul - Jun), 2020",Male,Rural + Urban,all ages,11-51,01-03,27.0,18.0,27.7,22.6,19.1,10.7,14.3,10.5,18.3,21.8,1223501.0,36729.0
India,"PLFS Year (Jul - Jun), 2020",Male,Rural + Urban,all ages,11-51,01-99,45.4,39.5,69.4,63.7,57.0,74.0,72.1,78.6,65.0,54.9,3073587.0,114443.0
India,"PLFS Year (Jul - Jun), 2020",Male,Rural + Urban,all ages,11-51,05-43,11.4,12.6,21.2,17.4,13.5,30.1,13.5,10.2,15.3,14.9,832909.0,31697.0
India,"PLFS Year (Jul - Jun), 2020",Male,Rural + Urban,all ages,11-51,45-99,7.0,8.9,20.5,23.7,24.3,33.2,44.4,57.9,31.4,18.2,1017178.0,46017.0
India,"PLFS Year (Jul - Jun), 2020",Male,Rural + Urban,all ages,81,,0.4,0.8,2.1,2.8,4.1,11.4,10.9,7.8,5.8,2.6,145454.0,6239.0
India,"PLFS Year (Jul - Jun), 2020",Male,Rural + Urban,all ages,11-81,,45.8,40.3,71.5,66.5,61.0,85.4,83.0,86.4,70.8,57.5,3219041.0,120682.0
India,"PLFS Year (Jul - Jun), 2020",Male,Rural + Urban,all ages,UR,,0.8,1.9,2.9,4.2,6.7,13.3,13.1,9.0,8.1,4.5,,
India,"PLFS Year (Jul - Jun), 2020",Male,Rural + Urban,all ages,91,,4.7,53.7,23.2,26.9,34.5,8.5,9.1,3.6,22.8,27.3,1527893.0,58444.0
India,"PLFS Year (Jul - Jun), 2020",Male,Rural + Urban,all ages,92,,0.6,0.5,0.5,0.5,0.4,0.6,0.4,0.3,0.5,0.5,29725.0,1299.0
India,"PLFS Year (Jul - Jun), 2020",Male,Rural + Urban,all ages,93,,0.3,0.2,0.3,0.1,0.1,0.0,0.2,0.1,0.1,0.2,10617.0,369.0
India,"PLFS Year (Jul - Jun), 2020",Male,Rural + Urban,all ages,94,,6.1,2.5,2.6,4.4,2.9,4.7,6.2,8.6,4.6,4.0,223406.0,9092.0
India,"PLFS Year (Jul - Jun), 2020",Male,Rural + Urban,all ages,95,,2.3,0.8,0.8,0.6,0.4,0.2,0.4,0.1,0.4,1.0,55686.0,2110.0
India,"PLFS Year (Jul - Jun), 2020",Male,Rural + Urban,all ages,97,,5.7,1.6,1.0,0.9,0.7,0.5,0.8,0.9,0.8,2.1,116839.0,3564.0
India,"PLFS Year (Jul - Jun), 2020",Male,Rural + Urban,all ages,99,,34.6,0.5,0.0,0.0,0.0,0.0,0.0,0.0,0.0,7.5,419430.0,14172.0
India,"PLFS Year (Jul - Jun), 2020",Male,Rural + Urban,all ages,91-99,,54.2,59.7,28.5,33.5,39.0,14.6,17.0,13.6,29.2,42.5,2383596.0,89050.0
India,"PLFS Year (Jul - Jun), 2020",Male,Rural + Urban,all ages,11-99,,100.0,100.0,100.0,100.0,100.0,100.0,100.0,100.0,100.0,100.0,5602637.0,209732.0
India,"PLFS Year (Jul - Jun), 2020",Female,Rural + Urban,15-29 years,"11,12",01-03,2.2,1.6,1.2,0.6,0.5,0.5,0.5,0.4,0.5,0.9,13395.0,593.0
India,"PLFS Year (Jul - Jun), 2020",Female,Rural + Urban,15-29 years,"11,12",01-96,3.8,4.7,3.5,2.2,2.5,4.0,3.3,4.9,2.8,3.2,46432.0,2017.0
India,"PLFS Year (Jul - Jun), 2020",Female,Rural + Urban,15-29 years,"11,12",05-43,1.2,2.8,1.9,1.4,1.2,1.0,1.2,0.4,1.2,1.6,22452.0,889.0
India,"PLFS Year (Jul - Jun), 2020",Female,Rural + Urban,15-29 years,"11,12",45-96,0.4,0.2,0.4,0.3,0.8,2.6,1.7,4.1,1.0,0.7,10585.0,535.0
India,"PLFS Year (Jul - Jun), 2020",Female,Rural + Urban,15-29 years,21,01-03,14.9,10.3,8.9,4.7,3.7,2.6,2.5,3.1,3.7,6.6,95136.0,3070.0
India,"PLFS Year (Jul - Jun), 2020",Female,Rural + Urban,15-29 years,21,01-96,15.7,11.5,9.9,5.3,4.5,2.7,3.5,3.6,4.5,7.5,107076.0,3520.0
India,"PLFS Year (Jul - Jun), 2020",Female,Rural + Urban,15-29 years,21,05-43,0.3,0.7,0.5,0.5,0.4,0.0,0.3,0.2,0.4,0.4,6216.0,218.0
India,"PLFS Year (Jul - Jun), 2020",Female,Rural + Urban,15-29 years,21,45-96,0.5,0.5,0.4,0.2,0.4,0.1,0.7,0.4,0.4,0.4,5724.0,232.0
India,"PLFS Year (Jul - Jun), 2020",Female,Rural + Urban,15-29 years,11-21,01-03,17.1,12.0,10.1,5.3,4.2,3.1,3.0,3.4,4.2,7.6,108531.0,3663.0
India,"PLFS Year (Jul - Jun), 2020",Female,Rural + Urban,15-29 years,11-21,01-96,19.5,16.2,13.4,7.6,7.0,6.7,6.8,8.4,7.2,10.7,153509.0,5537.0
India,"PLFS Year (Jul - Jun), 2020",Female,Rural + Urban,15-29 years,11-21,05-43,1.5,3.5,2.4,1.9,1.6,1.0,1.5,0.5,1.6,2.0,28668.0,1107.0
India,"PLFS Year (Jul - Jun), 2020",Female,Rural + Urban,15-29 years,11-21,45-96,0.9,0.7,0.9,0.4,1.2,2.7,2.3,4.5,1.4,1.1,16309.0,767.0
India,"PLFS Year (Jul - Jun), 2020",Female,Rural + Urban,15-29 years,31,01-03,0.3,0.2,0.1,0.0,0.0,0.8,0.0,0.0,0.0,0.1,1386.0,57.0
India,"PLFS Year (Jul - Jun), 2020",Female,Rural + Urban,15-29 years,31,01-99,1.5,2.6,1.4,1.7,3.0,23.3,11.6,22.1,5.8,4.0,58020.0,2640.0
India,"PLFS Year (Jul - Jun), 2020",Female,Rural + Urban,15-29 years,31,05-43,0.1,0.5,0.4,0.3,0.5,1.6,1.2,1.0,0.6,0.5,7463.0,304.0
India,"PLFS Year (Jul - Jun), 2020",Female,Rural + Urban,15-29 years,31,45-99,1.0,1.8,1.0,1.4,2.5,21.0,10.4,21.1,5.2,3.4,49172.0,2279.0
India,"PLFS Year (Jul - Jun), 2020",Female,Rural + Urban,15-29 years,41,,0.5,0.2,0.3,0.2,0.1,0.2,0.1,0.0,0.1,0.2,2951.0,105.0
India,"PLFS Year (Jul - Jun), 2020",Female,Rural + Urban,15-29 years,51,01-03,7.5,7.0,2.8,1.5,0.8,0.4,0.4,0.2,0.9,2.6,37317.0,854.0
India,"PLFS Year (Jul - Jun), 2020",Female,Rural + Urban,15-29 years,51,01-99,10.9,9.0,4.0,1.9,1.0,0.8,0.5,0.3,1.2,3.5,50504.0,1219.0
India,"PLFS Year (Jul - Jun), 2020",Female,Rural + Urban,15-29 years,51,05-43,3.3,2.0,1.1,0.3,0.1,0.3,0.1,0.0,0.2,0.8,12140.0,312.0
India,"PLFS Year (Jul - Jun), 2020",Female,Rural + Urban,15-29 years,51,45-99,0.1,0.0,0.1,0.1,0.1,0.0,0.1,0.0,0.1,0.1,1047.0,53.0
India,"PLFS Year (Jul - Jun), 2020",Female,Rural + Urban,15-29 years,41 & 51,01-99,11.4,9.2,4.3,2.1,1.1,1.0,0.6,0.3,1.3,3.7,53455.0,1324.0
India,"PLFS Year (Jul - Jun), 2020",Female,Rural + Urban,15-29 years,11-51,01-03,25.0,19.2,13.0,6.8,5.0,4.4,3.4,3.7,5.2,10.3,147295.0,4578.0
India,"PLFS Year (Jul - Jun), 2020",Female,Rural + Urban,15-29 years,11-51,01-99,32.4,27.9,19.1,11.4,11.2,31.0,19.0,30.8,14.4,18.5,264984.0,9501.0
India,"PLFS Year (Jul - Jun), 2020",Female,Rural + Urban,15-29 years,11-51,05-43,5.4,6.2,4.1,2.7,2.3,2.9,2.8,1.5,2.5,3.6,51161.0,1824.0
India,"PLFS Year (Jul - Jun), 2020",Female,Rural + Urban,15-29 years,11-51,45-99,2.0,2.6,1.9,1.8,3.8,23.7,12.8,25.6,6.6,4.6,66528.0,3099.0
India,"PLFS Year (Jul - Jun), 2020",Female,Rural + Urban,15-29 years,81,,0.2,0.3,0.5,0.6,1.3,13.6,11.8,17.1,4.4,2.6,37912.0,1976.0
India,"PLFS Year (Jul - Jun), 2020",Female,Rural + Urban,15-29 years,11-81,,32.6,28.2,19.5,12.0,12.5,44.6,30.8,47.9,18.8,21.1,302896.0,11477.0
India,"PLFS Year (Jul - Jun), 2020",Female,Rural + Urban,15-29 years,UR,,0.6,1.1,2.4,4.9,10.4,30.5,38.3,35.8,23.4,12.5,,
India,"PLFS Year (Jul - Jun), 2020",Female,Rural + Urban,15-29 years,91,,0.5,10.0,30.3,52.2,52.0,19.0,21.4,10.8,42.7,32.6,466931.0,20076.0
India,"PLFS Year (Jul - Jun), 2020",Female,Rural + Urban,15-29 years,92,,39.3,41.7,34.3,26.3,26.0,31.9,38.5,36.0,29.4,32.8,470096.0,17033.0
India,"PLFS Year (Jul - Jun), 2020",Female,Rural + Urban,15-29 years,93,,23.8,18.6,15.1,8.8,9.0,4.3,8.8,5.1,8.6,12.5,179720.0,5311.0
India,"PLFS Year (Jul - Jun), 2020",Female,Rural + Urban,15-29 years,94,,0.1,0.4,0.2,0.3,0.1,0.2,0.2,0.0,0.2,0.2,2901.0,99.0
India,"PLFS Year (Jul - Jun), 2020",Female,Rural + Urban,15-29 years,95,,2.7,0.7,0.2,0.1,0.2,0.0,0.0,0.0,0.1,0.4,5597.0,211.0
India,"PLFS Year (Jul - Jun), 2020",Female,Rural + Urban,15-29 years,97,,0.9,0.5,0.4,0.3,0.2,0.0,0.3,0.2,0.3,0.4,5390.0,222.0
India,"PLFS Year (Jul - Jun), 2020",Female,Rural + Urban,15-29 years,99,,0.0,0.0,0.0,0.0,0.0,0.0,0.0,0.0,0.0,0.0,0.0,0.0
India,"PLFS Year (Jul - Jun), 2020",Female,Rural + Urban,15-29 years,91-99,,67.4,71.8,80.5,88.0,87.5,55.4,69.2,52.1,81.2,78.9,1130635.0,42952.0
India,"PLFS Year (Jul - Jun), 2020",Female,Rural + Urban,15-29 years,11-99,,100.0,100.0,100.0,100.0,100.0,100.0,100.0,100.0,100.0,100.0,1433531.0,54429.0
India,"PLFS Year (Jul - Jun), 2020",Female,Rural + Urban,15 years and above,"11,12",01-03,6.2,5.2,3.4,1.9,1.6,2.2,0.7,0.6,1.5,3.9,163196.0,6788.0
India,"PLFS Year (Jul - Jun), 2020",Female,Rural + Urban,15 years and above,"11,12",01-96,8.2,9.6,7.2,5.3,4.8,7.5,4.3,4.7,4.9,7.2,296136.0,12789.0
India,"PLFS Year (Jul - Jun), 2020",Female,Rural + Urban,15 years and above,"11,12",05-43,1.2,3.0,2.6,2.3,1.9,2.7,1.3,0.5,1.8,2.0,80743.0,3282.0
India,"PLFS Year (Jul - Jun), 2020",Female,Rural + Urban,15 years and above,"11,12",45-96,0.9,1.3,1.2,1.0,1.3,2.6,2.4,3.6,1.6,1.3,52197.0,2719.0
India,"PLFS Year (Jul - Jun), 2020",Female,Rural + Urban,15 years and above,21,01-03,16.4,11.6,9.6,5.8,4.1,3.1,2.3,1.6,4.1,10.3,423936.0,13582.0
India,"PLFS Year (Jul - Jun), 2020",Female,Rural + Urban,15 years and above,21,01-96,17.4,13.3,10.9,7.0,5.1,4.1,3.5,2.6,5.2,11.5,473406.0,15586.0
India,"PLFS Year (Jul - Jun), 2020",Female,Rural + Urban,15 years and above,21,05-43,0.4,0.8,0.5,0.4,0.4,0.3,0.3,0.2,0.4,0.5,19364.0,671.0
India,"PLFS Year (Jul - Jun), 2020",Female,Rural + Urban,15 years and above,21,45-96,0.6,0.9,0.8,0.7,0.6,0.7,0.9,0.8,0.7,0.7,30106.0,1333.0
India,"PLFS Year (Jul - Jun), 2020",Female,Rural + Urban,15 years and above,11-21,01-03,22.6,16.9,13.0,7.8,5.7,5.3,3.0,2.2,5.6,14.2,587132.0,20370.0
India,"PLFS Year (Jul - Jun), 2020",Female,Rural + Urban,15 years and above,11-21,01-96,25.6,22.9,18.1,12.3,9.9,11.6,7.8,7.3,10.1,18.6,769543.0,28375.0
India,"PLFS Year (Jul - Jun), 2020",Female,Rural + Urban,15 years and above,11-21,05-43,1.6,3.7,3.1,2.8,2.3,3.0,1.5,0.7,2.2,2.4,100107.0,3953.0
India,"PLFS Year (Jul - Jun), 2020",Female,Rural + Urban,15 years and above,11-21,45-96,1.4,2.3,2.0,1.7,1.9,3.3,3.3,4.4,2.4,2.0,82303.0,4052.0
India,"PLFS Year (Jul - Jun), 2020",Female,Rural + Urban,15 years and above,31,01-03,0.3,0.4,0.1,0.0,0.0,0.4,0.1,0.1,0.1,0.2,9077.0,305.0
India,"PLFS Year (Jul - Jun), 2020",Female,Rural + Urban,15 years and above,31,01-99,2.6,4.2,3.9,4.8,5.5,25.9,15.2,29.7,9.7,5.5,226478.0,10542.0
India,"PLFS Year (Jul - Jun), 2020",Female,Rural + Urban,15 years and above,31,05-43,0.3,1.0,0.8,0.8,0.6,1.5,1.1,1.0,0.9,0.7,29280.0,1158.0
India,"PLFS Year (Jul - Jun), 2020",Female,Rural + Urban,15 years and above,31,45-99,2.0,2.8,2.9,3.9,4.8,24.0,14.0,28.7,8.8,4.6,188121.0,9079.0
India,"PLFS Year (Jul - Jun), 2020",Female,Rural + Urban,15 years and above,41,,1.1,1.3,0.9,0.4,0.4,0.8,0.1,0.0,0.3,0.8,34634.0,1278.0
India,"PLFS Year (Jul - Jun), 2020",Female,Rural + Urban,15 years and above,51,01-03,8.7,7.2,3.6,2.0,0.9,0.3,0.3,0.1,1.1,5.0,207119.0,5223.0
India,"PLFS Year (Jul - Jun), 2020",Female,Rural + Urban,15 years and above,51,01-99,11.0,9.5,5.0,2.5,1.1,0.8,0.4,0.2,1.4,6.5,266676.0,7184.0
India,"PLFS Year (Jul - Jun), 2020",Female,Rural + Urban,15 years and above,51,05-43,2.0,1.9,1.2,0.4,0.1,0.2,0.1,0.0,0.2,1.2,50916.0,1592.0
India,"PLFS Year (Jul - Jun), 2020",Female,Rural + Urban,15 years and above,51,45-99,0.2,0.4,0.2,0.1,0.1,0.4,0.1,0.1,0.1,0.2,8641.0,369.0
India,"PLFS Year (Jul - Jun), 2020",Female,Rural + Urban,15 years and above,41 & 51,01-99,12.1,10.9,5.8,2.9,1.4,1.6,0.5,0.2,1.7,7.3,301310.0,8462.0
India,"PLFS Year (Jul - Jun), 2020",Female,Rural + Urban,15 years and above,11-51,01-03,31.7,24.6,16.8,9.9,6.6,6.3,3.4,2.3,6.8,19.5,805967.0,26029.0
India,"PLFS Year (Jul - Jun), 2020",Female,Rural + Urban,15 years and above,11-51,01-99,40.3,37.9,27.8,20.0,16.9,39.1,23.5,37.3,21.5,31.4,1297330.0,47379.0
India,"PLFS Year (Jul - Jun), 2020",Female,Rural + Urban,15 years and above,11-51,05-43,5.0,7.8,5.8,4.3,3.5,5.1,2.8,1.8,3.5,5.1,211750.0,7818.0
India,"PLFS Year (Jul - Jun), 2020",Female,Rural + Urban,15 years and above,11-51,45-99,3.6,5.5,5.2,5.7,6.8,27.7,17.4,33.2,11.3,6.8,279613.0,13532.0
India,"PLFS Year (Jul - Jun), 2020",Female,Rural + Urban,15 years and above,81,,0.0,0.1,0.3,0.4,1.1,8.8,7.6,9.3,3.1,1.1,46745.0,2499.0
India,"PLFS Year (Jul - Jun), 2020",Female,Rural + Urban,15 years and above,11-81,,40.4,38.0,28.1,20.4,17.9,47.9,31.2,46.6,24.7,32.5,1344075.0,49878.0
India,"PLFS Year (Jul - Jun), 2020",Female,Rural + Urban,15 years and above,UR,,0.1,0.3,1.1,1.9,6.0,18.3,24.5,20.1,12.6,3.5,,
India,"PLFS Year (Jul - Jun), 2020",Female,Rural + Urban,15 years and above,91,,0.2,2.4,14.3,29.1,35.6,9.8,12.0,4.6,25.0,11.4,469436.0,20181.0
India,"PLFS Year (Jul - Jun), 2020",Female,Rural + Urban,15 years and above,92,,28.0,37.6,39.8,37.9,34.6,32.7,46.2,39.2,38.8,35.3,1459291.0,57573.0
India,"PLFS Year (Jul - Jun), 2020",Female,Rural + Urban,15 years and above,93,,16.4,15.9,15.1,10.0,10.0,4.2,8.4,5.7,9.2,13.7,564701.0,18071.0
India,"PLFS Year (Jul - Jun), 2020",Female,Rural + Urban,15 years and above,94,,9.6,4.4,2.0,2.0,1.1,5.3,1.9,3.4,1.9,4.8,198026.0,7794.0
India,"PLFS Year (Jul - Jun), 2020",Female,Rural + Urban,15 years and above,95,,1.8,0.7,0.2,0.1,0.2,0.0,0.1,0.0,0.1,0.8,32525.0,1215.0
India,"PLFS Year (Jul - Jun), 2020",Female,Rural + Urban,15 years and above,97,,3.7,1.0,0.4,0.3,0.5,0.2,0.3,0.5,0.4,1.5,63804.0,2119.0
India,"PLFS Year (Jul - Jun), 2020",Female,Rural + Urban,15 years and above,99,,0.0,0.0,0.0,0.0,0.0,0.0,0.0,0.0,0.0,0.0,0.0,0.0
India,"PLFS Year (Jul - Jun), 2020",Female,Rural + Urban,15 years and above,91-99,,59.6,62.0,71.9,79.6,82.1,52.1,68.8,53.4,75.3,67.5,2787783.0,106953.0
India,"PLFS Year (Jul - Jun), 2020",Female,Rural + Urban,15 years and above,11-99,,100.0,100.0,100.0,100.0,100.0,100.0,100.0,100.0,100.0,100.0,4131858.0,156831.0
India,"PLFS Year (Jul - Jun), 2020",Female,Rural + Urban,all ages,"11,12",01-03,4.6,2.6,3.0,1.9,1.6,2.2,0.7,0.6,1.5,3.0,163196.0,6788.0
India,"PLFS Year (Jul - Jun), 2020",Female,Rural + Urban,all ages,"11,12",01-96,6.1,4.8,6.4,5.3,4.8,7.5,4.3,4.7,4.9,5.5,296522.0,12792.0
India,"PLFS Year (Jul - Jun), 2020",Female,Rural + Urban,all ages,"11,12",05-43,0.9,1.5,2.4,2.3,1.9,2.7,1.3,0.5,1.8,1.5,81108.0,3284.0
India,"PLFS Year (Jul - Jun), 2020",Female,Rural + Urban,all ages,"11,12",45-96,0.7,0.7,1.0,1.0,1.3,2.6,2.4,3.6,1.6,1.0,52217.0,2720.0
India,"PLFS Year (Jul - Jun), 2020",Female,Rural + Urban,all ages,21,01-03,12.2,5.9,8.6,5.8,4.1,3.1,2.3,1.6,4.1,7.9,427088.0,13665.0
India,"PLFS Year (Jul - Jun), 2020",Female,Rural + Urban,all ages,21,01-96,12.9,6.8,9.7,6.9,5.1,4.1,3.5,2.6,5.2,8.9,476931.0,15682.0
India,"PLFS Year (Jul - Jun), 2020",Female,Rural + Urban,all ages,21,05-43,0.3,0.4,0.4,0.4,0.4,0.3,0.3,0.2,0.4,0.4,19601.0,679.0
India,"PLFS Year (Jul - Jun), 2020",Female,Rural + Urban,all ages,21,45-96,0.4,0.5,0.7,0.7,0.6,0.7,0.9,0.8,0.7,0.6,30242.0,1338.0
India,"PLFS Year (Jul - Jun), 2020",Female,Rural + Urban,all ages,11-21,01-03,16.8,8.5,11.6,7.7,5.7,5.3,3.0,2.2,5.6,11.0,590284.0,20453.0
India,"PLFS Year (Jul - Jun), 2020",Female,Rural + Urban,all ages,11-21,01-96,19.1,11.6,16.1,12.2,9.9,11.6,7.8,7.3,10.1,14.4,773452.0,28474.0
India,"PLFS Year (Jul - Jun), 2020",Female,Rural + Urban,all ages,11-21,05-43,1.2,1.9,2.8,2.8,2.3,3.0,1.5,0.7,2.2,1.9,100709.0,3963.0
India,"PLFS Year (Jul - Jun), 2020",Female,Rural + Urban,all ages,11-21,45-96,1.1,1.2,1.8,1.7,1.9,3.3,3.3,4.4,2.4,1.5,82459.0,4058.0
India,"PLFS Year (Jul - Jun), 2020",Female,Rural + Urban,all ages,31,01-03,0.3,0.2,0.1,0.0,0.0,0.4,0.1,0.1,0.1,0.2,9077.0,305.0
India,"PLFS Year (Jul - Jun), 2020",Female,Rural + Urban,all ages,31,01-99,1.9,2.1,3.4,4.7,5.5,25.9,15.2,29.7,9.7,4.2,226510.0,10546.0
India,"PLFS Year (Jul - Jun), 2020",Female,Rural + Urban,all ages,31,05-43,0.2,0.5,0.7,0.8,0.6,1.5,1.1,1.0,0.9,0.5,29289.0,1159.0
India,"PLFS Year (Jul - Jun), 2020",Female,Rural + Urban,all ages,31,45-99,1.5,1.4,2.6,3.9,4.8,24.0,14.0,28.7,8.8,3.5,188144.0,9082.0
India,"PLFS Year (Jul - Jun), 2020",Female,Rural + Urban,all ages,41,,0.9,0.7,0.8,0.4,0.4,0.8,0.1,0.0,0.3,0.6,34634.0,1278.0
India,"PLFS Year (Jul - Jun), 2020",Female,Rural + Urban,all ages,51,01-03,6.5,3.6,3.2,2.0,0.9,0.3,0.3,0.1,1.1,3.9,207173.0,5226.0
India,"PLFS Year (Jul - Jun), 2020",Female,Rural + Urban,all ages,51,01-99,8.2,4.8,4.4,2.5,1.1,0.8,0.4,0.2,1.4,5.0,267223.0,7195.0
India,"PLFS Year (Jul - Jun), 2020",Female,Rural + Urban,all ages,51,05-43,1.5,1.0,1.0,0.4,0.1,0.2,0.1,0.0,0.2,1.0,51408.0,1599.0
India,"PLFS Year (Jul - Jun), 2020",Female,Rural + Urban,all ages,51,45-99,0.2,0.2,0.2,0.1,0.1,0.4,0.1,0.1,0.1,0.2,8641.0,370.0
India,"PLFS Year (Jul - Jun), 2020",Female,Rural + Urban,all ages,41 & 51,01-99,9.0,5.5,5.1,2.9,1.4,1.6,0.5,0.2,1.7,5.6,301856.0,8473.0
India,"PLFS Year (Jul - Jun), 2020",Female,Rural + Urban,all ages,11-51,01-03,23.6,12.4,15.0,9.9,6.6,6.3,3.4,2.3,6.7,15.0,809173.0,26115.0
India,"PLFS Year (Jul - Jun), 2020",Female,Rural + Urban,all ages,11-51,01-99,30.0,19.1,24.7,19.9,16.9,39.1,23.5,37.3,21.5,24.2,1301818.0,47493.0
India,"PLFS Year (Jul - Jun), 2020",Female,Rural + Urban,all ages,11-51,05-43,3.7,4.0,5.2,4.3,3.5,5.1,2.8,1.8,3.5,4.0,212852.0,7836.0
India,"PLFS Year (Jul - Jun), 2020",Female,Rural + Urban,all ages,11-51,45-99,2.7,2.8,4.5,5.7,6.8,27.7,17.4,33.2,11.3,5.2,279793.0,13542.0
India,"PLFS Year (Jul - Jun), 2020",Female,Rural + Urban,all ages,81,,0.0,0.1,0.3,0.4,1.1,8.8,7.6,9.3,3.1,0.9,46767.0,2502.0
India,"PLFS Year (Jul - Jun), 2020",Female,Rural + Urban,all ages,11-81,,30.1,19.2,24.9,20.3,17.9,47.9,31.2,46.6,24.6,25.1,1348585.0,49995.0
India,"PLFS Year (Jul - Jun), 2020",Female,Rural + Urban,all ages,UR,,0.1,0.3,1.1,1.9,6.0,18.3,24.5,20.1,12.6,3.5,,
India,"PLFS Year (Jul - Jun), 2020",Female,Rural + Urban,all ages,91,,2.8,49.3,24.1,29.4,35.6,9.8,12.0,4.6,25.1,23.8,1283018.0,50043.0
India,"PLFS Year (Jul - Jun), 2020",Female,Rural + Urban,all ages,92,,21.1,19.2,35.3,37.8,34.6,32.7,46.2,39.2,38.7,27.3,1469855.0,57813.0
India,"PLFS Year (Jul - Jun), 2020",Female,Rural + Urban,all ages,93,,12.2,8.0,13.3,10.0,10.0,4.2,8.4,5.7,9.2,10.5,566527.0,18123.0
India,"PLFS Year (Jul - Jun), 2020",Female,Rural + Urban,all ages,94,,7.1,2.2,1.8,2.0,1.1,5.3,1.9,3.4,1.9,3.7,198038.0,7798.0
India,"PLFS Year (Jul - Jun), 2020",Female,Rural + Urban,all ages,95,,1.4,0.4,0.2,0.1,0.2,0.0,0.1,0.0,0.1,0.6,33917.0,1277.0
India,"PLFS Year (Jul - Jun), 2020",Female,Rural + Urban,all ages,97,,4.6,1.3,0.5,0.3,0.5,0.2,0.3,0.5,0.4,2.0,108337.0,3356.0
India,"PLFS Year (Jul - Jun), 2020",Female,Rural + Urban,all ages,99,,20.7,0.4,0.0,0.0,0.0,0.0,0.0,0.0,0.0,6.9,372831.0,12681.0
India,"PLFS Year (Jul - Jun), 2020",Female,Rural + Urban,all ages,91-99,,69.9,80.8,75.1,79.7,82.1,52.1,68.8,53.4,75.4,74.9,4032524.0,151091.0
India,"PLFS Year (Jul - Jun), 2020",Female,Rural + Urban,all ages,11-99,,100.0,100.0,100.0,100.0,100.0,100.0,100.0,100.0,100.0,100.0,5381109.0,201086.0
India,"PLFS Year (Jul - Jun), 2020",Persons,Rural + Urban,15-29 years,"11,12",01-03,4.0,4.3,2.7,1.8,1.7,1.7,1.8,1.2,1.7,2.4,71144.0,2410.0
India,"PLFS Year (Jul - Jun), 2020",Persons,Rural + Urban,15-29 years,"11,12",01-96,9.0,10.3,7.7,5.5,5.7,9.2,7.4,8.3,6.2,7.2,214682.0,8270.0
India,"PLFS Year (Jul - Jun), 2020",Persons,Rural + Urban,15-29 years,"11,12",05-43,1.9,3.4,1.9,1.6,1.3,2.4,1.3,0.5,1.4,1.8,53132.0,2006.0
India,"PLFS Year (Jul - Jun), 2020",Persons,Rural + Urban,15-29 years,"11,12",45-96,3.1,2.6,3.0,2.1,2.7,5.1,4.3,6.5,3.1,3.0,90406.0,3854.0
India,"PLFS Year (Jul - Jun), 2020",Persons,Rural + Urban,15-29 years,21,01-03,13.5,10.7,10.7,6.7,6.2,5.7,6.4,5.1,6.4,8.3,248450.0,7840.0
India,"PLFS Year (Jul - Jun), 2020",Persons,Rural + Urban,15-29 years,21,01-96,15.2,12.7,12.6,8.1,7.8,7.8,9.1,6.8,8.1,10.2,303207.0,10066.0
India,"PLFS Year (Jul - Jun), 2020",Persons,Rural + Urban,15-29 years,21,05-43,0.6,0.9,0.6,0.5,0.6,0.8,0.6,0.6,0.6,0.6,18685.0,775.0
India,"PLFS Year (Jul - Jun), 2020",Persons,Rural + Urban,15-29 years,21,45-96,1.1,1.2,1.3,0.8,1.1,1.2,2.0,1.2,1.2,1.2,36072.0,1451.0
India,"PLFS Year (Jul - Jun), 2020",Persons,Rural + Urban,15-29 years,11-21,01-03,17.5,15.0,13.4,8.5,7.8,7.4,8.2,6.3,8.1,10.7,319594.0,10250.0
India,"PLFS Year (Jul - Jun), 2020",Persons,Rural + Urban,15-29 years,11-21,01-96,24.2,23.1,20.3,13.5,13.5,16.9,16.5,15.1,14.3,17.3,517888.0,18336.0
India,"PLFS Year (Jul - Jun), 2020",Persons,Rural + Urban,15-29 years,11-21,05-43,2.6,4.2,2.6,2.1,1.9,3.2,1.9,1.1,2.0,2.4,71817.0,2781.0
India,"PLFS Year (Jul - Jun), 2020",Persons,Rural + Urban,15-29 years,11-21,45-96,4.1,3.8,4.3,3.0,3.8,6.3,6.3,7.7,4.3,4.2,126478.0,5305.0
India,"PLFS Year (Jul - Jun), 2020",Persons,Rural + Urban,15-29 years,31,01-03,0.3,0.3,0.2,0.1,0.1,0.3,0.2,0.5,0.2,0.2,5758.0,221.0
India,"PLFS Year (Jul - Jun), 2020",Persons,Rural + Urban,15-29 years,31,01-99,4.2,7.9,6.7,6.4,7.6,31.8,20.1,29.6,11.5,9.5,283852.0,12143.0
India,"PLFS Year (Jul - Jun), 2020",Persons,Rural + Urban,15-29 years,31,05-43,1.4,3.2,2.8,2.4,2.2,13.3,4.0,3.9,3.0,2.9,86711.0,3348.0
India,"PLFS Year (Jul - Jun), 2020",Persons,Rural + Urban,15-29 years,31,45-99,2.5,4.4,3.8,3.9,5.3,18.2,16.0,25.2,8.3,6.4,191384.0,8574.0
India,"PLFS Year (Jul - Jun), 2020",Persons,Rural + Urban,15-29 years,41,,0.3,0.3,0.2,0.1,0.1,0.1,0.1,0.0,0.1,0.2,4563.0,203.0
India,"PLFS Year (Jul - Jun), 2020",Persons,Rural + Urban,15-29 years,51,01-03,10.4,8.7,4.4,2.2,1.1,1.9,0.7,0.2,1.4,3.5,103500.0,2360.0
India,"PLFS Year (Jul - Jun), 2020",Persons,Rural + Urban,15-29 years,51,01-99,20.9,21.8,12.3,6.3,3.6,5.9,1.7,0.5,4.1,9.1,271100.0,8161.0
India,"PLFS Year (Jul - Jun), 2020",Persons,Rural + Urban,15-29 years,51,05-43,9.9,12.1,7.2,3.5,2.1,3.1,0.9,0.3,2.3,5.0,150783.0,5057.0
India,"PLFS Year (Jul - Jun), 2020",Persons,Rural + Urban,15-29 years,51,45-99,0.5,0.9,0.7,0.6,0.4,0.9,0.2,0.0,0.4,0.6,16818.0,744.0
India,"PLFS Year (Jul - Jun), 2020",Persons,Rural + Urban,15-29 years,41 & 51,01-99,21.2,22.0,12.5,6.5,3.8,6.0,1.8,0.5,4.2,9.2,275663.0,8364.0
India,"PLFS Year (Jul - Jun), 2020",Persons,Rural + Urban,15-29 years,11-51,01-03,28.2,24.0,18.0,10.8,9.1,9.6,9.1,7.0,9.6,14.4,428978.0,12837.0
India,"PLFS Year (Jul - Jun), 2020",Persons,Rural + Urban,15-29 years,11-51,01-99,49.6,53.0,39.5,26.4,24.8,54.8,38.4,45.2,30.0,36.1,1077404.0,38843.0
India,"PLFS Year (Jul - Jun), 2020",Persons,Rural + Urban,15-29 years,11-51,05-43,14.3,19.8,12.7,8.1,6.3,19.8,6.9,5.2,7.4,10.5,313739.0,11382.0
India,"PLFS Year (Jul - Jun), 2020",Persons,Rural + Urban,15-29 years,11-51,45-99,7.1,9.2,8.8,7.5,9.4,25.4,22.5,32.9,13.0,11.2,334687.0,14624.0
India,"PLFS Year (Jul - Jun), 2020",Persons,Rural + Urban,15-29 years,81,,1.8,3.1,2.7,2.8,3.7,17.4,16.8,19.2,7.2,5.3,159297.0,7083.0
India,"PLFS Year (Jul - Jun), 2020",Persons,Rural + Urban,15-29 years,11-81,,51.4,56.1,42.2,29.2,28.5,72.2,55.2,64.4,37.3,41.4,1236701.0,45926.0
India,"PLFS Year (Jul - Jun), 2020",Persons,Rural + Urban,15-29 years,UR,,3.6,5.6,6.4,9.7,12.8,24.1,30.4,29.8,19.4,12.9,,
India,"PLFS Year (Jul - Jun), 2020",Persons,Rural + Urban,15-29 years,91,,0.6,10.7,33.1,53.5,54.6,16.7,21.0,11.7,44.1,35.1,1049410.0,44613.0
India,"PLFS Year (Jul - Jun), 2020",Persons,Rural + Urban,15-29 years,92,,26.3,21.3,16.3,12.5,12.2,9.4,18.7,20.7,13.9,16.1,479717.0,17467.0
India,"PLFS Year (Jul - Jun), 2020",Persons,Rural + Urban,15-29 years,93,,16.0,9.5,7.3,4.2,4.2,1.2,4.4,3.0,4.1,6.2,184547.0,5450.0
India,"PLFS Year (Jul - Jun), 2020",Persons,Rural + Urban,15-29 years,94,,0.1,0.2,0.1,0.1,0.1,0.1,0.1,0.1,0.1,0.1,3408.0,135.0
India,"PLFS Year (Jul - Jun), 2020",Persons,Rural + Urban,15-29 years,95,,4.1,1.1,0.4,0.1,0.2,0.1,0.1,0.0,0.1,0.5,15987.0,583.0
India,"PLFS Year (Jul - Jun), 2020",Persons,Rural + Urban,15-29 years,97,,1.4,1.1,0.5,0.4,0.4,0.3,0.5,0.2,0.4,0.6,16799.0,623.0
India,"PLFS Year (Jul - Jun), 2020",Persons,Rural + Urban,15-29 years,99,,0.0,0.0,0.0,0.0,0.0,0.0,0.0,0.0,0.0,0.0,0.0,0.0
India,"PLFS Year (Jul - Jun), 2020",Persons,Rural + Urban,15-29 years,91-99,,48.6,43.9,57.8,70.8,71.5,27.8,44.8,35.6,62.7,58.6,1749869.0,68871.0
India,"PLFS Year (Jul - Jun), 2020",Persons,Rural + Urban,15-29 years,11-99,,100.0,100.0,100.0,100.0,100.0,100.0,100.0,100.0,100.0,100.0,2986570.0,114797.0
India,"PLFS Year (Jul - Jun), 2020",Persons,Rural + Urban,15 years and above,"11,12",01-03,14.6,15.0,11.4,8.5,6.7,3.4,4.6,3.7,6.5,10.9,901977.0,29900.0
India,"PLFS Year (Jul - Jun), 2020",Persons,Rural + Urban,15 years and above,"11,12",01-96,19.7,25.6,22.5,19.1,15.7,16.2,16.1,13.3,16.9,20.1,1672465.0,62981.0
India,"PLFS Year (Jul - Jun), 2020",Persons,Rural + Urban,15 years and above,"11,12",05-43,1.9,4.4,3.9,3.5,2.6,4.3,2.5,1.0,2.8,3.1,255963.0,10276.0
India,"PLFS Year (Jul - Jun), 2020",Persons,Rural + Urban,15 years and above,"11,12",45-96,3.2,6.1,7.3,7.1,6.5,8.4,9.0,8.6,7.5,6.2,514525.0,22805.0
India,"PLFS Year (Jul - Jun), 2020",Persons,Rural + Urban,15 years and above,21,01-03,11.6,7.9,8.1,5.7,5.6,4.2,4.3,2.5,5.0,7.7,639125.0,20323.0
India,"PLFS Year (Jul - Jun), 2020",Persons,Rural + Urban,15 years and above,21,01-96,12.4,9.2,9.5,7.0,7.2,5.9,6.3,4.0,6.6,9.0,750606.0,24943.0
India,"PLFS Year (Jul - Jun), 2020",Persons,Rural + Urban,15 years and above,21,05-43,0.3,0.5,0.5,0.4,0.5,0.7,0.4,0.4,0.4,0.4,35986.0,1419.0
India,"PLFS Year (Jul - Jun), 2020",Persons,Rural + Urban,15 years and above,21,45-96,0.5,0.8,1.0,0.9,1.1,1.0,1.6,1.1,1.2,0.9,75494.0,3201.0
India,"PLFS Year (Jul - Jun), 2020",Persons,Rural + Urban,15 years and above,11-21,01-03,26.2,22.9,19.4,14.2,12.2,7.6,8.9,6.1,11.6,18.6,1541102.0,50223.0
India,"PLFS Year (Jul - Jun), 2020",Persons,Rural + Urban,15 years and above,11-21,01-96,32.1,34.8,32.1,26.1,22.9,22.1,22.4,17.3,23.5,29.2,2423071.0,87924.0
India,"PLFS Year (Jul - Jun), 2020",Persons,Rural + Urban,15 years and above,11-21,05-43,2.2,5.0,4.3,3.9,3.1,5.0,2.9,1.4,3.3,3.5,291949.0,11695.0
India,"PLFS Year (Jul - Jun), 2020",Persons,Rural + Urban,15 years and above,11-21,45-96,3.7,6.9,8.3,8.0,7.6,9.5,10.7,9.8,8.7,7.1,590020.0,26006.0
India,"PLFS Year (Jul - Jun), 2020",Persons,Rural + Urban,15 years and above,31,01-03,0.4,0.5,0.3,0.2,0.2,0.2,0.3,0.5,0.2,0.3,28345.0,1056.0
India,"PLFS Year (Jul - Jun), 2020",Persons,Rural + Urban,15 years and above,31,01-99,3.6,7.6,9.4,11.0,12.2,36.2,27.6,41.7,18.2,11.1,924740.0,42202.0
India,"PLFS Year (Jul - Jun), 2020",Persons,Rural + Urban,15 years and above,31,05-43,0.9,2.8,3.4,3.5,3.2,14.6,5.1,4.6,4.2,3.0,250965.0,10217.0
India,"PLFS Year (Jul - Jun), 2020",Persons,Rural + Urban,15 years and above,31,45-99,2.2,4.3,5.7,7.4,8.8,21.3,22.3,36.6,13.7,7.8,645430.0,30929.0
India,"PLFS Year (Jul - Jun), 2020",Persons,Rural + Urban,15 years and above,41,,0.9,0.8,0.5,0.2,0.2,0.3,0.1,0.1,0.2,0.5,41605.0,1644.0
India,"PLFS Year (Jul - Jun), 2020",Persons,Rural + Urban,15 years and above,51,01-03,10.3,8.4,4.8,2.7,1.3,1.6,0.6,0.1,1.6,5.5,453454.0,11231.0
India,"PLFS Year (Jul - Jun), 2020",Persons,Rural + Urban,15 years and above,51,01-99,17.0,18.6,13.6,7.6,4.3,5.7,1.7,0.4,4.7,11.7,975371.0,29876.0
India,"PLFS Year (Jul - Jun), 2020",Persons,Rural + Urban,15 years and above,51,05-43,6.1,9.0,7.7,4.2,2.7,3.3,1.0,0.2,2.7,5.6,462696.0,16112.0
India,"PLFS Year (Jul - Jun), 2020",Persons,Rural + Urban,15 years and above,51,45-99,0.6,1.1,1.0,0.7,0.4,0.8,0.1,0.1,0.4,0.7,59222.0,2533.0
India,"PLFS Year (Jul - Jun), 2020",Persons,Rural + Urban,15 years and above,41 & 51,01-99,17.9,19.4,14.0,7.8,4.6,5.9,1.8,0.4,4.8,12.2,1016975.0,31520.0
India,"PLFS Year (Jul - Jun), 2020",Persons,Rural + Urban,15 years and above,11-51,01-03,36.9,31.8,24.7,17.2,13.7,9.5,9.7,6.7,13.4,24.4,2025643.0,62646.0
India,"PLFS Year (Jul - Jun), 2020",Persons,Rural + Urban,15 years and above,11-51,01-99,53.6,61.7,55.5,44.9,39.7,64.2,51.8,59.4,46.5,52.6,4364786.0,161646.0
India,"PLFS Year (Jul - Jun), 2020",Persons,Rural + Urban,15 years and above,11-51,05-43,10.1,17.5,15.8,11.8,9.2,23.1,9.0,6.3,10.3,12.6,1043677.0,39495.0
India,"PLFS Year (Jul - Jun), 2020",Persons,Rural + Urban,15 years and above,11-51,45-99,6.6,12.4,15.1,16.0,16.8,31.6,33.1,46.4,22.8,15.6,1295466.0,59505.0
India,"PLFS Year (Jul - Jun), 2020",Persons,Rural + Urban,15 years and above,81,,0.2,0.9,1.4,1.8,2.8,10.7,9.5,8.5,4.6,2.3,191305.0,8720.0
India,"PLFS Year (Jul - Jun), 2020",Persons,Rural + Urban,15 years and above,11-81,,53.8,62.6,56.9,46.7,42.5,74.8,61.3,67.9,51.2,54.9,4556091.0,170366.0
India,"PLFS Year (Jul - Jun), 2020",Persons,Rural + Urban,15 years and above,UR,,0.4,1.4,2.5,3.8,6.6,14.2,15.5,12.5,9.1,4.2,,
India,"PLFS Year (Jul - Jun), 2020",Persons,Rural + Urban,15 years and above,91,,0.1,2.6,14.6,27.8,35.0,8.8,10.3,4.1,23.7,12.7,1053566.0,44786.0
India,"PLFS Year (Jul - Jun), 2020",Persons,Rural + Urban,15 years and above,92,,18.8,19.3,17.7,16.7,15.2,9.7,19.6,18.3,16.8,17.9,1485441.0,58772.0
India,"PLFS Year (Jul - Jun), 2020",Persons,Rural + Urban,15 years and above,93,,11.0,8.1,6.7,4.4,4.4,1.2,3.6,2.7,4.0,6.9,574339.0,18419.0
India,"PLFS Year (Jul - Jun), 2020",Persons,Rural + Urban,15 years and above,94,,9.9,4.9,2.5,3.4,2.1,4.9,4.4,6.2,3.5,5.1,421376.0,16877.0
India,"PLFS Year (Jul - Jun), 2020",Persons,Rural + Urban,15 years and above,95,,2.5,1.2,0.6,0.4,0.3,0.2,0.3,0.1,0.3,1.0,85378.0,3235.0
India,"PLFS Year (Jul - Jun), 2020",Persons,Rural + Urban,15 years and above,97,,3.8,1.3,0.8,0.7,0.6,0.4,0.6,0.7,0.6,1.5,126248.0,4281.0
India,"PLFS Year (Jul - Jun), 2020",Persons,Rural + Urban,15 years and above,99,,0.0,0.0,0.0,0.0,0.0,0.0,0.0,0.0,0.0,0.0,0.0,0.0
India,"PLFS Year (Jul - Jun), 2020",Persons,Rural + Urban,15 years and above,91-99,,46.2,37.4,43.1,53.3,57.5,25.2,38.7,32.1,48.8,45.1,3746348.0,146370.0
India,"PLFS Year (Jul - Jun), 2020",Persons,Rural + Urban,15 years and above,11-99,,100.0,100.0,100.0,100.0,100.0,100.0,100.0,100.0,100.0,100.0,8302439.0,316736.0
India,"PLFS Year (Jul - Jun), 2020",Persons,Rural + Urban,all ages,"11,12",01-03,9.9,7.2,10.1,8.5,6.7,3.4,4.6,3.7,6.5,8.2,902204.0,29905.0
India,"PLFS Year (Jul - Jun), 2020",Persons,Rural + Urban,all ages,"11,12",01-96,13.3,12.2,20.1,19.0,15.7,16.2,16.1,13.3,16.8,15.2,1673209.0,62995.0
India,"PLFS Year (Jul - Jun), 2020",Persons,Rural + Urban,all ages,"11,12",05-43,1.3,2.1,3.5,3.5,2.6,4.3,2.5,1.0,2.8,2.3,256446.0,10281.0
India,"PLFS Year (Jul - Jun), 2020",Persons,Rural + Urban,all ages,"11,12",45-96,2.2,2.9,6.5,7.0,6.5,8.4,9.0,8.6,7.5,4.7,514560.0,22809.0
India,"PLFS Year (Jul - Jun), 2020",Persons,Rural + Urban,all ages,21,01-03,7.8,3.9,7.3,5.7,5.6,4.2,4.3,2.5,5.0,5.9,645353.0,20501.0
India,"PLFS Year (Jul - Jun), 2020",Persons,Rural + Urban,all ages,21,01-96,8.4,4.5,8.6,7.0,7.2,5.9,6.3,4.0,6.6,6.9,758200.0,25157.0
India,"PLFS Year (Jul - Jun), 2020",Persons,Rural + Urban,all ages,21,05-43,0.2,0.3,0.4,0.4,0.5,0.7,0.4,0.4,0.4,0.3,36343.0,1430.0
India,"PLFS Year (Jul - Jun), 2020",Persons,Rural + Urban,all ages,21,45-96,0.3,0.4,0.9,0.9,1.1,1.0,1.6,1.1,1.2,0.7,76504.0,3226.0
India,"PLFS Year (Jul - Jun), 2020",Persons,Rural + Urban,all ages,11-21,01-03,17.7,11.0,17.4,14.2,12.2,7.6,8.9,6.1,11.6,14.1,1547557.0,50406.0
India,"PLFS Year (Jul - Jun), 2020",Persons,Rural + Urban,all ages,11-21,01-96,21.7,16.8,28.7,26.0,22.9,22.1,22.4,17.3,23.5,22.1,2431409.0,88152.0
India,"PLFS Year (Jul - Jun), 2020",Persons,Rural + Urban,all ages,11-21,05-43,1.5,2.4,3.9,3.9,3.1,5.0,2.9,1.4,3.3,2.7,292789.0,11711.0
India,"PLFS Year (Jul - Jun), 2020",Persons,Rural + Urban,all ages,11-21,45-96,2.5,3.3,7.4,8.0,7.6,9.5,10.7,9.8,8.6,5.4,591063.0,26035.0
India,"PLFS Year (Jul - Jun), 2020",Persons,Rural + Urban,all ages,31,01-03,0.3,0.2,0.3,0.2,0.2,0.2,0.3,0.5,0.2,0.3,28370.0,1057.0
India,"PLFS Year (Jul - Jun), 2020",Persons,Rural + Urban,all ages,31,01-99,2.4,3.6,8.4,11.0,12.2,36.2,27.6,41.7,18.2,8.4,925333.0,42229.0
India,"PLFS Year (Jul - Jun), 2020",Persons,Rural + Urban,all ages,31,05-43,0.6,1.3,3.0,3.5,3.2,14.6,5.1,4.6,4.2,2.3,251120.0,10222.0
India,"PLFS Year (Jul - Jun), 2020",Persons,Rural + Urban,all ages,31,45-99,1.5,2.1,5.1,7.3,8.8,21.3,22.3,36.6,13.7,5.9,645843.0,30950.0
India,"PLFS Year (Jul - Jun), 2020",Persons,Rural + Urban,all ages,41,,0.6,0.4,0.4,0.2,0.2,0.3,0.1,0.1,0.2,0.4,41618.0,1645.0
India,"PLFS Year (Jul - Jun), 2020",Persons,Rural + Urban,all ages,51,01-03,6.9,4.0,4.3,2.7,1.3,1.6,0.6,0.1,1.6,4.1,454004.0,11245.0
India,"PLFS Year (Jul - Jun), 2020",Persons,Rural + Urban,all ages,51,01-99,11.5,8.9,12.1,7.6,4.3,5.7,1.7,0.4,4.6,8.9,977046.0,29910.0
India,"PLFS Year (Jul - Jun), 2020",Persons,Rural + Urban,all ages,51,05-43,4.1,4.3,6.9,4.2,2.7,3.3,1.0,0.2,2.7,4.2,463771.0,16128.0
India,"PLFS Year (Jul - Jun), 2020",Persons,Rural + Urban,all ages,51,45-99,0.4,0.5,0.9,0.6,0.4,0.8,0.1,0.1,0.4,0.5,59270.0,2537.0
India,"PLFS Year (Jul - Jun), 2020",Persons,Rural + Urban,all ages,41 & 51,01-99,12.1,9.3,12.5,7.8,4.6,5.9,1.8,0.4,4.8,9.3,1018664.0,31555.0
India,"PLFS Year (Jul - Jun), 2020",Persons,Rural + Urban,all ages,11-51,01-03,25.0,15.3,22.1,17.1,13.7,9.5,9.7,6.7,13.4,18.5,2032674.0,62844.0
India,"PLFS Year (Jul - Jun), 2020",Persons,Rural + Urban,all ages,11-51,01-99,36.2,29.7,49.6,44.8,39.7,64.2,51.8,59.4,46.5,39.8,4375406.0,161936.0
India,"PLFS Year (Jul - Jun), 2020",Persons,Rural + Urban,all ages,11-51,05-43,6.8,8.4,14.1,11.7,9.2,23.1,9.0,6.3,10.3,9.5,1045761.0,39533.0
India,"PLFS Year (Jul - Jun), 2020",Persons,Rural + Urban,all ages,11-51,45-99,4.4,5.9,13.4,15.9,16.8,31.6,33.1,46.4,22.8,11.8,1296971.0,59559.0
India,"PLFS Year (Jul - Jun), 2020",Persons,Rural + Urban,all ages,81,,0.2,0.4,1.3,1.8,2.8,10.7,9.5,8.5,4.6,1.8,192220.0,8741.0
India,"PLFS Year (Jul - Jun), 2020",Persons,Rural + Urban,all ages,11-81,,36.4,30.1,50.9,46.5,42.5,74.8,61.3,67.9,51.1,41.6,4567626.0,170677.0
India,"PLFS Year (Jul - Jun), 2020",Persons,Rural + Urban,all ages,UR,,0.5,1.4,2.5,3.8,6.6,14.2,15.5,12.5,9.1,4.2,,
India,"PLFS Year (Jul - Jun), 2020",Persons,Rural + Urban,all ages,91,,3.6,51.6,23.6,28.0,35.0,8.8,10.3,4.1,23.8,25.6,2810911.0,108487.0
India,"PLFS Year (Jul - Jun), 2020",Persons,Rural + Urban,all ages,92,,12.9,9.5,15.9,16.6,15.2,9.7,19.6,18.3,16.8,13.7,1499580.0,59112.0
India,"PLFS Year (Jul - Jun), 2020",Persons,Rural + Urban,all ages,93,,7.4,3.9,6.0,4.4,4.4,1.2,3.6,2.7,4.0,5.3,577144.0,18492.0
India,"PLFS Year (Jul - Jun), 2020",Persons,Rural + Urban,all ages,94,,6.7,2.4,2.2,3.4,2.1,4.9,4.4,6.2,3.5,3.8,421444.0,16890.0
India,"PLFS Year (Jul - Jun), 2020",Persons,Rural + Urban,all ages,95,,1.8,0.6,0.6,0.4,0.3,0.2,0.3,0.1,0.3,0.8,89603.0,3387.0
India,"PLFS Year (Jul - Jun), 2020",Persons,Rural + Urban,all ages,97,,5.0,1.5,0.8,0.7,0.6,0.4,0.6,0.7,0.6,2.1,225176.0,6920.0
India,"PLFS Year (Jul - Jun), 2020",Persons,Rural + Urban,all ages,99,,26.3,0.5,0.0,0.0,0.0,0.0,0.0,0.0,0.0,7.2,792260.0,26853.0
India,"PLFS Year (Jul - Jun), 2020",Persons,Rural + Urban,all ages,91-99,,63.6,69.9,49.1,53.5,57.5,25.2,38.7,32.1,48.9,58.4,6416119.0,240141.0
India,"PLFS Year (Jul - Jun), 2020",Persons,Rural + Urban,all ages,11-99,,100.0,100.0,100.0,100.0,100.0,100.0,100.0,100.0,100.0,100.0,10983745.0,410818.0
India,"PLFS Year (Jul - Jun), 2019",Male,Rural,15-29 years,"11,12",01-03,9.5,8.1,5.7,3.8,3.7,3.7,5.2,5.8,4.0,5.3,56516.0,1768.0
India,"PLFS Year (Jul - Jun), 2019",Male,Rural,15-29 years,"11,12",01-96,16.4,16.9,12.1,9.4,8.6,10.6,12.2,12.4,9.7,11.6,123684.0,4001.0
India,"PLFS Year (Jul - Jun), 2019",Male,Rural,15-29 years,"11,12",05-43,2.0,3.4,2.4,1.8,0.9,2.6,1.2,1.1,1.4,1.9,20527.0,584.0
India,"PLFS Year (Jul - Jun), 2019",Male,Rural,15-29 years,"11,12",45-96,4.9,5.4,4.0,3.8,4.1,4.2,5.7,5.5,4.3,4.4,46641.0,1649.0
India,"PLFS Year (Jul - Jun), 2019",Male,Rural,15-29 years,21,01-03,16.7,13.2,13.7,9.3,12.1,9.1,11.8,13.8,10.9,12.3,130712.0,4132.0
India,"PLFS Year (Jul - Jun), 2019",Male,Rural,15-29 years,21,01-96,17.4,14.8,15.2,10.5,13.5,9.6,14.5,15.0,12.4,13.7,146579.0,4647.0
India,"PLFS Year (Jul - Jun), 2019",Male,Rural,15-29 years,21,05-43,0.5,0.5,0.5,0.5,0.3,0.0,0.2,0.1,0.4,0.4,4707.0,162.0
India,"PLFS Year (Jul - Jun), 2019",Male,Rural,15-29 years,21,45-96,0.2,1.0,1.0,0.7,1.2,0.5,2.5,1.1,1.2,1.0,11161.0,353.0
India,"PLFS Year (Jul - Jun), 2019",Male,Rural,15-29 years,11-21,01-03,26.2,21.4,19.4,13.1,15.7,12.8,17.0,19.6,14.9,17.6,187228.0,5900.0
India,"PLFS Year (Jul - Jun), 2019",Male,Rural,15-29 years,11-21,01-96,33.8,31.7,27.3,19.9,22.2,20.2,26.7,27.4,22.1,25.3,270263.0,8648.0
India,"PLFS Year (Jul - Jun), 2019",Male,Rural,15-29 years,11-21,05-43,2.5,3.9,2.9,2.3,1.2,2.7,1.4,1.2,1.7,2.4,25234.0,746.0
India,"PLFS Year (Jul - Jun), 2019",Male,Rural,15-29 years,11-21,45-96,5.1,6.4,4.9,4.5,5.2,4.7,8.3,6.5,5.5,5.4,57801.0,2002.0
India,"PLFS Year (Jul - Jun), 2019",Male,Rural,15-29 years,31,01-03,0.2,0.8,0.5,0.4,0.6,1.7,0.8,1.9,0.6,0.6,6283.0,225.0
India,"PLFS Year (Jul - Jun), 2019",Male,Rural,15-29 years,31,01-99,3.6,8.0,8.3,8.3,9.5,31.5,19.6,31.5,12.2,10.1,107940.0,3817.0
India,"PLFS Year (Jul - Jun), 2019",Male,Rural,15-29 years,31,05-43,1.3,3.1,3.2,3.2,3.0,14.2,5.0,1.3,3.8,3.4,36608.0,1257.0
India,"PLFS Year (Jul - Jun), 2019",Male,Rural,15-29 years,31,45-99,2.1,4.0,4.6,4.7,5.8,15.6,13.9,28.4,7.7,6.1,65049.0,2335.0
India,"PLFS Year (Jul - Jun), 2019",Male,Rural,15-29 years,41,,1.2,0.2,0.2,0.1,0.1,0.0,0.0,0.0,0.1,0.2,2155.0,83.0
India,"PLFS Year (Jul - Jun), 2019",Male,Rural,15-29 years,51,01-03,14.6,13.2,6.6,3.5,2.1,1.6,1.1,0.6,2.5,5.6,59399.0,1477.0
India,"PLFS Year (Jul - Jun), 2019",Male,Rural,15-29 years,51,01-99,39.3,38.6,21.0,10.9,6.6,10.7,2.8,1.2,7.7,16.8,179173.0,4820.0
India,"PLFS Year (Jul - Jun), 2019",Male,Rural,15-29 years,51,05-43,23.8,23.2,12.9,6.5,3.8,6.3,1.5,0.3,4.5,10.1,107937.0,2996.0
India,"PLFS Year (Jul - Jun), 2019",Male,Rural,15-29 years,51,45-99,1.0,2.2,1.4,0.8,0.7,2.8,0.2,0.3,0.7,1.1,11837.0,347.0
India,"PLFS Year (Jul - Jun), 2019",Male,Rural,15-29 years,41 & 51,01-99,40.5,38.8,21.2,11.0,6.8,10.7,2.9,1.2,7.8,17.0,181328.0,4903.0
India,"PLFS Year (Jul - Jun), 2019",Male,Rural,15-29 years,11-51,01-03,40.9,35.4,26.6,17.0,18.5,16.1,18.9,22.1,18.0,23.7,252909.0,7602.0
India,"PLFS Year (Jul - Jun), 2019",Male,Rural,15-29 years,11-51,01-99,77.9,78.5,56.8,39.2,38.4,62.4,49.2,60.1,42.0,52.5,559532.0,17368.0
India,"PLFS Year (Jul - Jun), 2019",Male,Rural,15-29 years,11-51,05-43,28.8,30.5,19.2,12.2,8.2,23.1,7.9,2.8,10.1,16.1,171934.0,5082.0
India,"PLFS Year (Jul - Jun), 2019",Male,Rural,15-29 years,11-51,45-99,8.2,12.7,11.0,10.0,11.7,23.1,22.4,35.3,13.9,12.6,134688.0,4684.0
India,"PLFS Year (Jul - Jun), 2019",Male,Rural,15-29 years,81,,5.6,4.7,5.7,4.9,7.2,22.2,26.7,28.4,10.8,8.4,89235.0,3125.0
India,"PLFS Year (Jul - Jun), 2019",Male,Rural,15-29 years,11-81,,83.6,83.2,62.5,44.1,45.6,84.6,75.9,88.6,52.8,60.8,648766.0,20493.0
India,"PLFS Year (Jul - Jun), 2019",Male,Rural,15-29 years,UR,,6.7,5.7,9.2,11.1,15.7,26.3,35.2,32.1,20.4,13.8,,
India,"PLFS Year (Jul - Jun), 2019",Male,Rural,15-29 years,91,,1.3,11.8,34.1,54.4,53.1,14.6,22.3,9.9,45.8,36.0,384325.0,13863.0
India,"PLFS Year (Jul - Jun), 2019",Male,Rural,15-29 years,92,,1.1,1.2,1.1,0.7,0.6,0.8,1.3,1.2,0.8,0.9,9881.0,368.0
India,"PLFS Year (Jul - Jun), 2019",Male,Rural,15-29 years,93,,0.3,1.0,0.7,0.2,0.1,0.0,0.1,0.1,0.1,0.4,4109.0,116.0
India,"PLFS Year (Jul - Jun), 2019",Male,Rural,15-29 years,94,,0.3,0.3,0.3,0.0,0.0,0.0,0.1,0.0,0.1,0.1,1566.0,35.0
India,"PLFS Year (Jul - Jun), 2019",Male,Rural,15-29 years,95,,11.0,1.4,0.6,0.3,0.1,0.0,0.1,0.0,0.2,1.0,10938.0,250.0
India,"PLFS Year (Jul - Jun), 2019",Male,Rural,15-29 years,97,,2.4,1.2,0.8,0.4,0.4,0.0,0.2,0.2,0.3,0.7,7185.0,214.0
India,"PLFS Year (Jul - Jun), 2019",Male,Rural,15-29 years,99,,0.0,0.0,0.0,0.0,0.0,0.0,0.0,0.0,0.0,0.0,0.0,0.0
India,"PLFS Year (Jul - Jun), 2019",Male,Rural,15-29 years,91-99,,16.4,16.8,37.5,55.9,54.4,15.4,24.1,11.4,47.2,39.2,418004.0,14846.0
India,"PLFS Year (Jul - Jun), 2019",Male,Rural,15-29 years,11-99,,100.0,100.0,100.0,100.0,100.0,100.0,100.0,100.0,100.0,100.0,1066770.0,35339.0
India,"PLFS Year (Jul - Jun), 2019",Male,Rural,15 years and above,"11,12",01-03,34.4,30.4,23.8,19.8,14.7,9.5,15.9,12.8,16.8,24.7,704382.0,21671.0
India,"PLFS Year (Jul - Jun), 2019",Male,Rural,15 years and above,"11,12",01-96,41.9,43.1,36.5,31.9,24.4,22.2,28.2,24.8,28.2,35.8,1021753.0,32130.0
India,"PLFS Year (Jul - Jun), 2019",Male,Rural,15 years and above,"11,12",05-43,2.5,4.3,3.9,3.3,1.7,4.0,1.8,1.5,2.5,3.2,90401.0,2952.0
India,"PLFS Year (Jul - Jun), 2019",Male,Rural,15 years and above,"11,12",45-96,5.0,8.5,8.7,8.8,8.0,8.7,10.5,10.5,8.9,8.0,226970.0,7507.0
India,"PLFS Year (Jul - Jun), 2019",Male,Rural,15 years and above,21,01-03,3.6,5.6,8.3,7.2,10.3,7.4,8.8,7.4,8.5,6.9,196279.0,6154.0
India,"PLFS Year (Jul - Jun), 2019",Male,Rural,15 years and above,21,01-96,3.7,6.1,9.3,8.1,11.6,8.2,10.5,8.0,9.6,7.7,218887.0,6879.0
India,"PLFS Year (Jul - Jun), 2019",Male,Rural,15 years and above,21,05-43,0.1,0.2,0.3,0.4,0.3,0.2,0.2,0.0,0.3,0.2,6510.0,216.0
India,"PLFS Year (Jul - Jun), 2019",Male,Rural,15 years and above,21,45-96,0.1,0.3,0.7,0.5,1.0,0.7,1.5,0.5,0.9,0.6,16098.0,509.0
India,"PLFS Year (Jul - Jun), 2019",Male,Rural,15 years and above,11-21,01-03,38.0,35.9,32.2,27.1,24.9,16.8,24.6,20.3,25.3,31.5,900661.0,27825.0
India,"PLFS Year (Jul - Jun), 2019",Male,Rural,15 years and above,11-21,01-96,45.7,49.2,45.8,40.0,35.9,30.4,38.6,32.8,37.8,43.5,1240640.0,39009.0
India,"PLFS Year (Jul - Jun), 2019",Male,Rural,15 years and above,11-21,05-43,2.6,4.5,4.3,3.7,1.9,4.2,2.0,1.5,2.7,3.4,96911.0,3168.0
India,"PLFS Year (Jul - Jun), 2019",Male,Rural,15 years and above,11-21,45-96,5.1,8.8,9.3,9.3,9.1,9.4,12.0,11.1,9.8,8.5,243068.0,8016.0
India,"PLFS Year (Jul - Jun), 2019",Male,Rural,15 years and above,31,01-03,0.4,0.7,0.6,0.6,0.9,1.3,1.3,1.5,0.9,0.7,19807.0,826.0
India,"PLFS Year (Jul - Jun), 2019",Male,Rural,15 years and above,31,01-99,2.5,6.3,9.5,11.3,13.9,34.0,27.1,44.0,17.2,10.3,293498.0,11029.0
India,"PLFS Year (Jul - Jun), 2019",Male,Rural,15 years and above,31,05-43,0.7,2.3,3.4,3.7,3.7,14.5,5.6,2.5,4.4,3.0,85296.0,2984.0
India,"PLFS Year (Jul - Jun), 2019",Male,Rural,15 years and above,31,45-99,1.4,3.3,5.5,6.9,9.4,18.2,20.2,40.1,11.9,6.6,188395.0,7219.0
India,"PLFS Year (Jul - Jun), 2019",Male,Rural,15 years and above,41,,0.6,0.3,0.2,0.2,0.2,0.0,0.0,0.0,0.1,0.3,8393.0,310.0
India,"PLFS Year (Jul - Jun), 2019",Male,Rural,15 years and above,51,01-03,16.9,13.2,7.4,4.7,2.9,1.7,1.5,0.6,3.3,9.0,255521.0,6046.0
India,"PLFS Year (Jul - Jun), 2019",Male,Rural,15 years and above,51,01-99,30.7,30.7,21.1,12.9,7.6,9.1,3.3,1.4,8.8,20.4,581705.0,15557.0
India,"PLFS Year (Jul - Jun), 2019",Male,Rural,15 years and above,51,05-43,13.2,15.9,12.3,7.4,4.1,5.4,1.5,0.7,4.9,10.4,297927.0,8622.0
India,"PLFS Year (Jul - Jun), 2019",Male,Rural,15 years and above,51,45-99,0.7,1.5,1.3,0.8,0.6,2.0,0.2,0.1,0.7,1.0,28257.0,889.0
India,"PLFS Year (Jul - Jun), 2019",Male,Rural,15 years and above,41 & 51,01-99,31.4,31.0,21.4,13.1,7.8,9.1,3.3,1.4,9.0,20.7,590098.0,15867.0
India,"PLFS Year (Jul - Jun), 2019",Male,Rural,15 years and above,11-51,01-03,55.2,49.9,40.3,32.4,28.7,19.8,27.4,22.3,29.4,41.2,1175988.0,34697.0
India,"PLFS Year (Jul - Jun), 2019",Male,Rural,15 years and above,11-51,01-99,79.6,86.5,76.6,64.4,57.6,73.4,69.0,78.3,63.9,74.4,2124236.0,65905.0
India,"PLFS Year (Jul - Jun), 2019",Male,Rural,15 years and above,11-51,05-43,17.1,23.0,20.2,15.0,9.9,24.1,9.2,4.7,12.2,17.1,488527.0,15084.0
India,"PLFS Year (Jul - Jun), 2019",Male,Rural,15 years and above,11-51,45-99,7.2,13.6,16.2,17.0,19.1,29.5,32.4,51.2,22.3,16.1,459721.0,16124.0
India,"PLFS Year (Jul - Jun), 2019",Male,Rural,15 years and above,81,,0.7,1.3,2.8,2.8,5.0,14.5,15.3,12.3,6.6,3.5,99205.0,3506.0
India,"PLFS Year (Jul - Jun), 2019",Male,Rural,15 years and above,11-81,,80.3,87.8,79.5,67.2,62.6,88.0,84.3,90.6,70.5,77.9,2223441.0,69411.0
India,"PLFS Year (Jul - Jun), 2019",Male,Rural,15 years and above,UR,,0.9,1.4,3.5,4.2,7.9,16.5,18.1,13.6,9.3,4.5,,
India,"PLFS Year (Jul - Jun), 2019",Male,Rural,15 years and above,91,,0.3,2.8,15.3,28.0,34.2,8.7,11.9,3.5,25.4,13.5,386170.0,13913.0
India,"PLFS Year (Jul - Jun), 2019",Male,Rural,15 years and above,92,,1.0,0.8,0.7,0.6,0.5,0.6,0.9,0.5,0.6,0.8,21531.0,792.0
India,"PLFS Year (Jul - Jun), 2019",Male,Rural,15 years and above,93,,0.4,0.4,0.4,0.1,0.1,0.0,0.1,0.5,0.1,0.3,8771.0,284.0
India,"PLFS Year (Jul - Jun), 2019",Male,Rural,15 years and above,94,,9.5,4.6,2.3,2.7,1.9,2.0,2.2,4.7,2.4,4.3,122669.0,3737.0
India,"PLFS Year (Jul - Jun), 2019",Male,Rural,15 years and above,95,,3.9,1.7,1.0,0.7,0.2,0.3,0.2,0.1,0.4,1.5,43017.0,1241.0
India,"PLFS Year (Jul - Jun), 2019",Male,Rural,15 years and above,97,,4.6,1.8,0.9,0.8,0.5,0.5,0.4,0.1,0.6,1.7,49171.0,1360.0
India,"PLFS Year (Jul - Jun), 2019",Male,Rural,15 years and above,99,,0.0,0.0,0.0,0.0,0.0,0.0,0.0,0.0,0.0,0.0,0.0,0.0
India,"PLFS Year (Jul - Jun), 2019",Male,Rural,15 years and above,91-99,,19.7,12.2,20.5,32.8,37.4,12.0,15.7,9.4,29.5,22.1,631329.0,21327.0
India,"PLFS Year (Jul - Jun), 2019",Male,Rural,15 years and above,11-99,,100.0,100.0,100.0,100.0,100.0,100.0,100.0,100.0,100.0,100.0,2854771.0,90738.0
India,"PLFS Year (Jul - Jun), 2019",Male,Rural,all ages,"11,12",01-03,20.6,14.3,21.1,19.7,14.7,9.5,15.9,12.8,16.8,17.8,704866.0,21679.0
India,"PLFS Year (Jul - Jun), 2019",Male,Rural,all ages,"11,12",01-96,25.1,20.2,32.2,31.8,24.4,22.2,28.2,24.8,28.1,25.8,1022289.0,32141.0
India,"PLFS Year (Jul - Jun), 2019",Male,Rural,all ages,"11,12",05-43,1.5,2.0,3.5,3.3,1.7,4.0,1.8,1.5,2.5,2.3,90402.0,2953.0
India,"PLFS Year (Jul - Jun), 2019",Male,Rural,all ages,"11,12",45-96,3.0,4.0,7.7,8.7,8.0,8.7,10.5,10.5,8.9,5.7,227022.0,7509.0
India,"PLFS Year (Jul - Jun), 2019",Male,Rural,all ages,21,01-03,2.2,2.7,7.5,7.2,10.3,7.4,8.8,7.4,8.5,5.0,198691.0,6221.0
India,"PLFS Year (Jul - Jun), 2019",Male,Rural,all ages,21,01-96,2.3,3.0,8.3,8.0,11.6,8.2,10.5,8.0,9.6,5.6,221648.0,6954.0
India,"PLFS Year (Jul - Jun), 2019",Male,Rural,all ages,21,05-43,0.0,0.1,0.3,0.4,0.3,0.2,0.2,0.0,0.3,0.2,6752.0,220.0
India,"PLFS Year (Jul - Jun), 2019",Male,Rural,all ages,21,45-96,0.1,0.2,0.6,0.5,1.0,0.7,1.5,0.5,0.9,0.4,16205.0,513.0
India,"PLFS Year (Jul - Jun), 2019",Male,Rural,all ages,11-21,01-03,22.7,17.0,28.5,26.9,24.9,16.8,24.6,20.3,25.2,22.8,903558.0,27900.0
India,"PLFS Year (Jul - Jun), 2019",Male,Rural,all ages,11-21,01-96,27.3,23.2,40.5,39.8,35.9,30.4,38.6,32.8,37.7,31.4,1243937.0,39095.0
India,"PLFS Year (Jul - Jun), 2019",Male,Rural,all ages,11-21,05-43,1.6,2.1,3.8,3.7,1.9,4.2,2.0,1.5,2.7,2.5,97153.0,3173.0
India,"PLFS Year (Jul - Jun), 2019",Male,Rural,all ages,11-21,45-96,3.0,4.1,8.3,9.2,9.1,9.4,12.0,11.1,9.7,6.1,243226.0,8022.0
India,"PLFS Year (Jul - Jun), 2019",Male,Rural,all ages,31,01-03,0.2,0.3,0.6,0.6,0.9,1.3,1.3,1.5,0.9,0.5,19807.0,826.0
India,"PLFS Year (Jul - Jun), 2019",Male,Rural,all ages,31,01-99,1.5,3.0,8.4,11.2,13.9,34.0,27.1,44.0,17.1,7.4,294109.0,11039.0
India,"PLFS Year (Jul - Jun), 2019",Male,Rural,all ages,31,05-43,0.4,1.1,3.0,3.7,3.7,14.5,5.6,2.5,4.4,2.2,85326.0,2985.0
India,"PLFS Year (Jul - Jun), 2019",Male,Rural,all ages,31,45-99,0.8,1.6,4.9,6.9,9.4,18.2,20.2,40.1,11.9,4.8,188976.0,7228.0
India,"PLFS Year (Jul - Jun), 2019",Male,Rural,all ages,41,,0.4,0.1,0.2,0.2,0.2,0.0,0.0,0.0,0.1,0.2,8393.0,310.0
India,"PLFS Year (Jul - Jun), 2019",Male,Rural,all ages,51,01-03,10.1,6.2,6.6,4.7,2.9,1.7,1.5,0.6,3.3,6.5,255940.0,6054.0
India,"PLFS Year (Jul - Jun), 2019",Male,Rural,all ages,51,01-99,18.4,14.4,18.7,12.8,7.6,9.1,3.3,1.4,8.8,14.7,582578.0,15577.0
India,"PLFS Year (Jul - Jun), 2019",Male,Rural,all ages,51,05-43,7.9,7.5,10.9,7.3,4.1,5.4,1.5,0.7,4.9,7.5,298372.0,8631.0
India,"PLFS Year (Jul - Jun), 2019",Male,Rural,all ages,51,45-99,0.4,0.7,1.2,0.8,0.6,2.0,0.2,0.1,0.7,0.7,28266.0,892.0
India,"PLFS Year (Jul - Jun), 2019",Male,Rural,all ages,41 & 51,01-99,18.8,14.5,18.9,13.0,7.8,9.1,3.3,1.4,8.9,14.9,590972.0,15887.0
India,"PLFS Year (Jul - Jun), 2019",Male,Rural,all ages,11-51,01-03,33.1,23.5,35.7,32.2,28.7,19.8,27.4,22.3,29.4,29.8,1179305.0,34780.0
India,"PLFS Year (Jul - Jun), 2019",Male,Rural,all ages,11-51,01-99,47.6,40.8,67.8,64.0,57.6,73.4,69.0,78.3,63.8,53.8,2129018.0,66021.0
India,"PLFS Year (Jul - Jun), 2019",Male,Rural,all ages,11-51,05-43,10.3,10.8,17.8,14.9,9.9,24.1,9.2,4.7,12.1,12.4,489244.0,15099.0
India,"PLFS Year (Jul - Jun), 2019",Male,Rural,all ages,11-51,45-99,4.3,6.4,14.3,16.9,19.1,29.5,32.4,51.2,22.3,11.6,460469.0,16142.0
India,"PLFS Year (Jul - Jun), 2019",Male,Rural,all ages,81,,0.4,0.7,2.5,2.8,5.0,14.5,15.3,12.3,6.6,2.5,100903.0,3532.0
India,"PLFS Year (Jul - Jun), 2019",Male,Rural,all ages,11-81,,48.1,41.5,70.4,66.8,62.6,88.0,84.3,90.6,70.4,56.3,2229921.0,69553.0
India,"PLFS Year (Jul - Jun), 2019",Male,Rural,all ages,UR,,0.9,1.7,3.6,4.2,7.9,16.5,18.1,13.6,9.3,4.5,,
India,"PLFS Year (Jul - Jun), 2019",Male,Rural,all ages,91,,5.7,52.7,24.8,28.3,34.2,8.7,11.9,3.5,25.5,28.3,1120215.0,35379.0
India,"PLFS Year (Jul - Jun), 2019",Male,Rural,all ages,92,,0.7,0.5,0.7,0.6,0.5,0.6,0.9,0.5,0.6,0.6,23617.0,856.0
India,"PLFS Year (Jul - Jun), 2019",Male,Rural,all ages,93,,0.3,0.2,0.3,0.1,0.1,0.0,0.1,0.5,0.1,0.2,9351.0,297.0
India,"PLFS Year (Jul - Jun), 2019",Male,Rural,all ages,94,,5.7,2.2,2.0,2.7,1.9,2.0,2.2,4.7,2.4,3.1,122962.0,3741.0
India,"PLFS Year (Jul - Jun), 2019",Male,Rural,all ages,95,,2.5,0.8,0.8,0.7,0.2,0.3,0.2,0.1,0.4,1.2,45532.0,1304.0
India,"PLFS Year (Jul - Jun), 2019",Male,Rural,all ages,97,,5.8,1.3,0.9,0.8,0.5,0.5,0.4,0.1,0.6,2.2,85135.0,2099.0
India,"PLFS Year (Jul - Jun), 2019",Male,Rural,all ages,99,,31.3,0.9,0.0,0.0,0.0,0.0,0.0,0.0,0.0,8.1,321995.0,9233.0
India,"PLFS Year (Jul - Jun), 2019",Male,Rural,all ages,91-99,,51.9,58.5,29.6,33.2,37.4,12.0,15.7,9.4,29.6,43.7,1728807.0,52909.0
India,"PLFS Year (Jul - Jun), 2019",Male,Rural,all ages,11-99,,100.0,100.0,100.0,100.0,100.0,100.0,100.0,100.0,100.0,100.0,3958728.0,122462.0
India,"PLFS Year (Jul - Jun), 2019",Female,Rural,15-29 years,"11,12",01-03,2.6,2.3,0.8,0.6,0.6,1.0,0.8,0.2,0.6,1.1,11573.0,460.0
India,"PLFS Year (Jul - Jun), 2019",Female,Rural,15-29 years,"11,12",01-96,3.6,3.8,2.8,2.5,2.6,3.4,3.5,3.2,2.7,3.0,30467.0,1226.0
India,"PLFS Year (Jul - Jun), 2019",Female,Rural,15-29 years,"11,12",05-43,1.0,1.2,1.7,1.7,1.3,2.1,1.5,0.5,1.5,1.4,14719.0,571.0
India,"PLFS Year (Jul - Jun), 2019",Female,Rural,15-29 years,"11,12",45-96,0.0,0.3,0.3,0.2,0.6,0.3,1.2,2.5,0.6,0.4,4176.0,195.0
India,"PLFS Year (Jul - Jun), 2019",Female,Rural,15-29 years,21,01-03,15.6,11.5,9.2,5.5,5.4,6.6,3.5,4.3,5.1,8.2,83339.0,2638.0
India,"PLFS Year (Jul - Jun), 2019",Female,Rural,15-29 years,21,01-96,16.3,12.3,9.6,6.1,5.8,7.4,3.9,4.3,5.6,8.8,88951.0,2819.0
India,"PLFS Year (Jul - Jun), 2019",Female,Rural,15-29 years,21,05-43,0.5,0.6,0.2,0.3,0.3,0.0,0.0,0.1,0.2,0.3,2975.0,79.0
India,"PLFS Year (Jul - Jun), 2019",Female,Rural,15-29 years,21,45-96,0.2,0.3,0.3,0.3,0.2,0.8,0.3,0.0,0.3,0.3,2637.0,102.0
India,"PLFS Year (Jul - Jun), 2019",Female,Rural,15-29 years,11-21,01-03,18.2,13.8,10.0,6.1,6.0,7.6,4.3,4.5,5.7,9.3,94912.0,3098.0
India,"PLFS Year (Jul - Jun), 2019",Female,Rural,15-29 years,11-21,01-96,19.9,16.2,12.4,8.6,8.4,10.8,7.4,7.5,8.3,11.8,119419.0,4045.0
India,"PLFS Year (Jul - Jun), 2019",Female,Rural,15-29 years,11-21,05-43,1.5,1.8,1.8,2.0,1.6,2.1,1.5,0.6,1.7,1.7,17694.0,650.0
India,"PLFS Year (Jul - Jun), 2019",Female,Rural,15-29 years,11-21,45-96,0.2,0.6,0.5,0.5,0.8,1.1,1.5,2.5,0.9,0.7,6812.0,297.0
India,"PLFS Year (Jul - Jun), 2019",Female,Rural,15-29 years,31,01-03,0.8,0.6,0.1,0.1,0.2,0.0,0.3,0.5,0.2,0.3,2827.0,93.0
India,"PLFS Year (Jul - Jun), 2019",Female,Rural,15-29 years,31,01-99,1.1,1.1,0.9,1.3,2.2,18.0,7.4,24.2,3.8,2.4,23919.0,965.0
India,"PLFS Year (Jul - Jun), 2019",Female,Rural,15-29 years,31,05-43,0.2,0.2,0.3,0.5,0.4,0.9,0.5,0.3,0.4,0.3,3396.0,131.0
India,"PLFS Year (Jul - Jun), 2019",Female,Rural,15-29 years,31,45-99,0.1,0.3,0.5,0.8,1.7,17.0,6.6,23.4,3.2,1.7,17695.0,741.0
India,"PLFS Year (Jul - Jun), 2019",Female,Rural,15-29 years,41,,0.3,0.4,0.3,0.2,0.2,0.0,0.0,0.5,0.2,0.3,2767.0,85.0
India,"PLFS Year (Jul - Jun), 2019",Female,Rural,15-29 years,51,01-03,7.1,6.4,3.5,1.9,1.2,0.7,0.4,0.0,1.3,3.2,32755.0,753.0
India,"PLFS Year (Jul - Jun), 2019",Female,Rural,15-29 years,51,01-99,10.1,8.4,4.3,2.3,1.4,0.7,0.5,0.0,1.5,4.2,42407.0,950.0
India,"PLFS Year (Jul - Jun), 2019",Female,Rural,15-29 years,51,05-43,2.9,2.0,0.8,0.3,0.2,0.0,0.1,0.0,0.2,0.9,9200.0,186.0
India,"PLFS Year (Jul - Jun), 2019",Female,Rural,15-29 years,51,45-99,0.0,0.1,0.0,0.1,0.0,0.0,0.0,0.0,0.0,0.0,452.0,11.0
India,"PLFS Year (Jul - Jun), 2019",Female,Rural,15-29 years,41 & 51,01-99,10.4,8.8,4.7,2.5,1.6,0.7,0.5,0.5,1.7,4.4,45174.0,1035.0
India,"PLFS Year (Jul - Jun), 2019",Female,Rural,15-29 years,11-51,01-03,26.2,20.8,13.6,8.1,7.4,8.3,5.0,5.0,7.2,12.9,130495.0,3944.0
India,"PLFS Year (Jul - Jun), 2019",Female,Rural,15-29 years,11-51,01-99,31.4,26.1,17.9,12.4,12.3,29.4,15.3,32.2,13.9,18.6,188511.0,6045.0
India,"PLFS Year (Jul - Jun), 2019",Female,Rural,15-29 years,11-51,05-43,4.9,4.4,3.3,2.9,2.4,3.0,2.2,1.4,2.5,3.3,33057.0,1052.0
India,"PLFS Year (Jul - Jun), 2019",Female,Rural,15-29 years,11-51,45-99,0.3,0.9,1.1,1.4,2.5,18.2,8.1,25.8,4.1,2.5,24960.0,1049.0
India,"PLFS Year (Jul - Jun), 2019",Female,Rural,15-29 years,81,,0.0,0.4,0.7,0.9,1.9,11.1,11.7,17.6,3.9,2.1,21566.0,978.0
India,"PLFS Year (Jul - Jun), 2019",Female,Rural,15-29 years,11-81,,31.5,26.4,18.6,13.4,14.2,40.5,27.0,49.8,17.8,20.7,210077.0,7023.0
India,"PLFS Year (Jul - Jun), 2019",Female,Rural,15-29 years,UR,,0.1,1.4,3.8,6.9,13.4,27.3,43.2,35.4,21.9,10.3,,
India,"PLFS Year (Jul - Jun), 2019",Female,Rural,15-29 years,91,,0.5,10.1,28.5,48.7,45.4,15.3,20.6,12.9,40.9,28.9,293337.0,10340.0
India,"PLFS Year (Jul - Jun), 2019",Female,Rural,15-29 years,92,,38.0,38.2,33.5,25.6,28.5,32.4,37.9,24.4,28.8,32.4,328737.0,9986.0
India,"PLFS Year (Jul - Jun), 2019",Female,Rural,15-29 years,93,,25.8,23.8,18.4,11.5,11.2,10.6,14.1,12.8,11.9,16.8,170587.0,4504.0
India,"PLFS Year (Jul - Jun), 2019",Female,Rural,15-29 years,94,,1.9,0.5,0.6,0.4,0.3,0.2,0.2,0.1,0.3,0.6,5717.0,123.0
India,"PLFS Year (Jul - Jun), 2019",Female,Rural,15-29 years,95,,1.4,0.5,0.2,0.2,0.1,0.0,0.0,0.0,0.1,0.3,3451.0,117.0
India,"PLFS Year (Jul - Jun), 2019",Female,Rural,15-29 years,97,,0.9,0.4,0.2,0.3,0.3,0.9,0.2,0.0,0.3,0.3,3322.0,99.0
India,"PLFS Year (Jul - Jun), 2019",Female,Rural,15-29 years,99,,0.0,0.0,0.0,0.0,0.0,0.0,0.0,0.0,0.0,0.0,0.0,0.0
India,"PLFS Year (Jul - Jun), 2019",Female,Rural,15-29 years,91-99,,68.5,73.6,81.4,86.6,85.8,59.5,73.0,50.2,82.2,79.3,805151.0,25169.0
India,"PLFS Year (Jul - Jun), 2019",Female,Rural,15-29 years,11-99,,100.0,100.0,100.0,100.0,100.0,100.0,100.0,100.0,100.0,100.0,1015228.0,32192.0
India,"PLFS Year (Jul - Jun), 2019",Female,Rural,15 years and above,"11,12",01-03,6.0,5.3,3.2,2.8,1.7,3.6,1.6,0.3,2.1,4.4,125021.0,4971.0
India,"PLFS Year (Jul - Jun), 2019",Female,Rural,15 years and above,"11,12",01-96,7.5,8.0,5.7,5.9,4.5,10.9,4.2,4.1,5.1,6.7,189376.0,7410.0
India,"PLFS Year (Jul - Jun), 2019",Female,Rural,15 years and above,"11,12",05-43,0.9,2.0,1.8,2.1,1.9,3.4,1.2,1.0,1.9,1.5,42800.0,1547.0
India,"PLFS Year (Jul - Jun), 2019",Female,Rural,15 years and above,"11,12",45-96,0.6,0.7,0.7,0.9,0.8,3.9,1.4,2.9,1.1,0.8,21555.0,892.0
India,"PLFS Year (Jul - Jun), 2019",Female,Rural,15 years and above,21,01-03,16.8,14.3,11.7,7.6,6.4,6.7,3.6,4.3,6.4,12.8,364358.0,11635.0
India,"PLFS Year (Jul - Jun), 2019",Female,Rural,15 years and above,21,01-96,17.4,15.5,12.5,8.6,7.0,7.1,4.0,4.7,7.1,13.6,386421.0,12358.0
India,"PLFS Year (Jul - Jun), 2019",Female,Rural,15 years and above,21,05-43,0.3,0.5,0.2,0.3,0.3,0.0,0.0,0.1,0.2,0.3,8678.0,246.0
India,"PLFS Year (Jul - Jun), 2019",Female,Rural,15 years and above,21,45-96,0.3,0.7,0.6,0.8,0.3,0.4,0.3,0.3,0.5,0.5,13384.0,477.0
India,"PLFS Year (Jul - Jun), 2019",Female,Rural,15 years and above,11-21,01-03,22.8,19.5,14.9,10.4,8.1,10.2,5.2,4.6,8.5,17.2,489379.0,16606.0
India,"PLFS Year (Jul - Jun), 2019",Female,Rural,15 years and above,11-21,01-96,24.9,23.4,18.3,14.5,11.4,18.0,8.1,8.8,12.2,20.2,575797.0,19768.0
India,"PLFS Year (Jul - Jun), 2019",Female,Rural,15 years and above,11-21,05-43,1.2,2.5,2.1,2.4,2.2,3.4,1.2,1.1,2.1,1.8,51479.0,1793.0
India,"PLFS Year (Jul - Jun), 2019",Female,Rural,15 years and above,11-21,45-96,0.9,1.4,1.3,1.7,1.1,4.3,1.7,3.1,1.6,1.2,34939.0,1369.0
India,"PLFS Year (Jul - Jun), 2019",Female,Rural,15 years and above,31,01-03,0.5,0.6,0.3,0.3,0.3,0.0,0.4,0.5,0.3,0.4,11963.0,392.0
India,"PLFS Year (Jul - Jun), 2019",Female,Rural,15 years and above,31,01-99,1.3,2.1,2.5,3.8,4.9,19.3,12.2,28.9,6.9,3.1,87462.0,3510.0
India,"PLFS Year (Jul - Jun), 2019",Female,Rural,15 years and above,31,05-43,0.2,0.3,0.5,0.6,0.4,1.5,0.6,0.4,0.5,0.4,10917.0,381.0
India,"PLFS Year (Jul - Jun), 2019",Female,Rural,15 years and above,31,45-99,0.6,1.2,1.7,3.0,4.1,17.8,11.2,28.1,6.1,2.3,64582.0,2737.0
India,"PLFS Year (Jul - Jun), 2019",Female,Rural,15 years and above,41,,1.2,1.1,0.9,0.4,0.3,0.5,0.1,0.3,0.3,0.9,25351.0,872.0
India,"PLFS Year (Jul - Jun), 2019",Female,Rural,15 years and above,51,01-03,10.3,8.0,4.7,2.5,1.3,0.8,0.5,0.2,1.6,6.7,191417.0,4617.0
India,"PLFS Year (Jul - Jun), 2019",Female,Rural,15 years and above,51,01-99,12.1,9.7,5.7,2.8,1.5,0.8,0.7,0.2,1.9,8.0,226408.0,5549.0
India,"PLFS Year (Jul - Jun), 2019",Female,Rural,15 years and above,51,05-43,1.6,1.6,0.9,0.3,0.2,0.0,0.1,0.0,0.2,1.1,32240.0,842.0
India,"PLFS Year (Jul - Jun), 2019",Female,Rural,15 years and above,51,45-99,0.1,0.1,0.1,0.1,0.0,0.0,0.1,0.0,0.1,0.1,2751.0,90.0
India,"PLFS Year (Jul - Jun), 2019",Female,Rural,15 years and above,41 & 51,01-99,13.2,10.8,6.6,3.3,1.8,1.4,0.8,0.5,2.2,8.9,251759.0,6421.0
India,"PLFS Year (Jul - Jun), 2019",Female,Rural,15 years and above,11-51,01-03,33.6,28.1,19.9,13.1,9.7,11.0,6.2,5.2,10.4,24.4,692758.0,21615.0
India,"PLFS Year (Jul - Jun), 2019",Female,Rural,15 years and above,11-51,01-99,39.4,36.3,27.4,21.6,18.1,38.6,21.1,38.3,21.3,32.2,915017.0,29699.0
India,"PLFS Year (Jul - Jun), 2019",Female,Rural,15 years and above,11-51,05-43,4.2,5.5,4.4,3.7,3.1,5.5,2.0,1.8,3.2,4.2,119987.0,3888.0
India,"PLFS Year (Jul - Jun), 2019",Female,Rural,15 years and above,11-51,45-99,1.6,2.7,3.1,4.7,5.3,22.1,12.9,31.2,7.7,3.6,102272.0,4196.0
India,"PLFS Year (Jul - Jun), 2019",Female,Rural,15 years and above,81,,0.0,0.2,0.4,0.7,1.6,6.9,9.0,12.1,3.0,0.9,24554.0,1160.0
India,"PLFS Year (Jul - Jun), 2019",Female,Rural,15 years and above,11-81,,39.4,36.6,27.8,22.3,19.6,45.5,30.1,50.4,24.3,33.0,939572.0,30859.0
India,"PLFS Year (Jul - Jun), 2019",Female,Rural,15 years and above,UR,,0.0,0.6,1.6,3.1,7.9,15.2,29.9,24.0,12.2,2.6,,
India,"PLFS Year (Jul - Jun), 2019",Female,Rural,15 years and above,91,,0.2,3.0,15.3,31.4,34.5,8.4,14.6,8.2,28.3,10.4,296622.0,10441.0
India,"PLFS Year (Jul - Jun), 2019",Female,Rural,15 years and above,92,,26.8,34.2,35.4,30.9,31.9,37.4,39.0,27.3,32.6,31.1,883685.0,27410.0
India,"PLFS Year (Jul - Jun), 2019",Female,Rural,15 years and above,93,,18.7,21.2,19.5,13.6,13.0,6.9,14.9,13.8,13.5,18.0,511134.0,14255.0
India,"PLFS Year (Jul - Jun), 2019",Female,Rural,15 years and above,94,,9.2,3.5,1.6,1.3,0.5,1.2,1.0,0.2,0.9,4.8,135436.0,3995.0
India,"PLFS Year (Jul - Jun), 2019",Female,Rural,15 years and above,95,,1.8,0.6,0.2,0.3,0.1,0.0,0.0,0.0,0.1,0.9,25733.0,802.0
India,"PLFS Year (Jul - Jun), 2019",Female,Rural,15 years and above,97,,3.9,0.9,0.3,0.3,0.4,0.5,0.4,0.1,0.3,1.8,51880.0,1376.0
India,"PLFS Year (Jul - Jun), 2019",Female,Rural,15 years and above,99,,0.0,0.0,0.0,0.0,0.0,0.0,0.0,0.0,0.0,0.0,0.0,0.0
India,"PLFS Year (Jul - Jun), 2019",Female,Rural,15 years and above,91-99,,60.6,63.4,72.2,77.7,80.4,54.5,69.9,49.6,75.7,67.0,1904490.0,58279.0
India,"PLFS Year (Jul - Jun), 2019",Female,Rural,15 years and above,11-99,,100.0,100.0,100.0,100.0,100.0,100.0,100.0,100.0,100.0,100.0,2844062.0,89138.0
India,"PLFS Year (Jul - Jun), 2019",Female,Rural,all ages,"11,12",01-03,4.5,2.6,2.8,2.8,1.7,3.6,1.6,0.3,2.1,3.3,125049.0,4972.0
India,"PLFS Year (Jul - Jun), 2019",Female,Rural,all ages,"11,12",01-96,5.6,3.9,5.0,5.8,4.5,10.9,4.2,4.1,5.1,5.0,189514.0,7414.0
India,"PLFS Year (Jul - Jun), 2019",Female,Rural,all ages,"11,12",05-43,0.7,1.0,1.6,2.1,1.9,3.4,1.2,1.0,1.9,1.1,42905.0,1549.0
India,"PLFS Year (Jul - Jun), 2019",Female,Rural,all ages,"11,12",45-96,0.4,0.3,0.6,0.9,0.8,3.9,1.4,2.9,1.1,0.6,21561.0,893.0
India,"PLFS Year (Jul - Jun), 2019",Female,Rural,all ages,21,01-03,12.7,7.0,10.3,7.5,6.4,6.7,3.6,4.3,6.3,9.6,366389.0,11674.0
India,"PLFS Year (Jul - Jun), 2019",Female,Rural,all ages,21,01-96,13.1,7.6,11.0,8.6,7.0,7.1,4.0,4.7,7.1,10.2,388650.0,12405.0
India,"PLFS Year (Jul - Jun), 2019",Female,Rural,all ages,21,05-43,0.2,0.3,0.2,0.3,0.3,0.0,0.0,0.1,0.2,0.2,8877.0,254.0
India,"PLFS Year (Jul - Jun), 2019",Female,Rural,all ages,21,45-96,0.2,0.3,0.5,0.8,0.3,0.4,0.3,0.3,0.5,0.4,13384.0,477.0
India,"PLFS Year (Jul - Jun), 2019",Female,Rural,all ages,11-21,01-03,17.2,9.5,13.0,10.3,8.1,10.2,5.2,4.6,8.5,12.9,491437.0,16646.0
India,"PLFS Year (Jul - Jun), 2019",Female,Rural,all ages,11-21,01-96,18.8,11.5,16.0,14.4,11.4,18.0,8.1,8.8,12.2,15.1,578163.0,19819.0
India,"PLFS Year (Jul - Jun), 2019",Female,Rural,all ages,11-21,05-43,0.9,1.2,1.8,2.4,2.2,3.4,1.2,1.1,2.1,1.4,51781.0,1803.0
India,"PLFS Year (Jul - Jun), 2019",Female,Rural,all ages,11-21,45-96,0.7,0.7,1.1,1.7,1.1,4.3,1.7,3.1,1.6,0.9,34945.0,1370.0
India,"PLFS Year (Jul - Jun), 2019",Female,Rural,all ages,31,01-03,0.4,0.3,0.2,0.3,0.3,0.0,0.4,0.5,0.3,0.3,11963.0,392.0
India,"PLFS Year (Jul - Jun), 2019",Female,Rural,all ages,31,01-99,1.0,1.0,2.2,3.8,4.9,19.3,12.2,28.9,6.9,2.3,87557.0,3514.0
India,"PLFS Year (Jul - Jun), 2019",Female,Rural,all ages,31,05-43,0.2,0.2,0.5,0.6,0.4,1.5,0.6,0.4,0.5,0.3,10954.0,382.0
India,"PLFS Year (Jul - Jun), 2019",Female,Rural,all ages,31,45-99,0.5,0.6,1.5,2.9,4.1,17.8,11.2,28.1,6.1,1.7,64640.0,2740.0
India,"PLFS Year (Jul - Jun), 2019",Female,Rural,all ages,41,,0.9,0.5,0.8,0.4,0.3,0.5,0.1,0.3,0.3,0.7,25351.0,872.0
India,"PLFS Year (Jul - Jun), 2019",Female,Rural,all ages,51,01-03,7.8,3.9,4.2,2.5,1.3,0.8,0.5,0.2,1.6,5.0,191798.0,4625.0
India,"PLFS Year (Jul - Jun), 2019",Female,Rural,all ages,51,01-99,9.1,4.7,5.1,2.8,1.5,0.8,0.7,0.2,1.9,5.9,226999.0,5561.0
India,"PLFS Year (Jul - Jun), 2019",Female,Rural,all ages,51,05-43,1.2,0.8,0.8,0.3,0.2,0.0,0.1,0.0,0.2,0.8,32358.0,844.0
India,"PLFS Year (Jul - Jun), 2019",Female,Rural,all ages,51,45-99,0.1,0.0,0.1,0.1,0.0,0.0,0.1,0.0,0.1,0.1,2843.0,92.0
India,"PLFS Year (Jul - Jun), 2019",Female,Rural,all ages,41 & 51,01-99,10.0,5.3,5.8,3.3,1.8,1.4,0.8,0.5,2.2,6.6,252350.0,6433.0
India,"PLFS Year (Jul - Jun), 2019",Female,Rural,all ages,11-51,01-03,25.3,13.7,17.4,13.1,9.7,11.0,6.2,5.2,10.4,18.2,695198.0,21663.0
India,"PLFS Year (Jul - Jun), 2019",Female,Rural,all ages,11-51,01-99,29.7,17.8,24.0,21.4,18.1,38.6,21.1,38.3,21.3,24.0,918070.0,29766.0
India,"PLFS Year (Jul - Jun), 2019",Female,Rural,all ages,11-51,05-43,3.2,2.7,3.8,3.7,3.1,5.5,2.0,1.8,3.2,3.2,120445.0,3901.0
India,"PLFS Year (Jul - Jun), 2019",Female,Rural,all ages,11-51,45-99,1.2,1.3,2.7,4.7,5.3,22.1,12.9,31.2,7.7,2.7,102428.0,4202.0
India,"PLFS Year (Jul - Jun), 2019",Female,Rural,all ages,81,,0.0,0.1,0.4,0.7,1.6,6.9,9.0,12.1,3.0,0.6,24728.0,1170.0
India,"PLFS Year (Jul - Jun), 2019",Female,Rural,all ages,11-81,,29.7,17.9,24.3,22.1,19.6,45.5,30.1,50.4,24.2,24.7,942799.0,30936.0
India,"PLFS Year (Jul - Jun), 2019",Female,Rural,all ages,UR,,0.0,0.6,1.6,3.2,7.9,15.2,29.9,24.0,12.2,2.6,,
India,"PLFS Year (Jul - Jun), 2019",Female,Rural,all ages,91,,3.1,50.7,25.7,31.8,34.5,8.4,14.6,8.2,28.4,24.2,923479.0,29537.0
India,"PLFS Year (Jul - Jun), 2019",Female,Rural,all ages,92,,20.4,17.2,31.2,30.7,31.9,37.4,39.0,27.3,32.5,23.4,895769.0,27646.0
India,"PLFS Year (Jul - Jun), 2019",Female,Rural,all ages,93,,14.2,10.4,17.0,13.5,13.0,6.9,14.9,13.8,13.5,13.4,513559.0,14315.0
India,"PLFS Year (Jul - Jun), 2019",Female,Rural,all ages,94,,7.0,1.7,1.4,1.3,0.5,1.2,1.0,0.2,0.9,3.6,135759.0,4005.0
India,"PLFS Year (Jul - Jun), 2019",Female,Rural,all ages,95,,1.4,0.3,0.2,0.3,0.1,0.0,0.0,0.0,0.1,0.7,26469.0,835.0
India,"PLFS Year (Jul - Jun), 2019",Female,Rural,all ages,97,,4.7,0.9,0.3,0.3,0.4,0.5,0.4,0.1,0.3,2.2,82735.0,2046.0
India,"PLFS Year (Jul - Jun), 2019",Female,Rural,all ages,99,,19.6,1.0,0.0,0.0,0.0,0.0,0.0,0.0,0.0,7.9,301256.0,8449.0
India,"PLFS Year (Jul - Jun), 2019",Female,Rural,all ages,91-99,,70.3,82.1,75.7,77.9,80.4,54.5,69.9,49.6,75.8,75.3,2879026.0,86833.0
India,"PLFS Year (Jul - Jun), 2019",Female,Rural,all ages,11-99,,100.0,100.0,100.0,100.0,100.0,100.0,100.0,100.0,100.0,100.0,3821825.0,117769.0
India,"PLFS Year (Jul - Jun), 2019",Persons,Rural,15-29 years,"11,12",01-03,5.0,5.0,3.4,2.3,2.3,3.0,3.3,2.5,2.5,3.3,68089.0,2228.0
India,"PLFS Year (Jul - Jun), 2019",Persons,Rural,15-29 years,"11,12",01-96,8.2,9.9,7.6,6.2,5.9,8.8,8.3,7.0,6.5,7.4,154151.0,5227.0
India,"PLFS Year (Jul - Jun), 2019",Persons,Rural,15-29 years,"11,12",05-43,1.4,2.2,2.0,1.8,1.1,2.5,1.4,0.7,1.4,1.7,35246.0,1155.0
India,"PLFS Year (Jul - Jun), 2019",Persons,Rural,15-29 years,"11,12",45-96,1.8,2.7,2.2,2.1,2.5,3.2,3.7,3.7,2.6,2.4,50816.0,1844.0
India,"PLFS Year (Jul - Jun), 2019",Persons,Rural,15-29 years,21,01-03,16.0,12.3,11.5,7.5,9.0,8.5,8.1,8.2,8.2,10.3,214051.0,6770.0
India,"PLFS Year (Jul - Jun), 2019",Persons,Rural,15-29 years,21,01-96,16.7,13.5,12.5,8.5,10.0,9.1,9.8,8.7,9.3,11.3,235530.0,7466.0
India,"PLFS Year (Jul - Jun), 2019",Persons,Rural,15-29 years,21,05-43,0.5,0.6,0.4,0.4,0.3,0.0,0.1,0.1,0.3,0.4,7682.0,241.0
India,"PLFS Year (Jul - Jun), 2019",Persons,Rural,15-29 years,21,45-96,0.2,0.6,0.6,0.5,0.7,0.6,1.5,0.4,0.8,0.7,13797.0,455.0
India,"PLFS Year (Jul - Jun), 2019",Persons,Rural,15-29 years,11-21,01-03,21.1,17.3,14.9,9.8,11.3,11.5,11.4,10.7,10.7,13.6,282140.0,8998.0
India,"PLFS Year (Jul - Jun), 2019",Persons,Rural,15-29 years,11-21,01-96,24.9,23.4,20.2,14.6,15.9,17.8,18.1,15.7,15.8,18.7,389682.0,12693.0
India,"PLFS Year (Jul - Jun), 2019",Persons,Rural,15-29 years,11-21,05-43,1.9,2.8,2.4,2.2,1.4,2.5,1.5,0.8,1.7,2.1,42928.0,1396.0
India,"PLFS Year (Jul - Jun), 2019",Persons,Rural,15-29 years,11-21,45-96,1.9,3.3,2.8,2.6,3.2,3.8,5.3,4.1,3.4,3.1,64614.0,2299.0
India,"PLFS Year (Jul - Jun), 2019",Persons,Rural,15-29 years,31,01-03,0.6,0.7,0.3,0.2,0.4,1.2,0.6,1.1,0.4,0.4,9110.0,318.0
India,"PLFS Year (Jul - Jun), 2019",Persons,Rural,15-29 years,31,01-99,2.0,4.3,4.8,5.1,6.2,28.1,14.2,27.2,8.3,6.3,131859.0,4782.0
India,"PLFS Year (Jul - Jun), 2019",Persons,Rural,15-29 years,31,05-43,0.6,1.5,1.8,1.9,1.8,10.9,3.0,0.7,2.3,1.9,40004.0,1388.0
India,"PLFS Year (Jul - Jun), 2019",Persons,Rural,15-29 years,31,45-99,0.8,2.0,2.6,2.9,3.9,16.0,10.6,25.4,5.7,4.0,82744.0,3076.0
India,"PLFS Year (Jul - Jun), 2019",Persons,Rural,15-29 years,41,,0.6,0.3,0.3,0.1,0.2,0.0,0.0,0.3,0.1,0.2,4922.0,168.0
India,"PLFS Year (Jul - Jun), 2019",Persons,Rural,15-29 years,51,01-03,9.8,9.5,5.1,2.8,1.7,1.4,0.8,0.3,1.9,4.4,92154.0,2230.0
India,"PLFS Year (Jul - Jun), 2019",Persons,Rural,15-29 years,51,01-99,20.5,22.4,13.0,6.9,4.2,8.2,1.8,0.5,4.9,10.6,221581.0,5770.0
India,"PLFS Year (Jul - Jun), 2019",Persons,Rural,15-29 years,51,05-43,10.3,11.8,7.1,3.6,2.2,4.7,0.9,0.1,2.5,5.6,117137.0,3182.0
India,"PLFS Year (Jul - Jun), 2019",Persons,Rural,15-29 years,51,45-99,0.4,1.0,0.8,0.5,0.4,2.1,0.1,0.1,0.4,0.6,12289.0,358.0
India,"PLFS Year (Jul - Jun), 2019",Persons,Rural,15-29 years,41 & 51,01-99,21.1,22.8,13.3,7.0,4.4,8.2,1.8,0.8,5.0,10.9,226502.0,5938.0
India,"PLFS Year (Jul - Jun), 2019",Persons,Rural,15-29 years,11-51,01-03,31.4,27.5,20.4,12.8,13.4,14.2,12.7,12.1,13.1,18.4,383404.0,11546.0
India,"PLFS Year (Jul - Jun), 2019",Persons,Rural,15-29 years,11-51,01-99,48.0,50.4,38.2,26.7,26.5,54.1,34.1,43.7,29.2,35.9,748043.0,23413.0
India,"PLFS Year (Jul - Jun), 2019",Persons,Rural,15-29 years,11-51,05-43,13.4,16.5,11.6,7.9,5.6,18.1,5.4,1.9,6.7,9.8,204991.0,6134.0
India,"PLFS Year (Jul - Jun), 2019",Persons,Rural,15-29 years,11-51,45-99,3.1,6.4,6.2,6.0,7.5,21.9,16.0,29.7,9.5,7.7,159647.0,5733.0
India,"PLFS Year (Jul - Jun), 2019",Persons,Rural,15-29 years,81,,2.0,2.4,3.3,3.0,4.8,19.4,20.0,22.1,7.6,5.3,110801.0,4103.0
India,"PLFS Year (Jul - Jun), 2019",Persons,Rural,15-29 years,11-81,,50.0,52.8,41.5,29.8,31.3,73.6,54.2,65.8,36.8,41.3,858843.0,27516.0
India,"PLFS Year (Jul - Jun), 2019",Persons,Rural,15-29 years,UR,,4.0,4.5,8.0,10.2,15.3,26.4,37.0,33.5,20.7,12.9,,
India,"PLFS Year (Jul - Jun), 2019",Persons,Rural,15-29 years,91,,0.8,10.9,31.4,51.7,49.6,14.8,21.6,11.7,43.6,32.5,677662.0,24203.0
India,"PLFS Year (Jul - Jun), 2019",Persons,Rural,15-29 years,92,,24.9,21.0,16.6,12.3,13.3,8.7,17.6,14.8,13.6,16.3,338618.0,10354.0
India,"PLFS Year (Jul - Jun), 2019",Persons,Rural,15-29 years,93,,16.7,13.2,9.2,5.4,5.2,2.7,6.3,7.6,5.5,8.4,174696.0,4620.0
India,"PLFS Year (Jul - Jun), 2019",Persons,Rural,15-29 years,94,,1.3,0.4,0.4,0.2,0.1,0.0,0.2,0.0,0.2,0.3,7284.0,158.0
India,"PLFS Year (Jul - Jun), 2019",Persons,Rural,15-29 years,95,,4.9,0.9,0.4,0.2,0.1,0.0,0.1,0.0,0.1,0.7,14389.0,367.0
India,"PLFS Year (Jul - Jun), 2019",Persons,Rural,15-29 years,97,,1.4,0.8,0.5,0.3,0.4,0.2,0.2,0.1,0.3,0.5,10508.0,313.0
India,"PLFS Year (Jul - Jun), 2019",Persons,Rural,15-29 years,99,,0.0,0.0,0.0,0.0,0.0,0.0,0.0,0.0,0.0,0.0,0.0,0.0
India,"PLFS Year (Jul - Jun), 2019",Persons,Rural,15-29 years,91-99,,50.0,47.2,58.5,70.2,68.7,26.4,45.8,34.2,63.2,58.7,1223155.0,40015.0
India,"PLFS Year (Jul - Jun), 2019",Persons,Rural,15-29 years,11-99,,100.0,100.0,100.0,100.0,100.0,100.0,100.0,100.0,100.0,100.0,2081999.0,67531.0
India,"PLFS Year (Jul - Jun), 2019",Persons,Rural,15 years and above,"11,12",01-03,15.9,18.3,14.9,12.9,9.3,7.9,10.5,7.7,10.9,14.6,829402.0,26642.0
India,"PLFS Year (Jul - Jun), 2019",Persons,Rural,15 years and above,"11,12",01-96,19.4,26.2,23.1,21.2,16.1,19.1,19.1,16.3,18.9,21.3,1211129.0,39540.0
India,"PLFS Year (Jul - Jun), 2019",Persons,Rural,15 years and above,"11,12",05-43,1.5,3.2,3.0,2.8,1.8,3.8,1.6,1.3,2.2,2.3,133201.0,4499.0
India,"PLFS Year (Jul - Jun), 2019",Persons,Rural,15 years and above,"11,12",45-96,2.1,4.7,5.2,5.5,5.0,7.4,7.0,7.4,5.8,4.4,248525.0,8399.0
India,"PLFS Year (Jul - Jun), 2019",Persons,Rural,15 years and above,21,01-03,12.2,9.7,9.8,7.4,8.6,7.2,6.8,6.1,7.6,9.8,560637.0,17789.0
India,"PLFS Year (Jul - Jun), 2019",Persons,Rural,15 years and above,21,01-96,12.6,10.6,10.7,8.3,9.7,7.9,8.0,6.6,8.6,10.6,605308.0,19237.0
India,"PLFS Year (Jul - Jun), 2019",Persons,Rural,15 years and above,21,05-43,0.2,0.4,0.3,0.3,0.3,0.1,0.1,0.1,0.3,0.3,15188.0,462.0
India,"PLFS Year (Jul - Jun), 2019",Persons,Rural,15 years and above,21,45-96,0.2,0.5,0.6,0.6,0.7,0.6,1.1,0.4,0.7,0.5,29482.0,986.0
India,"PLFS Year (Jul - Jun), 2019",Persons,Rural,15 years and above,11-21,01-03,28.1,28.0,24.7,20.2,17.9,15.0,17.3,13.8,18.5,24.4,1390039.0,44431.0
India,"PLFS Year (Jul - Jun), 2019",Persons,Rural,15 years and above,11-21,01-96,32.1,36.8,33.8,29.5,25.7,27.0,27.1,22.9,27.5,31.9,1816437.0,58777.0
India,"PLFS Year (Jul - Jun), 2019",Persons,Rural,15 years and above,11-21,05-43,1.7,3.5,3.3,3.2,2.0,4.0,1.7,1.3,2.5,2.6,148390.0,4961.0
India,"PLFS Year (Jul - Jun), 2019",Persons,Rural,15 years and above,11-21,45-96,2.3,5.3,5.9,6.1,5.8,8.0,8.1,7.8,6.5,4.9,278008.0,9385.0
India,"PLFS Year (Jul - Jun), 2019",Persons,Rural,15 years and above,31,01-03,0.5,0.7,0.5,0.5,0.6,0.9,1.0,1.1,0.6,0.6,31769.0,1218.0
India,"PLFS Year (Jul - Jun), 2019",Persons,Rural,15 years and above,31,01-99,1.7,4.3,6.4,8.2,10.2,29.9,21.5,37.8,13.0,6.7,380959.0,14539.0
India,"PLFS Year (Jul - Jun), 2019",Persons,Rural,15 years and above,31,05-43,0.4,1.4,2.1,2.4,2.3,11.0,3.7,1.6,2.8,1.7,96213.0,3365.0
India,"PLFS Year (Jul - Jun), 2019",Persons,Rural,15 years and above,31,45-99,0.9,2.3,3.9,5.3,7.2,18.1,16.8,35.1,9.6,4.4,252977.0,9956.0
India,"PLFS Year (Jul - Jun), 2019",Persons,Rural,15 years and above,41,,1.0,0.7,0.5,0.3,0.2,0.1,0.0,0.1,0.2,0.6,33745.0,1182.0
India,"PLFS Year (Jul - Jun), 2019",Persons,Rural,15 years and above,51,01-03,12.6,10.7,6.3,3.8,2.2,1.4,1.1,0.4,2.6,7.8,446937.0,10663.0
India,"PLFS Year (Jul - Jun), 2019",Persons,Rural,15 years and above,51,01-99,18.5,20.6,14.4,8.8,5.1,6.8,2.3,0.9,6.0,14.2,808113.0,21106.0
India,"PLFS Year (Jul - Jun), 2019",Persons,Rural,15 years and above,51,05-43,5.6,9.0,7.4,4.5,2.5,4.0,1.0,0.4,3.0,5.8,330167.0,9464.0
India,"PLFS Year (Jul - Jun), 2019",Persons,Rural,15 years and above,51,45-99,0.3,0.8,0.8,0.5,0.4,1.4,0.2,0.1,0.4,0.5,31009.0,979.0
India,"PLFS Year (Jul - Jun), 2019",Persons,Rural,15 years and above,41 & 51,01-99,19.5,21.3,15.0,9.1,5.3,7.0,2.3,1.0,6.2,14.8,841858.0,22288.0
India,"PLFS Year (Jul - Jun), 2019",Persons,Rural,15 years and above,11-51,01-03,41.1,39.4,31.4,24.5,20.8,17.4,19.4,15.3,21.8,32.8,1868746.0,56312.0
India,"PLFS Year (Jul - Jun), 2019",Persons,Rural,15 years and above,11-51,01-99,53.3,62.3,55.3,46.8,41.2,63.9,50.9,61.8,46.8,53.3,3039254.0,95604.0
India,"PLFS Year (Jul - Jun), 2019",Persons,Rural,15 years and above,11-51,05-43,8.7,14.6,13.3,10.3,7.1,19.0,6.5,3.5,8.5,10.7,608514.0,18972.0
India,"PLFS Year (Jul - Jun), 2019",Persons,Rural,15 years and above,11-51,45-99,3.5,8.4,10.5,12.0,13.3,27.5,25.0,43.0,16.4,9.9,561993.0,20320.0
India,"PLFS Year (Jul - Jun), 2019",Persons,Rural,15 years and above,81,,0.2,0.8,1.8,1.9,3.5,12.4,12.9,12.2,5.1,2.2,123760.0,4666.0
India,"PLFS Year (Jul - Jun), 2019",Persons,Rural,15 years and above,11-81,,53.6,63.1,57.0,48.7,44.7,76.3,63.8,74.0,51.9,55.5,3163013.0,100270.0
India,"PLFS Year (Jul - Jun), 2019",Persons,Rural,15 years and above,UR,,0.5,1.2,3.1,4.0,7.9,16.3,20.2,16.5,9.9,3.9,,
India,"PLFS Year (Jul - Jun), 2019",Persons,Rural,15 years and above,91,,0.2,2.9,15.3,29.4,34.3,8.7,12.9,5.4,26.5,12.0,682792.0,24354.0
India,"PLFS Year (Jul - Jun), 2019",Persons,Rural,15 years and above,92,,17.8,16.9,15.8,13.0,13.6,10.7,15.4,11.6,13.5,15.9,905216.0,28202.0
India,"PLFS Year (Jul - Jun), 2019",Persons,Rural,15 years and above,93,,12.3,10.5,8.7,5.7,5.5,1.9,5.7,6.0,5.5,9.1,519906.0,14539.0
India,"PLFS Year (Jul - Jun), 2019",Persons,Rural,15 years and above,94,,9.3,4.1,2.0,2.1,1.3,1.8,1.7,2.8,1.8,4.5,258105.0,7732.0
India,"PLFS Year (Jul - Jun), 2019",Persons,Rural,15 years and above,95,,2.5,1.2,0.6,0.5,0.2,0.2,0.2,0.1,0.3,1.2,68750.0,2043.0
India,"PLFS Year (Jul - Jun), 2019",Persons,Rural,15 years and above,97,,4.1,1.4,0.6,0.6,0.4,0.5,0.4,0.1,0.5,1.8,101051.0,2736.0
India,"PLFS Year (Jul - Jun), 2019",Persons,Rural,15 years and above,99,,0.0,0.0,0.0,0.0,0.0,0.0,0.0,0.0,0.0,0.0,0.0,0.0
India,"PLFS Year (Jul - Jun), 2019",Persons,Rural,15 years and above,91-99,,46.4,36.9,43.0,51.3,55.3,23.7,36.2,26.0,48.1,44.5,2535819.0,79606.0
India,"PLFS Year (Jul - Jun), 2019",Persons,Rural,15 years and above,11-99,,100.0,100.0,100.0,100.0,100.0,100.0,100.0,100.0,100.0,100.0,5698833.0,179876.0
India,"PLFS Year (Jul - Jun), 2019",Persons,Rural,all ages,"11,12",01-03,11.0,8.7,13.1,12.8,9.3,7.9,10.5,7.7,10.9,10.7,829915.0,26651.0
India,"PLFS Year (Jul - Jun), 2019",Persons,Rural,all ages,"11,12",01-96,13.4,12.5,20.3,21.1,16.1,19.1,19.1,16.3,18.8,15.6,1211803.0,39555.0
India,"PLFS Year (Jul - Jun), 2019",Persons,Rural,all ages,"11,12",05-43,1.0,1.5,2.7,2.8,1.8,3.8,1.6,1.3,2.2,1.7,133306.0,4502.0
India,"PLFS Year (Jul - Jun), 2019",Persons,Rural,all ages,"11,12",45-96,1.5,2.3,4.6,5.5,5.0,7.4,7.0,7.4,5.7,3.2,248582.0,8402.0
India,"PLFS Year (Jul - Jun), 2019",Persons,Rural,all ages,21,01-03,8.5,4.7,8.7,7.3,8.6,7.2,6.8,6.1,7.6,7.3,565080.0,17895.0
India,"PLFS Year (Jul - Jun), 2019",Persons,Rural,all ages,21,01-96,8.8,5.2,9.5,8.3,9.7,7.9,8.0,6.6,8.6,7.8,610297.0,19359.0
India,"PLFS Year (Jul - Jun), 2019",Persons,Rural,all ages,21,05-43,0.2,0.2,0.2,0.3,0.3,0.1,0.1,0.1,0.3,0.2,15628.0,474.0
India,"PLFS Year (Jul - Jun), 2019",Persons,Rural,all ages,21,45-96,0.2,0.2,0.6,0.6,0.7,0.6,1.1,0.4,0.7,0.4,29589.0,990.0
India,"PLFS Year (Jul - Jun), 2019",Persons,Rural,all ages,11-21,01-03,19.4,13.5,21.7,20.1,17.9,15.0,17.3,13.8,18.5,17.9,1394995.0,44546.0
India,"PLFS Year (Jul - Jun), 2019",Persons,Rural,all ages,11-21,01-96,22.2,17.7,29.8,29.4,25.7,27.0,27.1,22.9,27.4,23.4,1822101.0,58914.0
India,"PLFS Year (Jul - Jun), 2019",Persons,Rural,all ages,11-21,05-43,1.2,1.7,2.9,3.2,2.0,4.0,1.7,1.3,2.5,1.9,148934.0,4976.0
India,"PLFS Year (Jul - Jun), 2019",Persons,Rural,all ages,11-21,45-96,1.6,2.5,5.1,6.1,5.8,8.0,8.1,7.8,6.5,3.6,278171.0,9392.0
India,"PLFS Year (Jul - Jun), 2019",Persons,Rural,all ages,31,01-03,0.3,0.3,0.4,0.5,0.6,0.9,1.0,1.1,0.6,0.4,31769.0,1218.0
India,"PLFS Year (Jul - Jun), 2019",Persons,Rural,all ages,31,01-99,1.2,2.1,5.7,8.2,10.2,29.9,21.5,37.8,13.0,4.9,381665.0,14553.0
India,"PLFS Year (Jul - Jun), 2019",Persons,Rural,all ages,31,05-43,0.3,0.6,1.9,2.4,2.3,11.0,3.7,1.6,2.8,1.2,96280.0,3367.0
India,"PLFS Year (Jul - Jun), 2019",Persons,Rural,all ages,31,45-99,0.6,1.1,3.4,5.3,7.2,18.1,16.8,35.1,9.5,3.3,253616.0,9968.0
India,"PLFS Year (Jul - Jun), 2019",Persons,Rural,all ages,41,,0.7,0.3,0.5,0.3,0.2,0.1,0.0,0.1,0.2,0.4,33745.0,1182.0
India,"PLFS Year (Jul - Jun), 2019",Persons,Rural,all ages,51,01-03,8.7,5.1,5.5,3.8,2.2,1.4,1.1,0.4,2.6,5.8,447738.0,10679.0
India,"PLFS Year (Jul - Jun), 2019",Persons,Rural,all ages,51,01-99,12.8,9.8,12.7,8.7,5.0,6.8,2.3,0.9,6.0,10.4,809577.0,21138.0
India,"PLFS Year (Jul - Jun), 2019",Persons,Rural,all ages,51,05-43,3.9,4.3,6.5,4.4,2.5,4.0,1.0,0.4,3.0,4.3,330730.0,9475.0
India,"PLFS Year (Jul - Jun), 2019",Persons,Rural,all ages,51,45-99,0.2,0.4,0.7,0.5,0.4,1.4,0.2,0.1,0.4,0.4,31110.0,984.0
India,"PLFS Year (Jul - Jun), 2019",Persons,Rural,all ages,41 & 51,01-99,13.5,10.2,13.2,9.0,5.3,7.0,2.3,1.0,6.2,10.8,843322.0,22320.0
India,"PLFS Year (Jul - Jun), 2019",Persons,Rural,all ages,11-51,01-03,28.4,18.9,27.7,24.4,20.8,17.4,19.4,15.3,21.7,24.1,1874503.0,56443.0
India,"PLFS Year (Jul - Jun), 2019",Persons,Rural,all ages,11-51,01-99,36.9,29.9,48.6,46.5,41.2,63.9,50.9,61.8,46.6,39.2,3047088.0,95787.0
India,"PLFS Year (Jul - Jun), 2019",Persons,Rural,all ages,11-51,05-43,6.0,7.0,11.7,10.3,7.1,19.0,6.5,3.5,8.5,7.8,609689.0,19000.0
India,"PLFS Year (Jul - Jun), 2019",Persons,Rural,all ages,11-51,45-99,2.4,4.0,9.2,11.9,13.3,27.5,25.0,43.0,16.4,7.2,562897.0,20344.0
India,"PLFS Year (Jul - Jun), 2019",Persons,Rural,all ages,81,,0.2,0.4,1.6,1.9,3.5,12.4,12.9,12.2,5.1,1.6,125631.0,4702.0
India,"PLFS Year (Jul - Jun), 2019",Persons,Rural,all ages,11-81,,37.1,30.3,50.2,48.5,44.7,76.3,63.8,74.0,51.8,40.8,3172719.0,100489.0
India,"PLFS Year (Jul - Jun), 2019",Persons,Rural,all ages,UR,,0.5,1.4,3.2,4.0,7.9,16.3,20.2,16.5,9.9,4.0,,
India,"PLFS Year (Jul - Jun), 2019",Persons,Rural,all ages,91,,4.1,51.8,25.2,29.8,34.3,8.7,12.9,5.4,26.7,26.3,2043694.0,64916.0
India,"PLFS Year (Jul - Jun), 2019",Persons,Rural,all ages,92,,12.5,8.4,14.0,12.9,13.6,10.7,15.4,11.6,13.4,11.8,919387.0,28502.0
India,"PLFS Year (Jul - Jun), 2019",Persons,Rural,all ages,93,,8.6,5.0,7.6,5.6,5.5,1.9,5.7,6.0,5.5,6.7,522910.0,14612.0
India,"PLFS Year (Jul - Jun), 2019",Persons,Rural,all ages,94,,6.5,2.0,1.7,2.1,1.3,1.8,1.7,2.8,1.8,3.3,258721.0,7746.0
India,"PLFS Year (Jul - Jun), 2019",Persons,Rural,all ages,95,,1.9,0.6,0.6,0.5,0.2,0.2,0.2,0.1,0.3,0.9,72001.0,2139.0
India,"PLFS Year (Jul - Jun), 2019",Persons,Rural,all ages,97,,5.1,1.1,0.7,0.6,0.4,0.5,0.4,0.1,0.5,2.2,167869.0,4145.0
India,"PLFS Year (Jul - Jun), 2019",Persons,Rural,all ages,99,,24.3,0.9,0.0,0.0,0.0,0.0,0.0,0.0,0.0,8.0,623251.0,17682.0
India,"PLFS Year (Jul - Jun), 2019",Persons,Rural,all ages,91-99,,62.9,69.7,49.8,51.5,55.3,23.7,36.2,26.0,48.2,59.2,4607833.0,139742.0
India,"PLFS Year (Jul - Jun), 2019",Persons,Rural,all ages,11-99,,100.0,100.0,100.0,100.0,100.0,100.0,100.0,100.0,100.0,100.0,7780553.0,240231.0
India,"PLFS Year (Jul - Jun), 2019",Male,Urban,15-29 years,"11,12",01-03,1.3,0.9,0.3,0.2,0.2,0.0,0.2,0.4,0.2,0.3,1463.0,95.0
India,"PLFS Year (Jul - Jun), 2019",Male,Urban,15-29 years,"11,12",01-96,16.7,14.5,9.4,6.1,6.0,6.9,8.2,7.8,6.8,8.2,39499.0,2157.0
India,"PLFS Year (Jul - Jun), 2019",Male,Urban,15-29 years,"11,12",05-43,3.6,2.9,1.9,0.9,0.9,2.5,1.4,1.3,1.1,1.5,7206.0,400.0
India,"PLFS Year (Jul - Jun), 2019",Male,Urban,15-29 years,"11,12",45-96,11.8,10.7,7.1,5.1,4.9,4.4,6.7,6.2,5.5,6.4,30830.0,1662.0
India,"PLFS Year (Jul - Jun), 2019",Male,Urban,15-29 years,21,01-03,1.7,0.8,0.7,0.6,0.6,0.1,0.4,0.4,0.5,0.6,2881.0,215.0
India,"PLFS Year (Jul - Jun), 2019",Male,Urban,15-29 years,21,01-96,5.2,3.3,5.3,4.2,3.4,3.1,6.0,4.9,4.4,4.5,21635.0,1209.0
India,"PLFS Year (Jul - Jun), 2019",Male,Urban,15-29 years,21,05-43,1.2,0.5,1.2,1.1,0.8,1.2,1.1,2.1,1.1,1.1,5098.0,291.0
India,"PLFS Year (Jul - Jun), 2019",Male,Urban,15-29 years,21,45-96,2.4,2.1,3.4,2.4,2.0,1.8,4.5,2.4,2.8,2.8,13656.0,703.0
India,"PLFS Year (Jul - Jun), 2019",Male,Urban,15-29 years,11-21,01-03,3.0,1.6,1.0,0.8,0.8,0.2,0.6,0.8,0.7,0.9,4344.0,310.0
India,"PLFS Year (Jul - Jun), 2019",Male,Urban,15-29 years,11-21,01-96,21.9,17.8,14.7,10.3,9.4,10.1,14.3,12.8,11.2,12.7,61133.0,3366.0
India,"PLFS Year (Jul - Jun), 2019",Male,Urban,15-29 years,11-21,05-43,4.7,3.4,3.1,2.0,1.7,3.7,2.5,3.4,2.2,2.6,12304.0,691.0
India,"PLFS Year (Jul - Jun), 2019",Male,Urban,15-29 years,11-21,45-96,14.1,12.8,10.6,7.5,6.9,6.2,11.2,8.6,8.3,9.3,44486.0,2365.0
India,"PLFS Year (Jul - Jun), 2019",Male,Urban,15-29 years,31,01-03,1.4,0.1,0.1,0.0,0.2,0.3,0.1,0.1,0.1,0.2,761.0,32.0
India,"PLFS Year (Jul - Jun), 2019",Male,Urban,15-29 years,31,01-99,23.7,34.7,24.9,20.4,19.4,42.3,36.7,48.3,27.1,27.1,130280.0,6330.0
India,"PLFS Year (Jul - Jun), 2019",Male,Urban,15-29 years,31,05-43,14.1,16.0,9.8,7.8,6.0,22.5,8.9,9.2,8.3,9.4,45062.0,1968.0
India,"PLFS Year (Jul - Jun), 2019",Male,Urban,15-29 years,31,45-99,8.2,18.6,15.0,12.6,13.2,19.4,27.8,39.0,18.7,17.6,84457.0,4330.0
India,"PLFS Year (Jul - Jun), 2019",Male,Urban,15-29 years,41,,0.4,0.4,0.0,0.0,0.0,0.0,0.1,0.2,0.0,0.1,384.0,30.0
India,"PLFS Year (Jul - Jun), 2019",Male,Urban,15-29 years,51,01-03,1.3,0.7,0.3,0.2,0.1,0.3,0.1,0.0,0.1,0.2,1167.0,63.0
India,"PLFS Year (Jul - Jun), 2019",Male,Urban,15-29 years,51,01-99,27.5,25.3,12.7,6.6,2.5,4.8,1.1,0.5,3.3,7.7,36940.0,1871.0
India,"PLFS Year (Jul - Jun), 2019",Male,Urban,15-29 years,51,05-43,21.6,19.2,9.5,4.8,1.8,3.7,0.6,0.1,2.3,5.7,27283.0,1385.0
India,"PLFS Year (Jul - Jun), 2019",Male,Urban,15-29 years,51,45-99,4.6,5.4,2.9,1.7,0.7,0.9,0.5,0.4,0.9,1.8,8489.0,423.0
India,"PLFS Year (Jul - Jun), 2019",Male,Urban,15-29 years,41 & 51,01-99,28.0,25.7,12.8,6.6,2.6,4.8,1.2,0.7,3.4,7.8,37324.0,1901.0
India,"PLFS Year (Jul - Jun), 2019",Male,Urban,15-29 years,11-51,01-03,5.8,2.5,1.5,1.0,1.0,0.8,0.7,0.9,0.9,1.3,6272.0,405.0
India,"PLFS Year (Jul - Jun), 2019",Male,Urban,15-29 years,11-51,01-99,73.6,78.2,52.3,37.3,31.4,57.2,52.1,61.7,41.6,47.7,228737.0,11597.0
India,"PLFS Year (Jul - Jun), 2019",Male,Urban,15-29 years,11-51,05-43,40.8,39.0,22.4,14.6,9.6,29.9,12.0,12.8,12.8,17.7,85033.0,4074.0
India,"PLFS Year (Jul - Jun), 2019",Male,Urban,15-29 years,11-51,45-99,27.0,36.8,28.5,21.8,20.8,26.5,39.4,48.0,27.8,28.6,137432.0,7118.0
India,"PLFS Year (Jul - Jun), 2019",Male,Urban,15-29 years,81,,8.3,6.7,7.1,5.4,6.7,18.4,23.3,22.2,12.2,10.6,51046.0,2885.0
India,"PLFS Year (Jul - Jun), 2019",Male,Urban,15-29 years,11-81,,81.9,84.9,59.4,42.7,38.1,75.5,75.4,83.9,53.7,58.3,279784.0,14482.0
India,"PLFS Year (Jul - Jun), 2019",Male,Urban,15-29 years,UR,,10.1,7.9,11.9,12.6,17.6,24.3,30.9,26.4,22.6,18.2,,
India,"PLFS Year (Jul - Jun), 2019",Male,Urban,15-29 years,91,,3.0,11.2,37.8,56.0,60.8,22.8,23.3,15.0,45.0,39.5,189500.0,10503.0
India,"PLFS Year (Jul - Jun), 2019",Male,Urban,15-29 years,92,,1.2,0.7,1.0,0.5,0.8,1.2,0.8,0.9,0.8,0.8,3918.0,231.0
India,"PLFS Year (Jul - Jun), 2019",Male,Urban,15-29 years,93,,0.0,0.3,0.2,0.1,0.0,0.0,0.1,0.0,0.0,0.1,438.0,45.0
India,"PLFS Year (Jul - Jun), 2019",Male,Urban,15-29 years,94,,0.0,0.1,0.0,0.0,0.0,0.0,0.1,0.0,0.0,0.0,156.0,23.0
India,"PLFS Year (Jul - Jun), 2019",Male,Urban,15-29 years,95,,9.0,1.1,0.6,0.1,0.1,0.2,0.0,0.1,0.1,0.6,2780.0,161.0
India,"PLFS Year (Jul - Jun), 2019",Male,Urban,15-29 years,97,,4.9,1.7,1.0,0.5,0.2,0.2,0.4,0.1,0.3,0.7,3457.0,174.0
India,"PLFS Year (Jul - Jun), 2019",Male,Urban,15-29 years,99,,0.0,0.0,0.0,0.0,0.0,0.0,0.0,0.0,0.0,0.0,0.0,0.0
India,"PLFS Year (Jul - Jun), 2019",Male,Urban,15-29 years,91-99,,18.1,15.1,40.6,57.3,61.9,24.5,24.6,16.1,46.3,41.7,200250.0,11137.0
India,"PLFS Year (Jul - Jun), 2019",Male,Urban,15-29 years,11-99,,100.0,100.0,100.0,100.0,100.0,100.0,100.0,100.0,100.0,100.0,480033.0,25619.0
India,"PLFS Year (Jul - Jun), 2019",Male,Urban,15 years and above,"11,12",01-03,3.9,3.4,2.6,1.9,1.7,1.3,1.3,1.3,1.6,2.2,29573.0,1867.0
India,"PLFS Year (Jul - Jun), 2019",Male,Urban,15 years and above,"11,12",01-96,29.4,29.5,27.3,23.6,19.7,16.8,21.9,19.2,21.3,24.2,325319.0,17718.0
India,"PLFS Year (Jul - Jun), 2019",Male,Urban,15 years and above,"11,12",05-43,6.9,7.6,6.1,5.4,4.0,5.0,3.8,2.3,4.2,5.2,70321.0,3692.0
India,"PLFS Year (Jul - Jun), 2019",Male,Urban,15 years and above,"11,12",45-96,18.6,18.6,18.6,16.3,14.0,10.5,16.8,15.7,15.5,16.8,225425.0,12159.0
India,"PLFS Year (Jul - Jun), 2019",Male,Urban,15 years and above,21,01-03,0.4,0.4,0.4,0.5,0.5,0.1,0.3,0.2,0.4,0.4,5113.0,358.0
India,"PLFS Year (Jul - Jun), 2019",Male,Urban,15 years and above,21,01-96,1.3,1.8,3.0,2.7,3.5,1.9,4.0,2.6,3.3,2.8,38222.0,2109.0
India,"PLFS Year (Jul - Jun), 2019",Male,Urban,15 years and above,21,05-43,0.2,0.4,0.6,0.7,0.8,0.8,0.9,0.8,0.8,0.6,8680.0,467.0
India,"PLFS Year (Jul - Jun), 2019",Male,Urban,15 years and above,21,45-96,0.7,1.0,2.0,1.6,2.1,1.0,2.9,1.6,2.1,1.8,24429.0,1284.0
India,"PLFS Year (Jul - Jun), 2019",Male,Urban,15 years and above,11-21,01-03,4.3,3.8,3.0,2.4,2.2,1.5,1.5,1.5,1.9,2.6,34687.0,2225.0
India,"PLFS Year (Jul - Jun), 2019",Male,Urban,15 years and above,11-21,01-96,30.7,31.3,30.3,26.3,23.2,18.7,26.0,21.8,24.5,27.0,363541.0,19827.0
India,"PLFS Year (Jul - Jun), 2019",Male,Urban,15 years and above,11-21,05-43,7.1,7.9,6.7,6.1,4.8,5.7,4.7,3.1,5.0,5.9,79001.0,4159.0
India,"PLFS Year (Jul - Jun), 2019",Male,Urban,15 years and above,11-21,45-96,19.3,19.6,20.6,17.9,16.2,11.5,19.7,17.3,17.6,18.6,249854.0,13443.0
India,"PLFS Year (Jul - Jun), 2019",Male,Urban,15 years and above,31,01-03,0.5,0.2,0.2,0.1,0.2,0.4,0.1,0.2,0.1,0.2,2566.0,150.0
India,"PLFS Year (Jul - Jun), 2019",Male,Urban,15 years and above,31,01-99,18.2,28.9,30.1,29.4,27.9,50.2,43.1,56.3,37.0,33.0,443290.0,22113.0
India,"PLFS Year (Jul - Jun), 2019",Male,Urban,15 years and above,31,05-43,8.1,12.4,11.5,11.0,8.5,28.2,10.6,9.1,10.9,10.9,147154.0,6302.0
India,"PLFS Year (Jul - Jun), 2019",Male,Urban,15 years and above,31,45-99,9.5,16.3,18.4,18.3,19.2,21.6,32.4,47.0,26.0,21.8,293570.0,15661.0
India,"PLFS Year (Jul - Jun), 2019",Male,Urban,15 years and above,41,,0.4,0.2,0.1,0.0,0.0,0.0,0.0,0.0,0.0,0.1,1295.0,104.0
India,"PLFS Year (Jul - Jun), 2019",Male,Urban,15 years and above,51,01-03,2.5,1.8,0.8,0.3,0.2,0.3,0.1,0.0,0.2,0.7,9531.0,439.0
India,"PLFS Year (Jul - Jun), 2019",Male,Urban,15 years and above,51,01-99,26.5,21.5,13.9,7.0,3.4,4.0,1.0,0.3,3.4,9.8,131157.0,6429.0
India,"PLFS Year (Jul - Jun), 2019",Male,Urban,15 years and above,51,05-43,19.6,15.4,10.1,4.8,2.3,2.9,0.6,0.1,2.3,7.0,93928.0,4602.0
India,"PLFS Year (Jul - Jun), 2019",Male,Urban,15 years and above,51,45-99,4.4,4.4,3.0,1.8,0.9,0.7,0.3,0.2,0.9,2.1,27698.0,1388.0
India,"PLFS Year (Jul - Jun), 2019",Male,Urban,15 years and above,41 & 51,01-99,26.9,21.7,14.0,7.0,3.4,4.0,1.1,0.4,3.4,9.9,132452.0,6533.0
India,"PLFS Year (Jul - Jun), 2019",Male,Urban,15 years and above,11-51,01-03,7.3,5.7,4.0,2.7,2.6,2.2,1.7,1.7,2.3,3.5,46784.0,2814.0
India,"PLFS Year (Jul - Jun), 2019",Male,Urban,15 years and above,11-51,01-99,75.8,81.9,74.3,62.7,54.5,72.9,70.1,78.4,65.0,69.9,939284.0,48473.0
India,"PLFS Year (Jul - Jun), 2019",Male,Urban,15 years and above,11-51,05-43,35.2,35.9,28.4,22.0,15.6,36.8,15.8,12.3,18.2,23.9,321378.0,15167.0
India,"PLFS Year (Jul - Jun), 2019",Male,Urban,15 years and above,11-51,45-99,33.2,40.3,42.0,38.0,36.3,33.9,52.5,64.5,44.5,42.5,571122.0,30492.0
India,"PLFS Year (Jul - Jun), 2019",Male,Urban,15 years and above,81,,1.8,2.2,3.3,2.9,4.4,8.8,10.2,6.7,6.2,4.7,63722.0,3687.0
India,"PLFS Year (Jul - Jun), 2019",Male,Urban,15 years and above,11-81,,77.6,84.2,77.7,65.6,58.9,81.7,80.2,85.2,71.1,74.6,1003006.0,52160.0
India,"PLFS Year (Jul - Jun), 2019",Male,Urban,15 years and above,UR,,2.3,2.6,4.3,4.4,7.5,10.8,12.7,7.9,8.7,6.4,,
India,"PLFS Year (Jul - Jun), 2019",Male,Urban,15 years and above,91,,0.4,2.5,13.5,23.6,33.8,9.7,8.6,3.8,19.0,14.2,190516.0,10561.0
India,"PLFS Year (Jul - Jun), 2019",Male,Urban,15 years and above,92,,1.4,1.1,0.9,0.6,0.8,1.1,0.7,0.4,0.7,0.8,11247.0,682.0
India,"PLFS Year (Jul - Jun), 2019",Male,Urban,15 years and above,93,,0.2,0.1,0.1,0.1,0.0,0.1,0.0,0.0,0.1,0.1,1219.0,132.0
India,"PLFS Year (Jul - Jun), 2019",Male,Urban,15 years and above,94,,10.5,7.4,5.1,8.0,5.5,6.2,9.5,9.7,7.9,7.6,101568.0,5218.0
India,"PLFS Year (Jul - Jun), 2019",Male,Urban,15 years and above,95,,4.8,1.9,1.2,0.8,0.3,0.2,0.2,0.4,0.4,1.2,15544.0,850.0
India,"PLFS Year (Jul - Jun), 2019",Male,Urban,15 years and above,97,,5.2,2.8,1.5,1.3,0.6,1.1,0.6,0.5,0.8,1.6,21407.0,1093.0
India,"PLFS Year (Jul - Jun), 2019",Male,Urban,15 years and above,99,,0.0,0.0,0.0,0.0,0.0,0.0,0.0,0.0,0.0,0.0,0.0,0.0
India,"PLFS Year (Jul - Jun), 2019",Male,Urban,15 years and above,91-99,,22.4,15.8,22.3,34.4,41.1,18.3,19.8,14.8,28.9,25.4,341501.0,18536.0
India,"PLFS Year (Jul - Jun), 2019",Male,Urban,15 years and above,11-99,,100.0,100.0,100.0,100.0,100.0,100.0,100.0,100.0,100.0,100.0,1344507.0,70696.0
India,"PLFS Year (Jul - Jun), 2019",Male,Urban,all ages,"11,12",01-03,1.9,1.5,2.3,1.9,1.7,1.3,1.3,1.3,1.6,1.7,29573.0,1867.0
India,"PLFS Year (Jul - Jun), 2019",Male,Urban,all ages,"11,12",01-96,14.0,12.9,23.9,23.4,19.7,16.8,21.9,19.2,21.2,18.7,325427.0,17723.0
India,"PLFS Year (Jul - Jun), 2019",Male,Urban,all ages,"11,12",05-43,3.3,3.3,5.4,5.4,4.0,5.0,3.8,2.3,4.2,4.1,70350.0,3693.0
India,"PLFS Year (Jul - Jun), 2019",Male,Urban,all ages,"11,12",45-96,8.9,8.1,16.3,16.2,14.0,10.5,16.8,15.7,15.5,13.0,225504.0,12163.0
India,"PLFS Year (Jul - Jun), 2019",Male,Urban,all ages,21,01-03,0.2,0.2,0.3,0.5,0.5,0.1,0.3,0.2,0.4,0.3,5127.0,360.0
India,"PLFS Year (Jul - Jun), 2019",Male,Urban,all ages,21,01-96,0.6,0.8,2.6,2.7,3.5,1.9,4.0,2.6,3.3,2.2,38455.0,2119.0
India,"PLFS Year (Jul - Jun), 2019",Male,Urban,all ages,21,05-43,0.1,0.2,0.5,0.7,0.8,0.8,0.9,0.8,0.8,0.5,8730.0,470.0
India,"PLFS Year (Jul - Jun), 2019",Male,Urban,all ages,21,45-96,0.3,0.5,1.8,1.6,2.1,1.0,2.9,1.6,2.1,1.4,24598.0,1289.0
India,"PLFS Year (Jul - Jun), 2019",Male,Urban,all ages,11-21,01-03,2.0,1.7,2.6,2.3,2.2,1.5,1.5,1.5,1.9,2.0,34700.0,2227.0
India,"PLFS Year (Jul - Jun), 2019",Male,Urban,all ages,11-21,01-96,14.7,13.7,26.5,26.2,23.2,18.7,26.0,21.8,24.5,21.0,363882.0,19842.0
India,"PLFS Year (Jul - Jun), 2019",Male,Urban,all ages,11-21,05-43,3.4,3.5,5.9,6.0,4.8,5.7,4.7,3.1,5.0,4.6,79080.0,4163.0
India,"PLFS Year (Jul - Jun), 2019",Male,Urban,all ages,11-21,45-96,9.2,8.6,18.0,17.8,16.2,11.5,19.7,17.3,17.6,14.4,250103.0,13452.0
India,"PLFS Year (Jul - Jun), 2019",Male,Urban,all ages,31,01-03,0.3,0.1,0.2,0.1,0.2,0.4,0.1,0.2,0.1,0.1,2566.0,150.0
India,"PLFS Year (Jul - Jun), 2019",Male,Urban,all ages,31,01-99,8.7,12.7,26.4,29.3,27.9,50.2,43.1,56.3,36.9,25.6,443802.0,22132.0
India,"PLFS Year (Jul - Jun), 2019",Male,Urban,all ages,31,05-43,3.8,5.5,10.1,11.0,8.5,28.2,10.6,9.1,10.9,8.5,147272.0,6306.0
India,"PLFS Year (Jul - Jun), 2019",Male,Urban,all ages,31,45-99,4.6,7.2,16.1,18.2,19.2,21.6,32.4,47.0,25.9,16.9,293963.0,15676.0
India,"PLFS Year (Jul - Jun), 2019",Male,Urban,all ages,41,,0.2,0.1,0.1,0.0,0.0,0.0,0.0,0.0,0.0,0.1,1295.0,104.0
India,"PLFS Year (Jul - Jun), 2019",Male,Urban,all ages,51,01-03,1.2,0.8,0.7,0.3,0.2,0.3,0.1,0.0,0.2,0.5,9531.0,439.0
India,"PLFS Year (Jul - Jun), 2019",Male,Urban,all ages,51,01-99,12.7,9.4,12.2,6.9,3.4,4.0,1.0,0.3,3.4,7.6,131471.0,6438.0
India,"PLFS Year (Jul - Jun), 2019",Male,Urban,all ages,51,05-43,9.4,6.7,8.8,4.8,2.3,2.9,0.6,0.1,2.3,5.4,94150.0,4608.0
India,"PLFS Year (Jul - Jun), 2019",Male,Urban,all ages,51,45-99,2.1,1.9,2.6,1.8,0.9,0.7,0.3,0.2,0.9,1.6,27789.0,1391.0
India,"PLFS Year (Jul - Jun), 2019",Male,Urban,all ages,41 & 51,01-99,12.9,9.5,12.2,7.0,3.4,4.0,1.1,0.4,3.4,7.6,132766.0,6542.0
India,"PLFS Year (Jul - Jun), 2019",Male,Urban,all ages,11-51,01-03,3.5,2.5,3.5,2.7,2.6,2.2,1.7,1.7,2.3,2.7,46797.0,2816.0
India,"PLFS Year (Jul - Jun), 2019",Male,Urban,all ages,11-51,01-99,36.2,36.0,65.1,62.4,54.5,72.9,70.1,78.4,64.9,54.1,940450.0,48516.0
India,"PLFS Year (Jul - Jun), 2019",Male,Urban,all ages,11-51,05-43,16.8,15.8,24.9,21.9,15.6,36.8,15.8,12.3,18.2,18.5,321797.0,15181.0
India,"PLFS Year (Jul - Jun), 2019",Male,Urban,all ages,11-51,45-99,15.9,17.7,36.8,37.8,36.3,33.9,52.5,64.5,44.5,32.9,571855.0,30519.0
India,"PLFS Year (Jul - Jun), 2019",Male,Urban,all ages,81,,0.9,1.0,2.9,2.9,4.4,8.8,10.2,6.7,6.2,3.7,64019.0,3700.0
India,"PLFS Year (Jul - Jun), 2019",Male,Urban,all ages,11-81,,37.0,37.0,68.0,65.3,58.9,81.7,80.2,85.2,71.0,57.8,1004469.0,52216.0
India,"PLFS Year (Jul - Jun), 2019",Male,Urban,all ages,UR,,2.3,2.8,4.3,4.4,7.5,10.8,12.7,7.9,8.7,6.4,,
India,"PLFS Year (Jul - Jun), 2019",Male,Urban,all ages,91,,8.6,55.3,24.1,24.0,33.8,9.7,8.6,3.8,19.1,26.6,461299.0,24459.0
India,"PLFS Year (Jul - Jun), 2019",Male,Urban,all ages,92,,0.9,0.6,0.8,0.6,0.8,1.1,0.7,0.4,0.7,0.7,12607.0,732.0
India,"PLFS Year (Jul - Jun), 2019",Male,Urban,all ages,93,,0.1,0.1,0.1,0.1,0.0,0.1,0.0,0.0,0.1,0.1,1274.0,136.0
India,"PLFS Year (Jul - Jun), 2019",Male,Urban,all ages,94,,5.0,3.2,4.5,8.0,5.5,6.2,9.5,9.7,7.9,5.9,101604.0,5222.0
India,"PLFS Year (Jul - Jun), 2019",Male,Urban,all ages,95,,2.5,0.8,1.1,0.8,0.3,0.2,0.2,0.4,0.4,0.9,16211.0,887.0
India,"PLFS Year (Jul - Jun), 2019",Male,Urban,all ages,97,,5.4,1.6,1.4,1.3,0.6,1.1,0.6,0.5,0.8,1.8,30914.0,1451.0
India,"PLFS Year (Jul - Jun), 2019",Male,Urban,all ages,99,,40.3,1.3,0.0,0.0,0.0,0.0,0.0,0.0,0.0,6.2,108420.0,5562.0
India,"PLFS Year (Jul - Jun), 2019",Male,Urban,all ages,91-99,,63.0,63.0,32.0,34.7,41.1,18.3,19.8,14.8,29.0,42.2,732327.0,38449.0
India,"PLFS Year (Jul - Jun), 2019",Male,Urban,all ages,11-99,,100.0,100.0,100.0,100.0,100.0,100.0,100.0,100.0,100.0,100.0,1736796.0,90665.0
India,"PLFS Year (Jul - Jun), 2019",Female,Urban,15-29 years,"11,12",01-03,0.7,0.2,0.1,0.0,0.0,0.0,0.0,0.0,0.0,0.1,310.0,25.0
India,"PLFS Year (Jul - Jun), 2019",Female,Urban,15-29 years,"11,12",01-96,2.8,4.9,2.8,1.9,1.7,3.9,3.1,2.6,2.3,2.6,11633.0,692.0
India,"PLFS Year (Jul - Jun), 2019",Female,Urban,15-29 years,"11,12",05-43,1.3,3.6,2.3,1.3,0.8,0.6,0.7,0.3,0.9,1.4,6001.0,365.0
India,"PLFS Year (Jul - Jun), 2019",Female,Urban,15-29 years,"11,12",45-96,0.8,1.1,0.5,0.5,0.9,3.2,2.4,2.3,1.4,1.2,5322.0,302.0
India,"PLFS Year (Jul - Jun), 2019",Female,Urban,15-29 years,21,01-03,0.3,0.8,0.4,0.2,0.1,0.0,0.1,0.0,0.1,0.2,997.0,86.0
India,"PLFS Year (Jul - Jun), 2019",Female,Urban,15-29 years,21,01-96,3.0,3.1,2.1,1.3,0.9,0.7,1.0,1.5,1.1,1.5,6714.0,379.0
India,"PLFS Year (Jul - Jun), 2019",Female,Urban,15-29 years,21,05-43,1.0,1.6,0.9,0.7,0.4,0.4,0.3,0.2,0.4,0.6,2843.0,129.0
India,"PLFS Year (Jul - Jun), 2019",Female,Urban,15-29 years,21,45-96,1.6,0.7,0.7,0.5,0.4,0.3,0.6,1.2,0.6,0.6,2874.0,164.0
India,"PLFS Year (Jul - Jun), 2019",Female,Urban,15-29 years,11-21,01-03,1.0,1.0,0.5,0.2,0.1,0.0,0.1,0.1,0.1,0.3,1307.0,111.0
India,"PLFS Year (Jul - Jun), 2019",Female,Urban,15-29 years,11-21,01-96,5.8,7.9,4.9,3.2,2.6,4.6,4.1,4.1,3.4,4.1,18347.0,1071.0
India,"PLFS Year (Jul - Jun), 2019",Female,Urban,15-29 years,11-21,05-43,2.4,5.1,3.2,2.0,1.2,1.0,1.0,0.6,1.3,2.0,8844.0,494.0
India,"PLFS Year (Jul - Jun), 2019",Female,Urban,15-29 years,11-21,45-96,2.5,1.8,1.2,1.0,1.3,3.5,3.1,3.5,2.0,1.8,8196.0,466.0
India,"PLFS Year (Jul - Jun), 2019",Female,Urban,15-29 years,31,01-03,0.0,0.0,0.0,0.0,0.0,0.0,0.0,0.0,0.0,0.0,44.0,3.0
India,"PLFS Year (Jul - Jun), 2019",Female,Urban,15-29 years,31,01-99,8.1,8.2,5.4,3.9,5.4,27.0,20.9,26.3,11.7,10.1,44784.0,2113.0
India,"PLFS Year (Jul - Jun), 2019",Female,Urban,15-29 years,31,05-43,1.4,2.4,2.2,1.1,0.8,4.2,3.9,1.7,1.9,1.9,8611.0,286.0
India,"PLFS Year (Jul - Jun), 2019",Female,Urban,15-29 years,31,45-99,6.6,5.8,3.2,2.8,4.6,22.8,17.0,24.6,9.8,8.1,36130.0,1824.0
India,"PLFS Year (Jul - Jun), 2019",Female,Urban,15-29 years,41,,0.0,0.1,0.0,0.0,0.0,0.0,0.0,0.0,0.0,0.0,52.0,4.0
India,"PLFS Year (Jul - Jun), 2019",Female,Urban,15-29 years,51,01-03,0.9,1.0,0.3,0.1,0.0,0.0,0.0,0.0,0.0,0.2,897.0,40.0
India,"PLFS Year (Jul - Jun), 2019",Female,Urban,15-29 years,51,01-99,5.3,3.3,1.7,0.6,0.1,0.0,0.1,0.2,0.3,1.0,4468.0,182.0
India,"PLFS Year (Jul - Jun), 2019",Female,Urban,15-29 years,51,05-43,4.1,2.0,1.3,0.4,0.1,0.0,0.0,0.0,0.1,0.7,3011.0,112.0
India,"PLFS Year (Jul - Jun), 2019",Female,Urban,15-29 years,51,45-99,0.2,0.4,0.1,0.2,0.0,0.0,0.1,0.2,0.1,0.1,560.0,30.0
India,"PLFS Year (Jul - Jun), 2019",Female,Urban,15-29 years,41 & 51,01-99,5.3,3.4,1.7,0.7,0.1,0.0,0.1,0.2,0.3,1.0,4520.0,186.0
India,"PLFS Year (Jul - Jun), 2019",Female,Urban,15-29 years,11-51,01-03,1.9,1.9,0.8,0.3,0.2,0.0,0.1,0.1,0.2,0.5,2247.0,154.0
India,"PLFS Year (Jul - Jun), 2019",Female,Urban,15-29 years,11-51,01-99,19.1,19.5,11.9,7.7,8.1,31.6,25.1,30.6,15.3,15.2,67652.0,3370.0
India,"PLFS Year (Jul - Jun), 2019",Female,Urban,15-29 years,11-51,05-43,7.9,9.6,6.6,3.4,2.1,5.3,4.9,2.2,3.3,4.6,20518.0,896.0
India,"PLFS Year (Jul - Jun), 2019",Female,Urban,15-29 years,11-51,45-99,9.3,8.0,4.5,4.0,5.9,26.3,20.2,28.3,11.8,10.1,44887.0,2320.0
India,"PLFS Year (Jul - Jun), 2019",Female,Urban,15-29 years,81,,0.6,0.8,1.4,0.8,2.1,14.7,14.3,17.3,6.8,5.0,22386.0,1349.0
India,"PLFS Year (Jul - Jun), 2019",Female,Urban,15-29 years,11-81,,19.7,20.3,13.3,8.5,10.2,46.3,39.4,47.8,22.1,20.3,90037.0,4719.0
India,"PLFS Year (Jul - Jun), 2019",Female,Urban,15-29 years,UR,,2.9,4.1,10.2,9.4,20.2,31.8,36.3,36.1,30.8,24.9,,
India,"PLFS Year (Jul - Jun), 2019",Female,Urban,15-29 years,91,,0.5,12.3,31.4,54.0,58.6,20.8,20.0,10.3,41.4,35.2,156336.0,9147.0
India,"PLFS Year (Jul - Jun), 2019",Female,Urban,15-29 years,92,,62.0,55.0,48.0,32.6,27.3,30.0,36.7,37.6,32.3,38.4,170730.0,8430.0
India,"PLFS Year (Jul - Jun), 2019",Female,Urban,15-29 years,93,,11.3,11.4,6.7,4.2,3.6,2.0,3.5,3.8,3.7,5.3,23425.0,1395.0
India,"PLFS Year (Jul - Jun), 2019",Female,Urban,15-29 years,94,,1.3,0.3,0.1,0.3,0.1,0.0,0.1,0.3,0.2,0.2,957.0,53.0
India,"PLFS Year (Jul - Jun), 2019",Female,Urban,15-29 years,95,,4.2,0.3,0.3,0.2,0.0,0.0,0.1,0.0,0.1,0.3,1480.0,87.0
India,"PLFS Year (Jul - Jun), 2019",Female,Urban,15-29 years,97,,1.0,0.5,0.2,0.2,0.2,0.9,0.2,0.2,0.2,0.3,1204.0,81.0
India,"PLFS Year (Jul - Jun), 2019",Female,Urban,15-29 years,99,,0.0,0.0,0.0,0.0,0.0,0.0,0.0,0.0,0.0,0.0,0.0,0.0
India,"PLFS Year (Jul - Jun), 2019",Female,Urban,15-29 years,91-99,,80.3,79.7,86.7,91.5,89.8,53.7,60.6,52.2,77.9,79.7,354131.0,19193.0
India,"PLFS Year (Jul - Jun), 2019",Female,Urban,15-29 years,11-99,,100.0,100.0,100.0,100.0,100.0,100.0,100.0,100.0,100.0,100.0,444168.0,23912.0
India,"PLFS Year (Jul - Jun), 2019",Female,Urban,15 years and above,"11,12",01-03,0.9,0.6,0.4,0.2,0.1,0.2,0.1,0.0,0.1,0.4,5181.0,431.0
India,"PLFS Year (Jul - Jun), 2019",Female,Urban,15 years and above,"11,12",01-96,5.4,7.0,5.4,3.7,3.6,6.4,4.9,4.1,4.1,5.0,65783.0,3823.0
India,"PLFS Year (Jul - Jun), 2019",Female,Urban,15 years and above,"11,12",05-43,1.9,3.9,3.4,2.2,1.6,2.1,1.2,0.5,1.5,2.3,29837.0,1619.0
India,"PLFS Year (Jul - Jun), 2019",Female,Urban,15 years and above,"11,12",45-96,2.5,2.5,1.6,1.3,1.8,4.1,3.6,3.6,2.5,2.3,30764.0,1773.0
India,"PLFS Year (Jul - Jun), 2019",Female,Urban,15 years and above,21,01-03,1.3,1.0,0.7,0.3,0.3,0.0,0.1,0.0,0.2,0.6,8051.0,570.0
India,"PLFS Year (Jul - Jun), 2019",Female,Urban,15 years and above,21,01-96,3.2,3.2,2.7,1.9,1.5,1.8,1.5,1.3,1.6,2.3,30735.0,1759.0
India,"PLFS Year (Jul - Jun), 2019",Female,Urban,15 years and above,21,05-43,0.7,1.0,0.8,0.6,0.3,0.2,0.4,0.2,0.4,0.6,8211.0,373.0
India,"PLFS Year (Jul - Jun), 2019",Female,Urban,15 years and above,21,45-96,1.2,1.2,1.3,0.9,0.9,1.6,1.0,1.1,1.0,1.1,14474.0,816.0
India,"PLFS Year (Jul - Jun), 2019",Female,Urban,15 years and above,11-21,01-03,2.3,1.7,1.0,0.5,0.4,0.2,0.2,0.1,0.3,1.0,13232.0,1001.0
India,"PLFS Year (Jul - Jun), 2019",Female,Urban,15 years and above,11-21,01-96,8.6,10.3,8.1,5.6,5.1,8.3,6.4,5.5,5.7,7.3,96518.0,5582.0
India,"PLFS Year (Jul - Jun), 2019",Female,Urban,15 years and above,11-21,05-43,2.7,4.9,4.2,2.8,2.0,2.3,1.6,0.7,1.9,2.9,38048.0,1992.0
India,"PLFS Year (Jul - Jun), 2019",Female,Urban,15 years and above,11-21,45-96,3.7,3.7,2.8,2.2,2.7,5.7,4.7,4.7,3.5,3.4,45238.0,2589.0
India,"PLFS Year (Jul - Jun), 2019",Female,Urban,15 years and above,31,01-03,0.0,0.1,0.0,0.0,0.0,0.0,0.0,0.0,0.0,0.0,457.0,23.0
India,"PLFS Year (Jul - Jun), 2019",Female,Urban,15 years and above,31,01-99,9.9,9.3,7.8,5.6,7.2,29.2,19.4,32.4,14.1,11.5,151721.0,7508.0
India,"PLFS Year (Jul - Jun), 2019",Female,Urban,15 years and above,31,05-43,1.9,1.8,2.0,1.2,1.0,3.4,2.4,1.3,1.6,1.7,22846.0,846.0
India,"PLFS Year (Jul - Jun), 2019",Female,Urban,15 years and above,31,45-99,8.0,7.4,5.7,4.4,6.2,25.8,17.0,31.1,12.6,9.8,128418.0,6639.0
India,"PLFS Year (Jul - Jun), 2019",Female,Urban,15 years and above,41,,0.2,0.4,0.2,0.1,0.0,0.1,0.0,0.0,0.0,0.2,2136.0,121.0
India,"PLFS Year (Jul - Jun), 2019",Female,Urban,15 years and above,51,01-03,2.4,1.1,0.4,0.1,0.0,0.0,0.0,0.0,0.0,0.7,9224.0,368.0
India,"PLFS Year (Jul - Jun), 2019",Female,Urban,15 years and above,51,01-99,6.4,3.6,1.7,0.7,0.4,0.2,0.1,0.2,0.4,2.2,29067.0,1155.0
India,"PLFS Year (Jul - Jun), 2019",Female,Urban,15 years and above,51,05-43,3.3,1.7,1.0,0.4,0.2,0.0,0.1,0.0,0.2,1.1,15060.0,548.0
India,"PLFS Year (Jul - Jun), 2019",Female,Urban,15 years and above,51,45-99,0.7,0.7,0.3,0.2,0.1,0.2,0.1,0.2,0.1,0.4,4783.0,239.0
India,"PLFS Year (Jul - Jun), 2019",Female,Urban,15 years and above,41 & 51,01-99,6.6,4.0,1.9,0.8,0.4,0.3,0.1,0.2,0.4,2.4,31203.0,1276.0
India,"PLFS Year (Jul - Jun), 2019",Female,Urban,15 years and above,11-51,01-03,4.7,2.9,1.4,0.6,0.4,0.2,0.2,0.1,0.4,1.7,22913.0,1392.0
India,"PLFS Year (Jul - Jun), 2019",Female,Urban,15 years and above,11-51,01-99,25.2,23.6,17.8,12.0,12.7,37.8,26.0,38.1,20.2,21.3,279442.0,14366.0
India,"PLFS Year (Jul - Jun), 2019",Female,Urban,15 years and above,11-51,05-43,8.1,8.9,7.5,4.5,3.2,5.8,4.0,2.0,3.7,5.9,78090.0,3507.0
India,"PLFS Year (Jul - Jun), 2019",Female,Urban,15 years and above,11-51,45-99,12.4,11.9,8.9,6.9,9.0,31.7,21.8,36.0,16.2,13.6,178439.0,9467.0
India,"PLFS Year (Jul - Jun), 2019",Female,Urban,15 years and above,81,,0.1,0.3,0.5,0.5,1.5,8.5,7.2,8.0,3.9,2.1,27203.0,1697.0
India,"PLFS Year (Jul - Jun), 2019",Female,Urban,15 years and above,11-81,,25.3,23.9,18.3,12.5,14.2,46.2,33.2,46.0,24.2,23.3,306645.0,16063.0
India,"PLFS Year (Jul - Jun), 2019",Female,Urban,15 years and above,UR,,0.3,1.1,3.0,4.1,10.5,18.3,21.7,17.3,16.2,8.9,,
India,"PLFS Year (Jul - Jun), 2019",Female,Urban,15 years and above,91,,0.2,2.4,11.1,24.7,34.8,9.4,9.0,3.8,19.8,12.0,157933.0,9250.0
India,"PLFS Year (Jul - Jun), 2019",Female,Urban,15 years and above,92,,48.8,57.0,59.6,53.0,43.3,34.8,49.6,41.5,47.5,51.2,672753.0,33653.0
India,"PLFS Year (Jul - Jun), 2019",Female,Urban,15 years and above,93,,7.5,7.1,6.6,5.0,5.6,3.0,4.6,4.5,4.9,6.0,79266.0,5160.0
India,"PLFS Year (Jul - Jun), 2019",Female,Urban,15 years and above,94,,11.5,6.6,3.3,3.7,1.7,5.8,3.1,3.8,3.0,5.2,68679.0,3878.0
India,"PLFS Year (Jul - Jun), 2019",Female,Urban,15 years and above,95,,2.2,1.2,0.4,0.5,0.1,0.3,0.2,0.1,0.3,0.8,10611.0,541.0
India,"PLFS Year (Jul - Jun), 2019",Female,Urban,15 years and above,97,,4.5,1.8,0.6,0.5,0.2,0.5,0.3,0.3,0.3,1.4,18522.0,964.0
India,"PLFS Year (Jul - Jun), 2019",Female,Urban,15 years and above,99,,0.0,0.0,0.0,0.0,0.0,0.0,0.0,0.0,0.0,0.0,0.0,0.0
India,"PLFS Year (Jul - Jun), 2019",Female,Urban,15 years and above,91-99,,74.7,76.1,81.7,87.5,85.8,53.8,66.8,54.0,75.8,76.7,1007763.0,53446.0
India,"PLFS Year (Jul - Jun), 2019",Female,Urban,15 years and above,11-99,,100.0,100.0,100.0,100.0,100.0,100.0,100.0,100.0,100.0,100.0,1314408.0,69509.0
India,"PLFS Year (Jul - Jun), 2019",Female,Urban,all ages,"11,12",01-03,0.6,0.3,0.3,0.2,0.1,0.2,0.1,0.0,0.1,0.3,5181.0,431.0
India,"PLFS Year (Jul - Jun), 2019",Female,Urban,all ages,"11,12",01-96,3.6,3.6,4.7,3.7,3.6,6.4,4.9,4.1,4.1,4.0,65837.0,3825.0
India,"PLFS Year (Jul - Jun), 2019",Female,Urban,all ages,"11,12",05-43,1.3,2.0,3.0,2.2,1.6,2.1,1.2,0.5,1.5,1.8,29840.0,1620.0
India,"PLFS Year (Jul - Jun), 2019",Female,Urban,all ages,"11,12",45-96,1.7,1.3,1.4,1.3,1.8,4.1,3.6,3.6,2.5,1.9,30815.0,1774.0
India,"PLFS Year (Jul - Jun), 2019",Female,Urban,all ages,21,01-03,0.9,0.5,0.6,0.3,0.3,0.0,0.1,0.0,0.2,0.5,8051.0,570.0
India,"PLFS Year (Jul - Jun), 2019",Female,Urban,all ages,21,01-96,2.2,1.7,2.4,1.8,1.5,1.8,1.5,1.3,1.6,1.9,31039.0,1766.0
India,"PLFS Year (Jul - Jun), 2019",Female,Urban,all ages,21,05-43,0.5,0.5,0.7,0.6,0.3,0.2,0.4,0.2,0.4,0.5,8515.0,380.0
India,"PLFS Year (Jul - Jun), 2019",Female,Urban,all ages,21,45-96,0.8,0.6,1.1,0.9,0.9,1.6,1.0,1.1,1.0,0.9,14474.0,816.0
India,"PLFS Year (Jul - Jun), 2019",Female,Urban,all ages,11-21,01-03,1.5,0.9,0.9,0.5,0.4,0.2,0.2,0.1,0.3,0.8,13232.0,1001.0
India,"PLFS Year (Jul - Jun), 2019",Female,Urban,all ages,11-21,01-96,5.8,5.3,7.1,5.5,5.1,8.3,6.4,5.5,5.7,5.8,96876.0,5591.0
India,"PLFS Year (Jul - Jun), 2019",Female,Urban,all ages,11-21,05-43,1.8,2.5,3.7,2.8,2.0,2.3,1.6,0.7,1.9,2.3,38355.0,2000.0
India,"PLFS Year (Jul - Jun), 2019",Female,Urban,all ages,11-21,45-96,2.5,1.9,2.5,2.2,2.7,5.7,4.7,4.7,3.5,2.7,45289.0,2590.0
India,"PLFS Year (Jul - Jun), 2019",Female,Urban,all ages,31,01-03,0.0,0.1,0.0,0.0,0.0,0.0,0.0,0.0,0.0,0.0,457.0,23.0
India,"PLFS Year (Jul - Jun), 2019",Female,Urban,all ages,31,01-99,6.6,4.7,6.8,5.6,7.2,29.2,19.4,32.4,14.1,9.1,151858.0,7515.0
India,"PLFS Year (Jul - Jun), 2019",Female,Urban,all ages,31,05-43,1.3,0.9,1.8,1.2,1.0,3.4,2.4,1.3,1.6,1.4,22929.0,849.0
India,"PLFS Year (Jul - Jun), 2019",Female,Urban,all ages,31,45-99,5.3,3.8,5.0,4.4,6.2,25.8,17.0,31.1,12.5,7.7,128472.0,6643.0
India,"PLFS Year (Jul - Jun), 2019",Female,Urban,all ages,41,,0.1,0.2,0.2,0.1,0.0,0.1,0.0,0.0,0.0,0.1,2136.0,121.0
India,"PLFS Year (Jul - Jun), 2019",Female,Urban,all ages,51,01-03,1.6,0.6,0.3,0.1,0.0,0.0,0.0,0.0,0.0,0.6,9230.0,369.0
India,"PLFS Year (Jul - Jun), 2019",Female,Urban,all ages,51,01-99,4.3,1.8,1.4,0.7,0.4,0.2,0.1,0.2,0.4,1.7,29073.0,1156.0
India,"PLFS Year (Jul - Jun), 2019",Female,Urban,all ages,51,05-43,2.2,0.9,0.9,0.4,0.2,0.0,0.1,0.0,0.2,0.9,15060.0,548.0
India,"PLFS Year (Jul - Jun), 2019",Female,Urban,all ages,51,45-99,0.5,0.4,0.2,0.2,0.1,0.2,0.1,0.2,0.1,0.3,4783.0,239.0
India,"PLFS Year (Jul - Jun), 2019",Female,Urban,all ages,41 & 51,01-99,4.4,2.0,1.6,0.8,0.4,0.3,0.1,0.2,0.4,1.9,31209.0,1277.0
India,"PLFS Year (Jul - Jun), 2019",Female,Urban,all ages,11-51,01-03,3.1,1.5,1.2,0.6,0.4,0.2,0.2,0.1,0.4,1.4,22919.0,1393.0
India,"PLFS Year (Jul - Jun), 2019",Female,Urban,all ages,11-51,01-99,16.8,12.0,15.5,12.0,12.7,37.8,26.0,38.1,20.2,16.8,279943.0,14383.0
India,"PLFS Year (Jul - Jun), 2019",Female,Urban,all ages,11-51,05-43,5.4,4.5,6.6,4.5,3.2,5.8,4.0,2.0,3.7,4.7,78480.0,3518.0
India,"PLFS Year (Jul - Jun), 2019",Female,Urban,all ages,11-51,45-99,8.3,6.0,7.7,6.8,9.0,31.7,21.8,36.0,16.1,10.7,178545.0,9472.0
India,"PLFS Year (Jul - Jun), 2019",Female,Urban,all ages,81,,0.1,0.1,0.5,0.5,1.5,8.5,7.2,8.0,3.9,1.6,27255.0,1700.0
India,"PLFS Year (Jul - Jun), 2019",Female,Urban,all ages,11-81,,16.9,12.2,16.0,12.5,14.2,46.2,33.2,46.0,24.1,18.5,307198.0,16083.0
India,"PLFS Year (Jul - Jun), 2019",Female,Urban,all ages,UR,,0.4,1.1,3.0,4.1,10.5,18.3,21.7,17.3,16.2,8.9,,
India,"PLFS Year (Jul - Jun), 2019",Female,Urban,all ages,91,,5.3,48.6,22.5,25.2,34.8,9.4,9.0,3.8,19.9,23.5,391227.0,21337.0
India,"PLFS Year (Jul - Jun), 2019",Female,Urban,all ages,92,,32.9,29.2,51.9,52.7,43.3,34.8,49.6,41.5,47.4,40.7,675652.0,33768.0
India,"PLFS Year (Jul - Jun), 2019",Female,Urban,all ages,93,,5.0,3.6,5.8,5.0,5.6,3.0,4.6,4.5,4.9,4.8,79475.0,5169.0
India,"PLFS Year (Jul - Jun), 2019",Female,Urban,all ages,94,,7.7,3.4,2.9,3.6,1.7,5.8,3.1,3.8,3.0,4.1,68764.0,3885.0
India,"PLFS Year (Jul - Jun), 2019",Female,Urban,all ages,95,,1.5,0.6,0.4,0.5,0.1,0.3,0.2,0.1,0.3,0.7,11009.0,569.0
India,"PLFS Year (Jul - Jun), 2019",Female,Urban,all ages,97,,4.6,1.2,0.5,0.5,0.2,0.5,0.3,0.3,0.3,1.5,25608.0,1277.0
India,"PLFS Year (Jul - Jun), 2019",Female,Urban,all ages,99,,26.2,1.1,0.0,0.0,0.0,0.0,0.0,0.0,0.0,6.2,102819.0,5313.0
India,"PLFS Year (Jul - Jun), 2019",Female,Urban,all ages,91-99,,83.1,87.8,84.0,87.5,85.8,53.8,66.8,54.0,75.9,81.5,1354553.0,71318.0
India,"PLFS Year (Jul - Jun), 2019",Female,Urban,all ages,11-99,,100.0,100.0,100.0,100.0,100.0,100.0,100.0,100.0,100.0,100.0,1661751.0,87401.0
India,"PLFS Year (Jul - Jun), 2019",Persons,Urban,15-29 years,"11,12",01-03,1.0,0.6,0.2,0.1,0.1,0.0,0.1,0.2,0.1,0.2,1773.0,120.0
India,"PLFS Year (Jul - Jun), 2019",Persons,Urban,15-29 years,"11,12",01-96,8.8,9.9,6.3,4.2,4.0,6.1,5.7,4.7,4.6,5.5,51132.0,2849.0
India,"PLFS Year (Jul - Jun), 2019",Persons,Urban,15-29 years,"11,12",05-43,2.3,3.2,2.1,1.1,0.8,2.0,1.1,0.7,1.0,1.4,13207.0,765.0
India,"PLFS Year (Jul - Jun), 2019",Persons,Urban,15-29 years,"11,12",45-96,5.6,6.1,4.0,3.0,3.0,4.1,4.6,3.9,3.5,3.9,36152.0,1964.0
India,"PLFS Year (Jul - Jun), 2019",Persons,Urban,15-29 years,21,01-03,0.9,0.8,0.6,0.4,0.4,0.1,0.2,0.2,0.3,0.4,3878.0,301.0
India,"PLFS Year (Jul - Jun), 2019",Persons,Urban,15-29 years,21,01-96,3.9,3.2,3.8,2.8,2.2,2.5,3.6,2.9,2.8,3.1,28349.0,1588.0
India,"PLFS Year (Jul - Jun), 2019",Persons,Urban,15-29 years,21,05-43,1.1,1.0,1.1,0.9,0.6,1.0,0.7,1.0,0.8,0.9,7940.0,420.0
India,"PLFS Year (Jul - Jun), 2019",Persons,Urban,15-29 years,21,45-96,2.0,1.4,2.2,1.5,1.2,1.4,2.6,1.7,1.7,1.8,16530.0,867.0
India,"PLFS Year (Jul - Jun), 2019",Persons,Urban,15-29 years,11-21,01-03,1.9,1.3,0.8,0.5,0.5,0.1,0.3,0.4,0.4,0.6,5651.0,421.0
India,"PLFS Year (Jul - Jun), 2019",Persons,Urban,15-29 years,11-21,01-96,12.8,13.1,10.1,7.0,6.2,8.6,9.3,7.6,7.4,8.6,79481.0,4437.0
India,"PLFS Year (Jul - Jun), 2019",Persons,Urban,15-29 years,11-21,05-43,3.4,4.2,3.2,2.0,1.5,3.0,1.8,1.7,1.8,2.3,21147.0,1185.0
India,"PLFS Year (Jul - Jun), 2019",Persons,Urban,15-29 years,11-21,45-96,7.5,7.5,6.2,4.5,4.3,5.5,7.2,5.5,5.3,5.7,52682.0,2831.0
India,"PLFS Year (Jul - Jun), 2019",Persons,Urban,15-29 years,31,01-03,0.6,0.1,0.1,0.0,0.1,0.2,0.0,0.0,0.1,0.1,805.0,35.0
India,"PLFS Year (Jul - Jun), 2019",Persons,Urban,15-29 years,31,01-99,14.8,21.9,15.7,12.8,12.7,38.2,28.9,35.2,19.7,18.9,175064.0,8443.0
India,"PLFS Year (Jul - Jun), 2019",Persons,Urban,15-29 years,31,05-43,6.9,9.5,6.2,4.7,3.5,17.6,6.4,4.7,5.2,5.8,53673.0,2254.0
India,"PLFS Year (Jul - Jun), 2019",Persons,Urban,15-29 years,31,45-99,7.3,12.4,9.5,8.1,9.1,20.3,22.5,30.4,14.4,13.0,120587.0,6154.0
India,"PLFS Year (Jul - Jun), 2019",Persons,Urban,15-29 years,41,,0.2,0.2,0.0,0.0,0.0,0.0,0.0,0.1,0.0,0.0,436.0,34.0
India,"PLFS Year (Jul - Jun), 2019",Persons,Urban,15-29 years,51,01-03,1.1,0.8,0.3,0.1,0.1,0.2,0.0,0.0,0.1,0.2,2064.0,103.0
India,"PLFS Year (Jul - Jun), 2019",Persons,Urban,15-29 years,51,01-99,14.9,14.7,7.5,3.8,1.4,3.5,0.6,0.3,1.9,4.5,41408.0,2053.0
India,"PLFS Year (Jul - Jun), 2019",Persons,Urban,15-29 years,51,05-43,11.6,10.9,5.6,2.7,1.0,2.7,0.3,0.0,1.3,3.3,30294.0,1497.0
India,"PLFS Year (Jul - Jun), 2019",Persons,Urban,15-29 years,51,45-99,2.1,3.0,1.6,1.0,0.4,0.7,0.3,0.3,0.5,1.0,9050.0,453.0
India,"PLFS Year (Jul - Jun), 2019",Persons,Urban,15-29 years,41 & 51,01-99,15.1,14.9,7.6,3.9,1.4,3.5,0.6,0.4,1.9,4.5,41844.0,2087.0
India,"PLFS Year (Jul - Jun), 2019",Persons,Urban,15-29 years,11-51,01-03,3.6,2.2,1.1,0.7,0.6,0.6,0.4,0.4,0.6,0.9,8520.0,559.0
India,"PLFS Year (Jul - Jun), 2019",Persons,Urban,15-29 years,11-51,01-99,42.6,49.9,33.4,23.7,20.3,50.3,38.8,43.1,29.0,32.1,296389.0,14967.0
India,"PLFS Year (Jul - Jun), 2019",Persons,Urban,15-29 years,11-51,05-43,22.1,24.8,15.0,9.4,6.0,23.3,8.5,6.5,8.3,11.4,105551.0,4970.0
India,"PLFS Year (Jul - Jun), 2019",Persons,Urban,15-29 years,11-51,45-99,17.0,22.9,17.2,13.5,13.7,26.5,29.9,36.2,20.2,19.7,182319.0,9438.0
India,"PLFS Year (Jul - Jun), 2019",Persons,Urban,15-29 years,81,,3.9,3.9,4.4,3.3,4.5,17.4,18.9,19.3,9.6,7.9,73432.0,4234.0
India,"PLFS Year (Jul - Jun), 2019",Persons,Urban,15-29 years,11-81,,46.5,53.8,37.8,26.9,24.8,67.7,57.7,62.4,38.6,40.0,369821.0,19201.0
India,"PLFS Year (Jul - Jun), 2019",Persons,Urban,15-29 years,UR,,8.4,7.2,11.6,12.2,18.1,25.7,32.7,30.9,24.9,19.9,,
India,"PLFS Year (Jul - Jun), 2019",Persons,Urban,15-29 years,91,,1.6,11.7,34.8,55.1,59.8,22.3,21.7,12.2,43.3,37.4,345836.0,19650.0
India,"PLFS Year (Jul - Jun), 2019",Persons,Urban,15-29 years,92,,35.8,26.8,23.1,15.4,13.4,8.8,18.5,22.8,15.8,18.9,174648.0,8661.0
India,"PLFS Year (Jul - Jun), 2019",Persons,Urban,15-29 years,93,,6.4,5.6,3.3,2.0,1.7,0.5,1.8,2.2,1.8,2.6,23863.0,1440.0
India,"PLFS Year (Jul - Jun), 2019",Persons,Urban,15-29 years,94,,0.8,0.2,0.0,0.1,0.1,0.0,0.1,0.2,0.1,0.1,1112.0,76.0
India,"PLFS Year (Jul - Jun), 2019",Persons,Urban,15-29 years,95,,6.3,0.7,0.4,0.1,0.1,0.2,0.0,0.0,0.1,0.5,4260.0,248.0
India,"PLFS Year (Jul - Jun), 2019",Persons,Urban,15-29 years,97,,2.7,1.1,0.6,0.3,0.2,0.4,0.3,0.2,0.3,0.5,4661.0,255.0
India,"PLFS Year (Jul - Jun), 2019",Persons,Urban,15-29 years,99,,0.0,0.0,0.0,0.0,0.0,0.0,0.0,0.0,0.0,0.0,0.0,0.0
India,"PLFS Year (Jul - Jun), 2019",Persons,Urban,15-29 years,91-99,,53.5,46.2,62.2,73.1,75.2,32.3,42.3,37.6,61.4,60.0,554381.0,30330.0
India,"PLFS Year (Jul - Jun), 2019",Persons,Urban,15-29 years,11-99,,100.0,100.0,100.0,100.0,100.0,100.0,100.0,100.0,100.0,100.0,924202.0,49531.0
India,"PLFS Year (Jul - Jun), 2019",Persons,Urban,15 years and above,"11,12",01-03,1.9,1.9,1.5,1.1,1.0,1.0,0.7,0.7,0.9,1.3,34755.0,2298.0
India,"PLFS Year (Jul - Jun), 2019",Persons,Urban,15 years and above,"11,12",01-96,13.2,17.7,16.9,14.8,12.3,14.1,14.3,11.8,13.6,14.7,391102.0,21541.0
India,"PLFS Year (Jul - Jun), 2019",Persons,Urban,15 years and above,"11,12",05-43,3.5,5.6,4.9,4.0,2.9,4.2,2.6,1.4,3.0,3.8,100158.0,5311.0
India,"PLFS Year (Jul - Jun), 2019",Persons,Urban,15 years and above,"11,12",45-96,7.8,10.1,10.5,9.7,8.4,8.8,11.0,9.7,9.7,9.6,256189.0,13932.0
India,"PLFS Year (Jul - Jun), 2019",Persons,Urban,15 years and above,21,01-03,1.0,0.7,0.5,0.4,0.4,0.1,0.2,0.1,0.3,0.5,13164.0,928.0
India,"PLFS Year (Jul - Jun), 2019",Persons,Urban,15 years and above,21,01-96,2.6,2.5,2.9,2.4,2.6,1.9,2.9,2.0,2.5,2.6,68958.0,3868.0
India,"PLFS Year (Jul - Jun), 2019",Persons,Urban,15 years and above,21,05-43,0.6,0.7,0.7,0.7,0.6,0.6,0.6,0.5,0.6,0.6,16891.0,840.0
India,"PLFS Year (Jul - Jun), 2019",Persons,Urban,15 years and above,21,45-96,1.0,1.1,1.7,1.3,1.6,1.2,2.1,1.3,1.6,1.5,38903.0,2100.0
India,"PLFS Year (Jul - Jun), 2019",Persons,Urban,15 years and above,11-21,01-03,2.9,2.7,2.1,1.5,1.4,1.1,0.9,0.8,1.2,1.8,47918.0,3226.0
India,"PLFS Year (Jul - Jun), 2019",Persons,Urban,15 years and above,11-21,01-96,15.8,20.2,19.8,17.1,14.9,16.0,17.2,13.7,16.1,17.3,460059.0,25409.0
India,"PLFS Year (Jul - Jun), 2019",Persons,Urban,15 years and above,11-21,05-43,4.1,6.3,5.5,4.6,3.5,4.8,3.3,1.9,3.6,4.4,117049.0,6151.0
India,"PLFS Year (Jul - Jun), 2019",Persons,Urban,15 years and above,11-21,45-96,8.8,11.2,12.2,11.0,10.0,10.0,13.0,11.1,11.3,11.1,295092.0,16032.0
India,"PLFS Year (Jul - Jun), 2019",Persons,Urban,15 years and above,31,01-03,0.2,0.2,0.1,0.1,0.1,0.3,0.1,0.1,0.1,0.1,3024.0,173.0
India,"PLFS Year (Jul - Jun), 2019",Persons,Urban,15 years and above,31,01-99,12.6,18.6,19.5,18.9,18.4,44.7,32.5,44.5,26.8,22.4,595012.0,29621.0
India,"PLFS Year (Jul - Jun), 2019",Persons,Urban,15 years and above,31,05-43,3.9,6.8,7.0,6.7,5.0,21.7,6.9,5.2,6.7,6.4,170000.0,7148.0
India,"PLFS Year (Jul - Jun), 2019",Persons,Urban,15 years and above,31,45-99,8.5,11.6,12.4,12.1,13.3,22.7,25.6,39.2,20.0,15.9,421988.0,22300.0
India,"PLFS Year (Jul - Jun), 2019",Persons,Urban,15 years and above,41,,0.3,0.3,0.1,0.0,0.0,0.0,0.0,0.0,0.0,0.1,3432.0,225.0
India,"PLFS Year (Jul - Jun), 2019",Persons,Urban,15 years and above,51,01-03,2.4,1.4,0.6,0.2,0.1,0.2,0.1,0.0,0.1,0.7,18755.0,807.0
India,"PLFS Year (Jul - Jun), 2019",Persons,Urban,15 years and above,51,01-99,13.0,12.1,8.1,4.2,2.0,3.0,0.6,0.2,2.0,6.0,160224.0,7584.0
India,"PLFS Year (Jul - Jun), 2019",Persons,Urban,15 years and above,51,05-43,8.6,8.2,5.8,2.9,1.4,2.2,0.3,0.0,1.4,4.1,108988.0,5150.0
India,"PLFS Year (Jul - Jun), 2019",Persons,Urban,15 years and above,51,45-99,1.9,2.5,1.7,1.1,0.5,0.6,0.2,0.2,0.6,1.2,32481.0,1627.0
India,"PLFS Year (Jul - Jun), 2019",Persons,Urban,15 years and above,41 & 51,01-99,13.2,12.4,8.2,4.3,2.0,3.0,0.6,0.3,2.1,6.2,163655.0,7809.0
India,"PLFS Year (Jul - Jun), 2019",Persons,Urban,15 years and above,11-51,01-03,5.6,4.2,2.8,1.8,1.6,1.7,1.0,0.9,1.4,2.6,69697.0,4206.0
India,"PLFS Year (Jul - Jun), 2019",Persons,Urban,15 years and above,11-51,01-99,41.7,51.2,47.6,40.3,35.3,63.7,50.4,58.5,45.0,45.8,1218726.0,62839.0
India,"PLFS Year (Jul - Jun), 2019",Persons,Urban,15 years and above,11-51,05-43,16.9,21.7,18.5,14.3,9.9,28.8,10.6,7.2,11.7,15.0,399469.0,18674.0
India,"PLFS Year (Jul - Jun), 2019",Persons,Urban,15 years and above,11-51,45-99,19.2,25.3,26.3,24.2,23.8,33.3,38.8,50.4,31.8,28.2,749560.0,39959.0
India,"PLFS Year (Jul - Jun), 2019",Persons,Urban,15 years and above,81,,0.7,1.2,2.0,1.8,3.1,8.7,8.8,7.3,5.2,3.4,90925.0,5384.0
India,"PLFS Year (Jul - Jun), 2019",Persons,Urban,15 years and above,11-81,,42.4,52.4,49.6,42.1,38.3,72.5,59.3,65.8,50.1,49.3,1309651.0,68223.0
India,"PLFS Year (Jul - Jun), 2019",Persons,Urban,15 years and above,UR,,1.5,2.3,4.1,4.4,8.0,12.1,14.9,11.1,10.3,6.9,,
India,"PLFS Year (Jul - Jun), 2019",Persons,Urban,15 years and above,91,,0.3,2.4,12.3,24.1,34.3,9.6,8.8,3.8,19.3,13.1,348449.0,19811.0
India,"PLFS Year (Jul - Jun), 2019",Persons,Urban,15 years and above,92,,33.3,30.6,28.7,23.8,20.3,9.9,22.5,20.7,21.6,25.7,683999.0,34335.0
India,"PLFS Year (Jul - Jun), 2019",Persons,Urban,15 years and above,93,,5.1,3.8,3.2,2.3,2.6,0.8,2.1,2.2,2.2,3.0,80485.0,5292.0
India,"PLFS Year (Jul - Jun), 2019",Persons,Urban,15 years and above,94,,11.2,7.0,4.3,6.1,3.8,6.1,6.7,6.8,5.7,6.4,170247.0,9096.0
India,"PLFS Year (Jul - Jun), 2019",Persons,Urban,15 years and above,95,,3.1,1.5,0.9,0.7,0.2,0.2,0.2,0.2,0.4,1.0,26155.0,1391.0
India,"PLFS Year (Jul - Jun), 2019",Persons,Urban,15 years and above,97,,4.7,2.3,1.1,1.0,0.4,0.9,0.5,0.4,0.6,1.5,39929.0,2057.0
India,"PLFS Year (Jul - Jun), 2019",Persons,Urban,15 years and above,99,,0.0,0.0,0.0,0.0,0.0,0.0,0.0,0.0,0.0,0.0,0.0,0.0
India,"PLFS Year (Jul - Jun), 2019",Persons,Urban,15 years and above,91-99,,57.6,47.6,50.4,57.9,61.7,27.5,40.7,34.2,49.9,50.7,1349264.0,71982.0
India,"PLFS Year (Jul - Jun), 2019",Persons,Urban,15 years and above,11-99,,100.0,100.0,100.0,100.0,100.0,100.0,100.0,100.0,100.0,100.0,2658915.0,140205.0
India,"PLFS Year (Jul - Jun), 2019",Persons,Urban,all ages,"11,12",01-03,1.1,0.9,1.3,1.1,1.0,1.0,0.7,0.7,0.9,1.0,34755.0,2298.0
India,"PLFS Year (Jul - Jun), 2019",Persons,Urban,all ages,"11,12",01-96,7.8,8.3,14.8,14.7,12.3,14.1,14.3,11.8,13.6,11.5,391264.0,21548.0
India,"PLFS Year (Jul - Jun), 2019",Persons,Urban,all ages,"11,12",05-43,2.1,2.7,4.2,4.0,2.9,4.2,2.6,1.4,3.0,2.9,100190.0,5313.0
India,"PLFS Year (Jul - Jun), 2019",Persons,Urban,all ages,"11,12",45-96,4.6,4.8,9.2,9.6,8.4,8.8,11.0,9.7,9.7,7.5,256320.0,13937.0
India,"PLFS Year (Jul - Jun), 2019",Persons,Urban,all ages,21,01-03,0.6,0.3,0.4,0.4,0.4,0.1,0.2,0.1,0.3,0.4,13177.0,930.0
India,"PLFS Year (Jul - Jun), 2019",Persons,Urban,all ages,21,01-96,1.5,1.2,2.5,2.3,2.6,1.9,2.9,2.0,2.5,2.0,69494.0,3885.0
India,"PLFS Year (Jul - Jun), 2019",Persons,Urban,all ages,21,05-43,0.3,0.4,0.6,0.7,0.6,0.6,0.6,0.5,0.6,0.5,17245.0,850.0
India,"PLFS Year (Jul - Jun), 2019",Persons,Urban,all ages,21,45-96,0.6,0.5,1.4,1.3,1.6,1.2,2.1,1.3,1.6,1.1,39073.0,2105.0
India,"PLFS Year (Jul - Jun), 2019",Persons,Urban,all ages,11-21,01-03,1.7,1.3,1.8,1.5,1.4,1.1,0.9,0.8,1.2,1.4,47932.0,3228.0
India,"PLFS Year (Jul - Jun), 2019",Persons,Urban,all ages,11-21,01-96,9.4,9.6,17.3,17.0,14.9,16.0,17.2,13.7,16.1,13.6,460758.0,25433.0
India,"PLFS Year (Jul - Jun), 2019",Persons,Urban,all ages,11-21,05-43,2.4,3.0,4.9,4.6,3.5,4.8,3.3,1.9,3.6,3.5,117434.0,6163.0
India,"PLFS Year (Jul - Jun), 2019",Persons,Urban,all ages,11-21,45-96,5.2,5.3,10.6,10.9,10.0,10.0,13.0,11.1,11.3,8.7,295392.0,16042.0
India,"PLFS Year (Jul - Jun), 2019",Persons,Urban,all ages,31,01-03,0.1,0.1,0.1,0.1,0.1,0.3,0.1,0.1,0.1,0.1,3024.0,173.0
India,"PLFS Year (Jul - Jun), 2019",Persons,Urban,all ages,31,01-99,7.5,8.8,17.1,18.8,18.4,44.7,32.5,44.5,26.7,17.5,595660.0,29647.0
India,"PLFS Year (Jul - Jun), 2019",Persons,Urban,all ages,31,05-43,2.3,3.2,6.2,6.7,5.0,21.7,6.9,5.2,6.7,5.0,170201.0,7155.0
India,"PLFS Year (Jul - Jun), 2019",Persons,Urban,all ages,31,45-99,5.0,5.5,10.8,12.1,13.3,22.7,25.6,39.2,19.9,12.4,422435.0,22319.0
India,"PLFS Year (Jul - Jun), 2019",Persons,Urban,all ages,41,,0.2,0.2,0.1,0.0,0.0,0.0,0.0,0.0,0.0,0.1,3432.0,225.0
India,"PLFS Year (Jul - Jun), 2019",Persons,Urban,all ages,51,01-03,1.4,0.7,0.5,0.2,0.1,0.2,0.1,0.0,0.1,0.6,18761.0,808.0
India,"PLFS Year (Jul - Jun), 2019",Persons,Urban,all ages,51,01-99,7.7,5.7,7.1,4.2,2.0,3.0,0.6,0.2,2.0,4.7,160543.0,7594.0
India,"PLFS Year (Jul - Jun), 2019",Persons,Urban,all ages,51,05-43,5.1,3.9,5.0,2.9,1.4,2.2,0.3,0.0,1.4,3.2,109210.0,5156.0
India,"PLFS Year (Jul - Jun), 2019",Persons,Urban,all ages,51,45-99,1.1,1.2,1.5,1.1,0.5,0.6,0.2,0.2,0.6,1.0,32572.0,1630.0
India,"PLFS Year (Jul - Jun), 2019",Persons,Urban,all ages,41 & 51,01-99,7.8,5.9,7.2,4.2,2.0,3.0,0.6,0.3,2.1,4.8,163975.0,7819.0
India,"PLFS Year (Jul - Jun), 2019",Persons,Urban,all ages,11-51,01-03,3.3,2.0,2.4,1.8,1.6,1.7,1.0,0.9,1.4,2.1,69716.0,4209.0
India,"PLFS Year (Jul - Jun), 2019",Persons,Urban,all ages,11-51,01-99,24.6,24.2,41.6,40.1,35.3,63.7,50.4,58.5,44.9,35.9,1220393.0,62899.0
India,"PLFS Year (Jul - Jun), 2019",Persons,Urban,all ages,11-51,05-43,10.0,10.3,16.2,14.2,9.9,28.8,10.6,7.2,11.7,11.8,400277.0,18699.0
India,"PLFS Year (Jul - Jun), 2019",Persons,Urban,all ages,11-51,45-99,11.4,12.0,23.0,24.1,23.8,33.3,38.8,50.4,31.8,22.1,750400.0,39991.0
India,"PLFS Year (Jul - Jun), 2019",Persons,Urban,all ages,81,,0.4,0.6,1.8,1.8,3.1,8.7,8.8,7.3,5.1,2.7,91274.0,5400.0
India,"PLFS Year (Jul - Jun), 2019",Persons,Urban,all ages,11-81,,25.0,24.8,43.3,41.9,38.3,72.5,59.3,65.8,50.1,38.6,1311667.0,68299.0
India,"PLFS Year (Jul - Jun), 2019",Persons,Urban,all ages,UR,,1.6,2.4,4.1,4.4,8.0,12.1,14.9,11.1,10.3,7.0,,
India,"PLFS Year (Jul - Jun), 2019",Persons,Urban,all ages,91,,6.6,52.0,23.4,24.5,34.3,9.6,8.8,3.8,19.5,25.1,852526.0,45796.0
India,"PLFS Year (Jul - Jun), 2019",Persons,Urban,all ages,92,,19.9,14.6,25.1,23.6,20.3,9.9,22.5,20.7,21.6,20.3,688258.0,34500.0
India,"PLFS Year (Jul - Jun), 2019",Persons,Urban,all ages,93,,3.0,1.8,2.8,2.3,2.6,0.8,2.1,2.2,2.2,2.4,80748.0,5305.0
India,"PLFS Year (Jul - Jun), 2019",Persons,Urban,all ages,94,,6.6,3.3,3.7,6.1,3.8,6.1,6.7,6.8,5.7,5.0,170367.0,9107.0
India,"PLFS Year (Jul - Jun), 2019",Persons,Urban,all ages,95,,1.9,0.7,0.7,0.7,0.2,0.2,0.2,0.2,0.4,0.8,27219.0,1456.0
India,"PLFS Year (Jul - Jun), 2019",Persons,Urban,all ages,97,,5.0,1.4,1.0,0.9,0.4,0.9,0.5,0.4,0.6,1.7,56521.0,2728.0
India,"PLFS Year (Jul - Jun), 2019",Persons,Urban,all ages,99,,31.9,1.2,0.0,0.0,0.0,0.0,0.0,0.0,0.0,6.2,211239.0,10875.0
India,"PLFS Year (Jul - Jun), 2019",Persons,Urban,all ages,91-99,,75.0,75.2,56.7,58.1,61.7,27.5,40.7,34.2,49.9,61.4,2086880.0,109767.0
India,"PLFS Year (Jul - Jun), 2019",Persons,Urban,all ages,11-99,,100.0,100.0,100.0,100.0,100.0,100.0,100.0,100.0,100.0,100.0,3398547.0,178066.0
India,"PLFS Year (Jul - Jun), 2019",Male,Rural + Urban,15-29 years,"11,12",01-03,7.6,6.4,4.5,2.7,2.5,2.1,2.9,2.6,2.6,3.7,57978.0,1863.0
India,"PLFS Year (Jul - Jun), 2019",Male,Rural + Urban,15-29 years,"11,12",01-96,16.5,16.4,11.4,8.4,7.7,9.0,10.4,9.7,8.6,10.5,163182.0,6158.0
India,"PLFS Year (Jul - Jun), 2019",Male,Rural + Urban,15-29 years,"11,12",05-43,2.4,3.3,2.3,1.5,0.9,2.6,1.3,1.2,1.3,1.8,27733.0,984.0
India,"PLFS Year (Jul - Jun), 2019",Male,Rural + Urban,15-29 years,"11,12",45-96,6.5,6.7,4.7,4.2,4.4,4.3,6.2,5.9,4.7,5.0,77471.0,3311.0
India,"PLFS Year (Jul - Jun), 2019",Male,Rural + Urban,15-29 years,21,01-03,13.3,10.4,10.7,6.7,8.1,5.2,6.5,5.9,7.1,8.6,133593.0,4347.0
India,"PLFS Year (Jul - Jun), 2019",Male,Rural + Urban,15-29 years,21,01-96,14.6,12.1,12.9,8.6,10.0,6.8,10.6,9.0,9.5,10.9,168214.0,5856.0
India,"PLFS Year (Jul - Jun), 2019",Male,Rural + Urban,15-29 years,21,05-43,0.7,0.5,0.7,0.7,0.5,0.6,0.6,1.3,0.6,0.6,9805.0,453.0
India,"PLFS Year (Jul - Jun), 2019",Male,Rural + Urban,15-29 years,21,45-96,0.7,1.2,1.5,1.2,1.4,1.0,3.5,1.8,1.8,1.6,24816.0,1056.0
India,"PLFS Year (Jul - Jun), 2019",Male,Rural + Urban,15-29 years,11-21,01-03,20.9,16.8,15.2,9.4,10.6,7.3,9.4,8.5,9.7,12.4,191571.0,6210.0
India,"PLFS Year (Jul - Jun), 2019",Male,Rural + Urban,15-29 years,11-21,01-96,31.1,28.5,24.4,17.0,17.8,15.8,21.0,18.8,18.1,21.4,331396.0,12014.0
India,"PLFS Year (Jul - Jun), 2019",Male,Rural + Urban,15-29 years,11-21,05-43,3.0,3.8,3.0,2.2,1.4,3.1,1.9,2.5,1.9,2.4,37538.0,1437.0
India,"PLFS Year (Jul - Jun), 2019",Male,Rural + Urban,15-29 years,11-21,45-96,7.2,7.9,6.2,5.4,5.8,5.3,9.6,7.7,6.5,6.6,102287.0,4367.0
India,"PLFS Year (Jul - Jun), 2019",Male,Rural + Urban,15-29 years,31,01-03,0.5,0.6,0.4,0.3,0.5,1.1,0.5,0.8,0.4,0.5,7044.0,257.0
India,"PLFS Year (Jul - Jun), 2019",Male,Rural + Urban,15-29 years,31,01-99,8.2,14.1,12.2,11.9,12.9,36.2,27.5,41.4,17.6,15.4,238220.0,10147.0
India,"PLFS Year (Jul - Jun), 2019",Male,Rural + Urban,15-29 years,31,05-43,4.2,6.1,4.7,4.6,4.1,17.8,6.8,5.9,5.4,5.3,81670.0,3225.0
India,"PLFS Year (Jul - Jun), 2019",Male,Rural + Urban,15-29 years,31,45-99,3.5,7.4,7.0,7.1,8.4,17.3,20.3,34.7,11.7,9.7,149506.0,6665.0
India,"PLFS Year (Jul - Jun), 2019",Male,Rural + Urban,15-29 years,41,,1.0,0.2,0.2,0.1,0.1,0.0,0.0,0.1,0.1,0.2,2539.0,113.0
India,"PLFS Year (Jul - Jun), 2019",Male,Rural + Urban,15-29 years,51,01-03,11.5,10.3,5.2,2.5,1.4,1.0,0.6,0.3,1.6,3.9,60566.0,1540.0
India,"PLFS Year (Jul - Jun), 2019",Male,Rural + Urban,15-29 years,51,01-99,36.7,35.6,19.1,9.6,5.2,8.2,2.0,0.8,6.1,14.0,216113.0,6691.0
India,"PLFS Year (Jul - Jun), 2019",Male,Rural + Urban,15-29 years,51,05-43,23.3,22.3,12.1,6.0,3.1,5.1,1.1,0.2,3.7,8.7,135220.0,4381.0
India,"PLFS Year (Jul - Jun), 2019",Male,Rural + Urban,15-29 years,51,45-99,1.8,2.9,1.8,1.1,0.7,2.0,0.3,0.4,0.8,1.3,20326.0,770.0
India,"PLFS Year (Jul - Jun), 2019",Male,Rural + Urban,15-29 years,41 & 51,01-99,37.7,35.8,19.2,9.7,5.3,8.2,2.1,0.9,6.2,14.1,218652.0,6804.0
India,"PLFS Year (Jul - Jun), 2019",Male,Rural + Urban,15-29 years,11-51,01-03,32.9,27.8,20.8,12.3,12.5,9.4,10.5,9.6,11.8,16.8,259182.0,8007.0
India,"PLFS Year (Jul - Jun), 2019",Male,Rural + Urban,15-29 years,11-51,01-99,77.0,78.4,55.8,38.6,36.0,60.1,50.5,61.1,41.8,51.0,788269.0,28965.0
India,"PLFS Year (Jul - Jun), 2019",Male,Rural + Urban,15-29 years,11-51,05-43,31.5,32.4,20.0,12.9,8.7,26.1,9.8,8.7,11.1,16.6,256968.0,9156.0
India,"PLFS Year (Jul - Jun), 2019",Male,Rural + Urban,15-29 years,11-51,45-99,12.5,18.2,15.0,13.5,14.8,24.6,30.2,42.8,19.0,17.6,272120.0,11802.0
India,"PLFS Year (Jul - Jun), 2019",Male,Rural + Urban,15-29 years,81,,6.2,5.2,6.0,5.0,7.0,20.5,25.1,24.7,11.3,9.1,140281.0,6010.0
India,"PLFS Year (Jul - Jun), 2019",Male,Rural + Urban,15-29 years,11-81,,83.2,83.6,61.8,43.7,43.0,80.7,75.7,85.8,53.1,60.0,928550.0,34975.0
India,"PLFS Year (Jul - Jun), 2019",Male,Rural + Urban,15-29 years,UR,,7.5,6.2,9.8,11.5,16.3,25.5,33.2,28.8,21.2,15.1,,
India,"PLFS Year (Jul - Jun), 2019",Male,Rural + Urban,15-29 years,91,,1.7,11.7,34.9,54.9,55.8,18.2,22.7,12.9,45.5,37.1,573824.0,24366.0
India,"PLFS Year (Jul - Jun), 2019",Male,Rural + Urban,15-29 years,92,,1.1,1.1,1.1,0.7,0.6,0.9,1.1,1.0,0.8,0.9,13799.0,599.0
India,"PLFS Year (Jul - Jun), 2019",Male,Rural + Urban,15-29 years,93,,0.3,0.8,0.6,0.2,0.1,0.0,0.1,0.0,0.1,0.3,4548.0,161.0
India,"PLFS Year (Jul - Jun), 2019",Male,Rural + Urban,15-29 years,94,,0.2,0.2,0.2,0.0,0.0,0.0,0.1,0.0,0.0,0.1,1722.0,58.0
India,"PLFS Year (Jul - Jun), 2019",Male,Rural + Urban,15-29 years,95,,10.6,1.3,0.6,0.2,0.1,0.1,0.1,0.0,0.1,0.9,13718.0,411.0
India,"PLFS Year (Jul - Jun), 2019",Male,Rural + Urban,15-29 years,97,,3.0,1.3,0.8,0.4,0.4,0.1,0.3,0.2,0.3,0.7,10642.0,388.0
India,"PLFS Year (Jul - Jun), 2019",Male,Rural + Urban,15-29 years,99,,0.0,0.0,0.0,0.0,0.0,0.0,0.0,0.0,0.0,0.0,0.0,0.0
India,"PLFS Year (Jul - Jun), 2019",Male,Rural + Urban,15-29 years,91-99,,16.8,16.4,38.2,56.3,57.0,19.3,24.3,14.2,46.9,40.0,618253.0,25983.0
India,"PLFS Year (Jul - Jun), 2019",Male,Rural + Urban,15-29 years,11-99,,100.0,100.0,100.0,100.0,100.0,100.0,100.0,100.0,100.0,100.0,1546803.0,60958.0
India,"PLFS Year (Jul - Jun), 2019",Male,Rural + Urban,15 years and above,"11,12",01-03,29.3,23.8,18.0,13.7,9.8,5.2,7.8,5.2,10.2,17.5,733955.0,23538.0
India,"PLFS Year (Jul - Jun), 2019",Male,Rural + Urban,15 years and above,"11,12",01-96,39.8,39.8,34.0,29.1,22.6,19.3,24.7,21.1,25.2,32.1,1347072.0,49848.0
India,"PLFS Year (Jul - Jun), 2019",Male,Rural + Urban,15 years and above,"11,12",05-43,3.3,5.1,4.6,4.0,2.5,4.5,2.9,2.0,3.2,3.8,160722.0,6644.0
India,"PLFS Year (Jul - Jun), 2019",Male,Rural + Urban,15 years and above,"11,12",45-96,7.3,10.9,11.4,11.3,10.3,9.6,14.0,13.9,11.8,10.8,452395.0,19666.0
India,"PLFS Year (Jul - Jun), 2019",Male,Rural + Urban,15 years and above,21,01-03,3.0,4.3,6.2,4.9,6.6,3.6,4.1,2.6,5.0,4.8,201392.0,6512.0
India,"PLFS Year (Jul - Jun), 2019",Male,Rural + Urban,15 years and above,21,01-96,3.3,5.1,7.6,6.3,8.5,4.9,6.9,4.4,6.9,6.1,257110.0,8988.0
India,"PLFS Year (Jul - Jun), 2019",Male,Rural + Urban,15 years and above,21,05-43,0.1,0.3,0.4,0.5,0.5,0.5,0.6,0.6,0.5,0.4,15190.0,683.0
India,"PLFS Year (Jul - Jun), 2019",Male,Rural + Urban,15 years and above,21,45-96,0.2,0.5,1.0,0.9,1.5,0.9,2.3,1.2,1.4,1.0,40527.0,1793.0
India,"PLFS Year (Jul - Jun), 2019",Male,Rural + Urban,15 years and above,11-21,01-03,32.3,28.1,24.2,18.7,16.3,8.8,11.8,7.8,15.2,22.3,935347.0,30050.0
India,"PLFS Year (Jul - Jun), 2019",Male,Rural + Urban,15 years and above,11-21,01-96,43.1,44.9,41.5,35.4,31.1,24.3,31.6,25.5,32.1,38.2,1604181.0,58836.0
India,"PLFS Year (Jul - Jun), 2019",Male,Rural + Urban,15 years and above,11-21,05-43,3.4,5.3,4.9,4.5,3.0,5.0,3.5,2.5,3.7,4.2,175912.0,7327.0
India,"PLFS Year (Jul - Jun), 2019",Male,Rural + Urban,15 years and above,11-21,45-96,7.5,11.4,12.4,12.2,11.8,10.5,16.3,15.2,13.1,11.7,492922.0,21459.0
India,"PLFS Year (Jul - Jun), 2019",Male,Rural + Urban,15 years and above,31,01-03,0.4,0.6,0.5,0.4,0.6,0.8,0.6,0.6,0.6,0.5,22373.0,976.0
India,"PLFS Year (Jul - Jun), 2019",Male,Rural + Urban,15 years and above,31,01-99,5.2,11.8,15.1,17.4,19.2,42.4,36.0,52.1,25.7,17.5,736788.0,33142.0
India,"PLFS Year (Jul - Jun), 2019",Male,Rural + Urban,15 years and above,31,05-43,2.0,4.8,5.6,6.2,5.5,21.6,8.4,6.8,7.2,5.5,232450.0,9286.0
India,"PLFS Year (Jul - Jun), 2019",Male,Rural + Urban,15 years and above,31,45-99,2.8,6.4,9.0,10.8,13.1,20.0,27.0,44.7,18.0,11.5,481965.0,22880.0
India,"PLFS Year (Jul - Jun), 2019",Male,Rural + Urban,15 years and above,41,,0.6,0.3,0.2,0.1,0.1,0.0,0.0,0.0,0.1,0.2,9689.0,414.0
India,"PLFS Year (Jul - Jun), 2019",Male,Rural + Urban,15 years and above,51,01-03,14.4,10.4,5.6,3.2,1.9,1.0,0.7,0.2,1.9,6.3,265052.0,6485.0
India,"PLFS Year (Jul - Jun), 2019",Male,Rural + Urban,15 years and above,51,01-99,30.0,28.5,19.1,10.9,6.0,6.4,2.0,0.7,6.5,17.0,712862.0,21986.0
India,"PLFS Year (Jul - Jun), 2019",Male,Rural + Urban,15 years and above,51,05-43,14.3,15.8,11.7,6.5,3.5,4.1,1.0,0.3,3.8,9.3,391855.0,13224.0
India,"PLFS Year (Jul - Jun), 2019",Male,Rural + Urban,15 years and above,51,45-99,1.3,2.2,1.8,1.2,0.7,1.3,0.3,0.2,0.8,1.3,55955.0,2277.0
India,"PLFS Year (Jul - Jun), 2019",Male,Rural + Urban,15 years and above,41 & 51,01-99,30.6,28.7,19.3,11.0,6.1,6.4,2.0,0.7,6.6,17.2,722551.0,22400.0
India,"PLFS Year (Jul - Jun), 2019",Male,Rural + Urban,15 years and above,11-51,01-03,47.1,39.2,30.3,22.3,18.8,10.6,13.2,8.7,17.7,29.1,1222772.0,37511.0
India,"PLFS Year (Jul - Jun), 2019",Male,Rural + Urban,15 years and above,11-51,01-99,78.9,85.4,76.0,63.8,56.5,73.1,69.6,78.4,64.4,73.0,3063520.0,114378.0
India,"PLFS Year (Jul - Jun), 2019",Male,Rural + Urban,15 years and above,11-51,05-43,20.2,26.1,22.4,17.3,12.1,30.8,12.9,9.7,14.8,19.3,809906.0,30251.0
India,"PLFS Year (Jul - Jun), 2019",Male,Rural + Urban,15 years and above,11-51,45-99,11.6,20.1,23.3,24.1,25.6,31.8,43.5,60.0,31.9,24.5,1030842.0,46616.0
India,"PLFS Year (Jul - Jun), 2019",Male,Rural + Urban,15 years and above,81,,0.9,1.5,3.0,2.8,4.7,11.6,12.4,8.6,6.4,3.9,162927.0,7193.0
India,"PLFS Year (Jul - Jun), 2019",Male,Rural + Urban,15 years and above,11-81,,79.8,86.9,79.0,66.6,61.2,84.7,82.0,87.0,70.8,76.8,3226447.0,121571.0
India,"PLFS Year (Jul - Jun), 2019",Male,Rural + Urban,15 years and above,UR,,1.1,1.7,3.7,4.2,7.8,13.7,15.2,9.9,9.0,5.0,,
India,"PLFS Year (Jul - Jun), 2019",Male,Rural + Urban,15 years and above,91,,0.3,2.7,14.8,26.5,34.0,9.3,10.1,3.7,22.6,13.7,576686.0,24474.0
India,"PLFS Year (Jul - Jun), 2019",Male,Rural + Urban,15 years and above,92,,1.1,0.9,0.8,0.6,0.6,0.8,0.8,0.5,0.6,0.8,32778.0,1474.0
India,"PLFS Year (Jul - Jun), 2019",Male,Rural + Urban,15 years and above,93,,0.4,0.4,0.3,0.1,0.1,0.0,0.0,0.2,0.1,0.2,9990.0,416.0
India,"PLFS Year (Jul - Jun), 2019",Male,Rural + Urban,15 years and above,94,,9.7,5.3,3.1,4.5,3.3,4.2,6.3,8.0,4.8,5.3,224238.0,8955.0
India,"PLFS Year (Jul - Jun), 2019",Male,Rural + Urban,15 years and above,95,,4.0,1.7,1.0,0.7,0.3,0.2,0.2,0.3,0.4,1.4,58561.0,2091.0
India,"PLFS Year (Jul - Jun), 2019",Male,Rural + Urban,15 years and above,97,,4.7,2.1,1.1,1.0,0.5,0.8,0.5,0.4,0.7,1.7,70578.0,2453.0
India,"PLFS Year (Jul - Jun), 2019",Male,Rural + Urban,15 years and above,99,,0.0,0.0,0.0,0.0,0.0,0.0,0.0,0.0,0.0,0.0,0.0,0.0
India,"PLFS Year (Jul - Jun), 2019",Male,Rural + Urban,15 years and above,91-99,,20.2,13.1,21.0,33.4,38.8,15.3,18.0,13.0,29.2,23.2,972831.0,39863.0
India,"PLFS Year (Jul - Jun), 2019",Male,Rural + Urban,15 years and above,11-99,,100.0,100.0,100.0,100.0,100.0,100.0,100.0,100.0,100.0,100.0,4199278.0,161434.0
India,"PLFS Year (Jul - Jun), 2019",Male,Rural + Urban,all ages,"11,12",01-03,16.8,11.0,15.9,13.7,9.8,5.2,7.8,5.2,10.2,12.9,734440.0,23546.0
India,"PLFS Year (Jul - Jun), 2019",Male,Rural + Urban,all ages,"11,12",01-96,22.8,18.4,29.9,28.9,22.6,19.3,24.7,21.1,25.1,23.7,1347717.0,49864.0
India,"PLFS Year (Jul - Jun), 2019",Male,Rural + Urban,all ages,"11,12",05-43,1.9,2.3,4.0,4.0,2.5,4.5,2.9,2.0,3.2,2.8,160751.0,6646.0
India,"PLFS Year (Jul - Jun), 2019",Male,Rural + Urban,all ages,"11,12",45-96,4.2,5.0,10.0,11.3,10.3,9.6,14.0,13.9,11.7,7.9,452526.0,19672.0
India,"PLFS Year (Jul - Jun), 2019",Male,Rural + Urban,all ages,21,01-03,1.8,2.1,5.5,4.9,6.6,3.6,4.1,2.6,5.0,3.6,203818.0,6581.0
India,"PLFS Year (Jul - Jun), 2019",Male,Rural + Urban,all ages,21,01-96,1.9,2.4,6.7,6.2,8.5,4.9,6.9,4.4,6.9,4.6,260103.0,9073.0
India,"PLFS Year (Jul - Jun), 2019",Male,Rural + Urban,all ages,21,05-43,0.1,0.1,0.3,0.5,0.5,0.5,0.6,0.6,0.5,0.3,15482.0,690.0
India,"PLFS Year (Jul - Jun), 2019",Male,Rural + Urban,all ages,21,45-96,0.1,0.2,0.9,0.9,1.5,0.9,2.3,1.2,1.4,0.7,40803.0,1802.0
India,"PLFS Year (Jul - Jun), 2019",Male,Rural + Urban,all ages,11-21,01-03,18.5,13.1,21.4,18.6,16.3,8.8,11.8,7.8,15.2,16.5,938258.0,30127.0
India,"PLFS Year (Jul - Jun), 2019",Male,Rural + Urban,all ages,11-21,01-96,24.7,20.8,36.7,35.2,31.1,24.3,31.6,25.5,32.0,28.2,1607819.0,58937.0
India,"PLFS Year (Jul - Jun), 2019",Male,Rural + Urban,all ages,11-21,05-43,1.9,2.5,4.4,4.5,3.0,5.0,3.5,2.5,3.7,3.1,176233.0,7336.0
India,"PLFS Year (Jul - Jun), 2019",Male,Rural + Urban,all ages,11-21,45-96,4.3,5.3,11.0,12.1,11.8,10.5,16.3,15.2,13.1,8.7,493329.0,21474.0
India,"PLFS Year (Jul - Jun), 2019",Male,Rural + Urban,all ages,31,01-03,0.2,0.3,0.4,0.4,0.6,0.8,0.6,0.6,0.6,0.4,22373.0,976.0
India,"PLFS Year (Jul - Jun), 2019",Male,Rural + Urban,all ages,31,01-99,3.0,5.5,13.4,17.3,19.2,42.4,36.0,52.1,25.7,13.0,737910.0,33171.0
India,"PLFS Year (Jul - Jun), 2019",Male,Rural + Urban,all ages,31,05-43,1.1,2.2,4.9,6.2,5.5,21.6,8.4,6.8,7.2,4.1,232598.0,9291.0
India,"PLFS Year (Jul - Jun), 2019",Male,Rural + Urban,all ages,31,45-99,1.6,3.0,8.0,10.7,13.1,20.0,27.0,44.7,17.9,8.5,482940.0,22904.0
India,"PLFS Year (Jul - Jun), 2019",Male,Rural + Urban,all ages,41,,0.3,0.1,0.2,0.1,0.1,0.0,0.0,0.0,0.1,0.2,9689.0,414.0
India,"PLFS Year (Jul - Jun), 2019",Male,Rural + Urban,all ages,51,01-03,8.3,4.8,5.0,3.2,1.9,1.0,0.7,0.2,1.9,4.7,265471.0,6493.0
India,"PLFS Year (Jul - Jun), 2019",Male,Rural + Urban,all ages,51,01-99,17.2,13.1,16.9,10.8,6.0,6.4,2.0,0.7,6.5,12.5,714049.0,22015.0
India,"PLFS Year (Jul - Jun), 2019",Male,Rural + Urban,all ages,51,05-43,8.2,7.3,10.3,6.5,3.5,4.1,1.0,0.3,3.8,6.9,392522.0,13239.0
India,"PLFS Year (Jul - Jun), 2019",Male,Rural + Urban,all ages,51,45-99,0.8,1.0,1.6,1.2,0.7,1.3,0.3,0.2,0.8,1.0,56055.0,2283.0
India,"PLFS Year (Jul - Jun), 2019",Male,Rural + Urban,all ages,41 & 51,01-99,17.6,13.3,17.0,11.0,6.1,6.4,2.0,0.7,6.6,12.7,723738.0,22429.0
India,"PLFS Year (Jul - Jun), 2019",Male,Rural + Urban,all ages,11-51,01-03,27.0,18.2,26.8,22.2,18.8,10.6,13.2,8.7,17.7,21.5,1226102.0,37596.0
India,"PLFS Year (Jul - Jun), 2019",Male,Rural + Urban,all ages,11-51,01-99,45.3,39.6,67.1,63.5,56.5,73.1,69.6,78.4,64.3,53.9,3069467.0,114537.0
India,"PLFS Year (Jul - Jun), 2019",Male,Rural + Urban,all ages,11-51,05-43,11.6,12.1,19.8,17.3,12.1,30.8,12.9,9.7,14.7,14.2,811042.0,30280.0
India,"PLFS Year (Jul - Jun), 2019",Male,Rural + Urban,all ages,11-51,45-99,6.7,9.3,20.5,24.0,25.6,31.8,43.5,60.0,31.8,18.1,1032324.0,46661.0
India,"PLFS Year (Jul - Jun), 2019",Male,Rural + Urban,all ages,81,,0.5,0.8,2.6,2.8,4.7,11.6,12.4,8.6,6.4,2.9,164922.0,7232.0
India,"PLFS Year (Jul - Jun), 2019",Male,Rural + Urban,all ages,11-81,,45.8,40.3,69.7,66.3,61.2,84.7,82.0,87.0,70.6,56.8,3234389.0,121769.0
India,"PLFS Year (Jul - Jun), 2019",Male,Rural + Urban,all ages,UR,,1.1,1.9,3.8,4.3,7.8,13.7,15.2,9.9,9.0,5.1,,
India,"PLFS Year (Jul - Jun), 2019",Male,Rural + Urban,all ages,91,,6.3,53.4,24.6,26.9,34.0,9.3,10.1,3.7,22.8,27.8,1581514.0,59838.0
India,"PLFS Year (Jul - Jun), 2019",Male,Rural + Urban,all ages,92,,0.7,0.5,0.7,0.6,0.6,0.8,0.8,0.5,0.6,0.6,36224.0,1588.0
India,"PLFS Year (Jul - Jun), 2019",Male,Rural + Urban,all ages,93,,0.2,0.2,0.3,0.1,0.1,0.0,0.0,0.2,0.1,0.2,10624.0,433.0
India,"PLFS Year (Jul - Jun), 2019",Male,Rural + Urban,all ages,94,,5.6,2.4,2.7,4.5,3.3,4.2,6.3,8.0,4.8,3.9,224566.0,8963.0
India,"PLFS Year (Jul - Jun), 2019",Male,Rural + Urban,all ages,95,,2.5,0.8,0.9,0.7,0.3,0.2,0.2,0.3,0.4,1.1,61743.0,2191.0
India,"PLFS Year (Jul - Jun), 2019",Male,Rural + Urban,all ages,97,,5.7,1.4,1.1,0.9,0.5,0.8,0.5,0.4,0.7,2.0,116048.0,3550.0
India,"PLFS Year (Jul - Jun), 2019",Male,Rural + Urban,all ages,99,,33.1,1.0,0.0,0.0,0.0,0.0,0.0,0.0,0.0,7.6,430415.0,14795.0
India,"PLFS Year (Jul - Jun), 2019",Male,Rural + Urban,all ages,91-99,,54.2,59.7,30.3,33.7,38.8,15.3,18.0,13.0,29.4,43.2,2461134.0,91358.0
India,"PLFS Year (Jul - Jun), 2019",Male,Rural + Urban,all ages,11-99,,100.0,100.0,100.0,100.0,100.0,100.0,100.0,100.0,100.0,100.0,5695524.0,213127.0
India,"PLFS Year (Jul - Jun), 2019",Female,Rural + Urban,15-29 years,"11,12",01-03,2.3,1.9,0.7,0.4,0.4,0.5,0.4,0.1,0.4,0.8,11883.0,485.0
India,"PLFS Year (Jul - Jun), 2019",Female,Rural + Urban,15-29 years,"11,12",01-96,3.5,4.0,2.8,2.3,2.3,3.6,3.3,2.8,2.6,2.9,42101.0,1918.0
India,"PLFS Year (Jul - Jun), 2019",Female,Rural + Urban,15-29 years,"11,12",05-43,1.1,1.7,1.8,1.6,1.2,1.4,1.1,0.4,1.3,1.4,20720.0,936.0
India,"PLFS Year (Jul - Jun), 2019",Female,Rural + Urban,15-29 years,"11,12",45-96,0.2,0.5,0.3,0.3,0.7,1.6,1.8,2.3,0.9,0.7,9497.0,497.0
India,"PLFS Year (Jul - Jun), 2019",Female,Rural + Urban,15-29 years,21,01-03,12.9,9.4,7.2,4.0,3.5,3.6,1.8,1.7,3.2,5.8,84336.0,2724.0
India,"PLFS Year (Jul - Jun), 2019",Female,Rural + Urban,15-29 years,21,01-96,14.0,10.5,7.9,4.7,4.0,4.4,2.4,2.6,3.9,6.6,95665.0,3198.0
India,"PLFS Year (Jul - Jun), 2019",Female,Rural + Urban,15-29 years,21,05-43,0.6,0.8,0.3,0.4,0.3,0.2,0.2,0.2,0.3,0.4,5818.0,208.0
India,"PLFS Year (Jul - Jun), 2019",Female,Rural + Urban,15-29 years,21,45-96,0.4,0.4,0.4,0.4,0.3,0.6,0.5,0.7,0.4,0.4,5511.0,266.0
India,"PLFS Year (Jul - Jun), 2019",Female,Rural + Urban,15-29 years,11-21,01-03,15.2,11.3,7.9,4.4,3.9,4.1,2.1,1.8,3.6,6.6,96219.0,3209.0
India,"PLFS Year (Jul - Jun), 2019",Female,Rural + Urban,15-29 years,11-21,01-96,17.4,14.6,10.7,7.0,6.3,8.0,5.7,5.5,6.4,9.4,137766.0,5116.0
India,"PLFS Year (Jul - Jun), 2019",Female,Rural + Urban,15-29 years,11-21,05-43,1.7,2.5,2.1,2.0,1.5,1.6,1.3,0.6,1.6,1.8,26538.0,1144.0
India,"PLFS Year (Jul - Jun), 2019",Female,Rural + Urban,15-29 years,11-21,45-96,0.6,0.8,0.7,0.7,1.0,2.2,2.3,3.1,1.3,1.0,15009.0,763.0
India,"PLFS Year (Jul - Jun), 2019",Female,Rural + Urban,15-29 years,31,01-03,0.7,0.5,0.1,0.1,0.1,0.0,0.2,0.2,0.1,0.2,2871.0,96.0
India,"PLFS Year (Jul - Jun), 2019",Female,Rural + Urban,15-29 years,31,01-99,2.3,2.5,1.9,2.1,3.3,22.1,14.3,25.4,6.8,4.7,68703.0,3078.0
India,"PLFS Year (Jul - Jun), 2019",Female,Rural + Urban,15-29 years,31,05-43,0.4,0.6,0.7,0.6,0.5,2.4,2.2,1.1,1.0,0.8,12007.0,417.0
India,"PLFS Year (Jul - Jun), 2019",Female,Rural + Urban,15-29 years,31,45-99,1.3,1.4,1.1,1.4,2.7,19.6,11.9,24.1,5.7,3.7,53825.0,2565.0
India,"PLFS Year (Jul - Jun), 2019",Female,Rural + Urban,15-29 years,41,,0.3,0.3,0.3,0.1,0.2,0.0,0.0,0.2,0.1,0.2,2818.0,89.0
India,"PLFS Year (Jul - Jun), 2019",Female,Rural + Urban,15-29 years,51,01-03,6.0,5.3,2.8,1.4,0.8,0.4,0.2,0.0,0.8,2.3,33652.0,793.0
India,"PLFS Year (Jul - Jun), 2019",Female,Rural + Urban,15-29 years,51,01-99,9.2,7.4,3.7,1.8,0.9,0.4,0.3,0.1,1.0,3.2,46876.0,1132.0
India,"PLFS Year (Jul - Jun), 2019",Female,Rural + Urban,15-29 years,51,05-43,3.1,2.0,0.9,0.3,0.1,0.0,0.0,0.0,0.2,0.8,12211.0,298.0
India,"PLFS Year (Jul - Jun), 2019",Female,Rural + Urban,15-29 years,51,45-99,0.1,0.1,0.1,0.1,0.0,0.0,0.1,0.1,0.1,0.1,1012.0,41.0
India,"PLFS Year (Jul - Jun), 2019",Female,Rural + Urban,15-29 years,41 & 51,01-99,9.5,7.8,4.0,1.9,1.1,0.4,0.3,0.3,1.2,3.4,49694.0,1221.0
India,"PLFS Year (Jul - Jun), 2019",Female,Rural + Urban,15-29 years,11-51,01-03,21.9,17.1,10.7,5.8,4.8,4.5,2.5,2.0,4.5,9.1,132742.0,4098.0
India,"PLFS Year (Jul - Jun), 2019",Female,Rural + Urban,15-29 years,11-51,01-99,29.3,24.8,16.6,11.1,10.8,30.4,20.3,31.2,14.4,17.6,256163.0,9415.0
India,"PLFS Year (Jul - Jun), 2019",Female,Rural + Urban,15-29 years,11-51,05-43,5.4,5.4,4.0,3.1,2.3,4.0,3.5,1.9,2.8,3.7,53574.0,1948.0
India,"PLFS Year (Jul - Jun), 2019",Female,Rural + Urban,15-29 years,11-51,45-99,1.9,2.3,1.8,2.2,3.7,21.9,14.3,27.3,7.1,4.8,69846.0,3369.0
India,"PLFS Year (Jul - Jun), 2019",Female,Rural + Urban,15-29 years,81,,0.1,0.5,0.8,0.9,2.0,12.7,13.0,17.4,5.0,3.0,43952.0,2327.0
India,"PLFS Year (Jul - Jun), 2019",Female,Rural + Urban,15-29 years,11-81,,29.4,25.2,17.4,12.0,12.7,43.1,33.3,48.6,19.4,20.6,300115.0,11742.0
India,"PLFS Year (Jul - Jun), 2019",Female,Rural + Urban,15-29 years,UR,,0.4,1.8,4.9,7.5,15.4,29.5,39.1,35.8,25.8,14.6,,
India,"PLFS Year (Jul - Jun), 2019",Female,Rural + Urban,15-29 years,91,,0.5,10.5,29.2,50.3,50.2,17.8,20.3,11.3,41.1,30.8,449673.0,19487.0
India,"PLFS Year (Jul - Jun), 2019",Female,Rural + Urban,15-29 years,92,,42.2,41.5,36.8,27.6,28.1,31.3,37.3,32.3,30.2,34.2,499467.0,18416.0
India,"PLFS Year (Jul - Jun), 2019",Female,Rural + Urban,15-29 years,93,,23.2,21.4,15.8,9.3,8.5,6.7,8.7,7.4,8.7,13.3,194011.0,5899.0
India,"PLFS Year (Jul - Jun), 2019",Female,Rural + Urban,15-29 years,94,,1.8,0.4,0.5,0.4,0.2,0.1,0.1,0.2,0.2,0.5,6674.0,176.0
India,"PLFS Year (Jul - Jun), 2019",Female,Rural + Urban,15-29 years,95,,1.9,0.5,0.2,0.2,0.0,0.0,0.0,0.0,0.1,0.3,4931.0,204.0
India,"PLFS Year (Jul - Jun), 2019",Female,Rural + Urban,15-29 years,97,,0.9,0.4,0.2,0.2,0.3,0.9,0.2,0.1,0.2,0.3,4526.0,180.0
India,"PLFS Year (Jul - Jun), 2019",Female,Rural + Urban,15-29 years,99,,0.0,0.0,0.0,0.0,0.0,0.0,0.0,0.0,0.0,0.0,0.0,0.0
India,"PLFS Year (Jul - Jun), 2019",Female,Rural + Urban,15-29 years,91-99,,70.6,74.8,82.6,88.0,87.3,56.9,66.7,51.4,80.6,79.4,1159282.0,44362.0
India,"PLFS Year (Jul - Jun), 2019",Female,Rural + Urban,15-29 years,11-99,,100.0,100.0,100.0,100.0,100.0,100.0,100.0,100.0,100.0,100.0,1459397.0,56104.0
India,"PLFS Year (Jul - Jun), 2019",Female,Rural + Urban,15 years and above,"11,12",01-03,5.1,4.0,2.3,1.9,1.0,1.9,0.6,0.1,1.2,3.1,130202.0,5402.0
India,"PLFS Year (Jul - Jun), 2019",Female,Rural + Urban,15 years and above,"11,12",01-96,7.1,7.7,5.6,5.1,4.1,8.6,4.6,4.1,4.7,6.1,255159.0,11233.0
India,"PLFS Year (Jul - Jun), 2019",Female,Rural + Urban,15 years and above,"11,12",05-43,1.1,2.5,2.3,2.2,1.8,2.8,1.2,0.6,1.7,1.7,72637.0,3166.0
India,"PLFS Year (Jul - Jun), 2019",Female,Rural + Urban,15 years and above,"11,12",45-96,0.9,1.2,1.0,1.1,1.3,4.0,2.8,3.4,1.8,1.3,52319.0,2665.0
India,"PLFS Year (Jul - Jun), 2019",Female,Rural + Urban,15 years and above,21,01-03,14.0,10.6,8.3,4.9,3.8,3.3,1.4,1.2,3.4,9.0,372409.0,12205.0
India,"PLFS Year (Jul - Jun), 2019",Female,Rural + Urban,15 years and above,21,01-96,14.8,12.1,9.5,6.1,4.7,4.4,2.4,2.2,4.5,10.0,417156.0,14117.0
India,"PLFS Year (Jul - Jun), 2019",Female,Rural + Urban,15 years and above,21,05-43,0.4,0.6,0.4,0.4,0.3,0.1,0.3,0.1,0.3,0.4,16889.0,619.0
India,"PLFS Year (Jul - Jun), 2019",Female,Rural + Urban,15 years and above,21,45-96,0.4,0.8,0.8,0.8,0.6,1.0,0.8,0.9,0.7,0.7,27858.0,1293.0
India,"PLFS Year (Jul - Jun), 2019",Female,Rural + Urban,15 years and above,11-21,01-03,19.0,14.6,10.6,6.8,4.8,5.2,2.1,1.3,4.6,12.1,502611.0,17607.0
India,"PLFS Year (Jul - Jun), 2019",Female,Rural + Urban,15 years and above,11-21,01-96,21.9,19.8,15.1,11.2,8.8,13.1,7.0,6.4,9.1,16.2,672314.0,25350.0
India,"PLFS Year (Jul - Jun), 2019",Female,Rural + Urban,15 years and above,11-21,05-43,1.5,3.1,2.7,2.6,2.1,2.9,1.4,0.8,2.0,2.2,89527.0,3785.0
India,"PLFS Year (Jul - Jun), 2019",Female,Rural + Urban,15 years and above,11-21,45-96,1.4,2.0,1.8,1.9,1.8,5.0,3.5,4.3,2.5,1.9,80177.0,3958.0
India,"PLFS Year (Jul - Jun), 2019",Female,Rural + Urban,15 years and above,31,01-03,0.4,0.5,0.2,0.2,0.2,0.0,0.2,0.1,0.2,0.3,12420.0,415.0
India,"PLFS Year (Jul - Jun), 2019",Female,Rural + Urban,15 years and above,31,01-99,2.9,4.1,4.1,4.5,5.9,24.3,16.7,31.5,10.3,5.8,239183.0,11018.0
India,"PLFS Year (Jul - Jun), 2019",Female,Rural + Urban,15 years and above,31,05-43,0.5,0.7,1.0,0.8,0.7,2.4,1.7,1.1,1.0,0.8,33763.0,1227.0
India,"PLFS Year (Jul - Jun), 2019",Female,Rural + Urban,15 years and above,31,45-99,2.0,2.9,2.9,3.5,5.0,21.8,14.8,30.3,9.2,4.6,192999.0,9376.0
India,"PLFS Year (Jul - Jun), 2019",Female,Rural + Urban,15 years and above,41,,1.0,0.9,0.7,0.3,0.2,0.3,0.0,0.1,0.2,0.7,27488.0,993.0
India,"PLFS Year (Jul - Jun), 2019",Female,Rural + Urban,15 years and above,51,01-03,8.9,6.1,3.4,1.6,0.8,0.4,0.2,0.0,0.9,4.8,200640.0,4985.0
India,"PLFS Year (Jul - Jun), 2019",Female,Rural + Urban,15 years and above,51,01-99,11.0,8.0,4.5,2.1,1.0,0.5,0.3,0.2,1.2,6.1,255475.0,6704.0
India,"PLFS Year (Jul - Jun), 2019",Female,Rural + Urban,15 years and above,51,05-43,1.9,1.7,0.9,0.3,0.2,0.0,0.1,0.0,0.2,1.1,47300.0,1390.0
India,"PLFS Year (Jul - Jun), 2019",Female,Rural + Urban,15 years and above,51,45-99,0.2,0.3,0.2,0.1,0.0,0.1,0.1,0.1,0.1,0.2,7535.0,329.0
India,"PLFS Year (Jul - Jun), 2019",Female,Rural + Urban,15 years and above,41 & 51,01-99,12.0,8.9,5.2,2.4,1.2,0.8,0.4,0.3,1.3,6.8,282962.0,7697.0
India,"PLFS Year (Jul - Jun), 2019",Female,Rural + Urban,15 years and above,11-51,01-03,28.3,21.2,14.2,8.5,5.8,5.6,2.4,1.5,5.6,17.2,715671.0,23007.0
India,"PLFS Year (Jul - Jun), 2019",Female,Rural + Urban,15 years and above,11-51,01-99,36.8,32.8,24.4,18.0,15.8,38.2,24.1,38.1,20.8,28.7,1194460.0,44065.0
India,"PLFS Year (Jul - Jun), 2019",Female,Rural + Urban,15 years and above,11-51,05-43,4.9,6.5,5.3,4.0,3.2,5.6,3.3,1.9,3.4,4.8,198077.0,7395.0
India,"PLFS Year (Jul - Jun), 2019",Female,Rural + Urban,15 years and above,11-51,45-99,3.6,5.2,4.9,5.5,6.9,26.9,18.4,34.7,11.7,6.8,280711.0,13663.0
India,"PLFS Year (Jul - Jun), 2019",Female,Rural + Urban,15 years and above,81,,0.0,0.2,0.5,0.6,1.5,7.7,7.9,9.1,3.4,1.2,51757.0,2857.0
India,"PLFS Year (Jul - Jun), 2019",Female,Rural + Urban,15 years and above,11-81,,36.8,33.1,24.9,18.7,17.3,45.9,32.0,47.2,24.2,30.0,1246217.0,46922.0
India,"PLFS Year (Jul - Jun), 2019",Female,Rural + Urban,15 years and above,UR,,0.1,0.7,1.9,3.4,8.8,16.8,24.6,19.2,14.1,4.2,,
India,"PLFS Year (Jul - Jun), 2019",Female,Rural + Urban,15 years and above,91,,0.2,2.8,14.0,28.9,34.6,8.9,11.1,5.0,24.2,10.9,454555.0,19691.0
India,"PLFS Year (Jul - Jun), 2019",Female,Rural + Urban,15 years and above,92,,30.8,40.5,42.8,39.0,36.7,36.1,45.6,37.7,39.6,37.4,1556437.0,61063.0
India,"PLFS Year (Jul - Jun), 2019",Female,Rural + Urban,15 years and above,93,,16.6,17.3,15.5,10.5,9.9,5.0,8.5,7.0,9.4,14.2,590400.0,19415.0
India,"PLFS Year (Jul - Jun), 2019",Female,Rural + Urban,15 years and above,94,,9.6,4.3,2.1,2.2,1.0,3.5,2.3,2.8,1.9,4.9,204114.0,7873.0
India,"PLFS Year (Jul - Jun), 2019",Female,Rural + Urban,15 years and above,95,,1.9,0.8,0.3,0.4,0.1,0.1,0.1,0.1,0.2,0.9,36344.0,1343.0
India,"PLFS Year (Jul - Jun), 2019",Female,Rural + Urban,15 years and above,97,,4.0,1.2,0.4,0.4,0.3,0.5,0.3,0.3,0.3,1.7,70402.0,2340.0
India,"PLFS Year (Jul - Jun), 2019",Female,Rural + Urban,15 years and above,99,,0.0,0.0,0.0,0.0,0.0,0.0,0.0,0.0,0.0,0.0,0.0,0.0
India,"PLFS Year (Jul - Jun), 2019",Female,Rural + Urban,15 years and above,91-99,,63.2,66.9,75.1,81.3,82.7,54.1,68.0,52.8,75.8,70.0,2912253.0,111725.0
India,"PLFS Year (Jul - Jun), 2019",Female,Rural + Urban,15 years and above,11-99,,100.0,100.0,100.0,100.0,100.0,100.0,100.0,100.0,100.0,100.0,4158470.0,158647.0
India,"PLFS Year (Jul - Jun), 2019",Female,Rural + Urban,all ages,"11,12",01-03,3.7,2.0,2.0,1.8,1.0,1.9,0.6,0.1,1.2,2.4,130230.0,5403.0
India,"PLFS Year (Jul - Jun), 2019",Female,Rural + Urban,all ages,"11,12",01-96,5.2,3.8,4.9,5.0,4.1,8.6,4.6,4.1,4.6,4.7,255351.0,11239.0
India,"PLFS Year (Jul - Jun), 2019",Female,Rural + Urban,all ages,"11,12",05-43,0.8,1.2,2.0,2.1,1.8,2.8,1.2,0.6,1.7,1.3,72745.0,3169.0
India,"PLFS Year (Jul - Jun), 2019",Female,Rural + Urban,all ages,"11,12",45-96,0.7,0.6,0.9,1.0,1.3,4.0,2.8,3.4,1.8,1.0,52376.0,2667.0
India,"PLFS Year (Jul - Jun), 2019",Female,Rural + Urban,all ages,21,01-03,10.3,5.3,7.3,4.9,3.8,3.3,1.4,1.2,3.4,6.8,374439.0,12244.0
India,"PLFS Year (Jul - Jun), 2019",Female,Rural + Urban,all ages,21,01-96,10.9,6.0,8.3,6.1,4.7,4.4,2.4,2.2,4.5,7.7,419689.0,14171.0
India,"PLFS Year (Jul - Jun), 2019",Female,Rural + Urban,all ages,21,05-43,0.3,0.3,0.4,0.4,0.3,0.1,0.3,0.1,0.3,0.3,17392.0,634.0
India,"PLFS Year (Jul - Jun), 2019",Female,Rural + Urban,all ages,21,45-96,0.3,0.4,0.7,0.8,0.6,1.0,0.8,0.9,0.7,0.5,27858.0,1293.0
India,"PLFS Year (Jul - Jun), 2019",Female,Rural + Urban,all ages,11-21,01-03,14.0,7.2,9.3,6.7,4.8,5.2,2.1,1.3,4.6,9.2,504669.0,17647.0
India,"PLFS Year (Jul - Jun), 2019",Female,Rural + Urban,all ages,11-21,01-96,16.1,9.8,13.2,11.1,8.8,13.1,7.0,6.4,9.1,12.3,675040.0,25410.0
India,"PLFS Year (Jul - Jun), 2019",Female,Rural + Urban,all ages,11-21,05-43,1.1,1.6,2.4,2.6,2.1,2.9,1.4,0.8,2.0,1.6,90136.0,3803.0
India,"PLFS Year (Jul - Jun), 2019",Female,Rural + Urban,all ages,11-21,45-96,1.0,1.0,1.6,1.9,1.8,5.0,3.5,4.3,2.5,1.5,80234.0,3960.0
India,"PLFS Year (Jul - Jun), 2019",Female,Rural + Urban,all ages,31,01-03,0.3,0.2,0.2,0.2,0.2,0.0,0.2,0.1,0.2,0.2,12420.0,415.0
India,"PLFS Year (Jul - Jun), 2019",Female,Rural + Urban,all ages,31,01-99,2.1,2.0,3.6,4.4,5.9,24.3,16.7,31.5,10.3,4.4,239415.0,11029.0
India,"PLFS Year (Jul - Jun), 2019",Female,Rural + Urban,all ages,31,05-43,0.4,0.4,0.9,0.8,0.7,2.4,1.7,1.1,1.0,0.6,33883.0,1231.0
India,"PLFS Year (Jul - Jun), 2019",Female,Rural + Urban,all ages,31,45-99,1.4,1.4,2.6,3.5,5.0,21.8,14.8,30.3,9.1,3.5,193112.0,9383.0
India,"PLFS Year (Jul - Jun), 2019",Female,Rural + Urban,all ages,41,,0.7,0.4,0.6,0.3,0.2,0.3,0.0,0.1,0.2,0.5,27488.0,993.0
India,"PLFS Year (Jul - Jun), 2019",Female,Rural + Urban,all ages,51,01-03,6.5,3.0,3.0,1.6,0.8,0.4,0.2,0.0,0.9,3.7,201028.0,4994.0
India,"PLFS Year (Jul - Jun), 2019",Female,Rural + Urban,all ages,51,01-99,8.1,4.0,3.9,2.1,1.0,0.5,0.3,0.2,1.2,4.7,256072.0,6717.0
India,"PLFS Year (Jul - Jun), 2019",Female,Rural + Urban,all ages,51,05-43,1.4,0.8,0.8,0.3,0.2,0.0,0.1,0.0,0.2,0.9,47417.0,1392.0
India,"PLFS Year (Jul - Jun), 2019",Female,Rural + Urban,all ages,51,45-99,0.2,0.1,0.1,0.1,0.0,0.1,0.1,0.1,0.1,0.1,7627.0,331.0
India,"PLFS Year (Jul - Jun), 2019",Female,Rural + Urban,all ages,41 & 51,01-99,8.8,4.4,4.5,2.4,1.2,0.8,0.4,0.3,1.3,5.2,283560.0,7710.0
India,"PLFS Year (Jul - Jun), 2019",Female,Rural + Urban,all ages,11-51,01-03,20.9,10.5,12.4,8.5,5.8,5.6,2.4,1.5,5.6,13.1,718117.0,23056.0
India,"PLFS Year (Jul - Jun), 2019",Female,Rural + Urban,all ages,11-51,01-99,27.1,16.2,21.4,17.9,15.8,38.2,24.1,38.1,20.8,21.8,1198014.0,44149.0
India,"PLFS Year (Jul - Jun), 2019",Female,Rural + Urban,all ages,11-51,05-43,3.6,3.2,4.7,4.0,3.2,5.6,3.3,1.9,3.4,3.6,198924.0,7419.0
India,"PLFS Year (Jul - Jun), 2019",Female,Rural + Urban,all ages,11-51,45-99,2.6,2.6,4.3,5.5,6.9,26.9,18.4,34.7,11.7,5.1,280973.0,13674.0
India,"PLFS Year (Jul - Jun), 2019",Female,Rural + Urban,all ages,81,,0.0,0.1,0.4,0.6,1.5,7.7,7.9,9.1,3.4,0.9,51983.0,2870.0
India,"PLFS Year (Jul - Jun), 2019",Female,Rural + Urban,all ages,11-81,,27.1,16.3,21.8,18.6,17.3,45.9,32.0,47.2,24.2,22.8,1249997.0,47019.0
India,"PLFS Year (Jul - Jun), 2019",Female,Rural + Urban,all ages,UR,,0.1,0.7,1.9,3.4,8.8,16.8,24.6,19.2,14.1,4.2,,
India,"PLFS Year (Jul - Jun), 2019",Female,Rural + Urban,all ages,91,,3.5,50.2,24.7,29.4,34.6,8.9,11.1,5.0,24.4,24.0,1314706.0,50874.0
India,"PLFS Year (Jul - Jun), 2019",Female,Rural + Urban,all ages,92,,22.9,20.4,37.5,38.8,36.7,36.1,45.6,37.7,39.6,28.7,1571421.0,61414.0
India,"PLFS Year (Jul - Jun), 2019",Female,Rural + Urban,all ages,93,,12.3,8.6,13.5,10.4,9.9,5.0,8.5,7.0,9.4,10.8,593034.0,19484.0
India,"PLFS Year (Jul - Jun), 2019",Female,Rural + Urban,all ages,94,,7.1,2.2,1.8,2.1,1.0,3.5,2.3,2.8,1.9,3.7,204523.0,7890.0
India,"PLFS Year (Jul - Jun), 2019",Female,Rural + Urban,all ages,95,,1.4,0.4,0.2,0.4,0.1,0.1,0.1,0.1,0.2,0.7,37478.0,1404.0
India,"PLFS Year (Jul - Jun), 2019",Female,Rural + Urban,all ages,97,,4.7,1.0,0.4,0.4,0.3,0.5,0.3,0.3,0.3,2.0,108342.0,3323.0
India,"PLFS Year (Jul - Jun), 2019",Female,Rural + Urban,all ages,99,,20.9,1.0,0.0,0.0,0.0,0.0,0.0,0.0,0.0,7.4,404075.0,13762.0
India,"PLFS Year (Jul - Jun), 2019",Female,Rural + Urban,all ages,91-99,,72.9,83.7,78.2,81.4,82.7,54.1,68.0,52.8,75.8,77.2,4233579.0,158151.0
India,"PLFS Year (Jul - Jun), 2019",Female,Rural + Urban,all ages,11-99,,100.0,100.0,100.0,100.0,100.0,100.0,100.0,100.0,100.0,100.0,5483576.0,205170.0
India,"PLFS Year (Jul - Jun), 2019",Persons,Rural + Urban,15-29 years,"11,12",01-03,4.2,4.1,2.7,1.7,1.5,1.7,1.7,1.1,1.6,2.3,69861.0,2348.0
India,"PLFS Year (Jul - Jun), 2019",Persons,Rural + Urban,15-29 years,"11,12",01-96,8.3,9.9,7.3,5.6,5.2,7.6,7.1,5.6,5.8,6.8,205283.0,8076.0
India,"PLFS Year (Jul - Jun), 2019",Persons,Rural + Urban,15-29 years,"11,12",05-43,1.5,2.4,2.0,1.6,1.0,2.3,1.2,0.7,1.3,1.6,48453.0,1920.0
India,"PLFS Year (Jul - Jun), 2019",Persons,Rural + Urban,15-29 years,"11,12",45-96,2.5,3.4,2.6,2.4,2.7,3.6,4.1,3.8,3.0,2.9,86968.0,3808.0
India,"PLFS Year (Jul - Jun), 2019",Persons,Rural + Urban,15-29 years,21,01-03,13.1,9.9,9.0,5.4,5.9,4.8,4.3,3.4,5.3,7.2,217929.0,7071.0
India,"PLFS Year (Jul - Jun), 2019",Persons,Rural + Urban,15-29 years,21,01-96,14.2,11.3,10.5,6.8,7.3,6.2,6.8,5.2,6.9,8.8,263879.0,9054.0
India,"PLFS Year (Jul - Jun), 2019",Persons,Rural + Urban,15-29 years,21,05-43,0.6,0.7,0.5,0.6,0.4,0.5,0.4,0.6,0.5,0.5,15622.0,661.0
India,"PLFS Year (Jul - Jun), 2019",Persons,Rural + Urban,15-29 years,21,45-96,0.5,0.8,1.0,0.8,0.9,0.9,2.1,1.2,1.1,1.0,30328.0,1322.0
India,"PLFS Year (Jul - Jun), 2019",Persons,Rural + Urban,15-29 years,11-21,01-03,17.3,13.9,11.7,7.1,7.5,6.5,6.0,4.5,6.9,9.6,287791.0,9419.0
India,"PLFS Year (Jul - Jun), 2019",Persons,Rural + Urban,15-29 years,11-21,01-96,22.5,21.2,17.9,12.4,12.5,13.7,13.8,10.9,12.7,15.6,469162.0,17130.0
India,"PLFS Year (Jul - Jun), 2019",Persons,Rural + Urban,15-29 years,11-21,05-43,2.2,3.1,2.6,2.1,1.4,2.7,1.6,1.4,1.7,2.1,64076.0,2581.0
India,"PLFS Year (Jul - Jun), 2019",Persons,Rural + Urban,15-29 years,11-21,45-96,3.0,4.2,3.6,3.2,3.6,4.5,6.2,5.0,4.1,3.9,117296.0,5130.0
India,"PLFS Year (Jul - Jun), 2019",Persons,Rural + Urban,15-29 years,31,01-03,0.6,0.6,0.3,0.2,0.3,0.8,0.3,0.5,0.3,0.3,9915.0,353.0
India,"PLFS Year (Jul - Jun), 2019",Persons,Rural + Urban,15-29 years,31,01-99,4.5,8.0,7.3,7.3,8.5,32.6,21.3,31.9,12.6,10.2,306923.0,13225.0
India,"PLFS Year (Jul - Jun), 2019",Persons,Rural + Urban,15-29 years,31,05-43,1.8,3.2,2.8,2.7,2.4,13.9,4.6,3.1,3.4,3.1,93677.0,3642.0
India,"PLFS Year (Jul - Jun), 2019",Persons,Rural + Urban,15-29 years,31,45-99,2.1,4.2,4.2,4.4,5.8,17.9,16.4,28.4,8.9,6.8,203331.0,9230.0
India,"PLFS Year (Jul - Jun), 2019",Persons,Rural + Urban,15-29 years,41,,0.6,0.3,0.2,0.1,0.1,0.0,0.0,0.2,0.1,0.2,5357.0,202.0
India,"PLFS Year (Jul - Jun), 2019",Persons,Rural + Urban,15-29 years,51,01-03,8.1,7.7,4.0,2.0,1.1,0.9,0.4,0.1,1.2,3.1,94218.0,2333.0
India,"PLFS Year (Jul - Jun), 2019",Persons,Rural + Urban,15-29 years,51,01-99,19.4,20.8,11.8,6.0,3.2,6.2,1.2,0.4,3.7,8.7,262988.0,7823.0
India,"PLFS Year (Jul - Jun), 2019",Persons,Rural + Urban,15-29 years,51,05-43,10.6,11.6,6.8,3.4,1.7,3.8,0.6,0.1,2.1,4.9,147431.0,4679.0
India,"PLFS Year (Jul - Jun), 2019",Persons,Rural + Urban,15-29 years,51,45-99,0.7,1.5,1.0,0.6,0.4,1.5,0.2,0.2,0.4,0.7,21339.0,811.0
India,"PLFS Year (Jul - Jun), 2019",Persons,Rural + Urban,15-29 years,41 & 51,01-99,19.9,21.1,12.0,6.1,3.4,6.2,1.2,0.6,3.8,8.9,268346.0,8025.0
India,"PLFS Year (Jul - Jun), 2019",Persons,Rural + Urban,15-29 years,11-51,01-03,26.0,22.2,16.0,9.3,8.9,8.2,6.8,5.1,8.4,13.0,391924.0,12105.0
India,"PLFS Year (Jul - Jun), 2019",Persons,Rural + Urban,15-29 years,11-51,01-99,46.9,50.3,37.1,25.8,24.3,52.5,36.4,43.4,29.1,34.7,1044431.0,38380.0
India,"PLFS Year (Jul - Jun), 2019",Persons,Rural + Urban,15-29 years,11-51,05-43,15.1,18.3,12.4,8.3,5.7,20.4,6.9,4.7,7.3,10.3,310542.0,11104.0
India,"PLFS Year (Jul - Jun), 2019",Persons,Rural + Urban,15-29 years,11-51,45-99,5.8,9.9,8.7,8.2,9.7,23.9,22.8,33.6,13.5,11.4,341966.0,15171.0
India,"PLFS Year (Jul - Jun), 2019",Persons,Rural + Urban,15-29 years,81,,2.4,2.7,3.6,3.1,4.7,18.5,19.5,20.4,8.4,6.1,184233.0,8337.0
India,"PLFS Year (Jul - Jun), 2019",Persons,Rural + Urban,15-29 years,11-81,,49.3,53.0,40.7,28.9,29.0,71.0,55.9,63.8,37.5,40.9,1228664.0,46717.0
India,"PLFS Year (Jul - Jun), 2019",Persons,Rural + Urban,15-29 years,UR,,4.8,5.1,8.8,10.7,16.1,26.1,34.8,32.0,22.3,15.0,,
India,"PLFS Year (Jul - Jun), 2019",Persons,Rural + Urban,15-29 years,91,,1.0,11.0,32.2,52.7,53.2,18.1,21.6,12.0,43.5,34.0,1023498.0,43853.0
India,"PLFS Year (Jul - Jun), 2019",Persons,Rural + Urban,15-29 years,92,,27.0,22.3,18.1,13.2,13.3,8.8,18.0,19.6,14.4,17.1,513266.0,19015.0
India,"PLFS Year (Jul - Jun), 2019",Persons,Rural + Urban,15-29 years,93,,14.7,11.6,7.8,4.4,3.9,1.7,4.1,4.4,4.1,6.6,198559.0,6060.0
India,"PLFS Year (Jul - Jun), 2019",Persons,Rural + Urban,15-29 years,94,,1.2,0.3,0.3,0.2,0.1,0.0,0.1,0.1,0.1,0.3,8396.0,234.0
India,"PLFS Year (Jul - Jun), 2019",Persons,Rural + Urban,15-29 years,95,,5.1,0.9,0.4,0.2,0.1,0.1,0.0,0.0,0.1,0.6,18649.0,615.0
India,"PLFS Year (Jul - Jun), 2019",Persons,Rural + Urban,15-29 years,97,,1.7,0.8,0.5,0.3,0.3,0.3,0.2,0.1,0.3,0.5,15168.0,568.0
India,"PLFS Year (Jul - Jun), 2019",Persons,Rural + Urban,15-29 years,99,,0.0,0.0,0.0,0.0,0.0,0.0,0.0,0.0,0.0,0.0,0.0,0.0
India,"PLFS Year (Jul - Jun), 2019",Persons,Rural + Urban,15-29 years,91-99,,50.7,47.0,59.3,71.1,71.0,29.0,44.1,36.2,62.5,59.1,1777536.0,70345.0
India,"PLFS Year (Jul - Jun), 2019",Persons,Rural + Urban,15-29 years,11-99,,100.0,100.0,100.0,100.0,100.0,100.0,100.0,100.0,100.0,100.0,3006200.0,117062.0
India,"PLFS Year (Jul - Jun), 2019",Persons,Rural + Urban,15 years and above,"11,12",01-03,13.4,14.0,11.0,8.7,6.0,4.3,4.8,2.8,6.4,10.3,864157.0,28940.0
India,"PLFS Year (Jul - Jun), 2019",Persons,Rural + Urban,15 years and above,"11,12",01-96,18.3,24.0,21.3,19.0,14.6,16.5,16.3,13.2,16.5,19.2,1602230.0,61081.0
India,"PLFS Year (Jul - Jun), 2019",Persons,Rural + Urban,15 years and above,"11,12",05-43,1.8,3.8,3.6,3.2,2.2,4.0,2.2,1.3,2.6,2.8,233359.0,9810.0
India,"PLFS Year (Jul - Jun), 2019",Persons,Rural + Urban,15 years and above,"11,12",45-96,3.1,6.1,6.8,7.0,6.4,8.1,9.3,9.0,7.5,6.0,504714.0,22331.0
India,"PLFS Year (Jul - Jun), 2019",Persons,Rural + Urban,15 years and above,21,01-03,10.2,7.4,7.1,4.9,5.4,3.5,3.0,2.0,4.3,6.9,573801.0,18717.0
India,"PLFS Year (Jul - Jun), 2019",Persons,Rural + Urban,15 years and above,21,01-96,10.9,8.5,8.4,6.2,6.8,4.8,5.0,3.4,5.9,8.1,674265.0,23105.0
India,"PLFS Year (Jul - Jun), 2019",Persons,Rural + Urban,15 years and above,21,05-43,0.3,0.4,0.4,0.4,0.4,0.4,0.4,0.4,0.4,0.4,32079.0,1302.0
India,"PLFS Year (Jul - Jun), 2019",Persons,Rural + Urban,15 years and above,21,45-96,0.4,0.7,0.9,0.8,1.1,0.9,1.6,1.1,1.1,0.8,68385.0,3086.0
India,"PLFS Year (Jul - Jun), 2019",Persons,Rural + Urban,15 years and above,11-21,01-03,23.6,21.5,18.1,13.7,11.4,7.9,7.8,4.8,10.7,17.2,1437958.0,47657.0
India,"PLFS Year (Jul - Jun), 2019",Persons,Rural + Urban,15 years and above,11-21,01-96,29.2,32.5,29.8,25.2,21.4,21.3,21.4,16.6,22.4,27.2,2276496.0,84186.0
India,"PLFS Year (Jul - Jun), 2019",Persons,Rural + Urban,15 years and above,11-21,05-43,2.1,4.2,3.9,3.7,2.6,4.4,2.6,1.7,3.0,3.2,265438.0,11112.0
India,"PLFS Year (Jul - Jun), 2019",Persons,Rural + Urban,15 years and above,11-21,45-96,3.5,6.8,7.7,7.8,7.4,9.0,11.0,10.1,8.6,6.9,573100.0,25417.0
India,"PLFS Year (Jul - Jun), 2019",Persons,Rural + Urban,15 years and above,31,01-03,0.4,0.5,0.4,0.3,0.4,0.6,0.4,0.4,0.4,0.4,34793.0,1391.0
India,"PLFS Year (Jul - Jun), 2019",Persons,Rural + Urban,15 years and above,31,01-99,3.7,8.0,10.2,12.0,13.4,37.6,27.9,42.5,19.2,11.7,975971.0,44160.0
India,"PLFS Year (Jul - Jun), 2019",Persons,Rural + Urban,15 years and above,31,05-43,1.0,2.8,3.5,3.9,3.4,16.5,5.6,4.1,4.6,3.2,266214.0,10513.0
India,"PLFS Year (Jul - Jun), 2019",Persons,Rural + Urban,15 years and above,31,45-99,2.2,4.7,6.3,7.7,9.6,20.5,21.9,37.9,14.2,8.1,674964.0,32256.0
India,"PLFS Year (Jul - Jun), 2019",Persons,Rural + Urban,15 years and above,41,,0.9,0.6,0.4,0.2,0.2,0.1,0.0,0.1,0.1,0.4,37177.0,1407.0
India,"PLFS Year (Jul - Jun), 2019",Persons,Rural + Urban,15 years and above,51,01-03,10.8,8.3,4.6,2.5,1.4,0.8,0.5,0.1,1.5,5.6,465692.0,11470.0
India,"PLFS Year (Jul - Jun), 2019",Persons,Rural + Urban,15 years and above,51,01-99,17.5,18.4,12.6,7.2,3.8,4.8,1.3,0.4,4.2,11.6,968337.0,28690.0
India,"PLFS Year (Jul - Jun), 2019",Persons,Rural + Urban,15 years and above,51,05-43,6.2,8.8,6.9,3.9,2.0,3.0,0.6,0.2,2.3,5.3,439154.0,14614.0
India,"PLFS Year (Jul - Jun), 2019",Persons,Rural + Urban,15 years and above,51,45-99,0.6,1.3,1.1,0.7,0.4,1.0,0.2,0.2,0.5,0.8,63490.0,2606.0
India,"PLFS Year (Jul - Jun), 2019",Persons,Rural + Urban,15 years and above,41 & 51,01-99,18.4,19.0,13.0,7.4,4.0,4.9,1.3,0.5,4.4,12.0,1005513.0,30097.0
India,"PLFS Year (Jul - Jun), 2019",Persons,Rural + Urban,15 years and above,11-51,01-03,34.8,30.3,23.1,16.5,13.2,9.3,8.7,5.3,12.6,23.2,1938443.0,60518.0
India,"PLFS Year (Jul - Jun), 2019",Persons,Rural + Urban,15 years and above,11-51,01-99,51.3,59.5,53.0,44.5,38.8,63.8,50.6,59.5,46.0,50.9,4257980.0,158443.0
India,"PLFS Year (Jul - Jun), 2019",Persons,Rural + Urban,15 years and above,11-51,05-43,10.2,16.4,14.8,11.7,8.2,24.0,8.9,6.1,10.0,12.1,1007983.0,37646.0
India,"PLFS Year (Jul - Jun), 2019",Persons,Rural + Urban,15 years and above,11-51,45-99,6.3,12.7,15.1,16.3,17.5,30.5,33.1,48.1,23.4,15.7,1311553.0,60279.0
India,"PLFS Year (Jul - Jun), 2019",Persons,Rural + Urban,15 years and above,81,,0.3,0.9,1.9,1.9,3.4,10.5,10.5,8.8,5.1,2.6,214684.0,10050.0
India,"PLFS Year (Jul - Jun), 2019",Persons,Rural + Urban,15 years and above,11-81,,51.6,60.3,54.9,46.4,42.2,74.3,61.1,68.3,51.1,53.5,4472664.0,168493.0
India,"PLFS Year (Jul - Jun), 2019",Persons,Rural + Urban,15 years and above,UR,,0.6,1.4,3.4,4.1,7.9,14.2,17.2,12.9,10.1,4.8,,
India,"PLFS Year (Jul - Jun), 2019",Persons,Rural + Urban,15 years and above,91,,0.2,2.8,14.4,27.5,34.3,9.2,10.5,4.3,23.3,12.3,1031242.0,44165.0
India,"PLFS Year (Jul - Jun), 2019",Persons,Rural + Urban,15 years and above,92,,20.6,20.4,19.5,16.8,16.2,10.3,19.5,17.9,17.1,19.0,1589215.0,62537.0
India,"PLFS Year (Jul - Jun), 2019",Persons,Rural + Urban,15 years and above,93,,11.0,8.7,7.1,4.5,4.3,1.4,3.6,3.4,4.0,7.2,600390.0,19831.0
India,"PLFS Year (Jul - Jun), 2019",Persons,Rural + Urban,15 years and above,94,,9.7,4.8,2.7,3.5,2.3,4.0,4.6,5.6,3.6,5.1,428352.0,16828.0
India,"PLFS Year (Jul - Jun), 2019",Persons,Rural + Urban,15 years and above,95,,2.6,1.3,0.7,0.6,0.2,0.2,0.2,0.2,0.3,1.1,94906.0,3434.0
India,"PLFS Year (Jul - Jun), 2019",Persons,Rural + Urban,15 years and above,97,,4.2,1.6,0.8,0.7,0.4,0.7,0.5,0.3,0.5,1.7,140980.0,4793.0
India,"PLFS Year (Jul - Jun), 2019",Persons,Rural + Urban,15 years and above,99,,0.0,0.0,0.0,0.0,0.0,0.0,0.0,0.0,0.0,0.0,0.0,0.0
India,"PLFS Year (Jul - Jun), 2019",Persons,Rural + Urban,15 years and above,91-99,,48.4,39.7,45.1,53.6,57.8,25.7,38.9,31.7,48.9,46.5,3885084.0,151588.0
India,"PLFS Year (Jul - Jun), 2019",Persons,Rural + Urban,15 years and above,11-99,,100.0,100.0,100.0,100.0,100.0,100.0,100.0,100.0,100.0,100.0,8357748.0,320081.0
India,"PLFS Year (Jul - Jun), 2019",Persons,Rural + Urban,all ages,"11,12",01-03,9.0,6.7,9.7,8.7,6.0,4.3,4.8,2.8,6.4,7.7,864670.0,28949.0
India,"PLFS Year (Jul - Jun), 2019",Persons,Rural + Urban,all ages,"11,12",01-96,12.3,11.4,18.7,18.9,14.6,16.5,16.3,13.2,16.5,14.3,1603067.0,61103.0
India,"PLFS Year (Jul - Jun), 2019",Persons,Rural + Urban,all ages,"11,12",05-43,1.2,1.8,3.1,3.2,2.2,4.0,2.2,1.3,2.6,2.1,233496.0,9815.0
India,"PLFS Year (Jul - Jun), 2019",Persons,Rural + Urban,all ages,"11,12",45-96,2.1,2.9,5.9,6.9,6.4,8.1,9.3,9.0,7.5,4.5,504902.0,22339.0
India,"PLFS Year (Jul - Jun), 2019",Persons,Rural + Urban,all ages,21,01-03,6.9,3.6,6.3,4.9,5.4,3.5,3.0,2.0,4.3,5.2,578257.0,18825.0
India,"PLFS Year (Jul - Jun), 2019",Persons,Rural + Urban,all ages,21,01-96,7.3,4.1,7.5,6.2,6.8,4.8,5.0,3.4,5.9,6.1,679792.0,23244.0
India,"PLFS Year (Jul - Jun), 2019",Persons,Rural + Urban,all ages,21,05-43,0.2,0.2,0.4,0.4,0.4,0.4,0.4,0.4,0.4,0.3,32873.0,1324.0
India,"PLFS Year (Jul - Jun), 2019",Persons,Rural + Urban,all ages,21,45-96,0.2,0.3,0.8,0.8,1.1,0.9,1.6,1.1,1.1,0.6,68661.0,3095.0
India,"PLFS Year (Jul - Jun), 2019",Persons,Rural + Urban,all ages,11-21,01-03,15.8,10.3,15.9,13.6,11.4,7.9,7.8,4.8,10.7,12.9,1442927.0,47774.0
India,"PLFS Year (Jul - Jun), 2019",Persons,Rural + Urban,all ages,11-21,01-96,19.6,15.6,26.2,25.0,21.4,21.3,21.4,16.6,22.3,20.4,2282859.0,84347.0
India,"PLFS Year (Jul - Jun), 2019",Persons,Rural + Urban,all ages,11-21,05-43,1.4,2.0,3.5,3.7,2.6,4.4,2.6,1.7,3.0,2.4,266369.0,11139.0
India,"PLFS Year (Jul - Jun), 2019",Persons,Rural + Urban,all ages,11-21,45-96,2.3,3.2,6.7,7.8,7.4,9.0,11.0,10.1,8.6,5.1,573563.0,25434.0
India,"PLFS Year (Jul - Jun), 2019",Persons,Rural + Urban,all ages,31,01-03,0.3,0.3,0.3,0.3,0.4,0.6,0.4,0.4,0.4,0.3,34793.0,1391.0
India,"PLFS Year (Jul - Jun), 2019",Persons,Rural + Urban,all ages,31,01-99,2.5,3.8,9.0,11.9,13.4,37.6,27.9,42.5,19.2,8.7,977325.0,44200.0
India,"PLFS Year (Jul - Jun), 2019",Persons,Rural + Urban,all ages,31,05-43,0.7,1.3,3.1,3.9,3.4,16.5,5.6,4.1,4.6,2.4,266480.0,10522.0
India,"PLFS Year (Jul - Jun), 2019",Persons,Rural + Urban,all ages,31,45-99,1.5,2.2,5.5,7.7,9.6,20.5,21.9,37.9,14.2,6.0,676052.0,32287.0
India,"PLFS Year (Jul - Jun), 2019",Persons,Rural + Urban,all ages,41,,0.6,0.3,0.4,0.2,0.2,0.1,0.0,0.1,0.1,0.3,37177.0,1407.0
India,"PLFS Year (Jul - Jun), 2019",Persons,Rural + Urban,all ages,51,01-03,7.2,4.0,4.1,2.5,1.4,0.8,0.5,0.1,1.5,4.2,466499.0,11487.0
India,"PLFS Year (Jul - Jun), 2019",Persons,Rural + Urban,all ages,51,01-99,11.8,8.8,11.1,7.1,3.8,4.8,1.3,0.4,4.2,8.7,970120.0,28732.0
India,"PLFS Year (Jul - Jun), 2019",Persons,Rural + Urban,all ages,51,05-43,4.1,4.2,6.1,3.9,2.0,3.0,0.6,0.2,2.3,3.9,439940.0,14631.0
India,"PLFS Year (Jul - Jun), 2019",Persons,Rural + Urban,all ages,51,45-99,0.4,0.6,0.9,0.7,0.4,1.0,0.2,0.2,0.5,0.6,63682.0,2614.0
India,"PLFS Year (Jul - Jun), 2019",Persons,Rural + Urban,all ages,41 & 51,01-99,12.3,9.0,11.4,7.3,4.0,4.9,1.3,0.5,4.4,9.0,1007297.0,30139.0
India,"PLFS Year (Jul - Jun), 2019",Persons,Rural + Urban,all ages,11-51,01-03,23.3,14.5,20.3,16.4,13.2,9.3,8.7,5.3,12.6,17.4,1944219.0,60652.0
India,"PLFS Year (Jul - Jun), 2019",Persons,Rural + Urban,all ages,11-51,01-99,34.4,28.4,46.6,44.3,38.8,63.8,50.6,59.5,45.9,38.2,4267481.0,158686.0
India,"PLFS Year (Jul - Jun), 2019",Persons,Rural + Urban,all ages,11-51,05-43,6.8,7.8,13.0,11.7,8.2,24.0,8.9,6.1,10.0,9.0,1009966.0,37699.0
India,"PLFS Year (Jul - Jun), 2019",Persons,Rural + Urban,all ages,11-51,45-99,4.3,6.1,13.2,16.2,17.5,30.5,33.1,48.1,23.3,11.7,1313297.0,60335.0
India,"PLFS Year (Jul - Jun), 2019",Persons,Rural + Urban,all ages,81,,0.2,0.5,1.6,1.9,3.4,10.5,10.5,8.8,5.1,1.9,216905.0,10102.0
India,"PLFS Year (Jul - Jun), 2019",Persons,Rural + Urban,all ages,11-81,,34.6,28.9,48.2,46.2,42.2,74.3,61.1,68.3,51.0,40.1,4484386.0,168788.0
India,"PLFS Year (Jul - Jun), 2019",Persons,Rural + Urban,all ages,UR,,0.6,1.6,3.4,4.1,7.9,14.2,17.2,12.9,10.1,4.8,,
India,"PLFS Year (Jul - Jun), 2019",Persons,Rural + Urban,all ages,91,,4.6,51.8,24.6,27.9,34.3,9.2,10.5,4.3,23.4,25.9,2896220.0,110712.0
India,"PLFS Year (Jul - Jun), 2019",Persons,Rural + Urban,all ages,92,,14.0,10.0,17.2,16.7,16.2,10.3,19.5,17.9,17.1,14.4,1607645.0,63002.0
India,"PLFS Year (Jul - Jun), 2019",Persons,Rural + Urban,all ages,93,,7.5,4.2,6.2,4.4,4.3,1.4,3.6,3.4,4.0,5.4,603658.0,19917.0
India,"PLFS Year (Jul - Jun), 2019",Persons,Rural + Urban,all ages,94,,6.5,2.3,2.3,3.5,2.3,4.0,4.6,5.6,3.6,3.8,429089.0,16853.0
India,"PLFS Year (Jul - Jun), 2019",Persons,Rural + Urban,all ages,95,,1.9,0.6,0.6,0.6,0.2,0.2,0.2,0.2,0.3,0.9,99221.0,3595.0
India,"PLFS Year (Jul - Jun), 2019",Persons,Rural + Urban,all ages,97,,5.1,1.2,0.7,0.7,0.4,0.7,0.5,0.3,0.5,2.0,224391.0,6873.0
India,"PLFS Year (Jul - Jun), 2019",Persons,Rural + Urban,all ages,99,,25.8,1.0,0.0,0.0,0.0,0.0,0.0,0.0,0.0,7.5,834490.0,28557.0
India,"PLFS Year (Jul - Jun), 2019",Persons,Rural + Urban,all ages,91-99,,65.4,71.1,51.8,53.8,57.8,25.7,38.9,31.7,49.0,59.9,6694714.0,249509.0
India,"PLFS Year (Jul - Jun), 2019",Persons,Rural + Urban,all ages,11-99,,100.0,100.0,100.0,100.0,100.0,100.0,100.0,100.0,100.0,100.0,11179100.0,418297.0
India,"PLFS Year (Jul - Jun), 2018",Male,Rural,15-29 years,"11,12",01-03,11.7,7.9,5.8,3.6,4.2,1.5,5.8,3.7,4.1,5.4,55860.0,1676.0
India,"PLFS Year (Jul - Jun), 2018",Male,Rural,15-29 years,"11,12",01-96,17.9,15.3,11.8,8.7,9.2,8.4,14.3,11.5,9.8,11.4,117725.0,3849.0
India,"PLFS Year (Jul - Jun), 2018",Male,Rural,15-29 years,"11,12",05-43,2.7,2.7,1.5,1.4,0.7,2.5,0.9,0.3,1.1,1.5,15381.0,561.0
India,"PLFS Year (Jul - Jun), 2018",Male,Rural,15-29 years,"11,12",45-96,3.4,4.7,4.4,3.7,4.2,4.4,7.6,7.5,4.6,4.5,46483.0,1612.0
India,"PLFS Year (Jul - Jun), 2018",Male,Rural,15-29 years,21,01-03,13.3,14.0,11.9,7.6,8.8,4.9,9.2,7.3,8.2,10.2,104948.0,3496.0
India,"PLFS Year (Jul - Jun), 2018",Male,Rural,15-29 years,21,01-96,13.7,15.5,13.5,9.2,10.4,7.4,11.5,9.8,10.0,11.8,121584.0,4068.0
India,"PLFS Year (Jul - Jun), 2018",Male,Rural,15-29 years,21,05-43,0.3,0.5,0.5,0.5,0.3,0.8,0.4,0.0,0.4,0.4,4417.0,173.0
India,"PLFS Year (Jul - Jun), 2018",Male,Rural,15-29 years,21,45-96,0.1,0.9,1.1,1.2,1.3,1.7,1.8,2.5,1.4,1.2,12219.0,399.0
India,"PLFS Year (Jul - Jun), 2018",Male,Rural,15-29 years,11-21,01-03,25.0,21.9,17.8,11.2,13.0,6.5,15.0,11.0,12.3,15.6,160808.0,5172.0
India,"PLFS Year (Jul - Jun), 2018",Male,Rural,15-29 years,11-21,01-96,31.6,30.7,25.3,17.9,19.5,15.8,25.8,21.4,19.8,23.3,239309.0,7917.0
India,"PLFS Year (Jul - Jun), 2018",Male,Rural,15-29 years,11-21,05-43,3.0,3.2,2.0,1.8,1.0,3.4,1.3,0.3,1.5,1.9,19799.0,734.0
India,"PLFS Year (Jul - Jun), 2018",Male,Rural,15-29 years,11-21,45-96,3.6,5.6,5.5,4.9,5.5,6.0,9.4,10.1,6.0,5.7,58702.0,2011.0
India,"PLFS Year (Jul - Jun), 2018",Male,Rural,15-29 years,31,01-03,0.4,0.4,0.3,0.1,0.1,0.3,0.1,0.0,0.1,0.2,2521.0,103.0
India,"PLFS Year (Jul - Jun), 2018",Male,Rural,15-29 years,31,01-99,4.7,8.1,7.2,6.8,8.7,29.4,19.2,33.3,11.0,9.3,95595.0,3652.0
India,"PLFS Year (Jul - Jun), 2018",Male,Rural,15-29 years,31,05-43,1.8,3.4,2.9,2.5,3.1,17.5,3.8,5.1,3.5,3.3,33625.0,1214.0
India,"PLFS Year (Jul - Jun), 2018",Male,Rural,15-29 years,31,45-99,2.5,4.2,4.0,4.2,5.4,11.6,15.2,28.2,7.3,5.8,59449.0,2335.0
India,"PLFS Year (Jul - Jun), 2018",Male,Rural,15-29 years,41,,0.6,0.0,0.2,0.1,0.0,0.5,0.1,0.0,0.1,0.1,1309.0,53.0
India,"PLFS Year (Jul - Jun), 2018",Male,Rural,15-29 years,51,01-03,15.0,13.1,7.1,2.8,2.1,2.5,1.1,0.5,2.2,5.5,56953.0,1345.0
India,"PLFS Year (Jul - Jun), 2018",Male,Rural,15-29 years,51,01-99,40.1,37.9,20.0,10.2,6.6,8.7,3.5,2.2,7.5,16.4,168626.0,4668.0
India,"PLFS Year (Jul - Jun), 2018",Male,Rural,15-29 years,51,05-43,22.6,22.4,11.8,6.3,4.0,4.3,2.0,1.1,4.6,9.7,99744.0,2942.0
India,"PLFS Year (Jul - Jun), 2018",Male,Rural,15-29 years,51,45-99,2.5,2.4,1.1,1.0,0.5,1.8,0.4,0.6,0.8,1.2,11930.0,381.0
India,"PLFS Year (Jul - Jun), 2018",Male,Rural,15-29 years,41 & 51,01-99,40.7,37.9,20.2,10.3,6.6,9.1,3.5,2.2,7.6,16.5,169935.0,4721.0
India,"PLFS Year (Jul - Jun), 2018",Male,Rural,15-29 years,11-51,01-03,40.5,35.4,25.2,14.1,15.2,9.3,16.2,11.5,14.6,21.4,220282.0,6620.0
India,"PLFS Year (Jul - Jun), 2018",Male,Rural,15-29 years,11-51,01-99,77.0,76.7,52.8,35.0,34.8,54.4,48.5,56.9,38.4,49.1,504839.0,16290.0
India,"PLFS Year (Jul - Jun), 2018",Male,Rural,15-29 years,11-51,05-43,28.0,29.1,17.0,10.8,8.2,25.6,7.2,6.5,9.7,15.0,154476.0,4943.0
India,"PLFS Year (Jul - Jun), 2018",Male,Rural,15-29 years,11-51,45-99,8.5,12.3,10.6,10.1,11.5,19.5,25.0,38.9,14.1,12.6,130081.0,4727.0
India,"PLFS Year (Jul - Jun), 2018",Male,Rural,15-29 years,81,,7.8,7.7,8.5,5.9,7.7,25.4,25.7,29.7,11.1,9.8,100323.0,3403.0
India,"PLFS Year (Jul - Jun), 2018",Male,Rural,15-29 years,11-81,,84.8,84.4,61.3,40.9,42.5,79.8,74.2,86.6,49.5,58.8,605163.0,19693.0
India,"PLFS Year (Jul - Jun), 2018",Male,Rural,15-29 years,UR,,9.2,9.1,13.9,14.4,18.0,31.8,34.7,34.3,22.4,16.6,,
India,"PLFS Year (Jul - Jun), 2018",Male,Rural,15-29 years,91,,0.8,12.3,36.3,57.7,56.6,19.1,24.7,11.3,49.4,38.7,398069.0,14902.0
India,"PLFS Year (Jul - Jun), 2018",Male,Rural,15-29 years,92,,1.1,0.6,0.5,0.4,0.3,0.2,0.6,0.4,0.4,0.5,4951.0,210.0
India,"PLFS Year (Jul - Jun), 2018",Male,Rural,15-29 years,93,,0.9,0.6,0.2,0.1,0.0,0.0,0.0,0.0,0.1,0.2,2028.0,85.0
India,"PLFS Year (Jul - Jun), 2018",Male,Rural,15-29 years,94,,0.6,0.5,0.3,0.1,0.1,0.1,0.0,0.0,0.1,0.2,2243.0,41.0
India,"PLFS Year (Jul - Jun), 2018",Male,Rural,15-29 years,95,,9.1,0.8,0.7,0.3,0.2,0.2,0.1,0.0,0.2,0.8,8704.0,265.0
India,"PLFS Year (Jul - Jun), 2018",Male,Rural,15-29 years,97,,2.7,0.8,0.8,0.4,0.4,0.7,0.4,1.6,0.5,0.7,7280.0,263.0
India,"PLFS Year (Jul - Jun), 2018",Male,Rural,15-29 years,99,,0.0,0.0,0.0,0.0,0.0,0.0,0.0,0.0,0.0,0.0,0.0,0.0
India,"PLFS Year (Jul - Jun), 2018",Male,Rural,15-29 years,91-99,,15.2,15.6,38.7,59.1,57.5,20.2,25.8,13.4,50.5,41.2,423274.0,15766.0
India,"PLFS Year (Jul - Jun), 2018",Male,Rural,15-29 years,11-99,,100.0,100.0,100.0,100.0,100.0,100.0,100.0,100.0,100.0,100.0,1028437.0,35459.0
India,"PLFS Year (Jul - Jun), 2018",Male,Rural,15 years and above,"11,12",01-03,33.8,29.0,22.6,19.1,14.9,7.2,15.7,9.2,16.4,23.9,658397.0,20738.0
India,"PLFS Year (Jul - Jun), 2018",Male,Rural,15 years and above,"11,12",01-96,40.2,41.2,35.8,30.6,26.0,17.4,28.4,22.1,27.9,34.9,959914.0,31713.0
India,"PLFS Year (Jul - Jun), 2018",Male,Rural,15 years and above,"11,12",05-43,2.3,3.6,3.7,2.9,1.7,3.6,1.8,1.1,2.3,2.8,78462.0,2954.0
India,"PLFS Year (Jul - Jun), 2018",Male,Rural,15 years and above,"11,12",45-96,4.1,8.6,9.5,8.6,9.4,6.7,10.9,11.7,9.3,8.1,223054.0,8021.0
India,"PLFS Year (Jul - Jun), 2018",Male,Rural,15 years and above,21,01-03,2.4,5.5,7.4,6.1,7.4,4.2,7.4,5.2,6.7,5.7,157363.0,5107.0
India,"PLFS Year (Jul - Jun), 2018",Male,Rural,15 years and above,21,01-96,2.6,6.0,8.4,7.3,8.9,5.8,8.9,6.8,8.0,6.6,181072.0,5900.0
India,"PLFS Year (Jul - Jun), 2018",Male,Rural,15 years and above,21,05-43,0.1,0.2,0.3,0.3,0.2,0.5,0.3,0.0,0.3,0.2,5993.0,234.0
India,"PLFS Year (Jul - Jun), 2018",Male,Rural,15 years and above,21,45-96,0.1,0.3,0.7,0.8,1.2,1.0,1.2,1.5,1.1,0.6,17715.0,559.0
India,"PLFS Year (Jul - Jun), 2018",Male,Rural,15 years and above,11-21,01-03,36.2,34.6,30.0,25.2,22.3,11.4,23.0,14.5,23.0,29.6,815760.0,25845.0
India,"PLFS Year (Jul - Jun), 2018",Male,Rural,15 years and above,11-21,01-96,42.8,47.2,44.2,37.9,34.8,23.2,37.3,28.9,36.0,41.4,1140986.0,37613.0
India,"PLFS Year (Jul - Jun), 2018",Male,Rural,15 years and above,11-21,05-43,2.4,3.8,3.9,3.2,1.9,4.1,2.1,1.2,2.5,3.1,84456.0,3188.0
India,"PLFS Year (Jul - Jun), 2018",Male,Rural,15 years and above,11-21,45-96,4.2,8.9,10.2,9.4,10.6,7.7,12.1,13.3,10.4,8.7,240770.0,8580.0
India,"PLFS Year (Jul - Jun), 2018",Male,Rural,15 years and above,31,01-03,0.5,0.6,0.4,0.3,0.3,0.6,0.2,0.2,0.3,0.4,11219.0,457.0
India,"PLFS Year (Jul - Jun), 2018",Male,Rural,15 years and above,31,01-99,3.2,7.4,9.4,9.8,13.4,35.2,28.4,45.3,16.5,10.3,283573.0,11297.0
India,"PLFS Year (Jul - Jun), 2018",Male,Rural,15 years and above,31,05-43,1.2,2.9,3.3,3.1,4.0,19.0,3.9,3.5,4.1,3.1,84269.0,3012.0
India,"PLFS Year (Jul - Jun), 2018",Male,Rural,15 years and above,31,45-99,1.6,3.9,5.6,6.5,9.1,15.6,24.3,41.6,12.2,6.8,188085.0,7828.0
India,"PLFS Year (Jul - Jun), 2018",Male,Rural,15 years and above,41,,0.4,0.2,0.2,0.1,0.1,0.3,0.1,0.0,0.1,0.2,6111.0,223.0
India,"PLFS Year (Jul - Jun), 2018",Male,Rural,15 years and above,51,01-03,15.6,12.5,7.2,3.9,2.4,2.0,1.3,0.4,2.8,8.4,229904.0,5583.0
India,"PLFS Year (Jul - Jun), 2018",Male,Rural,15 years and above,51,01-99,30.1,30.8,20.9,12.6,7.4,7.7,3.4,1.3,8.7,20.2,556680.0,15113.0
India,"PLFS Year (Jul - Jun), 2018",Male,Rural,15 years and above,51,05-43,13.5,16.4,12.2,7.5,4.4,4.1,1.9,0.6,5.1,10.7,293895.0,8520.0
India,"PLFS Year (Jul - Jun), 2018",Male,Rural,15 years and above,51,45-99,1.0,1.9,1.4,1.1,0.6,1.7,0.2,0.3,0.8,1.2,32881.0,1010.0
India,"PLFS Year (Jul - Jun), 2018",Male,Rural,15 years and above,41 & 51,01-99,30.5,31.0,21.1,12.8,7.5,8.0,3.5,1.3,8.8,20.4,562791.0,15336.0
India,"PLFS Year (Jul - Jun), 2018",Male,Rural,15 years and above,11-51,01-03,52.3,47.6,37.7,29.5,25.0,14.0,24.5,15.1,26.1,38.4,1056884.0,31885.0
India,"PLFS Year (Jul - Jun), 2018",Male,Rural,15 years and above,11-51,01-99,76.5,85.6,74.7,60.5,55.8,66.4,69.1,75.4,61.3,72.2,1987349.0,64246.0
India,"PLFS Year (Jul - Jun), 2018",Male,Rural,15 years and above,11-51,05-43,17.5,23.3,19.7,14.0,10.4,27.5,7.9,5.2,11.8,17.0,468730.0,14943.0
India,"PLFS Year (Jul - Jun), 2018",Male,Rural,15 years and above,11-51,45-99,6.7,14.7,17.3,17.0,20.4,24.9,36.7,55.1,23.3,16.8,461736.0,17418.0
India,"PLFS Year (Jul - Jun), 2018",Male,Rural,15 years and above,81,,1.1,2.4,4.2,3.6,5.3,16.5,14.2,14.7,6.9,4.2,115312.0,3838.0
India,"PLFS Year (Jul - Jun), 2018",Male,Rural,15 years and above,11-81,,77.7,88.0,78.8,64.1,61.1,82.9,83.3,90.1,68.2,76.4,2102661.0,68084.0
India,"PLFS Year (Jul - Jun), 2018",Male,Rural,15 years and above,UR,,1.4,2.7,5.3,5.6,8.7,19.9,17.0,16.3,10.1,5.5,,
India,"PLFS Year (Jul - Jun), 2018",Male,Rural,15 years and above,91,,0.1,3.2,16.1,31.1,35.6,11.9,12.6,4.7,27.6,14.5,399400.0,14937.0
India,"PLFS Year (Jul - Jun), 2018",Male,Rural,15 years and above,92,,1.2,0.6,0.5,0.3,0.2,0.4,0.4,0.2,0.3,0.6,15788.0,596.0
India,"PLFS Year (Jul - Jun), 2018",Male,Rural,15 years and above,93,,0.6,0.3,0.2,0.1,0.0,0.0,0.0,0.0,0.1,0.2,6552.0,265.0
India,"PLFS Year (Jul - Jun), 2018",Male,Rural,15 years and above,94,,11.1,4.7,2.7,3.0,2.0,3.6,3.0,4.2,2.7,4.9,134214.0,4034.0
India,"PLFS Year (Jul - Jun), 2018",Male,Rural,15 years and above,95,,4.2,1.4,0.8,0.7,0.3,0.7,0.2,0.0,0.4,1.5,41041.0,1341.0
India,"PLFS Year (Jul - Jun), 2018",Male,Rural,15 years and above,97,,5.2,1.8,1.0,0.7,0.8,0.5,0.5,0.7,0.7,1.9,53689.0,1579.0
India,"PLFS Year (Jul - Jun), 2018",Male,Rural,15 years and above,99,,0.0,0.0,0.0,0.0,0.0,0.0,0.0,0.0,0.0,0.0,0.0,0.0
India,"PLFS Year (Jul - Jun), 2018",Male,Rural,15 years and above,91-99,,22.3,12.0,21.2,35.9,38.9,17.1,16.7,9.9,31.8,23.6,650683.0,22752.0
India,"PLFS Year (Jul - Jun), 2018",Male,Rural,15 years and above,11-99,,100.0,100.0,100.0,100.0,100.0,100.0,100.0,100.0,100.0,100.0,2753345.0,90836.0
India,"PLFS Year (Jul - Jun), 2018",Male,Rural,all ages,"11,12",01-03,20.3,13.4,20.0,19.0,14.9,7.2,15.7,9.2,16.3,17.2,658432.0,20744.0
India,"PLFS Year (Jul - Jun), 2018",Male,Rural,all ages,"11,12",01-96,24.2,19.0,31.7,30.5,26.0,17.4,28.4,22.1,27.9,25.1,960150.0,31722.0
India,"PLFS Year (Jul - Jun), 2018",Male,Rural,all ages,"11,12",05-43,1.4,1.7,3.2,2.9,1.7,3.6,1.8,1.1,2.3,2.1,78662.0,2955.0
India,"PLFS Year (Jul - Jun), 2018",Male,Rural,all ages,"11,12",45-96,2.4,4.0,8.4,8.6,9.4,6.7,10.9,11.7,9.3,5.8,223056.0,8023.0
India,"PLFS Year (Jul - Jun), 2018",Male,Rural,all ages,21,01-03,1.4,2.7,6.6,6.1,7.4,4.2,7.4,5.2,6.7,4.2,159086.0,5184.0
India,"PLFS Year (Jul - Jun), 2018",Male,Rural,all ages,21,01-96,1.6,2.9,7.5,7.3,8.9,5.8,8.9,6.8,8.0,4.8,182959.0,5984.0
India,"PLFS Year (Jul - Jun), 2018",Male,Rural,all ages,21,05-43,0.1,0.1,0.2,0.3,0.2,0.5,0.3,0.0,0.3,0.2,6134.0,238.0
India,"PLFS Year (Jul - Jun), 2018",Male,Rural,all ages,21,45-96,0.1,0.1,0.6,0.8,1.2,1.0,1.2,1.5,1.1,0.5,17738.0,562.0
India,"PLFS Year (Jul - Jun), 2018",Male,Rural,all ages,11-21,01-03,21.8,16.1,26.6,25.2,22.3,11.4,23.0,14.5,23.0,21.4,817518.0,25928.0
India,"PLFS Year (Jul - Jun), 2018",Male,Rural,all ages,11-21,01-96,25.8,21.9,39.2,37.8,34.8,23.2,37.3,28.9,35.9,29.9,1143109.0,37706.0
India,"PLFS Year (Jul - Jun), 2018",Male,Rural,all ages,11-21,05-43,1.5,1.8,3.5,3.2,1.9,4.1,2.1,1.2,2.5,2.2,84796.0,3193.0
India,"PLFS Year (Jul - Jun), 2018",Male,Rural,all ages,11-21,45-96,2.5,4.1,9.1,9.4,10.6,7.7,12.1,13.3,10.4,6.3,240795.0,8585.0
India,"PLFS Year (Jul - Jun), 2018",Male,Rural,all ages,31,01-03,0.3,0.3,0.4,0.3,0.3,0.6,0.2,0.2,0.3,0.3,11224.0,458.0
India,"PLFS Year (Jul - Jun), 2018",Male,Rural,all ages,31,01-99,1.9,3.4,8.3,9.8,13.4,35.2,28.4,45.3,16.5,7.4,283591.0,11301.0
India,"PLFS Year (Jul - Jun), 2018",Male,Rural,all ages,31,05-43,0.7,1.4,3.0,3.1,4.0,19.0,3.9,3.5,4.0,2.2,84278.0,3013.0
India,"PLFS Year (Jul - Jun), 2018",Male,Rural,all ages,31,45-99,0.9,1.8,5.0,6.4,9.1,15.6,24.3,41.6,12.2,4.9,188088.0,7830.0
India,"PLFS Year (Jul - Jun), 2018",Male,Rural,all ages,41,,0.3,0.1,0.2,0.1,0.1,0.3,0.1,0.0,0.1,0.2,6111.0,224.0
India,"PLFS Year (Jul - Jun), 2018",Male,Rural,all ages,51,01-03,9.4,5.8,6.4,3.9,2.4,2.0,1.3,0.4,2.8,6.0,230056.0,5588.0
India,"PLFS Year (Jul - Jun), 2018",Male,Rural,all ages,51,01-99,18.1,14.3,18.5,12.6,7.4,7.7,3.4,1.3,8.7,14.6,557365.0,15127.0
India,"PLFS Year (Jul - Jun), 2018",Male,Rural,all ages,51,05-43,8.1,7.6,10.8,7.5,4.4,4.1,1.9,0.6,5.1,7.7,294375.0,8527.0
India,"PLFS Year (Jul - Jun), 2018",Male,Rural,all ages,51,45-99,0.6,0.9,1.3,1.1,0.6,1.7,0.2,0.3,0.8,0.9,32934.0,1012.0
India,"PLFS Year (Jul - Jun), 2018",Male,Rural,all ages,41 & 51,01-99,18.4,14.4,18.7,12.7,7.5,8.0,3.5,1.3,8.8,14.7,563477.0,15351.0
India,"PLFS Year (Jul - Jun), 2018",Male,Rural,all ages,11-51,01-03,31.5,22.1,33.4,29.4,25.0,14.0,24.5,15.1,26.0,27.7,1058798.0,31974.0
India,"PLFS Year (Jul - Jun), 2018",Male,Rural,all ages,11-51,01-99,46.1,39.7,66.2,60.3,55.8,66.4,69.1,75.4,61.2,52.1,1990176.0,64358.0
India,"PLFS Year (Jul - Jun), 2018",Male,Rural,all ages,11-51,05-43,10.6,10.8,17.5,13.9,10.4,27.5,7.9,5.2,11.8,12.3,469561.0,14957.0
India,"PLFS Year (Jul - Jun), 2018",Male,Rural,all ages,11-51,45-99,4.0,6.8,15.3,17.0,20.4,24.9,36.7,55.1,23.3,12.1,461816.0,17427.0
India,"PLFS Year (Jul - Jun), 2018",Male,Rural,all ages,81,,0.7,1.2,3.7,3.6,5.3,16.5,14.2,14.7,6.9,3.1,117545.0,3877.0
India,"PLFS Year (Jul - Jun), 2018",Male,Rural,all ages,11-81,,46.8,41.0,69.9,63.9,61.1,82.9,83.3,90.1,68.1,55.1,2107720.0,68235.0
India,"PLFS Year (Jul - Jun), 2018",Male,Rural,all ages,UR,,1.5,3.0,5.4,5.6,8.7,19.9,17.0,16.3,10.1,5.6,,
India,"PLFS Year (Jul - Jun), 2018",Male,Rural,all ages,91,,5.2,53.1,25.5,31.3,35.6,11.9,12.6,4.7,27.7,28.9,1102720.0,36131.0
India,"PLFS Year (Jul - Jun), 2018",Male,Rural,all ages,92,,0.8,0.5,0.4,0.3,0.2,0.4,0.4,0.2,0.3,0.5,19080.0,693.0
India,"PLFS Year (Jul - Jun), 2018",Male,Rural,all ages,93,,0.4,0.2,0.1,0.1,0.0,0.0,0.0,0.0,0.1,0.2,7507.0,289.0
India,"PLFS Year (Jul - Jun), 2018",Male,Rural,all ages,94,,6.7,2.2,2.4,3.0,2.0,3.6,3.0,4.2,2.7,3.5,135532.0,4062.0
India,"PLFS Year (Jul - Jun), 2018",Male,Rural,all ages,95,,2.7,0.7,0.7,0.7,0.3,0.7,0.2,0.0,0.4,1.1,43212.0,1389.0
India,"PLFS Year (Jul - Jun), 2018",Male,Rural,all ages,97,,4.7,1.2,1.0,0.7,0.8,0.5,0.5,0.7,0.7,1.9,73870.0,1963.0
India,"PLFS Year (Jul - Jun), 2018",Male,Rural,all ages,99,,32.7,1.1,0.0,0.0,0.0,0.0,0.0,0.0,0.0,8.7,332215.0,9686.0
India,"PLFS Year (Jul - Jun), 2018",Male,Rural,all ages,91-99,,53.2,59.0,30.1,36.1,38.9,17.1,16.7,9.9,31.9,44.9,1714136.0,54213.0
India,"PLFS Year (Jul - Jun), 2018",Male,Rural,all ages,11-99,,100.0,100.0,100.0,100.0,100.0,100.0,100.0,100.0,100.0,100.0,3821857.0,122448.0
India,"PLFS Year (Jul - Jun), 2018",Female,Rural,15-29 years,"11,12",01-03,2.0,1.5,0.8,0.3,0.5,0.1,0.6,0.4,0.4,0.9,8717.0,336.0
India,"PLFS Year (Jul - Jun), 2018",Female,Rural,15-29 years,"11,12",01-96,2.8,3.4,2.9,1.8,1.6,3.7,2.5,2.8,1.9,2.5,24670.0,965.0
India,"PLFS Year (Jul - Jun), 2018",Female,Rural,15-29 years,"11,12",05-43,0.8,1.6,1.8,1.2,0.8,2.6,0.7,0.3,1.0,1.3,12540.0,477.0
India,"PLFS Year (Jul - Jun), 2018",Female,Rural,15-29 years,"11,12",45-96,0.0,0.2,0.2,0.3,0.3,0.9,1.2,2.1,0.5,0.3,3413.0,152.0
India,"PLFS Year (Jul - Jun), 2018",Female,Rural,15-29 years,21,01-03,9.2,7.3,5.4,3.4,3.1,3.0,2.2,3.5,3.1,5.1,49937.0,1782.0
India,"PLFS Year (Jul - Jun), 2018",Female,Rural,15-29 years,21,01-96,9.6,8.1,5.9,3.9,3.4,3.0,2.5,3.6,3.5,5.5,54522.0,1943.0
India,"PLFS Year (Jul - Jun), 2018",Female,Rural,15-29 years,21,05-43,0.3,0.4,0.2,0.2,0.1,0.0,0.1,0.1,0.2,0.2,2256.0,75.0
India,"PLFS Year (Jul - Jun), 2018",Female,Rural,15-29 years,21,45-96,0.0,0.3,0.4,0.2,0.2,0.0,0.2,0.0,0.2,0.2,2329.0,86.0
India,"PLFS Year (Jul - Jun), 2018",Female,Rural,15-29 years,11-21,01-03,11.2,8.9,6.2,3.8,3.6,3.2,2.8,3.9,3.5,5.9,58654.0,2118.0
India,"PLFS Year (Jul - Jun), 2018",Female,Rural,15-29 years,11-21,01-96,12.3,11.4,8.8,5.7,5.0,6.7,5.0,6.4,5.4,8.0,79192.0,2908.0
India,"PLFS Year (Jul - Jun), 2018",Female,Rural,15-29 years,11-21,05-43,1.1,2.0,2.0,1.4,1.0,2.6,0.7,0.4,1.1,1.5,14795.0,552.0
India,"PLFS Year (Jul - Jun), 2018",Female,Rural,15-29 years,11-21,45-96,0.1,0.6,0.6,0.5,0.5,1.0,1.4,2.1,0.7,0.6,5742.0,238.0
India,"PLFS Year (Jul - Jun), 2018",Female,Rural,15-29 years,31,01-03,0.0,0.4,0.2,0.0,0.0,0.0,0.1,0.0,0.0,0.1,1474.0,40.0
India,"PLFS Year (Jul - Jun), 2018",Female,Rural,15-29 years,31,01-99,0.4,1.1,1.2,1.4,2.2,14.3,6.2,14.6,3.1,2.0,19679.0,834.0
India,"PLFS Year (Jul - Jun), 2018",Female,Rural,15-29 years,31,05-43,0.2,0.1,0.4,0.4,0.3,4.3,0.3,0.0,0.4,0.3,3289.0,113.0
India,"PLFS Year (Jul - Jun), 2018",Female,Rural,15-29 years,31,45-99,0.1,0.6,0.5,1.0,1.9,10.0,5.9,14.5,2.7,1.5,14916.0,681.0
India,"PLFS Year (Jul - Jun), 2018",Female,Rural,15-29 years,41,,0.3,0.3,0.1,0.2,0.1,0.6,0.2,0.0,0.2,0.2,1948.0,85.0
India,"PLFS Year (Jul - Jun), 2018",Female,Rural,15-29 years,51,01-03,6.3,6.2,2.3,1.6,0.5,1.4,0.7,0.8,1.0,2.8,27185.0,591.0
India,"PLFS Year (Jul - Jun), 2018",Female,Rural,15-29 years,51,01-99,8.0,7.4,3.0,1.9,0.6,2.6,0.8,0.8,1.2,3.4,33598.0,765.0
India,"PLFS Year (Jul - Jun), 2018",Female,Rural,15-29 years,51,05-43,1.7,1.1,0.6,0.3,0.1,1.0,0.1,0.0,0.2,0.6,6145.0,153.0
India,"PLFS Year (Jul - Jun), 2018",Female,Rural,15-29 years,51,45-99,0.0,0.0,0.1,0.0,0.0,0.2,0.0,0.0,0.0,0.0,268.0,21.0
India,"PLFS Year (Jul - Jun), 2018",Female,Rural,15-29 years,41 & 51,01-99,8.4,7.6,3.1,2.1,0.7,3.2,1.0,0.8,1.4,3.6,35546.0,850.0
India,"PLFS Year (Jul - Jun), 2018",Female,Rural,15-29 years,11-51,01-03,17.4,15.5,8.7,5.4,4.1,4.5,3.6,4.7,4.6,8.8,87313.0,2749.0
India,"PLFS Year (Jul - Jun), 2018",Female,Rural,15-29 years,11-51,01-99,21.1,20.2,13.1,9.2,7.9,24.3,12.2,21.7,9.9,13.6,134417.0,4592.0
India,"PLFS Year (Jul - Jun), 2018",Female,Rural,15-29 years,11-51,05-43,3.4,3.5,3.2,2.3,1.4,8.5,1.2,0.4,1.8,2.7,26177.0,903.0
India,"PLFS Year (Jul - Jun), 2018",Female,Rural,15-29 years,11-51,45-99,0.2,1.1,1.2,1.6,2.4,11.2,7.4,16.6,3.5,2.1,20927.0,940.0
India,"PLFS Year (Jul - Jun), 2018",Female,Rural,15-29 years,81,,0.0,0.4,0.6,0.8,2.2,21.5,12.5,22.0,4.2,2.2,21562.0,1035.0
India,"PLFS Year (Jul - Jun), 2018",Female,Rural,15-29 years,11-81,,21.1,20.6,13.7,10.0,10.1,45.8,24.7,43.7,14.1,15.8,155979.0,5627.0
India,"PLFS Year (Jul - Jun), 2018",Female,Rural,15-29 years,UR,,0.0,2.0,4.0,7.7,21.8,47.0,50.7,50.3,30.0,13.8,,
India,"PLFS Year (Jul - Jun), 2018",Female,Rural,15-29 years,91,,0.2,7.9,28.7,50.0,47.7,14.9,22.3,7.5,42.7,28.7,283632.0,10659.0
India,"PLFS Year (Jul - Jun), 2018",Female,Rural,15-29 years,92,,47.4,45.6,40.2,29.4,32.3,34.5,41.9,36.8,32.8,38.4,379167.0,11366.0
India,"PLFS Year (Jul - Jun), 2018",Female,Rural,15-29 years,93,,26.9,25.2,16.4,10.1,9.2,3.3,10.4,11.3,9.7,15.9,157041.0,4449.0
India,"PLFS Year (Jul - Jun), 2018",Female,Rural,15-29 years,94,,1.2,0.5,0.4,0.3,0.3,0.9,0.5,0.5,0.3,0.5,4873.0,146.0
India,"PLFS Year (Jul - Jun), 2018",Female,Rural,15-29 years,95,,1.8,0.2,0.2,0.1,0.1,0.6,0.0,0.0,0.1,0.3,3313.0,126.0
India,"PLFS Year (Jul - Jun), 2018",Female,Rural,15-29 years,97,,1.4,0.1,0.3,0.1,0.3,0.0,0.2,0.2,0.2,0.4,3609.0,121.0
India,"PLFS Year (Jul - Jun), 2018",Female,Rural,15-29 years,99,,0.0,0.0,0.0,0.0,0.0,0.0,0.0,0.0,0.0,0.0,0.0,0.0
India,"PLFS Year (Jul - Jun), 2018",Female,Rural,15-29 years,91-99,,78.9,79.4,86.3,90.0,89.9,54.2,75.3,56.3,85.9,84.2,831637.0,26867.0
India,"PLFS Year (Jul - Jun), 2018",Female,Rural,15-29 years,11-99,,100.0,100.0,100.0,100.0,100.0,100.0,100.0,100.0,100.0,100.0,987616.0,32494.0
India,"PLFS Year (Jul - Jun), 2018",Female,Rural,15 years and above,"11,12",01-03,4.6,4.3,2.3,1.8,1.1,1.1,0.8,0.8,1.4,3.4,91561.0,3661.0
India,"PLFS Year (Jul - Jun), 2018",Female,Rural,15 years and above,"11,12",01-96,6.1,7.3,5.3,4.1,3.2,5.6,2.5,4.6,3.6,5.6,151655.0,5823.0
India,"PLFS Year (Jul - Jun), 2018",Female,Rural,15 years and above,"11,12",05-43,1.0,2.3,2.1,1.7,1.3,2.5,0.7,1.3,1.4,1.5,41227.0,1365.0
India,"PLFS Year (Jul - Jun), 2018",Female,Rural,15 years and above,"11,12",45-96,0.5,0.8,0.8,0.7,0.7,2.0,1.0,2.5,0.9,0.7,18867.0,797.0
India,"PLFS Year (Jul - Jun), 2018",Female,Rural,15 years and above,21,01-03,11.8,10.3,7.3,5.2,4.2,4.2,2.4,3.6,4.4,8.9,244026.0,8422.0
India,"PLFS Year (Jul - Jun), 2018",Female,Rural,15 years and above,21,01-96,12.5,11.2,8.3,5.8,4.9,4.2,2.8,3.9,4.9,9.6,263217.0,9073.0
India,"PLFS Year (Jul - Jun), 2018",Female,Rural,15 years and above,21,05-43,0.2,0.3,0.3,0.2,0.2,0.0,0.1,0.1,0.2,0.3,6883.0,228.0
India,"PLFS Year (Jul - Jun), 2018",Female,Rural,15 years and above,21,45-96,0.4,0.5,0.6,0.3,0.4,0.0,0.3,0.3,0.3,0.5,12308.0,423.0
India,"PLFS Year (Jul - Jun), 2018",Female,Rural,15 years and above,11-21,01-03,16.5,14.5,9.6,7.0,5.4,5.3,3.3,4.4,5.7,12.3,335587.0,12083.0
India,"PLFS Year (Jul - Jun), 2018",Female,Rural,15 years and above,11-21,01-96,18.6,18.4,13.5,9.9,8.0,9.8,5.4,8.6,8.5,15.2,414872.0,14896.0
India,"PLFS Year (Jul - Jun), 2018",Female,Rural,15 years and above,11-21,05-43,1.2,2.6,2.5,1.9,1.5,2.5,0.8,1.4,1.6,1.8,48110.0,1593.0
India,"PLFS Year (Jul - Jun), 2018",Female,Rural,15 years and above,11-21,45-96,0.9,1.3,1.4,1.1,1.1,2.0,1.3,2.8,1.2,1.1,31175.0,1220.0
India,"PLFS Year (Jul - Jun), 2018",Female,Rural,15 years and above,31,01-03,0.2,0.4,0.3,0.0,0.0,0.0,0.0,0.0,0.0,0.2,5334.0,193.0
India,"PLFS Year (Jul - Jun), 2018",Female,Rural,15 years and above,31,01-99,1.1,2.1,2.5,3.8,4.5,21.1,12.3,22.5,6.4,2.8,76921.0,3215.0
India,"PLFS Year (Jul - Jun), 2018",Female,Rural,15 years and above,31,05-43,0.2,0.4,0.5,0.4,0.3,2.9,0.3,0.2,0.4,0.4,9665.0,351.0
India,"PLFS Year (Jul - Jun), 2018",Female,Rural,15 years and above,31,45-99,0.7,1.3,1.7,3.4,4.1,18.2,11.9,22.3,6.0,2.3,61923.0,2671.0
India,"PLFS Year (Jul - Jun), 2018",Female,Rural,15 years and above,41,,1.0,1.0,1.0,0.6,0.3,1.0,0.1,0.0,0.4,0.9,23323.0,821.0
India,"PLFS Year (Jul - Jun), 2018",Female,Rural,15 years and above,51,01-03,8.8,6.9,3.1,2.3,0.7,0.9,0.5,0.5,1.4,5.6,153959.0,3788.0
India,"PLFS Year (Jul - Jun), 2018",Female,Rural,15 years and above,51,01-99,10.1,8.2,3.9,2.8,1.0,2.4,0.6,0.5,1.8,6.6,181174.0,4616.0
India,"PLFS Year (Jul - Jun), 2018",Female,Rural,15 years and above,51,05-43,1.2,1.2,0.7,0.5,0.2,1.3,0.1,0.0,0.3,0.9,25165.0,722.0
India,"PLFS Year (Jul - Jun), 2018",Female,Rural,15 years and above,51,45-99,0.1,0.1,0.1,0.0,0.0,0.2,0.0,0.0,0.0,0.1,2051.0,106.0
India,"PLFS Year (Jul - Jun), 2018",Female,Rural,15 years and above,41 & 51,01-99,11.1,9.2,4.9,3.5,1.3,3.4,0.7,0.5,2.2,7.5,204497.0,5437.0
India,"PLFS Year (Jul - Jun), 2018",Female,Rural,15 years and above,11-51,01-03,25.4,21.9,13.0,9.3,6.1,6.2,3.8,4.9,7.1,18.1,494879.0,16064.0
India,"PLFS Year (Jul - Jun), 2018",Female,Rural,15 years and above,11-51,01-99,30.7,29.8,21.0,17.2,13.8,34.3,18.4,31.5,17.1,25.5,696290.0,23548.0
India,"PLFS Year (Jul - Jun), 2018",Female,Rural,15 years and above,11-51,05-43,3.6,5.2,4.7,3.5,2.3,7.7,1.3,1.6,2.8,3.9,106262.0,3487.0
India,"PLFS Year (Jul - Jun), 2018",Female,Rural,15 years and above,11-51,45-99,1.7,2.7,3.2,4.5,5.3,20.4,13.3,25.1,7.2,3.5,95148.0,3997.0
India,"PLFS Year (Jul - Jun), 2018",Female,Rural,15 years and above,81,,0.0,0.2,0.4,0.7,1.9,15.6,9.4,18.3,3.4,0.9,25294.0,1243.0
India,"PLFS Year (Jul - Jun), 2018",Female,Rural,15 years and above,11-81,,30.7,30.0,21.3,17.9,15.6,49.9,27.8,49.9,20.5,26.4,721584.0,24791.0
India,"PLFS Year (Jul - Jun), 2018",Female,Rural,15 years and above,UR,,0.0,0.6,1.7,3.7,11.9,31.3,33.9,36.8,16.6,3.5,,
India,"PLFS Year (Jul - Jun), 2018",Female,Rural,15 years and above,91,,0.2,2.5,15.6,32.4,36.1,8.4,15.6,5.6,29.6,10.5,285939.0,10735.0
India,"PLFS Year (Jul - Jun), 2018",Female,Rural,15 years and above,92,,33.9,40.8,42.8,34.9,36.1,35.7,44.4,31.6,36.7,37.4,1020652.0,32314.0
India,"PLFS Year (Jul - Jun), 2018",Female,Rural,15 years and above,93,,20.3,22.5,17.9,13.2,11.1,3.2,10.7,12.2,11.8,18.3,498458.0,14974.0
India,"PLFS Year (Jul - Jun), 2018",Female,Rural,15 years and above,94,,8.9,3.1,1.8,1.2,0.7,1.9,1.1,0.6,1.0,4.7,128299.0,3903.0
India,"PLFS Year (Jul - Jun), 2018",Female,Rural,15 years and above,95,,1.9,0.5,0.2,0.1,0.1,0.4,0.0,0.0,0.1,0.9,25400.0,834.0
India,"PLFS Year (Jul - Jun), 2018",Female,Rural,15 years and above,97,,4.0,0.6,0.3,0.2,0.4,0.5,0.3,0.1,0.3,1.9,50778.0,1409.0
India,"PLFS Year (Jul - Jun), 2018",Female,Rural,15 years and above,99,,0.0,0.0,0.0,0.0,0.0,0.0,0.0,0.0,0.0,0.0,0.0,0.0
India,"PLFS Year (Jul - Jun), 2018",Female,Rural,15 years and above,91-99,,69.3,70.0,78.7,82.1,84.4,50.1,72.2,50.1,79.5,73.6,2009526.0,64169.0
India,"PLFS Year (Jul - Jun), 2018",Female,Rural,15 years and above,11-99,,100.0,100.0,100.0,100.0,100.0,100.0,100.0,100.0,100.0,100.0,2731110.0,88960.0
India,"PLFS Year (Jul - Jun), 2018",Female,Rural,all ages,"11,12",01-03,3.5,2.1,2.0,1.7,1.1,1.1,0.8,0.8,1.4,2.5,91578.0,3664.0
India,"PLFS Year (Jul - Jun), 2018",Female,Rural,all ages,"11,12",01-96,4.6,3.5,4.6,4.1,3.2,5.6,2.5,4.6,3.6,4.1,151987.0,5828.0
India,"PLFS Year (Jul - Jun), 2018",Female,Rural,all ages,"11,12",05-43,0.7,1.1,1.9,1.7,1.3,2.5,0.7,1.3,1.4,1.1,41542.0,1367.0
India,"PLFS Year (Jul - Jun), 2018",Female,Rural,all ages,"11,12",45-96,0.4,0.4,0.7,0.7,0.7,2.0,1.0,2.5,0.9,0.5,18867.0,797.0
India,"PLFS Year (Jul - Jun), 2018",Female,Rural,all ages,21,01-03,8.9,5.0,6.3,5.2,4.2,4.2,2.4,3.6,4.3,6.7,245106.0,8464.0
India,"PLFS Year (Jul - Jun), 2018",Female,Rural,all ages,21,01-96,9.4,5.5,7.2,5.7,4.9,4.2,2.8,3.9,4.9,7.2,264772.0,9119.0
India,"PLFS Year (Jul - Jun), 2018",Female,Rural,all ages,21,05-43,0.2,0.2,0.3,0.2,0.2,0.0,0.1,0.1,0.2,0.2,7253.0,231.0
India,"PLFS Year (Jul - Jun), 2018",Female,Rural,all ages,21,45-96,0.3,0.3,0.6,0.3,0.4,0.0,0.3,0.3,0.3,0.3,12413.0,424.0
India,"PLFS Year (Jul - Jun), 2018",Female,Rural,all ages,11-21,01-03,12.4,7.1,8.4,6.9,5.4,5.3,3.3,4.4,5.7,9.1,336684.0,12128.0
India,"PLFS Year (Jul - Jun), 2018",Female,Rural,all ages,11-21,01-96,14.0,9.0,11.8,9.9,8.0,9.8,5.4,8.6,8.5,11.3,416760.0,14947.0
India,"PLFS Year (Jul - Jun), 2018",Female,Rural,all ages,11-21,05-43,0.9,1.3,2.1,1.9,1.5,2.5,0.8,1.4,1.6,1.3,48795.0,1598.0
India,"PLFS Year (Jul - Jun), 2018",Female,Rural,all ages,11-21,45-96,0.7,0.6,1.2,1.1,1.1,2.0,1.3,2.8,1.2,0.8,31281.0,1221.0
India,"PLFS Year (Jul - Jun), 2018",Female,Rural,all ages,31,01-03,0.1,0.2,0.2,0.0,0.0,0.0,0.0,0.0,0.0,0.1,5334.0,193.0
India,"PLFS Year (Jul - Jun), 2018",Female,Rural,all ages,31,01-99,0.8,1.0,2.2,3.8,4.5,21.1,12.3,22.5,6.4,2.1,76922.0,3216.0
India,"PLFS Year (Jul - Jun), 2018",Female,Rural,all ages,31,05-43,0.2,0.2,0.5,0.4,0.3,2.9,0.3,0.2,0.4,0.3,9665.0,351.0
India,"PLFS Year (Jul - Jun), 2018",Female,Rural,all ages,31,45-99,0.5,0.6,1.5,3.4,4.1,18.2,11.9,22.3,6.0,1.7,61923.0,2672.0
India,"PLFS Year (Jul - Jun), 2018",Female,Rural,all ages,41,,0.7,0.5,0.9,0.6,0.3,1.0,0.1,0.0,0.4,0.6,23323.0,821.0
India,"PLFS Year (Jul - Jun), 2018",Female,Rural,all ages,51,01-03,6.6,3.3,2.8,2.2,0.7,0.9,0.5,0.5,1.4,4.2,154481.0,3796.0
India,"PLFS Year (Jul - Jun), 2018",Female,Rural,all ages,51,01-99,7.6,4.0,3.4,2.8,1.0,2.4,0.6,0.5,1.7,4.9,181696.0,4624.0
India,"PLFS Year (Jul - Jun), 2018",Female,Rural,all ages,51,05-43,0.9,0.6,0.6,0.5,0.2,1.3,0.1,0.0,0.3,0.7,25165.0,722.0
India,"PLFS Year (Jul - Jun), 2018",Female,Rural,all ages,51,45-99,0.1,0.0,0.1,0.0,0.0,0.2,0.0,0.0,0.0,0.1,2051.0,106.0
India,"PLFS Year (Jul - Jun), 2018",Female,Rural,all ages,41 & 51,01-99,8.4,4.5,4.3,3.5,1.3,3.4,0.7,0.5,2.2,5.6,205019.0,5445.0
India,"PLFS Year (Jul - Jun), 2018",Female,Rural,all ages,11-51,01-03,19.2,10.6,11.4,9.2,6.1,6.2,3.8,4.9,7.1,13.5,496498.0,16117.0
India,"PLFS Year (Jul - Jun), 2018",Female,Rural,all ages,11-51,01-99,23.2,14.5,18.3,17.1,13.8,34.3,18.4,31.5,17.0,19.0,698701.0,23608.0
India,"PLFS Year (Jul - Jun), 2018",Female,Rural,all ages,11-51,05-43,2.7,2.6,4.1,3.4,2.3,7.7,1.3,1.6,2.7,2.9,106948.0,3492.0
India,"PLFS Year (Jul - Jun), 2018",Female,Rural,all ages,11-51,45-99,1.3,1.3,2.8,4.5,5.3,20.4,13.3,25.1,7.2,2.6,95255.0,3999.0
India,"PLFS Year (Jul - Jun), 2018",Female,Rural,all ages,81,,0.0,0.1,0.3,0.7,1.9,15.6,9.4,18.3,3.4,0.7,25454.0,1255.0
India,"PLFS Year (Jul - Jun), 2018",Female,Rural,all ages,11-81,,23.2,14.6,18.6,17.8,15.6,49.9,27.8,49.9,20.4,19.7,724155.0,24863.0
India,"PLFS Year (Jul - Jun), 2018",Female,Rural,all ages,UR,,0.0,0.7,1.7,3.7,11.9,31.3,33.9,36.8,16.6,3.5,,
India,"PLFS Year (Jul - Jun), 2018",Female,Rural,all ages,91,,3.2,50.9,26.1,32.8,36.1,8.4,15.6,5.6,29.7,24.5,901164.0,29604.0
India,"PLFS Year (Jul - Jun), 2018",Female,Rural,all ages,92,,25.9,20.2,37.5,34.8,36.1,35.7,44.4,31.6,36.7,28.0,1032548.0,32561.0
India,"PLFS Year (Jul - Jun), 2018",Female,Rural,all ages,93,,15.5,11.0,15.6,13.1,11.1,3.2,10.7,12.2,11.8,13.6,502652.0,15054.0
India,"PLFS Year (Jul - Jun), 2018",Female,Rural,all ages,94,,6.7,1.5,1.6,1.2,0.7,1.9,1.1,0.6,1.0,3.5,128705.0,3917.0
India,"PLFS Year (Jul - Jun), 2018",Female,Rural,all ages,95,,1.5,0.3,0.2,0.1,0.1,0.4,0.0,0.0,0.1,0.7,26880.0,879.0
India,"PLFS Year (Jul - Jun), 2018",Female,Rural,all ages,97,,3.8,0.5,0.3,0.2,0.4,0.5,0.3,0.1,0.3,1.7,64376.0,1711.0
India,"PLFS Year (Jul - Jun), 2018",Female,Rural,all ages,99,,20.2,1.0,0.0,0.0,0.0,0.0,0.0,0.0,0.0,8.3,304549.0,8780.0
India,"PLFS Year (Jul - Jun), 2018",Female,Rural,all ages,91-99,,76.8,85.4,81.4,82.2,84.4,50.1,72.2,50.1,79.6,80.3,2960873.0,92506.0
India,"PLFS Year (Jul - Jun), 2018",Female,Rural,all ages,11-99,,100.0,100.0,100.0,100.0,100.0,100.0,100.0,100.0,100.0,100.0,3685028.0,117369.0
India,"PLFS Year (Jul - Jun), 2018",Persons,Rural,15-29 years,"11,12",01-03,4.9,4.4,3.4,2.1,2.5,1.2,3.5,2.1,2.5,3.2,64577.0,2012.0
India,"PLFS Year (Jul - Jun), 2018",Persons,Rural,15-29 years,"11,12",01-96,7.3,8.9,7.5,5.6,5.7,7.2,9.0,7.2,6.3,7.1,142394.0,4814.0
India,"PLFS Year (Jul - Jun), 2018",Persons,Rural,15-29 years,"11,12",05-43,1.4,2.1,1.7,1.3,0.8,2.5,0.8,0.3,1.0,1.4,27921.0,1038.0
India,"PLFS Year (Jul - Jun), 2018",Persons,Rural,15-29 years,"11,12",45-96,1.0,2.3,2.4,2.1,2.5,3.5,4.7,4.8,2.8,2.5,49896.0,1764.0
India,"PLFS Year (Jul - Jun), 2018",Persons,Rural,15-29 years,21,01-03,10.4,10.4,8.8,5.7,6.2,4.4,6.0,5.4,5.9,7.7,154885.0,5278.0
India,"PLFS Year (Jul - Jun), 2018",Persons,Rural,15-29 years,21,01-96,10.8,11.5,9.9,6.8,7.2,6.3,7.4,6.7,7.0,8.7,176106.0,6011.0
India,"PLFS Year (Jul - Jun), 2018",Persons,Rural,15-29 years,21,05-43,0.3,0.4,0.4,0.4,0.2,0.6,0.3,0.1,0.3,0.3,6673.0,248.0
India,"PLFS Year (Jul - Jun), 2018",Persons,Rural,15-29 years,21,45-96,0.1,0.6,0.7,0.8,0.8,1.2,1.1,1.3,0.8,0.7,14548.0,485.0
India,"PLFS Year (Jul - Jun), 2018",Persons,Rural,15-29 years,11-21,01-03,15.3,14.9,12.2,7.8,8.7,5.6,9.5,7.5,8.4,10.9,219462.0,7290.0
India,"PLFS Year (Jul - Jun), 2018",Persons,Rural,15-29 years,11-21,01-96,18.1,20.3,17.4,12.4,12.9,13.4,16.4,13.9,13.3,15.8,318501.0,10825.0
India,"PLFS Year (Jul - Jun), 2018",Persons,Rural,15-29 years,11-21,05-43,1.7,2.6,2.0,1.6,1.0,3.1,1.1,0.4,1.3,1.7,34594.0,1286.0
India,"PLFS Year (Jul - Jun), 2018",Persons,Rural,15-29 years,11-21,45-96,1.1,2.9,3.2,2.9,3.2,4.7,5.8,6.1,3.6,3.2,64444.0,2249.0
India,"PLFS Year (Jul - Jun), 2018",Persons,Rural,15-29 years,31,01-03,0.1,0.4,0.3,0.1,0.1,0.2,0.1,0.0,0.1,0.2,3995.0,143.0
India,"PLFS Year (Jul - Jun), 2018",Persons,Rural,15-29 years,31,01-99,1.7,4.3,4.4,4.4,5.7,25.4,13.3,24.0,7.5,5.7,115274.0,4486.0
India,"PLFS Year (Jul - Jun), 2018",Persons,Rural,15-29 years,31,05-43,0.7,1.6,1.7,1.6,1.8,14.0,2.2,2.6,2.1,1.8,36913.0,1327.0
India,"PLFS Year (Jul - Jun), 2018",Persons,Rural,15-29 years,31,45-99,0.8,2.2,2.3,2.7,3.8,11.2,11.0,21.4,5.3,3.7,74366.0,3016.0
India,"PLFS Year (Jul - Jun), 2018",Persons,Rural,15-29 years,41,,0.4,0.2,0.2,0.1,0.1,0.5,0.1,0.0,0.1,0.2,3257.0,138.0
India,"PLFS Year (Jul - Jun), 2018",Persons,Rural,15-29 years,51,01-03,8.9,9.4,4.8,2.2,1.4,2.2,0.9,0.7,1.7,4.2,84137.0,1936.0
India,"PLFS Year (Jul - Jun), 2018",Persons,Rural,15-29 years,51,01-99,17.7,21.4,11.9,6.4,3.9,7.1,2.3,1.5,4.7,10.0,202224.0,5433.0
India,"PLFS Year (Jul - Jun), 2018",Persons,Rural,15-29 years,51,05-43,8.0,10.9,6.5,3.6,2.2,3.4,1.1,0.6,2.6,5.3,105889.0,3095.0
India,"PLFS Year (Jul - Jun), 2018",Persons,Rural,15-29 years,51,45-99,0.7,1.1,0.6,0.6,0.3,1.4,0.2,0.3,0.4,0.6,12198.0,402.0
India,"PLFS Year (Jul - Jun), 2018",Persons,Rural,15-29 years,41 & 51,01-99,18.1,21.6,12.1,6.6,3.9,7.6,2.4,1.5,4.8,10.2,205481.0,5571.0
India,"PLFS Year (Jul - Jun), 2018",Persons,Rural,15-29 years,11-51,01-03,24.4,24.7,17.3,10.2,10.1,8.1,10.5,8.1,10.1,15.3,307595.0,9369.0
India,"PLFS Year (Jul - Jun), 2018",Persons,Rural,15-29 years,11-51,01-99,37.9,46.2,33.8,23.3,22.6,46.5,32.1,39.5,25.6,31.7,639256.0,20882.0
India,"PLFS Year (Jul - Jun), 2018",Persons,Rural,15-29 years,11-51,05-43,10.8,15.3,10.4,6.9,5.1,21.1,4.5,3.5,6.1,9.0,180654.0,5846.0
India,"PLFS Year (Jul - Jun), 2018",Persons,Rural,15-29 years,11-51,45-99,2.7,6.3,6.1,6.2,7.3,17.3,17.0,27.8,9.3,7.5,151008.0,5667.0
India,"PLFS Year (Jul - Jun), 2018",Persons,Rural,15-29 years,81,,2.3,3.8,4.7,3.6,5.2,24.4,19.8,25.8,8.0,6.0,121886.0,4438.0
India,"PLFS Year (Jul - Jun), 2018",Persons,Rural,15-29 years,11-81,,40.2,50.0,38.5,26.9,27.8,70.8,51.8,65.3,33.6,37.8,761142.0,25320.0
India,"PLFS Year (Jul - Jun), 2018",Persons,Rural,15-29 years,UR,,5.8,7.5,12.2,13.2,18.7,34.4,38.1,39.6,23.8,16.0,,
India,"PLFS Year (Jul - Jun), 2018",Persons,Rural,15-29 years,91,,0.4,9.9,32.7,54.2,52.6,18.0,23.6,9.4,46.4,33.8,681701.0,25561.0
India,"PLFS Year (Jul - Jun), 2018",Persons,Rural,15-29 years,92,,33.5,24.9,19.4,13.5,14.8,9.2,19.3,18.5,15.0,19.1,384118.0,11576.0
India,"PLFS Year (Jul - Jun), 2018",Persons,Rural,15-29 years,93,,19.1,13.9,7.9,4.6,4.2,0.9,4.7,5.6,4.4,7.9,159069.0,4534.0
India,"PLFS Year (Jul - Jun), 2018",Persons,Rural,15-29 years,94,,1.0,0.5,0.4,0.2,0.2,0.3,0.2,0.3,0.2,0.4,7116.0,187.0
India,"PLFS Year (Jul - Jun), 2018",Persons,Rural,15-29 years,95,,4.0,0.5,0.5,0.2,0.1,0.3,0.1,0.0,0.2,0.6,12017.0,391.0
India,"PLFS Year (Jul - Jun), 2018",Persons,Rural,15-29 years,97,,1.8,0.4,0.6,0.3,0.3,0.5,0.3,0.9,0.3,0.5,10889.0,384.0
India,"PLFS Year (Jul - Jun), 2018",Persons,Rural,15-29 years,99,,0.0,0.0,0.0,0.0,0.0,0.0,0.0,0.0,0.0,0.0,0.0,0.0
India,"PLFS Year (Jul - Jun), 2018",Persons,Rural,15-29 years,91-99,,59.8,50.0,61.5,73.1,72.2,29.2,48.2,34.7,66.4,62.2,1254911.0,42633.0
India,"PLFS Year (Jul - Jun), 2018",Persons,Rural,15-29 years,11-99,,100.0,100.0,100.0,100.0,100.0,100.0,100.0,100.0,100.0,100.0,2016052.0,67953.0
India,"PLFS Year (Jul - Jun), 2018",Persons,Rural,15 years and above,"11,12",01-03,14.8,16.9,13.9,12.0,9.3,5.5,10.1,6.1,10.4,13.7,749958.0,24399.0
India,"PLFS Year (Jul - Jun), 2018",Persons,Rural,15 years and above,"11,12",01-96,18.0,24.7,22.7,19.8,16.7,14.1,18.7,15.5,18.3,20.3,1111569.0,37536.0
India,"PLFS Year (Jul - Jun), 2018",Persons,Rural,15 years and above,"11,12",05-43,1.4,2.9,3.0,2.4,1.5,3.3,1.4,1.2,1.9,2.2,119689.0,4319.0
India,"PLFS Year (Jul - Jun), 2018",Persons,Rural,15 years and above,"11,12",45-96,1.8,4.8,5.8,5.4,5.9,5.3,7.2,8.3,6.0,4.4,241922.0,8818.0
India,"PLFS Year (Jul - Jun), 2018",Persons,Rural,15 years and above,21,01-03,8.5,7.8,7.4,5.8,6.1,4.2,5.5,4.6,5.7,7.3,401389.0,13529.0
India,"PLFS Year (Jul - Jun), 2018",Persons,Rural,15 years and above,21,01-96,9.0,8.5,8.4,6.7,7.2,5.3,6.6,5.7,6.8,8.1,444289.0,14973.0
India,"PLFS Year (Jul - Jun), 2018",Persons,Rural,15 years and above,21,05-43,0.2,0.3,0.3,0.3,0.2,0.4,0.2,0.0,0.2,0.2,12876.0,462.0
India,"PLFS Year (Jul - Jun), 2018",Persons,Rural,15 years and above,21,45-96,0.3,0.4,0.7,0.6,0.9,0.7,0.9,1.1,0.8,0.5,30023.0,982.0
India,"PLFS Year (Jul - Jun), 2018",Persons,Rural,15 years and above,11-21,01-03,23.3,24.8,21.3,17.8,15.4,9.7,15.6,10.7,16.1,21.0,1151347.0,37928.0
India,"PLFS Year (Jul - Jun), 2018",Persons,Rural,15 years and above,11-21,01-96,27.0,33.2,31.1,26.5,23.9,19.4,25.4,21.2,25.0,28.4,1555858.0,52509.0
India,"PLFS Year (Jul - Jun), 2018",Persons,Rural,15 years and above,11-21,05-43,1.6,3.2,3.3,2.7,1.7,3.7,1.6,1.2,2.2,2.4,132566.0,4781.0
India,"PLFS Year (Jul - Jun), 2018",Persons,Rural,15 years and above,11-21,45-96,2.0,5.2,6.5,6.0,6.8,6.1,8.1,9.3,6.7,5.0,271945.0,9800.0
India,"PLFS Year (Jul - Jun), 2018",Persons,Rural,15 years and above,31,01-03,0.3,0.5,0.3,0.2,0.2,0.5,0.2,0.1,0.2,0.3,16553.0,650.0
India,"PLFS Year (Jul - Jun), 2018",Persons,Rural,15 years and above,31,01-99,1.8,4.8,6.4,7.4,9.8,31.2,22.4,36.7,12.5,6.6,360494.0,14512.0
India,"PLFS Year (Jul - Jun), 2018",Persons,Rural,15 years and above,31,05-43,0.6,1.7,2.1,2.0,2.5,14.5,2.5,2.2,2.6,1.7,93934.0,3363.0
India,"PLFS Year (Jul - Jun), 2018",Persons,Rural,15 years and above,31,45-99,1.0,2.6,3.9,5.2,7.1,16.3,19.7,34.4,9.7,4.6,250007.0,10499.0
India,"PLFS Year (Jul - Jun), 2018",Persons,Rural,15 years and above,41,,0.8,0.6,0.6,0.3,0.2,0.5,0.1,0.0,0.2,0.5,29433.0,1044.0
India,"PLFS Year (Jul - Jun), 2018",Persons,Rural,15 years and above,51,01-03,11.2,9.8,5.5,3.2,1.7,1.7,1.0,0.5,2.2,7.0,383863.0,9371.0
India,"PLFS Year (Jul - Jun), 2018",Persons,Rural,15 years and above,51,01-99,17.1,19.8,13.6,8.6,4.8,6.2,2.4,1.0,5.9,13.5,737855.0,19729.0
India,"PLFS Year (Jul - Jun), 2018",Persons,Rural,15 years and above,51,05-43,5.5,9.0,7.3,4.7,2.7,3.3,1.2,0.4,3.2,5.8,319060.0,9242.0
India,"PLFS Year (Jul - Jun), 2018",Persons,Rural,15 years and above,51,45-99,0.4,1.0,0.8,0.7,0.4,1.2,0.2,0.2,0.5,0.6,34932.0,1116.0
India,"PLFS Year (Jul - Jun), 2018",Persons,Rural,15 years and above,41 & 51,01-99,17.9,20.4,14.2,9.0,5.0,6.7,2.5,1.0,6.2,14.0,767288.0,20773.0
India,"PLFS Year (Jul - Jun), 2018",Persons,Rural,15 years and above,11-51,01-03,34.8,35.1,27.1,21.2,17.3,11.8,16.8,11.3,18.5,28.3,1551763.0,47949.0
India,"PLFS Year (Jul - Jun), 2018",Persons,Rural,15 years and above,11-51,01-99,46.7,58.4,51.7,42.9,38.6,57.4,50.2,59.0,43.7,48.9,2683640.0,87794.0
India,"PLFS Year (Jul - Jun), 2018",Persons,Rural,15 years and above,11-51,05-43,8.5,14.5,13.3,9.7,7.1,21.9,5.4,3.8,8.2,10.5,574992.0,18430.0
India,"PLFS Year (Jul - Jun), 2018",Persons,Rural,15 years and above,11-51,45-99,3.5,8.8,11.3,11.9,14.2,23.6,27.9,43.9,16.9,10.2,556884.0,21415.0
India,"PLFS Year (Jul - Jun), 2018",Persons,Rural,15 years and above,81,,0.4,1.3,2.5,2.4,3.9,16.3,12.4,16.1,5.5,2.6,140606.0,5081.0
India,"PLFS Year (Jul - Jun), 2018",Persons,Rural,15 years and above,11-81,,47.1,59.7,54.2,45.3,42.5,73.7,62.6,75.0,49.2,51.5,2824245.0,92875.0
India,"PLFS Year (Jul - Jun), 2018",Persons,Rural,15 years and above,UR,,0.8,2.2,4.7,5.3,9.2,22.1,19.8,21.4,11.2,5.0,,
India,"PLFS Year (Jul - Jun), 2018",Persons,Rural,15 years and above,91,,0.1,2.9,15.8,31.6,35.8,10.9,13.7,5.0,28.4,12.5,685339.0,25672.0
India,"PLFS Year (Jul - Jun), 2018",Persons,Rural,15 years and above,92,,22.5,20.2,18.6,14.4,14.9,10.3,16.8,12.0,14.8,18.9,1036440.0,32910.0
India,"PLFS Year (Jul - Jun), 2018",Persons,Rural,15 years and above,93,,13.4,11.2,7.8,5.4,4.6,0.9,4.0,4.6,4.7,9.2,505010.0,15239.0
India,"PLFS Year (Jul - Jun), 2018",Persons,Rural,15 years and above,94,,9.7,3.9,2.3,2.3,1.4,3.1,2.3,2.8,2.1,4.8,262514.0,7937.0
India,"PLFS Year (Jul - Jun), 2018",Persons,Rural,15 years and above,95,,2.7,1.0,0.6,0.4,0.2,0.6,0.1,0.0,0.3,1.2,66441.0,2175.0
India,"PLFS Year (Jul - Jun), 2018",Persons,Rural,15 years and above,97,,4.4,1.2,0.7,0.5,0.6,0.5,0.4,0.5,0.5,1.9,104466.0,2988.0
India,"PLFS Year (Jul - Jun), 2018",Persons,Rural,15 years and above,99,,0.0,0.0,0.0,0.0,0.0,0.0,0.0,0.0,0.0,0.0,0.0,0.0
India,"PLFS Year (Jul - Jun), 2018",Persons,Rural,15 years and above,91-99,,52.9,40.3,45.8,54.7,57.5,26.3,37.4,25.0,50.8,48.5,2660210.0,86921.0
India,"PLFS Year (Jul - Jun), 2018",Persons,Rural,15 years and above,11-99,,100.0,100.0,100.0,100.0,100.0,100.0,100.0,100.0,100.0,100.0,5484455.0,179796.0
India,"PLFS Year (Jul - Jun), 2018",Persons,Rural,all ages,"11,12",01-03,10.2,8.0,12.2,12.0,9.3,5.5,10.1,6.1,10.4,10.0,750010.0,24408.0
India,"PLFS Year (Jul - Jun), 2018",Persons,Rural,all ages,"11,12",01-96,12.5,11.7,20.0,19.8,16.7,14.1,18.7,15.5,18.2,14.8,1112137.0,37550.0
India,"PLFS Year (Jul - Jun), 2018",Persons,Rural,all ages,"11,12",05-43,1.0,1.4,2.6,2.4,1.5,3.3,1.4,1.2,1.9,1.6,120203.0,4322.0
India,"PLFS Year (Jul - Jun), 2018",Persons,Rural,all ages,"11,12",45-96,1.2,2.2,5.1,5.4,5.9,5.3,7.2,8.3,5.9,3.2,241924.0,8820.0
India,"PLFS Year (Jul - Jun), 2018",Persons,Rural,all ages,21,01-03,5.9,3.8,6.5,5.7,6.1,4.2,5.5,4.6,5.7,5.4,404192.0,13648.0
India,"PLFS Year (Jul - Jun), 2018",Persons,Rural,all ages,21,01-96,6.3,4.1,7.4,6.6,7.2,5.3,6.6,5.7,6.8,6.0,447731.0,15103.0
India,"PLFS Year (Jul - Jun), 2018",Persons,Rural,all ages,21,05-43,0.1,0.1,0.3,0.3,0.2,0.4,0.2,0.0,0.2,0.2,13388.0,469.0
India,"PLFS Year (Jul - Jun), 2018",Persons,Rural,all ages,21,45-96,0.2,0.2,0.6,0.6,0.9,0.7,0.9,1.1,0.8,0.4,30152.0,986.0
India,"PLFS Year (Jul - Jun), 2018",Persons,Rural,all ages,11-21,01-03,16.2,11.8,18.7,17.7,15.4,9.7,15.6,10.7,16.1,15.4,1154202.0,38056.0
India,"PLFS Year (Jul - Jun), 2018",Persons,Rural,all ages,11-21,01-96,18.7,15.8,27.3,26.4,23.9,19.4,25.4,21.2,25.0,20.8,1559868.0,52653.0
India,"PLFS Year (Jul - Jun), 2018",Persons,Rural,all ages,11-21,05-43,1.1,1.6,2.9,2.7,1.7,3.7,1.6,1.2,2.2,1.8,133591.0,4791.0
India,"PLFS Year (Jul - Jun), 2018",Persons,Rural,all ages,11-21,45-96,1.4,2.5,5.7,6.0,6.8,6.1,8.1,9.3,6.7,3.6,272076.0,9806.0
India,"PLFS Year (Jul - Jun), 2018",Persons,Rural,all ages,31,01-03,0.2,0.2,0.3,0.2,0.2,0.5,0.2,0.1,0.2,0.2,16558.0,651.0
India,"PLFS Year (Jul - Jun), 2018",Persons,Rural,all ages,31,01-99,1.3,2.3,5.6,7.3,9.8,31.2,22.4,36.7,12.5,4.8,360513.0,14517.0
India,"PLFS Year (Jul - Jun), 2018",Persons,Rural,all ages,31,05-43,0.4,0.8,1.9,2.0,2.5,14.5,2.5,2.2,2.6,1.3,93944.0,3364.0
India,"PLFS Year (Jul - Jun), 2018",Persons,Rural,all ages,31,45-99,0.7,1.2,3.5,5.2,7.1,16.3,19.7,34.4,9.7,3.3,250011.0,10502.0
India,"PLFS Year (Jul - Jun), 2018",Persons,Rural,all ages,41,,0.5,0.3,0.5,0.3,0.2,0.5,0.1,0.0,0.2,0.4,29434.0,1045.0
India,"PLFS Year (Jul - Jun), 2018",Persons,Rural,all ages,51,01-03,7.7,4.6,4.8,3.2,1.7,1.7,1.0,0.5,2.2,5.1,384537.0,9384.0
India,"PLFS Year (Jul - Jun), 2018",Persons,Rural,all ages,51,01-99,11.8,9.4,12.0,8.6,4.8,6.2,2.4,1.0,5.9,9.8,739062.0,19751.0
India,"PLFS Year (Jul - Jun), 2018",Persons,Rural,all ages,51,05-43,3.8,4.3,6.4,4.7,2.7,3.3,1.2,0.4,3.2,4.3,319540.0,9249.0
India,"PLFS Year (Jul - Jun), 2018",Persons,Rural,all ages,51,45-99,0.3,0.5,0.7,0.7,0.4,1.2,0.2,0.2,0.5,0.5,34984.0,1118.0
India,"PLFS Year (Jul - Jun), 2018",Persons,Rural,all ages,41 & 51,01-99,12.4,9.6,12.5,8.9,5.0,6.7,2.5,1.0,6.2,10.2,768496.0,20796.0
India,"PLFS Year (Jul - Jun), 2018",Persons,Rural,all ages,11-51,01-03,24.1,16.6,23.9,21.1,17.3,11.8,16.8,11.3,18.5,20.7,1555297.0,48091.0
India,"PLFS Year (Jul - Jun), 2018",Persons,Rural,all ages,11-51,01-99,32.4,27.7,45.5,42.7,38.6,57.4,50.2,59.0,43.6,35.8,2688877.0,87966.0
India,"PLFS Year (Jul - Jun), 2018",Persons,Rural,all ages,11-51,05-43,5.9,6.9,11.7,9.7,7.1,21.9,5.4,3.8,8.2,7.7,576509.0,18449.0
India,"PLFS Year (Jul - Jun), 2018",Persons,Rural,all ages,11-51,45-99,2.4,4.2,9.9,11.9,14.2,23.6,27.9,43.9,16.9,7.4,557071.0,21426.0
India,"PLFS Year (Jul - Jun), 2018",Persons,Rural,all ages,81,,0.3,0.7,2.3,2.4,3.9,16.3,12.4,16.1,5.5,1.9,142998.0,5132.0
India,"PLFS Year (Jul - Jun), 2018",Persons,Rural,all ages,11-81,,32.7,28.4,47.7,45.1,42.5,73.7,62.6,75.0,49.1,37.7,2831875.0,93098.0
India,"PLFS Year (Jul - Jun), 2018",Persons,Rural,all ages,UR,,0.9,2.5,4.7,5.3,9.2,22.1,19.8,21.4,11.2,5.0,,
India,"PLFS Year (Jul - Jun), 2018",Persons,Rural,all ages,91,,4.0,52.0,25.8,31.9,35.8,10.9,13.7,5.0,28.5,26.7,2003884.0,65735.0
India,"PLFS Year (Jul - Jun), 2018",Persons,Rural,all ages,92,,15.8,9.9,16.5,14.4,14.9,10.3,16.8,12.0,14.7,14.0,1051627.0,33254.0
India,"PLFS Year (Jul - Jun), 2018",Persons,Rural,all ages,93,,9.4,5.4,6.8,5.4,4.6,0.9,4.0,4.6,4.7,6.8,510158.0,15343.0
India,"PLFS Year (Jul - Jun), 2018",Persons,Rural,all ages,94,,6.7,1.9,2.0,2.3,1.4,3.1,2.3,2.8,2.0,3.5,264237.0,7979.0
India,"PLFS Year (Jul - Jun), 2018",Persons,Rural,all ages,95,,2.0,0.5,0.5,0.4,0.2,0.6,0.1,0.0,0.3,0.9,70092.0,2268.0
India,"PLFS Year (Jul - Jun), 2018",Persons,Rural,all ages,97,,4.2,0.9,0.7,0.5,0.6,0.5,0.4,0.5,0.5,1.8,138246.0,3674.0
India,"PLFS Year (Jul - Jun), 2018",Persons,Rural,all ages,99,,25.2,1.1,0.0,0.0,0.0,0.0,0.0,0.0,0.0,8.5,636765.0,18466.0
India,"PLFS Year (Jul - Jun), 2018",Persons,Rural,all ages,91-99,,67.3,71.6,52.3,54.9,57.5,26.3,37.4,25.0,50.9,62.3,4675010.0,146719.0
India,"PLFS Year (Jul - Jun), 2018",Persons,Rural,all ages,11-99,,100.0,100.0,100.0,100.0,100.0,100.0,100.0,100.0,100.0,100.0,7506885.0,239817.0
India,"PLFS Year (Jul - Jun), 2018",Male,Urban,15-29 years,"11,12",01-03,1.6,0.6,0.4,0.3,0.3,0.0,0.2,0.0,0.2,0.4,1772.0,112.0
India,"PLFS Year (Jul - Jun), 2018",Male,Urban,15-29 years,"11,12",01-96,15.4,13.8,10.1,6.0,5.2,4.8,7.3,7.6,6.1,7.9,37995.0,2186.0
India,"PLFS Year (Jul - Jun), 2018",Male,Urban,15-29 years,"11,12",05-43,4.5,4.7,2.8,1.4,0.9,1.4,1.2,1.3,1.2,1.9,9293.0,499.0
India,"PLFS Year (Jul - Jun), 2018",Male,Urban,15-29 years,"11,12",45-96,9.4,8.5,6.9,4.3,4.0,3.4,5.9,6.3,4.7,5.6,26930.0,1575.0
India,"PLFS Year (Jul - Jun), 2018",Male,Urban,15-29 years,21,01-03,2.2,1.6,1.0,0.5,0.4,0.2,0.5,0.6,0.4,0.7,3454.0,182.0
India,"PLFS Year (Jul - Jun), 2018",Male,Urban,15-29 years,21,01-96,7.7,5.4,5.1,4.2,3.1,3.7,4.6,7.4,4.1,4.5,21693.0,1205.0
India,"PLFS Year (Jul - Jun), 2018",Male,Urban,15-29 years,21,05-43,2.4,1.8,1.4,1.2,0.7,1.8,1.2,1.6,1.1,1.2,5946.0,310.0
India,"PLFS Year (Jul - Jun), 2018",Male,Urban,15-29 years,21,45-96,3.0,2.1,2.7,2.5,2.0,1.8,3.0,5.2,2.6,2.6,12294.0,713.0
India,"PLFS Year (Jul - Jun), 2018",Male,Urban,15-29 years,11-21,01-03,3.8,2.2,1.5,0.8,0.7,0.2,0.7,0.6,0.7,1.1,5225.0,294.0
India,"PLFS Year (Jul - Jun), 2018",Male,Urban,15-29 years,11-21,01-96,23.1,19.2,15.2,10.3,8.2,8.5,11.9,15.0,10.1,12.4,59688.0,3391.0
India,"PLFS Year (Jul - Jun), 2018",Male,Urban,15-29 years,11-21,05-43,6.9,6.4,4.2,2.6,1.6,3.2,2.4,2.8,2.2,3.2,15238.0,809.0
India,"PLFS Year (Jul - Jun), 2018",Male,Urban,15-29 years,11-21,45-96,12.4,10.6,9.5,6.8,6.0,5.2,8.8,11.5,7.2,8.2,39224.0,2288.0
India,"PLFS Year (Jul - Jun), 2018",Male,Urban,15-29 years,31,01-03,0.0,0.3,0.0,0.1,0.3,0.0,0.1,0.2,0.1,0.1,579.0,22.0
India,"PLFS Year (Jul - Jun), 2018",Male,Urban,15-29 years,31,01-99,17.9,32.9,28.3,19.2,17.5,44.4,39.3,52.2,26.9,27.4,131565.0,6420.0
India,"PLFS Year (Jul - Jun), 2018",Male,Urban,15-29 years,31,05-43,6.9,17.4,12.7,7.1,5.8,22.8,9.1,6.5,8.0,9.8,46901.0,2105.0
India,"PLFS Year (Jul - Jun), 2018",Male,Urban,15-29 years,31,45-99,11.0,15.2,15.6,12.0,11.5,21.6,30.1,45.5,18.8,17.5,84085.0,4293.0
India,"PLFS Year (Jul - Jun), 2018",Male,Urban,15-29 years,41,,0.7,0.1,0.2,0.0,0.0,0.0,0.0,0.0,0.0,0.1,388.0,28.0
India,"PLFS Year (Jul - Jun), 2018",Male,Urban,15-29 years,51,01-03,0.3,0.3,0.2,0.3,0.1,0.0,0.0,0.0,0.1,0.2,806.0,62.0
India,"PLFS Year (Jul - Jun), 2018",Male,Urban,15-29 years,51,01-99,27.8,25.5,11.3,6.6,2.4,4.1,0.6,0.2,3.1,7.7,36777.0,1840.0
India,"PLFS Year (Jul - Jun), 2018",Male,Urban,15-29 years,51,05-43,19.7,19.5,8.6,4.8,1.6,3.3,0.4,0.0,2.2,5.7,27256.0,1343.0
India,"PLFS Year (Jul - Jun), 2018",Male,Urban,15-29 years,51,45-99,7.8,5.7,2.4,1.5,0.7,0.8,0.2,0.2,0.8,1.8,8715.0,435.0
India,"PLFS Year (Jul - Jun), 2018",Male,Urban,15-29 years,41 & 51,01-99,28.4,25.6,11.4,6.6,2.4,4.1,0.6,0.2,3.2,7.7,37165.0,1868.0
India,"PLFS Year (Jul - Jun), 2018",Male,Urban,15-29 years,11-51,01-03,4.1,2.8,1.7,1.2,1.0,0.2,0.7,0.8,0.9,1.4,6611.0,378.0
India,"PLFS Year (Jul - Jun), 2018",Male,Urban,15-29 years,11-51,01-99,69.4,77.8,55.0,36.0,28.2,57.0,51.8,67.4,40.3,47.6,228418.0,11679.0
India,"PLFS Year (Jul - Jun), 2018",Male,Urban,15-29 years,11-51,05-43,34.1,43.5,25.7,14.5,9.0,29.2,11.9,9.3,12.5,18.7,89784.0,4285.0
India,"PLFS Year (Jul - Jun), 2018",Male,Urban,15-29 years,11-51,45-99,31.2,31.5,27.5,20.3,18.2,27.6,39.2,57.3,26.8,27.5,132024.0,7016.0
India,"PLFS Year (Jul - Jun), 2018",Male,Urban,15-29 years,81,,11.9,7.6,8.1,6.0,6.7,20.2,23.3,19.9,12.2,10.9,52446.0,3063.0
India,"PLFS Year (Jul - Jun), 2018",Male,Urban,15-29 years,11-81,,81.3,85.3,63.0,42.0,34.9,77.2,75.1,87.3,52.5,58.6,280864.0,14742.0
India,"PLFS Year (Jul - Jun), 2018",Male,Urban,15-29 years,UR,,14.6,8.9,12.8,14.3,19.2,26.2,31.0,22.8,23.3,18.7,,
India,"PLFS Year (Jul - Jun), 2018",Male,Urban,15-29 years,91,,1.1,11.2,34.1,56.0,63.6,21.4,23.2,12.2,45.9,38.8,185930.0,11260.0
India,"PLFS Year (Jul - Jun), 2018",Male,Urban,15-29 years,92,,1.0,0.5,0.6,0.6,0.5,0.2,0.4,0.1,0.5,0.5,2432.0,155.0
India,"PLFS Year (Jul - Jun), 2018",Male,Urban,15-29 years,93,,0.4,0.1,0.1,0.1,0.0,0.0,0.0,0.0,0.0,0.1,322.0,51.0
India,"PLFS Year (Jul - Jun), 2018",Male,Urban,15-29 years,94,,0.1,0.2,0.2,0.1,0.0,0.5,0.2,0.0,0.1,0.1,610.0,36.0
India,"PLFS Year (Jul - Jun), 2018",Male,Urban,15-29 years,95,,9.6,1.0,0.7,0.2,0.1,0.1,0.1,0.2,0.1,0.6,3103.0,166.0
India,"PLFS Year (Jul - Jun), 2018",Male,Urban,15-29 years,97,,6.6,1.6,1.4,1.1,0.9,0.7,1.0,0.1,0.9,1.3,6311.0,291.0
India,"PLFS Year (Jul - Jun), 2018",Male,Urban,15-29 years,99,,0.0,0.0,0.0,0.0,0.0,0.0,0.0,0.0,0.0,0.0,0.0,0.0
India,"PLFS Year (Jul - Jun), 2018",Male,Urban,15-29 years,91-99,,18.7,14.7,37.0,58.0,65.1,22.8,24.9,12.7,47.5,41.4,198708.0,11959.0
India,"PLFS Year (Jul - Jun), 2018",Male,Urban,15-29 years,11-99,,100.0,100.0,100.0,100.0,100.0,100.0,100.0,100.0,100.0,100.0,479572.0,26701.0
India,"PLFS Year (Jul - Jun), 2018",Male,Urban,15 years and above,"11,12",01-03,5.2,3.2,2.4,1.8,1.5,1.5,1.0,0.9,1.4,2.2,27836.0,1835.0
India,"PLFS Year (Jul - Jun), 2018",Male,Urban,15 years and above,"11,12",01-96,27.7,29.9,26.6,23.3,18.9,19.6,21.0,18.1,20.7,23.7,305958.0,17711.0
India,"PLFS Year (Jul - Jun), 2018",Male,Urban,15 years and above,"11,12",05-43,5.7,8.8,6.8,5.7,4.1,7.0,4.2,2.1,4.5,5.6,72831.0,3935.0
India,"PLFS Year (Jul - Jun), 2018",Male,Urban,15 years and above,"11,12",45-96,16.8,17.9,17.4,15.7,13.2,11.1,15.9,15.2,14.8,15.9,205291.0,11941.0
India,"PLFS Year (Jul - Jun), 2018",Male,Urban,15 years and above,21,01-03,0.5,0.6,0.6,0.4,0.3,0.2,0.2,0.4,0.3,0.4,5330.0,306.0
India,"PLFS Year (Jul - Jun), 2018",Male,Urban,15 years and above,21,01-96,1.7,2.5,2.9,3.0,2.9,2.3,3.4,3.2,3.0,2.8,36212.0,2046.0
India,"PLFS Year (Jul - Jun), 2018",Male,Urban,15 years and above,21,05-43,0.5,1.0,0.7,0.9,0.7,0.8,0.9,0.7,0.8,0.8,10144.0,505.0
India,"PLFS Year (Jul - Jun), 2018",Male,Urban,15 years and above,21,45-96,0.7,0.9,1.6,1.7,1.9,1.4,2.2,2.1,1.9,1.6,20738.0,1235.0
India,"PLFS Year (Jul - Jun), 2018",Male,Urban,15 years and above,11-21,01-03,5.6,3.8,2.9,2.2,1.8,1.7,1.2,1.3,1.7,2.6,33166.0,2141.0
India,"PLFS Year (Jul - Jun), 2018",Male,Urban,15 years and above,11-21,01-96,29.3,32.3,29.4,26.2,21.7,22.0,24.4,21.3,23.8,26.5,342171.0,19757.0
India,"PLFS Year (Jul - Jun), 2018",Male,Urban,15 years and above,11-21,05-43,6.3,9.7,7.6,6.6,4.7,7.8,5.1,2.8,5.3,6.4,82976.0,4440.0
India,"PLFS Year (Jul - Jun), 2018",Male,Urban,15 years and above,11-21,45-96,17.5,18.8,19.0,17.4,15.1,12.5,18.1,17.3,16.8,17.5,226029.0,13176.0
India,"PLFS Year (Jul - Jun), 2018",Male,Urban,15 years and above,31,01-03,0.4,0.3,0.1,0.1,0.2,0.1,0.1,0.1,0.1,0.2,2253.0,157.0
India,"PLFS Year (Jul - Jun), 2018",Male,Urban,15 years and above,31,01-99,17.0,26.5,30.3,27.4,27.3,48.3,44.3,58.4,36.7,32.3,417248.0,22172.0
India,"PLFS Year (Jul - Jun), 2018",Male,Urban,15 years and above,31,05-43,7.3,12.1,12.7,9.8,8.8,25.9,10.0,8.2,10.3,10.8,138698.0,6521.0
India,"PLFS Year (Jul - Jun), 2018",Male,Urban,15 years and above,31,45-99,9.2,14.2,17.4,17.4,18.3,22.4,34.2,50.1,26.3,21.4,276297.0,15494.0
India,"PLFS Year (Jul - Jun), 2018",Male,Urban,15 years and above,41,,0.2,0.1,0.1,0.1,0.0,0.1,0.0,0.0,0.0,0.1,1167.0,85.0
India,"PLFS Year (Jul - Jun), 2018",Male,Urban,15 years and above,51,01-03,2.3,1.6,0.6,0.3,0.1,0.1,0.1,0.0,0.2,0.6,8136.0,456.0
India,"PLFS Year (Jul - Jun), 2018",Male,Urban,15 years and above,51,01-99,26.1,21.2,13.2,6.9,3.3,3.4,0.7,0.2,3.2,9.6,123809.0,6339.0
India,"PLFS Year (Jul - Jun), 2018",Male,Urban,15 years and above,51,05-43,18.8,15.4,9.6,5.0,2.3,2.5,0.4,0.0,2.3,6.9,89334.0,4576.0
India,"PLFS Year (Jul - Jun), 2018",Male,Urban,15 years and above,51,45-99,4.9,4.2,2.9,1.6,0.8,0.8,0.2,0.1,0.8,2.0,26339.0,1307.0
India,"PLFS Year (Jul - Jun), 2018",Male,Urban,15 years and above,41 & 51,01-99,26.3,21.3,13.4,7.0,3.3,3.5,0.7,0.2,3.3,9.7,124976.0,6424.0
India,"PLFS Year (Jul - Jun), 2018",Male,Urban,15 years and above,11-51,01-03,8.4,5.7,3.7,2.6,2.2,1.8,1.4,1.4,2.0,3.4,43555.0,2754.0
India,"PLFS Year (Jul - Jun), 2018",Male,Urban,15 years and above,11-51,01-99,72.6,80.2,73.1,60.6,52.3,73.7,69.5,79.9,63.8,68.6,884395.0,48353.0
India,"PLFS Year (Jul - Jun), 2018",Male,Urban,15 years and above,11-51,05-43,32.6,37.3,30.1,21.5,15.9,36.2,15.5,11.0,17.9,24.2,312176.0,15622.0
India,"PLFS Year (Jul - Jun), 2018",Male,Urban,15 years and above,11-51,45-99,31.6,37.2,39.3,36.5,34.2,35.7,52.6,67.5,43.9,41.0,528665.0,29977.0
India,"PLFS Year (Jul - Jun), 2018",Male,Urban,15 years and above,81,,2.6,2.8,4.2,3.5,4.5,9.6,10.3,6.3,6.4,5.2,66659.0,3843.0
India,"PLFS Year (Jul - Jun), 2018",Male,Urban,15 years and above,11-81,,75.2,83.0,77.3,64.2,56.9,83.3,79.8,86.2,70.2,73.7,951054.0,52196.0
India,"PLFS Year (Jul - Jun), 2018",Male,Urban,15 years and above,UR,,3.4,3.4,5.4,5.5,8.0,11.5,12.9,7.3,9.2,7.0,,
India,"PLFS Year (Jul - Jun), 2018",Male,Urban,15 years and above,91,,0.2,2.8,13.2,24.4,36.0,9.5,8.7,3.0,19.7,14.5,186832.0,11304.0
India,"PLFS Year (Jul - Jun), 2018",Male,Urban,15 years and above,92,,2.0,1.2,0.8,0.8,0.5,0.3,0.4,0.1,0.5,0.8,10192.0,615.0
India,"PLFS Year (Jul - Jun), 2018",Male,Urban,15 years and above,93,,0.4,0.3,0.1,0.1,0.0,0.0,0.0,0.0,0.0,0.1,1441.0,150.0
India,"PLFS Year (Jul - Jun), 2018",Male,Urban,15 years and above,94,,9.1,7.1,5.3,8.1,4.8,5.8,9.5,9.3,7.7,7.3,93594.0,5264.0
India,"PLFS Year (Jul - Jun), 2018",Male,Urban,15 years and above,95,,5.7,2.1,1.4,0.6,0.5,0.3,0.3,0.3,0.4,1.3,17001.0,937.0
India,"PLFS Year (Jul - Jun), 2018",Male,Urban,15 years and above,97,,7.6,3.4,1.9,1.8,1.4,0.8,1.2,1.0,1.4,2.3,29801.0,1474.0
India,"PLFS Year (Jul - Jun), 2018",Male,Urban,15 years and above,99,,0.0,0.0,0.0,0.0,0.0,0.0,0.0,0.0,0.0,0.0,0.0,0.0
India,"PLFS Year (Jul - Jun), 2018",Male,Urban,15 years and above,91-99,,24.8,17.0,22.7,35.8,43.1,16.7,20.2,13.8,29.8,26.3,338860.0,19744.0
India,"PLFS Year (Jul - Jun), 2018",Male,Urban,15 years and above,11-99,,100.0,100.0,100.0,100.0,100.0,100.0,100.0,100.0,100.0,100.0,1289914.0,71940.0
India,"PLFS Year (Jul - Jun), 2018",Male,Urban,all ages,"11,12",01-03,2.3,1.4,2.1,1.8,1.5,1.5,1.0,0.9,1.4,1.7,27836.0,1835.0
India,"PLFS Year (Jul - Jun), 2018",Male,Urban,all ages,"11,12",01-96,12.4,13.0,23.8,23.2,18.9,19.6,21.0,18.1,20.7,18.2,306025.0,17714.0
India,"PLFS Year (Jul - Jun), 2018",Male,Urban,all ages,"11,12",05-43,2.6,3.8,6.1,5.7,4.1,7.0,4.2,2.1,4.5,4.3,72870.0,3936.0
India,"PLFS Year (Jul - Jun), 2018",Male,Urban,all ages,"11,12",45-96,7.5,7.8,15.6,15.7,13.2,11.1,15.9,15.2,14.8,12.2,205318.0,11943.0
India,"PLFS Year (Jul - Jun), 2018",Male,Urban,all ages,21,01-03,0.2,0.3,0.5,0.4,0.3,0.2,0.2,0.4,0.3,0.3,5332.0,307.0
India,"PLFS Year (Jul - Jun), 2018",Male,Urban,all ages,21,01-96,0.8,1.1,2.6,2.9,2.9,2.3,3.4,3.2,3.0,2.2,36513.0,2055.0
India,"PLFS Year (Jul - Jun), 2018",Male,Urban,all ages,21,05-43,0.3,0.4,0.7,0.9,0.7,0.8,0.9,0.7,0.8,0.6,10389.0,511.0
India,"PLFS Year (Jul - Jun), 2018",Male,Urban,all ages,21,45-96,0.3,0.4,1.4,1.7,1.9,1.4,2.2,2.1,1.9,1.2,20792.0,1237.0
India,"PLFS Year (Jul - Jun), 2018",Male,Urban,all ages,11-21,01-03,2.5,1.7,2.6,2.2,1.8,1.7,1.2,1.3,1.7,2.0,33167.0,2142.0
India,"PLFS Year (Jul - Jun), 2018",Male,Urban,all ages,11-21,01-96,13.2,14.1,26.4,26.2,21.7,22.0,24.4,21.3,23.8,20.4,342538.0,19769.0
India,"PLFS Year (Jul - Jun), 2018",Male,Urban,all ages,11-21,05-43,2.9,4.3,6.8,6.6,4.7,7.8,5.1,2.8,5.3,5.0,83260.0,4447.0
India,"PLFS Year (Jul - Jun), 2018",Male,Urban,all ages,11-21,45-96,7.8,8.2,17.0,17.4,15.1,12.5,18.1,17.3,16.8,13.5,226110.0,13180.0
India,"PLFS Year (Jul - Jun), 2018",Male,Urban,all ages,31,01-03,0.2,0.1,0.1,0.1,0.2,0.1,0.1,0.1,0.1,0.1,2357.0,158.0
India,"PLFS Year (Jul - Jun), 2018",Male,Urban,all ages,31,01-99,7.7,11.6,27.1,27.3,27.3,48.3,44.3,58.4,36.7,24.9,417748.0,22196.0
India,"PLFS Year (Jul - Jun), 2018",Male,Urban,all ages,31,05-43,3.3,5.3,11.4,9.8,8.8,25.9,10.0,8.2,10.3,8.3,138724.0,6525.0
India,"PLFS Year (Jul - Jun), 2018",Male,Urban,all ages,31,45-99,4.2,6.2,15.6,17.4,18.3,22.4,34.2,50.1,26.3,16.5,276667.0,15513.0
India,"PLFS Year (Jul - Jun), 2018",Male,Urban,all ages,41,,0.1,0.1,0.1,0.1,0.0,0.1,0.0,0.0,0.0,0.1,1167.0,85.0
India,"PLFS Year (Jul - Jun), 2018",Male,Urban,all ages,51,01-03,1.0,0.7,0.6,0.3,0.1,0.1,0.1,0.0,0.2,0.5,8136.0,456.0
India,"PLFS Year (Jul - Jun), 2018",Male,Urban,all ages,51,01-99,11.7,9.3,11.8,6.9,3.3,3.4,0.7,0.2,3.2,7.4,124235.0,6349.0
India,"PLFS Year (Jul - Jun), 2018",Male,Urban,all ages,51,05-43,8.5,6.7,8.6,5.0,2.3,2.5,0.4,0.0,2.3,5.3,89619.0,4582.0
India,"PLFS Year (Jul - Jun), 2018",Male,Urban,all ages,51,45-99,2.2,1.8,2.6,1.6,0.8,0.8,0.2,0.1,0.8,1.6,26480.0,1311.0
India,"PLFS Year (Jul - Jun), 2018",Male,Urban,all ages,41 & 51,01-99,11.8,9.3,12.0,7.0,3.3,3.5,0.7,0.2,3.3,7.5,125402.0,6434.0
India,"PLFS Year (Jul - Jun), 2018",Male,Urban,all ages,11-51,01-03,3.8,2.5,3.3,2.6,2.2,1.8,1.4,1.4,2.0,2.6,43661.0,2756.0
India,"PLFS Year (Jul - Jun), 2018",Male,Urban,all ages,11-51,01-99,32.7,35.1,65.4,60.5,52.3,73.7,69.5,79.9,63.8,52.7,885688.0,48399.0
India,"PLFS Year (Jul - Jun), 2018",Male,Urban,all ages,11-51,05-43,14.7,16.4,26.9,21.5,15.9,36.2,15.5,11.0,17.9,18.6,312770.0,15639.0
India,"PLFS Year (Jul - Jun), 2018",Male,Urban,all ages,11-51,45-99,14.2,16.3,35.2,36.4,34.2,35.7,52.6,67.5,43.9,31.5,529258.0,30004.0
India,"PLFS Year (Jul - Jun), 2018",Male,Urban,all ages,81,,1.2,1.3,3.8,3.6,4.5,9.6,10.3,6.3,6.4,4.0,67412.0,3877.0
India,"PLFS Year (Jul - Jun), 2018",Male,Urban,all ages,11-81,,33.9,36.4,69.2,64.1,56.9,83.3,79.8,86.2,70.2,56.7,953100.0,52276.0
India,"PLFS Year (Jul - Jun), 2018",Male,Urban,all ages,UR,,3.6,3.7,5.5,5.5,8.0,11.5,12.9,7.3,9.2,7.1,,
India,"PLFS Year (Jul - Jun), 2018",Male,Urban,all ages,91,,7.9,54.6,22.1,24.6,36.0,9.5,8.7,3.0,19.8,26.4,444000.0,25027.0
India,"PLFS Year (Jul - Jun), 2018",Male,Urban,all ages,92,,1.4,0.8,0.8,0.8,0.5,0.3,0.4,0.1,0.5,0.8,12755.0,708.0
India,"PLFS Year (Jul - Jun), 2018",Male,Urban,all ages,93,,0.2,0.2,0.1,0.1,0.0,0.0,0.0,0.0,0.0,0.1,1684.0,162.0
India,"PLFS Year (Jul - Jun), 2018",Male,Urban,all ages,94,,4.1,3.1,4.8,8.1,4.8,5.8,9.5,9.3,7.7,5.6,93857.0,5279.0
India,"PLFS Year (Jul - Jun), 2018",Male,Urban,all ages,95,,2.8,0.9,1.2,0.6,0.5,0.3,0.3,0.3,0.4,1.1,17701.0,979.0
India,"PLFS Year (Jul - Jun), 2018",Male,Urban,all ages,97,,5.2,2.1,1.8,1.8,1.4,0.8,1.2,1.0,1.4,2.2,37159.0,1744.0
India,"PLFS Year (Jul - Jun), 2018",Male,Urban,all ages,99,,44.6,1.9,0.0,0.0,0.0,0.0,0.0,0.0,0.0,7.2,120295.0,6255.0
India,"PLFS Year (Jul - Jun), 2018",Male,Urban,all ages,91-99,,66.1,63.6,30.8,35.9,43.1,16.7,20.2,13.8,29.8,43.3,727452.0,40154.0
India,"PLFS Year (Jul - Jun), 2018",Male,Urban,all ages,11-99,,100.0,100.0,100.0,100.0,100.0,100.0,100.0,100.0,100.0,100.0,1680552.0,92430.0
India,"PLFS Year (Jul - Jun), 2018",Female,Urban,15-29 years,"11,12",01-03,0.2,0.1,0.1,0.0,0.0,0.5,0.0,0.0,0.0,0.1,227.0,17.0
India,"PLFS Year (Jul - Jun), 2018",Female,Urban,15-29 years,"11,12",01-96,2.6,4.7,3.5,2.0,1.4,2.1,2.2,2.1,1.9,2.5,10846.0,596.0
India,"PLFS Year (Jul - Jun), 2018",Female,Urban,15-29 years,"11,12",05-43,2.1,4.0,2.9,1.4,0.8,1.0,0.5,0.2,0.8,1.6,6914.0,341.0
India,"PLFS Year (Jul - Jun), 2018",Female,Urban,15-29 years,"11,12",45-96,0.3,0.6,0.5,0.6,0.6,0.5,1.7,1.9,1.0,0.8,3706.0,238.0
India,"PLFS Year (Jul - Jun), 2018",Female,Urban,15-29 years,21,01-03,0.1,1.6,0.2,0.1,0.1,0.0,0.1,0.4,0.1,0.3,1123.0,65.0
India,"PLFS Year (Jul - Jun), 2018",Female,Urban,15-29 years,21,01-96,2.6,3.0,1.3,0.7,0.7,0.5,0.7,1.2,0.8,1.2,5121.0,286.0
India,"PLFS Year (Jul - Jun), 2018",Female,Urban,15-29 years,21,05-43,2.3,0.9,0.8,0.4,0.4,0.0,0.2,0.2,0.3,0.6,2466.0,104.0
India,"PLFS Year (Jul - Jun), 2018",Female,Urban,15-29 years,21,45-96,0.1,0.5,0.4,0.2,0.3,0.5,0.4,0.7,0.3,0.3,1532.0,117.0
India,"PLFS Year (Jul - Jun), 2018",Female,Urban,15-29 years,11-21,01-03,0.4,1.7,0.3,0.1,0.1,0.5,0.1,0.4,0.1,0.3,1350.0,82.0
India,"PLFS Year (Jul - Jun), 2018",Female,Urban,15-29 years,11-21,01-96,5.2,7.7,4.8,2.7,2.2,2.6,2.9,3.3,2.6,3.6,15967.0,882.0
India,"PLFS Year (Jul - Jun), 2018",Female,Urban,15-29 years,11-21,05-43,4.4,5.0,3.7,1.7,1.2,1.0,0.7,0.4,1.1,2.1,9379.0,445.0
India,"PLFS Year (Jul - Jun), 2018",Female,Urban,15-29 years,11-21,45-96,0.4,1.1,0.9,0.9,0.9,1.0,2.1,2.5,1.4,1.2,5238.0,355.0
India,"PLFS Year (Jul - Jun), 2018",Female,Urban,15-29 years,31,01-03,0.0,0.0,0.0,0.0,0.0,0.2,0.0,0.1,0.0,0.0,48.0,4.0
India,"PLFS Year (Jul - Jun), 2018",Female,Urban,15-29 years,31,01-99,7.8,6.3,3.7,3.5,3.9,21.6,17.8,24.8,9.7,8.2,36047.0,1894.0
India,"PLFS Year (Jul - Jun), 2018",Female,Urban,15-29 years,31,05-43,1.0,1.9,1.3,0.9,0.6,2.1,1.2,1.2,0.9,1.1,4757.0,236.0
India,"PLFS Year (Jul - Jun), 2018",Female,Urban,15-29 years,31,45-99,6.8,4.5,2.4,2.6,3.2,19.3,16.6,23.6,8.8,7.1,31242.0,1654.0
India,"PLFS Year (Jul - Jun), 2018",Female,Urban,15-29 years,41,,0.2,0.1,0.2,0.0,0.0,0.0,0.0,0.0,0.0,0.0,197.0,4.0
India,"PLFS Year (Jul - Jun), 2018",Female,Urban,15-29 years,51,01-03,0.4,0.2,0.4,0.1,0.0,0.0,0.0,0.0,0.0,0.1,567.0,28.0
India,"PLFS Year (Jul - Jun), 2018",Female,Urban,15-29 years,51,01-99,3.9,2.2,1.4,0.5,0.3,0.8,0.3,0.0,0.3,0.9,3900.0,172.0
India,"PLFS Year (Jul - Jun), 2018",Female,Urban,15-29 years,51,05-43,2.9,1.8,0.8,0.4,0.2,0.8,0.1,0.0,0.2,0.6,2715.0,102.0
India,"PLFS Year (Jul - Jun), 2018",Female,Urban,15-29 years,51,45-99,0.6,0.2,0.2,0.0,0.1,0.0,0.1,0.0,0.1,0.1,619.0,42.0
India,"PLFS Year (Jul - Jun), 2018",Female,Urban,15-29 years,41 & 51,01-99,4.1,2.2,1.6,0.5,0.3,0.8,0.3,0.0,0.3,0.9,4097.0,176.0
India,"PLFS Year (Jul - Jun), 2018",Female,Urban,15-29 years,11-51,01-03,0.8,1.9,0.7,0.2,0.1,0.7,0.1,0.5,0.2,0.4,1965.0,114.0
India,"PLFS Year (Jul - Jun), 2018",Female,Urban,15-29 years,11-51,01-99,17.0,16.3,10.1,6.7,6.3,24.9,20.9,28.2,12.7,12.7,56110.0,2952.0
India,"PLFS Year (Jul - Jun), 2018",Female,Urban,15-29 years,11-51,05-43,8.5,8.6,5.9,3.0,2.0,3.9,2.1,1.6,2.3,3.9,17047.0,787.0
India,"PLFS Year (Jul - Jun), 2018",Female,Urban,15-29 years,11-51,45-99,7.7,5.8,3.5,3.5,4.2,20.3,18.8,26.1,10.2,8.4,37098.0,2051.0
India,"PLFS Year (Jul - Jun), 2018",Female,Urban,15-29 years,81,,0.7,1.1,1.5,1.3,2.3,15.5,10.8,18.2,6.0,4.4,19386.0,1417.0
India,"PLFS Year (Jul - Jun), 2018",Female,Urban,15-29 years,11-81,,17.7,17.3,11.6,8.0,8.7,40.5,31.7,46.4,18.6,17.1,75496.0,4369.0
India,"PLFS Year (Jul - Jun), 2018",Female,Urban,15-29 years,UR,,3.8,6.1,12.8,15.8,26.7,38.4,34.0,39.2,32.0,25.7,,
India,"PLFS Year (Jul - Jun), 2018",Female,Urban,15-29 years,91,,0.2,10.2,32.2,55.3,57.7,31.9,25.6,10.4,43.7,36.3,159980.0,9682.0
India,"PLFS Year (Jul - Jun), 2018",Female,Urban,15-29 years,92,,68.2,59.4,49.2,32.1,29.5,25.2,39.3,40.3,33.7,40.8,179731.0,9390.0
India,"PLFS Year (Jul - Jun), 2018",Female,Urban,15-29 years,93,,9.3,11.4,5.6,3.8,2.6,1.1,2.6,1.9,2.8,4.5,19640.0,1175.0
India,"PLFS Year (Jul - Jun), 2018",Female,Urban,15-29 years,94,,0.4,0.2,0.4,0.1,0.2,1.2,0.2,0.4,0.2,0.3,1180.0,80.0
India,"PLFS Year (Jul - Jun), 2018",Female,Urban,15-29 years,95,,2.4,0.5,0.4,0.1,0.0,0.0,0.0,0.0,0.0,0.3,1163.0,72.0
India,"PLFS Year (Jul - Jun), 2018",Female,Urban,15-29 years,97,,1.8,1.0,0.6,0.5,1.3,0.2,0.6,0.6,0.8,0.8,3709.0,159.0
India,"PLFS Year (Jul - Jun), 2018",Female,Urban,15-29 years,99,,0.0,0.0,0.0,0.0,0.0,0.0,0.0,0.0,0.0,0.0,0.0,0.0
India,"PLFS Year (Jul - Jun), 2018",Female,Urban,15-29 years,91-99,,82.3,82.7,88.4,92.0,91.3,59.5,68.3,53.6,81.4,82.9,365402.0,20558.0
India,"PLFS Year (Jul - Jun), 2018",Female,Urban,15-29 years,11-99,,100.0,100.0,100.0,100.0,100.0,100.0,100.0,100.0,100.0,100.0,440899.0,24927.0
India,"PLFS Year (Jul - Jun), 2018",Female,Urban,15 years and above,"11,12",01-03,1.0,0.6,0.5,0.2,0.1,0.9,0.1,0.0,0.1,0.4,5491.0,360.0
India,"PLFS Year (Jul - Jun), 2018",Female,Urban,15 years and above,"11,12",01-96,5.4,6.8,5.4,3.3,2.5,7.1,3.6,4.0,3.3,4.6,57484.0,3295.0
India,"PLFS Year (Jul - Jun), 2018",Female,Urban,15 years and above,"11,12",05-43,2.2,4.4,3.5,2.1,1.3,3.2,0.8,0.4,1.3,2.3,29310.0,1487.0
India,"PLFS Year (Jul - Jun), 2018",Female,Urban,15 years and above,"11,12",45-96,2.1,1.8,1.4,1.0,1.1,2.9,2.6,3.7,1.9,1.8,22683.0,1448.0
India,"PLFS Year (Jul - Jun), 2018",Female,Urban,15 years and above,21,01-03,1.2,0.8,0.4,0.2,0.1,0.1,0.0,0.1,0.1,0.5,6004.0,395.0
India,"PLFS Year (Jul - Jun), 2018",Female,Urban,15 years and above,21,01-96,2.7,2.7,2.1,1.1,1.0,0.9,0.8,1.2,1.0,1.8,22194.0,1305.0
India,"PLFS Year (Jul - Jun), 2018",Female,Urban,15 years and above,21,05-43,0.8,0.7,0.8,0.4,0.4,0.1,0.2,0.2,0.3,0.6,6923.0,294.0
India,"PLFS Year (Jul - Jun), 2018",Female,Urban,15 years and above,21,45-96,0.7,1.2,0.9,0.5,0.4,0.8,0.5,0.8,0.5,0.7,9267.0,616.0
India,"PLFS Year (Jul - Jun), 2018",Female,Urban,15 years and above,11-21,01-03,2.2,1.4,0.9,0.4,0.2,1.0,0.2,0.2,0.3,0.9,11495.0,755.0
India,"PLFS Year (Jul - Jun), 2018",Female,Urban,15 years and above,11-21,01-96,8.1,9.5,7.5,4.4,3.5,8.0,4.3,5.2,4.3,6.4,79677.0,4600.0
India,"PLFS Year (Jul - Jun), 2018",Female,Urban,15 years and above,11-21,05-43,3.0,5.1,4.3,2.5,1.7,3.2,1.0,0.5,1.7,2.9,36233.0,1781.0
India,"PLFS Year (Jul - Jun), 2018",Female,Urban,15 years and above,11-21,45-96,2.9,2.9,2.3,1.5,1.6,3.7,3.1,4.5,2.4,2.6,31950.0,2064.0
India,"PLFS Year (Jul - Jun), 2018",Female,Urban,15 years and above,31,01-03,0.0,0.1,0.1,0.0,0.0,0.4,0.0,0.0,0.0,0.0,591.0,42.0
India,"PLFS Year (Jul - Jun), 2018",Female,Urban,15 years and above,31,01-99,8.8,7.8,6.5,4.7,5.8,25.6,18.6,31.6,12.7,10.1,126116.0,6771.0
India,"PLFS Year (Jul - Jun), 2018",Female,Urban,15 years and above,31,05-43,1.6,1.8,1.7,1.0,0.7,2.8,1.2,1.1,1.0,1.4,17161.0,798.0
India,"PLFS Year (Jul - Jun), 2018",Female,Urban,15 years and above,31,45-99,7.1,5.9,4.8,3.7,5.1,22.5,17.4,30.5,11.6,8.7,108365.0,5931.0
India,"PLFS Year (Jul - Jun), 2018",Female,Urban,15 years and above,41,,0.2,0.3,0.3,0.1,0.0,0.0,0.0,0.0,0.0,0.2,1894.0,108.0
India,"PLFS Year (Jul - Jun), 2018",Female,Urban,15 years and above,51,01-03,1.5,0.7,0.4,0.1,0.0,0.0,0.0,0.0,0.0,0.5,5957.0,258.0
India,"PLFS Year (Jul - Jun), 2018",Female,Urban,15 years and above,51,01-99,4.9,3.0,1.6,0.7,0.2,0.4,0.1,0.0,0.3,1.8,22910.0,1020.0
India,"PLFS Year (Jul - Jun), 2018",Female,Urban,15 years and above,51,05-43,2.4,1.6,0.9,0.4,0.2,0.3,0.1,0.0,0.2,1.0,12046.0,501.0
India,"PLFS Year (Jul - Jun), 2018",Female,Urban,15 years and above,51,45-99,0.9,0.7,0.3,0.2,0.1,0.1,0.1,0.0,0.1,0.4,4907.0,261.0
India,"PLFS Year (Jul - Jun), 2018",Female,Urban,15 years and above,41 & 51,01-99,5.0,3.3,1.9,0.8,0.2,0.4,0.1,0.0,0.4,2.0,24804.0,1128.0
India,"PLFS Year (Jul - Jun), 2018",Female,Urban,15 years and above,11-51,01-03,3.7,2.2,1.4,0.5,0.2,1.4,0.2,0.2,0.3,1.4,18042.0,1055.0
India,"PLFS Year (Jul - Jun), 2018",Female,Urban,15 years and above,11-51,01-99,21.9,20.6,15.9,9.9,9.5,34.0,23.1,36.8,17.3,18.4,230597.0,12499.0
India,"PLFS Year (Jul - Jun), 2018",Female,Urban,15 years and above,11-51,05-43,7.3,8.9,7.1,4.0,2.5,6.3,2.3,1.6,2.9,5.4,67333.0,3188.0
India,"PLFS Year (Jul - Jun), 2018",Female,Urban,15 years and above,11-51,45-99,10.9,9.5,7.4,5.4,6.7,26.3,20.6,35.0,14.1,11.6,145222.0,8256.0
India,"PLFS Year (Jul - Jun), 2018",Female,Urban,15 years and above,81,,0.2,0.3,0.7,0.9,1.8,9.0,6.0,8.4,3.7,2.0,24938.0,1806.0
India,"PLFS Year (Jul - Jun), 2018",Female,Urban,15 years and above,11-81,,22.1,20.9,16.6,10.9,11.3,43.0,29.0,45.3,21.0,20.4,255535.0,14305.0
India,"PLFS Year (Jul - Jun), 2018",Female,Urban,15 years and above,UR,,0.9,1.5,4.3,8.7,16.0,20.9,20.5,18.6,17.6,9.8,,
India,"PLFS Year (Jul - Jun), 2018",Female,Urban,15 years and above,91,,0.2,2.3,11.9,25.6,35.6,14.6,12.0,4.1,21.7,12.9,162042.0,9789.0
India,"PLFS Year (Jul - Jun), 2018",Female,Urban,15 years and above,92,,51.9,60.7,60.9,53.8,46.2,32.5,52.5,44.8,49.8,53.8,673507.0,36300.0
India,"PLFS Year (Jul - Jun), 2018",Female,Urban,15 years and above,93,,7.5,6.5,5.7,5.0,4.0,1.8,3.3,1.9,3.8,5.3,65844.0,4497.0
India,"PLFS Year (Jul - Jun), 2018",Female,Urban,15 years and above,94,,10.2,6.6,3.4,3.7,1.9,7.8,2.5,2.9,2.8,4.9,61385.0,3639.0
India,"PLFS Year (Jul - Jun), 2018",Female,Urban,15 years and above,95,,2.3,1.0,0.5,0.2,0.1,0.2,0.1,0.1,0.2,0.8,9570.0,531.0
India,"PLFS Year (Jul - Jun), 2018",Female,Urban,15 years and above,97,,5.8,2.0,0.9,0.8,1.0,0.1,0.6,0.8,0.8,2.0,24646.0,1213.0
India,"PLFS Year (Jul - Jun), 2018",Female,Urban,15 years and above,99,,0.0,0.0,0.0,0.0,0.0,0.0,0.0,0.0,0.0,0.0,0.0,0.0
India,"PLFS Year (Jul - Jun), 2018",Female,Urban,15 years and above,91-99,,77.9,79.1,83.4,89.1,88.7,57.0,71.0,54.7,79.0,79.6,996995.0,55969.0
India,"PLFS Year (Jul - Jun), 2018",Female,Urban,15 years and above,11-99,,100.0,100.0,100.0,100.0,100.0,100.0,100.0,100.0,100.0,100.0,1252529.0,70274.0
India,"PLFS Year (Jul - Jun), 2018",Female,Urban,all ages,"11,12",01-03,0.7,0.3,0.5,0.2,0.1,0.9,0.1,0.0,0.1,0.3,5491.0,360.0
India,"PLFS Year (Jul - Jun), 2018",Female,Urban,all ages,"11,12",01-96,3.6,3.3,4.8,3.3,2.5,7.1,3.6,4.0,3.3,3.6,57561.0,3299.0
India,"PLFS Year (Jul - Jun), 2018",Female,Urban,all ages,"11,12",05-43,1.5,2.2,3.1,2.1,1.3,3.2,0.8,0.4,1.3,1.8,29387.0,1491.0
India,"PLFS Year (Jul - Jun), 2018",Female,Urban,all ages,"11,12",45-96,1.4,0.9,1.2,1.0,1.1,2.9,2.6,3.7,1.9,1.4,22683.0,1448.0
India,"PLFS Year (Jul - Jun), 2018",Female,Urban,all ages,21,01-03,0.8,0.4,0.3,0.2,0.1,0.1,0.0,0.1,0.1,0.4,6019.0,396.0
India,"PLFS Year (Jul - Jun), 2018",Female,Urban,all ages,21,01-96,1.8,1.3,1.9,1.1,1.0,0.9,0.8,1.2,1.0,1.4,22225.0,1309.0
India,"PLFS Year (Jul - Jun), 2018",Female,Urban,all ages,21,05-43,0.5,0.3,0.7,0.4,0.4,0.1,0.2,0.2,0.3,0.4,6923.0,294.0
India,"PLFS Year (Jul - Jun), 2018",Female,Urban,all ages,21,45-96,0.5,0.6,0.8,0.5,0.4,0.8,0.5,0.8,0.5,0.6,9283.0,619.0
India,"PLFS Year (Jul - Jun), 2018",Female,Urban,all ages,11-21,01-03,1.5,0.7,0.8,0.4,0.2,1.0,0.2,0.2,0.3,0.7,11510.0,756.0
India,"PLFS Year (Jul - Jun), 2018",Female,Urban,all ages,11-21,01-96,5.4,4.7,6.6,4.4,3.5,8.0,4.3,5.2,4.3,5.0,79786.0,4608.0
India,"PLFS Year (Jul - Jun), 2018",Female,Urban,all ages,11-21,05-43,2.0,2.5,3.8,2.5,1.7,3.2,1.0,0.5,1.6,2.3,36310.0,1785.0
India,"PLFS Year (Jul - Jun), 2018",Female,Urban,all ages,11-21,45-96,1.9,1.4,2.1,1.5,1.6,3.7,3.1,4.5,2.4,2.0,31966.0,2067.0
India,"PLFS Year (Jul - Jun), 2018",Female,Urban,all ages,31,01-03,0.0,0.0,0.1,0.0,0.0,0.4,0.0,0.0,0.0,0.0,591.0,42.0
India,"PLFS Year (Jul - Jun), 2018",Female,Urban,all ages,31,01-99,5.9,3.8,5.7,4.7,5.8,25.6,18.6,31.6,12.6,7.9,126516.0,6777.0
India,"PLFS Year (Jul - Jun), 2018",Female,Urban,all ages,31,05-43,1.1,0.9,1.5,1.0,0.7,2.8,1.2,1.1,1.0,1.1,17161.0,798.0
India,"PLFS Year (Jul - Jun), 2018",Female,Urban,all ages,31,45-99,4.8,2.9,4.2,3.7,5.1,22.5,17.4,30.5,11.6,6.8,108765.0,5937.0
India,"PLFS Year (Jul - Jun), 2018",Female,Urban,all ages,41,,0.1,0.2,0.3,0.1,0.0,0.0,0.0,0.0,0.0,0.1,1894.0,108.0
India,"PLFS Year (Jul - Jun), 2018",Female,Urban,all ages,51,01-03,1.0,0.3,0.3,0.1,0.0,0.0,0.0,0.0,0.0,0.4,5957.0,258.0
India,"PLFS Year (Jul - Jun), 2018",Female,Urban,all ages,51,01-99,3.2,1.5,1.4,0.7,0.2,0.4,0.1,0.0,0.3,1.4,22937.0,1024.0
India,"PLFS Year (Jul - Jun), 2018",Female,Urban,all ages,51,05-43,1.6,0.8,0.8,0.4,0.2,0.3,0.1,0.0,0.2,0.8,12073.0,505.0
India,"PLFS Year (Jul - Jun), 2018",Female,Urban,all ages,51,45-99,0.6,0.3,0.3,0.2,0.1,0.1,0.1,0.0,0.1,0.3,4907.0,261.0
India,"PLFS Year (Jul - Jun), 2018",Female,Urban,all ages,41 & 51,01-99,3.4,1.6,1.7,0.8,0.2,0.4,0.1,0.0,0.4,1.6,24831.0,1132.0
India,"PLFS Year (Jul - Jun), 2018",Female,Urban,all ages,11-51,01-03,2.5,1.1,1.2,0.5,0.2,1.4,0.2,0.2,0.3,1.1,18058.0,1056.0
India,"PLFS Year (Jul - Jun), 2018",Female,Urban,all ages,11-51,01-99,14.7,10.1,14.1,9.9,9.5,34.0,23.1,36.8,17.3,14.5,231133.0,12517.0
India,"PLFS Year (Jul - Jun), 2018",Female,Urban,all ages,11-51,05-43,4.9,4.4,6.3,4.0,2.5,6.3,2.3,1.6,2.9,4.2,67437.0,3196.0
India,"PLFS Year (Jul - Jun), 2018",Female,Urban,all ages,11-51,45-99,7.3,4.7,6.6,5.4,6.7,26.3,20.6,35.0,14.1,9.1,145638.0,8265.0
India,"PLFS Year (Jul - Jun), 2018",Female,Urban,all ages,81,,0.2,0.2,0.6,0.9,1.8,9.0,6.0,8.4,3.7,1.6,25296.0,1820.0
India,"PLFS Year (Jul - Jun), 2018",Female,Urban,all ages,11-81,,14.8,10.3,14.7,10.8,11.3,43.0,29.0,45.3,21.0,16.1,256429.0,14337.0
India,"PLFS Year (Jul - Jun), 2018",Female,Urban,all ages,UR,,1.1,2.2,4.3,8.7,16.0,20.9,20.5,18.6,17.6,9.9,,
India,"PLFS Year (Jul - Jun), 2018",Female,Urban,all ages,91,,5.2,49.6,21.9,25.8,35.6,14.6,12.0,4.1,21.7,24.3,387608.0,22003.0
India,"PLFS Year (Jul - Jun), 2018",Female,Urban,all ages,92,,35.0,30.2,53.8,53.6,46.2,32.5,52.5,44.8,49.7,42.5,676920.0,36429.0
India,"PLFS Year (Jul - Jun), 2018",Female,Urban,all ages,93,,5.0,3.2,5.1,5.0,4.0,1.8,3.3,1.9,3.8,4.2,66275.0,4516.0
India,"PLFS Year (Jul - Jun), 2018",Female,Urban,all ages,94,,6.8,3.2,3.0,3.7,1.9,7.8,2.5,2.9,2.8,3.9,61516.0,3654.0
India,"PLFS Year (Jul - Jun), 2018",Female,Urban,all ages,95,,1.6,0.5,0.5,0.2,0.1,0.2,0.1,0.1,0.2,0.6,9938.0,556.0
India,"PLFS Year (Jul - Jun), 2018",Female,Urban,all ages,97,,5.2,1.4,1.0,0.8,1.0,0.1,0.6,0.8,0.8,2.0,31327.0,1432.0
India,"PLFS Year (Jul - Jun), 2018",Female,Urban,all ages,99,,26.5,1.6,0.0,0.0,0.0,0.0,0.0,0.0,0.0,6.5,103309.0,5583.0
India,"PLFS Year (Jul - Jun), 2018",Female,Urban,all ages,91-99,,85.2,89.7,85.3,89.2,88.7,57.0,71.0,54.7,79.0,83.9,1336892.0,74173.0
India,"PLFS Year (Jul - Jun), 2018",Female,Urban,all ages,11-99,,100.0,100.0,100.0,100.0,100.0,100.0,100.0,100.0,100.0,100.0,1593321.0,88510.0
India,"PLFS Year (Jul - Jun), 2018",Persons,Urban,15-29 years,"11,12",01-03,0.8,0.4,0.3,0.2,0.2,0.1,0.1,0.0,0.1,0.2,1999.0,129.0
India,"PLFS Year (Jul - Jun), 2018",Persons,Urban,15-29 years,"11,12",01-96,7.9,9.5,7.1,4.2,3.4,4.1,4.8,4.3,4.1,5.3,48841.0,2782.0
India,"PLFS Year (Jul - Jun), 2018",Persons,Urban,15-29 years,"11,12",05-43,3.1,4.4,2.9,1.4,0.9,1.3,0.9,0.6,1.0,1.8,16207.0,840.0
India,"PLFS Year (Jul - Jun), 2018",Persons,Urban,15-29 years,"11,12",45-96,4.0,4.8,4.0,2.6,2.4,2.6,3.8,3.7,2.9,3.3,30636.0,1813.0
India,"PLFS Year (Jul - Jun), 2018",Persons,Urban,15-29 years,21,01-03,1.0,1.6,0.6,0.3,0.2,0.1,0.3,0.5,0.3,0.5,4577.0,247.0
India,"PLFS Year (Jul - Jun), 2018",Persons,Urban,15-29 years,21,01-96,4.6,4.3,3.4,2.6,1.9,2.8,2.7,3.7,2.5,2.9,26814.0,1491.0
India,"PLFS Year (Jul - Jun), 2018",Persons,Urban,15-29 years,21,05-43,2.4,1.4,1.1,0.8,0.5,1.3,0.7,0.7,0.7,0.9,8411.0,414.0
India,"PLFS Year (Jul - Jun), 2018",Persons,Urban,15-29 years,21,45-96,1.3,1.3,1.6,1.5,1.2,1.4,1.7,2.5,1.5,1.5,13826.0,830.0
India,"PLFS Year (Jul - Jun), 2018",Persons,Urban,15-29 years,11-21,01-03,1.8,2.0,0.9,0.5,0.4,0.3,0.4,0.5,0.4,0.7,6575.0,376.0
India,"PLFS Year (Jul - Jun), 2018",Persons,Urban,15-29 years,11-21,01-96,12.5,13.8,10.5,6.8,5.3,6.9,7.5,8.1,6.5,8.2,75655.0,4273.0
India,"PLFS Year (Jul - Jun), 2018",Persons,Urban,15-29 years,11-21,05-43,5.4,5.7,4.0,2.2,1.4,2.6,1.6,1.4,1.7,2.7,24618.0,1254.0
India,"PLFS Year (Jul - Jun), 2018",Persons,Urban,15-29 years,11-21,45-96,5.3,6.1,5.6,4.1,3.5,4.0,5.5,6.2,4.4,4.8,44461.0,2643.0
India,"PLFS Year (Jul - Jun), 2018",Persons,Urban,15-29 years,31,01-03,0.0,0.2,0.0,0.0,0.1,0.0,0.0,0.1,0.1,0.1,627.0,26.0
India,"PLFS Year (Jul - Jun), 2018",Persons,Urban,15-29 years,31,01-99,11.9,20.4,17.1,11.9,10.9,38.3,28.7,35.9,18.7,18.2,167612.0,8314.0
India,"PLFS Year (Jul - Jun), 2018",Persons,Urban,15-29 years,31,05-43,3.4,10.1,7.5,4.2,3.3,17.3,5.2,3.3,4.6,5.6,51658.0,2341.0
India,"PLFS Year (Jul - Jun), 2018",Persons,Urban,15-29 years,31,45-99,8.5,10.1,9.6,7.6,7.5,21.0,23.5,32.5,14.0,12.5,115327.0,5947.0
India,"PLFS Year (Jul - Jun), 2018",Persons,Urban,15-29 years,41,,0.4,0.1,0.2,0.0,0.0,0.0,0.0,0.0,0.0,0.1,585.0,32.0
India,"PLFS Year (Jul - Jun), 2018",Persons,Urban,15-29 years,51,01-03,0.4,0.2,0.3,0.2,0.0,0.0,0.0,0.0,0.1,0.1,1373.0,90.0
India,"PLFS Year (Jul - Jun), 2018",Persons,Urban,15-29 years,51,01-99,13.7,14.5,6.8,3.8,1.4,3.2,0.4,0.1,1.8,4.4,40677.0,2012.0
India,"PLFS Year (Jul - Jun), 2018",Persons,Urban,15-29 years,51,05-43,9.8,11.1,5.1,2.7,0.9,2.6,0.2,0.0,1.3,3.3,29970.0,1445.0
India,"PLFS Year (Jul - Jun), 2018",Persons,Urban,15-29 years,51,45-99,3.5,3.1,1.4,0.8,0.4,0.6,0.2,0.1,0.5,1.0,9334.0,477.0
India,"PLFS Year (Jul - Jun), 2018",Persons,Urban,15-29 years,41 & 51,01-99,14.0,14.6,6.9,3.8,1.4,3.2,0.4,0.1,1.8,4.5,41262.0,2044.0
India,"PLFS Year (Jul - Jun), 2018",Persons,Urban,15-29 years,11-51,01-03,2.1,2.4,1.2,0.7,0.6,0.3,0.4,0.6,0.6,0.9,8576.0,492.0
India,"PLFS Year (Jul - Jun), 2018",Persons,Urban,15-29 years,11-51,01-99,38.5,48.8,34.5,22.4,17.6,48.4,36.6,44.1,27.0,30.9,284528.0,14631.0
India,"PLFS Year (Jul - Jun), 2018",Persons,Urban,15-29 years,11-51,05-43,19.0,27.1,16.7,9.2,5.6,22.5,7.0,4.7,7.6,11.6,106831.0,5072.0
India,"PLFS Year (Jul - Jun), 2018",Persons,Urban,15-29 years,11-51,45-99,17.4,19.4,16.6,12.5,11.4,25.6,29.2,38.7,18.9,18.4,169122.0,9067.0
India,"PLFS Year (Jul - Jun), 2018",Persons,Urban,15-29 years,81,,5.3,4.5,5.1,3.8,4.6,18.9,17.1,18.9,9.2,7.8,71832.0,4480.0
India,"PLFS Year (Jul - Jun), 2018",Persons,Urban,15-29 years,11-81,,43.7,53.3,39.6,26.2,22.2,67.4,53.7,63.0,36.3,38.7,356361.0,19111.0
India,"PLFS Year (Jul - Jun), 2018",Persons,Urban,15-29 years,UR,,12.1,8.4,12.8,14.5,20.6,28.1,31.9,30.0,25.4,20.2,,
India,"PLFS Year (Jul - Jun), 2018",Persons,Urban,15-29 years,91,,0.6,10.7,33.2,55.7,60.7,24.2,24.4,11.2,44.8,37.6,345909.0,20942.0
India,"PLFS Year (Jul - Jun), 2018",Persons,Urban,15-29 years,92,,40.7,28.3,22.8,15.3,14.5,6.8,19.6,24.0,16.4,19.8,182162.0,9545.0
India,"PLFS Year (Jul - Jun), 2018",Persons,Urban,15-29 years,93,,5.7,5.4,2.6,1.8,1.3,0.3,1.3,1.2,1.4,2.2,19962.0,1226.0
India,"PLFS Year (Jul - Jun), 2018",Persons,Urban,15-29 years,94,,0.3,0.2,0.3,0.1,0.1,0.6,0.2,0.2,0.2,0.2,1790.0,116.0
India,"PLFS Year (Jul - Jun), 2018",Persons,Urban,15-29 years,95,,5.3,0.8,0.5,0.1,0.1,0.1,0.1,0.1,0.1,0.5,4266.0,238.0
India,"PLFS Year (Jul - Jun), 2018",Persons,Urban,15-29 years,97,,3.8,1.3,1.0,0.8,1.1,0.6,0.8,0.4,0.9,1.1,10020.0,450.0
India,"PLFS Year (Jul - Jun), 2018",Persons,Urban,15-29 years,99,,0.0,0.0,0.0,0.0,0.0,0.0,0.0,0.0,0.0,0.0,0.0,0.0
India,"PLFS Year (Jul - Jun), 2018",Persons,Urban,15-29 years,91-99,,56.3,46.7,60.4,73.8,77.8,32.6,46.3,37.0,63.7,61.3,564110.0,32517.0
India,"PLFS Year (Jul - Jun), 2018",Persons,Urban,15-29 years,11-99,,100.0,100.0,100.0,100.0,100.0,100.0,100.0,100.0,100.0,100.0,920471.0,51628.0
India,"PLFS Year (Jul - Jun), 2018",Persons,Urban,15 years and above,"11,12",01-03,2.3,1.9,1.5,1.1,0.9,1.4,0.6,0.5,0.8,1.3,33326.0,2195.0
India,"PLFS Year (Jul - Jun), 2018",Persons,Urban,15 years and above,"11,12",01-96,12.4,18.0,16.6,14.3,11.3,16.3,13.4,11.5,13.0,14.3,363442.0,21006.0
India,"PLFS Year (Jul - Jun), 2018",Persons,Urban,15 years and above,"11,12",05-43,3.3,6.5,5.2,4.1,2.8,6.0,2.7,1.3,3.1,4.0,102141.0,5422.0
India,"PLFS Year (Jul - Jun), 2018",Persons,Urban,15 years and above,"11,12",45-96,6.8,9.6,9.9,9.1,7.6,9.0,10.1,9.7,9.1,9.0,227974.0,13389.0
India,"PLFS Year (Jul - Jun), 2018",Persons,Urban,15 years and above,21,01-03,1.0,0.7,0.5,0.3,0.2,0.1,0.2,0.3,0.2,0.4,11334.0,701.0
India,"PLFS Year (Jul - Jun), 2018",Persons,Urban,15 years and above,21,01-96,2.4,2.6,2.5,2.1,2.0,2.0,2.2,2.2,2.1,2.3,58406.0,3351.0
India,"PLFS Year (Jul - Jun), 2018",Persons,Urban,15 years and above,21,05-43,0.7,0.8,0.8,0.7,0.5,0.6,0.6,0.4,0.6,0.7,17067.0,799.0
India,"PLFS Year (Jul - Jun), 2018",Persons,Urban,15 years and above,21,45-96,0.7,1.0,1.3,1.2,1.2,1.2,1.5,1.5,1.3,1.2,30005.0,1851.0
India,"PLFS Year (Jul - Jun), 2018",Persons,Urban,15 years and above,11-21,01-03,3.3,2.6,2.0,1.4,1.1,1.5,0.8,0.7,1.1,1.8,44660.0,2896.0
India,"PLFS Year (Jul - Jun), 2018",Persons,Urban,15 years and above,11-21,01-96,14.8,20.6,19.1,16.4,13.3,18.3,15.6,13.7,15.1,16.6,421848.0,24357.0
India,"PLFS Year (Jul - Jun), 2018",Persons,Urban,15 years and above,11-21,05-43,4.1,7.4,6.0,4.8,3.3,6.6,3.3,1.7,3.7,4.7,119208.0,6221.0
India,"PLFS Year (Jul - Jun), 2018",Persons,Urban,15 years and above,11-21,45-96,7.5,10.7,11.1,10.3,8.9,10.2,11.5,11.2,10.4,10.1,257980.0,15240.0
India,"PLFS Year (Jul - Jun), 2018",Persons,Urban,15 years and above,31,01-03,0.2,0.2,0.1,0.1,0.1,0.1,0.1,0.1,0.1,0.1,2844.0,199.0
India,"PLFS Year (Jul - Jun), 2018",Persons,Urban,15 years and above,31,01-99,11.4,16.9,19.1,17.2,17.4,42.3,33.0,45.7,26.0,21.4,543364.0,28943.0
India,"PLFS Year (Jul - Jun), 2018",Persons,Urban,15 years and above,31,05-43,3.4,6.8,7.5,5.9,5.1,19.8,6.1,4.8,6.2,6.1,155859.0,7319.0
India,"PLFS Year (Jul - Jun), 2018",Persons,Urban,15 years and above,31,45-99,7.8,9.9,11.5,11.2,12.2,22.4,26.8,40.8,19.7,15.1,384661.0,21425.0
India,"PLFS Year (Jul - Jun), 2018",Persons,Urban,15 years and above,41,,0.2,0.2,0.2,0.1,0.0,0.1,0.0,0.0,0.0,0.1,3061.0,193.0
India,"PLFS Year (Jul - Jun), 2018",Persons,Urban,15 years and above,51,01-03,1.8,1.1,0.5,0.2,0.1,0.0,0.1,0.0,0.1,0.6,14093.0,714.0
India,"PLFS Year (Jul - Jun), 2018",Persons,Urban,15 years and above,51,01-99,11.6,11.9,7.8,4.1,1.9,2.6,0.5,0.1,1.9,5.8,146719.0,7359.0
India,"PLFS Year (Jul - Jun), 2018",Persons,Urban,15 years and above,51,05-43,7.6,8.3,5.5,2.9,1.3,1.9,0.2,0.0,1.3,4.0,101380.0,5077.0
India,"PLFS Year (Jul - Jun), 2018",Persons,Urban,15 years and above,51,45-99,2.2,2.4,1.7,1.0,0.5,0.6,0.2,0.1,0.5,1.2,31246.0,1568.0
India,"PLFS Year (Jul - Jun), 2018",Persons,Urban,15 years and above,41 & 51,01-99,11.8,12.1,8.0,4.2,1.9,2.7,0.5,0.1,2.0,5.9,149780.0,7552.0
India,"PLFS Year (Jul - Jun), 2018",Persons,Urban,15 years and above,11-51,01-03,5.2,3.9,2.6,1.6,1.3,1.7,0.9,0.8,1.2,2.4,61597.0,3809.0
India,"PLFS Year (Jul - Jun), 2018",Persons,Urban,15 years and above,11-51,01-99,38.0,49.6,46.2,37.8,32.5,63.3,49.1,59.5,43.1,43.9,1114992.0,60852.0
India,"PLFS Year (Jul - Jun), 2018",Persons,Urban,15 years and above,11-51,05-43,15.3,22.8,19.3,13.6,9.7,28.4,9.7,6.5,11.2,14.9,379508.0,18810.0
India,"PLFS Year (Jul - Jun), 2018",Persons,Urban,15 years and above,11-51,45-99,17.5,23.0,24.3,22.5,21.5,33.2,38.5,52.1,30.6,26.5,673887.0,38233.0
India,"PLFS Year (Jul - Jun), 2018",Persons,Urban,15 years and above,81,,0.9,1.5,2.6,2.4,3.3,9.4,8.4,7.3,5.2,3.6,91597.0,5649.0
India,"PLFS Year (Jul - Jun), 2018",Persons,Urban,15 years and above,11-81,,38.9,51.2,48.8,40.1,35.8,72.7,57.5,66.8,48.3,47.5,1206589.0,66501.0
India,"PLFS Year (Jul - Jun), 2018",Persons,Urban,15 years and above,UR,,2.4,3.0,5.3,5.9,9.1,12.9,14.6,10.9,10.8,7.6,,
India,"PLFS Year (Jul - Jun), 2018",Persons,Urban,15 years and above,91,,0.2,2.6,12.6,25.0,35.8,10.9,10.1,3.6,20.6,13.7,348874.0,21093.0
India,"PLFS Year (Jul - Jun), 2018",Persons,Urban,15 years and above,92,,36.1,31.7,29.0,24.7,21.6,8.8,23.2,21.4,22.5,26.9,683699.0,36915.0
India,"PLFS Year (Jul - Jun), 2018",Persons,Urban,15 years and above,93,,5.2,3.5,2.7,2.3,1.9,0.5,1.5,0.9,1.7,2.6,67285.0,4647.0
India,"PLFS Year (Jul - Jun), 2018",Persons,Urban,15 years and above,94,,9.8,6.8,4.4,6.1,3.4,6.3,6.4,6.3,5.5,6.1,154979.0,8903.0
India,"PLFS Year (Jul - Jun), 2018",Persons,Urban,15 years and above,95,,3.4,1.6,1.0,0.4,0.3,0.3,0.3,0.2,0.3,1.0,26571.0,1468.0
India,"PLFS Year (Jul - Jun), 2018",Persons,Urban,15 years and above,97,,6.3,2.7,1.4,1.4,1.2,0.6,0.9,0.9,1.1,2.1,54447.0,2687.0
India,"PLFS Year (Jul - Jun), 2018",Persons,Urban,15 years and above,99,,0.0,0.0,0.0,0.0,0.0,0.0,0.0,0.0,0.0,0.0,0.0,0.0
India,"PLFS Year (Jul - Jun), 2018",Persons,Urban,15 years and above,91-99,,61.1,48.8,51.2,59.9,64.2,27.3,42.5,33.2,51.7,52.5,1335854.0,75713.0
India,"PLFS Year (Jul - Jun), 2018",Persons,Urban,15 years and above,11-99,,100.0,100.0,100.0,100.0,100.0,100.0,100.0,100.0,100.0,100.0,2542444.0,142214.0
India,"PLFS Year (Jul - Jun), 2018",Persons,Urban,all ages,"11,12",01-03,1.3,0.9,1.3,1.1,0.9,1.4,0.6,0.5,0.8,1.0,33326.0,2195.0
India,"PLFS Year (Jul - Jun), 2018",Persons,Urban,all ages,"11,12",01-96,7.2,8.3,14.8,14.2,11.3,16.3,13.4,11.5,13.0,11.1,363585.0,21013.0
India,"PLFS Year (Jul - Jun), 2018",Persons,Urban,all ages,"11,12",05-43,1.9,3.0,4.7,4.1,2.8,6.0,2.7,1.3,3.1,3.1,102258.0,5427.0
India,"PLFS Year (Jul - Jun), 2018",Persons,Urban,all ages,"11,12",45-96,3.9,4.4,8.8,9.1,7.6,9.0,10.1,9.7,9.0,7.0,228001.0,13391.0
India,"PLFS Year (Jul - Jun), 2018",Persons,Urban,all ages,21,01-03,0.6,0.3,0.4,0.3,0.2,0.1,0.2,0.3,0.2,0.3,11351.0,703.0
India,"PLFS Year (Jul - Jun), 2018",Persons,Urban,all ages,21,01-96,1.4,1.2,2.2,2.1,2.0,2.0,2.2,2.2,2.1,1.8,58738.0,3364.0
India,"PLFS Year (Jul - Jun), 2018",Persons,Urban,all ages,21,05-43,0.4,0.4,0.7,0.7,0.5,0.6,0.6,0.4,0.6,0.5,17312.0,805.0
India,"PLFS Year (Jul - Jun), 2018",Persons,Urban,all ages,21,45-96,0.4,0.5,1.1,1.2,1.2,1.2,1.5,1.5,1.3,0.9,30075.0,1856.0
India,"PLFS Year (Jul - Jun), 2018",Persons,Urban,all ages,11-21,01-03,1.9,1.2,1.8,1.4,1.1,1.5,0.8,0.7,1.1,1.4,44677.0,2898.0
India,"PLFS Year (Jul - Jun), 2018",Persons,Urban,all ages,11-21,01-96,8.6,9.5,17.0,16.4,13.3,18.3,15.6,13.7,15.1,12.9,422323.0,24377.0
India,"PLFS Year (Jul - Jun), 2018",Persons,Urban,all ages,11-21,05-43,2.4,3.4,5.3,4.8,3.3,6.6,3.3,1.7,3.7,3.7,119570.0,6232.0
India,"PLFS Year (Jul - Jun), 2018",Persons,Urban,all ages,11-21,45-96,4.3,4.9,9.9,10.2,8.9,10.2,11.5,11.2,10.4,7.9,258076.0,15247.0
India,"PLFS Year (Jul - Jun), 2018",Persons,Urban,all ages,31,01-03,0.1,0.1,0.1,0.1,0.1,0.1,0.1,0.1,0.1,0.1,2948.0,200.0
India,"PLFS Year (Jul - Jun), 2018",Persons,Urban,all ages,31,01-99,6.6,7.9,17.0,17.1,17.4,42.3,33.0,45.7,26.0,16.6,544265.0,28973.0
India,"PLFS Year (Jul - Jun), 2018",Persons,Urban,all ages,31,05-43,2.0,3.2,6.7,5.8,5.1,19.8,6.1,4.8,6.2,4.8,155885.0,7323.0
India,"PLFS Year (Jul - Jun), 2018",Persons,Urban,all ages,31,45-99,4.5,4.6,10.2,11.2,12.2,22.4,26.8,40.8,19.7,11.8,385432.0,21450.0
India,"PLFS Year (Jul - Jun), 2018",Persons,Urban,all ages,41,,0.1,0.1,0.2,0.1,0.0,0.1,0.0,0.0,0.0,0.1,3061.0,193.0
India,"PLFS Year (Jul - Jun), 2018",Persons,Urban,all ages,51,01-03,1.0,0.5,0.5,0.2,0.1,0.0,0.1,0.0,0.1,0.4,14093.0,714.0
India,"PLFS Year (Jul - Jun), 2018",Persons,Urban,all ages,51,01-99,6.7,5.5,6.9,4.1,1.9,2.6,0.5,0.1,1.9,4.5,147172.0,7373.0
India,"PLFS Year (Jul - Jun), 2018",Persons,Urban,all ages,51,05-43,4.4,3.9,4.9,2.9,1.3,1.9,0.2,0.0,1.3,3.1,101692.0,5087.0
India,"PLFS Year (Jul - Jun), 2018",Persons,Urban,all ages,51,45-99,1.3,1.1,1.5,1.0,0.5,0.6,0.2,0.1,0.5,1.0,31387.0,1572.0
India,"PLFS Year (Jul - Jun), 2018",Persons,Urban,all ages,41 & 51,01-99,6.8,5.6,7.1,4.2,1.9,2.7,0.5,0.1,2.0,4.6,150233.0,7566.0
India,"PLFS Year (Jul - Jun), 2018",Persons,Urban,all ages,11-51,01-03,3.0,1.8,2.3,1.6,1.3,1.7,0.9,0.8,1.2,1.9,61718.0,3812.0
India,"PLFS Year (Jul - Jun), 2018",Persons,Urban,all ages,11-51,01-99,22.0,23.0,41.1,37.7,32.5,63.3,49.1,59.5,43.1,34.1,1116821.0,60916.0
India,"PLFS Year (Jul - Jun), 2018",Persons,Urban,all ages,11-51,05-43,8.9,10.6,17.1,13.6,9.7,28.4,9.7,6.5,11.2,11.6,380207.0,18835.0
India,"PLFS Year (Jul - Jun), 2018",Persons,Urban,all ages,11-51,45-99,10.1,10.7,21.7,22.4,21.5,33.2,38.5,52.1,30.6,20.6,674896.0,38269.0
India,"PLFS Year (Jul - Jun), 2018",Persons,Urban,all ages,81,,0.6,0.8,2.3,2.4,3.3,9.4,8.4,7.3,5.2,2.8,92708.0,5697.0
India,"PLFS Year (Jul - Jun), 2018",Persons,Urban,all ages,11-81,,22.6,23.8,43.4,40.1,35.8,72.7,57.5,66.8,48.3,36.9,1209529.0,66613.0
India,"PLFS Year (Jul - Jun), 2018",Persons,Urban,all ages,UR,,2.6,3.4,5.3,5.9,9.1,12.9,14.6,10.9,10.8,7.7,,
India,"PLFS Year (Jul - Jun), 2018",Persons,Urban,all ages,91,,6.3,52.2,22.0,25.1,35.8,10.9,10.1,3.6,20.6,25.4,831608.0,47030.0
India,"PLFS Year (Jul - Jun), 2018",Persons,Urban,all ages,92,,21.2,15.0,25.9,24.6,21.6,8.8,23.2,21.4,22.4,21.1,689675.0,37137.0
India,"PLFS Year (Jul - Jun), 2018",Persons,Urban,all ages,93,,3.0,1.7,2.5,2.3,1.9,0.5,1.5,0.9,1.7,2.1,67959.0,4678.0
India,"PLFS Year (Jul - Jun), 2018",Persons,Urban,all ages,94,,5.7,3.2,3.9,6.1,3.4,6.3,6.4,6.3,5.5,4.7,155373.0,8933.0
India,"PLFS Year (Jul - Jun), 2018",Persons,Urban,all ages,95,,2.1,0.7,0.9,0.4,0.3,0.3,0.3,0.2,0.3,0.8,27639.0,1535.0
India,"PLFS Year (Jul - Jun), 2018",Persons,Urban,all ages,97,,5.2,1.7,1.4,1.4,1.2,0.6,0.9,0.9,1.1,2.1,68486.0,3176.0
India,"PLFS Year (Jul - Jun), 2018",Persons,Urban,all ages,99,,33.9,1.7,0.0,0.0,0.0,0.0,0.0,0.0,0.0,6.8,223604.0,11838.0
India,"PLFS Year (Jul - Jun), 2018",Persons,Urban,all ages,91-99,,77.4,76.2,56.6,59.9,64.2,27.3,42.5,33.2,51.7,63.1,2064343.0,114327.0
India,"PLFS Year (Jul - Jun), 2018",Persons,Urban,all ages,11-99,,100.0,100.0,100.0,100.0,100.0,100.0,100.0,100.0,100.0,100.0,3273873.0,180940.0
India,"PLFS Year (Jul - Jun), 2018",Male,Rural + Urban,15-29 years,"11,12",01-03,9.2,6.1,4.4,2.7,2.8,0.8,3.1,1.8,2.7,3.8,57632.0,1788.0
India,"PLFS Year (Jul - Jun), 2018",Male,Rural + Urban,15-29 years,"11,12",01-96,17.3,14.9,11.4,7.9,7.8,6.8,10.9,9.5,8.5,10.3,155719.0,6035.0
India,"PLFS Year (Jul - Jun), 2018",Male,Rural + Urban,15-29 years,"11,12",05-43,3.2,3.2,1.9,1.4,0.8,2.0,1.1,0.8,1.1,1.6,24674.0,1060.0
India,"PLFS Year (Jul - Jun), 2018",Male,Rural + Urban,15-29 years,"11,12",45-96,4.9,5.6,5.1,3.9,4.1,3.9,6.8,6.9,4.6,4.9,73413.0,3187.0
India,"PLFS Year (Jul - Jun), 2018",Male,Rural + Urban,15-29 years,21,01-03,10.5,11.0,9.1,5.6,5.8,2.7,5.0,3.8,5.4,7.2,108401.0,3678.0
India,"PLFS Year (Jul - Jun), 2018",Male,Rural + Urban,15-29 years,21,01-96,12.2,13.0,11.3,7.8,7.8,5.7,8.2,8.6,7.8,9.5,143277.0,5273.0
India,"PLFS Year (Jul - Jun), 2018",Male,Rural + Urban,15-29 years,21,05-43,0.8,0.8,0.7,0.7,0.4,1.3,0.8,0.8,0.6,0.7,10363.0,483.0
India,"PLFS Year (Jul - Jun), 2018",Male,Rural + Urban,15-29 years,21,45-96,0.9,1.2,1.5,1.6,1.5,1.7,2.4,3.9,1.8,1.6,24512.0,1112.0
India,"PLFS Year (Jul - Jun), 2018",Male,Rural + Urban,15-29 years,11-21,01-03,19.6,17.1,13.5,8.2,8.7,3.6,8.1,5.6,8.1,11.0,166034.0,5466.0
India,"PLFS Year (Jul - Jun), 2018",Male,Rural + Urban,15-29 years,11-21,01-96,29.4,27.9,22.7,15.7,15.6,12.5,19.1,18.1,16.3,19.8,298996.0,11308.0
India,"PLFS Year (Jul - Jun), 2018",Male,Rural + Urban,15-29 years,11-21,05-43,4.0,4.0,2.6,2.0,1.2,3.3,1.8,1.6,1.8,2.3,35037.0,1543.0
India,"PLFS Year (Jul - Jun), 2018",Male,Rural + Urban,15-29 years,11-21,45-96,5.8,6.8,6.6,5.4,5.7,5.6,9.1,10.8,6.5,6.5,97926.0,4299.0
India,"PLFS Year (Jul - Jun), 2018",Male,Rural + Urban,15-29 years,31,01-03,0.3,0.4,0.3,0.1,0.2,0.2,0.1,0.1,0.1,0.2,3100.0,125.0
India,"PLFS Year (Jul - Jun), 2018",Male,Rural + Urban,15-29 years,31,01-99,8.0,14.2,12.7,10.4,11.7,36.3,28.9,43.1,16.8,15.1,227161.0,10072.0
India,"PLFS Year (Jul - Jun), 2018",Male,Rural + Urban,15-29 years,31,05-43,3.1,6.9,5.5,3.9,4.0,19.9,6.3,5.8,5.2,5.3,80526.0,3319.0
India,"PLFS Year (Jul - Jun), 2018",Male,Rural + Urban,15-29 years,31,45-99,4.6,6.9,7.0,6.4,7.5,16.2,22.4,37.2,11.5,9.5,143534.0,6628.0
India,"PLFS Year (Jul - Jun), 2018",Male,Rural + Urban,15-29 years,41,,0.6,0.1,0.2,0.1,0.0,0.3,0.0,0.0,0.1,0.1,1697.0,81.0
India,"PLFS Year (Jul - Jun), 2018",Male,Rural + Urban,15-29 years,51,01-03,11.3,10.0,5.3,2.1,1.4,1.4,0.5,0.3,1.4,3.8,57759.0,1407.0
India,"PLFS Year (Jul - Jun), 2018",Male,Rural + Urban,15-29 years,51,01-99,37.0,34.9,17.8,9.1,5.1,6.6,2.1,1.2,5.9,13.6,205403.0,6508.0
India,"PLFS Year (Jul - Jun), 2018",Male,Rural + Urban,15-29 years,51,05-43,21.9,21.6,11.0,5.9,3.2,3.8,1.2,0.5,3.7,8.4,127000.0,4285.0
India,"PLFS Year (Jul - Jun), 2018",Male,Rural + Urban,15-29 years,51,45-99,3.8,3.3,1.5,1.2,0.6,1.4,0.3,0.4,0.8,1.4,20645.0,816.0
India,"PLFS Year (Jul - Jun), 2018",Male,Rural + Urban,15-29 years,41 & 51,01-99,37.6,34.9,17.9,9.2,5.2,6.8,2.1,1.2,6.0,13.7,207101.0,6589.0
India,"PLFS Year (Jul - Jun), 2018",Male,Rural + Urban,15-29 years,11-51,01-03,31.2,27.4,19.1,10.4,10.3,5.1,8.8,6.0,9.7,15.0,226893.0,6998.0
India,"PLFS Year (Jul - Jun), 2018",Male,Rural + Urban,15-29 years,11-51,01-99,75.1,77.0,53.3,35.3,32.5,55.6,50.1,62.3,39.1,48.6,733257.0,27969.0
India,"PLFS Year (Jul - Jun), 2018",Male,Rural + Urban,15-29 years,11-51,05-43,29.5,32.6,19.2,11.8,8.5,27.3,9.4,8.0,10.7,16.2,244260.0,9228.0
India,"PLFS Year (Jul - Jun), 2018",Male,Rural + Urban,15-29 years,11-51,45-99,14.3,17.0,15.0,13.0,13.8,23.2,31.9,48.4,18.7,17.4,262105.0,11743.0
India,"PLFS Year (Jul - Jun), 2018",Male,Rural + Urban,15-29 years,81,,8.8,7.6,8.4,5.9,7.3,23.0,24.6,24.7,11.5,10.1,152769.0,6466.0
India,"PLFS Year (Jul - Jun), 2018",Male,Rural + Urban,15-29 years,11-81,,83.9,84.6,61.7,41.2,39.9,78.6,74.6,87.0,50.6,58.8,886027.0,34435.0
India,"PLFS Year (Jul - Jun), 2018",Male,Rural + Urban,15-29 years,UR,,10.5,9.0,13.6,14.3,18.4,29.3,32.9,28.3,22.7,17.2,,
India,"PLFS Year (Jul - Jun), 2018",Male,Rural + Urban,15-29 years,91,,0.8,12.0,35.7,57.2,59.0,20.2,24.0,11.8,48.1,38.7,583999.0,26162.0
India,"PLFS Year (Jul - Jun), 2018",Male,Rural + Urban,15-29 years,92,,1.1,0.6,0.5,0.5,0.3,0.2,0.5,0.3,0.4,0.5,7382.0,365.0
India,"PLFS Year (Jul - Jun), 2018",Male,Rural + Urban,15-29 years,93,,0.8,0.5,0.2,0.1,0.0,0.0,0.0,0.0,0.0,0.2,2350.0,136.0
India,"PLFS Year (Jul - Jun), 2018",Male,Rural + Urban,15-29 years,94,,0.5,0.4,0.3,0.1,0.1,0.3,0.1,0.0,0.1,0.2,2853.0,77.0
India,"PLFS Year (Jul - Jun), 2018",Male,Rural + Urban,15-29 years,95,,9.2,0.8,0.7,0.3,0.1,0.1,0.1,0.1,0.2,0.8,11807.0,431.0
India,"PLFS Year (Jul - Jun), 2018",Male,Rural + Urban,15-29 years,97,,3.7,1.0,1.0,0.6,0.6,0.7,0.7,0.8,0.6,0.9,13591.0,554.0
India,"PLFS Year (Jul - Jun), 2018",Male,Rural + Urban,15-29 years,99,,0.0,0.0,0.0,0.0,0.0,0.0,0.0,0.0,0.0,0.0,0.0,0.0
India,"PLFS Year (Jul - Jun), 2018",Male,Rural + Urban,15-29 years,91-99,,16.1,15.4,38.3,58.8,60.1,21.4,25.4,13.0,49.4,41.2,621982.0,27725.0
India,"PLFS Year (Jul - Jun), 2018",Male,Rural + Urban,15-29 years,11-99,,100.0,100.0,100.0,100.0,100.0,100.0,100.0,100.0,100.0,100.0,1508009.0,62160.0
India,"PLFS Year (Jul - Jun), 2018",Male,Rural + Urban,15 years and above,"11,12",01-03,29.2,22.6,16.8,13.4,10.0,4.1,7.5,3.8,10.0,17.0,686233.0,22573.0
India,"PLFS Year (Jul - Jun), 2018",Male,Rural + Urban,15 years and above,"11,12",01-96,38.2,38.4,33.2,28.2,23.3,18.6,24.3,19.5,24.9,31.3,1265872.0,49424.0
India,"PLFS Year (Jul - Jun), 2018",Male,Rural + Urban,15 years and above,"11,12",05-43,2.9,4.9,4.6,3.9,2.6,5.5,3.1,1.8,3.2,3.7,151294.0,6889.0
India,"PLFS Year (Jul - Jun), 2018",Male,Rural + Urban,15 years and above,"11,12",45-96,6.1,10.9,11.8,11.0,10.8,9.1,13.7,14.0,11.7,10.6,428346.0,19962.0
India,"PLFS Year (Jul - Jun), 2018",Male,Rural + Urban,15 years and above,21,01-03,2.1,4.3,5.5,4.2,4.8,2.0,3.4,2.0,4.0,4.0,162693.0,5413.0
India,"PLFS Year (Jul - Jun), 2018",Male,Rural + Urban,15 years and above,21,01-96,2.4,5.1,6.8,5.8,6.6,3.9,5.8,4.4,5.9,5.4,217284.0,7946.0
India,"PLFS Year (Jul - Jun), 2018",Male,Rural + Urban,15 years and above,21,05-43,0.2,0.4,0.4,0.5,0.4,0.7,0.6,0.4,0.5,0.4,16138.0,739.0
India,"PLFS Year (Jul - Jun), 2018",Male,Rural + Urban,15 years and above,21,45-96,0.2,0.5,1.0,1.1,1.5,1.2,1.8,1.9,1.4,1.0,38453.0,1794.0
India,"PLFS Year (Jul - Jun), 2018",Male,Rural + Urban,15 years and above,11-21,01-03,31.2,26.9,22.3,17.6,14.7,6.1,10.9,5.8,13.9,21.0,848926.0,27986.0
India,"PLFS Year (Jul - Jun), 2018",Male,Rural + Urban,15 years and above,11-21,01-96,40.6,43.5,40.0,34.0,30.0,22.5,30.1,23.9,30.8,36.7,1483156.0,57370.0
India,"PLFS Year (Jul - Jun), 2018",Male,Rural + Urban,15 years and above,11-21,05-43,3.0,5.3,5.0,4.4,2.9,6.1,3.8,2.2,3.7,4.1,167431.0,7628.0
India,"PLFS Year (Jul - Jun), 2018",Male,Rural + Urban,15 years and above,11-21,45-96,6.3,11.4,12.7,12.1,12.3,10.3,15.5,15.9,13.1,11.5,466799.0,21756.0
India,"PLFS Year (Jul - Jun), 2018",Male,Rural + Urban,15 years and above,31,01-03,0.5,0.5,0.3,0.2,0.3,0.3,0.1,0.2,0.2,0.3,13472.0,614.0
India,"PLFS Year (Jul - Jun), 2018",Male,Rural + Urban,15 years and above,31,01-99,5.5,12.2,15.3,15.6,18.6,42.3,37.3,53.9,25.1,17.3,700821.0,33469.0
India,"PLFS Year (Jul - Jun), 2018",Male,Rural + Urban,15 years and above,31,05-43,2.2,5.2,6.0,5.3,5.8,22.7,7.3,6.5,6.7,5.5,222967.0,9533.0
India,"PLFS Year (Jul - Jun), 2018",Male,Rural + Urban,15 years and above,31,45-99,2.8,6.5,9.0,10.1,12.5,19.2,29.8,47.2,18.2,11.5,464382.0,23322.0
India,"PLFS Year (Jul - Jun), 2018",Male,Rural + Urban,15 years and above,41,,0.4,0.2,0.2,0.1,0.1,0.2,0.0,0.0,0.1,0.2,7278.0,308.0
India,"PLFS Year (Jul - Jun), 2018",Male,Rural + Urban,15 years and above,51,01-03,13.4,9.7,5.4,2.7,1.6,1.0,0.6,0.2,1.7,5.9,238040.0,6039.0
India,"PLFS Year (Jul - Jun), 2018",Male,Rural + Urban,15 years and above,51,01-99,29.5,28.4,18.7,10.7,5.9,5.4,1.9,0.6,6.4,16.8,680489.0,21452.0
India,"PLFS Year (Jul - Jun), 2018",Male,Rural + Urban,15 years and above,51,05-43,14.4,16.1,11.5,6.7,3.6,3.2,1.0,0.2,3.9,9.5,383229.0,13096.0
India,"PLFS Year (Jul - Jun), 2018",Male,Rural + Urban,15 years and above,51,45-99,1.6,2.5,1.9,1.3,0.7,1.2,0.2,0.2,0.8,1.5,59220.0,2317.0
India,"PLFS Year (Jul - Jun), 2018",Male,Rural + Urban,15 years and above,41 & 51,01-99,29.9,28.5,18.9,10.9,6.0,5.5,1.9,0.6,6.5,17.0,687767.0,21760.0
India,"PLFS Year (Jul - Jun), 2018",Male,Rural + Urban,15 years and above,11-51,01-03,45.2,37.1,28.0,20.5,16.6,7.4,11.6,6.1,15.8,27.2,1100438.0,34639.0
India,"PLFS Year (Jul - Jun), 2018",Male,Rural + Urban,15 years and above,11-51,01-99,75.9,84.2,74.2,60.5,54.5,70.4,69.3,78.4,62.3,71.0,2871744.0,112599.0
India,"PLFS Year (Jul - Jun), 2018",Male,Rural + Urban,15 years and above,11-51,05-43,20.0,26.8,22.7,16.5,12.4,32.2,12.1,9.0,14.4,19.3,780906.0,30565.0
India,"PLFS Year (Jul - Jun), 2018",Male,Rural + Urban,15 years and above,11-51,45-99,10.7,20.3,23.6,23.5,25.5,30.8,45.5,63.3,32.1,24.5,990401.0,47395.0
India,"PLFS Year (Jul - Jun), 2018",Male,Rural + Urban,15 years and above,81,,1.4,2.5,4.2,3.6,5.0,12.7,12.0,9.2,6.7,4.5,181971.0,7681.0
India,"PLFS Year (Jul - Jun), 2018",Male,Rural + Urban,15 years and above,11-81,,77.3,86.7,78.4,64.1,59.6,83.1,81.3,87.5,69.0,75.5,3053716.0,120280.0
India,"PLFS Year (Jul - Jun), 2018",Male,Rural + Urban,15 years and above,UR,,1.8,2.9,5.3,5.6,8.5,15.3,14.8,10.5,9.7,6.0,,
India,"PLFS Year (Jul - Jun), 2018",Male,Rural + Urban,15 years and above,91,,0.1,3.1,15.3,28.9,35.7,10.6,10.4,3.6,24.2,14.5,586231.0,26241.0
India,"PLFS Year (Jul - Jun), 2018",Male,Rural + Urban,15 years and above,92,,1.3,0.7,0.6,0.5,0.3,0.3,0.4,0.2,0.4,0.6,25980.0,1211.0
India,"PLFS Year (Jul - Jun), 2018",Male,Rural + Urban,15 years and above,93,,0.5,0.3,0.1,0.1,0.0,0.0,0.0,0.0,0.0,0.2,7992.0,415.0
India,"PLFS Year (Jul - Jun), 2018",Male,Rural + Urban,15 years and above,94,,10.8,5.3,3.4,4.7,3.0,4.8,6.6,7.6,4.8,5.6,227808.0,9298.0
India,"PLFS Year (Jul - Jun), 2018",Male,Rural + Urban,15 years and above,95,,4.4,1.6,1.0,0.7,0.3,0.5,0.3,0.2,0.4,1.4,58042.0,2278.0
India,"PLFS Year (Jul - Jun), 2018",Male,Rural + Urban,15 years and above,97,,5.6,2.2,1.3,1.1,1.0,0.6,0.9,0.9,1.0,2.1,83490.0,3053.0
India,"PLFS Year (Jul - Jun), 2018",Male,Rural + Urban,15 years and above,99,,0.0,0.0,0.0,0.0,0.0,0.0,0.0,0.0,0.0,0.0,0.0,0.0
India,"PLFS Year (Jul - Jun), 2018",Male,Rural + Urban,15 years and above,91-99,,22.7,13.3,21.6,35.9,40.4,16.9,18.7,12.5,31.0,24.5,989543.0,42496.0
India,"PLFS Year (Jul - Jun), 2018",Male,Rural + Urban,15 years and above,11-99,,100.0,100.0,100.0,100.0,100.0,100.0,100.0,100.0,100.0,100.0,4043259.0,162776.0
India,"PLFS Year (Jul - Jun), 2018",Male,Rural + Urban,all ages,"11,12",01-03,16.6,10.3,14.9,13.3,10.0,4.1,7.5,3.8,10.0,12.5,686267.0,22579.0
India,"PLFS Year (Jul - Jun), 2018",Male,Rural + Urban,all ages,"11,12",01-96,21.8,17.5,29.4,28.1,23.3,18.6,24.3,19.5,24.9,23.0,1266174.0,49436.0
India,"PLFS Year (Jul - Jun), 2018",Male,Rural + Urban,all ages,"11,12",05-43,1.6,2.2,4.1,3.8,2.6,5.5,3.1,1.8,3.2,2.8,151532.0,6891.0
India,"PLFS Year (Jul - Jun), 2018",Male,Rural + Urban,all ages,"11,12",45-96,3.5,5.0,10.4,10.9,10.8,9.1,13.7,14.0,11.7,7.8,428375.0,19966.0
India,"PLFS Year (Jul - Jun), 2018",Male,Rural + Urban,all ages,21,01-03,1.2,2.0,4.9,4.2,4.8,2.0,3.4,2.0,4.0,3.0,164418.0,5491.0
India,"PLFS Year (Jul - Jun), 2018",Male,Rural + Urban,all ages,21,01-96,1.4,2.4,6.1,5.8,6.6,3.9,5.8,4.4,5.9,4.0,219472.0,8039.0
India,"PLFS Year (Jul - Jun), 2018",Male,Rural + Urban,all ages,21,05-43,0.1,0.2,0.4,0.5,0.4,0.7,0.6,0.4,0.5,0.3,16524.0,749.0
India,"PLFS Year (Jul - Jun), 2018",Male,Rural + Urban,all ages,21,45-96,0.1,0.2,0.9,1.1,1.5,1.2,1.8,1.9,1.4,0.7,38530.0,1799.0
India,"PLFS Year (Jul - Jun), 2018",Male,Rural + Urban,all ages,11-21,01-03,17.8,12.3,19.8,17.5,14.7,6.1,10.9,5.8,13.9,15.5,850685.0,28070.0
India,"PLFS Year (Jul - Jun), 2018",Male,Rural + Urban,all ages,11-21,01-96,23.2,19.9,35.6,33.9,30.0,22.5,30.1,23.9,30.7,27.0,1485646.0,57475.0
India,"PLFS Year (Jul - Jun), 2018",Male,Rural + Urban,all ages,11-21,05-43,1.8,2.4,4.4,4.3,2.9,6.1,3.8,2.2,3.7,3.1,168056.0,7640.0
India,"PLFS Year (Jul - Jun), 2018",Male,Rural + Urban,all ages,11-21,45-96,3.6,5.2,11.3,12.1,12.3,10.3,15.5,15.9,13.1,8.5,466905.0,21765.0
India,"PLFS Year (Jul - Jun), 2018",Male,Rural + Urban,all ages,31,01-03,0.3,0.2,0.3,0.2,0.3,0.3,0.1,0.2,0.2,0.2,13581.0,616.0
India,"PLFS Year (Jul - Jun), 2018",Male,Rural + Urban,all ages,31,01-99,3.1,5.6,13.6,15.6,18.6,42.3,37.3,53.9,25.1,12.7,701339.0,33497.0
India,"PLFS Year (Jul - Jun), 2018",Male,Rural + Urban,all ages,31,05-43,1.2,2.4,5.3,5.3,5.8,22.7,7.3,6.5,6.7,4.1,223002.0,9538.0
India,"PLFS Year (Jul - Jun), 2018",Male,Rural + Urban,all ages,31,45-99,1.6,3.0,8.0,10.1,12.5,19.2,29.8,47.2,18.2,8.4,464755.0,23343.0
India,"PLFS Year (Jul - Jun), 2018",Male,Rural + Urban,all ages,41,,0.2,0.1,0.2,0.1,0.1,0.2,0.0,0.0,0.1,0.1,7279.0,309.0
India,"PLFS Year (Jul - Jun), 2018",Male,Rural + Urban,all ages,51,01-03,7.7,4.4,4.8,2.7,1.6,1.0,0.6,0.2,1.7,4.3,238192.0,6044.0
India,"PLFS Year (Jul - Jun), 2018",Male,Rural + Urban,all ages,51,01-99,16.8,13.0,16.6,10.7,5.9,5.4,1.9,0.6,6.4,12.4,681600.0,21476.0
India,"PLFS Year (Jul - Jun), 2018",Male,Rural + Urban,all ages,51,05-43,8.2,7.4,10.2,6.7,3.6,3.2,1.0,0.2,3.9,7.0,383994.0,13109.0
India,"PLFS Year (Jul - Jun), 2018",Male,Rural + Urban,all ages,51,45-99,0.9,1.1,1.6,1.3,0.7,1.2,0.2,0.2,0.8,1.1,59414.0,2323.0
India,"PLFS Year (Jul - Jun), 2018",Male,Rural + Urban,all ages,41 & 51,01-99,17.0,13.1,16.8,10.8,6.0,5.5,1.9,0.6,6.5,12.5,688879.0,21785.0
India,"PLFS Year (Jul - Jun), 2018",Male,Rural + Urban,all ages,11-51,01-03,25.8,17.0,24.9,20.5,16.6,7.4,11.6,6.1,15.8,20.0,1102459.0,34730.0
India,"PLFS Year (Jul - Jun), 2018",Male,Rural + Urban,all ages,11-51,01-99,43.3,38.5,66.0,60.4,54.5,70.4,69.3,78.4,62.3,52.3,2875864.0,112757.0
India,"PLFS Year (Jul - Jun), 2018",Male,Rural + Urban,all ages,11-51,05-43,11.4,12.3,20.1,16.4,12.4,32.2,12.1,9.0,14.4,14.2,782331.0,30596.0
India,"PLFS Year (Jul - Jun), 2018",Male,Rural + Urban,all ages,11-51,45-99,6.1,9.3,20.9,23.4,25.5,30.8,45.5,63.3,32.1,18.0,991074.0,47431.0
India,"PLFS Year (Jul - Jun), 2018",Male,Rural + Urban,all ages,81,,0.8,1.3,3.8,3.6,5.0,12.7,12.0,9.2,6.7,3.4,184957.0,7754.0
India,"PLFS Year (Jul - Jun), 2018",Male,Rural + Urban,all ages,11-81,,44.1,39.8,69.7,63.9,59.6,83.1,81.3,87.5,69.0,55.6,3060821.0,120511.0
India,"PLFS Year (Jul - Jun), 2018",Male,Rural + Urban,all ages,UR,,1.8,3.2,5.4,5.6,8.5,15.3,14.8,10.5,9.7,6.0,,
India,"PLFS Year (Jul - Jun), 2018",Male,Rural + Urban,all ages,91,,5.8,53.5,24.5,29.0,35.7,10.6,10.4,3.6,24.3,28.1,1546720.0,61158.0
India,"PLFS Year (Jul - Jun), 2018",Male,Rural + Urban,all ages,92,,0.9,0.6,0.5,0.5,0.3,0.3,0.4,0.2,0.4,0.6,31835.0,1401.0
India,"PLFS Year (Jul - Jun), 2018",Male,Rural + Urban,all ages,93,,0.3,0.2,0.1,0.1,0.0,0.0,0.0,0.0,0.0,0.2,9191.0,451.0
India,"PLFS Year (Jul - Jun), 2018",Male,Rural + Urban,all ages,94,,6.2,2.5,3.1,4.7,3.0,4.8,6.6,7.6,4.8,4.2,229389.0,9341.0
India,"PLFS Year (Jul - Jun), 2018",Male,Rural + Urban,all ages,95,,2.7,0.7,0.9,0.7,0.3,0.5,0.3,0.2,0.4,1.1,60914.0,2368.0
India,"PLFS Year (Jul - Jun), 2018",Male,Rural + Urban,all ages,97,,4.8,1.4,1.2,1.1,1.0,0.6,0.9,0.9,1.0,2.0,111029.0,3707.0
India,"PLFS Year (Jul - Jun), 2018",Male,Rural + Urban,all ages,99,,35.2,1.3,0.0,0.0,0.0,0.0,0.0,0.0,0.0,8.2,452510.0,15941.0
India,"PLFS Year (Jul - Jun), 2018",Male,Rural + Urban,all ages,91-99,,55.9,60.2,30.3,36.1,40.4,16.9,18.7,12.5,31.0,44.4,2441588.0,94367.0
India,"PLFS Year (Jul - Jun), 2018",Male,Rural + Urban,all ages,11-99,,100.0,100.0,100.0,100.0,100.0,100.0,100.0,100.0,100.0,100.0,5502409.0,214878.0
India,"PLFS Year (Jul - Jun), 2018",Female,Rural + Urban,15-29 years,"11,12",01-03,1.7,1.2,0.7,0.2,0.3,0.3,0.3,0.2,0.3,0.6,8944.0,353.0
India,"PLFS Year (Jul - Jun), 2018",Female,Rural + Urban,15-29 years,"11,12",01-96,2.8,3.6,3.0,1.9,1.6,2.9,2.3,2.4,1.9,2.5,35516.0,1561.0
India,"PLFS Year (Jul - Jun), 2018",Female,Rural + Urban,15-29 years,"11,12",05-43,1.0,2.1,2.1,1.3,0.8,1.9,0.6,0.2,0.9,1.4,19453.0,818.0
India,"PLFS Year (Jul - Jun), 2018",Female,Rural + Urban,15-29 years,"11,12",45-96,0.1,0.3,0.3,0.4,0.5,0.7,1.5,2.0,0.7,0.5,7119.0,390.0
India,"PLFS Year (Jul - Jun), 2018",Female,Rural + Urban,15-29 years,21,01-03,7.6,6.2,4.1,2.4,2.0,1.6,1.1,1.6,1.9,3.6,51060.0,1847.0
India,"PLFS Year (Jul - Jun), 2018",Female,Rural + Urban,15-29 years,21,01-96,8.3,7.1,4.8,2.9,2.4,1.9,1.6,2.2,2.4,4.2,59643.0,2229.0
India,"PLFS Year (Jul - Jun), 2018",Female,Rural + Urban,15-29 years,21,05-43,0.7,0.5,0.3,0.3,0.2,0.0,0.2,0.1,0.2,0.3,4721.0,179.0
India,"PLFS Year (Jul - Jun), 2018",Female,Rural + Urban,15-29 years,21,45-96,0.1,0.4,0.4,0.2,0.2,0.2,0.3,0.4,0.2,0.3,3862.0,203.0
India,"PLFS Year (Jul - Jun), 2018",Female,Rural + Urban,15-29 years,11-21,01-03,9.3,7.4,4.8,2.7,2.3,1.9,1.4,1.8,2.2,4.2,60004.0,2200.0
India,"PLFS Year (Jul - Jun), 2018",Female,Rural + Urban,15-29 years,11-21,01-96,11.1,10.7,7.8,4.8,4.0,4.8,3.9,4.5,4.3,6.7,95159.0,3790.0
India,"PLFS Year (Jul - Jun), 2018",Female,Rural + Urban,15-29 years,11-21,05-43,1.7,2.6,2.4,1.5,1.0,1.9,0.7,0.4,1.1,1.7,24175.0,997.0
India,"PLFS Year (Jul - Jun), 2018",Female,Rural + Urban,15-29 years,11-21,45-96,0.1,0.7,0.6,0.6,0.6,1.0,1.8,2.4,1.0,0.8,10980.0,593.0
India,"PLFS Year (Jul - Jun), 2018",Female,Rural + Urban,15-29 years,31,01-03,0.0,0.3,0.2,0.0,0.0,0.1,0.0,0.1,0.0,0.1,1522.0,44.0
India,"PLFS Year (Jul - Jun), 2018",Female,Rural + Urban,15-29 years,31,01-99,1.7,2.1,1.8,2.0,2.8,17.7,12.3,20.9,5.7,3.9,55726.0,2728.0
India,"PLFS Year (Jul - Jun), 2018",Female,Rural + Urban,15-29 years,31,05-43,0.4,0.5,0.7,0.5,0.4,3.3,0.8,0.7,0.6,0.6,8045.0,349.0
India,"PLFS Year (Jul - Jun), 2018",Female,Rural + Urban,15-29 years,31,45-99,1.3,1.3,1.0,1.5,2.4,14.3,11.5,20.1,5.1,3.2,46158.0,2335.0
India,"PLFS Year (Jul - Jun), 2018",Female,Rural + Urban,15-29 years,41,,0.3,0.2,0.1,0.2,0.1,0.3,0.1,0.0,0.1,0.2,2145.0,89.0
India,"PLFS Year (Jul - Jun), 2018",Female,Rural + Urban,15-29 years,51,01-03,5.3,5.0,1.8,1.1,0.3,0.7,0.3,0.3,0.6,1.9,27751.0,619.0
India,"PLFS Year (Jul - Jun), 2018",Female,Rural + Urban,15-29 years,51,01-99,7.3,6.3,2.6,1.5,0.5,1.7,0.5,0.3,0.9,2.6,37497.0,937.0
India,"PLFS Year (Jul - Jun), 2018",Female,Rural + Urban,15-29 years,51,05-43,1.9,1.3,0.7,0.3,0.1,0.9,0.1,0.0,0.2,0.6,8859.0,255.0
India,"PLFS Year (Jul - Jun), 2018",Female,Rural + Urban,15-29 years,51,45-99,0.1,0.1,0.1,0.0,0.0,0.1,0.1,0.0,0.0,0.1,887.0,63.0
India,"PLFS Year (Jul - Jun), 2018",Female,Rural + Urban,15-29 years,41 & 51,01-99,7.6,6.6,2.7,1.6,0.5,2.1,0.6,0.3,1.0,2.8,39642.0,1026.0
India,"PLFS Year (Jul - Jun), 2018",Female,Rural + Urban,15-29 years,11-51,01-03,14.5,12.8,6.8,3.8,2.6,2.8,1.8,2.1,2.8,6.2,89277.0,2863.0
India,"PLFS Year (Jul - Jun), 2018",Female,Rural + Urban,15-29 years,11-51,01-99,20.4,19.4,12.4,8.5,7.3,24.6,16.7,25.7,11.0,13.3,190527.0,7544.0
India,"PLFS Year (Jul - Jun), 2018",Female,Rural + Urban,15-29 years,11-51,05-43,4.3,4.6,3.9,2.5,1.6,6.4,1.7,1.1,2.0,3.0,43224.0,1690.0
India,"PLFS Year (Jul - Jun), 2018",Female,Rural + Urban,15-29 years,11-51,45-99,1.5,2.0,1.7,2.2,3.1,15.4,13.3,22.5,6.1,4.1,58025.0,2991.0
India,"PLFS Year (Jul - Jun), 2018",Female,Rural + Urban,15-29 years,81,,0.1,0.5,0.8,0.9,2.2,18.8,11.6,19.7,4.9,2.9,40949.0,2452.0
India,"PLFS Year (Jul - Jun), 2018",Female,Rural + Urban,15-29 years,11-81,,20.5,19.9,13.2,9.4,9.6,43.3,28.4,45.3,15.9,16.2,231475.0,9996.0
India,"PLFS Year (Jul - Jun), 2018",Female,Rural + Urban,15-29 years,UR,,0.6,2.7,5.9,9.8,23.4,43.3,40.9,43.3,30.9,17.7,,
India,"PLFS Year (Jul - Jun), 2018",Female,Rural + Urban,15-29 years,91,,0.2,8.3,29.6,51.6,51.4,22.8,24.0,9.3,43.1,31.1,443612.0,20341.0
India,"PLFS Year (Jul - Jun), 2018",Female,Rural + Urban,15-29 years,92,,51.0,48.3,42.4,30.2,31.3,30.2,40.6,38.9,33.2,39.1,558898.0,20756.0
India,"PLFS Year (Jul - Jun), 2018",Female,Rural + Urban,15-29 years,93,,23.9,22.5,13.8,8.2,6.7,2.3,6.3,5.6,7.0,12.4,176681.0,5624.0
India,"PLFS Year (Jul - Jun), 2018",Female,Rural + Urban,15-29 years,94,,1.1,0.4,0.4,0.2,0.3,1.0,0.4,0.4,0.3,0.4,6053.0,226.0
India,"PLFS Year (Jul - Jun), 2018",Female,Rural + Urban,15-29 years,95,,1.9,0.3,0.3,0.1,0.1,0.3,0.0,0.0,0.1,0.3,4476.0,198.0
India,"PLFS Year (Jul - Jun), 2018",Female,Rural + Urban,15-29 years,97,,1.5,0.3,0.4,0.2,0.6,0.1,0.4,0.4,0.4,0.5,7319.0,280.0
India,"PLFS Year (Jul - Jun), 2018",Female,Rural + Urban,15-29 years,99,,0.0,0.0,0.0,0.0,0.0,0.0,0.0,0.0,0.0,0.0,0.0,0.0
India,"PLFS Year (Jul - Jun), 2018",Female,Rural + Urban,15-29 years,91-99,,79.5,80.1,86.8,90.6,90.4,56.7,71.6,54.7,84.1,83.8,1197039.0,47425.0
India,"PLFS Year (Jul - Jun), 2018",Female,Rural + Urban,15-29 years,11-99,,100.0,100.0,100.0,100.0,100.0,100.0,100.0,100.0,100.0,100.0,1428515.0,57421.0
India,"PLFS Year (Jul - Jun), 2018",Female,Rural + Urban,15 years and above,"11,12",01-03,4.0,3.3,1.8,1.2,0.7,1.0,0.4,0.2,0.8,2.4,97051.0,4021.0
India,"PLFS Year (Jul - Jun), 2018",Female,Rural + Urban,15 years and above,"11,12",01-96,6.0,7.1,5.3,3.8,2.9,6.3,3.2,4.2,3.5,5.2,209138.0,9118.0
India,"PLFS Year (Jul - Jun), 2018",Female,Rural + Urban,15 years and above,"11,12",05-43,1.2,2.9,2.6,1.8,1.3,2.8,0.8,0.6,1.4,1.8,70537.0,2852.0
India,"PLFS Year (Jul - Jun), 2018",Female,Rural + Urban,15 years and above,"11,12",45-96,0.8,1.0,1.0,0.8,0.9,2.5,2.0,3.4,1.3,1.0,41550.0,2245.0
India,"PLFS Year (Jul - Jun), 2018",Female,Rural + Urban,15 years and above,21,01-03,9.9,7.8,5.1,3.3,2.5,2.0,0.9,1.0,2.3,6.3,250030.0,8817.0
India,"PLFS Year (Jul - Jun), 2018",Female,Rural + Urban,15 years and above,21,01-96,10.7,8.9,6.3,4.0,3.2,2.5,1.5,1.9,3.0,7.2,285411.0,10378.0
India,"PLFS Year (Jul - Jun), 2018",Female,Rural + Urban,15 years and above,21,05-43,0.3,0.4,0.5,0.3,0.3,0.0,0.2,0.1,0.2,0.3,13805.0,522.0
India,"PLFS Year (Jul - Jun), 2018",Female,Rural + Urban,15 years and above,21,45-96,0.5,0.7,0.7,0.4,0.4,0.4,0.4,0.7,0.4,0.5,21575.0,1039.0
India,"PLFS Year (Jul - Jun), 2018",Female,Rural + Urban,15 years and above,11-21,01-03,13.9,11.0,6.8,4.5,3.2,3.1,1.3,1.3,3.1,8.7,347081.0,12838.0
India,"PLFS Year (Jul - Jun), 2018",Female,Rural + Urban,15 years and above,11-21,01-96,16.7,16.0,11.6,7.9,6.1,8.8,4.7,6.1,6.5,12.4,494549.0,19496.0
India,"PLFS Year (Jul - Jun), 2018",Female,Rural + Urban,15 years and above,11-21,05-43,1.5,3.3,3.0,2.1,1.6,2.9,1.0,0.8,1.6,2.1,84342.0,3374.0
India,"PLFS Year (Jul - Jun), 2018",Female,Rural + Urban,15 years and above,11-21,45-96,1.3,1.7,1.7,1.2,1.3,2.9,2.4,4.1,1.8,1.6,63126.0,3284.0
India,"PLFS Year (Jul - Jun), 2018",Female,Rural + Urban,15 years and above,31,01-03,0.1,0.3,0.2,0.0,0.0,0.2,0.0,0.0,0.0,0.1,5924.0,235.0
India,"PLFS Year (Jul - Jun), 2018",Female,Rural + Urban,15 years and above,31,01-99,2.5,3.6,3.8,4.2,5.0,23.5,16.2,29.3,9.4,5.1,203037.0,9986.0
India,"PLFS Year (Jul - Jun), 2018",Female,Rural + Urban,15 years and above,31,05-43,0.5,0.8,0.9,0.6,0.5,2.8,0.9,0.9,0.7,0.7,26826.0,1149.0
India,"PLFS Year (Jul - Jun), 2018",Female,Rural + Urban,15 years and above,31,45-99,1.9,2.5,2.7,3.5,4.5,20.4,15.3,28.4,8.6,4.3,170287.0,8602.0
India,"PLFS Year (Jul - Jun), 2018",Female,Rural + Urban,15 years and above,41,,0.8,0.8,0.8,0.4,0.2,0.5,0.1,0.0,0.2,0.6,25216.0,929.0
India,"PLFS Year (Jul - Jun), 2018",Female,Rural + Urban,15 years and above,51,01-03,7.5,5.2,2.3,1.4,0.4,0.4,0.2,0.1,0.7,4.0,159916.0,4046.0
India,"PLFS Year (Jul - Jun), 2018",Female,Rural + Urban,15 years and above,51,01-99,9.2,6.8,3.2,2.0,0.7,1.4,0.3,0.2,1.1,5.1,204084.0,5636.0
India,"PLFS Year (Jul - Jun), 2018",Female,Rural + Urban,15 years and above,51,05-43,1.5,1.3,0.8,0.5,0.2,0.8,0.1,0.0,0.3,0.9,37211.0,1223.0
India,"PLFS Year (Jul - Jun), 2018",Female,Rural + Urban,15 years and above,51,45-99,0.2,0.2,0.2,0.1,0.1,0.1,0.1,0.0,0.1,0.2,6958.0,367.0
India,"PLFS Year (Jul - Jun), 2018",Female,Rural + Urban,15 years and above,41 & 51,01-99,10.0,7.6,4.0,2.5,0.8,1.8,0.4,0.2,1.3,5.8,229300.0,6565.0
India,"PLFS Year (Jul - Jun), 2018",Female,Rural + Urban,15 years and above,11-51,01-03,21.4,16.6,9.3,6.0,3.6,3.7,1.6,1.4,3.9,12.9,512921.0,17119.0
India,"PLFS Year (Jul - Jun), 2018",Female,Rural + Urban,15 years and above,11-51,01-99,29.1,27.3,19.3,14.5,12.0,34.1,21.3,35.5,17.2,23.3,926887.0,36047.0
India,"PLFS Year (Jul - Jun), 2018",Female,Rural + Urban,15 years and above,11-51,05-43,4.3,6.2,5.5,3.7,2.4,7.0,1.9,1.6,2.8,4.4,173595.0,6675.0
India,"PLFS Year (Jul - Jun), 2018",Female,Rural + Urban,15 years and above,11-51,45-99,3.4,4.5,4.6,4.9,5.9,23.5,17.8,32.4,10.5,6.0,240371.0,12253.0
India,"PLFS Year (Jul - Jun), 2018",Female,Rural + Urban,15 years and above,81,,0.0,0.2,0.5,0.8,1.8,12.2,7.3,11.0,3.5,1.3,50232.0,3049.0
India,"PLFS Year (Jul - Jun), 2018",Female,Rural + Urban,15 years and above,11-81,,29.2,27.5,19.8,15.3,13.8,46.3,28.6,46.5,20.7,24.5,977119.0,39096.0
India,"PLFS Year (Jul - Jun), 2018",Female,Rural + Urban,15 years and above,UR,,0.1,0.8,2.4,5.1,13.3,26.3,25.4,23.6,17.1,5.1,,
India,"PLFS Year (Jul - Jun), 2018",Female,Rural + Urban,15 years and above,91,,0.2,2.4,14.4,29.9,35.9,11.6,13.4,4.5,25.8,11.2,447982.0,20524.0
India,"PLFS Year (Jul - Jun), 2018",Female,Rural + Urban,15 years and above,92,,37.2,46.2,48.6,42.0,40.4,34.1,49.4,41.4,42.9,42.5,1694159.0,68614.0
India,"PLFS Year (Jul - Jun), 2018",Female,Rural + Urban,15 years and above,93,,18.0,18.2,14.0,10.1,8.1,2.5,6.1,4.6,8.0,14.2,564302.0,19471.0
India,"PLFS Year (Jul - Jun), 2018",Female,Rural + Urban,15 years and above,94,,9.2,4.0,2.3,2.1,1.2,5.0,1.9,2.3,1.9,4.8,189685.0,7542.0
India,"PLFS Year (Jul - Jun), 2018",Female,Rural + Urban,15 years and above,95,,2.0,0.6,0.3,0.2,0.1,0.3,0.1,0.1,0.1,0.9,34970.0,1365.0
India,"PLFS Year (Jul - Jun), 2018",Female,Rural + Urban,15 years and above,97,,4.3,1.0,0.5,0.4,0.6,0.3,0.5,0.6,0.5,1.9,75423.0,2622.0
India,"PLFS Year (Jul - Jun), 2018",Female,Rural + Urban,15 years and above,99,,0.0,0.0,0.0,0.0,0.0,0.0,0.0,0.0,0.0,0.0,0.0,0.0
India,"PLFS Year (Jul - Jun), 2018",Female,Rural + Urban,15 years and above,91-99,,70.8,72.5,80.2,84.7,86.2,53.7,71.4,53.5,79.3,75.5,3006521.0,120138.0
India,"PLFS Year (Jul - Jun), 2018",Female,Rural + Urban,15 years and above,11-99,,100.0,100.0,100.0,100.0,100.0,100.0,100.0,100.0,100.0,100.0,3983640.0,159234.0
India,"PLFS Year (Jul - Jun), 2018",Female,Rural + Urban,all ages,"11,12",01-03,2.9,1.6,1.5,1.2,0.7,1.0,0.4,0.2,0.8,1.8,97069.0,4024.0
India,"PLFS Year (Jul - Jun), 2018",Female,Rural + Urban,all ages,"11,12",01-96,4.4,3.5,4.6,3.8,2.9,6.3,3.2,4.2,3.5,4.0,209548.0,9127.0
India,"PLFS Year (Jul - Jun), 2018",Female,Rural + Urban,all ages,"11,12",05-43,0.9,1.4,2.2,1.8,1.3,2.8,0.8,0.6,1.4,1.3,70929.0,2858.0
India,"PLFS Year (Jul - Jun), 2018",Female,Rural + Urban,all ages,"11,12",45-96,0.6,0.5,0.9,0.8,0.9,2.5,2.0,3.4,1.3,0.8,41550.0,2245.0
India,"PLFS Year (Jul - Jun), 2018",Female,Rural + Urban,all ages,21,01-03,7.3,3.8,4.4,3.3,2.5,2.0,0.9,1.0,2.3,4.8,251125.0,8860.0
India,"PLFS Year (Jul - Jun), 2018",Female,Rural + Urban,all ages,21,01-96,7.9,4.4,5.5,4.0,3.2,2.5,1.5,1.9,3.0,5.4,286997.0,10428.0
India,"PLFS Year (Jul - Jun), 2018",Female,Rural + Urban,all ages,21,05-43,0.2,0.2,0.4,0.3,0.3,0.0,0.2,0.1,0.2,0.3,14176.0,525.0
India,"PLFS Year (Jul - Jun), 2018",Female,Rural + Urban,all ages,21,45-96,0.3,0.4,0.6,0.4,0.4,0.4,0.4,0.7,0.4,0.4,21696.0,1043.0
India,"PLFS Year (Jul - Jun), 2018",Female,Rural + Urban,all ages,11-21,01-03,10.2,5.4,6.0,4.5,3.2,3.1,1.3,1.3,3.1,6.6,348194.0,12884.0
India,"PLFS Year (Jul - Jun), 2018",Female,Rural + Urban,all ages,11-21,01-96,12.3,7.9,10.1,7.8,6.1,8.8,4.7,6.1,6.5,9.4,496545.0,19555.0
India,"PLFS Year (Jul - Jun), 2018",Female,Rural + Urban,all ages,11-21,05-43,1.1,1.6,2.7,2.1,1.6,2.9,1.0,0.8,1.6,1.6,85105.0,3383.0
India,"PLFS Year (Jul - Jun), 2018",Female,Rural + Urban,all ages,11-21,45-96,0.9,0.8,1.5,1.2,1.3,2.9,2.4,4.1,1.8,1.2,63247.0,3288.0
India,"PLFS Year (Jul - Jun), 2018",Female,Rural + Urban,all ages,31,01-03,0.1,0.2,0.2,0.0,0.0,0.2,0.0,0.0,0.0,0.1,5924.0,235.0
India,"PLFS Year (Jul - Jun), 2018",Female,Rural + Urban,all ages,31,01-99,1.8,1.8,3.3,4.2,5.0,23.5,16.2,29.3,9.4,3.9,203439.0,9993.0
India,"PLFS Year (Jul - Jun), 2018",Female,Rural + Urban,all ages,31,05-43,0.4,0.4,0.8,0.6,0.5,2.8,0.9,0.9,0.7,0.5,26826.0,1149.0
India,"PLFS Year (Jul - Jun), 2018",Female,Rural + Urban,all ages,31,45-99,1.4,1.2,2.4,3.5,4.5,20.4,15.3,28.4,8.6,3.2,170688.0,8609.0
India,"PLFS Year (Jul - Jun), 2018",Female,Rural + Urban,all ages,41,,0.6,0.4,0.7,0.4,0.2,0.5,0.1,0.0,0.2,0.5,25216.0,929.0
India,"PLFS Year (Jul - Jun), 2018",Female,Rural + Urban,all ages,51,01-03,5.5,2.5,2.0,1.4,0.4,0.4,0.2,0.1,0.7,3.0,160438.0,4054.0
India,"PLFS Year (Jul - Jun), 2018",Female,Rural + Urban,all ages,51,01-99,6.8,3.3,2.8,2.0,0.7,1.4,0.3,0.2,1.1,3.9,204633.0,5648.0
India,"PLFS Year (Jul - Jun), 2018",Female,Rural + Urban,all ages,51,05-43,1.1,0.6,0.7,0.5,0.2,0.8,0.1,0.0,0.3,0.7,37238.0,1227.0
India,"PLFS Year (Jul - Jun), 2018",Female,Rural + Urban,all ages,51,45-99,0.2,0.1,0.1,0.1,0.1,0.1,0.1,0.0,0.1,0.1,6958.0,367.0
India,"PLFS Year (Jul - Jun), 2018",Female,Rural + Urban,all ages,41 & 51,01-99,7.4,3.7,3.5,2.5,0.8,1.8,0.4,0.2,1.3,4.4,229850.0,6577.0
India,"PLFS Year (Jul - Jun), 2018",Female,Rural + Urban,all ages,11-51,01-03,15.8,8.1,8.1,5.9,3.6,3.7,1.6,1.4,3.9,9.7,514556.0,17173.0
India,"PLFS Year (Jul - Jun), 2018",Female,Rural + Urban,all ages,11-51,01-99,21.5,13.4,16.9,14.4,12.0,34.1,21.3,35.5,17.2,17.6,929834.0,36125.0
India,"PLFS Year (Jul - Jun), 2018",Female,Rural + Urban,all ages,11-51,05-43,3.2,3.1,4.8,3.7,2.4,7.0,1.9,1.6,2.8,3.3,174385.0,6688.0
India,"PLFS Year (Jul - Jun), 2018",Female,Rural + Urban,all ages,11-51,45-99,2.5,2.2,4.0,4.8,5.9,23.5,17.8,32.4,10.5,4.6,240893.0,12264.0
India,"PLFS Year (Jul - Jun), 2018",Female,Rural + Urban,all ages,81,,0.0,0.1,0.4,0.8,1.8,12.2,7.3,11.0,3.5,1.0,50750.0,3075.0
India,"PLFS Year (Jul - Jun), 2018",Female,Rural + Urban,all ages,11-81,,21.5,13.5,17.3,15.2,13.8,46.3,28.6,46.5,20.7,18.6,980584.0,39200.0
India,"PLFS Year (Jul - Jun), 2018",Female,Rural + Urban,all ages,UR,,0.2,1.0,2.4,5.1,13.3,26.3,25.4,23.6,17.1,5.2,,
India,"PLFS Year (Jul - Jun), 2018",Female,Rural + Urban,all ages,91,,3.6,50.5,24.8,30.2,35.9,11.6,13.4,4.5,25.9,24.4,1288771.0,51607.0
India,"PLFS Year (Jul - Jun), 2018",Female,Rural + Urban,all ages,92,,27.7,22.9,42.7,41.8,40.4,34.1,49.4,41.4,42.9,32.4,1709467.0,68990.0
India,"PLFS Year (Jul - Jun), 2018",Female,Rural + Urban,all ages,93,,13.3,9.0,12.3,10.1,8.1,2.5,6.1,4.6,8.0,10.8,568926.0,19570.0
India,"PLFS Year (Jul - Jun), 2018",Female,Rural + Urban,all ages,94,,6.8,2.0,2.0,2.1,1.2,5.0,1.9,2.3,1.9,3.6,190221.0,7571.0
India,"PLFS Year (Jul - Jun), 2018",Female,Rural + Urban,all ages,95,,1.6,0.3,0.3,0.2,0.1,0.3,0.1,0.1,0.1,0.7,36818.0,1435.0
India,"PLFS Year (Jul - Jun), 2018",Female,Rural + Urban,all ages,97,,4.1,0.7,0.5,0.4,0.6,0.3,0.5,0.6,0.5,1.8,95703.0,3143.0
India,"PLFS Year (Jul - Jun), 2018",Female,Rural + Urban,all ages,99,,21.5,1.2,0.0,0.0,0.0,0.0,0.0,0.0,0.0,7.7,407858.0,14363.0
India,"PLFS Year (Jul - Jun), 2018",Female,Rural + Urban,all ages,91-99,,78.5,86.5,82.7,84.8,86.2,53.7,71.4,53.5,79.3,81.4,4297765.0,166679.0
India,"PLFS Year (Jul - Jun), 2018",Female,Rural + Urban,all ages,11-99,,100.0,100.0,100.0,100.0,100.0,100.0,100.0,100.0,100.0,100.0,5278349.0,205879.0
India,"PLFS Year (Jul - Jun), 2018",Persons,Rural + Urban,15-29 years,"11,12",01-03,4.1,3.5,2.6,1.6,1.7,0.7,1.8,0.9,1.6,2.3,66576.0,2141.0
India,"PLFS Year (Jul - Jun), 2018",Persons,Rural + Urban,15-29 years,"11,12",01-96,7.4,9.0,7.4,5.2,4.9,5.8,6.9,5.6,5.4,6.5,191235.0,7596.0
India,"PLFS Year (Jul - Jun), 2018",Persons,Rural + Urban,15-29 years,"11,12",05-43,1.7,2.6,2.0,1.3,0.8,2.0,0.8,0.5,1.0,1.5,44128.0,1878.0
India,"PLFS Year (Jul - Jun), 2018",Persons,Rural + Urban,15-29 years,"11,12",45-96,1.6,2.8,2.8,2.3,2.4,3.1,4.3,4.2,2.8,2.7,80532.0,3577.0
India,"PLFS Year (Jul - Jun), 2018",Persons,Rural + Urban,15-29 years,21,01-03,8.5,8.5,6.7,4.1,4.1,2.4,3.2,2.6,3.8,5.4,159462.0,5525.0
India,"PLFS Year (Jul - Jun), 2018",Persons,Rural + Urban,15-29 years,21,01-96,9.6,9.9,8.3,5.6,5.3,4.7,5.0,5.0,5.3,6.9,202920.0,7502.0
India,"PLFS Year (Jul - Jun), 2018",Persons,Rural + Urban,15-29 years,21,05-43,0.7,0.6,0.5,0.5,0.3,0.9,0.5,0.4,0.4,0.5,15084.0,662.0
India,"PLFS Year (Jul - Jun), 2018",Persons,Rural + Urban,15-29 years,21,45-96,0.3,0.8,1.0,1.0,0.9,1.3,1.4,2.0,1.1,1.0,28374.0,1315.0
India,"PLFS Year (Jul - Jun), 2018",Persons,Rural + Urban,15-29 years,11-21,01-03,12.6,12.0,9.4,5.7,5.7,3.1,4.9,3.5,5.4,7.7,226038.0,7666.0
India,"PLFS Year (Jul - Jun), 2018",Persons,Rural + Urban,15-29 years,11-21,01-96,17.0,18.9,15.7,10.7,10.2,10.4,11.9,10.6,10.8,13.4,394155.0,15098.0
India,"PLFS Year (Jul - Jun), 2018",Persons,Rural + Urban,15-29 years,11-21,05-43,2.4,3.3,2.5,1.8,1.1,2.9,1.3,0.9,1.5,2.0,59212.0,2540.0
India,"PLFS Year (Jul - Jun), 2018",Persons,Rural + Urban,15-29 years,11-21,45-96,2.0,3.6,3.8,3.2,3.3,4.4,5.7,6.1,3.9,3.7,108906.0,4892.0
India,"PLFS Year (Jul - Jun), 2018",Persons,Rural + Urban,15-29 years,31,01-03,0.1,0.4,0.2,0.1,0.1,0.1,0.1,0.1,0.1,0.2,4622.0,169.0
India,"PLFS Year (Jul - Jun), 2018",Persons,Rural + Urban,15-29 years,31,01-99,3.7,7.9,7.6,6.6,7.6,31.4,21.0,30.8,11.7,9.6,282886.0,12800.0
India,"PLFS Year (Jul - Jun), 2018",Persons,Rural + Urban,15-29 years,31,05-43,1.2,3.5,3.2,2.3,2.3,15.5,3.7,3.0,3.1,3.0,88571.0,3668.0
India,"PLFS Year (Jul - Jun), 2018",Persons,Rural + Urban,15-29 years,31,45-99,2.4,4.0,4.2,4.2,5.1,15.7,17.2,27.7,8.5,6.5,189692.0,8963.0
India,"PLFS Year (Jul - Jun), 2018",Persons,Rural + Urban,15-29 years,41,,0.4,0.2,0.2,0.1,0.0,0.3,0.1,0.0,0.1,0.1,3842.0,170.0
India,"PLFS Year (Jul - Jun), 2018",Persons,Rural + Urban,15-29 years,51,01-03,7.2,7.4,3.7,1.7,0.9,1.2,0.4,0.3,1.1,2.9,85510.0,2026.0
India,"PLFS Year (Jul - Jun), 2018",Persons,Rural + Urban,15-29 years,51,01-99,16.9,19.9,10.6,5.6,3.0,5.3,1.3,0.7,3.6,8.3,242901.0,7445.0
India,"PLFS Year (Jul - Jun), 2018",Persons,Rural + Urban,15-29 years,51,05-43,8.4,11.0,6.1,3.3,1.8,3.1,0.7,0.2,2.1,4.6,135859.0,4540.0
India,"PLFS Year (Jul - Jun), 2018",Persons,Rural + Urban,15-29 years,51,45-99,1.3,1.6,0.8,0.7,0.3,1.0,0.2,0.2,0.4,0.7,21532.0,879.0
India,"PLFS Year (Jul - Jun), 2018",Persons,Rural + Urban,15-29 years,41 & 51,01-99,17.3,20.0,10.8,5.7,3.0,5.6,1.4,0.7,3.7,8.4,246743.0,7615.0
India,"PLFS Year (Jul - Jun), 2018",Persons,Rural + Urban,15-29 years,11-51,01-03,19.9,19.7,13.3,7.4,6.7,4.5,5.5,3.8,6.5,10.8,316170.0,9861.0
India,"PLFS Year (Jul - Jun), 2018",Persons,Rural + Urban,15-29 years,11-51,01-99,38.0,46.8,34.0,23.1,20.8,47.4,34.3,42.1,26.1,31.5,923784.0,35513.0
India,"PLFS Year (Jul - Jun), 2018",Persons,Rural + Urban,15-29 years,11-51,05-43,12.4,17.9,12.0,7.6,5.3,21.7,5.8,4.2,6.7,9.8,287484.0,10918.0
India,"PLFS Year (Jul - Jun), 2018",Persons,Rural + Urban,15-29 years,11-51,45-99,5.6,9.2,8.7,8.1,8.8,21.1,23.1,34.0,12.9,10.9,320130.0,14734.0
India,"PLFS Year (Jul - Jun), 2018",Persons,Rural + Urban,15-29 years,81,,2.9,3.9,4.8,3.6,5.0,21.9,18.4,21.9,8.5,6.6,193718.0,8918.0
India,"PLFS Year (Jul - Jun), 2018",Persons,Rural + Urban,15-29 years,11-81,,40.9,50.7,38.8,26.7,25.8,69.2,52.8,64.0,34.6,38.1,1117502.0,44431.0
India,"PLFS Year (Jul - Jun), 2018",Persons,Rural + Urban,15-29 years,UR,,7.2,7.7,12.4,13.6,19.3,31.6,34.9,34.2,24.5,17.3,,
India,"PLFS Year (Jul - Jun), 2018",Persons,Rural + Urban,15-29 years,91,,0.4,10.1,32.8,54.7,55.5,20.9,24.0,10.4,45.8,35.0,1027611.0,46503.0
India,"PLFS Year (Jul - Jun), 2018",Persons,Rural + Urban,15-29 years,92,,34.9,25.6,20.3,14.0,14.7,8.1,19.4,21.6,15.5,19.3,566280.0,21121.0
India,"PLFS Year (Jul - Jun), 2018",Persons,Rural + Urban,15-29 years,93,,16.4,12.0,6.6,3.8,3.1,0.6,3.0,3.1,3.3,6.1,179031.0,5760.0
India,"PLFS Year (Jul - Jun), 2018",Persons,Rural + Urban,15-29 years,94,,0.9,0.4,0.3,0.2,0.2,0.5,0.2,0.2,0.2,0.3,8906.0,303.0
India,"PLFS Year (Jul - Jun), 2018",Persons,Rural + Urban,15-29 years,95,,4.2,0.5,0.5,0.2,0.1,0.2,0.1,0.0,0.1,0.6,16283.0,629.0
India,"PLFS Year (Jul - Jun), 2018",Persons,Rural + Urban,15-29 years,97,,2.2,0.6,0.7,0.4,0.6,0.5,0.6,0.6,0.5,0.7,20909.0,834.0
India,"PLFS Year (Jul - Jun), 2018",Persons,Rural + Urban,15-29 years,99,,0.0,0.0,0.0,0.0,0.0,0.0,0.0,0.0,0.0,0.0,0.0,0.0
India,"PLFS Year (Jul - Jun), 2018",Persons,Rural + Urban,15-29 years,91-99,,59.1,49.3,61.2,73.3,74.2,30.8,47.2,36.0,65.4,61.9,1819021.0,75150.0
India,"PLFS Year (Jul - Jun), 2018",Persons,Rural + Urban,15-29 years,11-99,,100.0,100.0,100.0,100.0,100.0,100.0,100.0,100.0,100.0,100.0,2936523.0,119581.0
India,"PLFS Year (Jul - Jun), 2018",Persons,Rural + Urban,15 years and above,"11,12",01-03,12.6,13.0,10.2,8.2,6.0,3.3,4.6,2.2,6.1,9.8,783284.0,26594.0
India,"PLFS Year (Jul - Jun), 2018",Persons,Rural + Urban,15 years and above,"11,12",01-96,17.0,22.9,20.9,17.9,14.5,15.3,15.6,12.7,15.9,18.4,1475011.0,58542.0
India,"PLFS Year (Jul - Jun), 2018",Persons,Rural + Urban,15 years and above,"11,12",05-43,1.8,3.9,3.7,3.0,2.0,4.7,2.2,1.3,2.4,2.8,221831.0,9741.0
India,"PLFS Year (Jul - Jun), 2018",Persons,Rural + Urban,15 years and above,"11,12",45-96,2.6,6.0,7.0,6.7,6.6,7.3,8.9,9.3,7.3,5.9,469896.0,22207.0
India,"PLFS Year (Jul - Jun), 2018",Persons,Rural + Urban,15 years and above,21,01-03,7.2,6.0,5.3,3.8,3.8,2.0,2.4,1.6,3.3,5.1,412723.0,14230.0
India,"PLFS Year (Jul - Jun), 2018",Persons,Rural + Urban,15 years and above,21,01-96,7.9,7.0,6.6,5.1,5.2,3.5,4.1,3.3,4.7,6.3,502695.0,18324.0
India,"PLFS Year (Jul - Jun), 2018",Persons,Rural + Urban,15 years and above,21,05-43,0.3,0.4,0.4,0.4,0.3,0.5,0.4,0.3,0.4,0.4,29943.0,1261.0
India,"PLFS Year (Jul - Jun), 2018",Persons,Rural + Urban,15 years and above,21,45-96,0.4,0.6,0.9,0.8,1.0,1.0,1.2,1.4,1.0,0.7,60029.0,2833.0
India,"PLFS Year (Jul - Jun), 2018",Persons,Rural + Urban,15 years and above,11-21,01-03,19.8,19.0,15.5,12.0,9.8,5.3,7.0,3.8,9.4,14.9,1196007.0,40824.0
India,"PLFS Year (Jul - Jun), 2018",Persons,Rural + Urban,15 years and above,11-21,01-96,24.9,29.9,27.5,23.0,19.7,18.8,19.7,16.0,20.6,24.6,1977706.0,76866.0
India,"PLFS Year (Jul - Jun), 2018",Persons,Rural + Urban,15 years and above,11-21,05-43,2.1,4.3,4.1,3.4,2.4,5.2,2.6,1.6,2.8,3.1,251774.0,11002.0
India,"PLFS Year (Jul - Jun), 2018",Persons,Rural + Urban,15 years and above,11-21,45-96,3.0,6.6,7.9,7.5,7.6,8.3,10.1,10.6,8.4,6.6,529925.0,25040.0
India,"PLFS Year (Jul - Jun), 2018",Persons,Rural + Urban,15 years and above,31,01-03,0.3,0.4,0.3,0.1,0.2,0.3,0.1,0.1,0.1,0.2,19396.0,849.0
India,"PLFS Year (Jul - Jun), 2018",Persons,Rural + Urban,15 years and above,31,01-99,3.5,8.0,10.2,10.8,12.8,37.2,28.6,43.0,18.5,11.3,903858.0,43455.0
India,"PLFS Year (Jul - Jun), 2018",Persons,Rural + Urban,15 years and above,31,05-43,1.1,3.0,3.8,3.3,3.5,17.3,4.6,4.0,4.2,3.1,249793.0,10682.0
India,"PLFS Year (Jul - Jun), 2018",Persons,Rural + Urban,15 years and above,31,45-99,2.2,4.5,6.2,7.3,9.1,19.6,23.9,38.8,14.2,7.9,634669.0,31924.0
India,"PLFS Year (Jul - Jun), 2018",Persons,Rural + Urban,15 years and above,41,,0.7,0.5,0.5,0.3,0.1,0.2,0.0,0.0,0.2,0.4,32494.0,1237.0
India,"PLFS Year (Jul - Jun), 2018",Persons,Rural + Urban,15 years and above,51,01-03,9.5,7.5,4.0,2.2,1.1,0.8,0.4,0.2,1.3,5.0,397956.0,10085.0
India,"PLFS Year (Jul - Jun), 2018",Persons,Rural + Urban,15 years and above,51,01-99,16.1,17.7,11.9,7.1,3.6,4.3,1.3,0.4,4.2,11.0,884573.0,27088.0
India,"PLFS Year (Jul - Jun), 2018",Persons,Rural + Urban,15 years and above,51,05-43,5.9,8.8,6.8,4.1,2.1,2.6,0.6,0.1,2.4,5.2,420440.0,14319.0
India,"PLFS Year (Jul - Jun), 2018",Persons,Rural + Urban,15 years and above,51,45-99,0.7,1.4,1.1,0.8,0.4,0.9,0.2,0.1,0.5,0.8,66178.0,2684.0
India,"PLFS Year (Jul - Jun), 2018",Persons,Rural + Urban,15 years and above,41 & 51,01-99,16.8,18.2,12.3,7.3,3.8,4.5,1.3,0.4,4.3,11.4,917068.0,28325.0
India,"PLFS Year (Jul - Jun), 2018",Persons,Rural + Urban,15 years and above,11-51,01-03,29.6,27.0,19.8,14.4,11.0,6.4,7.5,4.0,10.8,20.1,1613360.0,51758.0
India,"PLFS Year (Jul - Jun), 2018",Persons,Rural + Urban,15 years and above,11-51,01-99,45.2,56.1,50.1,41.1,36.2,60.6,49.6,59.3,43.4,47.3,3798632.0,148646.0
India,"PLFS Year (Jul - Jun), 2018",Persons,Rural + Urban,15 years and above,11-51,05-43,9.7,16.6,15.1,11.1,8.1,25.4,7.9,5.7,9.6,11.9,954501.0,37240.0
India,"PLFS Year (Jul - Jun), 2018",Persons,Rural + Urban,15 years and above,11-51,45-99,5.9,12.5,15.2,15.6,17.1,28.8,34.1,49.6,23.0,15.3,1230771.0,59648.0
India,"PLFS Year (Jul - Jun), 2018",Persons,Rural + Urban,15 years and above,81,,0.5,1.4,2.5,2.4,3.7,12.6,10.1,10.0,5.4,2.9,232203.0,10730.0
India,"PLFS Year (Jul - Jun), 2018",Persons,Rural + Urban,15 years and above,11-81,,45.7,57.5,52.6,43.5,39.9,73.2,59.6,69.3,48.8,50.2,4030835.0,159376.0
India,"PLFS Year (Jul - Jun), 2018",Persons,Rural + Urban,15 years and above,UR,,1.1,2.4,4.8,5.5,9.2,17.2,16.9,14.4,11.0,5.8,,
India,"PLFS Year (Jul - Jun), 2018",Persons,Rural + Urban,15 years and above,91,,0.2,2.8,14.9,29.3,35.8,10.9,11.6,4.0,24.9,12.9,1034213.0,46765.0
India,"PLFS Year (Jul - Jun), 2018",Persons,Rural + Urban,15 years and above,92,,24.9,23.2,21.7,18.0,17.5,9.5,20.6,18.5,18.2,21.4,1720139.0,69825.0
India,"PLFS Year (Jul - Jun), 2018",Persons,Rural + Urban,15 years and above,93,,12.0,9.2,6.3,4.3,3.5,0.7,2.5,2.1,3.4,7.1,572294.0,19886.0
India,"PLFS Year (Jul - Jun), 2018",Persons,Rural + Urban,15 years and above,94,,9.7,4.7,2.9,3.6,2.2,4.8,4.7,5.2,3.6,5.2,417493.0,16840.0
India,"PLFS Year (Jul - Jun), 2018",Persons,Rural + Urban,15 years and above,95,,2.8,1.1,0.7,0.4,0.2,0.4,0.2,0.2,0.3,1.2,93012.0,3643.0
India,"PLFS Year (Jul - Jun), 2018",Persons,Rural + Urban,15 years and above,97,,4.8,1.6,0.9,0.8,0.8,0.5,0.7,0.8,0.8,2.0,158913.0,5675.0
India,"PLFS Year (Jul - Jun), 2018",Persons,Rural + Urban,15 years and above,99,,0.0,0.0,0.0,0.0,0.0,0.0,0.0,0.0,0.0,0.0,0.0,0.0
India,"PLFS Year (Jul - Jun), 2018",Persons,Rural + Urban,15 years and above,91-99,,54.3,42.5,47.4,56.5,60.1,26.8,40.4,30.7,51.2,49.8,3996064.0,162634.0
India,"PLFS Year (Jul - Jun), 2018",Persons,Rural + Urban,15 years and above,11-99,,100.0,100.0,100.0,100.0,100.0,100.0,100.0,100.0,100.0,100.0,8026899.0,322010.0
India,"PLFS Year (Jul - Jun), 2018",Persons,Rural + Urban,all ages,"11,12",01-03,8.4,6.1,9.0,8.2,6.0,3.3,4.6,2.2,6.1,7.3,783336.0,26603.0
India,"PLFS Year (Jul - Jun), 2018",Persons,Rural + Urban,all ages,"11,12",01-96,11.4,10.8,18.4,17.8,14.5,15.3,15.6,12.7,15.9,13.7,1475722.0,58563.0
India,"PLFS Year (Jul - Jun), 2018",Persons,Rural + Urban,all ages,"11,12",05-43,1.2,1.8,3.2,3.0,2.0,4.7,2.2,1.3,2.4,2.1,222461.0,9749.0
India,"PLFS Year (Jul - Jun), 2018",Persons,Rural + Urban,all ages,"11,12",45-96,1.8,2.8,6.2,6.7,6.6,7.3,8.9,9.3,7.3,4.4,469925.0,22211.0
India,"PLFS Year (Jul - Jun), 2018",Persons,Rural + Urban,all ages,21,01-03,4.8,2.9,4.7,3.8,3.8,2.0,2.4,1.6,3.3,3.9,415543.0,14351.0
India,"PLFS Year (Jul - Jun), 2018",Persons,Rural + Urban,all ages,21,01-96,5.3,3.4,5.8,5.1,5.2,3.5,4.1,3.3,4.7,4.7,506469.0,18467.0
India,"PLFS Year (Jul - Jun), 2018",Persons,Rural + Urban,all ages,21,05-43,0.2,0.2,0.4,0.4,0.3,0.5,0.4,0.3,0.4,0.3,30700.0,1274.0
India,"PLFS Year (Jul - Jun), 2018",Persons,Rural + Urban,all ages,21,45-96,0.2,0.3,0.8,0.8,1.0,1.0,1.2,1.4,1.0,0.6,60227.0,2842.0
India,"PLFS Year (Jul - Jun), 2018",Persons,Rural + Urban,all ages,11-21,01-03,13.3,9.0,13.7,12.0,9.8,5.3,7.0,3.8,9.4,11.1,1198879.0,40954.0
India,"PLFS Year (Jul - Jun), 2018",Persons,Rural + Urban,all ages,11-21,01-96,16.7,14.1,24.2,22.9,19.7,18.8,19.7,16.0,20.6,18.4,1982192.0,77030.0
India,"PLFS Year (Jul - Jun), 2018",Persons,Rural + Urban,all ages,11-21,05-43,1.4,2.0,3.6,3.4,2.4,5.2,2.6,1.6,2.8,2.3,253161.0,11023.0
India,"PLFS Year (Jul - Jun), 2018",Persons,Rural + Urban,all ages,11-21,45-96,2.0,3.1,6.9,7.5,7.6,8.3,10.1,10.6,8.3,4.9,530152.0,25053.0
India,"PLFS Year (Jul - Jun), 2018",Persons,Rural + Urban,all ages,31,01-03,0.2,0.2,0.2,0.1,0.2,0.3,0.1,0.1,0.1,0.2,19506.0,851.0
India,"PLFS Year (Jul - Jun), 2018",Persons,Rural + Urban,all ages,31,01-99,2.4,3.7,9.0,10.8,12.8,37.2,28.6,43.0,18.5,8.4,904777.0,43490.0
India,"PLFS Year (Jul - Jun), 2018",Persons,Rural + Urban,all ages,31,05-43,0.7,1.4,3.3,3.3,3.5,17.3,4.6,4.0,4.2,2.3,249828.0,10687.0
India,"PLFS Year (Jul - Jun), 2018",Persons,Rural + Urban,all ages,31,45-99,1.5,2.1,5.5,7.3,9.1,19.6,23.9,38.8,14.2,5.9,635444.0,31952.0
India,"PLFS Year (Jul - Jun), 2018",Persons,Rural + Urban,all ages,41,,0.5,0.2,0.4,0.3,0.1,0.2,0.0,0.0,0.2,0.3,32495.0,1238.0
India,"PLFS Year (Jul - Jun), 2018",Persons,Rural + Urban,all ages,51,01-03,6.4,3.5,3.5,2.2,1.1,0.8,0.4,0.2,1.3,3.7,398630.0,10098.0
India,"PLFS Year (Jul - Jun), 2018",Persons,Rural + Urban,all ages,51,01-99,10.8,8.3,10.5,7.0,3.6,4.3,1.3,0.4,4.2,8.2,886233.0,27124.0
India,"PLFS Year (Jul - Jun), 2018",Persons,Rural + Urban,all ages,51,05-43,3.9,4.2,6.0,4.1,2.1,2.6,0.6,0.1,2.4,3.9,421232.0,14336.0
India,"PLFS Year (Jul - Jun), 2018",Persons,Rural + Urban,all ages,51,45-99,0.5,0.6,1.0,0.8,0.4,0.9,0.2,0.1,0.5,0.6,66372.0,2690.0
India,"PLFS Year (Jul - Jun), 2018",Persons,Rural + Urban,all ages,41 & 51,01-99,11.3,8.6,10.9,7.3,3.8,4.5,1.3,0.4,4.3,8.5,918728.0,28362.0
India,"PLFS Year (Jul - Jun), 2018",Persons,Rural + Urban,all ages,11-51,01-03,19.8,12.7,17.4,14.3,11.0,6.4,7.5,4.0,10.8,15.0,1617015.0,51903.0
India,"PLFS Year (Jul - Jun), 2018",Persons,Rural + Urban,all ages,11-51,01-99,30.3,26.5,44.2,40.9,36.2,60.6,49.6,59.3,43.4,35.3,3805698.0,148882.0
India,"PLFS Year (Jul - Jun), 2018",Persons,Rural + Urban,all ages,11-51,05-43,6.5,7.9,13.3,11.0,8.1,25.4,7.9,5.7,9.6,8.9,956716.0,37284.0
India,"PLFS Year (Jul - Jun), 2018",Persons,Rural + Urban,all ages,11-51,45-99,4.0,5.9,13.4,15.6,17.1,28.8,34.1,49.6,23.0,11.4,1231967.0,59695.0
India,"PLFS Year (Jul - Jun), 2018",Persons,Rural + Urban,all ages,81,,0.3,0.7,2.3,2.4,3.7,12.6,10.1,10.0,5.4,2.2,235707.0,10829.0
India,"PLFS Year (Jul - Jun), 2018",Persons,Rural + Urban,all ages,11-81,,30.6,27.2,46.4,43.3,39.9,73.2,59.6,69.3,48.8,37.5,4041404.0,159711.0
India,"PLFS Year (Jul - Jun), 2018",Persons,Rural + Urban,all ages,UR,,1.1,2.7,4.9,5.5,9.2,17.2,16.9,14.4,11.0,5.8,,
India,"PLFS Year (Jul - Jun), 2018",Persons,Rural + Urban,all ages,91,,4.5,52.1,24.6,29.5,35.8,10.9,11.6,4.0,25.0,26.3,2835492.0,112765.0
India,"PLFS Year (Jul - Jun), 2018",Persons,Rural + Urban,all ages,92,,16.9,11.2,19.3,18.0,17.5,9.5,20.6,18.5,18.2,16.2,1741302.0,70391.0
India,"PLFS Year (Jul - Jun), 2018",Persons,Rural + Urban,all ages,93,,8.1,4.4,5.5,4.3,3.5,0.7,2.5,2.1,3.4,5.4,578117.0,20021.0
India,"PLFS Year (Jul - Jun), 2018",Persons,Rural + Urban,all ages,94,,6.5,2.2,2.6,3.6,2.2,4.8,4.7,5.2,3.6,3.9,419611.0,16912.0
India,"PLFS Year (Jul - Jun), 2018",Persons,Rural + Urban,all ages,95,,2.0,0.5,0.6,0.4,0.2,0.4,0.2,0.2,0.3,0.9,97732.0,3803.0
India,"PLFS Year (Jul - Jun), 2018",Persons,Rural + Urban,all ages,97,,4.4,1.1,0.9,0.8,0.8,0.5,0.7,0.8,0.8,1.9,206732.0,6850.0
India,"PLFS Year (Jul - Jun), 2018",Persons,Rural + Urban,all ages,99,,27.0,1.3,0.0,0.0,0.0,0.0,0.0,0.0,0.0,8.0,860368.0,30304.0
India,"PLFS Year (Jul - Jun), 2018",Persons,Rural + Urban,all ages,91-99,,69.4,72.8,53.6,56.7,60.1,26.8,40.4,30.7,51.2,62.5,6739353.0,261046.0
India,"PLFS Year (Jul - Jun), 2018",Persons,Rural + Urban,all ages,11-99,,100.0,100.0,100.0,100.0,100.0,100.0,100.0,100.0,100.0,100.0,10780757.0,420757.0
India,"PLFS Year (Jul - Jun), 2017",Male,Rural,15-29 years,"11,12",01-03,10.8,9.6,5.6,3.6,3.7,2.0,5.4,4.7,3.9,5.5,59008.0,1896.0
India,"PLFS Year (Jul - Jun), 2017",Male,Rural,15-29 years,"11,12",01-96,17.0,15.6,11.2,8.1,7.9,9.4,12.4,8.4,8.7,10.8,115609.0,4001.0
India,"PLFS Year (Jul - Jun), 2017",Male,Rural,15-29 years,"11,12",05-43,1.8,2.1,1.5,1.4,1.1,1.8,1.0,0.1,1.2,1.4,15460.0,583.0
India,"PLFS Year (Jul - Jun), 2017",Male,Rural,15-29 years,"11,12",45-96,4.4,3.9,4.1,3.1,3.0,5.6,6.0,3.7,3.6,3.9,41140.0,1522.0
India,"PLFS Year (Jul - Jun), 2017",Male,Rural,15-29 years,21,01-03,13.1,14.3,12.4,8.4,8.4,4.9,10.1,9.3,8.5,10.7,113970.0,3953.0
India,"PLFS Year (Jul - Jun), 2017",Male,Rural,15-29 years,21,01-96,14.4,15.9,14.2,9.2,9.5,5.7,12.2,10.6,9.7,12.1,129042.0,4465.0
India,"PLFS Year (Jul - Jun), 2017",Male,Rural,15-29 years,21,05-43,0.5,0.6,0.6,0.3,0.4,0.5,0.5,0.1,0.3,0.5,4875.0,174.0
India,"PLFS Year (Jul - Jun), 2017",Male,Rural,15-29 years,21,45-96,0.7,0.9,1.2,0.6,0.8,0.3,1.6,1.2,0.8,1.0,10197.0,338.0
India,"PLFS Year (Jul - Jun), 2017",Male,Rural,15-29 years,31,01-03,0.6,0.4,0.4,0.1,0.2,0.1,0.1,0.0,0.1,0.3,2829.0,95.0
India,"PLFS Year (Jul - Jun), 2017",Male,Rural,15-29 years,31,01-99,5.9,8.2,7.9,7.8,8.9,22.7,18.7,35.7,11.0,9.5,101022.0,3695.0
India,"PLFS Year (Jul - Jun), 2017",Male,Rural,15-29 years,31,05-43,2.3,3.6,3.0,3.0,3.0,12.4,4.4,4.3,3.6,3.3,35665.0,1205.0
India,"PLFS Year (Jul - Jun), 2017",Male,Rural,15-29 years,31,45-99,3.0,4.2,4.5,4.7,5.7,10.2,14.2,31.4,7.3,5.9,62528.0,2395.0
India,"PLFS Year (Jul - Jun), 2017",Male,Rural,15-29 years,41,,0.3,0.5,0.3,0.3,0.1,0.2,0.1,0.3,0.2,0.3,2800.0,93.0
India,"PLFS Year (Jul - Jun), 2017",Male,Rural,15-29 years,51,01-03,15.9,12.0,6.3,3.0,2.3,1.1,0.7,0.2,2.3,5.5,58462.0,1527.0
India,"PLFS Year (Jul - Jun), 2017",Male,Rural,15-29 years,51,01-99,38.7,34.9,18.7,10.3,6.6,5.7,2.5,1.9,7.4,16.0,170896.0,4905.0
India,"PLFS Year (Jul - Jun), 2017",Male,Rural,15-29 years,51,05-43,20.7,20.8,11.1,6.4,3.7,3.8,1.5,1.1,4.5,9.4,100556.0,3000.0
India,"PLFS Year (Jul - Jun), 2017",Male,Rural,15-29 years,51,45-99,2.0,2.0,1.3,0.9,0.6,0.8,0.3,0.6,0.7,1.1,11878.0,378.0
India,"PLFS Year (Jul - Jun), 2017",Male,Rural,15-29 years,41 & 51,01-99,39.0,35.4,19.0,10.6,6.7,5.9,2.6,2.3,7.6,16.3,173695.0,4998.0
India,"PLFS Year (Jul - Jun), 2017",Male,Rural,15-29 years,11-51,01-03,40.5,36.3,24.7,15.0,14.7,8.1,16.4,14.2,14.8,21.9,234270.0,7471.0
India,"PLFS Year (Jul - Jun), 2017",Male,Rural,15-29 years,11-51,01-99,76.3,75.0,52.3,35.7,33.0,43.7,45.9,57.0,37.1,48.6,519368.0,17159.0
India,"PLFS Year (Jul - Jun), 2017",Male,Rural,15-29 years,11-51,05-43,25.6,27.7,16.5,11.4,8.3,18.7,7.5,6.0,9.8,14.9,159356.0,5055.0
India,"PLFS Year (Jul - Jun), 2017",Male,Rural,15-29 years,11-51,45-99,10.1,11.0,11.2,9.3,10.1,17.0,22.0,36.9,12.5,11.8,125743.0,4633.0
India,"PLFS Year (Jul - Jun), 2017",Male,Rural,15-29 years,81,,10.1,8.0,8.9,6.1,8.3,30.7,26.7,29.7,11.5,10.2,109231.0,3927.0
India,"PLFS Year (Jul - Jun), 2017",Male,Rural,15-29 years,11-81,,86.4,83.0,61.2,41.8,41.3,74.4,72.5,86.7,48.6,58.9,628600.0,21086.0
India,"PLFS Year (Jul - Jun), 2017",Male,Rural,15-29 years,UR,,11.7,9.7,14.5,14.5,20.2,41.3,36.8,34.2,23.7,17.4,,
India,"PLFS Year (Jul - Jun), 2017",Male,Rural,15-29 years,91,,0.4,11.8,36.0,56.8,57.3,24.0,26.3,12.7,50.1,38.2,408033.0,15799.0
India,"PLFS Year (Jul - Jun), 2017",Male,Rural,15-29 years,92,,2.0,1.4,0.6,0.5,0.3,0.6,0.6,0.3,0.5,0.7,7745.0,227.0
India,"PLFS Year (Jul - Jun), 2017",Male,Rural,15-29 years,93,,1.6,0.9,0.7,0.3,0.2,0.0,0.0,0.1,0.2,0.5,5364.0,135.0
India,"PLFS Year (Jul - Jun), 2017",Male,Rural,15-29 years,94,,0.6,0.5,0.2,0.1,0.3,0.0,0.3,0.3,0.2,0.2,2625.0,60.0
India,"PLFS Year (Jul - Jun), 2017",Male,Rural,15-29 years,95,,6.4,1.1,0.6,0.2,0.1,0.5,0.1,0.0,0.2,0.8,8342.0,247.0
India,"PLFS Year (Jul - Jun), 2017",Male,Rural,15-29 years,97,,2.5,1.3,0.7,0.4,0.4,0.4,0.1,0.0,0.4,0.7,7419.0,282.0
India,"PLFS Year (Jul - Jun), 2017",Male,Rural,15-29 years,99,,0.0,0.0,0.0,0.0,0.0,0.0,0.0,0.0,0.0,0.0,0.0,0.0
India,"PLFS Year (Jul - Jun), 2017",Male,Rural,15-29 years,91-99,,13.6,17.0,38.8,58.2,58.7,25.6,27.5,13.3,51.4,41.1,439529.0,16750.0
India,"PLFS Year (Jul - Jun), 2017",Male,Rural,15-29 years,11-99,,100.0,100.0,100.0,100.0,100.0,100.0,100.0,100.0,100.0,100.0,1068128.0,37836.0
India,"PLFS Year (Jul - Jun), 2017",Male,Rural,15-29 years,"11,12,21",01-03,24.0,23.9,18.0,12.0,12.1,6.9,15.5,13.9,12.4,16.2,172979.0,5849.0
India,"PLFS Year (Jul - Jun), 2017",Male,Rural,15-29 years,"11,12,21",01-96,31.4,31.4,25.5,17.3,17.4,15.2,24.6,19.1,18.5,22.9,244651.0,8466.0
India,"PLFS Year (Jul - Jun), 2017",Male,Rural,15-29 years,"11,12,21",05-43,2.2,2.7,2.1,1.7,1.5,2.3,1.5,0.2,1.6,1.9,20335.0,757.0
India,"PLFS Year (Jul - Jun), 2017",Male,Rural,15-29 years,"11,12,21",45-96,5.2,4.8,5.4,3.7,3.8,5.9,7.5,4.9,4.5,4.8,51337.0,1860.0
India,"PLFS Year (Jul - Jun), 2017",Male,Rural,15 years and above,"11,12",01-03,35.1,30.4,22.6,18.5,14.6,6.7,13.5,10.7,15.7,24.3,677480.0,22006.0
India,"PLFS Year (Jul - Jun), 2017",Male,Rural,15 years and above,"11,12",01-96,42.3,42.6,34.2,29.2,23.9,18.8,25.2,20.3,26.2,34.7,964903.0,32534.0
India,"PLFS Year (Jul - Jun), 2017",Male,Rural,15 years and above,"11,12",05-43,2.2,4.1,3.3,3.0,2.3,4.0,1.7,0.9,2.5,2.9,80586.0,3019.0
India,"PLFS Year (Jul - Jun), 2017",Male,Rural,15 years and above,"11,12",45-96,5.0,8.1,8.4,7.7,7.1,8.1,10.0,8.8,8.0,7.4,206837.0,7509.0
India,"PLFS Year (Jul - Jun), 2017",Male,Rural,15 years and above,21,01-03,3.0,5.7,8.3,6.9,7.5,4.3,7.5,5.3,7.1,6.2,172561.0,5872.0
India,"PLFS Year (Jul - Jun), 2017",Male,Rural,15 years and above,21,01-96,3.3,6.3,9.4,7.6,8.5,4.9,9.1,6.3,8.0,7.0,193760.0,6572.0
India,"PLFS Year (Jul - Jun), 2017",Male,Rural,15 years and above,21,05-43,0.1,0.2,0.3,0.2,0.3,0.4,0.4,0.2,0.3,0.2,6480.0,224.0
India,"PLFS Year (Jul - Jun), 2017",Male,Rural,15 years and above,21,45-96,0.1,0.4,0.8,0.5,0.7,0.2,1.2,0.8,0.7,0.5,14719.0,476.0
India,"PLFS Year (Jul - Jun), 2017",Male,Rural,15 years and above,31,01-03,0.6,0.5,0.5,0.2,0.3,0.0,0.2,0.1,0.2,0.4,11410.0,452.0
India,"PLFS Year (Jul - Jun), 2017",Male,Rural,15 years and above,31,01-99,2.8,6.4,9.1,11.1,14.0,29.2,28.6,47.9,17.1,10.1,279883.0,11182.0
India,"PLFS Year (Jul - Jun), 2017",Male,Rural,15 years and above,31,05-43,1.0,2.5,3.2,3.4,3.9,14.2,4.6,3.6,4.1,2.9,80521.0,2907.0
India,"PLFS Year (Jul - Jun), 2017",Male,Rural,15 years and above,31,45-99,1.3,3.4,5.5,7.5,9.7,14.9,23.8,44.2,12.7,6.8,187952.0,7823.0
India,"PLFS Year (Jul - Jun), 2017",Male,Rural,15 years and above,41,,0.8,0.4,0.3,0.5,0.1,0.1,0.1,0.2,0.3,0.4,11856.0,401.0
India,"PLFS Year (Jul - Jun), 2017",Male,Rural,15 years and above,51,01-03,15.7,12.4,7.5,4.1,2.9,1.1,1.1,0.4,3.0,8.6,239435.0,6032.0
India,"PLFS Year (Jul - Jun), 2017",Male,Rural,15 years and above,51,01-99,29.5,29.3,20.2,12.7,7.8,6.7,3.3,1.1,8.8,19.9,553602.0,15551.0
India,"PLFS Year (Jul - Jun), 2017",Male,Rural,15 years and above,51,05-43,12.7,15.4,11.5,7.5,4.2,4.4,1.7,0.5,5.1,10.2,283601.0,8473.0
India,"PLFS Year (Jul - Jun), 2017",Male,Rural,15 years and above,51,45-99,1.1,1.5,1.3,1.0,0.7,1.2,0.5,0.2,0.8,1.1,30566.0,1046.0
India,"PLFS Year (Jul - Jun), 2017",Male,Rural,15 years and above,41 & 51,01-99,30.3,29.8,20.6,13.1,8.0,6.8,3.3,1.3,9.1,20.3,565458.0,15952.0
India,"PLFS Year (Jul - Jun), 2017",Male,Rural,15 years and above,11-51,01-03,54.4,48.9,38.9,29.7,25.3,12.2,22.2,16.5,26.0,39.5,1100887.0,34362.0
India,"PLFS Year (Jul - Jun), 2017",Male,Rural,15 years and above,11-51,01-99,78.7,85.1,73.3,61.0,54.4,59.7,66.2,75.9,60.3,72.0,2004005.0,66240.0
India,"PLFS Year (Jul - Jun), 2017",Male,Rural,15 years and above,11-51,05-43,16.8,22.7,18.6,14.6,10.8,23.1,8.4,5.4,12.2,16.6,463044.0,15024.0
India,"PLFS Year (Jul - Jun), 2017",Male,Rural,15 years and above,11-51,45-99,7.5,13.4,15.9,16.7,18.2,24.4,35.5,54.0,22.2,15.8,440075.0,16854.0
India,"PLFS Year (Jul - Jun), 2017",Male,Rural,15 years and above,81,,1.4,2.7,4.5,3.6,5.7,21.3,14.7,11.6,7.1,4.4,122152.0,4366.0
India,"PLFS Year (Jul - Jun), 2017",Male,Rural,15 years and above,11-81,,80.1,87.8,77.8,64.7,60.1,81.0,80.8,87.5,67.4,76.4,2126156.0,70606.0
India,"PLFS Year (Jul - Jun), 2017",Male,Rural,15 years and above,UR,,1.7,3.1,5.7,5.6,9.5,26.3,18.1,13.3,10.5,5.7,,
India,"PLFS Year (Jul - Jun), 2017",Male,Rural,15 years and above,91,,0.0,3.3,16.7,31.0,36.8,15.7,13.9,4.4,28.3,14.7,409219.0,15831.0
India,"PLFS Year (Jul - Jun), 2017",Male,Rural,15 years and above,92,,0.9,0.6,0.5,0.3,0.3,0.5,0.5,0.2,0.4,0.6,15831.0,531.0
India,"PLFS Year (Jul - Jun), 2017",Male,Rural,15 years and above,93,,0.6,0.5,0.4,0.3,0.1,0.1,0.0,0.0,0.2,0.4,10467.0,329.0
India,"PLFS Year (Jul - Jun), 2017",Male,Rural,15 years and above,94,,9.0,3.9,2.7,2.7,1.9,1.5,3.7,5.4,2.7,4.4,121315.0,3758.0
India,"PLFS Year (Jul - Jun), 2017",Male,Rural,15 years and above,95,,4.1,1.9,1.0,0.5,0.2,0.9,0.4,1.0,0.4,1.7,46082.0,1509.0
India,"PLFS Year (Jul - Jun), 2017",Male,Rural,15 years and above,97,,5.1,2.0,1.0,0.5,0.6,0.3,0.6,1.5,0.6,2.0,54596.0,1617.0
India,"PLFS Year (Jul - Jun), 2017",Male,Rural,15 years and above,99,,0.0,0.0,0.0,0.0,0.0,0.0,0.0,0.0,0.0,0.0,0.0,0.0
India,"PLFS Year (Jul - Jun), 2017",Male,Rural,15 years and above,91-99,,19.9,12.2,22.2,35.3,39.9,19.0,19.2,12.5,32.6,23.6,657511.0,23575.0
India,"PLFS Year (Jul - Jun), 2017",Male,Rural,15 years and above,11-99,,100.0,100.0,100.0,100.0,100.0,100.0,100.0,100.0,100.0,100.0,2783667.0,94181.0
India,"PLFS Year (Jul - Jun), 2017",Male,Rural,15 years and above,"11,12,21",01-03,38.1,36.0,30.9,25.4,22.1,11.0,21.0,16.0,22.8,30.5,850041.0,27878.0
India,"PLFS Year (Jul - Jun), 2017",Male,Rural,15 years and above,"11,12,21",01-96,45.6,48.9,43.6,36.8,32.4,23.7,34.3,26.6,34.2,41.6,1158664.0,39106.0
India,"PLFS Year (Jul - Jun), 2017",Male,Rural,15 years and above,"11,12,21",05-43,2.3,4.3,3.6,3.2,2.6,4.3,2.1,1.1,2.8,3.1,87066.0,3243.0
India,"PLFS Year (Jul - Jun), 2017",Male,Rural,15 years and above,"11,12,21",45-96,5.2,8.5,9.1,8.2,7.8,8.3,11.2,9.6,8.6,8.0,221557.0,7985.0
India,"PLFS Year (Jul - Jun), 2017",Male,Rural,all ages,"11,12",01-03,21.5,13.6,19.8,18.5,14.6,6.7,13.5,10.7,15.7,17.4,677810.0,22012.0
India,"PLFS Year (Jul - Jun), 2017",Male,Rural,all ages,"11,12",01-96,25.9,19.1,30.0,29.1,23.9,18.8,25.2,20.3,26.1,24.8,965559.0,32545.0
India,"PLFS Year (Jul - Jun), 2017",Male,Rural,all ages,"11,12",05-43,1.3,1.8,2.9,3.0,2.3,4.0,1.7,0.9,2.5,2.1,80600.0,3021.0
India,"PLFS Year (Jul - Jun), 2017",Male,Rural,all ages,"11,12",45-96,3.1,3.7,7.3,7.7,7.1,8.1,10.0,8.8,7.9,5.3,207149.0,7512.0
India,"PLFS Year (Jul - Jun), 2017",Male,Rural,all ages,21,01-03,2.0,2.7,7.3,6.9,7.5,4.3,7.5,5.3,7.0,4.5,175492.0,5950.0
India,"PLFS Year (Jul - Jun), 2017",Male,Rural,all ages,21,01-96,2.1,3.0,8.3,7.6,8.5,4.9,9.1,6.3,8.0,5.1,197480.0,6661.0
India,"PLFS Year (Jul - Jun), 2017",Male,Rural,all ages,21,05-43,0.1,0.1,0.3,0.2,0.3,0.4,0.4,0.2,0.3,0.2,6754.0,229.0
India,"PLFS Year (Jul - Jun), 2017",Male,Rural,all ages,21,45-96,0.1,0.2,0.7,0.5,0.7,0.2,1.2,0.8,0.7,0.4,15234.0,482.0
India,"PLFS Year (Jul - Jun), 2017",Male,Rural,all ages,31,01-03,0.4,0.2,0.4,0.2,0.3,0.0,0.2,0.1,0.2,0.3,11556.0,453.0
India,"PLFS Year (Jul - Jun), 2017",Male,Rural,all ages,31,01-99,1.7,2.9,8.1,11.0,14.0,29.2,28.6,47.9,17.0,7.2,280951.0,11201.0
India,"PLFS Year (Jul - Jun), 2017",Male,Rural,all ages,31,05-43,0.6,1.2,2.8,3.4,3.9,14.2,4.6,3.6,4.1,2.1,80848.0,2913.0
India,"PLFS Year (Jul - Jun), 2017",Male,Rural,all ages,31,45-99,0.8,1.5,4.8,7.5,9.7,14.9,23.8,44.2,12.7,4.8,188548.0,7835.0
India,"PLFS Year (Jul - Jun), 2017",Male,Rural,all ages,41,,0.5,0.2,0.3,0.5,0.1,0.1,0.1,0.2,0.3,0.3,11856.0,401.0
India,"PLFS Year (Jul - Jun), 2017",Male,Rural,all ages,51,01-03,9.7,5.6,6.6,4.1,2.9,1.1,1.1,0.4,3.0,6.2,240380.0,6045.0
India,"PLFS Year (Jul - Jun), 2017",Male,Rural,all ages,51,01-99,18.2,13.2,17.8,12.6,7.8,6.7,3.3,1.1,8.8,14.3,555337.0,15578.0
India,"PLFS Year (Jul - Jun), 2017",Male,Rural,all ages,51,05-43,7.8,6.9,10.1,7.5,4.2,4.4,1.7,0.5,5.1,7.3,284253.0,8484.0
India,"PLFS Year (Jul - Jun), 2017",Male,Rural,all ages,51,45-99,0.7,0.7,1.1,1.0,0.7,1.2,0.5,0.2,0.8,0.8,30704.0,1049.0
India,"PLFS Year (Jul - Jun), 2017",Male,Rural,all ages,41 & 51,01-99,18.6,13.4,18.1,13.1,8.0,6.8,3.3,1.3,9.1,14.6,567193.0,15979.0
India,"PLFS Year (Jul - Jun), 2017",Male,Rural,all ages,11-51,01-03,33.5,22.1,34.2,29.6,25.3,12.2,22.2,16.5,25.9,28.4,1105239.0,34460.0
India,"PLFS Year (Jul - Jun), 2017",Male,Rural,all ages,11-51,01-99,48.4,38.5,64.4,60.8,54.4,59.7,66.2,75.9,60.2,51.7,2011184.0,66386.0
India,"PLFS Year (Jul - Jun), 2017",Male,Rural,all ages,11-51,05-43,10.3,10.2,16.3,14.6,10.8,23.1,8.4,5.4,12.2,11.9,464312.0,15048.0
India,"PLFS Year (Jul - Jun), 2017",Male,Rural,all ages,11-51,45-99,4.6,6.1,14.0,16.6,18.2,24.4,35.5,54.0,22.1,11.4,441634.0,16878.0
India,"PLFS Year (Jul - Jun), 2017",Male,Rural,all ages,81,,0.9,1.3,4.0,3.6,5.7,21.3,14.7,11.6,7.1,3.2,124527.0,4414.0
India,"PLFS Year (Jul - Jun), 2017",Male,Rural,all ages,11-81,,49.3,39.8,68.4,64.4,60.1,81.0,80.8,87.5,67.3,54.9,2135711.0,70800.0
India,"PLFS Year (Jul - Jun), 2017",Male,Rural,all ages,UR,,1.8,3.3,5.8,5.6,9.5,26.3,18.1,13.3,10.5,5.8,,
India,"PLFS Year (Jul - Jun), 2017",Male,Rural,all ages,91,,4.7,54.2,26.6,31.2,36.8,15.7,13.9,4.4,28.4,29.2,1135185.0,37963.0
India,"PLFS Year (Jul - Jun), 2017",Male,Rural,all ages,92,,0.8,0.5,0.5,0.3,0.3,0.5,0.5,0.2,0.4,0.5,21198.0,649.0
India,"PLFS Year (Jul - Jun), 2017",Male,Rural,all ages,93,,0.5,0.3,0.3,0.3,0.1,0.1,0.0,0.0,0.2,0.3,12140.0,353.0
India,"PLFS Year (Jul - Jun), 2017",Male,Rural,all ages,94,,5.7,1.8,2.4,2.7,1.9,1.5,3.7,5.4,2.7,3.2,123620.0,3802.0
India,"PLFS Year (Jul - Jun), 2017",Male,Rural,all ages,95,,2.8,0.9,0.9,0.5,0.2,0.9,0.4,1.0,0.4,1.3,48864.0,1568.0
India,"PLFS Year (Jul - Jun), 2017",Male,Rural,all ages,97,,5.9,1.1,0.9,0.5,0.6,0.3,0.6,1.5,0.6,2.2,85257.0,2156.0
India,"PLFS Year (Jul - Jun), 2017",Male,Rural,all ages,99,,30.4,1.5,0.0,0.0,0.0,0.0,0.0,0.0,0.0,8.4,328057.0,9626.0
India,"PLFS Year (Jul - Jun), 2017",Male,Rural,all ages,91-99,,50.7,60.2,31.6,35.6,39.9,19.0,19.2,12.5,32.7,45.1,1754320.0,56117.0
India,"PLFS Year (Jul - Jun), 2017",Male,Rural,all ages,11-99,,100.0,100.0,100.0,100.0,100.0,100.0,100.0,100.0,100.0,100.0,3890031.0,126917.0
India,"PLFS Year (Jul - Jun), 2017",Male,Rural,all ages,"11,12,21",01-03,23.4,16.3,27.2,25.3,22.1,11.0,21.0,16.0,22.7,21.9,853302.0,27962.0
India,"PLFS Year (Jul - Jun), 2017",Male,Rural,all ages,"11,12,21",01-96,28.0,22.1,38.3,36.7,32.4,23.7,34.3,26.6,34.1,29.9,1163039.0,39206.0
India,"PLFS Year (Jul - Jun), 2017",Male,Rural,all ages,"11,12,21",05-43,1.4,1.9,3.1,3.2,2.6,4.3,2.1,1.1,2.7,2.2,87355.0,3250.0
India,"PLFS Year (Jul - Jun), 2017",Male,Rural,all ages,"11,12,21",45-96,3.2,3.9,8.0,8.2,7.8,8.3,11.2,9.6,8.6,5.7,222382.0,7994.0
India,"PLFS Year (Jul - Jun), 2017",Female,Rural,15-29 years,"11,12",01-03,1.6,1.6,0.8,0.4,0.4,0.3,0.4,0.2,0.4,0.9,8498.0,293.0
India,"PLFS Year (Jul - Jun), 2017",Female,Rural,15-29 years,"11,12",01-96,2.8,3.1,2.3,1.4,1.6,2.9,3.1,3.3,1.8,2.3,22832.0,790.0
India,"PLFS Year (Jul - Jun), 2017",Female,Rural,15-29 years,"11,12",05-43,1.1,1.4,1.3,0.9,0.9,1.3,0.8,0.7,0.9,1.1,11196.0,370.0
India,"PLFS Year (Jul - Jun), 2017",Female,Rural,15-29 years,"11,12",45-96,0.1,0.1,0.2,0.1,0.4,1.3,1.9,2.4,0.6,0.3,3137.0,127.0
India,"PLFS Year (Jul - Jun), 2017",Female,Rural,15-29 years,21,01-03,10.6,6.8,5.0,3.5,3.4,2.9,2.0,2.1,3.2,5.2,52319.0,1773.0
India,"PLFS Year (Jul - Jun), 2017",Female,Rural,15-29 years,21,01-96,11.4,7.4,5.8,3.8,3.7,5.1,2.7,2.1,3.6,5.8,58286.0,1956.0
India,"PLFS Year (Jul - Jun), 2017",Female,Rural,15-29 years,21,05-43,0.3,0.2,0.5,0.2,0.1,0.6,0.3,0.0,0.2,0.3,2882.0,90.0
India,"PLFS Year (Jul - Jun), 2017",Female,Rural,15-29 years,21,45-96,0.5,0.4,0.3,0.2,0.2,1.5,0.4,0.0,0.2,0.3,3085.0,93.0
India,"PLFS Year (Jul - Jun), 2017",Female,Rural,15-29 years,31,01-03,0.5,0.2,0.0,0.0,0.0,0.0,0.0,0.0,0.0,0.1,1140.0,35.0
India,"PLFS Year (Jul - Jun), 2017",Female,Rural,15-29 years,31,01-99,0.6,0.7,0.6,1.3,1.7,16.5,6.2,14.8,2.9,1.6,16049.0,796.0
India,"PLFS Year (Jul - Jun), 2017",Female,Rural,15-29 years,31,05-43,0.0,0.2,0.2,0.5,0.2,1.1,0.3,0.1,0.4,0.3,2535.0,106.0
India,"PLFS Year (Jul - Jun), 2017",Female,Rural,15-29 years,31,45-99,0.1,0.3,0.4,0.8,1.5,15.4,5.8,14.7,2.5,1.2,12375.0,655.0
India,"PLFS Year (Jul - Jun), 2017",Female,Rural,15-29 years,41,,0.6,0.2,0.1,0.2,0.1,0.4,0.0,0.5,0.1,0.2,2096.0,68.0
India,"PLFS Year (Jul - Jun), 2017",Female,Rural,15-29 years,51,01-03,7.5,5.0,2.7,1.7,0.6,0.1,0.3,0.0,1.0,3.0,29870.0,676.0
India,"PLFS Year (Jul - Jun), 2017",Female,Rural,15-29 years,51,01-99,9.6,6.5,3.6,2.0,0.8,0.1,0.4,0.2,1.2,3.8,38097.0,862.0
India,"PLFS Year (Jul - Jun), 2017",Female,Rural,15-29 years,51,05-43,2.0,1.3,0.7,0.2,0.1,0.0,0.0,0.0,0.1,0.7,7362.0,161.0
India,"PLFS Year (Jul - Jun), 2017",Female,Rural,15-29 years,51,45-99,0.1,0.2,0.1,0.1,0.0,0.0,0.0,0.2,0.0,0.1,864.0,25.0
India,"PLFS Year (Jul - Jun), 2017",Female,Rural,15-29 years,41 & 51,01-99,10.2,6.7,3.7,2.2,0.8,0.5,0.4,0.7,1.3,4.0,40193.0,930.0
India,"PLFS Year (Jul - Jun), 2017",Female,Rural,15-29 years,11-51,01-03,20.1,13.7,8.6,5.6,4.4,3.3,2.7,2.3,4.6,9.2,91827.0,2777.0
India,"PLFS Year (Jul - Jun), 2017",Female,Rural,15-29 years,11-51,01-99,24.9,17.9,12.4,8.7,7.9,24.9,12.4,20.9,9.6,13.8,137359.0,4472.0
India,"PLFS Year (Jul - Jun), 2017",Female,Rural,15-29 years,11-51,05-43,4.0,3.3,2.9,2.0,1.5,3.4,1.5,1.3,1.7,2.6,26071.0,795.0
India,"PLFS Year (Jul - Jun), 2017",Female,Rural,15-29 years,11-51,45-99,0.8,0.9,1.0,1.1,2.1,18.2,8.2,17.3,3.3,2.0,19461.0,900.0
India,"PLFS Year (Jul - Jun), 2017",Female,Rural,15-29 years,81,,0.0,0.3,1.0,1.0,2.4,21.3,11.6,24.9,4.2,2.2,21561.0,1020.0
India,"PLFS Year (Jul - Jun), 2017",Female,Rural,15-29 years,11-81,,24.9,18.3,13.4,9.7,10.3,46.3,23.9,45.8,13.8,15.9,158921.0,5492.0
India,"PLFS Year (Jul - Jun), 2017",Female,Rural,15-29 years,UR,,0.1,1.8,7.5,10.3,23.3,46.1,48.4,54.4,30.5,13.6,,
India,"PLFS Year (Jul - Jun), 2017",Female,Rural,15-29 years,91,,0.3,9.3,29.6,48.1,47.7,24.4,22.2,12.4,42.4,28.0,279117.0,10994.0
India,"PLFS Year (Jul - Jun), 2017",Female,Rural,15-29 years,92,,47.4,46.1,41.9,31.3,33.8,23.9,41.4,33.7,33.7,39.8,396728.0,12416.0
India,"PLFS Year (Jul - Jun), 2017",Female,Rural,15-29 years,93,,24.0,25.2,14.3,10.2,7.8,3.4,11.6,8.2,9.4,15.2,151681.0,4477.0
India,"PLFS Year (Jul - Jun), 2017",Female,Rural,15-29 years,94,,1.1,0.5,0.4,0.3,0.3,0.0,0.4,0.0,0.3,0.5,4594.0,138.0
India,"PLFS Year (Jul - Jun), 2017",Female,Rural,15-29 years,95,,1.3,0.3,0.2,0.1,0.0,0.0,0.0,0.0,0.1,0.3,3192.0,122.0
India,"PLFS Year (Jul - Jun), 2017",Female,Rural,15-29 years,97,,1.0,0.4,0.2,0.3,0.2,2.0,0.5,0.0,0.3,0.4,3614.0,142.0
India,"PLFS Year (Jul - Jun), 2017",Female,Rural,15-29 years,99,,0.0,0.0,0.0,0.0,0.0,0.0,0.0,0.0,0.0,0.0,0.0,0.0
India,"PLFS Year (Jul - Jun), 2017",Female,Rural,15-29 years,91-99,,75.1,81.7,86.6,90.3,89.7,53.7,76.1,54.2,86.2,84.1,838927.0,28289.0
India,"PLFS Year (Jul - Jun), 2017",Female,Rural,15-29 years,11-99,,100.0,100.0,100.0,100.0,100.0,100.0,100.0,100.0,100.0,100.0,997847.0,33781.0
India,"PLFS Year (Jul - Jun), 2017",Female,Rural,15-29 years,"11,12,21",01-03,12.2,8.4,5.8,3.9,3.7,3.2,2.3,2.3,3.5,6.1,60817.0,2066.0
India,"PLFS Year (Jul - Jun), 2017",Female,Rural,15-29 years,"11,12,21",01-96,14.2,10.5,8.1,5.3,5.3,7.9,5.8,5.4,5.4,8.1,81117.0,2746.0
India,"PLFS Year (Jul - Jun), 2017",Female,Rural,15-29 years,"11,12,21",05-43,1.4,1.6,1.8,1.1,1.1,1.9,1.1,0.7,1.1,1.4,14078.0,460.0
India,"PLFS Year (Jul - Jun), 2017",Female,Rural,15-29 years,"11,12,21",45-96,0.6,0.4,0.5,0.3,0.5,2.8,2.3,2.4,0.8,0.6,6223.0,220.0
India,"PLFS Year (Jul - Jun), 2017",Female,Rural,15 years and above,"11,12",01-03,4.0,3.2,1.8,1.6,1.1,1.0,0.5,0.2,1.2,2.8,77127.0,3123.0
India,"PLFS Year (Jul - Jun), 2017",Female,Rural,15 years and above,"11,12",01-96,5.3,5.4,3.7,3.3,2.7,3.3,3.2,2.7,3.0,4.5,122995.0,4854.0
India,"PLFS Year (Jul - Jun), 2017",Female,Rural,15 years and above,"11,12",05-43,0.7,1.7,1.4,1.2,1.0,1.3,0.9,0.5,1.0,1.1,29985.0,1038.0
India,"PLFS Year (Jul - Jun), 2017",Female,Rural,15 years and above,"11,12",45-96,0.5,0.5,0.5,0.5,0.5,1.1,1.9,2.1,0.8,0.6,15884.0,693.0
India,"PLFS Year (Jul - Jun), 2017",Female,Rural,15 years and above,21,01-03,11.2,9.0,7.0,5.0,3.8,3.9,2.4,1.5,4.1,8.4,229806.0,7884.0
India,"PLFS Year (Jul - Jun), 2017",Female,Rural,15 years and above,21,01-96,11.7,10.0,7.9,5.6,4.2,5.3,3.3,1.8,4.6,9.1,249441.0,8486.0
India,"PLFS Year (Jul - Jun), 2017",Female,Rural,15 years and above,21,05-43,0.3,0.4,0.4,0.3,0.1,0.3,0.3,0.0,0.2,0.3,8352.0,236.0
India,"PLFS Year (Jul - Jun), 2017",Female,Rural,15 years and above,21,45-96,0.3,0.7,0.5,0.3,0.2,1.1,0.6,0.3,0.4,0.4,11282.0,366.0
India,"PLFS Year (Jul - Jun), 2017",Female,Rural,15 years and above,31,01-03,0.2,0.5,0.1,0.1,0.0,0.0,0.1,0.0,0.1,0.2,5802.0,205.0
India,"PLFS Year (Jul - Jun), 2017",Female,Rural,15 years and above,31,01-99,1.0,1.6,1.9,3.7,4.1,24.4,11.4,26.2,6.3,2.5,68006.0,2956.0
India,"PLFS Year (Jul - Jun), 2017",Female,Rural,15 years and above,31,05-43,0.2,0.2,0.4,0.4,0.2,1.4,0.3,0.5,0.4,0.3,7230.0,313.0
India,"PLFS Year (Jul - Jun), 2017",Female,Rural,15 years and above,31,45-99,0.6,0.9,1.4,3.2,3.9,23.1,11.1,25.7,5.9,2.0,54974.0,2438.0
India,"PLFS Year (Jul - Jun), 2017",Female,Rural,15 years and above,41,,0.7,0.9,0.5,0.3,0.3,0.4,0.1,0.3,0.3,0.6,16739.0,666.0
India,"PLFS Year (Jul - Jun), 2017",Female,Rural,15 years and above,51,01-03,8.8,6.8,3.6,2.3,1.0,0.9,0.4,0.0,1.5,5.9,159755.0,3988.0
India,"PLFS Year (Jul - Jun), 2017",Female,Rural,15 years and above,51,01-99,10.3,8.1,4.4,2.7,1.3,1.5,0.5,0.1,1.7,6.9,188516.0,4780.0
India,"PLFS Year (Jul - Jun), 2017",Female,Rural,15 years and above,51,05-43,1.4,1.2,0.7,0.3,0.2,0.6,0.1,0.0,0.2,1.0,26049.0,690.0
India,"PLFS Year (Jul - Jun), 2017",Female,Rural,15 years and above,51,45-99,0.1,0.2,0.1,0.1,0.1,0.0,0.0,0.1,0.1,0.1,2712.0,102.0
India,"PLFS Year (Jul - Jun), 2017",Female,Rural,15 years and above,41 & 51,01-99,11.0,9.0,4.9,3.0,1.5,1.9,0.6,0.4,2.0,7.5,205255.0,5446.0
India,"PLFS Year (Jul - Jun), 2017",Female,Rural,15 years and above,11-51,01-03,24.2,19.4,12.5,8.9,6.0,5.8,3.4,1.7,6.8,17.3,472490.0,15200.0
India,"PLFS Year (Jul - Jun), 2017",Female,Rural,15 years and above,11-51,01-99,29.1,26.0,18.3,15.6,12.5,34.9,18.6,31.1,16.0,23.7,645697.0,21742.0
India,"PLFS Year (Jul - Jun), 2017",Female,Rural,15 years and above,11-51,05-43,3.3,4.4,3.4,2.5,1.8,4.0,1.6,1.3,2.1,3.2,88355.0,2943.0
India,"PLFS Year (Jul - Jun), 2017",Female,Rural,15 years and above,11-51,45-99,1.5,2.3,2.5,4.2,4.7,25.2,13.5,28.1,7.1,3.1,84852.0,3599.0
India,"PLFS Year (Jul - Jun), 2017",Female,Rural,15 years and above,81,,0.0,0.2,0.7,0.7,2.1,11.9,9.0,18.1,3.3,0.9,25292.0,1205.0
India,"PLFS Year (Jul - Jun), 2017",Female,Rural,15 years and above,11-81,,29.1,26.2,19.0,16.3,14.6,46.8,27.6,49.2,19.3,24.6,670990.0,22947.0
India,"PLFS Year (Jul - Jun), 2017",Female,Rural,15 years and above,UR,,0.1,0.6,3.7,4.4,14.4,25.4,32.7,36.8,17.3,3.8,,
India,"PLFS Year (Jul - Jun), 2017",Female,Rural,15 years and above,91,,0.1,3.1,16.6,31.9,36.8,13.4,15.3,7.8,29.7,10.3,280653.0,11066.0
India,"PLFS Year (Jul - Jun), 2017",Female,Rural,15 years and above,92,,37.6,45.6,46.2,38.1,38.5,29.3,44.0,31.4,38.7,40.8,1113296.0,35954.0
India,"PLFS Year (Jul - Jun), 2017",Female,Rural,15 years and above,93,,19.1,21.1,15.9,12.2,9.1,4.6,11.5,9.9,10.8,17.0,464452.0,14748.0
India,"PLFS Year (Jul - Jun), 2017",Female,Rural,15 years and above,94,,8.1,2.8,1.7,1.0,0.7,4.8,1.0,1.5,1.0,4.4,119454.0,3490.0
India,"PLFS Year (Jul - Jun), 2017",Female,Rural,15 years and above,95,,2.2,0.6,0.3,0.2,0.0,0.0,0.2,0.2,0.1,1.1,29716.0,1021.0
India,"PLFS Year (Jul - Jun), 2017",Female,Rural,15 years and above,97,,3.9,0.6,0.3,0.3,0.2,1.1,0.4,0.0,0.3,1.8,50117.0,1528.0
India,"PLFS Year (Jul - Jun), 2017",Female,Rural,15 years and above,99,,0.0,0.0,0.0,0.0,0.0,0.0,0.0,0.0,0.0,0.0,0.0,0.0
India,"PLFS Year (Jul - Jun), 2017",Female,Rural,15 years and above,91-99,,70.9,73.8,81.0,83.7,85.4,53.2,72.4,50.8,80.7,75.4,2057688.0,67807.0
India,"PLFS Year (Jul - Jun), 2017",Female,Rural,15 years and above,11-99,,100.0,100.0,100.0,100.0,100.0,100.0,100.0,100.0,100.0,100.0,2728677.0,90754.0
India,"PLFS Year (Jul - Jun), 2017",Female,Rural,15 years and above,"11,12,21",01-03,15.2,12.1,8.8,6.6,5.0,4.9,3.0,1.7,5.3,11.2,306933.0,11007.0
India,"PLFS Year (Jul - Jun), 2017",Female,Rural,15 years and above,"11,12,21",01-96,17.0,15.4,11.6,8.9,6.9,8.6,6.6,4.5,7.7,13.6,372436.0,13340.0
India,"PLFS Year (Jul - Jun), 2017",Female,Rural,15 years and above,"11,12,21",05-43,1.0,2.1,1.8,1.4,1.1,1.6,1.2,0.5,1.3,1.4,38337.0,1274.0
India,"PLFS Year (Jul - Jun), 2017",Female,Rural,15 years and above,"11,12,21",45-96,0.8,1.2,1.0,0.9,0.8,2.1,2.4,2.3,1.2,1.0,27166.0,1059.0
India,"PLFS Year (Jul - Jun), 2017",Female,Rural,all ages,"11,12",01-03,3.1,1.5,1.5,1.6,1.1,1.0,0.5,0.2,1.2,2.1,77148.0,3126.0
India,"PLFS Year (Jul - Jun), 2017",Female,Rural,all ages,"11,12",01-96,4.0,2.6,3.1,3.2,2.7,3.3,3.2,2.7,3.0,3.3,123219.0,4860.0
India,"PLFS Year (Jul - Jun), 2017",Female,Rural,all ages,"11,12",05-43,0.6,0.8,1.2,1.1,1.0,1.3,0.9,0.5,1.0,0.8,30185.0,1040.0
India,"PLFS Year (Jul - Jun), 2017",Female,Rural,all ages,"11,12",45-96,0.4,0.3,0.4,0.5,0.5,1.1,1.9,2.1,0.8,0.4,15885.0,694.0
India,"PLFS Year (Jul - Jun), 2017",Female,Rural,all ages,21,01-03,8.6,4.3,6.0,4.9,3.8,3.9,2.4,1.5,4.0,6.2,230921.0,7932.0
India,"PLFS Year (Jul - Jun), 2017",Female,Rural,all ages,21,01-96,9.0,4.8,6.8,5.6,4.2,5.3,3.3,1.8,4.6,6.8,250637.0,8536.0
India,"PLFS Year (Jul - Jun), 2017",Female,Rural,all ages,21,05-43,0.2,0.2,0.4,0.3,0.1,0.3,0.3,0.0,0.2,0.2,8390.0,237.0
India,"PLFS Year (Jul - Jun), 2017",Female,Rural,all ages,21,45-96,0.2,0.3,0.4,0.3,0.2,1.1,0.6,0.3,0.4,0.3,11326.0,367.0
India,"PLFS Year (Jul - Jun), 2017",Female,Rural,all ages,31,01-03,0.2,0.2,0.1,0.1,0.0,0.0,0.1,0.0,0.1,0.2,5802.0,205.0
India,"PLFS Year (Jul - Jun), 2017",Female,Rural,all ages,31,01-99,0.8,0.8,1.6,3.7,4.1,24.4,11.4,26.2,6.3,1.8,68098.0,2957.0
India,"PLFS Year (Jul - Jun), 2017",Female,Rural,all ages,31,05-43,0.1,0.1,0.3,0.4,0.2,1.4,0.3,0.5,0.4,0.2,7230.0,313.0
India,"PLFS Year (Jul - Jun), 2017",Female,Rural,all ages,31,45-99,0.5,0.4,1.2,3.2,3.9,23.1,11.1,25.7,5.9,1.5,55067.0,2439.0
India,"PLFS Year (Jul - Jun), 2017",Female,Rural,all ages,41,,0.6,0.4,0.4,0.3,0.3,0.4,0.1,0.3,0.3,0.5,16751.0,667.0
India,"PLFS Year (Jul - Jun), 2017",Female,Rural,all ages,51,01-03,6.7,3.2,3.1,2.3,1.0,0.9,0.4,0.0,1.5,4.3,160089.0,3998.0
India,"PLFS Year (Jul - Jun), 2017",Female,Rural,all ages,51,01-99,7.8,3.9,3.7,2.7,1.3,1.5,0.5,0.1,1.7,5.1,188900.0,4794.0
India,"PLFS Year (Jul - Jun), 2017",Female,Rural,all ages,51,05-43,1.0,0.6,0.6,0.3,0.2,0.6,0.1,0.0,0.2,0.7,26075.0,693.0
India,"PLFS Year (Jul - Jun), 2017",Female,Rural,all ages,51,45-99,0.1,0.1,0.1,0.1,0.1,0.0,0.0,0.1,0.1,0.1,2736.0,103.0
India,"PLFS Year (Jul - Jun), 2017",Female,Rural,all ages,41 & 51,01-99,8.4,4.3,4.2,3.0,1.5,1.9,0.6,0.4,2.0,5.6,205651.0,5461.0
India,"PLFS Year (Jul - Jun), 2017",Female,Rural,all ages,11-51,01-03,18.5,9.3,10.7,8.9,6.0,5.8,3.4,1.7,6.8,12.8,473960.0,15261.0
India,"PLFS Year (Jul - Jun), 2017",Female,Rural,all ages,11-51,01-99,22.2,12.5,15.8,15.5,12.5,34.9,18.6,31.1,15.9,17.5,647604.0,21814.0
India,"PLFS Year (Jul - Jun), 2017",Female,Rural,all ages,11-51,05-43,2.5,2.1,2.9,2.5,1.8,4.0,1.6,1.3,2.1,2.4,88631.0,2950.0
India,"PLFS Year (Jul - Jun), 2017",Female,Rural,all ages,11-51,45-99,1.2,1.1,2.2,4.2,4.7,25.2,13.5,28.1,7.1,2.3,85014.0,3603.0
India,"PLFS Year (Jul - Jun), 2017",Female,Rural,all ages,81,,0.0,0.1,0.6,0.7,2.1,11.9,9.0,18.1,3.3,0.7,25558.0,1218.0
India,"PLFS Year (Jul - Jun), 2017",Female,Rural,all ages,11-81,,22.2,12.6,16.4,16.2,14.6,46.8,27.6,49.2,19.3,18.2,673162.0,23032.0
India,"PLFS Year (Jul - Jun), 2017",Female,Rural,all ages,UR,,0.1,0.8,3.6,4.4,14.4,25.4,32.7,36.8,17.3,3.8,,
India,"PLFS Year (Jul - Jun), 2017",Female,Rural,all ages,91,,2.8,51.2,27.8,32.4,36.8,13.4,15.3,7.8,29.9,24.5,906343.0,30489.0
India,"PLFS Year (Jul - Jun), 2017",Female,Rural,all ages,92,,29.0,22.5,40.1,37.8,38.5,29.3,44.0,31.4,38.6,30.5,1130212.0,36290.0
India,"PLFS Year (Jul - Jun), 2017",Female,Rural,all ages,93,,14.8,10.2,13.7,12.1,9.1,4.6,11.5,9.9,10.8,12.7,470291.0,14843.0
India,"PLFS Year (Jul - Jun), 2017",Female,Rural,all ages,94,,6.3,1.3,1.4,1.0,0.7,4.8,1.0,1.5,1.0,3.3,121376.0,3518.0
India,"PLFS Year (Jul - Jun), 2017",Female,Rural,all ages,95,,1.7,0.3,0.2,0.2,0.0,0.0,0.2,0.2,0.1,0.8,30993.0,1063.0
India,"PLFS Year (Jul - Jun), 2017",Female,Rural,all ages,97,,4.1,0.4,0.3,0.3,0.2,1.1,0.4,0.0,0.3,1.9,68806.0,1967.0
India,"PLFS Year (Jul - Jun), 2017",Female,Rural,all ages,99,,19.1,1.6,0.0,0.0,0.0,0.0,0.0,0.0,0.0,8.1,301550.0,8690.0
India,"PLFS Year (Jul - Jun), 2017",Female,Rural,all ages,91-99,,77.8,87.4,83.6,83.8,85.4,53.2,72.4,50.8,80.7,81.8,3029572.0,96860.0
India,"PLFS Year (Jul - Jun), 2017",Female,Rural,all ages,11-99,,100.0,100.0,100.0,100.0,100.0,100.0,100.0,100.0,100.0,100.0,3702734.0,119892.0
India,"PLFS Year (Jul - Jun), 2017",Female,Rural,all ages,"11,12,21",01-03,11.6,5.8,7.5,6.5,5.0,4.9,3.0,1.7,5.2,8.3,308068.0,11058.0
India,"PLFS Year (Jul - Jun), 2017",Female,Rural,all ages,"11,12,21",01-96,13.0,7.4,10.0,8.8,6.9,8.6,6.6,4.5,7.7,10.1,373856.0,13396.0
India,"PLFS Year (Jul - Jun), 2017",Female,Rural,all ages,"11,12,21",05-43,0.8,1.0,1.6,1.4,1.1,1.6,1.2,0.5,1.2,1.0,38576.0,1277.0
India,"PLFS Year (Jul - Jun), 2017",Female,Rural,all ages,"11,12,21",45-96,0.6,0.6,0.9,0.9,0.8,2.1,2.4,2.3,1.2,0.7,27212.0,1061.0
India,"PLFS Year (Jul - Jun), 2017",Persons,Rural,15-29 years,"11,12",01-03,4.5,5.3,3.3,2.2,2.3,1.6,3.2,2.4,2.4,3.3,67507.0,2189.0
India,"PLFS Year (Jul - Jun), 2017",Persons,Rural,15-29 years,"11,12",01-96,7.3,8.9,7.0,5.2,5.2,7.8,8.4,5.8,5.7,6.7,138440.0,4791.0
India,"PLFS Year (Jul - Jun), 2017",Persons,Rural,15-29 years,"11,12",05-43,1.3,1.7,1.4,1.2,1.0,1.7,0.9,0.4,1.1,1.3,26656.0,953.0
India,"PLFS Year (Jul - Jun), 2017",Persons,Rural,15-29 years,"11,12",45-96,1.5,1.8,2.3,1.8,1.9,4.5,4.2,3.0,2.3,2.1,44277.0,1649.0
India,"PLFS Year (Jul - Jun), 2017",Persons,Rural,15-29 years,21,01-03,11.4,10.3,8.9,6.2,6.2,4.4,6.6,5.6,6.2,8.0,166289.0,5726.0
India,"PLFS Year (Jul - Jun), 2017",Persons,Rural,15-29 years,21,01-96,12.3,11.3,10.3,6.9,7.0,5.6,8.1,6.3,7.0,9.1,187328.0,6421.0
India,"PLFS Year (Jul - Jun), 2017",Persons,Rural,15-29 years,21,05-43,0.4,0.4,0.5,0.2,0.3,0.5,0.4,0.1,0.3,0.4,7757.0,264.0
India,"PLFS Year (Jul - Jun), 2017",Persons,Rural,15-29 years,21,45-96,0.6,0.6,0.8,0.4,0.5,0.6,1.1,0.6,0.6,0.6,13283.0,431.0
India,"PLFS Year (Jul - Jun), 2017",Persons,Rural,15-29 years,31,01-03,0.5,0.3,0.2,0.1,0.1,0.0,0.1,0.0,0.1,0.2,3969.0,130.0
India,"PLFS Year (Jul - Jun), 2017",Persons,Rural,15-29 years,31,01-99,2.3,4.2,4.5,4.9,5.8,21.1,13.2,25.0,7.5,5.7,117071.0,4491.0
India,"PLFS Year (Jul - Jun), 2017",Persons,Rural,15-29 years,31,05-43,0.7,1.8,1.7,1.9,1.8,9.5,2.6,2.1,2.2,1.8,38200.0,1311.0
India,"PLFS Year (Jul - Jun), 2017",Persons,Rural,15-29 years,31,45-99,1.0,2.1,2.6,3.0,3.9,11.5,10.6,22.9,5.2,3.6,74902.0,3050.0
India,"PLFS Year (Jul - Jun), 2017",Persons,Rural,15-29 years,41,,0.5,0.3,0.2,0.3,0.1,0.2,0.0,0.4,0.2,0.2,4896.0,161.0
India,"PLFS Year (Jul - Jun), 2017",Persons,Rural,15-29 years,51,01-03,10.2,8.3,4.6,2.4,1.6,0.8,0.6,0.1,1.7,4.3,88333.0,2203.0
India,"PLFS Year (Jul - Jun), 2017",Persons,Rural,15-29 years,51,01-99,18.8,19.6,11.6,6.6,4.1,4.3,1.6,1.0,4.7,10.1,208993.0,5767.0
India,"PLFS Year (Jul - Jun), 2017",Persons,Rural,15-29 years,51,05-43,8.0,10.3,6.2,3.7,2.1,2.9,0.9,0.5,2.6,5.2,107918.0,3161.0
India,"PLFS Year (Jul - Jun), 2017",Persons,Rural,15-29 years,51,45-99,0.7,1.1,0.7,0.5,0.3,0.6,0.2,0.4,0.4,0.6,12742.0,403.0
India,"PLFS Year (Jul - Jun), 2017",Persons,Rural,15-29 years,41 & 51,01-99,19.4,20.0,11.8,6.9,4.1,4.5,1.7,1.5,4.9,10.4,213888.0,5928.0
India,"PLFS Year (Jul - Jun), 2017",Persons,Rural,15-29 years,11-51,01-03,26.6,24.1,17.1,10.9,10.2,6.9,10.4,8.1,10.4,15.8,326097.0,10248.0
India,"PLFS Year (Jul - Jun), 2017",Persons,Rural,15-29 years,11-51,01-99,41.3,44.3,33.6,23.8,22.1,39.0,31.3,38.6,25.1,31.8,656728.0,21631.0
India,"PLFS Year (Jul - Jun), 2017",Persons,Rural,15-29 years,11-51,05-43,10.9,14.6,10.1,7.3,5.3,14.8,4.9,3.6,6.3,9.0,185427.0,5850.0
India,"PLFS Year (Jul - Jun), 2017",Persons,Rural,15-29 years,11-51,45-99,3.8,5.6,6.4,5.7,6.6,17.3,16.0,26.9,8.5,7.0,145204.0,5533.0
India,"PLFS Year (Jul - Jun), 2017",Persons,Rural,15-29 years,81,,3.2,3.9,5.2,3.8,5.7,28.3,20.1,27.2,8.3,6.3,130793.0,4947.0
India,"PLFS Year (Jul - Jun), 2017",Persons,Rural,15-29 years,11-81,,44.5,48.2,38.7,27.6,27.8,67.3,51.5,65.8,33.5,38.1,787520.0,26578.0
India,"PLFS Year (Jul - Jun), 2017",Persons,Rural,15-29 years,UR,,7.3,8.1,13.4,13.9,20.7,42.1,39.1,41.4,24.9,16.6,,
India,"PLFS Year (Jul - Jun), 2017",Persons,Rural,15-29 years,91,,0.3,10.4,33.0,52.9,53.1,24.1,24.5,12.5,46.7,33.3,687151.0,26793.0
India,"PLFS Year (Jul - Jun), 2017",Persons,Rural,15-29 years,92,,32.9,25.4,20.0,14.1,14.9,6.5,18.3,17.3,14.9,19.6,404473.0,12643.0
India,"PLFS Year (Jul - Jun), 2017",Persons,Rural,15-29 years,93,,16.9,14.0,7.1,4.6,3.5,0.9,5.0,4.2,4.2,7.6,157045.0,4612.0
India,"PLFS Year (Jul - Jun), 2017",Persons,Rural,15-29 years,94,,1.0,0.5,0.3,0.2,0.3,0.0,0.4,0.1,0.2,0.3,7219.0,198.0
India,"PLFS Year (Jul - Jun), 2017",Persons,Rural,15-29 years,95,,2.9,0.7,0.4,0.2,0.1,0.4,0.1,0.0,0.1,0.6,11534.0,369.0
India,"PLFS Year (Jul - Jun), 2017",Persons,Rural,15-29 years,97,,1.5,0.8,0.4,0.3,0.3,0.8,0.3,0.0,0.3,0.5,11033.0,424.0
India,"PLFS Year (Jul - Jun), 2017",Persons,Rural,15-29 years,99,,0.0,0.0,0.0,0.0,0.0,0.0,0.0,0.0,0.0,0.0,0.0,0.0
India,"PLFS Year (Jul - Jun), 2017",Persons,Rural,15-29 years,91-99,,55.5,51.8,61.3,72.4,72.2,32.7,48.5,34.2,66.5,61.9,1278455.0,45039.0
India,"PLFS Year (Jul - Jun), 2017",Persons,Rural,15-29 years,11-99,,100.0,100.0,100.0,100.0,100.0,100.0,100.0,100.0,100.0,100.0,2065976.0,71617.0
India,"PLFS Year (Jul - Jun), 2017",Persons,Rural,15-29 years,"11,12,21",01-03,15.9,15.6,12.3,8.4,8.5,6.0,9.8,8.0,8.6,11.3,233795.0,7915.0
India,"PLFS Year (Jul - Jun), 2017",Persons,Rural,15-29 years,"11,12,21",01-96,19.7,20.2,17.3,12.0,12.1,13.3,16.4,12.1,12.8,15.8,325769.0,11212.0
India,"PLFS Year (Jul - Jun), 2017",Persons,Rural,15-29 years,"11,12,21",05-43,1.7,2.1,2.0,1.4,1.3,2.2,1.4,0.5,1.4,1.7,34413.0,1217.0
India,"PLFS Year (Jul - Jun), 2017",Persons,Rural,15-29 years,"11,12,21",45-96,2.1,2.4,3.1,2.2,2.4,5.1,5.3,3.6,2.9,2.8,57560.0,2080.0
India,"PLFS Year (Jul - Jun), 2017",Persons,Rural,15 years and above,"11,12",01-03,15.0,17.0,13.8,11.9,9.3,5.1,8.8,6.9,10.2,13.7,754607.0,25129.0
India,"PLFS Year (Jul - Jun), 2017",Persons,Rural,15 years and above,"11,12",01-96,18.4,24.3,21.3,19.0,15.6,14.4,17.2,14.0,17.3,19.7,1087899.0,37388.0
India,"PLFS Year (Jul - Jun), 2017",Persons,Rural,15 years and above,"11,12",05-43,1.3,2.9,2.5,2.3,1.8,3.2,1.4,0.7,1.9,2.0,110571.0,4057.0
India,"PLFS Year (Jul - Jun), 2017",Persons,Rural,15 years and above,"11,12",45-96,2.1,4.4,5.0,4.9,4.5,6.1,7.1,6.4,5.2,4.0,222721.0,8202.0
India,"PLFS Year (Jul - Jun), 2017",Persons,Rural,15 years and above,21,01-03,8.3,7.3,7.8,6.1,6.1,4.2,5.7,3.9,5.9,7.3,402367.0,13756.0
India,"PLFS Year (Jul - Jun), 2017",Persons,Rural,15 years and above,21,01-96,8.7,8.1,8.8,6.8,6.8,5.0,7.0,4.7,6.7,8.0,443201.0,15058.0
India,"PLFS Year (Jul - Jun), 2017",Persons,Rural,15 years and above,21,05-43,0.2,0.3,0.4,0.2,0.2,0.4,0.3,0.1,0.3,0.3,14833.0,460.0
India,"PLFS Year (Jul - Jun), 2017",Persons,Rural,15 years and above,21,45-96,0.2,0.5,0.6,0.4,0.5,0.5,1.0,0.6,0.6,0.5,26002.0,842.0
India,"PLFS Year (Jul - Jun), 2017",Persons,Rural,15 years and above,31,01-03,0.4,0.5,0.3,0.1,0.2,0.0,0.1,0.1,0.2,0.3,17212.0,657.0
India,"PLFS Year (Jul - Jun), 2017",Persons,Rural,15 years and above,31,01-99,1.7,4.0,6.1,8.2,10.1,27.8,22.4,40.1,12.9,6.3,347889.0,14138.0
India,"PLFS Year (Jul - Jun), 2017",Persons,Rural,15 years and above,31,05-43,0.5,1.4,2.0,2.2,2.5,10.5,3.0,2.5,2.7,1.6,87750.0,3220.0
India,"PLFS Year (Jul - Jun), 2017",Persons,Rural,15 years and above,31,45-99,0.9,2.1,3.8,5.8,7.4,17.3,19.2,37.5,10.1,4.4,242926.0,10261.0
India,"PLFS Year (Jul - Jun), 2017",Persons,Rural,15 years and above,41,,0.8,0.6,0.4,0.4,0.2,0.2,0.1,0.2,0.3,0.5,28595.0,1067.0
India,"PLFS Year (Jul - Jun), 2017",Persons,Rural,15 years and above,51,01-03,11.3,9.6,5.8,3.4,2.2,1.0,0.8,0.3,2.4,7.2,399191.0,10020.0
India,"PLFS Year (Jul - Jun), 2017",Persons,Rural,15 years and above,51,01-99,17.1,18.9,13.5,8.7,5.3,5.2,2.3,0.7,6.1,13.5,742118.0,20331.0
India,"PLFS Year (Jul - Jun), 2017",Persons,Rural,15 years and above,51,05-43,5.4,8.4,6.9,4.7,2.6,3.3,1.1,0.3,3.2,5.6,309650.0,9163.0
India,"PLFS Year (Jul - Jun), 2017",Persons,Rural,15 years and above,51,45-99,0.4,0.9,0.8,0.6,0.5,0.8,0.3,0.2,0.5,0.6,33278.0,1148.0
India,"PLFS Year (Jul - Jun), 2017",Persons,Rural,15 years and above,41 & 51,01-99,17.9,19.5,13.9,9.1,5.5,5.4,2.3,1.0,6.4,14.0,770713.0,21398.0
India,"PLFS Year (Jul - Jun), 2017",Persons,Rural,15 years and above,11-51,01-03,35.0,34.4,27.7,21.5,17.7,10.3,15.4,11.2,18.6,28.5,1573377.0,49562.0
India,"PLFS Year (Jul - Jun), 2017",Persons,Rural,15 years and above,11-51,01-99,46.7,56.0,50.0,43.1,38.0,52.6,48.9,59.8,43.3,48.1,2649702.0,87982.0
India,"PLFS Year (Jul - Jun), 2017",Persons,Rural,15 years and above,11-51,05-43,8.1,13.7,12.1,9.8,7.3,17.6,5.9,3.9,8.3,10.0,551399.0,17967.0
India,"PLFS Year (Jul - Jun), 2017",Persons,Rural,15 years and above,11-51,45-99,3.7,7.9,10.2,11.8,12.9,24.6,27.5,44.7,16.4,9.5,524926.0,20453.0
India,"PLFS Year (Jul - Jun), 2017",Persons,Rural,15 years and above,81,,0.5,1.5,2.9,2.5,4.3,18.6,12.6,14.0,5.6,2.7,147444.0,5571.0
India,"PLFS Year (Jul - Jun), 2017",Persons,Rural,15 years and above,11-81,,47.2,57.5,52.9,45.6,42.3,71.2,61.5,73.8,49.0,50.7,2797146.0,93553.0
India,"PLFS Year (Jul - Jun), 2017",Persons,Rural,15 years and above,UR,,1.1,2.5,5.4,5.4,10.2,26.2,20.5,18.9,11.5,5.3,,
India,"PLFS Year (Jul - Jun), 2017",Persons,Rural,15 years and above,91,,0.1,3.2,16.6,31.3,36.8,15.0,14.4,5.6,28.8,12.5,689872.0,26897.0
India,"PLFS Year (Jul - Jun), 2017",Persons,Rural,15 years and above,92,,24.6,22.8,19.8,15.2,15.3,8.7,16.3,11.4,15.1,20.5,1129127.0,36485.0
India,"PLFS Year (Jul - Jun), 2017",Persons,Rural,15 years and above,93,,12.5,10.7,6.9,5.0,3.6,1.4,4.2,3.6,4.3,8.6,474919.0,15077.0
India,"PLFS Year (Jul - Jun), 2017",Persons,Rural,15 years and above,94,,8.4,3.4,2.3,2.1,1.4,2.4,2.7,4.0,2.0,4.4,240769.0,7248.0
India,"PLFS Year (Jul - Jun), 2017",Persons,Rural,15 years and above,95,,2.9,1.2,0.7,0.4,0.1,0.7,0.3,0.7,0.3,1.4,75798.0,2530.0
India,"PLFS Year (Jul - Jun), 2017",Persons,Rural,15 years and above,97,,4.3,1.3,0.7,0.4,0.4,0.5,0.5,1.0,0.5,1.9,104713.0,3145.0
India,"PLFS Year (Jul - Jun), 2017",Persons,Rural,15 years and above,99,,0.0,0.0,0.0,0.0,0.0,0.0,0.0,0.0,0.0,0.0,0.0,0.0
India,"PLFS Year (Jul - Jun), 2017",Persons,Rural,15 years and above,91-99,,52.8,42.5,47.1,54.4,57.7,28.8,38.5,26.2,51.0,49.3,2715198.0,91382.0
India,"PLFS Year (Jul - Jun), 2017",Persons,Rural,15 years and above,11-99,,100.0,100.0,100.0,100.0,100.0,100.0,100.0,100.0,100.0,100.0,5512344.0,184935.0
India,"PLFS Year (Jul - Jun), 2017",Persons,Rural,15 years and above,"11,12,21",01-03,23.3,24.3,21.5,18.0,15.4,9.3,14.4,10.9,16.1,21.0,1156974.0,38885.0
India,"PLFS Year (Jul - Jun), 2017",Persons,Rural,15 years and above,"11,12,21",01-96,27.2,32.4,30.0,25.8,22.4,19.4,24.2,18.7,24.0,27.8,1531100.0,52446.0
India,"PLFS Year (Jul - Jun), 2017",Persons,Rural,15 years and above,"11,12,21",05-43,1.5,3.2,2.8,2.5,2.0,3.6,1.7,0.9,2.2,2.3,125403.0,4517.0
India,"PLFS Year (Jul - Jun), 2017",Persons,Rural,15 years and above,"11,12,21",45-96,2.4,4.9,5.7,5.3,5.0,6.6,8.0,7.0,5.8,4.5,248723.0,9044.0
India,"PLFS Year (Jul - Jun), 2017",Persons,Rural,all ages,"11,12",01-03,10.6,7.8,12.0,11.8,9.3,5.1,8.8,6.9,10.1,9.9,754958.0,25138.0
India,"PLFS Year (Jul - Jun), 2017",Persons,Rural,all ages,"11,12",01-96,12.9,11.2,18.5,18.9,15.6,14.4,17.2,14.0,17.2,14.3,1088778.0,37405.0
India,"PLFS Year (Jul - Jun), 2017",Persons,Rural,all ages,"11,12",05-43,0.9,1.4,2.1,2.3,1.8,3.2,1.4,0.7,1.9,1.5,110786.0,4061.0
India,"PLFS Year (Jul - Jun), 2017",Persons,Rural,all ages,"11,12",45-96,1.5,2.0,4.4,4.8,4.5,6.1,7.1,6.4,5.2,2.9,223034.0,8206.0
India,"PLFS Year (Jul - Jun), 2017",Persons,Rural,all ages,21,01-03,5.9,3.4,6.8,6.1,6.1,4.2,5.7,3.9,5.9,5.4,406413.0,13882.0
India,"PLFS Year (Jul - Jun), 2017",Persons,Rural,all ages,21,01-96,6.2,3.8,7.7,6.8,6.8,5.0,7.0,4.7,6.7,5.9,448117.0,15197.0
India,"PLFS Year (Jul - Jun), 2017",Persons,Rural,all ages,21,05-43,0.1,0.1,0.3,0.2,0.2,0.4,0.3,0.1,0.3,0.2,15144.0,466.0
India,"PLFS Year (Jul - Jun), 2017",Persons,Rural,all ages,21,45-96,0.2,0.3,0.6,0.4,0.5,0.5,1.0,0.6,0.6,0.3,26560.0,849.0
India,"PLFS Year (Jul - Jun), 2017",Persons,Rural,all ages,31,01-03,0.3,0.2,0.3,0.1,0.2,0.0,0.1,0.1,0.2,0.2,17358.0,658.0
India,"PLFS Year (Jul - Jun), 2017",Persons,Rural,all ages,31,01-99,1.2,1.9,5.3,8.1,10.1,27.8,22.4,40.1,12.9,4.6,349050.0,14158.0
India,"PLFS Year (Jul - Jun), 2017",Persons,Rural,all ages,31,05-43,0.3,0.7,1.7,2.2,2.5,10.5,3.0,2.5,2.7,1.2,88077.0,3226.0
India,"PLFS Year (Jul - Jun), 2017",Persons,Rural,all ages,31,45-99,0.6,1.0,3.3,5.8,7.4,17.3,19.2,37.5,10.1,3.2,243614.0,10274.0
India,"PLFS Year (Jul - Jun), 2017",Persons,Rural,all ages,41,,0.5,0.3,0.4,0.4,0.2,0.2,0.1,0.2,0.3,0.4,28607.0,1068.0
India,"PLFS Year (Jul - Jun), 2017",Persons,Rural,all ages,51,01-03,7.9,4.5,5.1,3.4,2.2,1.0,0.8,0.3,2.4,5.3,400470.0,10043.0
India,"PLFS Year (Jul - Jun), 2017",Persons,Rural,all ages,51,01-99,12.0,8.8,11.7,8.7,5.3,5.2,2.3,0.7,6.1,9.8,744237.0,20372.0
India,"PLFS Year (Jul - Jun), 2017",Persons,Rural,all ages,51,05-43,3.8,3.9,6.0,4.7,2.6,3.3,1.1,0.3,3.2,4.1,310328.0,9177.0
India,"PLFS Year (Jul - Jun), 2017",Persons,Rural,all ages,51,45-99,0.3,0.4,0.7,0.6,0.5,0.8,0.3,0.2,0.5,0.4,33439.0,1152.0
India,"PLFS Year (Jul - Jun), 2017",Persons,Rural,all ages,41 & 51,01-99,12.6,9.0,12.1,9.1,5.5,5.4,2.3,1.0,6.4,10.2,772844.0,21440.0
India,"PLFS Year (Jul - Jun), 2017",Persons,Rural,all ages,11-51,01-03,24.6,16.0,24.1,21.4,17.7,10.3,15.4,11.2,18.6,20.8,1579198.0,49721.0
India,"PLFS Year (Jul - Jun), 2017",Persons,Rural,all ages,11-51,01-99,32.9,26.0,43.6,42.9,38.0,52.6,48.9,59.8,43.2,35.0,2658788.0,88200.0
India,"PLFS Year (Jul - Jun), 2017",Persons,Rural,all ages,11-51,05-43,5.7,6.4,10.6,9.8,7.3,17.6,5.9,3.9,8.3,7.3,552942.0,17998.0
India,"PLFS Year (Jul - Jun), 2017",Persons,Rural,all ages,11-51,45-99,2.6,3.7,8.9,11.7,12.9,24.6,27.5,44.7,16.4,6.9,526648.0,20481.0
India,"PLFS Year (Jul - Jun), 2017",Persons,Rural,all ages,81,,0.4,0.7,2.5,2.5,4.3,18.6,12.6,14.0,5.6,2.0,150085.0,5632.0
India,"PLFS Year (Jul - Jun), 2017",Persons,Rural,all ages,11-81,,33.2,26.8,46.1,45.4,42.3,71.2,61.5,73.8,48.9,37.0,2808874.0,93832.0
India,"PLFS Year (Jul - Jun), 2017",Persons,Rural,all ages,UR,,1.2,2.8,5.5,5.5,10.2,26.2,20.5,18.9,11.5,5.3,,
India,"PLFS Year (Jul - Jun), 2017",Persons,Rural,all ages,91,,3.6,52.7,27.1,31.7,36.8,15.0,14.4,5.6,29.0,26.9,2041529.0,68452.0
India,"PLFS Year (Jul - Jun), 2017",Persons,Rural,all ages,92,,17.5,11.0,17.5,15.1,15.3,8.7,16.3,11.4,15.1,15.2,1151410.0,36939.0
India,"PLFS Year (Jul - Jun), 2017",Persons,Rural,all ages,93,,9.0,5.0,6.1,5.0,3.6,1.4,4.2,3.6,4.3,6.4,482431.0,15196.0
India,"PLFS Year (Jul - Jun), 2017",Persons,Rural,all ages,94,,6.0,1.6,2.0,2.0,1.4,2.4,2.7,4.0,2.0,3.2,244995.0,7320.0
India,"PLFS Year (Jul - Jun), 2017",Persons,Rural,all ages,95,,2.2,0.6,0.6,0.4,0.1,0.7,0.3,0.7,0.3,1.1,79857.0,2631.0
India,"PLFS Year (Jul - Jun), 2017",Persons,Rural,all ages,97,,4.8,0.8,0.6,0.4,0.4,0.5,0.5,1.0,0.5,2.0,154063.0,4123.0
India,"PLFS Year (Jul - Jun), 2017",Persons,Rural,all ages,99,,23.7,1.5,0.0,0.0,0.0,0.0,0.0,0.0,0.0,8.3,629606.0,18316.0
India,"PLFS Year (Jul - Jun), 2017",Persons,Rural,all ages,91-99,,66.8,73.2,53.9,54.6,57.7,28.8,38.5,26.2,51.1,63.0,4783892.0,152977.0
India,"PLFS Year (Jul - Jun), 2017",Persons,Rural,all ages,11-99,,100.0,100.0,100.0,100.0,100.0,100.0,100.0,100.0,100.0,100.0,7592765.0,246809.0
India,"PLFS Year (Jul - Jun), 2017",Persons,Rural,all ages,"11,12,21",01-03,16.4,11.3,18.7,17.9,15.4,9.3,14.4,10.9,16.0,15.3,1161371.0,39020.0
India,"PLFS Year (Jul - Jun), 2017",Persons,Rural,all ages,"11,12,21",01-96,19.1,15.1,26.2,25.7,22.4,19.4,24.2,18.7,24.0,20.2,1536895.0,52602.0
India,"PLFS Year (Jul - Jun), 2017",Persons,Rural,all ages,"11,12,21",05-43,1.0,1.5,2.5,2.5,2.0,3.6,1.7,0.9,2.2,1.7,125930.0,4527.0
India,"PLFS Year (Jul - Jun), 2017",Persons,Rural,all ages,"11,12,21",45-96,1.6,2.3,5.0,5.3,5.0,6.6,8.0,7.0,5.8,3.3,249594.0,9055.0
India,"PLFS Year (Jul - Jun), 2017",Male,Urban,15-29 years,"11,12",01-03,1.0,0.6,0.4,0.3,0.2,0.4,0.3,0.1,0.3,0.4,1651.0,129.0
India,"PLFS Year (Jul - Jun), 2017",Male,Urban,15-29 years,"11,12",01-96,17.5,14.2,9.7,6.9,6.1,5.3,7.8,7.1,6.8,8.5,38536.0,2351.0
India,"PLFS Year (Jul - Jun), 2017",Male,Urban,15-29 years,"11,12",05-43,5.3,4.1,2.8,1.9,1.3,1.0,1.6,1.1,1.5,2.2,9917.0,557.0
India,"PLFS Year (Jul - Jun), 2017",Male,Urban,15-29 years,"11,12",45-96,11.2,9.5,6.5,4.7,4.6,4.0,5.9,5.9,5.0,6.0,26968.0,1665.0
India,"PLFS Year (Jul - Jun), 2017",Male,Urban,15-29 years,21,01-03,0.4,0.8,1.2,0.4,0.5,0.4,0.2,0.0,0.3,0.6,2563.0,191.0
India,"PLFS Year (Jul - Jun), 2017",Male,Urban,15-29 years,21,01-96,6.7,5.9,6.0,4.5,3.7,3.1,5.0,5.2,4.3,4.9,22207.0,1375.0
India,"PLFS Year (Jul - Jun), 2017",Male,Urban,15-29 years,21,05-43,3.7,2.0,1.8,1.4,1.0,1.3,1.2,1.7,1.2,1.5,6804.0,396.0
India,"PLFS Year (Jul - Jun), 2017",Male,Urban,15-29 years,21,45-96,2.6,3.1,3.0,2.7,2.2,1.4,3.6,3.5,2.7,2.8,12840.0,788.0
India,"PLFS Year (Jul - Jun), 2017",Male,Urban,15-29 years,31,01-03,0.2,0.3,0.0,0.1,0.0,0.1,0.1,0.2,0.1,0.1,463.0,31.0
India,"PLFS Year (Jul - Jun), 2017",Male,Urban,15-29 years,31,01-99,28.7,32.2,24.2,20.3,16.2,36.8,38.2,48.8,25.5,26.0,117808.0,6405.0
India,"PLFS Year (Jul - Jun), 2017",Male,Urban,15-29 years,31,05-43,17.4,14.6,10.4,8.3,5.6,17.8,9.5,5.7,8.0,9.5,42943.0,2101.0
India,"PLFS Year (Jul - Jun), 2017",Male,Urban,15-29 years,31,45-99,11.1,17.3,13.8,11.9,10.6,18.9,28.6,42.9,17.4,16.4,74402.0,4273.0
India,"PLFS Year (Jul - Jun), 2017",Male,Urban,15-29 years,41,,0.3,0.3,0.2,0.1,0.1,0.0,0.0,0.0,0.1,0.1,549.0,41.0
India,"PLFS Year (Jul - Jun), 2017",Male,Urban,15-29 years,51,01-03,1.8,0.7,0.7,0.3,0.1,0.0,0.0,0.0,0.1,0.4,1636.0,76.0
India,"PLFS Year (Jul - Jun), 2017",Male,Urban,15-29 years,51,01-99,28.0,22.2,13.2,5.8,2.3,3.4,1.3,0.4,3.1,8.0,36113.0,1876.0
India,"PLFS Year (Jul - Jun), 2017",Male,Urban,15-29 years,51,05-43,22.5,17.7,9.6,4.3,1.5,2.2,0.8,0.0,2.1,6.0,27017.0,1396.0
India,"PLFS Year (Jul - Jun), 2017",Male,Urban,15-29 years,51,45-99,3.7,3.8,2.9,1.2,0.7,1.2,0.5,0.4,0.8,1.6,7460.0,404.0
India,"PLFS Year (Jul - Jun), 2017",Male,Urban,15-29 years,41 & 51,01-99,28.3,22.5,13.4,5.9,2.3,3.4,1.3,0.4,3.1,8.1,36662.0,1917.0
India,"PLFS Year (Jul - Jun), 2017",Male,Urban,15-29 years,11-51,01-03,3.4,2.4,2.4,1.0,0.8,0.9,0.6,0.2,0.8,1.4,6314.0,427.0
India,"PLFS Year (Jul - Jun), 2017",Male,Urban,15-29 years,11-51,01-99,81.2,74.8,53.3,37.6,28.3,48.6,52.3,61.5,39.7,47.6,215213.0,12048.0
India,"PLFS Year (Jul - Jun), 2017",Male,Urban,15-29 years,11-51,05-43,49.1,38.6,24.7,16.0,9.4,22.2,13.2,8.5,12.9,19.3,87230.0,4491.0
India,"PLFS Year (Jul - Jun), 2017",Male,Urban,15-29 years,11-51,45-99,28.6,33.8,26.2,20.6,18.0,25.4,38.5,52.7,26.0,26.9,121669.0,7130.0
India,"PLFS Year (Jul - Jun), 2017",Male,Urban,15-29 years,81,,5.9,8.4,9.6,6.7,7.4,18.8,21.4,23.9,12.0,11.0,49564.0,3284.0
India,"PLFS Year (Jul - Jun), 2017",Male,Urban,15-29 years,11-81,,87.0,83.2,62.9,44.4,35.7,67.4,73.8,85.3,51.8,58.5,264777.0,15332.0
India,"PLFS Year (Jul - Jun), 2017",Male,Urban,15-29 years,UR,,6.7,10.2,15.3,15.2,20.8,27.9,29.0,28.0,23.3,18.7,,
India,"PLFS Year (Jul - Jun), 2017",Male,Urban,15-29 years,91,,0.5,11.6,34.3,54.2,63.3,31.8,24.6,14.1,47.0,39.1,176901.0,11648.0
India,"PLFS Year (Jul - Jun), 2017",Male,Urban,15-29 years,92,,0.5,0.5,0.9,0.5,0.4,0.5,0.4,0.4,0.5,0.6,2527.0,185.0
India,"PLFS Year (Jul - Jun), 2017",Male,Urban,15-29 years,93,,0.5,0.1,0.1,0.0,0.0,0.0,0.1,0.0,0.0,0.1,295.0,38.0
India,"PLFS Year (Jul - Jun), 2017",Male,Urban,15-29 years,94,,0.3,0.7,0.1,0.2,0.1,0.0,0.6,0.0,0.2,0.2,1105.0,37.0
India,"PLFS Year (Jul - Jun), 2017",Male,Urban,15-29 years,95,,8.0,1.2,0.5,0.4,0.1,0.0,0.1,0.1,0.2,0.6,2922.0,165.0
India,"PLFS Year (Jul - Jun), 2017",Male,Urban,15-29 years,97,,3.1,2.7,1.2,0.3,0.4,0.3,0.5,0.1,0.4,0.9,3951.0,228.0
India,"PLFS Year (Jul - Jun), 2017",Male,Urban,15-29 years,99,,0.0,0.0,0.0,0.0,0.0,0.0,0.0,0.0,0.0,0.0,0.0,0.0
India,"PLFS Year (Jul - Jun), 2017",Male,Urban,15-29 years,91-99,,13.0,16.8,37.1,55.6,64.3,32.6,26.2,14.7,48.2,41.5,187701.0,12301.0
India,"PLFS Year (Jul - Jun), 2017",Male,Urban,15-29 years,11-99,,100.0,100.0,100.0,100.0,100.0,100.0,100.0,100.0,100.0,100.0,452478.0,27633.0
India,"PLFS Year (Jul - Jun), 2017",Male,Urban,15-29 years,"11,12,21",01-03,1.4,1.4,1.7,0.7,0.7,0.8,0.5,0.1,0.6,0.9,4215.0,320.0
India,"PLFS Year (Jul - Jun), 2017",Male,Urban,15-29 years,"11,12,21",01-96,24.2,20.1,15.7,11.5,9.7,8.4,12.8,12.3,11.1,13.4,60743.0,3726.0
India,"PLFS Year (Jul - Jun), 2017",Male,Urban,15-29 years,"11,12,21",05-43,9.0,6.1,4.6,3.3,2.3,2.2,2.8,2.8,2.8,3.7,16721.0,953.0
India,"PLFS Year (Jul - Jun), 2017",Male,Urban,15-29 years,"11,12,21",45-96,13.8,12.7,9.5,7.4,6.7,5.4,9.5,9.5,7.7,8.8,39807.0,2453.0
India,"PLFS Year (Jul - Jun), 2017",Male,Urban,15 years and above,"11,12",01-03,4.0,3.9,2.5,2.1,1.4,1.4,1.3,1.4,1.6,2.3,28202.0,1984.0
India,"PLFS Year (Jul - Jun), 2017",Male,Urban,15 years and above,"11,12",01-96,29.1,31.0,26.9,23.6,18.6,18.6,21.0,18.8,20.8,24.2,296298.0,18121.0
India,"PLFS Year (Jul - Jun), 2017",Male,Urban,15 years and above,"11,12",05-43,7.7,8.3,7.4,5.5,3.6,5.0,4.3,2.4,4.3,5.8,70981.0,4167.0
India,"PLFS Year (Jul - Jun), 2017",Male,Urban,15 years and above,"11,12",45-96,17.5,18.8,17.0,16.1,13.6,12.2,15.4,15.1,14.9,16.1,197115.0,11970.0
India,"PLFS Year (Jul - Jun), 2017",Male,Urban,15 years and above,21,01-03,0.2,0.3,0.7,0.3,0.4,0.2,0.1,0.2,0.3,0.3,4235.0,312.0
India,"PLFS Year (Jul - Jun), 2017",Male,Urban,15 years and above,21,01-96,1.8,2.5,3.4,3.2,3.1,1.7,3.3,2.5,3.1,2.9,36020.0,2226.0
India,"PLFS Year (Jul - Jun), 2017",Male,Urban,15 years and above,21,05-43,0.8,0.9,1.0,1.0,0.8,0.7,0.9,0.6,0.9,0.9,10781.0,624.0
India,"PLFS Year (Jul - Jun), 2017",Male,Urban,15 years and above,21,45-96,0.8,1.2,1.8,2.0,1.9,0.8,2.3,1.7,2.0,1.7,21004.0,1290.0
India,"PLFS Year (Jul - Jun), 2017",Male,Urban,15 years and above,31,01-03,0.2,0.3,0.2,0.1,0.2,0.3,0.3,0.2,0.2,0.2,2443.0,173.0
India,"PLFS Year (Jul - Jun), 2017",Male,Urban,15 years and above,31,01-99,18.5,25.1,29.0,27.6,26.6,46.1,45.7,56.0,36.4,31.7,387351.0,22345.0
India,"PLFS Year (Jul - Jun), 2017",Male,Urban,15 years and above,31,05-43,9.4,11.5,11.7,10.4,8.5,23.9,11.3,7.2,10.5,10.8,131856.0,6616.0
India,"PLFS Year (Jul - Jun), 2017",Male,Urban,15 years and above,31,45-99,8.9,13.4,17.1,17.1,18.0,21.9,34.2,48.7,25.7,20.7,253052.0,15556.0
India,"PLFS Year (Jul - Jun), 2017",Male,Urban,15 years and above,41,,0.3,0.3,0.2,0.1,0.1,0.0,0.0,0.0,0.1,0.1,1631.0,137.0
India,"PLFS Year (Jul - Jun), 2017",Male,Urban,15 years and above,51,01-03,2.7,2.2,1.0,0.5,0.1,0.1,0.0,0.0,0.2,0.9,10706.0,513.0
India,"PLFS Year (Jul - Jun), 2017",Male,Urban,15 years and above,51,01-99,26.6,21.3,14.2,7.5,3.1,3.3,1.0,0.3,3.5,10.3,125943.0,6657.0
India,"PLFS Year (Jul - Jun), 2017",Male,Urban,15 years and above,51,05-43,20.0,15.0,10.0,5.1,2.1,2.3,0.6,0.1,2.4,7.3,89347.0,4743.0
India,"PLFS Year (Jul - Jun), 2017",Male,Urban,15 years and above,51,45-99,3.9,4.1,3.2,1.9,0.9,0.9,0.3,0.2,1.0,2.1,25890.0,1401.0
India,"PLFS Year (Jul - Jun), 2017",Male,Urban,15 years and above,41 & 51,01-99,26.9,21.6,14.4,7.6,3.2,3.3,1.0,0.3,3.6,10.4,127575.0,6794.0
India,"PLFS Year (Jul - Jun), 2017",Male,Urban,15 years and above,11-51,01-03,7.1,6.8,4.4,3.0,2.0,2.0,1.7,1.7,2.2,3.7,45586.0,2982.0
India,"PLFS Year (Jul - Jun), 2017",Male,Urban,15 years and above,11-51,01-99,76.2,80.2,73.8,62.1,51.5,69.8,71.1,77.6,63.9,69.3,847244.0,49486.0
India,"PLFS Year (Jul - Jun), 2017",Male,Urban,15 years and above,11-51,05-43,38.1,35.9,30.3,22.0,15.1,31.9,17.1,10.3,18.1,24.9,304597.0,16287.0
India,"PLFS Year (Jul - Jun), 2017",Male,Urban,15 years and above,11-51,45-99,31.1,37.5,39.1,37.1,34.3,35.8,52.2,65.6,43.6,40.6,497061.0,30217.0
India,"PLFS Year (Jul - Jun), 2017",Male,Urban,15 years and above,81,,1.6,3.0,4.7,3.8,5.2,9.6,9.4,7.3,6.5,5.2,63152.0,4169.0
India,"PLFS Year (Jul - Jun), 2017",Male,Urban,15 years and above,11-81,,77.9,83.2,78.5,65.9,56.7,79.4,80.5,84.9,70.3,74.5,910396.0,53655.0
India,"PLFS Year (Jul - Jun), 2017",Male,Urban,15 years and above,UR,,2.1,3.6,6.0,5.8,9.2,12.1,11.7,8.6,9.2,6.9,,
India,"PLFS Year (Jul - Jun), 2017",Male,Urban,15 years and above,91,,0.1,3.1,13.0,23.9,36.4,13.0,9.1,3.4,20.3,14.5,177723.0,11705.0
India,"PLFS Year (Jul - Jun), 2017",Male,Urban,15 years and above,92,,1.4,1.1,0.8,0.6,0.5,0.3,0.4,0.3,0.4,0.7,8422.0,580.0
India,"PLFS Year (Jul - Jun), 2017",Male,Urban,15 years and above,93,,0.3,0.1,0.1,0.1,0.0,0.1,0.0,0.0,0.1,0.1,1213.0,144.0
India,"PLFS Year (Jul - Jun), 2017",Male,Urban,15 years and above,94,,9.0,6.7,4.8,7.3,5.2,6.2,8.9,10.4,7.5,7.0,85364.0,5033.0
India,"PLFS Year (Jul - Jun), 2017",Male,Urban,15 years and above,95,,6.7,2.7,1.3,1.0,0.4,0.3,0.3,0.3,0.5,1.6,19079.0,1071.0
India,"PLFS Year (Jul - Jun), 2017",Male,Urban,15 years and above,97,,4.7,3.2,1.5,1.3,0.7,0.6,0.8,0.7,0.9,1.7,20595.0,1251.0
India,"PLFS Year (Jul - Jun), 2017",Male,Urban,15 years and above,99,,0.0,0.0,0.0,0.0,0.0,0.0,0.0,0.0,0.0,0.0,0.0,0.0
India,"PLFS Year (Jul - Jun), 2017",Male,Urban,15 years and above,91-99,,22.1,16.8,21.5,34.1,43.3,20.6,19.5,15.1,29.7,25.5,312396.0,19784.0
India,"PLFS Year (Jul - Jun), 2017",Male,Urban,15 years and above,11-99,,100.0,100.0,100.0,100.0,100.0,100.0,100.0,100.0,100.0,100.0,1222792.0,73439.0
India,"PLFS Year (Jul - Jun), 2017",Male,Urban,15 years and above,"11,12,21",01-03,4.2,4.2,3.2,2.4,1.7,1.6,1.5,1.5,1.8,2.7,32437.0,2296.0
India,"PLFS Year (Jul - Jun), 2017",Male,Urban,15 years and above,"11,12,21",01-96,30.9,33.5,30.3,26.9,21.7,20.3,24.3,21.3,23.9,27.2,332318.0,20347.0
India,"PLFS Year (Jul - Jun), 2017",Male,Urban,15 years and above,"11,12,21",05-43,8.5,9.2,8.4,6.5,4.5,5.7,5.2,3.0,5.2,6.7,81762.0,4791.0
India,"PLFS Year (Jul - Jun), 2017",Male,Urban,15 years and above,"11,12,21",45-96,18.3,20.0,18.8,18.1,15.5,13.0,17.7,16.7,16.9,17.8,218119.0,13260.0
India,"PLFS Year (Jul - Jun), 2017",Male,Urban,all ages,"11,12",01-03,1.9,1.7,2.2,2.1,1.4,1.4,1.3,1.4,1.6,1.8,28203.0,1985.0
India,"PLFS Year (Jul - Jun), 2017",Male,Urban,all ages,"11,12",01-96,13.9,13.7,23.5,23.6,18.6,18.6,21.0,18.8,20.8,18.5,296424.0,18128.0
India,"PLFS Year (Jul - Jun), 2017",Male,Urban,all ages,"11,12",05-43,3.6,3.6,6.5,5.5,3.6,5.0,4.3,2.4,4.3,4.4,70998.0,4168.0
India,"PLFS Year (Jul - Jun), 2017",Male,Urban,all ages,"11,12",45-96,8.3,8.3,14.8,16.0,13.6,12.2,15.4,15.1,14.9,12.3,197223.0,11975.0
India,"PLFS Year (Jul - Jun), 2017",Male,Urban,all ages,21,01-03,0.1,0.1,0.6,0.3,0.4,0.2,0.1,0.2,0.3,0.3,4235.0,312.0
India,"PLFS Year (Jul - Jun), 2017",Male,Urban,all ages,21,01-96,0.9,1.1,3.0,3.2,3.1,1.7,3.3,2.5,3.1,2.3,36344.0,2235.0
India,"PLFS Year (Jul - Jun), 2017",Male,Urban,all ages,21,05-43,0.5,0.4,0.9,0.9,0.8,0.7,0.9,0.6,0.9,0.7,11000.0,628.0
India,"PLFS Year (Jul - Jun), 2017",Male,Urban,all ages,21,45-96,0.4,0.5,1.6,2.0,1.9,0.8,2.3,1.7,2.0,1.3,21109.0,1295.0
India,"PLFS Year (Jul - Jun), 2017",Male,Urban,all ages,31,01-03,0.1,0.1,0.2,0.1,0.2,0.3,0.3,0.2,0.2,0.2,2443.0,173.0
India,"PLFS Year (Jul - Jun), 2017",Male,Urban,all ages,31,01-99,8.9,11.1,25.4,27.5,26.6,46.1,45.7,56.0,36.3,24.2,387845.0,22364.0
India,"PLFS Year (Jul - Jun), 2017",Male,Urban,all ages,31,05-43,4.5,5.0,10.3,10.4,8.5,23.9,11.3,7.2,10.5,8.2,132049.0,6621.0
India,"PLFS Year (Jul - Jun), 2017",Male,Urban,all ages,31,45-99,4.3,5.9,15.0,17.1,18.0,21.9,34.2,48.7,25.7,15.8,253353.0,15570.0
India,"PLFS Year (Jul - Jun), 2017",Male,Urban,all ages,41,,0.1,0.1,0.1,0.1,0.1,0.0,0.0,0.0,0.1,0.1,1631.0,137.0
India,"PLFS Year (Jul - Jun), 2017",Male,Urban,all ages,51,01-03,1.3,1.0,0.9,0.5,0.1,0.1,0.0,0.0,0.2,0.7,10789.0,514.0
India,"PLFS Year (Jul - Jun), 2017",Male,Urban,all ages,51,01-99,12.7,9.4,12.4,7.4,3.1,3.3,1.0,0.3,3.5,7.9,126352.0,6674.0
India,"PLFS Year (Jul - Jun), 2017",Male,Urban,all ages,51,05-43,9.6,6.6,8.8,5.0,2.1,2.3,0.6,0.1,2.4,5.6,89643.0,4758.0
India,"PLFS Year (Jul - Jun), 2017",Male,Urban,all ages,51,45-99,1.9,1.8,2.8,1.9,0.9,0.9,0.3,0.2,1.0,1.6,25921.0,1402.0
India,"PLFS Year (Jul - Jun), 2017",Male,Urban,all ages,41 & 51,01-99,12.9,9.6,12.6,7.6,3.2,3.3,1.0,0.3,3.6,8.0,127984.0,6811.0
India,"PLFS Year (Jul - Jun), 2017",Male,Urban,all ages,11-51,01-03,3.4,3.0,3.8,2.9,2.0,2.0,1.7,1.7,2.2,2.8,45670.0,2984.0
India,"PLFS Year (Jul - Jun), 2017",Male,Urban,all ages,11-51,01-99,36.6,35.4,64.5,61.9,51.5,69.8,71.1,77.6,63.8,53.0,848596.0,49538.0
India,"PLFS Year (Jul - Jun), 2017",Male,Urban,all ages,11-51,05-43,18.4,15.8,26.5,22.0,15.1,31.9,17.1,10.3,18.1,19.1,305320.0,16312.0
India,"PLFS Year (Jul - Jun), 2017",Male,Urban,all ages,11-51,45-99,14.9,16.6,34.2,37.0,34.3,35.8,52.2,65.6,43.5,31.1,497606.0,30242.0
India,"PLFS Year (Jul - Jun), 2017",Male,Urban,all ages,81,,0.8,1.5,4.3,3.8,5.2,9.6,9.4,7.3,6.4,4.0,64370.0,4204.0
India,"PLFS Year (Jul - Jun), 2017",Male,Urban,all ages,11-81,,37.4,36.9,68.8,65.6,56.7,79.4,80.5,84.9,70.2,57.0,912966.0,53742.0
India,"PLFS Year (Jul - Jun), 2017",Male,Urban,all ages,UR,,2.3,3.9,6.2,5.8,9.2,12.1,11.7,8.6,9.2,7.1,,
India,"PLFS Year (Jul - Jun), 2017",Male,Urban,all ages,91,,7.2,54.3,23.7,24.1,36.4,13.0,9.1,3.4,20.3,27.2,436206.0,26479.0
India,"PLFS Year (Jul - Jun), 2017",Male,Urban,all ages,92,,0.8,0.8,0.8,0.6,0.5,0.3,0.4,0.3,0.4,0.6,10224.0,678.0
India,"PLFS Year (Jul - Jun), 2017",Male,Urban,all ages,93,,0.1,0.1,0.1,0.1,0.0,0.1,0.0,0.0,0.1,0.1,1434.0,155.0
India,"PLFS Year (Jul - Jun), 2017",Male,Urban,all ages,94,,4.4,3.0,4.2,7.3,5.2,6.2,8.9,10.4,7.5,5.3,85666.0,5047.0
India,"PLFS Year (Jul - Jun), 2017",Male,Urban,all ages,95,,3.5,1.2,1.1,1.0,0.4,0.3,0.3,0.3,0.5,1.3,20051.0,1122.0
India,"PLFS Year (Jul - Jun), 2017",Male,Urban,all ages,97,,4.5,1.8,1.3,1.3,0.7,0.6,0.8,0.7,0.9,1.7,27462.0,1515.0
India,"PLFS Year (Jul - Jun), 2017",Male,Urban,all ages,99,,42.0,2.1,0.0,0.0,0.0,0.0,0.0,0.0,0.0,6.8,108569.0,6143.0
India,"PLFS Year (Jul - Jun), 2017",Male,Urban,all ages,91-99,,62.6,63.1,31.2,34.4,43.3,20.6,19.5,15.1,29.8,43.0,689612.0,41139.0
India,"PLFS Year (Jul - Jun), 2017",Male,Urban,all ages,11-99,,100.0,100.0,100.0,100.0,100.0,100.0,100.0,100.0,100.0,100.0,1602577.0,94881.0
India,"PLFS Year (Jul - Jun), 2017",Male,Urban,all ages,"11,12,21",01-03,2.0,1.9,2.8,2.4,1.7,1.6,1.5,1.5,1.8,2.0,32439.0,2297.0
India,"PLFS Year (Jul - Jun), 2017",Male,Urban,all ages,"11,12,21",01-96,14.8,14.8,26.5,26.8,21.7,20.3,24.3,21.3,23.9,20.8,332767.0,20363.0
India,"PLFS Year (Jul - Jun), 2017",Male,Urban,all ages,"11,12,21",05-43,4.1,4.1,7.3,6.4,4.5,5.7,5.2,3.0,5.2,5.1,81997.0,4796.0
India,"PLFS Year (Jul - Jun), 2017",Male,Urban,all ages,"11,12,21",45-96,8.7,8.8,16.4,18.0,15.5,13.0,17.7,16.7,16.9,13.6,218332.0,13270.0
India,"PLFS Year (Jul - Jun), 2017",Female,Urban,15-29 years,"11,12",01-03,0.0,0.2,0.1,0.0,0.0,0.0,0.0,0.0,0.0,0.1,226.0,17.0
India,"PLFS Year (Jul - Jun), 2017",Female,Urban,15-29 years,"11,12",01-96,2.6,5.0,2.5,2.6,1.9,2.2,2.2,2.4,2.2,2.5,10944.0,599.0
India,"PLFS Year (Jul - Jun), 2017",Female,Urban,15-29 years,"11,12",05-43,2.2,3.9,2.0,2.1,0.9,0.8,0.3,0.1,1.0,1.5,6609.0,313.0
India,"PLFS Year (Jul - Jun), 2017",Female,Urban,15-29 years,"11,12",45-96,0.4,0.9,0.4,0.5,1.0,1.3,1.8,2.3,1.2,1.0,4108.0,269.0
India,"PLFS Year (Jul - Jun), 2017",Female,Urban,15-29 years,21,01-03,0.5,0.3,0.2,0.0,0.2,0.0,0.0,0.0,0.1,0.2,711.0,48.0
India,"PLFS Year (Jul - Jun), 2017",Female,Urban,15-29 years,21,01-96,4.1,3.4,1.7,0.9,0.7,0.0,0.5,2.1,0.8,1.4,6113.0,292.0
India,"PLFS Year (Jul - Jun), 2017",Female,Urban,15-29 years,21,05-43,3.3,2.5,1.1,0.4,0.3,0.0,0.3,0.2,0.3,0.8,3504.0,136.0
India,"PLFS Year (Jul - Jun), 2017",Female,Urban,15-29 years,21,45-96,0.3,0.7,0.3,0.4,0.3,0.0,0.2,1.9,0.4,0.4,1899.0,108.0
India,"PLFS Year (Jul - Jun), 2017",Female,Urban,15-29 years,31,01-03,0.0,0.0,0.0,0.0,0.0,0.0,0.0,0.0,0.0,0.0,42.0,6.0
India,"PLFS Year (Jul - Jun), 2017",Female,Urban,15-29 years,31,01-99,4.7,4.6,3.7,3.0,4.0,22.3,16.7,25.3,9.4,7.6,32454.0,1876.0
India,"PLFS Year (Jul - Jun), 2017",Female,Urban,15-29 years,31,05-43,0.7,0.7,1.2,0.9,0.8,1.4,1.5,1.7,1.1,1.1,4523.0,216.0
India,"PLFS Year (Jul - Jun), 2017",Female,Urban,15-29 years,31,45-99,4.0,3.9,2.5,2.1,3.2,20.9,15.2,23.7,8.3,6.5,27889.0,1654.0
India,"PLFS Year (Jul - Jun), 2017",Female,Urban,15-29 years,41,,0.0,1.2,0.0,0.0,0.0,0.0,0.0,0.0,0.0,0.1,506.0,10.0
India,"PLFS Year (Jul - Jun), 2017",Female,Urban,15-29 years,51,01-03,2.2,0.8,0.2,0.1,0.1,0.0,0.0,0.0,0.0,0.3,1127.0,44.0
India,"PLFS Year (Jul - Jun), 2017",Female,Urban,15-29 years,51,01-99,4.5,4.9,1.1,0.8,0.1,0.2,0.2,0.0,0.3,1.1,4832.0,188.0
India,"PLFS Year (Jul - Jun), 2017",Female,Urban,15-29 years,51,05-43,1.5,3.7,0.7,0.7,0.1,0.2,0.0,0.0,0.2,0.7,3092.0,113.0
India,"PLFS Year (Jul - Jun), 2017",Female,Urban,15-29 years,51,45-99,0.8,0.4,0.2,0.1,0.0,0.0,0.1,0.0,0.0,0.1,613.0,31.0
India,"PLFS Year (Jul - Jun), 2017",Female,Urban,15-29 years,41 & 51,01-99,4.5,6.1,1.1,0.8,0.1,0.2,0.2,0.0,0.3,1.2,5338.0,198.0
India,"PLFS Year (Jul - Jun), 2017",Female,Urban,15-29 years,11-51,01-03,2.7,1.3,0.5,0.1,0.3,0.0,0.1,0.0,0.2,0.5,2106.0,115.0
India,"PLFS Year (Jul - Jun), 2017",Female,Urban,15-29 years,11-51,01-99,15.9,19.2,8.9,7.4,6.7,24.7,19.6,29.9,12.8,12.8,54848.0,2965.0
India,"PLFS Year (Jul - Jun), 2017",Female,Urban,15-29 years,11-51,05-43,7.7,11.9,5.0,4.1,1.9,2.5,2.2,2.0,2.6,4.2,18233.0,788.0
India,"PLFS Year (Jul - Jun), 2017",Female,Urban,15-29 years,11-51,45-99,5.5,5.9,3.4,3.1,4.5,22.2,17.3,27.8,10.0,8.0,34510.0,2062.0
India,"PLFS Year (Jul - Jun), 2017",Female,Urban,15-29 years,81,,0.6,0.7,1.1,1.7,2.5,16.4,13.2,17.7,6.8,4.8,20452.0,1540.0
India,"PLFS Year (Jul - Jun), 2017",Female,Urban,15-29 years,11-81,,16.5,19.8,10.1,9.1,9.3,41.0,32.8,47.6,19.6,17.5,75300.0,4505.0
India,"PLFS Year (Jul - Jun), 2017",Female,Urban,15-29 years,UR,,3.8,3.3,11.2,19.2,27.4,39.9,40.2,37.2,34.7,27.2,,
India,"PLFS Year (Jul - Jun), 2017",Female,Urban,15-29 years,91,,0.0,7.2,34.0,52.6,58.5,28.9,24.7,12.9,43.2,35.7,153376.0,10026.0
India,"PLFS Year (Jul - Jun), 2017",Female,Urban,15-29 years,92,,73.3,64.4,49.7,34.9,29.7,28.2,40.0,38.2,34.6,42.5,182546.0,10123.0
India,"PLFS Year (Jul - Jun), 2017",Female,Urban,15-29 years,93,,6.4,7.1,5.8,2.9,2.2,1.8,2.2,1.2,2.3,3.6,15640.0,988.0
India,"PLFS Year (Jul - Jun), 2017",Female,Urban,15-29 years,94,,0.2,0.2,0.1,0.2,0.1,0.0,0.1,0.0,0.1,0.1,591.0,43.0
India,"PLFS Year (Jul - Jun), 2017",Female,Urban,15-29 years,95,,3.0,1.0,0.1,0.1,0.0,0.0,0.0,0.0,0.0,0.3,1346.0,75.0
India,"PLFS Year (Jul - Jun), 2017",Female,Urban,15-29 years,97,,0.5,0.3,0.2,0.2,0.2,0.0,0.2,0.1,0.2,0.2,927.0,99.0
India,"PLFS Year (Jul - Jun), 2017",Female,Urban,15-29 years,99,,0.0,0.0,0.0,0.0,0.0,0.0,0.0,0.0,0.0,0.0,0.0,0.0
India,"PLFS Year (Jul - Jun), 2017",Female,Urban,15-29 years,91-99,,83.5,80.2,89.9,90.9,90.7,59.0,67.2,52.4,80.4,82.5,354427.0,21354.0
India,"PLFS Year (Jul - Jun), 2017",Female,Urban,15-29 years,11-99,,100.0,100.0,100.0,100.0,100.0,100.0,100.0,100.0,100.0,100.0,429727.0,25859.0
India,"PLFS Year (Jul - Jun), 2017",Female,Urban,15-29 years,"11,12,21",01-03,0.5,0.5,0.4,0.1,0.2,0.0,0.0,0.0,0.1,0.2,937.0,65.0
India,"PLFS Year (Jul - Jun), 2017",Female,Urban,15-29 years,"11,12,21",01-96,6.7,8.5,4.1,3.5,2.6,2.2,2.7,4.5,3.1,4.0,17057.0,891.0
India,"PLFS Year (Jul - Jun), 2017",Female,Urban,15-29 years,"11,12,21",05-43,5.4,6.4,3.1,2.5,1.1,0.8,0.6,0.3,1.3,2.4,10113.0,449.0
India,"PLFS Year (Jul - Jun), 2017",Female,Urban,15-29 years,"11,12,21",45-96,0.8,1.6,0.7,0.9,1.3,1.3,2.1,4.2,1.6,1.4,6007.0,377.0
India,"PLFS Year (Jul - Jun), 2017",Female,Urban,15 years and above,"11,12",01-03,0.8,0.7,0.4,0.1,0.1,0.4,0.0,0.0,0.1,0.4,4437.0,314.0
India,"PLFS Year (Jul - Jun), 2017",Female,Urban,15 years and above,"11,12",01-96,5.0,6.2,4.4,3.7,2.9,5.4,3.4,3.3,3.4,4.3,51844.0,3115.0
India,"PLFS Year (Jul - Jun), 2017",Female,Urban,15 years and above,"11,12",05-43,2.3,3.5,2.6,2.4,1.4,2.3,0.6,0.2,1.4,2.1,25203.0,1329.0
India,"PLFS Year (Jul - Jun), 2017",Female,Urban,15 years and above,"11,12",45-96,2.0,2.0,1.4,1.1,1.4,2.7,2.8,3.0,1.9,1.8,22205.0,1472.0
India,"PLFS Year (Jul - Jun), 2017",Female,Urban,15 years and above,21,01-03,1.0,0.8,0.5,0.2,0.2,0.1,0.1,0.3,0.2,0.5,6112.0,394.0
India,"PLFS Year (Jul - Jun), 2017",Female,Urban,15 years and above,21,01-96,3.1,3.3,1.9,1.3,1.0,0.3,0.9,1.8,1.1,2.0,23993.0,1319.0
India,"PLFS Year (Jul - Jun), 2017",Female,Urban,15 years and above,21,05-43,1.1,1.4,0.8,0.5,0.3,0.0,0.3,0.2,0.4,0.8,9051.0,402.0
India,"PLFS Year (Jul - Jun), 2017",Female,Urban,15 years and above,21,45-96,0.9,1.0,0.6,0.6,0.4,0.1,0.5,1.4,0.6,0.7,8830.0,523.0
India,"PLFS Year (Jul - Jun), 2017",Female,Urban,15 years and above,31,01-03,0.0,0.2,0.0,0.0,0.0,0.0,0.0,0.0,0.0,0.0,449.0,33.0
India,"PLFS Year (Jul - Jun), 2017",Female,Urban,15 years and above,31,01-99,7.7,7.7,5.7,4.7,5.8,26.6,18.3,30.6,12.3,9.5,114015.0,6635.0
India,"PLFS Year (Jul - Jun), 2017",Female,Urban,15 years and above,31,05-43,1.1,1.8,1.6,1.1,0.9,2.1,1.4,1.2,1.2,1.3,16011.0,773.0
India,"PLFS Year (Jul - Jun), 2017",Female,Urban,15 years and above,31,45-99,6.6,5.8,4.1,3.6,4.9,24.5,16.8,29.3,11.1,8.1,97554.0,5829.0
India,"PLFS Year (Jul - Jun), 2017",Female,Urban,15 years and above,41,,0.1,0.6,0.2,0.1,0.0,0.1,0.0,0.0,0.0,0.2,1828.0,99.0
India,"PLFS Year (Jul - Jun), 2017",Female,Urban,15 years and above,51,01-03,2.2,1.2,0.4,0.2,0.1,0.2,0.0,0.0,0.1,0.7,8824.0,339.0
India,"PLFS Year (Jul - Jun), 2017",Female,Urban,15 years and above,51,01-99,5.8,4.0,1.5,0.9,0.2,0.5,0.1,0.0,0.4,2.2,26864.0,1120.0
India,"PLFS Year (Jul - Jun), 2017",Female,Urban,15 years and above,51,05-43,2.6,2.2,0.9,0.6,0.1,0.2,0.0,0.0,0.2,1.1,13657.0,549.0
India,"PLFS Year (Jul - Jun), 2017",Female,Urban,15 years and above,51,45-99,0.9,0.6,0.3,0.1,0.0,0.2,0.1,0.0,0.1,0.4,4382.0,232.0
India,"PLFS Year (Jul - Jun), 2017",Female,Urban,15 years and above,41 & 51,01-99,5.9,4.5,1.7,0.9,0.2,0.6,0.2,0.0,0.4,2.4,28692.0,1219.0
India,"PLFS Year (Jul - Jun), 2017",Female,Urban,15 years and above,11-51,01-03,4.1,2.8,1.3,0.5,0.4,0.7,0.2,0.3,0.3,1.6,19822.0,1080.0
India,"PLFS Year (Jul - Jun), 2017",Female,Urban,15 years and above,11-51,01-99,21.6,21.7,13.8,10.6,9.9,32.8,22.8,35.7,17.3,18.2,218543.0,12288.0
India,"PLFS Year (Jul - Jun), 2017",Female,Urban,15 years and above,11-51,05-43,7.2,9.5,6.1,4.7,2.8,4.6,2.5,1.6,3.2,5.5,65750.0,3152.0
India,"PLFS Year (Jul - Jun), 2017",Female,Urban,15 years and above,11-51,45-99,10.3,9.4,6.5,5.4,6.7,27.5,20.2,33.8,13.7,11.1,132971.0,8056.0
India,"PLFS Year (Jul - Jun), 2017",Female,Urban,15 years and above,81,,0.2,0.3,0.7,1.3,2.0,10.3,7.4,8.6,4.3,2.2,26327.0,2004.0
India,"PLFS Year (Jul - Jun), 2017",Female,Urban,15 years and above,11-81,,21.8,22.0,14.5,11.8,11.9,43.1,30.2,44.4,21.5,20.4,244870.0,14292.0
India,"PLFS Year (Jul - Jun), 2017",Female,Urban,15 years and above,UR,,0.8,1.3,5.1,10.6,17.2,23.9,24.4,19.5,19.8,10.8,,
India,"PLFS Year (Jul - Jun), 2017",Female,Urban,15 years and above,91,,0.2,1.7,13.3,24.8,36.4,14.7,11.9,5.4,21.9,12.9,155009.0,10134.0
India,"PLFS Year (Jul - Jun), 2017",Female,Urban,15 years and above,92,,54.3,62.5,62.5,54.9,46.2,32.0,51.8,44.3,49.8,54.9,660679.0,38732.0
India,"PLFS Year (Jul - Jun), 2017",Female,Urban,15 years and above,93,,5.5,5.7,5.5,4.2,3.3,2.7,2.9,2.4,3.3,4.5,54476.0,3827.0
India,"PLFS Year (Jul - Jun), 2017",Female,Urban,15 years and above,94,,10.1,5.3,3.1,3.4,1.8,6.8,2.8,3.3,2.9,4.8,57570.0,3484.0
India,"PLFS Year (Jul - Jun), 2017",Female,Urban,15 years and above,95,,3.2,1.2,0.6,0.2,0.1,0.0,0.1,0.1,0.1,1.0,12039.0,670.0
India,"PLFS Year (Jul - Jun), 2017",Female,Urban,15 years and above,97,,4.9,1.6,0.6,0.6,0.3,0.7,0.4,0.1,0.4,1.5,18444.0,1107.0
India,"PLFS Year (Jul - Jun), 2017",Female,Urban,15 years and above,99,,0.0,0.0,0.0,0.0,0.0,0.0,0.0,0.0,0.0,0.0,0.0,0.0
India,"PLFS Year (Jul - Jun), 2017",Female,Urban,15 years and above,91-99,,78.2,78.0,85.5,88.2,88.1,56.9,69.8,55.6,78.5,79.6,958218.0,57954.0
India,"PLFS Year (Jul - Jun), 2017",Female,Urban,15 years and above,11-99,,100.0,100.0,100.0,100.0,100.0,100.0,100.0,100.0,100.0,100.0,1203088.0,72246.0
India,"PLFS Year (Jul - Jun), 2017",Female,Urban,15 years and above,"11,12,21",01-03,1.8,1.5,0.9,0.3,0.3,0.5,0.1,0.3,0.3,0.9,10549.0,708.0
India,"PLFS Year (Jul - Jun), 2017",Female,Urban,15 years and above,"11,12,21",01-96,8.1,9.5,6.3,5.0,3.9,5.7,4.3,5.1,4.5,6.3,75837.0,4434.0
India,"PLFS Year (Jul - Jun), 2017",Female,Urban,15 years and above,"11,12,21",05-43,3.4,4.9,3.4,2.9,1.7,2.3,0.9,0.4,1.7,2.8,34254.0,1731.0
India,"PLFS Year (Jul - Jun), 2017",Female,Urban,15 years and above,"11,12,21",45-96,2.9,3.0,2.1,1.7,1.8,2.8,3.3,4.4,2.5,2.6,31035.0,1995.0
India,"PLFS Year (Jul - Jun), 2017",Female,Urban,all ages,"11,12",01-03,0.5,0.3,0.3,0.1,0.1,0.4,0.0,0.0,0.1,0.3,4437.0,314.0
India,"PLFS Year (Jul - Jun), 2017",Female,Urban,all ages,"11,12",01-96,3.4,2.9,3.9,3.6,2.9,5.4,3.4,3.3,3.4,3.4,51903.0,3118.0
India,"PLFS Year (Jul - Jun), 2017",Female,Urban,all ages,"11,12",05-43,1.5,1.7,2.3,2.4,1.4,2.3,0.6,0.2,1.4,1.6,25246.0,1331.0
India,"PLFS Year (Jul - Jun), 2017",Female,Urban,all ages,"11,12",45-96,1.3,0.9,1.2,1.1,1.4,2.7,2.8,3.0,1.9,1.4,22220.0,1473.0
India,"PLFS Year (Jul - Jun), 2017",Female,Urban,all ages,21,01-03,0.7,0.4,0.4,0.2,0.2,0.1,0.1,0.3,0.2,0.4,6112.0,394.0
India,"PLFS Year (Jul - Jun), 2017",Female,Urban,all ages,21,01-96,2.1,1.6,1.7,1.3,1.0,0.3,0.9,1.8,1.1,1.6,24120.0,1324.0
India,"PLFS Year (Jul - Jun), 2017",Female,Urban,all ages,21,05-43,0.8,0.7,0.7,0.5,0.3,0.0,0.3,0.2,0.4,0.6,9178.0,407.0
India,"PLFS Year (Jul - Jun), 2017",Female,Urban,all ages,21,45-96,0.6,0.5,0.6,0.6,0.4,0.1,0.5,1.4,0.6,0.6,8830.0,523.0
India,"PLFS Year (Jul - Jun), 2017",Female,Urban,all ages,31,01-03,0.0,0.1,0.0,0.0,0.0,0.0,0.0,0.0,0.0,0.0,449.0,33.0
India,"PLFS Year (Jul - Jun), 2017",Female,Urban,all ages,31,01-99,5.2,3.7,5.0,4.7,5.8,26.6,18.3,30.6,12.3,7.4,114084.0,6639.0
India,"PLFS Year (Jul - Jun), 2017",Female,Urban,all ages,31,05-43,0.7,0.9,1.4,1.1,0.9,2.1,1.4,1.2,1.2,1.0,16011.0,773.0
India,"PLFS Year (Jul - Jun), 2017",Female,Urban,all ages,31,45-99,4.5,2.7,3.6,3.6,4.9,24.5,16.8,29.3,11.1,6.3,97624.0,5833.0
India,"PLFS Year (Jul - Jun), 2017",Female,Urban,all ages,41,,0.1,0.3,0.1,0.1,0.0,0.1,0.0,0.0,0.0,0.1,1828.0,99.0
India,"PLFS Year (Jul - Jun), 2017",Female,Urban,all ages,51,01-03,1.5,0.6,0.3,0.2,0.1,0.2,0.0,0.0,0.1,0.6,8839.0,340.0
India,"PLFS Year (Jul - Jun), 2017",Female,Urban,all ages,51,01-99,3.9,1.9,1.4,0.9,0.2,0.5,0.1,0.0,0.4,1.7,26879.0,1121.0
India,"PLFS Year (Jul - Jun), 2017",Female,Urban,all ages,51,05-43,1.8,1.0,0.8,0.6,0.1,0.2,0.0,0.0,0.2,0.9,13657.0,549.0
India,"PLFS Year (Jul - Jun), 2017",Female,Urban,all ages,51,45-99,0.6,0.3,0.3,0.1,0.0,0.2,0.1,0.0,0.1,0.3,4382.0,232.0
India,"PLFS Year (Jul - Jun), 2017",Female,Urban,all ages,41 & 51,01-99,4.0,2.2,1.5,0.9,0.2,0.6,0.2,0.0,0.4,1.9,28707.0,1220.0
India,"PLFS Year (Jul - Jun), 2017",Female,Urban,all ages,11-51,01-03,2.8,1.4,1.1,0.5,0.4,0.7,0.2,0.3,0.3,1.3,19837.0,1081.0
India,"PLFS Year (Jul - Jun), 2017",Female,Urban,all ages,11-51,01-99,14.7,10.4,12.1,10.5,9.9,32.8,22.8,35.7,17.2,14.2,218814.0,12301.0
India,"PLFS Year (Jul - Jun), 2017",Female,Urban,all ages,11-51,05-43,4.9,4.6,5.3,4.7,2.8,4.6,2.5,1.6,3.2,4.3,65920.0,3159.0
India,"PLFS Year (Jul - Jun), 2017",Female,Urban,all ages,11-51,45-99,7.0,4.5,5.7,5.4,6.7,27.5,20.2,33.8,13.7,8.6,133056.0,8061.0
India,"PLFS Year (Jul - Jun), 2017",Female,Urban,all ages,81,,0.1,0.2,0.7,1.3,2.0,10.3,7.4,8.6,4.3,1.7,26490.0,2011.0
India,"PLFS Year (Jul - Jun), 2017",Female,Urban,all ages,11-81,,14.8,10.5,12.7,11.8,11.9,43.1,30.2,44.4,21.5,15.9,245304.0,14312.0
India,"PLFS Year (Jul - Jun), 2017",Female,Urban,all ages,UR,,0.8,1.6,5.1,10.7,17.2,23.9,24.4,19.5,19.8,10.8,,
India,"PLFS Year (Jul - Jun), 2017",Female,Urban,all ages,91,,4.2,50.3,23.7,25.2,36.4,14.7,11.9,5.4,22.0,24.8,382789.0,23304.0
India,"PLFS Year (Jul - Jun), 2017",Female,Urban,all ages,92,,37.4,30.4,55.0,54.6,46.2,32.0,51.8,44.3,49.8,43.0,665362.0,38930.0
India,"PLFS Year (Jul - Jun), 2017",Female,Urban,all ages,93,,3.9,2.8,4.9,4.2,3.3,2.7,2.9,2.4,3.3,3.6,55186.0,3852.0
India,"PLFS Year (Jul - Jun), 2017",Female,Urban,all ages,94,,7.0,2.6,2.7,3.4,1.8,6.8,2.8,3.3,2.9,3.7,57810.0,3494.0
India,"PLFS Year (Jul - Jun), 2017",Female,Urban,all ages,95,,2.3,0.6,0.5,0.2,0.1,0.0,0.1,0.1,0.1,0.8,12646.0,702.0
India,"PLFS Year (Jul - Jun), 2017",Female,Urban,all ages,97,,4.7,1.0,0.5,0.6,0.3,0.7,0.4,0.1,0.4,1.6,24436.0,1352.0
India,"PLFS Year (Jul - Jun), 2017",Female,Urban,all ages,99,,25.9,1.8,0.0,0.0,0.0,0.0,0.0,0.0,0.0,6.6,102155.0,5703.0
India,"PLFS Year (Jul - Jun), 2017",Female,Urban,all ages,91-99,,85.2,89.5,87.3,88.2,88.1,56.9,69.8,55.6,78.5,84.1,1300383.0,77337.0
India,"PLFS Year (Jul - Jun), 2017",Female,Urban,all ages,11-99,,100.0,100.0,100.0,100.0,100.0,100.0,100.0,100.0,100.0,100.0,1545686.0,91649.0
India,"PLFS Year (Jul - Jun), 2017",Female,Urban,all ages,"11,12,21",01-03,1.2,0.7,0.8,0.3,0.3,0.5,0.1,0.3,0.3,0.7,10549.0,708.0
India,"PLFS Year (Jul - Jun), 2017",Female,Urban,all ages,"11,12,21",01-96,5.5,4.5,5.6,4.9,3.9,5.7,4.3,5.1,4.5,4.9,76023.0,4442.0
India,"PLFS Year (Jul - Jun), 2017",Female,Urban,all ages,"11,12,21",05-43,2.3,2.4,3.0,2.9,1.7,2.3,0.9,0.4,1.7,2.2,34424.0,1738.0
India,"PLFS Year (Jul - Jun), 2017",Female,Urban,all ages,"11,12,21",45-96,1.9,1.4,1.8,1.7,1.8,2.8,3.3,4.4,2.5,2.0,31050.0,1996.0
India,"PLFS Year (Jul - Jun), 2017",Persons,Urban,15-29 years,"11,12",01-03,0.4,0.4,0.3,0.2,0.1,0.2,0.2,0.0,0.1,0.2,1877.0,146.0
India,"PLFS Year (Jul - Jun), 2017",Persons,Urban,15-29 years,"11,12",01-96,8.8,9.9,6.2,4.9,4.1,4.3,5.0,4.1,4.6,5.6,49480.0,2950.0
India,"PLFS Year (Jul - Jun), 2017",Persons,Urban,15-29 years,"11,12",05-43,3.5,4.0,2.4,2.0,1.1,0.9,1.0,0.5,1.3,1.9,16527.0,870.0
India,"PLFS Year (Jul - Jun), 2017",Persons,Urban,15-29 years,"11,12",45-96,4.9,5.5,3.5,2.7,2.9,3.1,3.9,3.6,3.1,3.5,31076.0,1934.0
India,"PLFS Year (Jul - Jun), 2017",Persons,Urban,15-29 years,21,01-03,0.4,0.6,0.7,0.2,0.3,0.3,0.1,0.0,0.2,0.4,3275.0,239.0
India,"PLFS Year (Jul - Jun), 2017",Persons,Urban,15-29 years,21,01-96,5.2,4.8,3.9,2.8,2.3,2.1,2.8,3.3,2.6,3.2,28320.0,1667.0
India,"PLFS Year (Jul - Jun), 2017",Persons,Urban,15-29 years,21,05-43,3.4,2.2,1.4,0.9,0.7,0.9,0.7,0.7,0.8,1.2,10308.0,532.0
India,"PLFS Year (Jul - Jun), 2017",Persons,Urban,15-29 years,21,45-96,1.3,2.0,1.7,1.7,1.3,1.0,1.9,2.5,1.6,1.7,14738.0,896.0
India,"PLFS Year (Jul - Jun), 2017",Persons,Urban,15-29 years,31,01-03,0.1,0.2,0.0,0.0,0.0,0.1,0.1,0.1,0.0,0.1,504.0,37.0
India,"PLFS Year (Jul - Jun), 2017",Persons,Urban,15-29 years,31,01-99,14.6,19.4,14.4,12.2,10.3,32.2,27.5,34.0,17.7,17.0,150262.0,8281.0
India,"PLFS Year (Jul - Jun), 2017",Persons,Urban,15-29 years,31,05-43,7.6,8.1,6.0,4.9,3.3,12.6,5.5,3.2,4.6,5.4,47466.0,2317.0
India,"PLFS Year (Jul - Jun), 2017",Persons,Urban,15-29 years,31,45-99,7.0,11.1,8.3,7.3,7.0,19.5,21.9,30.7,13.0,11.6,102292.0,5927.0
India,"PLFS Year (Jul - Jun), 2017",Persons,Urban,15-29 years,41,,0.1,0.7,0.1,0.1,0.0,0.0,0.0,0.0,0.0,0.1,1055.0,51.0
India,"PLFS Year (Jul - Jun), 2017",Persons,Urban,15-29 years,51,01-03,2.0,0.8,0.5,0.2,0.1,0.0,0.0,0.0,0.1,0.3,2763.0,120.0
India,"PLFS Year (Jul - Jun), 2017",Persons,Urban,15-29 years,51,01-99,14.3,14.1,7.4,3.5,1.2,2.4,0.7,0.1,1.7,4.6,40945.0,2064.0
India,"PLFS Year (Jul - Jun), 2017",Persons,Urban,15-29 years,51,05-43,10.2,11.2,5.3,2.6,0.8,1.6,0.4,0.0,1.2,3.4,30109.0,1509.0
India,"PLFS Year (Jul - Jun), 2017",Persons,Urban,15-29 years,51,45-99,2.0,2.2,1.6,0.7,0.4,0.8,0.3,0.1,0.4,0.9,8073.0,435.0
India,"PLFS Year (Jul - Jun), 2017",Persons,Urban,15-29 years,41 & 51,01-99,14.4,14.9,7.5,3.5,1.3,2.4,0.7,0.1,1.8,4.8,41999.0,2115.0
India,"PLFS Year (Jul - Jun), 2017",Persons,Urban,15-29 years,11-51,01-03,3.0,1.9,1.5,0.6,0.6,0.6,0.4,0.1,0.5,1.0,8419.0,542.0
India,"PLFS Year (Jul - Jun), 2017",Persons,Urban,15-29 years,11-51,01-99,43.0,49.0,32.0,23.5,17.9,41.0,36.1,41.5,26.6,30.6,270062.0,15013.0
India,"PLFS Year (Jul - Jun), 2017",Persons,Urban,15-29 years,11-51,05-43,24.9,26.2,15.3,10.5,5.8,15.9,7.7,4.4,7.9,12.0,105463.0,5279.0
India,"PLFS Year (Jul - Jun), 2017",Persons,Urban,15-29 years,11-51,45-99,15.1,20.8,15.2,12.4,11.5,24.4,28.0,37.0,18.2,17.7,156179.0,9192.0
India,"PLFS Year (Jul - Jun), 2017",Persons,Urban,15-29 years,81,,2.8,4.8,5.5,4.4,5.1,18.0,17.3,20.0,9.5,7.9,70016.0,4824.0
India,"PLFS Year (Jul - Jun), 2017",Persons,Urban,15-29 years,11-81,,45.7,53.8,37.5,27.9,23.0,59.0,53.4,61.5,36.1,38.5,340077.0,19837.0
India,"PLFS Year (Jul - Jun), 2017",Persons,Urban,15-29 years,UR,,6.1,9.0,14.7,15.8,22.0,30.6,32.5,32.5,26.3,20.6,,
India,"PLFS Year (Jul - Jun), 2017",Persons,Urban,15-29 years,91,,0.2,9.6,34.1,53.5,61.0,30.9,24.7,13.4,45.2,37.4,330276.0,21674.0
India,"PLFS Year (Jul - Jun), 2017",Persons,Urban,15-29 years,92,,43.1,30.2,24.4,16.6,14.5,9.3,20.1,24.3,17.0,21.0,185073.0,10308.0
India,"PLFS Year (Jul - Jun), 2017",Persons,Urban,15-29 years,93,,4.0,3.4,2.8,1.4,1.0,0.6,1.1,0.8,1.1,1.8,15935.0,1026.0
India,"PLFS Year (Jul - Jun), 2017",Persons,Urban,15-29 years,94,,0.2,0.5,0.1,0.2,0.1,0.0,0.4,0.0,0.2,0.2,1697.0,80.0
India,"PLFS Year (Jul - Jun), 2017",Persons,Urban,15-29 years,95,,5.1,1.1,0.3,0.3,0.1,0.0,0.0,0.0,0.1,0.5,4269.0,240.0
India,"PLFS Year (Jul - Jun), 2017",Persons,Urban,15-29 years,97,,1.6,1.6,0.7,0.3,0.3,0.2,0.3,0.1,0.3,0.6,4878.0,327.0
India,"PLFS Year (Jul - Jun), 2017",Persons,Urban,15-29 years,99,,0.0,0.0,0.0,0.0,0.0,0.0,0.0,0.0,0.0,0.0,0.0,0.0
India,"PLFS Year (Jul - Jun), 2017",Persons,Urban,15-29 years,91-99,,54.3,46.2,62.5,72.1,77.0,41.0,46.6,38.5,63.9,61.5,542128.0,33655.0
India,"PLFS Year (Jul - Jun), 2017",Persons,Urban,15-29 years,11-99,,100.0,100.0,100.0,100.0,100.0,100.0,100.0,100.0,100.0,100.0,882206.0,53492.0
India,"PLFS Year (Jul - Jun), 2017",Persons,Urban,15-29 years,"11,12,21",01-03,0.9,1.0,1.0,0.4,0.5,0.5,0.3,0.1,0.4,0.6,5152.0,385.0
India,"PLFS Year (Jul - Jun), 2017",Persons,Urban,15-29 years,"11,12,21",01-96,13.9,14.7,10.1,7.7,6.3,6.4,7.8,7.4,7.2,8.8,77800.0,4617.0
India,"PLFS Year (Jul - Jun), 2017",Persons,Urban,15-29 years,"11,12,21",05-43,6.9,6.2,3.8,3.0,1.7,1.8,1.7,1.2,2.1,3.0,26834.0,1402.0
India,"PLFS Year (Jul - Jun), 2017",Persons,Urban,15-29 years,"11,12,21",45-96,6.2,7.5,5.3,4.4,4.1,4.1,5.8,6.1,4.8,5.2,45814.0,2830.0
India,"PLFS Year (Jul - Jun), 2017",Persons,Urban,15 years and above,"11,12",01-03,1.8,2.3,1.5,1.2,0.8,1.1,0.8,0.7,0.9,1.3,32638.0,2298.0
India,"PLFS Year (Jul - Jun), 2017",Persons,Urban,15 years and above,"11,12",01-96,12.5,18.5,16.2,14.6,11.3,15.0,13.4,11.2,13.0,14.4,348142.0,21236.0
India,"PLFS Year (Jul - Jun), 2017",Persons,Urban,15 years and above,"11,12",05-43,4.0,5.9,5.1,4.1,2.6,4.3,2.7,1.3,3.0,4.0,96184.0,5496.0
India,"PLFS Year (Jul - Jun), 2017",Persons,Urban,15 years and above,"11,12",45-96,6.8,10.3,9.6,9.3,8.0,9.6,9.9,9.2,9.1,9.0,219320.0,13442.0
India,"PLFS Year (Jul - Jun), 2017",Persons,Urban,15 years and above,21,01-03,0.8,0.6,0.6,0.2,0.3,0.2,0.1,0.2,0.2,0.4,10348.0,706.0
India,"PLFS Year (Jul - Jun), 2017",Persons,Urban,15 years and above,21,01-96,2.7,2.9,2.7,2.4,2.1,1.3,2.3,2.2,2.2,2.5,60013.0,3545.0
India,"PLFS Year (Jul - Jun), 2017",Persons,Urban,15 years and above,21,05-43,1.0,1.2,0.9,0.7,0.6,0.5,0.7,0.4,0.6,0.8,19832.0,1026.0
India,"PLFS Year (Jul - Jun), 2017",Persons,Urban,15 years and above,21,45-96,0.9,1.1,1.3,1.4,1.2,0.6,1.5,1.5,1.4,1.2,29834.0,1813.0
India,"PLFS Year (Jul - Jun), 2017",Persons,Urban,15 years and above,31,01-03,0.1,0.2,0.1,0.1,0.1,0.2,0.2,0.1,0.1,0.1,2892.0,206.0
India,"PLFS Year (Jul - Jun), 2017",Persons,Urban,15 years and above,31,01-99,11.0,16.4,18.0,17.2,17.0,40.7,33.9,43.5,25.7,20.7,501366.0,28980.0
India,"PLFS Year (Jul - Jun), 2017",Persons,Urban,15 years and above,31,05-43,3.7,6.6,6.9,6.2,5.0,17.9,7.0,4.2,6.4,6.1,147867.0,7389.0
India,"PLFS Year (Jul - Jun), 2017",Persons,Urban,15 years and above,31,45-99,7.3,9.5,10.9,11.0,11.9,22.6,26.7,39.2,19.2,14.5,350606.0,21385.0
India,"PLFS Year (Jul - Jun), 2017",Persons,Urban,15 years and above,41,,0.2,0.4,0.2,0.1,0.0,0.0,0.0,0.0,0.1,0.1,3460.0,236.0
India,"PLFS Year (Jul - Jun), 2017",Persons,Urban,15 years and above,51,01-03,2.4,1.7,0.7,0.3,0.1,0.1,0.0,0.0,0.1,0.8,19530.0,852.0
India,"PLFS Year (Jul - Jun), 2017",Persons,Urban,15 years and above,51,01-99,12.3,12.6,8.2,4.5,1.8,2.6,0.6,0.1,2.1,6.3,152807.0,7777.0
India,"PLFS Year (Jul - Jun), 2017",Persons,Urban,15 years and above,51,05-43,8.1,8.6,5.7,3.0,1.2,1.7,0.4,0.0,1.4,4.2,103004.0,5292.0
India,"PLFS Year (Jul - Jun), 2017",Persons,Urban,15 years and above,51,45-99,1.8,2.3,1.8,1.1,0.5,0.7,0.2,0.1,0.6,1.2,30272.0,1633.0
India,"PLFS Year (Jul - Jun), 2017",Persons,Urban,15 years and above,41 & 51,01-99,12.4,13.0,8.4,4.6,1.8,2.6,0.7,0.1,2.2,6.4,156266.0,8013.0
India,"PLFS Year (Jul - Jun), 2017",Persons,Urban,15 years and above,11-51,01-03,5.0,4.8,2.9,1.8,1.3,1.7,1.1,1.0,1.4,2.7,65408.0,4062.0
India,"PLFS Year (Jul - Jun), 2017",Persons,Urban,15 years and above,11-51,01-99,38.7,50.7,45.3,38.8,32.3,59.6,50.2,57.1,43.1,43.9,1065787.0,61774.0
India,"PLFS Year (Jul - Jun), 2017",Persons,Urban,15 years and above,11-51,05-43,16.9,22.6,18.8,14.2,9.4,24.4,10.8,6.0,11.5,15.3,370347.0,19439.0
India,"PLFS Year (Jul - Jun), 2017",Persons,Urban,15 years and above,11-51,45-99,16.8,23.3,23.6,22.8,21.6,33.5,38.4,50.0,30.3,26.0,630032.0,38273.0
India,"PLFS Year (Jul - Jun), 2017",Persons,Urban,15 years and above,81,,0.6,1.6,2.8,2.6,3.7,9.8,8.5,8.0,5.5,3.7,89479.0,6173.0
India,"PLFS Year (Jul - Jun), 2017",Persons,Urban,15 years and above,11-81,,39.3,52.3,48.1,41.4,36.1,69.5,58.8,65.0,48.6,47.6,1155267.0,67947.0
India,"PLFS Year (Jul - Jun), 2017",Persons,Urban,15 years and above,UR,,1.6,3.1,5.9,6.4,10.4,14.1,14.5,12.3,11.3,7.7,,
India,"PLFS Year (Jul - Jun), 2017",Persons,Urban,15 years and above,91,,0.2,2.4,13.1,24.3,36.4,13.5,10.3,4.4,21.0,13.7,332732.0,21839.0
India,"PLFS Year (Jul - Jun), 2017",Persons,Urban,15 years and above,92,,37.7,32.1,30.1,25.1,21.5,9.0,22.6,21.9,22.5,27.6,669101.0,39312.0
India,"PLFS Year (Jul - Jun), 2017",Persons,Urban,15 years and above,93,,3.9,2.9,2.7,2.0,1.5,0.8,1.3,1.2,1.5,2.3,55689.0,3971.0
India,"PLFS Year (Jul - Jun), 2017",Persons,Urban,15 years and above,94,,9.8,6.0,4.0,5.6,3.7,6.4,6.3,6.9,5.4,5.9,142934.0,8517.0
India,"PLFS Year (Jul - Jun), 2017",Persons,Urban,15 years and above,95,,4.3,1.9,0.9,0.6,0.3,0.2,0.2,0.2,0.4,1.3,31118.0,1741.0
India,"PLFS Year (Jul - Jun), 2017",Persons,Urban,15 years and above,97,,4.8,2.4,1.0,1.0,0.5,0.7,0.6,0.4,0.7,1.6,39039.0,2358.0
India,"PLFS Year (Jul - Jun), 2017",Persons,Urban,15 years and above,99,,0.0,0.0,0.0,0.0,0.0,0.0,0.0,0.0,0.0,0.0,0.0,0.0
India,"PLFS Year (Jul - Jun), 2017",Persons,Urban,15 years and above,91-99,,60.7,47.7,51.9,58.6,63.9,30.5,41.2,35.0,51.4,52.4,1270614.0,77738.0
India,"PLFS Year (Jul - Jun), 2017",Persons,Urban,15 years and above,11-99,,100.0,100.0,100.0,100.0,100.0,100.0,100.0,100.0,100.0,100.0,2425880.0,145685.0
India,"PLFS Year (Jul - Jun), 2017",Persons,Urban,15 years and above,"11,12,21",01-03,2.6,2.9,2.1,1.4,1.1,1.3,0.9,0.9,1.1,1.8,42986.0,3004.0
India,"PLFS Year (Jul - Jun), 2017",Persons,Urban,15 years and above,"11,12,21",01-96,15.2,21.4,18.9,17.0,13.5,16.3,15.7,13.4,15.3,16.8,408155.0,24781.0
India,"PLFS Year (Jul - Jun), 2017",Persons,Urban,15 years and above,"11,12,21",05-43,5.0,7.0,6.0,4.9,3.2,4.8,3.3,1.7,3.6,4.8,116016.0,6522.0
India,"PLFS Year (Jul - Jun), 2017",Persons,Urban,15 years and above,"11,12,21",45-96,7.7,11.5,10.8,10.7,9.2,10.2,11.5,10.7,10.5,10.3,249153.0,15255.0
India,"PLFS Year (Jul - Jun), 2017",Persons,Urban,all ages,"11,12",01-03,1.1,1.0,1.3,1.2,0.8,1.1,0.8,0.7,0.9,1.0,32640.0,2299.0
India,"PLFS Year (Jul - Jun), 2017",Persons,Urban,all ages,"11,12",01-96,7.5,8.5,14.2,14.5,11.3,15.0,13.4,11.2,13.0,11.1,348326.0,21246.0
India,"PLFS Year (Jul - Jun), 2017",Persons,Urban,all ages,"11,12",05-43,2.4,2.7,4.5,4.1,2.6,4.3,2.7,1.3,3.0,3.1,96244.0,5499.0
India,"PLFS Year (Jul - Jun), 2017",Persons,Urban,all ages,"11,12",45-96,4.1,4.7,8.4,9.3,8.0,9.6,9.9,9.2,9.1,7.0,219443.0,13448.0
India,"PLFS Year (Jul - Jun), 2017",Persons,Urban,all ages,21,01-03,0.5,0.3,0.5,0.2,0.3,0.2,0.1,0.2,0.2,0.3,10348.0,706.0
India,"PLFS Year (Jul - Jun), 2017",Persons,Urban,all ages,21,01-96,1.6,1.3,2.4,2.3,2.1,1.3,2.3,2.2,2.2,1.9,60464.0,3559.0
India,"PLFS Year (Jul - Jun), 2017",Persons,Urban,all ages,21,05-43,0.7,0.6,0.8,0.7,0.6,0.5,0.7,0.4,0.6,0.6,20178.0,1035.0
India,"PLFS Year (Jul - Jun), 2017",Persons,Urban,all ages,21,45-96,0.5,0.5,1.1,1.4,1.2,0.6,1.5,1.5,1.4,1.0,29939.0,1818.0
India,"PLFS Year (Jul - Jun), 2017",Persons,Urban,all ages,31,01-03,0.0,0.1,0.1,0.1,0.1,0.2,0.2,0.1,0.1,0.1,2892.0,206.0
India,"PLFS Year (Jul - Jun), 2017",Persons,Urban,all ages,31,01-99,6.7,7.5,15.7,17.2,17.0,40.7,33.9,43.5,25.6,15.9,501929.0,29003.0
India,"PLFS Year (Jul - Jun), 2017",Persons,Urban,all ages,31,05-43,2.2,3.0,6.1,6.2,5.0,17.9,7.0,4.2,6.3,4.7,148060.0,7394.0
India,"PLFS Year (Jul - Jun), 2017",Persons,Urban,all ages,31,45-99,4.4,4.4,9.6,10.9,11.9,22.6,26.7,39.2,19.2,11.1,350977.0,21403.0
India,"PLFS Year (Jul - Jun), 2017",Persons,Urban,all ages,41,,0.1,0.2,0.1,0.1,0.0,0.0,0.0,0.0,0.1,0.1,3460.0,236.0
India,"PLFS Year (Jul - Jun), 2017",Persons,Urban,all ages,51,01-03,1.4,0.8,0.6,0.3,0.1,0.1,0.0,0.0,0.1,0.6,19628.0,854.0
India,"PLFS Year (Jul - Jun), 2017",Persons,Urban,all ages,51,01-99,7.4,5.8,7.2,4.5,1.8,2.6,0.6,0.1,2.1,4.9,153231.0,7795.0
India,"PLFS Year (Jul - Jun), 2017",Persons,Urban,all ages,51,05-43,4.9,3.9,5.0,3.0,1.2,1.7,0.4,0.0,1.4,3.3,103300.0,5307.0
India,"PLFS Year (Jul - Jun), 2017",Persons,Urban,all ages,51,45-99,1.1,1.1,1.6,1.1,0.5,0.7,0.2,0.1,0.6,1.0,30303.0,1634.0
India,"PLFS Year (Jul - Jun), 2017",Persons,Urban,all ages,41 & 51,01-99,7.5,6.0,7.3,4.6,1.8,2.6,0.7,0.1,2.2,5.0,156691.0,8031.0
India,"PLFS Year (Jul - Jun), 2017",Persons,Urban,all ages,11-51,01-03,3.0,2.2,2.5,1.8,1.3,1.7,1.1,1.0,1.4,2.1,65507.0,4065.0
India,"PLFS Year (Jul - Jun), 2017",Persons,Urban,all ages,11-51,01-99,23.3,23.3,39.7,38.6,32.3,59.6,50.2,57.1,43.0,33.9,1067410.0,61839.0
India,"PLFS Year (Jul - Jun), 2017",Persons,Urban,all ages,11-51,05-43,10.2,10.4,16.5,14.1,9.4,24.4,10.8,6.0,11.4,11.8,371240.0,19471.0
India,"PLFS Year (Jul - Jun), 2017",Persons,Urban,all ages,11-51,45-99,10.1,10.7,20.7,22.7,21.6,33.5,38.4,50.0,30.2,20.0,630662.0,38303.0
India,"PLFS Year (Jul - Jun), 2017",Persons,Urban,all ages,81,,0.4,0.8,2.6,2.6,3.7,9.8,8.5,8.0,5.5,2.9,90860.0,6215.0
India,"PLFS Year (Jul - Jun), 2017",Persons,Urban,all ages,11-81,,23.7,24.1,42.2,41.3,36.1,69.4,58.8,65.0,48.5,36.8,1158269.0,68054.0
India,"PLFS Year (Jul - Jun), 2017",Persons,Urban,all ages,UR,,1.7,3.5,6.0,6.4,10.4,14.1,14.5,12.3,11.3,7.8,,
India,"PLFS Year (Jul - Jun), 2017",Persons,Urban,all ages,91,,5.4,52.4,23.7,24.6,36.4,13.5,10.3,4.4,21.1,26.0,818995.0,49783.0
India,"PLFS Year (Jul - Jun), 2017",Persons,Urban,all ages,92,,23.0,15.1,26.5,25.0,21.5,9.0,22.6,21.9,22.4,21.5,675586.0,39608.0
India,"PLFS Year (Jul - Jun), 2017",Persons,Urban,all ages,93,,2.4,1.4,2.4,2.0,1.5,0.8,1.3,1.2,1.5,1.8,56620.0,4007.0
India,"PLFS Year (Jul - Jun), 2017",Persons,Urban,all ages,94,,5.9,2.8,3.5,5.5,3.7,6.4,6.3,6.9,5.4,4.6,143476.0,8541.0
India,"PLFS Year (Jul - Jun), 2017",Persons,Urban,all ages,95,,2.8,0.9,0.8,0.6,0.3,0.2,0.2,0.2,0.4,1.0,32696.0,1824.0
India,"PLFS Year (Jul - Jun), 2017",Persons,Urban,all ages,97,,4.6,1.4,0.9,1.0,0.5,0.7,0.6,0.4,0.7,1.6,51898.0,2867.0
India,"PLFS Year (Jul - Jun), 2017",Persons,Urban,all ages,99,,32.2,1.9,0.0,0.0,0.0,0.0,0.0,0.0,0.0,6.7,210724.0,11846.0
India,"PLFS Year (Jul - Jun), 2017",Persons,Urban,all ages,91-99,,76.3,75.9,57.8,58.7,63.9,30.6,41.2,35.0,51.5,63.2,1989994.0,118476.0
India,"PLFS Year (Jul - Jun), 2017",Persons,Urban,all ages,11-99,,100.0,100.0,100.0,100.0,100.0,100.0,100.0,100.0,100.0,100.0,3148263.0,186530.0
India,"PLFS Year (Jul - Jun), 2017",Persons,Urban,all ages,"11,12,21",01-03,1.5,1.3,1.8,1.4,1.1,1.3,0.9,0.9,1.1,1.4,42987.0,3005.0
India,"PLFS Year (Jul - Jun), 2017",Persons,Urban,all ages,"11,12,21",01-96,9.2,9.8,16.6,16.9,13.5,16.3,15.7,13.4,15.2,13.0,408790.0,24805.0
India,"PLFS Year (Jul - Jun), 2017",Persons,Urban,all ages,"11,12,21",05-43,3.0,3.2,5.3,4.8,3.2,4.8,3.3,1.7,3.6,3.7,116421.0,6534.0
India,"PLFS Year (Jul - Jun), 2017",Persons,Urban,all ages,"11,12,21",45-96,4.6,5.2,9.5,10.6,9.2,10.2,11.5,10.7,10.5,7.9,249382.0,15266.0
India,"PLFS Year (Jul - Jun), 2017",Male,Rural + Urban,15-29 years,"11,12",01-03,8.7,7.4,4.4,2.7,2.6,1.3,3.1,2.2,2.6,4.0,60660.0,2025.0
India,"PLFS Year (Jul - Jun), 2017",Male,Rural + Urban,15-29 years,"11,12",01-96,17.1,15.2,10.9,7.8,7.3,7.7,10.3,7.8,8.1,10.1,154145.0,6352.0
India,"PLFS Year (Jul - Jun), 2017",Male,Rural + Urban,15-29 years,"11,12",05-43,2.5,2.6,1.8,1.5,1.2,1.5,1.3,0.7,1.3,1.7,25378.0,1140.0
India,"PLFS Year (Jul - Jun), 2017",Male,Rural + Urban,15-29 years,"11,12",45-96,5.9,5.3,4.7,3.6,3.5,4.9,5.9,4.9,4.1,4.5,68108.0,3187.0
India,"PLFS Year (Jul - Jun), 2017",Male,Rural + Urban,15-29 years,21,01-03,10.4,11.0,9.8,6.1,5.7,3.0,5.6,4.4,5.7,7.7,116534.0,4144.0
India,"PLFS Year (Jul - Jun), 2017",Male,Rural + Urban,15-29 years,21,01-96,12.7,13.4,12.3,7.9,7.6,4.6,8.9,7.7,7.8,9.9,151249.0,5840.0
India,"PLFS Year (Jul - Jun), 2017",Male,Rural + Urban,15-29 years,21,05-43,1.1,1.0,0.9,0.6,0.6,0.8,0.8,0.9,0.7,0.8,11679.0,570.0
India,"PLFS Year (Jul - Jun), 2017",Male,Rural + Urban,15-29 years,21,45-96,1.1,1.5,1.6,1.2,1.3,0.8,2.5,2.4,1.5,1.5,23037.0,1126.0
India,"PLFS Year (Jul - Jun), 2017",Male,Rural + Urban,15-29 years,31,01-03,0.5,0.3,0.3,0.1,0.2,0.1,0.1,0.1,0.1,0.2,3292.0,126.0
India,"PLFS Year (Jul - Jun), 2017",Male,Rural + Urban,15-29 years,31,01-99,10.7,14.1,11.7,11.2,11.4,28.6,27.6,42.6,16.1,14.4,218830.0,10100.0
India,"PLFS Year (Jul - Jun), 2017",Male,Rural + Urban,15-29 years,31,05-43,5.5,6.3,4.7,4.5,3.9,14.6,6.7,5.1,5.1,5.2,78608.0,3306.0
India,"PLFS Year (Jul - Jun), 2017",Male,Rural + Urban,15-29 years,31,45-99,4.7,7.4,6.6,6.7,7.3,13.9,20.8,37.5,10.8,9.0,136930.0,6668.0
India,"PLFS Year (Jul - Jun), 2017",Male,Rural + Urban,15-29 years,41,,0.3,0.4,0.3,0.3,0.1,0.1,0.0,0.2,0.1,0.2,3348.0,134.0
India,"PLFS Year (Jul - Jun), 2017",Male,Rural + Urban,15-29 years,51,01-03,12.9,9.2,5.0,2.2,1.6,0.6,0.4,0.1,1.5,4.0,60099.0,1603.0
India,"PLFS Year (Jul - Jun), 2017",Male,Rural + Urban,15-29 years,51,01-99,36.4,31.7,17.4,9.0,5.2,4.7,2.0,1.1,5.9,13.6,207009.0,6781.0
India,"PLFS Year (Jul - Jun), 2017",Male,Rural + Urban,15-29 years,51,05-43,21.1,20.1,10.7,5.8,3.0,3.2,1.2,0.5,3.7,8.4,127573.0,4396.0
India,"PLFS Year (Jul - Jun), 2017",Male,Rural + Urban,15-29 years,51,45-99,2.4,2.5,1.7,1.0,0.6,1.0,0.4,0.5,0.7,1.3,19338.0,782.0
India,"PLFS Year (Jul - Jun), 2017",Male,Rural + Urban,15-29 years,41 & 51,01-99,36.8,32.2,17.7,9.3,5.2,4.8,2.0,1.2,6.0,13.8,210357.0,6915.0
India,"PLFS Year (Jul - Jun), 2017",Male,Rural + Urban,15-29 years,11-51,01-03,32.7,27.9,19.5,11.1,10.0,5.0,9.2,6.8,10.0,15.8,240583.0,7898.0
India,"PLFS Year (Jul - Jun), 2017",Male,Rural + Urban,15-29 years,11-51,01-99,77.3,74.9,52.6,36.2,31.4,45.8,48.8,59.4,38.0,48.3,734582.0,29207.0
India,"PLFS Year (Jul - Jun), 2017",Male,Rural + Urban,15-29 years,11-51,05-43,30.6,30.4,18.4,12.7,8.7,20.2,10.1,7.3,10.9,16.2,246586.0,9546.0
India,"PLFS Year (Jul - Jun), 2017",Male,Rural + Urban,15-29 years,11-51,45-99,14.1,16.7,14.6,12.4,12.7,20.5,29.5,45.3,17.2,16.3,247412.0,11763.0
India,"PLFS Year (Jul - Jun), 2017",Male,Rural + Urban,15-29 years,81,,9.2,8.1,9.0,6.3,8.0,25.7,24.3,26.6,11.7,10.4,158795.0,7211.0
India,"PLFS Year (Jul - Jun), 2017",Male,Rural + Urban,15-29 years,11-81,,86.6,83.0,61.6,42.5,39.4,71.4,73.1,86.0,49.7,58.8,893377.0,36418.0
India,"PLFS Year (Jul - Jun), 2017",Male,Rural + Urban,15-29 years,UR,,10.7,9.8,14.7,14.7,20.3,35.9,33.2,30.9,23.5,17.8,,
India,"PLFS Year (Jul - Jun), 2017",Male,Rural + Urban,15-29 years,91,,0.4,11.7,35.6,56.1,59.4,27.3,25.5,13.5,49.0,38.5,584934.0,27447.0
India,"PLFS Year (Jul - Jun), 2017",Male,Rural + Urban,15-29 years,92,,1.7,1.2,0.7,0.5,0.4,0.5,0.5,0.3,0.5,0.7,10271.0,412.0
India,"PLFS Year (Jul - Jun), 2017",Male,Rural + Urban,15-29 years,93,,1.4,0.7,0.5,0.2,0.1,0.0,0.0,0.1,0.1,0.4,5660.0,173.0
India,"PLFS Year (Jul - Jun), 2017",Male,Rural + Urban,15-29 years,94,,0.5,0.5,0.2,0.1,0.2,0.0,0.4,0.1,0.2,0.2,3731.0,97.0
India,"PLFS Year (Jul - Jun), 2017",Male,Rural + Urban,15-29 years,95,,6.8,1.1,0.6,0.3,0.1,0.3,0.1,0.1,0.2,0.7,11264.0,412.0
India,"PLFS Year (Jul - Jun), 2017",Male,Rural + Urban,15-29 years,97,,2.7,1.6,0.8,0.4,0.4,0.4,0.3,0.0,0.4,0.7,11370.0,510.0
India,"PLFS Year (Jul - Jun), 2017",Male,Rural + Urban,15-29 years,99,,0.0,0.0,0.0,0.0,0.0,0.0,0.0,0.0,0.0,0.0,0.0,0.0
India,"PLFS Year (Jul - Jun), 2017",Male,Rural + Urban,15-29 years,91-99,,13.4,17.0,38.4,57.5,60.6,28.6,26.9,14.0,50.3,41.2,627230.0,29051.0
India,"PLFS Year (Jul - Jun), 2017",Male,Rural + Urban,15-29 years,11-99,,100.0,100.0,100.0,100.0,100.0,100.0,100.0,100.0,100.0,100.0,1520607.0,65469.0
India,"PLFS Year (Jul - Jun), 2017",Male,Rural + Urban,15-29 years,"11,12,21",01-03,19.2,18.3,14.2,8.8,8.3,4.3,8.7,6.6,8.3,11.7,177193.0,6169.0
India,"PLFS Year (Jul - Jun), 2017",Male,Rural + Urban,15-29 years,"11,12,21",01-96,29.8,28.6,23.2,15.7,14.8,12.3,19.2,15.5,15.9,20.1,305394.0,12192.0
India,"PLFS Year (Jul - Jun), 2017",Male,Rural + Urban,15-29 years,"11,12,21",05-43,3.7,3.5,2.7,2.1,1.7,2.3,2.1,1.6,2.0,2.4,37056.0,1710.0
India,"PLFS Year (Jul - Jun), 2017",Male,Rural + Urban,15-29 years,"11,12,21",45-96,7.0,6.8,6.3,4.8,4.8,5.7,8.4,7.3,5.6,6.0,91145.0,4313.0
India,"PLFS Year (Jul - Jun), 2017",Male,Rural + Urban,15 years and above,"11,12",01-03,30.3,23.6,17.2,13.2,9.8,3.9,6.9,4.8,9.9,17.6,705682.0,23990.0
India,"PLFS Year (Jul - Jun), 2017",Male,Rural + Urban,15 years and above,"11,12",01-96,40.3,39.6,32.2,27.4,22.0,18.7,22.9,19.4,24.0,31.5,1261201.0,50655.0
India,"PLFS Year (Jul - Jun), 2017",Male,Rural + Urban,15 years and above,"11,12",05-43,3.0,5.2,4.4,3.8,2.8,4.5,3.1,1.8,3.2,3.8,151567.0,7186.0
India,"PLFS Year (Jul - Jun), 2017",Male,Rural + Urban,15 years and above,"11,12",45-96,7.0,10.9,10.7,10.4,9.4,10.3,12.9,12.7,10.8,10.1,403953.0,19479.0
India,"PLFS Year (Jul - Jun), 2017",Male,Rural + Urban,15 years and above,21,01-03,2.6,4.3,6.3,4.8,4.9,2.1,3.5,2.1,4.3,4.4,176796.0,6184.0
India,"PLFS Year (Jul - Jun), 2017",Male,Rural + Urban,15 years and above,21,01-96,3.0,5.3,7.8,6.2,6.6,3.2,6.0,3.9,6.0,5.7,229780.0,8798.0
India,"PLFS Year (Jul - Jun), 2017",Male,Rural + Urban,15 years and above,21,05-43,0.2,0.4,0.5,0.4,0.5,0.5,0.7,0.5,0.5,0.4,17261.0,848.0
India,"PLFS Year (Jul - Jun), 2017",Male,Rural + Urban,15 years and above,21,45-96,0.2,0.6,1.0,1.0,1.2,0.5,1.8,1.3,1.2,0.9,35723.0,1766.0
India,"PLFS Year (Jul - Jun), 2017",Male,Rural + Urban,15 years and above,31,01-03,0.5,0.4,0.4,0.1,0.3,0.2,0.2,0.2,0.2,0.3,13853.0,625.0
India,"PLFS Year (Jul - Jun), 2017",Male,Rural + Urban,15 years and above,31,01-99,5.2,11.2,14.5,16.4,18.5,38.3,37.9,53.0,25.0,16.7,667234.0,33527.0
India,"PLFS Year (Jul - Jun), 2017",Male,Rural + Urban,15 years and above,31,05-43,2.3,4.8,5.5,5.7,5.6,19.4,8.2,5.8,6.7,5.3,212377.0,9523.0
India,"PLFS Year (Jul - Jun), 2017",Male,Rural + Urban,15 years and above,31,45-99,2.5,5.9,8.6,10.6,12.7,18.7,29.4,47.0,18.1,11.0,441004.0,23379.0
India,"PLFS Year (Jul - Jun), 2017",Male,Rural + Urban,15 years and above,41,,0.7,0.4,0.3,0.4,0.1,0.1,0.0,0.1,0.2,0.3,13487.0,538.0
India,"PLFS Year (Jul - Jun), 2017",Male,Rural + Urban,15 years and above,51,01-03,13.7,9.8,5.7,3.0,1.9,0.6,0.5,0.2,1.8,6.2,250142.0,6545.0
India,"PLFS Year (Jul - Jun), 2017",Male,Rural + Urban,15 years and above,51,01-99,29.1,27.3,18.6,11.0,6.1,4.9,2.0,0.6,6.7,17.0,679545.0,22208.0
India,"PLFS Year (Jul - Jun), 2017",Male,Rural + Urban,15 years and above,51,05-43,13.8,15.3,11.1,6.7,3.5,3.3,1.1,0.2,4.0,9.3,372948.0,13216.0
India,"PLFS Year (Jul - Jun), 2017",Male,Rural + Urban,15 years and above,51,45-99,1.5,2.2,1.8,1.3,0.8,1.0,0.4,0.2,0.9,1.4,56456.0,2447.0
India,"PLFS Year (Jul - Jun), 2017",Male,Rural + Urban,15 years and above,41 & 51,01-99,29.8,27.7,18.9,11.3,6.3,4.9,2.1,0.7,6.8,17.3,693033.0,22746.0
India,"PLFS Year (Jul - Jun), 2017",Male,Rural + Urban,15 years and above,11-51,01-03,47.2,38.1,29.6,21.1,16.9,6.7,11.1,7.2,16.2,28.6,1146473.0,37344.0
India,"PLFS Year (Jul - Jun), 2017",Male,Rural + Urban,15 years and above,11-51,01-99,78.3,83.8,73.4,61.4,53.3,65.1,68.8,76.9,61.8,71.2,2851249.0,115726.0
India,"PLFS Year (Jul - Jun), 2017",Male,Rural + Urban,15 years and above,11-51,05-43,20.0,26.1,21.7,17.0,12.4,27.8,13.1,8.5,14.6,19.2,767640.0,31311.0
India,"PLFS Year (Jul - Jun), 2017",Male,Rural + Urban,15 years and above,11-51,45-99,11.1,19.6,22.1,23.2,24.1,30.6,44.6,61.3,31.0,23.4,937136.0,47071.0
India,"PLFS Year (Jul - Jun), 2017",Male,Rural + Urban,15 years and above,81,,1.4,2.8,4.5,3.7,5.5,15.0,11.8,8.9,6.8,4.6,185304.0,8535.0
India,"PLFS Year (Jul - Jun), 2017",Male,Rural + Urban,15 years and above,11-81,,79.8,86.6,78.0,65.1,58.9,80.1,80.6,85.9,68.6,75.8,3036553.0,124261.0
India,"PLFS Year (Jul - Jun), 2017",Male,Rural + Urban,15 years and above,UR,,1.8,3.2,5.8,5.7,9.4,18.8,14.7,10.4,9.9,6.1,,
India,"PLFS Year (Jul - Jun), 2017",Male,Rural + Urban,15 years and above,91,,0.1,3.2,15.7,28.7,36.7,14.2,11.3,3.8,25.0,14.6,586942.0,27536.0
India,"PLFS Year (Jul - Jun), 2017",Male,Rural + Urban,15 years and above,92,,1.0,0.8,0.6,0.4,0.4,0.4,0.4,0.2,0.4,0.6,24253.0,1111.0
India,"PLFS Year (Jul - Jun), 2017",Male,Rural + Urban,15 years and above,93,,0.5,0.4,0.3,0.2,0.1,0.1,0.0,0.0,0.1,0.3,11680.0,473.0
India,"PLFS Year (Jul - Jun), 2017",Male,Rural + Urban,15 years and above,94,,9.0,4.6,3.3,4.2,3.1,4.0,6.5,8.5,4.7,5.2,206679.0,8791.0
India,"PLFS Year (Jul - Jun), 2017",Male,Rural + Urban,15 years and above,95,,4.5,2.1,1.1,0.7,0.3,0.6,0.4,0.5,0.5,1.6,65161.0,2580.0
India,"PLFS Year (Jul - Jun), 2017",Male,Rural + Urban,15 years and above,97,,5.1,2.3,1.1,0.7,0.6,0.5,0.7,1.0,0.7,1.9,75191.0,2868.0
India,"PLFS Year (Jul - Jun), 2017",Male,Rural + Urban,15 years and above,99,,0.0,0.0,0.0,0.0,0.0,0.0,0.0,0.0,0.0,0.0,0.0,0.0
India,"PLFS Year (Jul - Jun), 2017",Male,Rural + Urban,15 years and above,91-99,,20.2,13.4,22.0,34.9,41.1,19.9,19.4,14.1,31.4,24.2,969907.0,43359.0
India,"PLFS Year (Jul - Jun), 2017",Male,Rural + Urban,15 years and above,11-99,,100.0,100.0,100.0,100.0,100.0,100.0,100.0,100.0,100.0,100.0,4006459.0,167620.0
India,"PLFS Year (Jul - Jun), 2017",Male,Rural + Urban,15 years and above,"11,12,21",01-03,32.9,27.9,23.4,18.0,14.7,6.0,10.4,6.9,14.2,22.0,882478.0,30174.0
India,"PLFS Year (Jul - Jun), 2017",Male,Rural + Urban,15 years and above,"11,12,21",01-96,43.3,45.0,40.0,33.6,28.5,21.9,28.9,23.3,29.9,37.2,1490982.0,59453.0
India,"PLFS Year (Jul - Jun), 2017",Male,Rural + Urban,15 years and above,"11,12,21",05-43,3.3,5.6,4.9,4.2,3.3,5.1,3.7,2.3,3.8,4.2,168828.0,8034.0
India,"PLFS Year (Jul - Jun), 2017",Male,Rural + Urban,15 years and above,"11,12,21",45-96,7.2,11.5,11.7,11.4,10.6,10.9,14.7,14.1,12.0,11.0,439675.0,21245.0
India,"PLFS Year (Jul - Jun), 2017",Male,Rural + Urban,all ages,"11,12",01-03,17.8,10.5,15.1,13.2,9.8,3.9,6.9,4.8,9.9,12.9,706013.0,23997.0
India,"PLFS Year (Jul - Jun), 2017",Male,Rural + Urban,all ages,"11,12",01-96,23.6,17.7,28.3,27.3,22.0,18.7,22.9,19.4,23.9,23.0,1261983.0,50673.0
India,"PLFS Year (Jul - Jun), 2017",Male,Rural + Urban,all ages,"11,12",05-43,1.8,2.3,3.8,3.8,2.8,4.5,3.1,1.8,3.2,2.8,151598.0,7189.0
India,"PLFS Year (Jul - Jun), 2017",Male,Rural + Urban,all ages,"11,12",45-96,4.1,4.9,9.4,10.4,9.4,10.3,12.9,12.7,10.8,7.4,404372.0,19487.0
India,"PLFS Year (Jul - Jun), 2017",Male,Rural + Urban,all ages,21,01-03,1.6,2.0,5.5,4.8,4.9,2.1,3.5,2.1,4.3,3.3,179728.0,6262.0
India,"PLFS Year (Jul - Jun), 2017",Male,Rural + Urban,all ages,21,01-96,1.9,2.5,6.9,6.2,6.6,3.2,6.0,3.9,6.0,4.3,233824.0,8896.0
India,"PLFS Year (Jul - Jun), 2017",Male,Rural + Urban,all ages,21,05-43,0.1,0.2,0.4,0.4,0.5,0.5,0.7,0.5,0.5,0.3,17754.0,857.0
India,"PLFS Year (Jul - Jun), 2017",Male,Rural + Urban,all ages,21,45-96,0.1,0.3,0.9,1.0,1.2,0.5,1.8,1.3,1.2,0.7,36342.0,1777.0
India,"PLFS Year (Jul - Jun), 2017",Male,Rural + Urban,all ages,31,01-03,0.3,0.2,0.4,0.1,0.3,0.2,0.2,0.2,0.2,0.3,13999.0,626.0
India,"PLFS Year (Jul - Jun), 2017",Male,Rural + Urban,all ages,31,01-99,3.1,5.0,12.7,16.3,18.5,38.3,37.9,53.0,25.0,12.2,668796.0,33565.0
India,"PLFS Year (Jul - Jun), 2017",Male,Rural + Urban,all ages,31,05-43,1.3,2.2,4.8,5.6,5.6,19.4,8.2,5.8,6.7,3.9,212896.0,9534.0
India,"PLFS Year (Jul - Jun), 2017",Male,Rural + Urban,all ages,31,45-99,1.4,2.7,7.6,10.5,12.7,18.7,29.4,47.0,18.0,8.0,441901.0,23405.0
India,"PLFS Year (Jul - Jun), 2017",Male,Rural + Urban,all ages,41,,0.4,0.2,0.3,0.4,0.1,0.1,0.0,0.1,0.2,0.2,13487.0,538.0
India,"PLFS Year (Jul - Jun), 2017",Male,Rural + Urban,all ages,51,01-03,8.1,4.4,5.0,3.0,1.9,0.6,0.5,0.2,1.8,4.6,251169.0,6559.0
India,"PLFS Year (Jul - Jun), 2017",Male,Rural + Urban,all ages,51,01-99,17.1,12.2,16.3,11.0,6.1,4.9,2.0,0.6,6.7,12.4,681689.0,22252.0
India,"PLFS Year (Jul - Jun), 2017",Male,Rural + Urban,all ages,51,05-43,8.2,6.9,9.7,6.7,3.5,3.3,1.1,0.2,4.0,6.8,373896.0,13242.0
India,"PLFS Year (Jul - Jun), 2017",Male,Rural + Urban,all ages,51,45-99,0.9,1.0,1.6,1.3,0.8,1.0,0.4,0.2,0.9,1.0,56624.0,2451.0
India,"PLFS Year (Jul - Jun), 2017",Male,Rural + Urban,all ages,41 & 51,01-99,17.5,12.4,16.6,11.3,6.3,4.9,2.1,0.7,6.8,12.7,695177.0,22790.0
India,"PLFS Year (Jul - Jun), 2017",Male,Rural + Urban,all ages,11-51,01-03,27.8,17.1,26.0,21.0,16.9,6.7,11.1,7.2,16.2,21.0,1150909.0,37444.0
India,"PLFS Year (Jul - Jun), 2017",Male,Rural + Urban,all ages,11-51,01-99,46.2,37.7,64.5,61.1,53.3,65.1,68.8,76.9,61.7,52.1,2859780.0,115924.0
India,"PLFS Year (Jul - Jun), 2017",Male,Rural + Urban,all ages,11-51,05-43,11.8,11.7,19.1,16.9,12.4,27.8,13.1,8.5,14.6,14.0,769632.0,31360.0
India,"PLFS Year (Jul - Jun), 2017",Male,Rural + Urban,all ages,11-51,45-99,6.5,8.8,19.4,23.2,24.1,30.6,44.6,61.3,30.9,17.1,939240.0,47120.0
India,"PLFS Year (Jul - Jun), 2017",Male,Rural + Urban,all ages,81,,0.9,1.4,4.1,3.7,5.5,15.0,11.8,8.9,6.8,3.4,188897.0,8618.0
India,"PLFS Year (Jul - Jun), 2017",Male,Rural + Urban,all ages,11-81,,47.1,39.0,68.5,64.8,58.9,80.1,80.6,85.9,68.5,55.5,3048677.0,124542.0
India,"PLFS Year (Jul - Jun), 2017",Male,Rural + Urban,all ages,UR,,1.9,3.5,5.9,5.7,9.4,18.8,14.7,10.4,9.9,6.2,,
India,"PLFS Year (Jul - Jun), 2017",Male,Rural + Urban,all ages,91,,5.2,54.2,25.8,28.9,36.7,14.2,11.3,3.8,25.1,28.6,1571391.0,64442.0
India,"PLFS Year (Jul - Jun), 2017",Male,Rural + Urban,all ages,92,,0.8,0.6,0.6,0.4,0.4,0.4,0.4,0.2,0.4,0.6,31422.0,1327.0
India,"PLFS Year (Jul - Jun), 2017",Male,Rural + Urban,all ages,93,,0.4,0.2,0.3,0.2,0.1,0.1,0.0,0.0,0.1,0.2,13574.0,508.0
India,"PLFS Year (Jul - Jun), 2017",Male,Rural + Urban,all ages,94,,5.5,2.1,2.9,4.2,3.1,4.0,6.5,8.5,4.7,3.8,209286.0,8849.0
India,"PLFS Year (Jul - Jun), 2017",Male,Rural + Urban,all ages,95,,2.9,1.0,0.9,0.6,0.3,0.6,0.4,0.5,0.5,1.3,68914.0,2690.0
India,"PLFS Year (Jul - Jun), 2017",Male,Rural + Urban,all ages,97,,5.6,1.3,1.0,0.8,0.6,0.5,0.7,1.0,0.7,2.1,112719.0,3671.0
India,"PLFS Year (Jul - Jun), 2017",Male,Rural + Urban,all ages,99,,32.6,1.6,0.0,0.0,0.0,0.0,0.0,0.0,0.0,7.9,436626.0,15769.0
India,"PLFS Year (Jul - Jun), 2017",Male,Rural + Urban,all ages,91-99,,52.9,61.0,31.5,35.2,41.1,19.9,19.4,14.1,31.5,44.5,2443932.0,97256.0
India,"PLFS Year (Jul - Jun), 2017",Male,Rural + Urban,all ages,11-99,,100.0,100.0,100.0,100.0,100.0,100.0,100.0,100.0,100.0,100.0,5492608.0,221798.0
India,"PLFS Year (Jul - Jun), 2017",Male,Rural + Urban,all ages,"11,12,21",01-03,19.4,12.5,20.6,17.9,14.7,6.0,10.4,6.9,14.1,16.1,885741.0,30259.0
India,"PLFS Year (Jul - Jun), 2017",Male,Rural + Urban,all ages,"11,12,21",01-96,25.5,20.2,35.1,33.5,28.5,21.9,28.9,23.3,29.9,27.2,1495807.0,59569.0
India,"PLFS Year (Jul - Jun), 2017",Male,Rural + Urban,all ages,"11,12,21",05-43,1.9,2.5,4.3,4.2,3.3,5.1,3.7,2.3,3.7,3.1,169352.0,8046.0
India,"PLFS Year (Jul - Jun), 2017",Male,Rural + Urban,all ages,"11,12,21",45-96,4.2,5.2,10.3,11.3,10.6,10.9,14.7,14.1,12.0,8.0,440714.0,21264.0
India,"PLFS Year (Jul - Jun), 2017",Female,Rural + Urban,15-29 years,"11,12",01-03,1.3,1.3,0.7,0.3,0.2,0.1,0.2,0.1,0.2,0.6,8724.0,310.0
India,"PLFS Year (Jul - Jun), 2017",Female,Rural + Urban,15-29 years,"11,12",01-96,2.7,3.5,2.3,1.8,1.7,2.5,2.6,2.7,2.0,2.4,33775.0,1389.0
India,"PLFS Year (Jul - Jun), 2017",Female,Rural + Urban,15-29 years,"11,12",05-43,1.3,1.9,1.5,1.3,0.9,1.1,0.6,0.3,0.9,1.2,17805.0,683.0
India,"PLFS Year (Jul - Jun), 2017",Female,Rural + Urban,15-29 years,"11,12",45-96,0.1,0.2,0.2,0.2,0.6,1.3,1.9,2.3,0.8,0.5,7246.0,396.0
India,"PLFS Year (Jul - Jun), 2017",Female,Rural + Urban,15-29 years,21,01-03,9.1,5.5,3.8,2.5,2.2,1.5,1.0,0.7,2.0,3.7,53030.0,1821.0
India,"PLFS Year (Jul - Jun), 2017",Female,Rural + Urban,15-29 years,21,01-96,10.3,6.6,4.8,3.0,2.6,2.5,1.6,2.1,2.5,4.5,64399.0,2248.0
India,"PLFS Year (Jul - Jun), 2017",Female,Rural + Urban,15-29 years,21,05-43,0.7,0.6,0.6,0.3,0.2,0.3,0.3,0.1,0.2,0.4,6385.0,226.0
India,"PLFS Year (Jul - Jun), 2017",Female,Rural + Urban,15-29 years,21,45-96,0.5,0.4,0.3,0.2,0.2,0.8,0.3,1.3,0.3,0.3,4984.0,201.0
India,"PLFS Year (Jul - Jun), 2017",Female,Rural + Urban,15-29 years,31,01-03,0.4,0.2,0.0,0.0,0.0,0.0,0.0,0.0,0.0,0.1,1181.0,41.0
India,"PLFS Year (Jul - Jun), 2017",Female,Rural + Urban,15-29 years,31,01-99,1.2,1.5,1.3,1.8,2.6,19.4,11.7,21.7,5.4,3.4,48503.0,2672.0
India,"PLFS Year (Jul - Jun), 2017",Female,Rural + Urban,15-29 years,31,05-43,0.1,0.3,0.4,0.6,0.4,1.3,0.9,1.1,0.7,0.5,7058.0,322.0
India,"PLFS Year (Jul - Jun), 2017",Female,Rural + Urban,15-29 years,31,45-99,0.7,1.0,0.9,1.2,2.1,18.1,10.7,20.6,4.8,2.8,40264.0,2309.0
India,"PLFS Year (Jul - Jun), 2017",Female,Rural + Urban,15-29 years,41,,0.5,0.4,0.1,0.1,0.0,0.2,0.0,0.2,0.1,0.2,2602.0,78.0
India,"PLFS Year (Jul - Jun), 2017",Female,Rural + Urban,15-29 years,51,01-03,6.7,4.2,2.1,1.2,0.4,0.1,0.2,0.0,0.6,2.2,30997.0,720.0
India,"PLFS Year (Jul - Jun), 2017",Female,Rural + Urban,15-29 years,51,01-99,8.8,6.2,3.0,1.6,0.5,0.2,0.3,0.1,0.9,3.0,42928.0,1050.0
India,"PLFS Year (Jul - Jun), 2017",Female,Rural + Urban,15-29 years,51,05-43,1.9,1.7,0.7,0.4,0.1,0.1,0.0,0.0,0.2,0.7,10454.0,274.0
India,"PLFS Year (Jul - Jun), 2017",Female,Rural + Urban,15-29 years,51,45-99,0.2,0.3,0.1,0.1,0.0,0.0,0.1,0.1,0.0,0.1,1477.0,56.0
India,"PLFS Year (Jul - Jun), 2017",Female,Rural + Urban,15-29 years,41 & 51,01-99,9.3,6.6,3.1,1.8,0.6,0.3,0.3,0.2,0.9,3.2,45530.0,1128.0
India,"PLFS Year (Jul - Jun), 2017",Female,Rural + Urban,15-29 years,11-51,01-03,17.5,11.2,6.6,4.0,2.8,1.7,1.3,0.8,2.8,6.6,93933.0,2892.0
India,"PLFS Year (Jul - Jun), 2017",Female,Rural + Urban,15-29 years,11-51,01-99,23.5,18.2,11.6,8.3,7.5,24.8,16.1,26.7,10.9,13.5,192208.0,7437.0
India,"PLFS Year (Jul - Jun), 2017",Female,Rural + Urban,15-29 years,11-51,05-43,4.6,5.0,3.4,2.7,1.6,2.9,1.9,1.8,2.1,3.1,44304.0,1583.0
India,"PLFS Year (Jul - Jun), 2017",Female,Rural + Urban,15-29 years,11-51,45-99,1.5,1.9,1.5,1.7,3.0,20.2,12.9,24.2,5.9,3.8,53971.0,2962.0
India,"PLFS Year (Jul - Jun), 2017",Female,Rural + Urban,15-29 years,81,,0.1,0.4,1.0,1.2,2.4,18.8,12.4,20.2,5.2,2.9,42013.0,2560.0
India,"PLFS Year (Jul - Jun), 2017",Female,Rural + Urban,15-29 years,11-81,,23.7,18.6,12.6,9.6,9.9,43.6,28.6,47.0,16.1,16.4,234221.0,9997.0
India,"PLFS Year (Jul - Jun), 2017",Female,Rural + Urban,15-29 years,UR,,0.5,2.1,8.3,12.8,24.7,43.2,43.5,43.1,32.5,17.9,,
India,"PLFS Year (Jul - Jun), 2017",Female,Rural + Urban,15-29 years,91,,0.3,8.9,30.7,49.4,51.8,26.7,23.5,12.7,42.7,30.3,432493.0,21020.0
India,"PLFS Year (Jul - Jun), 2017",Female,Rural + Urban,15-29 years,92,,51.3,49.7,43.8,32.4,32.2,26.1,40.6,36.6,34.1,40.6,579274.0,22539.0
India,"PLFS Year (Jul - Jun), 2017",Female,Rural + Urban,15-29 years,93,,21.3,21.6,12.3,8.0,5.7,2.6,6.7,3.6,6.6,11.7,167321.0,5465.0
India,"PLFS Year (Jul - Jun), 2017",Female,Rural + Urban,15-29 years,94,,1.0,0.4,0.3,0.2,0.2,0.0,0.3,0.0,0.2,0.4,5185.0,181.0
India,"PLFS Year (Jul - Jun), 2017",Female,Rural + Urban,15-29 years,95,,1.6,0.5,0.2,0.1,0.0,0.0,0.0,0.0,0.1,0.3,4538.0,197.0
India,"PLFS Year (Jul - Jun), 2017",Female,Rural + Urban,15-29 years,97,,0.9,0.4,0.2,0.3,0.2,1.0,0.4,0.0,0.2,0.3,4541.0,241.0
India,"PLFS Year (Jul - Jun), 2017",Female,Rural + Urban,15-29 years,99,,0.0,0.0,0.0,0.0,0.0,0.0,0.0,0.0,0.0,0.0,0.0,0.0
India,"PLFS Year (Jul - Jun), 2017",Female,Rural + Urban,15-29 years,91-99,,76.3,81.4,87.4,90.4,90.1,56.4,71.4,53.0,83.9,83.6,1193353.0,49643.0
India,"PLFS Year (Jul - Jun), 2017",Female,Rural + Urban,15-29 years,11-99,,100.0,100.0,100.0,100.0,100.0,100.0,100.0,100.0,100.0,100.0,1427574.0,59640.0
India,"PLFS Year (Jul - Jun), 2017",Female,Rural + Urban,15-29 years,"11,12,21",01-03,10.4,6.9,4.5,2.7,2.4,1.6,1.1,0.8,2.2,4.3,61754.0,2131.0
India,"PLFS Year (Jul - Jun), 2017",Female,Rural + Urban,15-29 years,"11,12,21",01-96,13.0,10.1,7.1,4.7,4.3,5.0,4.2,4.8,4.5,6.9,98174.0,3637.0
India,"PLFS Year (Jul - Jun), 2017",Female,Rural + Urban,15-29 years,"11,12,21",05-43,2.0,2.6,2.1,1.5,1.1,1.4,0.9,0.5,1.2,1.7,24191.0,909.0
India,"PLFS Year (Jul - Jun), 2017",Female,Rural + Urban,15-29 years,"11,12,21",45-96,0.6,0.6,0.6,0.5,0.8,2.1,2.2,3.5,1.1,0.9,12230.0,597.0
India,"PLFS Year (Jul - Jun), 2017",Female,Rural + Urban,15 years and above,"11,12",01-03,3.4,2.5,1.3,1.0,0.7,0.7,0.2,0.1,0.7,2.1,81563.0,3437.0
India,"PLFS Year (Jul - Jun), 2017",Female,Rural + Urban,15 years and above,"11,12",01-96,5.2,5.6,3.9,3.4,2.8,4.4,3.3,3.2,3.2,4.4,174839.0,7969.0
India,"PLFS Year (Jul - Jun), 2017",Female,Rural + Urban,15 years and above,"11,12",05-43,1.0,2.2,1.8,1.6,1.2,1.8,0.7,0.3,1.2,1.4,55188.0,2367.0
India,"PLFS Year (Jul - Jun), 2017",Female,Rural + Urban,15 years and above,"11,12",45-96,0.8,0.9,0.8,0.8,0.9,1.9,2.4,2.8,1.3,1.0,38088.0,2165.0
India,"PLFS Year (Jul - Jun), 2017",Female,Rural + Urban,15 years and above,21,01-03,9.3,6.8,5.0,3.2,2.3,1.9,1.0,0.6,2.2,6.0,235918.0,8278.0
India,"PLFS Year (Jul - Jun), 2017",Female,Rural + Urban,15 years and above,21,01-96,10.2,8.2,6.1,4.0,2.8,2.7,1.9,1.8,3.0,7.0,273434.0,9805.0
India,"PLFS Year (Jul - Jun), 2017",Female,Rural + Urban,15 years and above,21,05-43,0.4,0.6,0.5,0.4,0.2,0.2,0.3,0.1,0.3,0.4,17403.0,638.0
India,"PLFS Year (Jul - Jun), 2017",Female,Rural + Urban,15 years and above,21,45-96,0.4,0.8,0.5,0.4,0.3,0.6,0.5,1.1,0.5,0.5,20112.0,889.0
India,"PLFS Year (Jul - Jun), 2017",Female,Rural + Urban,15 years and above,31,01-03,0.2,0.4,0.1,0.0,0.0,0.0,0.0,0.0,0.0,0.2,6251.0,238.0
India,"PLFS Year (Jul - Jun), 2017",Female,Rural + Urban,15 years and above,31,01-99,2.2,3.2,3.1,4.1,4.8,25.5,15.6,29.4,9.2,4.6,182020.0,9591.0
India,"PLFS Year (Jul - Jun), 2017",Female,Rural + Urban,15 years and above,31,05-43,0.3,0.7,0.8,0.7,0.5,1.7,1.0,1.0,0.8,0.6,23241.0,1086.0
India,"PLFS Year (Jul - Jun), 2017",Female,Rural + Urban,15 years and above,31,45-99,1.7,2.2,2.3,3.4,4.3,23.8,14.6,28.4,8.4,3.9,152528.0,8267.0
India,"PLFS Year (Jul - Jun), 2017",Female,Rural + Urban,15 years and above,41,,0.6,0.8,0.4,0.2,0.2,0.2,0.1,0.1,0.2,0.5,18567.0,765.0
India,"PLFS Year (Jul - Jun), 2017",Female,Rural + Urban,15 years and above,51,01-03,7.6,5.3,2.6,1.5,0.6,0.5,0.2,0.0,0.8,4.3,168579.0,4327.0
India,"PLFS Year (Jul - Jun), 2017",Female,Rural + Urban,15 years and above,51,01-99,9.5,7.0,3.5,2.0,0.8,1.0,0.3,0.0,1.1,5.5,215380.0,5900.0
India,"PLFS Year (Jul - Jun), 2017",Female,Rural + Urban,15 years and above,51,05-43,1.6,1.5,0.7,0.4,0.1,0.4,0.0,0.0,0.2,1.0,39706.0,1239.0
India,"PLFS Year (Jul - Jun), 2017",Female,Rural + Urban,15 years and above,51,45-99,0.2,0.3,0.1,0.1,0.1,0.1,0.1,0.0,0.1,0.2,7094.0,334.0
India,"PLFS Year (Jul - Jun), 2017",Female,Rural + Urban,15 years and above,41 & 51,01-99,10.1,7.8,3.9,2.2,1.0,1.2,0.3,0.1,1.3,6.0,233947.0,6665.0
India,"PLFS Year (Jul - Jun), 2017",Female,Rural + Urban,15 years and above,11-51,01-03,20.6,15.0,9.0,5.7,3.6,3.1,1.4,0.7,3.7,12.5,492312.0,16280.0
India,"PLFS Year (Jul - Jun), 2017",Female,Rural + Urban,15 years and above,11-51,01-99,27.7,24.9,16.9,13.7,11.4,33.8,21.2,34.5,16.6,22.0,864240.0,34030.0
India,"PLFS Year (Jul - Jun), 2017",Female,Rural + Urban,15 years and above,11-51,05-43,4.0,5.8,4.2,3.3,2.2,4.3,2.1,1.5,2.6,3.9,154105.0,6095.0
India,"PLFS Year (Jul - Jun), 2017",Female,Rural + Urban,15 years and above,11-51,45-99,3.1,4.1,3.7,4.6,5.6,26.4,17.6,32.3,10.3,5.5,217823.0,11655.0
India,"PLFS Year (Jul - Jun), 2017",Female,Rural + Urban,15 years and above,81,,0.1,0.2,0.7,0.9,2.1,11.1,8.0,11.1,3.8,1.3,51620.0,3209.0
India,"PLFS Year (Jul - Jun), 2017",Female,Rural + Urban,15 years and above,11-81,,27.8,25.1,17.6,14.6,13.5,44.9,29.2,45.6,20.4,23.3,915860.0,37239.0
India,"PLFS Year (Jul - Jun), 2017",Female,Rural + Urban,15 years and above,UR,,0.2,0.8,4.0,6.3,15.4,24.6,27.5,24.3,18.5,5.6,,
India,"PLFS Year (Jul - Jun), 2017",Female,Rural + Urban,15 years and above,91,,0.1,2.7,15.5,29.2,36.7,14.1,13.2,6.0,26.0,11.1,435662.0,21200.0
India,"PLFS Year (Jul - Jun), 2017",Female,Rural + Urban,15 years and above,92,,40.6,50.1,51.3,44.4,41.8,30.7,48.8,41.0,44.0,45.1,1773975.0,74686.0
India,"PLFS Year (Jul - Jun), 2017",Female,Rural + Urban,15 years and above,93,,16.7,17.0,12.7,9.2,6.6,3.6,6.2,4.3,7.3,13.2,518928.0,18575.0
India,"PLFS Year (Jul - Jun), 2017",Female,Rural + Urban,15 years and above,94,,8.4,3.4,2.1,1.9,1.2,5.8,2.1,2.8,1.9,4.5,177024.0,6974.0
India,"PLFS Year (Jul - Jun), 2017",Female,Rural + Urban,15 years and above,95,,2.4,0.7,0.4,0.2,0.1,0.0,0.1,0.1,0.1,1.1,41755.0,1691.0
India,"PLFS Year (Jul - Jun), 2017",Female,Rural + Urban,15 years and above,97,,4.0,0.9,0.4,0.4,0.2,0.9,0.4,0.1,0.3,1.7,68561.0,2635.0
India,"PLFS Year (Jul - Jun), 2017",Female,Rural + Urban,15 years and above,99,,0.0,0.0,0.0,0.0,0.0,0.0,0.0,0.0,0.0,0.0,0.0,0.0
India,"PLFS Year (Jul - Jun), 2017",Female,Rural + Urban,15 years and above,91-99,,72.2,74.9,82.4,85.4,86.5,55.1,70.8,54.4,79.6,76.7,3015906.0,125761.0
India,"PLFS Year (Jul - Jun), 2017",Female,Rural + Urban,15 years and above,11-99,,100.0,100.0,100.0,100.0,100.0,100.0,100.0,100.0,100.0,100.0,3931766.0,163000.0
India,"PLFS Year (Jul - Jun), 2017",Female,Rural + Urban,15 years and above,"11,12,21",01-03,12.8,9.3,6.3,4.2,3.0,2.6,1.2,0.7,2.9,8.1,317481.0,11715.0
India,"PLFS Year (Jul - Jun), 2017",Female,Rural + Urban,15 years and above,"11,12,21",01-96,15.4,13.9,10.0,7.4,5.6,7.1,5.2,5.0,6.2,11.4,448273.0,17774.0
India,"PLFS Year (Jul - Jun), 2017",Female,Rural + Urban,15 years and above,"11,12,21",05-43,1.4,2.9,2.3,2.0,1.4,2.0,1.0,0.4,1.5,1.8,72591.0,3005.0
India,"PLFS Year (Jul - Jun), 2017",Female,Rural + Urban,15 years and above,"11,12,21",45-96,1.2,1.7,1.3,1.2,1.2,2.5,3.0,3.9,1.8,1.5,58201.0,3054.0
India,"PLFS Year (Jul - Jun), 2017",Female,Rural + Urban,all ages,"11,12",01-03,2.6,1.2,1.2,1.0,0.7,0.7,0.2,0.1,0.7,1.6,81584.0,3440.0
India,"PLFS Year (Jul - Jun), 2017",Female,Rural + Urban,all ages,"11,12",01-96,3.9,2.7,3.4,3.4,2.8,4.4,3.3,3.2,3.2,3.3,175121.0,7978.0
India,"PLFS Year (Jul - Jun), 2017",Female,Rural + Urban,all ages,"11,12",05-43,0.8,1.1,1.5,1.6,1.2,1.8,0.7,0.3,1.2,1.1,55431.0,2371.0
India,"PLFS Year (Jul - Jun), 2017",Female,Rural + Urban,all ages,"11,12",45-96,0.6,0.4,0.7,0.8,0.9,1.9,2.4,2.8,1.3,0.7,38106.0,2167.0
India,"PLFS Year (Jul - Jun), 2017",Female,Rural + Urban,all ages,21,01-03,7.0,3.3,4.3,3.2,2.3,1.9,1.0,0.6,2.2,4.5,237033.0,8326.0
India,"PLFS Year (Jul - Jun), 2017",Female,Rural + Urban,all ages,21,01-96,7.6,3.9,5.2,4.0,2.8,2.7,1.9,1.8,3.0,5.2,274757.0,9860.0
India,"PLFS Year (Jul - Jun), 2017",Female,Rural + Urban,all ages,21,05-43,0.3,0.3,0.5,0.4,0.2,0.2,0.3,0.1,0.3,0.3,17568.0,644.0
India,"PLFS Year (Jul - Jun), 2017",Female,Rural + Urban,all ages,21,45-96,0.3,0.4,0.5,0.4,0.3,0.6,0.5,1.1,0.5,0.4,20156.0,890.0
India,"PLFS Year (Jul - Jun), 2017",Female,Rural + Urban,all ages,31,01-03,0.2,0.2,0.1,0.0,0.0,0.0,0.0,0.0,0.0,0.1,6251.0,238.0
India,"PLFS Year (Jul - Jun), 2017",Female,Rural + Urban,all ages,31,01-99,1.7,1.5,2.7,4.1,4.8,25.5,15.6,29.4,9.1,3.5,182182.0,9596.0
India,"PLFS Year (Jul - Jun), 2017",Female,Rural + Urban,all ages,31,05-43,0.3,0.3,0.7,0.7,0.5,1.7,1.0,1.0,0.8,0.4,23241.0,1086.0
India,"PLFS Year (Jul - Jun), 2017",Female,Rural + Urban,all ages,31,45-99,1.3,1.0,2.0,3.3,4.3,23.8,14.6,28.4,8.3,2.9,152690.0,8272.0
India,"PLFS Year (Jul - Jun), 2017",Female,Rural + Urban,all ages,41,,0.5,0.4,0.3,0.2,0.2,0.2,0.1,0.1,0.2,0.4,18579.0,766.0
India,"PLFS Year (Jul - Jun), 2017",Female,Rural + Urban,all ages,51,01-03,5.7,2.5,2.2,1.5,0.6,0.5,0.2,0.0,0.8,3.2,168929.0,4338.0
India,"PLFS Year (Jul - Jun), 2017",Female,Rural + Urban,all ages,51,01-99,7.1,3.3,3.0,2.0,0.8,1.0,0.3,0.0,1.1,4.1,215778.0,5915.0
India,"PLFS Year (Jul - Jun), 2017",Female,Rural + Urban,all ages,51,05-43,1.2,0.7,0.6,0.4,0.1,0.4,0.0,0.0,0.2,0.8,39732.0,1242.0
India,"PLFS Year (Jul - Jun), 2017",Female,Rural + Urban,all ages,51,45-99,0.2,0.1,0.1,0.1,0.1,0.1,0.1,0.0,0.1,0.1,7118.0,335.0
India,"PLFS Year (Jul - Jun), 2017",Female,Rural + Urban,all ages,41 & 51,01-99,7.5,3.7,3.3,2.2,1.0,1.2,0.3,0.1,1.3,4.5,234357.0,6681.0
India,"PLFS Year (Jul - Jun), 2017",Female,Rural + Urban,all ages,11-51,01-03,15.4,7.2,7.8,5.7,3.6,3.1,1.4,0.7,3.7,9.4,493797.0,16342.0
India,"PLFS Year (Jul - Jun), 2017",Female,Rural + Urban,all ages,11-51,01-99,20.7,11.9,14.6,13.6,11.4,33.8,21.2,34.5,16.6,16.5,866418.0,34115.0
India,"PLFS Year (Jul - Jun), 2017",Female,Rural + Urban,all ages,11-51,05-43,3.0,2.8,3.6,3.3,2.2,4.3,2.1,1.5,2.6,2.9,154551.0,6109.0
India,"PLFS Year (Jul - Jun), 2017",Female,Rural + Urban,all ages,11-51,45-99,2.3,2.0,3.2,4.6,5.6,26.4,17.6,32.3,10.2,4.2,218070.0,11664.0
India,"PLFS Year (Jul - Jun), 2017",Female,Rural + Urban,all ages,81,,0.0,0.1,0.6,0.9,2.1,11.1,8.0,11.1,3.8,1.0,52048.0,3229.0
India,"PLFS Year (Jul - Jun), 2017",Female,Rural + Urban,all ages,11-81,,20.8,12.0,15.2,14.5,13.5,44.9,29.2,45.6,20.3,17.5,918466.0,37344.0
India,"PLFS Year (Jul - Jun), 2017",Female,Rural + Urban,all ages,UR,,0.2,1.0,4.0,6.3,15.4,24.6,27.5,24.3,18.5,5.7,,
India,"PLFS Year (Jul - Jun), 2017",Female,Rural + Urban,all ages,91,,3.1,50.9,26.5,29.7,36.7,14.1,13.2,6.0,26.2,24.6,1289132.0,53793.0
India,"PLFS Year (Jul - Jun), 2017",Female,Rural + Urban,all ages,92,,30.6,24.6,44.7,44.1,41.8,30.7,48.8,41.0,43.9,34.2,1795574.0,75220.0
India,"PLFS Year (Jul - Jun), 2017",Female,Rural + Urban,all ages,93,,12.6,8.3,11.0,9.2,6.6,3.6,6.2,4.3,7.3,10.0,525477.0,18695.0
India,"PLFS Year (Jul - Jun), 2017",Female,Rural + Urban,all ages,94,,6.4,1.7,1.8,1.9,1.2,5.8,2.1,2.8,1.9,3.4,179186.0,7012.0
India,"PLFS Year (Jul - Jun), 2017",Female,Rural + Urban,all ages,95,,1.8,0.4,0.3,0.2,0.1,0.0,0.1,0.1,0.1,0.8,43639.0,1765.0
India,"PLFS Year (Jul - Jun), 2017",Female,Rural + Urban,all ages,97,,4.2,0.5,0.4,0.4,0.2,0.9,0.4,0.1,0.3,1.8,93242.0,3319.0
India,"PLFS Year (Jul - Jun), 2017",Female,Rural + Urban,all ages,99,,20.4,1.6,0.0,0.0,0.0,0.0,0.0,0.0,0.0,7.7,403705.0,14393.0
India,"PLFS Year (Jul - Jun), 2017",Female,Rural + Urban,all ages,91-99,,79.2,88.0,84.8,85.5,86.5,55.1,70.8,54.4,79.7,82.5,4329955.0,174197.0
India,"PLFS Year (Jul - Jun), 2017",Female,Rural + Urban,all ages,11-99,,100.0,100.0,100.0,100.0,100.0,100.0,100.0,100.0,100.0,100.0,5248420.0,211541.0
India,"PLFS Year (Jul - Jun), 2017",Female,Rural + Urban,all ages,"11,12,21",01-03,9.6,4.5,5.5,4.2,3.0,2.6,1.2,0.7,2.9,6.1,318617.0,11766.0
India,"PLFS Year (Jul - Jun), 2017",Female,Rural + Urban,all ages,"11,12,21",01-96,11.5,6.6,8.6,7.4,5.6,7.1,5.2,5.0,6.2,8.6,449878.0,17838.0
India,"PLFS Year (Jul - Jun), 2017",Female,Rural + Urban,all ages,"11,12,21",05-43,1.1,1.4,2.0,2.0,1.4,2.0,1.0,0.4,1.5,1.4,73000.0,3015.0
India,"PLFS Year (Jul - Jun), 2017",Female,Rural + Urban,all ages,"11,12,21",45-96,0.9,0.8,1.2,1.2,1.2,2.5,3.0,3.9,1.8,1.1,58262.0,3057.0
India,"PLFS Year (Jul - Jun), 2017",Persons,Rural + Urban,15-29 years,"11,12",01-03,3.8,4.2,2.6,1.6,1.5,1.0,1.7,1.0,1.6,2.4,69384.0,2335.0
India,"PLFS Year (Jul - Jun), 2017",Persons,Rural + Urban,15-29 years,"11,12",01-96,7.6,9.1,6.8,5.1,4.8,6.2,6.7,4.8,5.3,6.4,187920.0,7741.0
India,"PLFS Year (Jul - Jun), 2017",Persons,Rural + Urban,15-29 years,"11,12",05-43,1.7,2.2,1.7,1.4,1.0,1.4,1.0,0.5,1.2,1.5,43183.0,1823.0
India,"PLFS Year (Jul - Jun), 2017",Persons,Rural + Urban,15-29 years,"11,12",45-96,2.1,2.6,2.6,2.1,2.2,3.9,4.0,3.4,2.6,2.6,75353.0,3583.0
India,"PLFS Year (Jul - Jun), 2017",Persons,Rural + Urban,15-29 years,21,01-03,9.5,8.1,7.0,4.5,4.1,2.6,3.4,2.2,4.0,5.8,169563.0,5965.0
India,"PLFS Year (Jul - Jun), 2017",Persons,Rural + Urban,15-29 years,21,01-96,11.1,9.9,8.8,5.7,5.3,4.0,5.5,4.5,5.4,7.3,215649.0,8088.0
India,"PLFS Year (Jul - Jun), 2017",Persons,Rural + Urban,15-29 years,21,05-43,0.9,0.8,0.8,0.4,0.4,0.7,0.6,0.5,0.5,0.6,18064.0,796.0
India,"PLFS Year (Jul - Jun), 2017",Persons,Rural + Urban,15-29 years,21,45-96,0.7,0.9,1.0,0.8,0.8,0.8,1.5,1.7,1.0,1.0,28021.0,1327.0
India,"PLFS Year (Jul - Jun), 2017",Persons,Rural + Urban,15-29 years,31,01-03,0.5,0.3,0.2,0.1,0.1,0.1,0.1,0.0,0.1,0.2,4473.0,167.0
India,"PLFS Year (Jul - Jun), 2017",Persons,Rural + Urban,15-29 years,31,01-99,4.4,7.5,6.8,7.0,7.4,26.0,20.2,30.4,11.2,9.1,267333.0,12772.0
India,"PLFS Year (Jul - Jun), 2017",Persons,Rural + Urban,15-29 years,31,05-43,1.9,3.2,2.7,2.7,2.3,10.9,4.0,2.8,3.1,2.9,85666.0,3628.0
India,"PLFS Year (Jul - Jun), 2017",Persons,Rural + Urban,15-29 years,31,45-99,2.0,4.1,3.9,4.2,5.0,15.1,16.1,27.6,8.1,6.0,177194.0,8977.0
India,"PLFS Year (Jul - Jun), 2017",Persons,Rural + Urban,15-29 years,41,,0.5,0.4,0.2,0.2,0.1,0.1,0.0,0.2,0.1,0.2,5950.0,212.0
India,"PLFS Year (Jul - Jun), 2017",Persons,Rural + Urban,15-29 years,51,01-03,8.8,6.6,3.6,1.8,1.1,0.5,0.3,0.0,1.1,3.1,91096.0,2323.0
India,"PLFS Year (Jul - Jun), 2017",Persons,Rural + Urban,15-29 years,51,01-99,18.1,18.4,10.6,5.7,3.1,3.4,1.2,0.5,3.6,8.5,249937.0,7831.0
India,"PLFS Year (Jul - Jun), 2017",Persons,Rural + Urban,15-29 years,51,05-43,8.4,10.5,6.0,3.4,1.7,2.3,0.7,0.2,2.1,4.7,138027.0,4670.0
India,"PLFS Year (Jul - Jun), 2017",Persons,Rural + Urban,15-29 years,51,45-99,0.9,1.3,0.9,0.6,0.4,0.7,0.2,0.2,0.4,0.7,20815.0,838.0
India,"PLFS Year (Jul - Jun), 2017",Persons,Rural + Urban,15-29 years,41 & 51,01-99,18.5,18.9,10.8,5.9,3.1,3.6,1.2,0.7,3.7,8.7,255888.0,8043.0
India,"PLFS Year (Jul - Jun), 2017",Persons,Rural + Urban,15-29 years,11-51,01-03,22.6,19.2,13.4,7.9,6.8,4.1,5.5,3.3,6.7,11.3,334516.0,10790.0
India,"PLFS Year (Jul - Jun), 2017",Persons,Rural + Urban,15-29 years,11-51,01-99,41.6,45.4,33.2,23.7,20.6,39.8,33.6,40.3,25.7,31.4,926789.0,36644.0
India,"PLFS Year (Jul - Jun), 2017",Persons,Rural + Urban,15-29 years,11-51,05-43,13.3,17.2,11.3,8.2,5.5,15.3,6.3,4.1,6.9,9.9,290890.0,11129.0
India,"PLFS Year (Jul - Jun), 2017",Persons,Rural + Urban,15-29 years,11-51,45-99,5.7,9.0,8.4,7.6,8.3,20.5,21.8,33.0,12.1,10.2,301383.0,14725.0
India,"PLFS Year (Jul - Jun), 2017",Persons,Rural + Urban,15-29 years,81,,3.2,4.1,5.3,4.0,5.5,23.7,18.8,22.9,8.8,6.8,200808.0,9771.0
India,"PLFS Year (Jul - Jun), 2017",Persons,Rural + Urban,15-29 years,11-81,,44.7,49.5,38.5,27.7,26.1,63.6,52.4,63.2,34.5,38.2,1127598.0,46415.0
India,"PLFS Year (Jul - Jun), 2017",Persons,Rural + Urban,15-29 years,UR,,7.1,8.3,13.7,14.4,21.1,37.3,35.8,36.2,25.4,17.8,,
India,"PLFS Year (Jul - Jun), 2017",Persons,Rural + Urban,15-29 years,91,,0.3,10.2,33.3,53.1,55.9,27.1,24.6,13.0,46.2,34.5,1017427.0,48467.0
India,"PLFS Year (Jul - Jun), 2017",Persons,Rural + Urban,15-29 years,92,,34.7,26.5,21.0,14.8,14.8,7.7,19.2,21.5,15.7,20.0,589545.0,22951.0
India,"PLFS Year (Jul - Jun), 2017",Persons,Rural + Urban,15-29 years,93,,14.6,11.6,6.1,3.7,2.6,0.7,3.1,2.1,3.1,5.9,172981.0,5638.0
India,"PLFS Year (Jul - Jun), 2017",Persons,Rural + Urban,15-29 years,94,,0.8,0.5,0.2,0.2,0.2,0.0,0.4,0.1,0.2,0.3,8916.0,278.0
India,"PLFS Year (Jul - Jun), 2017",Persons,Rural + Urban,15-29 years,95,,3.3,0.8,0.4,0.2,0.1,0.2,0.1,0.0,0.1,0.5,15803.0,609.0
India,"PLFS Year (Jul - Jun), 2017",Persons,Rural + Urban,15-29 years,97,,1.5,1.0,0.5,0.3,0.3,0.6,0.3,0.0,0.3,0.5,15911.0,751.0
India,"PLFS Year (Jul - Jun), 2017",Persons,Rural + Urban,15-29 years,99,,0.0,0.0,0.0,0.0,0.0,0.0,0.0,0.0,0.0,0.0,0.0,0.0
India,"PLFS Year (Jul - Jun), 2017",Persons,Rural + Urban,15-29 years,91-99,,55.3,50.5,61.5,72.3,73.9,36.4,47.6,36.8,65.5,61.8,1820583.0,78694.0
India,"PLFS Year (Jul - Jun), 2017",Persons,Rural + Urban,15-29 years,11-99,,100.0,100.0,100.0,100.0,100.0,100.0,100.0,100.0,100.0,100.0,2948181.0,125109.0
India,"PLFS Year (Jul - Jun), 2017",Persons,Rural + Urban,15-29 years,"11,12,21",01-03,13.3,12.3,9.6,6.1,5.6,3.6,5.2,3.2,5.6,8.1,238947.0,8300.0
India,"PLFS Year (Jul - Jun), 2017",Persons,Rural + Urban,15-29 years,"11,12,21",01-96,18.7,19.0,15.6,10.8,10.1,10.3,12.2,9.3,10.7,13.7,403569.0,15829.0
India,"PLFS Year (Jul - Jun), 2017",Persons,Rural + Urban,15-29 years,"11,12,21",05-43,2.6,3.0,2.4,1.9,1.5,2.0,1.5,0.9,1.6,2.1,61247.0,2619.0
India,"PLFS Year (Jul - Jun), 2017",Persons,Rural + Urban,15-29 years,"11,12,21",45-96,2.8,3.6,3.6,2.8,3.0,4.7,5.5,5.1,3.6,3.5,103374.0,4910.0
India,"PLFS Year (Jul - Jun), 2017",Persons,Rural + Urban,15 years and above,"11,12",01-03,12.8,13.2,10.2,8.2,6.0,3.0,4.2,2.7,6.1,9.9,787245.0,27427.0
India,"PLFS Year (Jul - Jun), 2017",Persons,Rural + Urban,15 years and above,"11,12",01-96,17.4,22.8,19.8,17.5,13.9,14.7,15.0,12.1,15.4,18.1,1436041.0,58624.0
India,"PLFS Year (Jul - Jun), 2017",Persons,Rural + Urban,15 years and above,"11,12",05-43,1.7,3.7,3.2,2.9,2.1,3.8,2.1,1.1,2.4,2.6,206755.0,9553.0
India,"PLFS Year (Jul - Jun), 2017",Persons,Rural + Urban,15 years and above,"11,12",45-96,2.9,5.9,6.4,6.4,5.9,8.0,8.7,8.3,6.9,5.6,442041.0,21644.0
India,"PLFS Year (Jul - Jun), 2017",Persons,Rural + Urban,15 years and above,21,01-03,7.0,5.5,5.7,4.1,3.8,2.1,2.5,1.4,3.4,5.2,412715.0,14462.0
India,"PLFS Year (Jul - Jun), 2017",Persons,Rural + Urban,15 years and above,21,01-96,7.7,6.8,7.0,5.3,5.0,3.0,4.3,3.0,4.8,6.3,503214.0,18603.0
India,"PLFS Year (Jul - Jun), 2017",Persons,Rural + Urban,15 years and above,21,05-43,0.3,0.5,0.5,0.4,0.4,0.4,0.5,0.3,0.4,0.4,34664.0,1486.0
India,"PLFS Year (Jul - Jun), 2017",Persons,Rural + Urban,15 years and above,21,45-96,0.3,0.7,0.8,0.8,0.8,0.5,1.3,1.2,0.9,0.7,55835.0,2655.0
India,"PLFS Year (Jul - Jun), 2017",Persons,Rural + Urban,15 years and above,31,01-03,0.3,0.4,0.3,0.1,0.2,0.1,0.1,0.1,0.1,0.3,20104.0,863.0
India,"PLFS Year (Jul - Jun), 2017",Persons,Rural + Urban,15 years and above,31,01-99,3.3,7.2,9.5,11.3,12.8,34.7,28.9,42.4,18.5,10.7,849254.0,43118.0
India,"PLFS Year (Jul - Jun), 2017",Persons,Rural + Urban,15 years and above,31,05-43,1.0,2.8,3.4,3.6,3.5,14.5,5.3,3.7,4.3,3.0,235618.0,10609.0
India,"PLFS Year (Jul - Jun), 2017",Persons,Rural + Urban,15 years and above,31,45-99,2.0,4.1,5.8,7.6,9.2,20.1,23.5,38.7,14.1,7.5,593532.0,31646.0
India,"PLFS Year (Jul - Jun), 2017",Persons,Rural + Urban,15 years and above,41,,0.7,0.6,0.3,0.3,0.1,0.1,0.1,0.1,0.2,0.4,32055.0,1303.0
India,"PLFS Year (Jul - Jun), 2017",Persons,Rural + Urban,15 years and above,51,01-03,9.8,7.5,4.4,2.4,1.4,0.6,0.4,0.1,1.4,5.3,418721.0,10872.0
India,"PLFS Year (Jul - Jun), 2017",Persons,Rural + Urban,15 years and above,51,01-99,16.3,17.3,12.0,7.3,3.9,3.8,1.3,0.3,4.4,11.3,894925.0,28108.0
India,"PLFS Year (Jul - Jun), 2017",Persons,Rural + Urban,15 years and above,51,05-43,5.9,8.5,6.6,4.1,2.1,2.5,0.7,0.1,2.4,5.2,412654.0,14455.0
India,"PLFS Year (Jul - Jun), 2017",Persons,Rural + Urban,15 years and above,51,45-99,0.7,1.2,1.1,0.8,0.5,0.8,0.3,0.1,0.5,0.8,63550.0,2781.0
India,"PLFS Year (Jul - Jun), 2017",Persons,Rural + Urban,15 years and above,41 & 51,01-99,16.9,17.8,12.3,7.6,4.0,3.9,1.4,0.4,4.5,11.7,926980.0,29411.0
India,"PLFS Year (Jul - Jun), 2017",Persons,Rural + Urban,15 years and above,11-51,01-03,29.8,26.7,20.6,14.8,11.3,5.7,7.2,4.3,11.1,20.6,1638785.0,53624.0
India,"PLFS Year (Jul - Jun), 2017",Persons,Rural + Urban,15 years and above,11-51,01-99,45.3,54.6,48.7,41.6,35.8,56.4,49.7,57.9,43.2,46.8,3715489.0,149756.0
India,"PLFS Year (Jul - Jun), 2017",Persons,Rural + Urban,15 years and above,11-51,05-43,9.6,16.0,14.1,11.3,8.1,21.3,8.7,5.4,9.7,11.6,921746.0,37406.0
India,"PLFS Year (Jul - Jun), 2017",Persons,Rural + Urban,15 years and above,11-51,45-99,5.9,11.9,14.1,15.5,16.3,29.4,33.7,48.3,22.5,14.5,1154959.0,58726.0
India,"PLFS Year (Jul - Jun), 2017",Persons,Rural + Urban,15 years and above,81,,0.5,1.5,2.9,2.5,4.1,13.9,10.3,9.9,5.6,3.0,236923.0,11744.0
India,"PLFS Year (Jul - Jun), 2017",Persons,Rural + Urban,15 years and above,11-81,,45.9,56.1,51.5,44.2,39.9,70.3,60.0,67.8,48.8,49.8,3952413.0,161500.0
India,"PLFS Year (Jul - Jun), 2017",Persons,Rural + Urban,15 years and above,UR,,1.2,2.7,5.5,5.7,10.3,19.8,17.2,14.6,11.4,6.0,,
India,"PLFS Year (Jul - Jun), 2017",Persons,Rural + Urban,15 years and above,91,,0.1,3.0,15.6,28.9,36.7,14.2,12.1,4.8,25.4,12.9,1022604.0,48736.0
India,"PLFS Year (Jul - Jun), 2017",Persons,Rural + Urban,15 years and above,92,,26.8,25.2,22.8,18.6,17.7,8.9,19.9,18.5,18.3,22.7,1798229.0,75797.0
India,"PLFS Year (Jul - Jun), 2017",Persons,Rural + Urban,15 years and above,93,,11.1,8.6,5.7,4.0,2.8,1.1,2.5,1.9,3.1,6.7,530608.0,19048.0
India,"PLFS Year (Jul - Jun), 2017",Persons,Rural + Urban,15 years and above,94,,8.6,4.0,2.8,3.3,2.3,4.5,4.7,6.0,3.5,4.8,383703.0,15765.0
India,"PLFS Year (Jul - Jun), 2017",Persons,Rural + Urban,15 years and above,95,,3.1,1.4,0.8,0.5,0.2,0.4,0.3,0.3,0.3,1.3,106916.0,4271.0
India,"PLFS Year (Jul - Jun), 2017",Persons,Rural + Urban,15 years and above,97,,4.4,1.6,0.8,0.6,0.5,0.6,0.6,0.6,0.6,1.8,143753.0,5503.0
India,"PLFS Year (Jul - Jun), 2017",Persons,Rural + Urban,15 years and above,99,,0.0,0.0,0.0,0.0,0.0,0.0,0.0,0.0,0.0,0.0,0.0,0.0
India,"PLFS Year (Jul - Jun), 2017",Persons,Rural + Urban,15 years and above,91-99,,54.1,43.9,48.5,55.8,60.1,29.7,40.0,32.2,51.2,50.2,3985812.0,169120.0
India,"PLFS Year (Jul - Jun), 2017",Persons,Rural + Urban,15 years and above,11-99,,100.0,100.0,100.0,100.0,100.0,100.0,100.0,100.0,100.0,100.0,7938225.0,330620.0
India,"PLFS Year (Jul - Jun), 2017",Persons,Rural + Urban,15 years and above,"11,12,21",01-03,19.8,18.7,15.9,12.3,9.8,5.0,6.7,4.1,9.5,15.1,1199960.0,41889.0
India,"PLFS Year (Jul - Jun), 2017",Persons,Rural + Urban,15 years and above,"11,12,21",01-96,25.1,29.6,26.8,22.8,18.9,17.7,19.3,15.1,20.2,24.4,1939255.0,77227.0
India,"PLFS Year (Jul - Jun), 2017",Persons,Rural + Urban,15 years and above,"11,12,21",05-43,2.1,4.2,3.7,3.3,2.5,4.2,2.6,1.5,2.8,3.0,241419.0,11039.0
India,"PLFS Year (Jul - Jun), 2017",Persons,Rural + Urban,15 years and above,"11,12,21",45-96,3.3,6.6,7.2,7.2,6.7,8.5,10.0,9.5,7.8,6.3,497876.0,24299.0
India,"PLFS Year (Jul - Jun), 2017",Persons,Rural + Urban,all ages,"11,12",01-03,8.7,6.1,8.9,8.1,6.0,3.0,4.2,2.7,6.1,7.3,787597.0,27437.0
India,"PLFS Year (Jul - Jun), 2017",Persons,Rural + Urban,all ages,"11,12",01-96,11.9,10.5,17.3,17.4,13.9,14.7,15.0,12.1,15.4,13.4,1437104.0,58651.0
India,"PLFS Year (Jul - Jun), 2017",Persons,Rural + Urban,all ages,"11,12",05-43,1.2,1.7,2.8,2.9,2.1,3.8,2.1,1.1,2.4,1.9,207029.0,9560.0
India,"PLFS Year (Jul - Jun), 2017",Persons,Rural + Urban,all ages,"11,12",45-96,2.0,2.7,5.5,6.4,5.9,8.0,8.7,8.3,6.9,4.1,442477.0,21654.0
India,"PLFS Year (Jul - Jun), 2017",Persons,Rural + Urban,all ages,21,01-03,4.8,2.6,5.0,4.1,3.8,2.1,2.5,1.4,3.4,3.9,416761.0,14588.0
India,"PLFS Year (Jul - Jun), 2017",Persons,Rural + Urban,all ages,21,01-96,5.3,3.2,6.2,5.3,5.0,3.0,4.3,3.0,4.7,4.7,508581.0,18756.0
India,"PLFS Year (Jul - Jun), 2017",Persons,Rural + Urban,all ages,21,05-43,0.2,0.2,0.5,0.4,0.4,0.4,0.5,0.3,0.4,0.3,35322.0,1501.0
India,"PLFS Year (Jul - Jun), 2017",Persons,Rural + Urban,all ages,21,45-96,0.2,0.3,0.7,0.8,0.8,0.5,1.3,1.2,0.9,0.5,56499.0,2667.0
India,"PLFS Year (Jul - Jun), 2017",Persons,Rural + Urban,all ages,31,01-03,0.2,0.2,0.2,0.1,0.2,0.1,0.1,0.1,0.1,0.2,20250.0,864.0
India,"PLFS Year (Jul - Jun), 2017",Persons,Rural + Urban,all ages,31,01-99,2.2,3.4,8.3,11.2,12.8,34.7,28.9,42.4,18.5,7.9,850979.0,43161.0
India,"PLFS Year (Jul - Jun), 2017",Persons,Rural + Urban,all ages,31,05-43,0.7,1.3,3.0,3.6,3.5,14.5,5.3,3.7,4.3,2.2,236137.0,10620.0
India,"PLFS Year (Jul - Jun), 2017",Persons,Rural + Urban,all ages,31,45-99,1.3,1.9,5.1,7.6,9.2,20.1,23.5,38.7,14.1,5.5,594592.0,31677.0
India,"PLFS Year (Jul - Jun), 2017",Persons,Rural + Urban,all ages,41,,0.4,0.3,0.3,0.3,0.1,0.1,0.1,0.1,0.2,0.3,32067.0,1304.0
India,"PLFS Year (Jul - Jun), 2017",Persons,Rural + Urban,all ages,51,01-03,6.7,3.5,3.8,2.3,1.4,0.6,0.4,0.1,1.4,3.9,420098.0,10897.0
India,"PLFS Year (Jul - Jun), 2017",Persons,Rural + Urban,all ages,51,01-99,11.1,8.0,10.4,7.2,3.9,3.8,1.3,0.3,4.4,8.4,897468.0,28167.0
India,"PLFS Year (Jul - Jun), 2017",Persons,Rural + Urban,all ages,51,05-43,4.0,3.9,5.7,4.1,2.1,2.5,0.7,0.1,2.4,3.9,413628.0,14484.0
India,"PLFS Year (Jul - Jun), 2017",Persons,Rural + Urban,all ages,51,45-99,0.5,0.6,0.9,0.8,0.5,0.8,0.3,0.1,0.5,0.6,63742.0,2786.0
India,"PLFS Year (Jul - Jun), 2017",Persons,Rural + Urban,all ages,41 & 51,01-99,11.6,8.2,10.7,7.5,4.0,3.9,1.4,0.4,4.5,8.7,929534.0,29471.0
India,"PLFS Year (Jul - Jun), 2017",Persons,Rural + Urban,all ages,11-51,01-03,20.4,12.3,17.9,14.7,11.3,5.7,7.2,4.3,11.1,15.3,1644706.0,53786.0
India,"PLFS Year (Jul - Jun), 2017",Persons,Rural + Urban,all ages,11-51,01-99,31.0,25.3,42.4,41.4,35.8,56.4,49.7,57.9,43.1,34.7,3726198.0,150039.0
India,"PLFS Year (Jul - Jun), 2017",Persons,Rural + Urban,all ages,11-51,05-43,6.6,7.4,12.2,11.3,8.1,21.3,8.7,5.4,9.7,8.6,924183.0,37469.0
India,"PLFS Year (Jul - Jun), 2017",Persons,Rural + Urban,all ages,11-51,45-99,4.0,5.5,12.3,15.5,16.3,29.4,33.7,48.3,22.4,10.8,1157310.0,58784.0
India,"PLFS Year (Jul - Jun), 2017",Persons,Rural + Urban,all ages,81,,0.4,0.8,2.5,2.5,4.1,13.9,10.3,9.9,5.6,2.2,240945.0,11847.0
India,"PLFS Year (Jul - Jun), 2017",Persons,Rural + Urban,all ages,11-81,,31.4,26.1,45.0,44.0,39.9,70.3,60.0,67.8,48.7,36.9,3967143.0,161886.0
India,"PLFS Year (Jul - Jun), 2017",Persons,Rural + Urban,all ages,UR,,1.2,2.9,5.6,5.8,10.3,19.8,17.2,14.6,11.4,6.1,,
India,"PLFS Year (Jul - Jun), 2017",Persons,Rural + Urban,all ages,91,,3.9,52.6,26.1,29.2,36.7,14.2,12.1,4.8,25.6,26.6,2860523.0,118235.0
India,"PLFS Year (Jul - Jun), 2017",Persons,Rural + Urban,all ages,92,,18.6,12.1,20.1,18.5,17.7,8.9,19.9,18.5,18.3,17.0,1826995.0,76547.0
India,"PLFS Year (Jul - Jun), 2017",Persons,Rural + Urban,all ages,93,,7.7,4.1,5.0,3.9,2.8,1.1,2.5,1.9,3.1,5.0,539052.0,19203.0
India,"PLFS Year (Jul - Jun), 2017",Persons,Rural + Urban,all ages,94,,6.0,1.9,2.4,3.2,2.3,4.5,4.7,6.0,3.5,3.6,388471.0,15861.0
India,"PLFS Year (Jul - Jun), 2017",Persons,Rural + Urban,all ages,95,,2.3,0.7,0.7,0.5,0.2,0.4,0.3,0.3,0.3,1.0,112553.0,4455.0
India,"PLFS Year (Jul - Jun), 2017",Persons,Rural + Urban,all ages,97,,4.8,0.9,0.7,0.6,0.5,0.6,0.6,0.6,0.6,1.9,205961.0,6990.0
India,"PLFS Year (Jul - Jun), 2017",Persons,Rural + Urban,all ages,99,,25.3,1.6,0.0,0.0,0.0,0.0,0.0,0.0,0.0,7.8,840330.0,30162.0
India,"PLFS Year (Jul - Jun), 2017",Persons,Rural + Urban,all ages,91-99,,68.6,73.9,55.0,56.0,60.1,29.7,40.0,32.2,51.3,63.1,6773886.0,271453.0
India,"PLFS Year (Jul - Jun), 2017",Persons,Rural + Urban,all ages,11-99,,100.0,100.0,100.0,100.0,100.0,100.0,100.0,100.0,100.0,100.0,10741029.0,433339.0
India,"PLFS Year (Jul - Jun), 2017",Persons,Rural + Urban,all ages,"11,12,21",01-03,13.5,8.7,13.9,12.2,9.8,5.0,6.7,4.1,9.5,11.2,1204358.0,42025.0
India,"PLFS Year (Jul - Jun), 2017",Persons,Rural + Urban,all ages,"11,12,21",01-96,17.2,13.7,23.4,22.7,18.9,17.7,19.3,15.1,20.1,18.1,1945685.0,77407.0
India,"PLFS Year (Jul - Jun), 2017",Persons,Rural + Urban,all ages,"11,12,21",05-43,1.4,2.0,3.3,3.3,2.5,4.2,2.6,1.5,2.8,2.3,242351.0,11061.0
India,"PLFS Year (Jul - Jun), 2017",Persons,Rural + Urban,all ages,"11,12,21",45-96,2.2,3.1,6.2,7.1,6.7,8.5,10.0,9.5,7.8,4.6,498976.0,24321.0
