Country,State,Year,Age Group,Type Of Area,Gender,"Unemployment Rate (Ur) (UOM:%(Percentage)), Scaling Factor:1"
India,Andaman and Nicobar Islands,"PLFS Year (Jul - Jun), 2023",15-29,Rural,Male,28.1
India,Andaman and Nicobar Islands,"PLFS Year (Jul - Jun), 2023",15-29,Rural,Female,51.8
India,Andaman and Nicobar Islands,"PLFS Year (Jul - Jun), 2023",15-29,Rural,Person,38.2
India,Andaman and Nicobar Islands,"PLFS Year (Jul - Jun), 2023",15-29,Urban,Male,19.7
India,Andaman and Nicobar Islands,"PLFS Year (Jul - Jun), 2023",15-29,Urban,Female,45.8
India,Andaman and Nicobar Islands,"PLFS Year (Jul - Jun), 2023",15-29,Urban,Person,28.0
India,Andaman and Nicobar Islands,"PLFS Year (Jul - Jun), 2023",15-29,Rural+Urban,Male,24.0
India,Andaman and Nicobar Islands,"PLFS Year (Jul - Jun), 2023",15-29,Rural+Urban,Female,49.5
India,Andaman and Nicobar Islands,"PLFS Year (Jul - Jun), 2023",15-29,Rural+Urban,Person,33.6
India,Andaman and Nicobar Islands,"PLFS Year (Jul - Jun), 2023",15-59,Rural,Male,7.5
India,Andaman and Nicobar Islands,"PLFS Year (Jul - Jun), 2023",15-59,Rural,Female,17.0
India,Andaman and Nicobar Islands,"PLFS Year (Jul - Jun), 2023",15-59,Rural,Person,11.2
India,Andaman and Nicobar Islands,"PLFS Year (Jul - Jun), 2023",15-59,Urban,Male,7.2
India,Andaman and Nicobar Islands,"PLFS Year (Jul - Jun), 2023",15-59,Urban,Female,29.5
India,Andaman and Nicobar Islands,"PLFS Year (Jul - Jun), 2023",15-59,Urban,Person,13.8
India,Andaman and Nicobar Islands,"PLFS Year (Jul - Jun), 2023",15-59,Rural+Urban,Male,7.4
India,Andaman and Nicobar Islands,"PLFS Year (Jul - Jun), 2023",15-59,Rural+Urban,Female,21.4
India,Andaman and Nicobar Islands,"PLFS Year (Jul - Jun), 2023",15-59,Rural+Urban,Person,12.3
India,Andaman and Nicobar Islands,"PLFS Year (Jul - Jun), 2023",15 years and above,Rural,Male,6.9
India,Andaman and Nicobar Islands,"PLFS Year (Jul - Jun), 2023",15 years and above,Rural,Female,16.6
India,Andaman and Nicobar Islands,"PLFS Year (Jul - Jun), 2023",15 years and above,Rural,Person,10.6
India,Andaman and Nicobar Islands,"PLFS Year (Jul - Jun), 2023",15 years and above,Urban,Male,7.0
India,Andaman and Nicobar Islands,"PLFS Year (Jul - Jun), 2023",15 years and above,Urban,Female,28.6
India,Andaman and Nicobar Islands,"PLFS Year (Jul - Jun), 2023",15 years and above,Urban,Person,13.5
India,Andaman and Nicobar Islands,"PLFS Year (Jul - Jun), 2023",15 years and above,Rural+Urban,Male,7.0
India,Andaman and Nicobar Islands,"PLFS Year (Jul - Jun), 2023",15 years and above,Rural+Urban,Female,20.9
India,Andaman and Nicobar Islands,"PLFS Year (Jul - Jun), 2023",15 years and above,Rural+Urban,Person,11.8
India,Andaman and Nicobar Islands,"PLFS Year (Jul - Jun), 2023",all ages,Rural,Male,6.9
India,Andaman and Nicobar Islands,"PLFS Year (Jul - Jun), 2023",all ages,Rural,Female,16.6
India,Andaman and Nicobar Islands,"PLFS Year (Jul - Jun), 2023",all ages,Rural,Person,10.6
India,Andaman and Nicobar Islands,"PLFS Year (Jul - Jun), 2023",all ages,Urban,Male,7.0
India,Andaman and Nicobar Islands,"PLFS Year (Jul - Jun), 2023",all ages,Urban,Female,28.6
India,Andaman and Nicobar Islands,"PLFS Year (Jul - Jun), 2023",all ages,Urban,Person,13.5
India,Andaman and Nicobar Islands,"PLFS Year (Jul - Jun), 2023",all ages,Rural+Urban,Male,7.0
India,Andaman and Nicobar Islands,"PLFS Year (Jul - Jun), 2023",all ages,Rural+Urban,Female,20.9
India,Andaman and Nicobar Islands,"PLFS Year (Jul - Jun), 2023",all ages,Rural+Urban,Person,11.8
India,Andhra Pradesh,"PLFS Year (Jul - Jun), 2023",15-29,Rural,Male,14.9
India,Andhra Pradesh,"PLFS Year (Jul - Jun), 2023",15-29,Rural,Female,16.6
India,Andhra Pradesh,"PLFS Year (Jul - Jun), 2023",15-29,Rural,Person,15.5
India,Andhra Pradesh,"PLFS Year (Jul - Jun), 2023",15-29,Urban,Male,20.1
India,Andhra Pradesh,"PLFS Year (Jul - Jun), 2023",15-29,Urban,Female,29.1
India,Andhra Pradesh,"PLFS Year (Jul - Jun), 2023",15-29,Urban,Person,22.7
India,Andhra Pradesh,"PLFS Year (Jul - Jun), 2023",15-29,Rural+Urban,Male,16.4
India,Andhra Pradesh,"PLFS Year (Jul - Jun), 2023",15-29,Rural+Urban,Female,19.7
India,Andhra Pradesh,"PLFS Year (Jul - Jun), 2023",15-29,Rural+Urban,Person,17.5
India,Andhra Pradesh,"PLFS Year (Jul - Jun), 2023",15-59,Rural,Male,4.1
India,Andhra Pradesh,"PLFS Year (Jul - Jun), 2023",15-59,Rural,Female,3.1
India,Andhra Pradesh,"PLFS Year (Jul - Jun), 2023",15-59,Rural,Person,3.7
India,Andhra Pradesh,"PLFS Year (Jul - Jun), 2023",15-59,Urban,Male,5.8
India,Andhra Pradesh,"PLFS Year (Jul - Jun), 2023",15-59,Urban,Female,7.2
India,Andhra Pradesh,"PLFS Year (Jul - Jun), 2023",15-59,Urban,Person,6.3
India,Andhra Pradesh,"PLFS Year (Jul - Jun), 2023",15-59,Rural+Urban,Male,4.6
India,Andhra Pradesh,"PLFS Year (Jul - Jun), 2023",15-59,Rural+Urban,Female,4.0
India,Andhra Pradesh,"PLFS Year (Jul - Jun), 2023",15-59,Rural+Urban,Person,4.4
India,Andhra Pradesh,"PLFS Year (Jul - Jun), 2023",15 years and above,Rural,Male,3.8
India,Andhra Pradesh,"PLFS Year (Jul - Jun), 2023",15 years and above,Rural,Female,2.9
India,Andhra Pradesh,"PLFS Year (Jul - Jun), 2023",15 years and above,Rural,Person,3.4
India,Andhra Pradesh,"PLFS Year (Jul - Jun), 2023",15 years and above,Urban,Male,5.5
India,Andhra Pradesh,"PLFS Year (Jul - Jun), 2023",15 years and above,Urban,Female,6.9
India,Andhra Pradesh,"PLFS Year (Jul - Jun), 2023",15 years and above,Urban,Person,5.9
India,Andhra Pradesh,"PLFS Year (Jul - Jun), 2023",15 years and above,Rural+Urban,Male,4.3
India,Andhra Pradesh,"PLFS Year (Jul - Jun), 2023",15 years and above,Rural+Urban,Female,3.7
India,Andhra Pradesh,"PLFS Year (Jul - Jun), 2023",15 years and above,Rural+Urban,Person,4.1
India,Andhra Pradesh,"PLFS Year (Jul - Jun), 2023",all ages,Rural,Male,3.8
India,Andhra Pradesh,"PLFS Year (Jul - Jun), 2023",all ages,Rural,Female,2.9
India,Andhra Pradesh,"PLFS Year (Jul - Jun), 2023",all ages,Rural,Person,3.4
India,Andhra Pradesh,"PLFS Year (Jul - Jun), 2023",all ages,Urban,Male,5.5
India,Andhra Pradesh,"PLFS Year (Jul - Jun), 2023",all ages,Urban,Female,6.9
India,Andhra Pradesh,"PLFS Year (Jul - Jun), 2023",all ages,Urban,Person,5.9
India,Andhra Pradesh,"PLFS Year (Jul - Jun), 2023",all ages,Rural+Urban,Male,4.3
India,Andhra Pradesh,"PLFS Year (Jul - Jun), 2023",all ages,Rural+Urban,Female,3.7
India,Andhra Pradesh,"PLFS Year (Jul - Jun), 2023",all ages,Rural+Urban,Person,4.1
India,Arunachal Pradesh,"PLFS Year (Jul - Jun), 2023",15-29,Rural,Male,20.0
India,Arunachal Pradesh,"PLFS Year (Jul - Jun), 2023",15-29,Rural,Female,14.3
India,Arunachal Pradesh,"PLFS Year (Jul - Jun), 2023",15-29,Rural,Person,17.4
India,Arunachal Pradesh,"PLFS Year (Jul - Jun), 2023",15-29,Urban,Male,34.2
India,Arunachal Pradesh,"PLFS Year (Jul - Jun), 2023",15-29,Urban,Female,53.8
India,Arunachal Pradesh,"PLFS Year (Jul - Jun), 2023",15-29,Urban,Person,43.0
India,Arunachal Pradesh,"PLFS Year (Jul - Jun), 2023",15-29,Rural+Urban,Male,21.9
India,Arunachal Pradesh,"PLFS Year (Jul - Jun), 2023",15-29,Rural+Urban,Female,19.6
India,Arunachal Pradesh,"PLFS Year (Jul - Jun), 2023",15-29,Rural+Urban,Person,20.9
India,Arunachal Pradesh,"PLFS Year (Jul - Jun), 2023",15-59,Rural,Male,5.8
India,Arunachal Pradesh,"PLFS Year (Jul - Jun), 2023",15-59,Rural,Female,4.8
India,Arunachal Pradesh,"PLFS Year (Jul - Jun), 2023",15-59,Rural,Person,5.4
India,Arunachal Pradesh,"PLFS Year (Jul - Jun), 2023",15-59,Urban,Male,9.7
India,Arunachal Pradesh,"PLFS Year (Jul - Jun), 2023",15-59,Urban,Female,18.4
India,Arunachal Pradesh,"PLFS Year (Jul - Jun), 2023",15-59,Urban,Person,13.1
India,Arunachal Pradesh,"PLFS Year (Jul - Jun), 2023",15-59,Rural+Urban,Male,6.4
India,Arunachal Pradesh,"PLFS Year (Jul - Jun), 2023",15-59,Rural+Urban,Female,6.5
India,Arunachal Pradesh,"PLFS Year (Jul - Jun), 2023",15-59,Rural+Urban,Person,6.5
India,Arunachal Pradesh,"PLFS Year (Jul - Jun), 2023",15 years and above,Rural,Male,5.4
India,Arunachal Pradesh,"PLFS Year (Jul - Jun), 2023",15 years and above,Rural,Female,4.6
India,Arunachal Pradesh,"PLFS Year (Jul - Jun), 2023",15 years and above,Rural,Person,5.1
India,Arunachal Pradesh,"PLFS Year (Jul - Jun), 2023",15 years and above,Urban,Male,9.4
India,Arunachal Pradesh,"PLFS Year (Jul - Jun), 2023",15 years and above,Urban,Female,18.1
India,Arunachal Pradesh,"PLFS Year (Jul - Jun), 2023",15 years and above,Urban,Person,12.8
India,Arunachal Pradesh,"PLFS Year (Jul - Jun), 2023",15 years and above,Rural+Urban,Male,6.1
India,Arunachal Pradesh,"PLFS Year (Jul - Jun), 2023",15 years and above,Rural+Urban,Female,6.2
India,Arunachal Pradesh,"PLFS Year (Jul - Jun), 2023",15 years and above,Rural+Urban,Person,6.1
India,Arunachal Pradesh,"PLFS Year (Jul - Jun), 2023",all ages,Rural,Male,5.4
India,Arunachal Pradesh,"PLFS Year (Jul - Jun), 2023",all ages,Rural,Female,4.6
India,Arunachal Pradesh,"PLFS Year (Jul - Jun), 2023",all ages,Rural,Person,5.0
India,Arunachal Pradesh,"PLFS Year (Jul - Jun), 2023",all ages,Urban,Male,9.4
India,Arunachal Pradesh,"PLFS Year (Jul - Jun), 2023",all ages,Urban,Female,18.1
India,Arunachal Pradesh,"PLFS Year (Jul - Jun), 2023",all ages,Urban,Person,12.8
India,Arunachal Pradesh,"PLFS Year (Jul - Jun), 2023",all ages,Rural+Urban,Male,6.0
India,Arunachal Pradesh,"PLFS Year (Jul - Jun), 2023",all ages,Rural+Urban,Female,6.2
India,Arunachal Pradesh,"PLFS Year (Jul - Jun), 2023",all ages,Rural+Urban,Person,6.1
India,Assam,"PLFS Year (Jul - Jun), 2023",15-29,Rural,Male,12.9
India,Assam,"PLFS Year (Jul - Jun), 2023",15-29,Rural,Female,13.0
India,Assam,"PLFS Year (Jul - Jun), 2023",15-29,Rural,Person,12.9
India,Assam,"PLFS Year (Jul - Jun), 2023",15-29,Urban,Male,21.1
India,Assam,"PLFS Year (Jul - Jun), 2023",15-29,Urban,Female,36.0
India,Assam,"PLFS Year (Jul - Jun), 2023",15-29,Urban,Person,25.2
India,Assam,"PLFS Year (Jul - Jun), 2023",15-29,Rural+Urban,Male,13.7
India,Assam,"PLFS Year (Jul - Jun), 2023",15-29,Rural+Urban,Female,14.7
India,Assam,"PLFS Year (Jul - Jun), 2023",15-29,Rural+Urban,Person,14.1
India,Assam,"PLFS Year (Jul - Jun), 2023",15-59,Rural,Male,3.9
India,Assam,"PLFS Year (Jul - Jun), 2023",15-59,Rural,Female,3.8
India,Assam,"PLFS Year (Jul - Jun), 2023",15-59,Rural,Person,3.9
India,Assam,"PLFS Year (Jul - Jun), 2023",15-59,Urban,Male,6.2
India,Assam,"PLFS Year (Jul - Jun), 2023",15-59,Urban,Female,12.4
India,Assam,"PLFS Year (Jul - Jun), 2023",15-59,Urban,Person,7.9
India,Assam,"PLFS Year (Jul - Jun), 2023",15-59,Rural+Urban,Male,4.2
India,Assam,"PLFS Year (Jul - Jun), 2023",15-59,Rural+Urban,Female,4.4
India,Assam,"PLFS Year (Jul - Jun), 2023",15-59,Rural+Urban,Person,4.3
India,Assam,"PLFS Year (Jul - Jun), 2023",15 years and above,Rural,Male,3.6
India,Assam,"PLFS Year (Jul - Jun), 2023",15 years and above,Rural,Female,3.5
India,Assam,"PLFS Year (Jul - Jun), 2023",15 years and above,Rural,Person,3.5
India,Assam,"PLFS Year (Jul - Jun), 2023",15 years and above,Urban,Male,5.7
India,Assam,"PLFS Year (Jul - Jun), 2023",15 years and above,Urban,Female,11.8
India,Assam,"PLFS Year (Jul - Jun), 2023",15 years and above,Urban,Person,7.4
India,Assam,"PLFS Year (Jul - Jun), 2023",15 years and above,Rural+Urban,Male,3.8
India,Assam,"PLFS Year (Jul - Jun), 2023",15 years and above,Rural+Urban,Female,4.1
India,Assam,"PLFS Year (Jul - Jun), 2023",15 years and above,Rural+Urban,Person,3.9
India,Assam,"PLFS Year (Jul - Jun), 2023",all ages,Rural,Male,3.6
India,Assam,"PLFS Year (Jul - Jun), 2023",all ages,Rural,Female,3.5
India,Assam,"PLFS Year (Jul - Jun), 2023",all ages,Rural,Person,3.5
India,Assam,"PLFS Year (Jul - Jun), 2023",all ages,Urban,Male,5.7
India,Assam,"PLFS Year (Jul - Jun), 2023",all ages,Urban,Female,11.8
India,Assam,"PLFS Year (Jul - Jun), 2023",all ages,Urban,Person,7.4
India,Assam,"PLFS Year (Jul - Jun), 2023",all ages,Rural+Urban,Male,3.8
India,Assam,"PLFS Year (Jul - Jun), 2023",all ages,Rural+Urban,Female,4.1
India,Assam,"PLFS Year (Jul - Jun), 2023",all ages,Rural+Urban,Person,3.9
India,Bihar,"PLFS Year (Jul - Jun), 2023",15-29,Rural,Male,10.6
India,Bihar,"PLFS Year (Jul - Jun), 2023",15-29,Rural,Female,2.1
India,Bihar,"PLFS Year (Jul - Jun), 2023",15-29,Rural,Person,8.8
India,Bihar,"PLFS Year (Jul - Jun), 2023",15-29,Urban,Male,20.3
India,Bihar,"PLFS Year (Jul - Jun), 2023",15-29,Urban,Female,31.1
India,Bihar,"PLFS Year (Jul - Jun), 2023",15-29,Urban,Person,22.2
India,Bihar,"PLFS Year (Jul - Jun), 2023",15-29,Rural+Urban,Male,11.4
India,Bihar,"PLFS Year (Jul - Jun), 2023",15-29,Rural+Urban,Female,4.0
India,Bihar,"PLFS Year (Jul - Jun), 2023",15-29,Rural+Urban,Person,9.9
India,Bihar,"PLFS Year (Jul - Jun), 2023",15-59,Rural,Male,3.7
India,Bihar,"PLFS Year (Jul - Jun), 2023",15-59,Rural,Female,1.0
India,Bihar,"PLFS Year (Jul - Jun), 2023",15-59,Rural,Person,2.9
India,Bihar,"PLFS Year (Jul - Jun), 2023",15-59,Urban,Male,7.3
India,Bihar,"PLFS Year (Jul - Jun), 2023",15-59,Urban,Female,9.7
India,Bihar,"PLFS Year (Jul - Jun), 2023",15-59,Urban,Person,7.7
India,Bihar,"PLFS Year (Jul - Jun), 2023",15-59,Rural+Urban,Male,4.0
India,Bihar,"PLFS Year (Jul - Jun), 2023",15-59,Rural+Urban,Female,1.5
India,Bihar,"PLFS Year (Jul - Jun), 2023",15-59,Rural+Urban,Person,3.3
India,Bihar,"PLFS Year (Jul - Jun), 2023",15 years and above,Rural,Male,3.3
India,Bihar,"PLFS Year (Jul - Jun), 2023",15 years and above,Rural,Female,1.0
India,Bihar,"PLFS Year (Jul - Jun), 2023",15 years and above,Rural,Person,2.6
India,Bihar,"PLFS Year (Jul - Jun), 2023",15 years and above,Urban,Male,6.8
India,Bihar,"PLFS Year (Jul - Jun), 2023",15 years and above,Urban,Female,9.2
India,Bihar,"PLFS Year (Jul - Jun), 2023",15 years and above,Urban,Person,7.3
India,Bihar,"PLFS Year (Jul - Jun), 2023",15 years and above,Rural+Urban,Male,3.6
India,Bihar,"PLFS Year (Jul - Jun), 2023",15 years and above,Rural+Urban,Female,1.4
India,Bihar,"PLFS Year (Jul - Jun), 2023",15 years and above,Rural+Urban,Person,3.0
India,Bihar,"PLFS Year (Jul - Jun), 2023",all ages,Rural,Male,3.3
India,Bihar,"PLFS Year (Jul - Jun), 2023",all ages,Rural,Female,0.9
India,Bihar,"PLFS Year (Jul - Jun), 2023",all ages,Rural,Person,2.6
India,Bihar,"PLFS Year (Jul - Jun), 2023",all ages,Urban,Male,6.9
India,Bihar,"PLFS Year (Jul - Jun), 2023",all ages,Urban,Female,9.1
India,Bihar,"PLFS Year (Jul - Jun), 2023",all ages,Urban,Person,7.3
India,Bihar,"PLFS Year (Jul - Jun), 2023",all ages,Rural+Urban,Male,3.6
India,Bihar,"PLFS Year (Jul - Jun), 2023",all ages,Rural+Urban,Female,1.4
India,Bihar,"PLFS Year (Jul - Jun), 2023",all ages,Rural+Urban,Person,3.0
India,Chandigarh,"PLFS Year (Jul - Jun), 2023",15-29,Rural,Male,
India,Chandigarh,"PLFS Year (Jul - Jun), 2023",15-29,Rural,Female,
India,Chandigarh,"PLFS Year (Jul - Jun), 2023",15-29,Rural,Person,
India,Chandigarh,"PLFS Year (Jul - Jun), 2023",15-29,Urban,Male,7.8
India,Chandigarh,"PLFS Year (Jul - Jun), 2023",15-29,Urban,Female,15.4
India,Chandigarh,"PLFS Year (Jul - Jun), 2023",15-29,Urban,Person,10.3
India,Chandigarh,"PLFS Year (Jul - Jun), 2023",15-29,Rural+Urban,Male,7.8
India,Chandigarh,"PLFS Year (Jul - Jun), 2023",15-29,Rural+Urban,Female,15.4
India,Chandigarh,"PLFS Year (Jul - Jun), 2023",15-29,Rural+Urban,Person,10.3
India,Chandigarh,"PLFS Year (Jul - Jun), 2023",15-59,Rural,Male,
India,Chandigarh,"PLFS Year (Jul - Jun), 2023",15-59,Rural,Female,
India,Chandigarh,"PLFS Year (Jul - Jun), 2023",15-59,Rural,Person,
India,Chandigarh,"PLFS Year (Jul - Jun), 2023",15-59,Urban,Male,4.1
India,Chandigarh,"PLFS Year (Jul - Jun), 2023",15-59,Urban,Female,15.7
India,Chandigarh,"PLFS Year (Jul - Jun), 2023",15-59,Urban,Person,7.4
India,Chandigarh,"PLFS Year (Jul - Jun), 2023",15-59,Rural+Urban,Male,4.1
India,Chandigarh,"PLFS Year (Jul - Jun), 2023",15-59,Rural+Urban,Female,15.7
India,Chandigarh,"PLFS Year (Jul - Jun), 2023",15-59,Rural+Urban,Person,7.4
India,Chandigarh,"PLFS Year (Jul - Jun), 2023",15 years and above,Rural,Male,
India,Chandigarh,"PLFS Year (Jul - Jun), 2023",15 years and above,Rural,Female,
India,Chandigarh,"PLFS Year (Jul - Jun), 2023",15 years and above,Rural,Person,
India,Chandigarh,"PLFS Year (Jul - Jun), 2023",15 years and above,Urban,Male,3.9
India,Chandigarh,"PLFS Year (Jul - Jun), 2023",15 years and above,Urban,Female,15.3
India,Chandigarh,"PLFS Year (Jul - Jun), 2023",15 years and above,Urban,Person,7.1
India,Chandigarh,"PLFS Year (Jul - Jun), 2023",15 years and above,Rural+Urban,Male,3.9
India,Chandigarh,"PLFS Year (Jul - Jun), 2023",15 years and above,Rural+Urban,Female,15.3
India,Chandigarh,"PLFS Year (Jul - Jun), 2023",15 years and above,Rural+Urban,Person,7.1
India,Chandigarh,"PLFS Year (Jul - Jun), 2023",all ages,Rural,Male,
India,Chandigarh,"PLFS Year (Jul - Jun), 2023",all ages,Rural,Female,
India,Chandigarh,"PLFS Year (Jul - Jun), 2023",all ages,Rural,Person,
India,Chandigarh,"PLFS Year (Jul - Jun), 2023",all ages,Urban,Male,3.9
India,Chandigarh,"PLFS Year (Jul - Jun), 2023",all ages,Urban,Female,15.3
India,Chandigarh,"PLFS Year (Jul - Jun), 2023",all ages,Urban,Person,7.1
India,Chandigarh,"PLFS Year (Jul - Jun), 2023",all ages,Rural+Urban,Male,3.9
India,Chandigarh,"PLFS Year (Jul - Jun), 2023",all ages,Rural+Urban,Female,15.3
India,Chandigarh,"PLFS Year (Jul - Jun), 2023",all ages,Rural+Urban,Person,7.1
India,Chhattisgarh,"PLFS Year (Jul - Jun), 2023",15-29,Rural,Male,4.6
India,Chhattisgarh,"PLFS Year (Jul - Jun), 2023",15-29,Rural,Female,2.8
India,Chhattisgarh,"PLFS Year (Jul - Jun), 2023",15-29,Rural,Person,3.9
India,Chhattisgarh,"PLFS Year (Jul - Jun), 2023",15-29,Urban,Male,17.4
India,Chhattisgarh,"PLFS Year (Jul - Jun), 2023",15-29,Urban,Female,26.7
India,Chhattisgarh,"PLFS Year (Jul - Jun), 2023",15-29,Urban,Person,20.6
India,Chhattisgarh,"PLFS Year (Jul - Jun), 2023",15-29,Rural+Urban,Male,6.6
India,Chhattisgarh,"PLFS Year (Jul - Jun), 2023",15-29,Rural+Urban,Female,5.8
India,Chhattisgarh,"PLFS Year (Jul - Jun), 2023",15-29,Rural+Urban,Person,6.3
India,Chhattisgarh,"PLFS Year (Jul - Jun), 2023",15-59,Rural,Male,1.8
India,Chhattisgarh,"PLFS Year (Jul - Jun), 2023",15-59,Rural,Female,1.4
India,Chhattisgarh,"PLFS Year (Jul - Jun), 2023",15-59,Rural,Person,1.6
India,Chhattisgarh,"PLFS Year (Jul - Jun), 2023",15-59,Urban,Male,6.6
India,Chhattisgarh,"PLFS Year (Jul - Jun), 2023",15-59,Urban,Female,10.9
India,Chhattisgarh,"PLFS Year (Jul - Jun), 2023",15-59,Urban,Person,7.9
India,Chhattisgarh,"PLFS Year (Jul - Jun), 2023",15-59,Rural+Urban,Male,2.8
India,Chhattisgarh,"PLFS Year (Jul - Jun), 2023",15-59,Rural+Urban,Female,2.5
India,Chhattisgarh,"PLFS Year (Jul - Jun), 2023",15-59,Rural+Urban,Person,2.7
India,Chhattisgarh,"PLFS Year (Jul - Jun), 2023",15 years and above,Rural,Male,1.6
India,Chhattisgarh,"PLFS Year (Jul - Jun), 2023",15 years and above,Rural,Female,1.3
India,Chhattisgarh,"PLFS Year (Jul - Jun), 2023",15 years and above,Rural,Person,1.5
India,Chhattisgarh,"PLFS Year (Jul - Jun), 2023",15 years and above,Urban,Male,6.4
India,Chhattisgarh,"PLFS Year (Jul - Jun), 2023",15 years and above,Urban,Female,10.6
India,Chhattisgarh,"PLFS Year (Jul - Jun), 2023",15 years and above,Urban,Person,7.6
India,Chhattisgarh,"PLFS Year (Jul - Jun), 2023",15 years and above,Rural+Urban,Male,2.6
India,Chhattisgarh,"PLFS Year (Jul - Jun), 2023",15 years and above,Rural+Urban,Female,2.4
India,Chhattisgarh,"PLFS Year (Jul - Jun), 2023",15 years and above,Rural+Urban,Person,2.5
India,Chhattisgarh,"PLFS Year (Jul - Jun), 2023",all ages,Rural,Male,1.6
India,Chhattisgarh,"PLFS Year (Jul - Jun), 2023",all ages,Rural,Female,1.3
India,Chhattisgarh,"PLFS Year (Jul - Jun), 2023",all ages,Rural,Person,1.5
India,Chhattisgarh,"PLFS Year (Jul - Jun), 2023",all ages,Urban,Male,6.5
India,Chhattisgarh,"PLFS Year (Jul - Jun), 2023",all ages,Urban,Female,10.6
India,Chhattisgarh,"PLFS Year (Jul - Jun), 2023",all ages,Urban,Person,7.6
India,Chhattisgarh,"PLFS Year (Jul - Jun), 2023",all ages,Rural+Urban,Male,2.6
India,Chhattisgarh,"PLFS Year (Jul - Jun), 2023",all ages,Rural+Urban,Female,2.4
India,Chhattisgarh,"PLFS Year (Jul - Jun), 2023",all ages,Rural+Urban,Person,2.5
India,Delhi,"PLFS Year (Jul - Jun), 2023",15-29,Rural,Male,8.8
India,Delhi,"PLFS Year (Jul - Jun), 2023",15-29,Rural,Female,99.2
India,Delhi,"PLFS Year (Jul - Jun), 2023",15-29,Rural,Person,15.9
India,Delhi,"PLFS Year (Jul - Jun), 2023",15-29,Urban,Male,4.4
India,Delhi,"PLFS Year (Jul - Jun), 2023",15-29,Urban,Female,3.5
India,Delhi,"PLFS Year (Jul - Jun), 2023",15-29,Urban,Person,4.2
India,Delhi,"PLFS Year (Jul - Jun), 2023",15-29,Rural+Urban,Male,4.6
India,Delhi,"PLFS Year (Jul - Jun), 2023",15-29,Rural+Urban,Female,4.8
India,Delhi,"PLFS Year (Jul - Jun), 2023",15-29,Rural+Urban,Person,4.6
India,Delhi,"PLFS Year (Jul - Jun), 2023",15-59,Rural,Male,3.6
India,Delhi,"PLFS Year (Jul - Jun), 2023",15-59,Rural,Female,19.8
India,Delhi,"PLFS Year (Jul - Jun), 2023",15-59,Rural,Person,6.0
India,Delhi,"PLFS Year (Jul - Jun), 2023",15-59,Urban,Male,2.3
India,Delhi,"PLFS Year (Jul - Jun), 2023",15-59,Urban,Female,1.1
India,Delhi,"PLFS Year (Jul - Jun), 2023",15-59,Urban,Person,2.0
India,Delhi,"PLFS Year (Jul - Jun), 2023",15-59,Rural+Urban,Male,2.3
India,Delhi,"PLFS Year (Jul - Jun), 2023",15-59,Rural+Urban,Female,1.5
India,Delhi,"PLFS Year (Jul - Jun), 2023",15-59,Rural+Urban,Person,2.1
India,Delhi,"PLFS Year (Jul - Jun), 2023",15 years and above,Rural,Male,3.6
India,Delhi,"PLFS Year (Jul - Jun), 2023",15 years and above,Rural,Female,19.5
India,Delhi,"PLFS Year (Jul - Jun), 2023",15 years and above,Rural,Person,6.0
India,Delhi,"PLFS Year (Jul - Jun), 2023",15 years and above,Urban,Male,2.2
India,Delhi,"PLFS Year (Jul - Jun), 2023",15 years and above,Urban,Female,1.1
India,Delhi,"PLFS Year (Jul - Jun), 2023",15 years and above,Urban,Person,2.0
India,Delhi,"PLFS Year (Jul - Jun), 2023",15 years and above,Rural+Urban,Male,2.2
India,Delhi,"PLFS Year (Jul - Jun), 2023",15 years and above,Rural+Urban,Female,1.5
India,Delhi,"PLFS Year (Jul - Jun), 2023",15 years and above,Rural+Urban,Person,2.1
India,Delhi,"PLFS Year (Jul - Jun), 2023",all ages,Rural,Male,3.6
India,Delhi,"PLFS Year (Jul - Jun), 2023",all ages,Rural,Female,19.5
India,Delhi,"PLFS Year (Jul - Jun), 2023",all ages,Rural,Person,6.0
India,Delhi,"PLFS Year (Jul - Jun), 2023",all ages,Urban,Male,2.2
India,Delhi,"PLFS Year (Jul - Jun), 2023",all ages,Urban,Female,1.1
India,Delhi,"PLFS Year (Jul - Jun), 2023",all ages,Urban,Person,2.0
India,Delhi,"PLFS Year (Jul - Jun), 2023",all ages,Rural+Urban,Male,2.2
India,Delhi,"PLFS Year (Jul - Jun), 2023",all ages,Rural+Urban,Female,1.5
India,Delhi,"PLFS Year (Jul - Jun), 2023",all ages,Rural+Urban,Person,2.1
India,Goa,"PLFS Year (Jul - Jun), 2023",15-29,Rural,Male,14.5
India,Goa,"PLFS Year (Jul - Jun), 2023",15-29,Rural,Female,32.6
India,Goa,"PLFS Year (Jul - Jun), 2023",15-29,Rural,Person,18.4
India,Goa,"PLFS Year (Jul - Jun), 2023",15-29,Urban,Male,11.9
India,Goa,"PLFS Year (Jul - Jun), 2023",15-29,Urban,Female,30.3
India,Goa,"PLFS Year (Jul - Jun), 2023",15-29,Urban,Person,19.7
India,Goa,"PLFS Year (Jul - Jun), 2023",15-29,Rural+Urban,Male,13.2
India,Goa,"PLFS Year (Jul - Jun), 2023",15-29,Rural+Urban,Female,31.0
India,Goa,"PLFS Year (Jul - Jun), 2023",15-29,Rural+Urban,Person,19.1
India,Goa,"PLFS Year (Jul - Jun), 2023",15-59,Rural,Male,7.6
India,Goa,"PLFS Year (Jul - Jun), 2023",15-59,Rural,Female,14.5
India,Goa,"PLFS Year (Jul - Jun), 2023",15-59,Rural,Person,9.4
India,Goa,"PLFS Year (Jul - Jun), 2023",15-59,Urban,Male,3.9
India,Goa,"PLFS Year (Jul - Jun), 2023",15-59,Urban,Female,19.0
India,Goa,"PLFS Year (Jul - Jun), 2023",15-59,Urban,Person,8.5
India,Goa,"PLFS Year (Jul - Jun), 2023",15-59,Rural+Urban,Male,5.5
India,Goa,"PLFS Year (Jul - Jun), 2023",15-59,Rural+Urban,Female,17.3
India,Goa,"PLFS Year (Jul - Jun), 2023",15-59,Rural+Urban,Person,8.9
India,Goa,"PLFS Year (Jul - Jun), 2023",15 years and above,Rural,Male,7.1
India,Goa,"PLFS Year (Jul - Jun), 2023",15 years and above,Rural,Female,13.8
India,Goa,"PLFS Year (Jul - Jun), 2023",15 years and above,Rural,Person,8.9
India,Goa,"PLFS Year (Jul - Jun), 2023",15 years and above,Urban,Male,3.8
India,Goa,"PLFS Year (Jul - Jun), 2023",15 years and above,Urban,Female,18.6
India,Goa,"PLFS Year (Jul - Jun), 2023",15 years and above,Urban,Person,8.2
India,Goa,"PLFS Year (Jul - Jun), 2023",15 years and above,Rural+Urban,Male,5.2
India,Goa,"PLFS Year (Jul - Jun), 2023",15 years and above,Rural+Urban,Female,16.7
India,Goa,"PLFS Year (Jul - Jun), 2023",15 years and above,Rural+Urban,Person,8.5
India,Goa,"PLFS Year (Jul - Jun), 2023",all ages,Rural,Male,7.1
India,Goa,"PLFS Year (Jul - Jun), 2023",all ages,Rural,Female,13.8
India,Goa,"PLFS Year (Jul - Jun), 2023",all ages,Rural,Person,8.9
India,Goa,"PLFS Year (Jul - Jun), 2023",all ages,Urban,Male,3.8
India,Goa,"PLFS Year (Jul - Jun), 2023",all ages,Urban,Female,18.6
India,Goa,"PLFS Year (Jul - Jun), 2023",all ages,Urban,Person,8.2
India,Goa,"PLFS Year (Jul - Jun), 2023",all ages,Rural+Urban,Male,5.2
India,Goa,"PLFS Year (Jul - Jun), 2023",all ages,Rural+Urban,Female,16.7
India,Goa,"PLFS Year (Jul - Jun), 2023",all ages,Rural+Urban,Person,8.5
India,Gujarat,"PLFS Year (Jul - Jun), 2023",15-29,Rural,Male,1.4
India,Gujarat,"PLFS Year (Jul - Jun), 2023",15-29,Rural,Female,0.7
India,Gujarat,"PLFS Year (Jul - Jun), 2023",15-29,Rural,Person,1.2
India,Gujarat,"PLFS Year (Jul - Jun), 2023",15-29,Urban,Male,5.9
India,Gujarat,"PLFS Year (Jul - Jun), 2023",15-29,Urban,Female,7.8
India,Gujarat,"PLFS Year (Jul - Jun), 2023",15-29,Urban,Person,6.4
India,Gujarat,"PLFS Year (Jul - Jun), 2023",15-29,Rural+Urban,Male,3.3
India,Gujarat,"PLFS Year (Jul - Jun), 2023",15-29,Rural+Urban,Female,2.7
India,Gujarat,"PLFS Year (Jul - Jun), 2023",15-29,Rural+Urban,Person,3.1
India,Gujarat,"PLFS Year (Jul - Jun), 2023",15-59,Rural,Male,0.5
India,Gujarat,"PLFS Year (Jul - Jun), 2023",15-59,Rural,Female,0.2
India,Gujarat,"PLFS Year (Jul - Jun), 2023",15-59,Rural,Person,0.4
India,Gujarat,"PLFS Year (Jul - Jun), 2023",15-59,Urban,Male,2.1
India,Gujarat,"PLFS Year (Jul - Jun), 2023",15-59,Urban,Female,3.4
India,Gujarat,"PLFS Year (Jul - Jun), 2023",15-59,Urban,Person,2.5
India,Gujarat,"PLFS Year (Jul - Jun), 2023",15-59,Rural+Urban,Male,1.2
India,Gujarat,"PLFS Year (Jul - Jun), 2023",15-59,Rural+Urban,Female,1.1
India,Gujarat,"PLFS Year (Jul - Jun), 2023",15-59,Rural+Urban,Person,1.2
India,Gujarat,"PLFS Year (Jul - Jun), 2023",15 years and above,Rural,Male,0.5
India,Gujarat,"PLFS Year (Jul - Jun), 2023",15 years and above,Rural,Female,0.2
India,Gujarat,"PLFS Year (Jul - Jun), 2023",15 years and above,Rural,Person,0.4
India,Gujarat,"PLFS Year (Jul - Jun), 2023",15 years and above,Urban,Male,2.0
India,Gujarat,"PLFS Year (Jul - Jun), 2023",15 years and above,Urban,Female,3.3
India,Gujarat,"PLFS Year (Jul - Jun), 2023",15 years and above,Urban,Person,2.3
India,Gujarat,"PLFS Year (Jul - Jun), 2023",15 years and above,Rural+Urban,Male,1.1
India,Gujarat,"PLFS Year (Jul - Jun), 2023",15 years and above,Rural+Urban,Female,1.0
India,Gujarat,"PLFS Year (Jul - Jun), 2023",15 years and above,Rural+Urban,Person,1.1
India,Gujarat,"PLFS Year (Jul - Jun), 2023",all ages,Rural,Male,0.5
India,Gujarat,"PLFS Year (Jul - Jun), 2023",all ages,Rural,Female,0.2
India,Gujarat,"PLFS Year (Jul - Jun), 2023",all ages,Rural,Person,0.4
India,Gujarat,"PLFS Year (Jul - Jun), 2023",all ages,Urban,Male,2.0
India,Gujarat,"PLFS Year (Jul - Jun), 2023",all ages,Urban,Female,3.3
India,Gujarat,"PLFS Year (Jul - Jun), 2023",all ages,Urban,Person,2.3
India,Gujarat,"PLFS Year (Jul - Jun), 2023",all ages,Rural+Urban,Male,1.1
India,Gujarat,"PLFS Year (Jul - Jun), 2023",all ages,Rural+Urban,Female,1.0
India,Gujarat,"PLFS Year (Jul - Jun), 2023",all ages,Rural+Urban,Person,1.1
India,Haryana,"PLFS Year (Jul - Jun), 2023",15-29,Rural,Male,11.8
India,Haryana,"PLFS Year (Jul - Jun), 2023",15-29,Rural,Female,6.7
India,Haryana,"PLFS Year (Jul - Jun), 2023",15-29,Rural,Person,11.0
India,Haryana,"PLFS Year (Jul - Jun), 2023",15-29,Urban,Male,9.8
India,Haryana,"PLFS Year (Jul - Jun), 2023",15-29,Urban,Female,11.5
India,Haryana,"PLFS Year (Jul - Jun), 2023",15-29,Urban,Person,10.2
India,Haryana,"PLFS Year (Jul - Jun), 2023",15-29,Rural+Urban,Male,11.0
India,Haryana,"PLFS Year (Jul - Jun), 2023",15-29,Rural+Urban,Female,8.9
India,Haryana,"PLFS Year (Jul - Jun), 2023",15-29,Rural+Urban,Person,10.7
India,Haryana,"PLFS Year (Jul - Jun), 2023",15-59,Rural,Male,3.8
India,Haryana,"PLFS Year (Jul - Jun), 2023",15-59,Rural,Female,1.8
India,Haryana,"PLFS Year (Jul - Jun), 2023",15-59,Rural,Person,3.3
India,Haryana,"PLFS Year (Jul - Jun), 2023",15-59,Urban,Male,4.3
India,Haryana,"PLFS Year (Jul - Jun), 2023",15-59,Urban,Female,3.4
India,Haryana,"PLFS Year (Jul - Jun), 2023",15-59,Urban,Person,4.1
India,Haryana,"PLFS Year (Jul - Jun), 2023",15-59,Rural+Urban,Male,4.0
India,Haryana,"PLFS Year (Jul - Jun), 2023",15-59,Rural+Urban,Female,2.3
India,Haryana,"PLFS Year (Jul - Jun), 2023",15-59,Rural+Urban,Person,3.6
India,Haryana,"PLFS Year (Jul - Jun), 2023",15 years and above,Rural,Male,3.6
India,Haryana,"PLFS Year (Jul - Jun), 2023",15 years and above,Rural,Female,1.7
India,Haryana,"PLFS Year (Jul - Jun), 2023",15 years and above,Rural,Person,3.1
India,Haryana,"PLFS Year (Jul - Jun), 2023",15 years and above,Urban,Male,4.1
India,Haryana,"PLFS Year (Jul - Jun), 2023",15 years and above,Urban,Female,3.3
India,Haryana,"PLFS Year (Jul - Jun), 2023",15 years and above,Urban,Person,4.0
India,Haryana,"PLFS Year (Jul - Jun), 2023",15 years and above,Rural+Urban,Male,3.8
India,Haryana,"PLFS Year (Jul - Jun), 2023",15 years and above,Rural+Urban,Female,2.2
India,Haryana,"PLFS Year (Jul - Jun), 2023",15 years and above,Rural+Urban,Person,3.4
India,Haryana,"PLFS Year (Jul - Jun), 2023",all ages,Rural,Male,3.6
India,Haryana,"PLFS Year (Jul - Jun), 2023",all ages,Rural,Female,1.7
India,Haryana,"PLFS Year (Jul - Jun), 2023",all ages,Rural,Person,3.1
India,Haryana,"PLFS Year (Jul - Jun), 2023",all ages,Urban,Male,4.1
India,Haryana,"PLFS Year (Jul - Jun), 2023",all ages,Urban,Female,3.3
India,Haryana,"PLFS Year (Jul - Jun), 2023",all ages,Urban,Person,4.0
India,Haryana,"PLFS Year (Jul - Jun), 2023",all ages,Rural+Urban,Male,3.8
India,Haryana,"PLFS Year (Jul - Jun), 2023",all ages,Rural+Urban,Female,2.2
India,Haryana,"PLFS Year (Jul - Jun), 2023",all ages,Rural+Urban,Person,3.4
India,Himachal Pradesh,"PLFS Year (Jul - Jun), 2023",15-29,Rural,Male,12.1
India,Himachal Pradesh,"PLFS Year (Jul - Jun), 2023",15-29,Rural,Female,20.4
India,Himachal Pradesh,"PLFS Year (Jul - Jun), 2023",15-29,Rural,Person,16.0
India,Himachal Pradesh,"PLFS Year (Jul - Jun), 2023",15-29,Urban,Male,9.6
India,Himachal Pradesh,"PLFS Year (Jul - Jun), 2023",15-29,Urban,Female,42.3
India,Himachal Pradesh,"PLFS Year (Jul - Jun), 2023",15-29,Urban,Person,19.0
India,Himachal Pradesh,"PLFS Year (Jul - Jun), 2023",15-29,Rural+Urban,Male,11.7
India,Himachal Pradesh,"PLFS Year (Jul - Jun), 2023",15-29,Rural+Urban,Female,22.1
India,Himachal Pradesh,"PLFS Year (Jul - Jun), 2023",15-29,Rural+Urban,Person,16.3
India,Himachal Pradesh,"PLFS Year (Jul - Jun), 2023",15-59,Rural,Male,3.7
India,Himachal Pradesh,"PLFS Year (Jul - Jun), 2023",15-59,Rural,Female,7.8
India,Himachal Pradesh,"PLFS Year (Jul - Jun), 2023",15-59,Rural,Person,5.7
India,Himachal Pradesh,"PLFS Year (Jul - Jun), 2023",15-59,Urban,Male,5.2
India,Himachal Pradesh,"PLFS Year (Jul - Jun), 2023",15-59,Urban,Female,18.8
India,Himachal Pradesh,"PLFS Year (Jul - Jun), 2023",15-59,Urban,Person,9.6
India,Himachal Pradesh,"PLFS Year (Jul - Jun), 2023",15-59,Rural+Urban,Male,3.9
India,Himachal Pradesh,"PLFS Year (Jul - Jun), 2023",15-59,Rural+Urban,Female,8.6
India,Himachal Pradesh,"PLFS Year (Jul - Jun), 2023",15-59,Rural+Urban,Person,6.2
India,Himachal Pradesh,"PLFS Year (Jul - Jun), 2023",15 years and above,Rural,Male,3.2
India,Himachal Pradesh,"PLFS Year (Jul - Jun), 2023",15 years and above,Rural,Female,7.0
India,Himachal Pradesh,"PLFS Year (Jul - Jun), 2023",15 years and above,Rural,Person,5.0
India,Himachal Pradesh,"PLFS Year (Jul - Jun), 2023",15 years and above,Urban,Male,4.8
India,Himachal Pradesh,"PLFS Year (Jul - Jun), 2023",15 years and above,Urban,Female,18.2
India,Himachal Pradesh,"PLFS Year (Jul - Jun), 2023",15 years and above,Urban,Person,9.0
India,Himachal Pradesh,"PLFS Year (Jul - Jun), 2023",15 years and above,Rural+Urban,Male,3.4
India,Himachal Pradesh,"PLFS Year (Jul - Jun), 2023",15 years and above,Rural+Urban,Female,7.8
India,Himachal Pradesh,"PLFS Year (Jul - Jun), 2023",15 years and above,Rural+Urban,Person,5.5
India,Himachal Pradesh,"PLFS Year (Jul - Jun), 2023",all ages,Rural,Male,3.2
India,Himachal Pradesh,"PLFS Year (Jul - Jun), 2023",all ages,Rural,Female,7.0
India,Himachal Pradesh,"PLFS Year (Jul - Jun), 2023",all ages,Rural,Person,5.0
India,Himachal Pradesh,"PLFS Year (Jul - Jun), 2023",all ages,Urban,Male,4.8
India,Himachal Pradesh,"PLFS Year (Jul - Jun), 2023",all ages,Urban,Female,18.2
India,Himachal Pradesh,"PLFS Year (Jul - Jun), 2023",all ages,Urban,Person,9.0
India,Himachal Pradesh,"PLFS Year (Jul - Jun), 2023",all ages,Rural+Urban,Male,3.4
India,Himachal Pradesh,"PLFS Year (Jul - Jun), 2023",all ages,Rural+Urban,Female,7.8
India,Himachal Pradesh,"PLFS Year (Jul - Jun), 2023",all ages,Rural+Urban,Person,5.4
India,Jammu and Kashmir,"PLFS Year (Jul - Jun), 2023",15-29,Rural,Male,10.6
India,Jammu and Kashmir,"PLFS Year (Jul - Jun), 2023",15-29,Rural,Female,23.0
India,Jammu and Kashmir,"PLFS Year (Jul - Jun), 2023",15-29,Rural,Person,15.3
India,Jammu and Kashmir,"PLFS Year (Jul - Jun), 2023",15-29,Urban,Male,17.7
India,Jammu and Kashmir,"PLFS Year (Jul - Jun), 2023",15-29,Urban,Female,49.6
India,Jammu and Kashmir,"PLFS Year (Jul - Jun), 2023",15-29,Urban,Person,28.5
India,Jammu and Kashmir,"PLFS Year (Jul - Jun), 2023",15-29,Rural+Urban,Male,11.8
India,Jammu and Kashmir,"PLFS Year (Jul - Jun), 2023",15-29,Rural+Urban,Female,26.7
India,Jammu and Kashmir,"PLFS Year (Jul - Jun), 2023",15-29,Rural+Urban,Person,17.4
India,Jammu and Kashmir,"PLFS Year (Jul - Jun), 2023",15-59,Rural,Male,3.9
India,Jammu and Kashmir,"PLFS Year (Jul - Jun), 2023",15-59,Rural,Female,7.7
India,Jammu and Kashmir,"PLFS Year (Jul - Jun), 2023",15-59,Rural,Person,5.5
India,Jammu and Kashmir,"PLFS Year (Jul - Jun), 2023",15-59,Urban,Male,5.2
India,Jammu and Kashmir,"PLFS Year (Jul - Jun), 2023",15-59,Urban,Female,28.6
India,Jammu and Kashmir,"PLFS Year (Jul - Jun), 2023",15-59,Urban,Person,12.2
India,Jammu and Kashmir,"PLFS Year (Jul - Jun), 2023",15-59,Rural+Urban,Male,4.2
India,Jammu and Kashmir,"PLFS Year (Jul - Jun), 2023",15-59,Rural+Urban,Female,10.4
India,Jammu and Kashmir,"PLFS Year (Jul - Jun), 2023",15-59,Rural+Urban,Person,6.7
India,Jammu and Kashmir,"PLFS Year (Jul - Jun), 2023",15 years and above,Rural,Male,3.5
India,Jammu and Kashmir,"PLFS Year (Jul - Jun), 2023",15 years and above,Rural,Female,7.1
India,Jammu and Kashmir,"PLFS Year (Jul - Jun), 2023",15 years and above,Rural,Person,5.0
India,Jammu and Kashmir,"PLFS Year (Jul - Jun), 2023",15 years and above,Urban,Male,4.8
India,Jammu and Kashmir,"PLFS Year (Jul - Jun), 2023",15 years and above,Urban,Female,27.2
India,Jammu and Kashmir,"PLFS Year (Jul - Jun), 2023",15 years and above,Urban,Person,11.4
India,Jammu and Kashmir,"PLFS Year (Jul - Jun), 2023",15 years and above,Rural+Urban,Male,3.8
India,Jammu and Kashmir,"PLFS Year (Jul - Jun), 2023",15 years and above,Rural+Urban,Female,9.7
India,Jammu and Kashmir,"PLFS Year (Jul - Jun), 2023",15 years and above,Rural+Urban,Person,6.1
India,Jammu and Kashmir,"PLFS Year (Jul - Jun), 2023",all ages,Rural,Male,3.5
India,Jammu and Kashmir,"PLFS Year (Jul - Jun), 2023",all ages,Rural,Female,7.1
India,Jammu and Kashmir,"PLFS Year (Jul - Jun), 2023",all ages,Rural,Person,5.0
India,Jammu and Kashmir,"PLFS Year (Jul - Jun), 2023",all ages,Urban,Male,4.8
India,Jammu and Kashmir,"PLFS Year (Jul - Jun), 2023",all ages,Urban,Female,27.2
India,Jammu and Kashmir,"PLFS Year (Jul - Jun), 2023",all ages,Urban,Person,11.4
India,Jammu and Kashmir,"PLFS Year (Jul - Jun), 2023",all ages,Rural+Urban,Male,3.8
India,Jammu and Kashmir,"PLFS Year (Jul - Jun), 2023",all ages,Rural+Urban,Female,9.7
India,Jammu and Kashmir,"PLFS Year (Jul - Jun), 2023",all ages,Rural+Urban,Person,6.1
India,Jharkhand,"PLFS Year (Jul - Jun), 2023",15-29,Rural,Male,2.5
India,Jharkhand,"PLFS Year (Jul - Jun), 2023",15-29,Rural,Female,0.2
India,Jharkhand,"PLFS Year (Jul - Jun), 2023",15-29,Rural,Person,1.6
India,Jharkhand,"PLFS Year (Jul - Jun), 2023",15-29,Urban,Male,16.6
India,Jharkhand,"PLFS Year (Jul - Jun), 2023",15-29,Urban,Female,16.7
India,Jharkhand,"PLFS Year (Jul - Jun), 2023",15-29,Urban,Person,16.6
India,Jharkhand,"PLFS Year (Jul - Jun), 2023",15-29,Rural+Urban,Male,4.8
India,Jharkhand,"PLFS Year (Jul - Jun), 2023",15-29,Rural+Urban,Female,1.5
India,Jharkhand,"PLFS Year (Jul - Jun), 2023",15-29,Rural+Urban,Person,3.6
India,Jharkhand,"PLFS Year (Jul - Jun), 2023",15-59,Rural,Male,0.9
India,Jharkhand,"PLFS Year (Jul - Jun), 2023",15-59,Rural,Female,0.1
India,Jharkhand,"PLFS Year (Jul - Jun), 2023",15-59,Rural,Person,0.6
India,Jharkhand,"PLFS Year (Jul - Jun), 2023",15-59,Urban,Male,6.1
India,Jharkhand,"PLFS Year (Jul - Jun), 2023",15-59,Urban,Female,6.0
India,Jharkhand,"PLFS Year (Jul - Jun), 2023",15-59,Urban,Person,6.1
India,Jharkhand,"PLFS Year (Jul - Jun), 2023",15-59,Rural+Urban,Male,1.9
India,Jharkhand,"PLFS Year (Jul - Jun), 2023",15-59,Rural+Urban,Female,0.5
India,Jharkhand,"PLFS Year (Jul - Jun), 2023",15-59,Rural+Urban,Person,1.4
India,Jharkhand,"PLFS Year (Jul - Jun), 2023",15 years and above,Rural,Male,0.8
India,Jharkhand,"PLFS Year (Jul - Jun), 2023",15 years and above,Rural,Female,0.1
India,Jharkhand,"PLFS Year (Jul - Jun), 2023",15 years and above,Rural,Person,0.5
India,Jharkhand,"PLFS Year (Jul - Jun), 2023",15 years and above,Urban,Male,5.8
India,Jharkhand,"PLFS Year (Jul - Jun), 2023",15 years and above,Urban,Female,5.8
India,Jharkhand,"PLFS Year (Jul - Jun), 2023",15 years and above,Urban,Person,5.8
India,Jharkhand,"PLFS Year (Jul - Jun), 2023",15 years and above,Rural+Urban,Male,1.8
India,Jharkhand,"PLFS Year (Jul - Jun), 2023",15 years and above,Rural+Urban,Female,0.5
India,Jharkhand,"PLFS Year (Jul - Jun), 2023",15 years and above,Rural+Urban,Person,1.3
India,Jharkhand,"PLFS Year (Jul - Jun), 2023",all ages,Rural,Male,0.8
India,Jharkhand,"PLFS Year (Jul - Jun), 2023",all ages,Rural,Female,0.0
India,Jharkhand,"PLFS Year (Jul - Jun), 2023",all ages,Rural,Person,0.5
India,Jharkhand,"PLFS Year (Jul - Jun), 2023",all ages,Urban,Male,5.8
India,Jharkhand,"PLFS Year (Jul - Jun), 2023",all ages,Urban,Female,5.8
India,Jharkhand,"PLFS Year (Jul - Jun), 2023",all ages,Urban,Person,5.8
India,Jharkhand,"PLFS Year (Jul - Jun), 2023",all ages,Rural+Urban,Male,1.8
India,Jharkhand,"PLFS Year (Jul - Jun), 2023",all ages,Rural+Urban,Female,0.5
India,Jharkhand,"PLFS Year (Jul - Jun), 2023",all ages,Rural+Urban,Person,1.3
India,Karnataka,"PLFS Year (Jul - Jun), 2023",15-29,Rural,Male,9.0
India,Karnataka,"PLFS Year (Jul - Jun), 2023",15-29,Rural,Female,6.7
India,Karnataka,"PLFS Year (Jul - Jun), 2023",15-29,Rural,Person,8.5
India,Karnataka,"PLFS Year (Jul - Jun), 2023",15-29,Urban,Male,12.3
India,Karnataka,"PLFS Year (Jul - Jun), 2023",15-29,Urban,Female,13.1
India,Karnataka,"PLFS Year (Jul - Jun), 2023",15-29,Urban,Person,12.6
India,Karnataka,"PLFS Year (Jul - Jun), 2023",15-29,Rural+Urban,Male,10.3
India,Karnataka,"PLFS Year (Jul - Jun), 2023",15-29,Rural+Urban,Female,9.7
India,Karnataka,"PLFS Year (Jul - Jun), 2023",15-29,Rural+Urban,Person,10.2
India,Karnataka,"PLFS Year (Jul - Jun), 2023",15-59,Rural,Male,2.8
India,Karnataka,"PLFS Year (Jul - Jun), 2023",15-59,Rural,Female,1.0
India,Karnataka,"PLFS Year (Jul - Jun), 2023",15-59,Rural,Person,2.1
India,Karnataka,"PLFS Year (Jul - Jun), 2023",15-59,Urban,Male,4.3
India,Karnataka,"PLFS Year (Jul - Jun), 2023",15-59,Urban,Female,4.5
India,Karnataka,"PLFS Year (Jul - Jun), 2023",15-59,Urban,Person,4.4
India,Karnataka,"PLFS Year (Jul - Jun), 2023",15-59,Rural+Urban,Male,3.4
India,Karnataka,"PLFS Year (Jul - Jun), 2023",15-59,Rural+Urban,Female,2.0
India,Karnataka,"PLFS Year (Jul - Jun), 2023",15-59,Rural+Urban,Person,2.9
India,Karnataka,"PLFS Year (Jul - Jun), 2023",15 years and above,Rural,Male,2.5
India,Karnataka,"PLFS Year (Jul - Jun), 2023",15 years and above,Rural,Female,0.9
India,Karnataka,"PLFS Year (Jul - Jun), 2023",15 years and above,Rural,Person,1.9
India,Karnataka,"PLFS Year (Jul - Jun), 2023",15 years and above,Urban,Male,4.1
India,Karnataka,"PLFS Year (Jul - Jun), 2023",15 years and above,Urban,Female,4.4
India,Karnataka,"PLFS Year (Jul - Jun), 2023",15 years and above,Urban,Person,4.2
India,Karnataka,"PLFS Year (Jul - Jun), 2023",15 years and above,Rural+Urban,Male,3.1
India,Karnataka,"PLFS Year (Jul - Jun), 2023",15 years and above,Rural+Urban,Female,1.9
India,Karnataka,"PLFS Year (Jul - Jun), 2023",15 years and above,Rural+Urban,Person,2.7
India,Karnataka,"PLFS Year (Jul - Jun), 2023",all ages,Rural,Male,2.5
India,Karnataka,"PLFS Year (Jul - Jun), 2023",all ages,Rural,Female,0.9
India,Karnataka,"PLFS Year (Jul - Jun), 2023",all ages,Rural,Person,1.9
India,Karnataka,"PLFS Year (Jul - Jun), 2023",all ages,Urban,Male,4.1
India,Karnataka,"PLFS Year (Jul - Jun), 2023",all ages,Urban,Female,4.4
India,Karnataka,"PLFS Year (Jul - Jun), 2023",all ages,Urban,Person,4.2
India,Karnataka,"PLFS Year (Jul - Jun), 2023",all ages,Rural+Urban,Male,3.1
India,Karnataka,"PLFS Year (Jul - Jun), 2023",all ages,Rural+Urban,Female,1.9
India,Karnataka,"PLFS Year (Jul - Jun), 2023",all ages,Rural+Urban,Person,2.7
India,Kerala,"PLFS Year (Jul - Jun), 2023",15-29,Rural,Male,22.2
India,Kerala,"PLFS Year (Jul - Jun), 2023",15-29,Rural,Female,56.6
India,Kerala,"PLFS Year (Jul - Jun), 2023",15-29,Rural,Person,35.1
India,Kerala,"PLFS Year (Jul - Jun), 2023",15-29,Urban,Male,15.9
India,Kerala,"PLFS Year (Jul - Jun), 2023",15-29,Urban,Female,37.0
India,Kerala,"PLFS Year (Jul - Jun), 2023",15-29,Urban,Person,24.1
India,Kerala,"PLFS Year (Jul - Jun), 2023",15-29,Rural+Urban,Male,19.3
India,Kerala,"PLFS Year (Jul - Jun), 2023",15-29,Rural+Urban,Female,47.1
India,Kerala,"PLFS Year (Jul - Jun), 2023",15-29,Rural+Urban,Person,29.9
India,Kerala,"PLFS Year (Jul - Jun), 2023",15-59,Rural,Male,5.8
India,Kerala,"PLFS Year (Jul - Jun), 2023",15-59,Rural,Female,15.0
India,Kerala,"PLFS Year (Jul - Jun), 2023",15-59,Rural,Person,9.6
India,Kerala,"PLFS Year (Jul - Jun), 2023",15-59,Urban,Male,5.0
India,Kerala,"PLFS Year (Jul - Jun), 2023",15-59,Urban,Female,12.6
India,Kerala,"PLFS Year (Jul - Jun), 2023",15-59,Urban,Person,7.9
India,Kerala,"PLFS Year (Jul - Jun), 2023",15-59,Rural+Urban,Male,5.4
India,Kerala,"PLFS Year (Jul - Jun), 2023",15-59,Rural+Urban,Female,13.9
India,Kerala,"PLFS Year (Jul - Jun), 2023",15-59,Rural+Urban,Person,8.8
India,Kerala,"PLFS Year (Jul - Jun), 2023",15 years and above,Rural,Male,4.6
India,Kerala,"PLFS Year (Jul - Jun), 2023",15 years and above,Rural,Female,12.1
India,Kerala,"PLFS Year (Jul - Jun), 2023",15 years and above,Rural,Person,7.7
India,Kerala,"PLFS Year (Jul - Jun), 2023",15 years and above,Urban,Male,4.2
India,Kerala,"PLFS Year (Jul - Jun), 2023",15 years and above,Urban,Female,10.9
India,Kerala,"PLFS Year (Jul - Jun), 2023",15 years and above,Urban,Person,6.7
India,Kerala,"PLFS Year (Jul - Jun), 2023",15 years and above,Rural+Urban,Male,4.4
India,Kerala,"PLFS Year (Jul - Jun), 2023",15 years and above,Rural+Urban,Female,11.6
India,Kerala,"PLFS Year (Jul - Jun), 2023",15 years and above,Rural+Urban,Person,7.2
India,Kerala,"PLFS Year (Jul - Jun), 2023",all ages,Rural,Male,4.6
India,Kerala,"PLFS Year (Jul - Jun), 2023",all ages,Rural,Female,12.1
India,Kerala,"PLFS Year (Jul - Jun), 2023",all ages,Rural,Person,7.6
India,Kerala,"PLFS Year (Jul - Jun), 2023",all ages,Urban,Male,4.2
India,Kerala,"PLFS Year (Jul - Jun), 2023",all ages,Urban,Female,10.9
India,Kerala,"PLFS Year (Jul - Jun), 2023",all ages,Urban,Person,6.7
India,Kerala,"PLFS Year (Jul - Jun), 2023",all ages,Rural+Urban,Male,4.4
India,Kerala,"PLFS Year (Jul - Jun), 2023",all ages,Rural+Urban,Female,11.6
India,Kerala,"PLFS Year (Jul - Jun), 2023",all ages,Rural+Urban,Person,7.2
India,Ladakh,"PLFS Year (Jul - Jun), 2023",15-29,Rural,Male,10.1
India,Ladakh,"PLFS Year (Jul - Jun), 2023",15-29,Rural,Female,34.0
India,Ladakh,"PLFS Year (Jul - Jun), 2023",15-29,Rural,Person,20.2
India,Ladakh,"PLFS Year (Jul - Jun), 2023",15-29,Urban,Male,16.8
India,Ladakh,"PLFS Year (Jul - Jun), 2023",15-29,Urban,Female,75.1
India,Ladakh,"PLFS Year (Jul - Jun), 2023",15-29,Urban,Person,32.9
India,Ladakh,"PLFS Year (Jul - Jun), 2023",15-29,Rural+Urban,Male,11.4
India,Ladakh,"PLFS Year (Jul - Jun), 2023",15-29,Rural+Urban,Female,38.3
India,Ladakh,"PLFS Year (Jul - Jun), 2023",15-29,Rural+Urban,Person,22.2
India,Ladakh,"PLFS Year (Jul - Jun), 2023",15-59,Rural,Male,2.3
India,Ladakh,"PLFS Year (Jul - Jun), 2023",15-59,Rural,Female,7.3
India,Ladakh,"PLFS Year (Jul - Jun), 2023",15-59,Rural,Person,4.4
India,Ladakh,"PLFS Year (Jul - Jun), 2023",15-59,Urban,Male,5.8
India,Ladakh,"PLFS Year (Jul - Jun), 2023",15-59,Urban,Female,35.1
India,Ladakh,"PLFS Year (Jul - Jun), 2023",15-59,Urban,Person,13.7
India,Ladakh,"PLFS Year (Jul - Jun), 2023",15-59,Rural+Urban,Male,2.9
India,Ladakh,"PLFS Year (Jul - Jun), 2023",15-59,Rural+Urban,Female,9.7
India,Ladakh,"PLFS Year (Jul - Jun), 2023",15-59,Rural+Urban,Person,5.6
India,Ladakh,"PLFS Year (Jul - Jun), 2023",15 years and above,Rural,Male,2.0
India,Ladakh,"PLFS Year (Jul - Jun), 2023",15 years and above,Rural,Female,6.6
India,Ladakh,"PLFS Year (Jul - Jun), 2023",15 years and above,Rural,Person,3.9
India,Ladakh,"PLFS Year (Jul - Jun), 2023",15 years and above,Urban,Male,5.6
India,Ladakh,"PLFS Year (Jul - Jun), 2023",15 years and above,Urban,Female,34.4
India,Ladakh,"PLFS Year (Jul - Jun), 2023",15 years and above,Urban,Person,13.4
India,Ladakh,"PLFS Year (Jul - Jun), 2023",15 years and above,Rural+Urban,Male,2.6
India,Ladakh,"PLFS Year (Jul - Jun), 2023",15 years and above,Rural+Urban,Female,8.8
India,Ladakh,"PLFS Year (Jul - Jun), 2023",15 years and above,Rural+Urban,Person,5.1
India,Ladakh,"PLFS Year (Jul - Jun), 2023",all ages,Rural,Male,2.0
India,Ladakh,"PLFS Year (Jul - Jun), 2023",all ages,Rural,Female,6.6
India,Ladakh,"PLFS Year (Jul - Jun), 2023",all ages,Rural,Person,3.9
India,Ladakh,"PLFS Year (Jul - Jun), 2023",all ages,Urban,Male,5.6
India,Ladakh,"PLFS Year (Jul - Jun), 2023",all ages,Urban,Female,34.4
India,Ladakh,"PLFS Year (Jul - Jun), 2023",all ages,Urban,Person,13.4
India,Ladakh,"PLFS Year (Jul - Jun), 2023",all ages,Rural+Urban,Male,2.6
India,Ladakh,"PLFS Year (Jul - Jun), 2023",all ages,Rural+Urban,Female,8.8
India,Ladakh,"PLFS Year (Jul - Jun), 2023",all ages,Rural+Urban,Person,5.1
India,Lakshadweep,"PLFS Year (Jul - Jun), 2023",15-29,Rural,Male,4.2
India,Lakshadweep,"PLFS Year (Jul - Jun), 2023",15-29,Rural,Female,83.2
India,Lakshadweep,"PLFS Year (Jul - Jun), 2023",15-29,Rural,Person,24.2
India,Lakshadweep,"PLFS Year (Jul - Jun), 2023",15-29,Urban,Male,38.7
India,Lakshadweep,"PLFS Year (Jul - Jun), 2023",15-29,Urban,Female,75.7
India,Lakshadweep,"PLFS Year (Jul - Jun), 2023",15-29,Urban,Person,44.0
India,Lakshadweep,"PLFS Year (Jul - Jun), 2023",15-29,Rural+Urban,Male,26.2
India,Lakshadweep,"PLFS Year (Jul - Jun), 2023",15-29,Rural+Urban,Female,79.7
India,Lakshadweep,"PLFS Year (Jul - Jun), 2023",15-29,Rural+Urban,Person,36.2
India,Lakshadweep,"PLFS Year (Jul - Jun), 2023",15-59,Rural,Male,1.2
India,Lakshadweep,"PLFS Year (Jul - Jun), 2023",15-59,Rural,Female,49.1
India,Lakshadweep,"PLFS Year (Jul - Jun), 2023",15-59,Rural,Person,8.5
India,Lakshadweep,"PLFS Year (Jul - Jun), 2023",15-59,Urban,Male,11.5
India,Lakshadweep,"PLFS Year (Jul - Jun), 2023",15-59,Urban,Female,27.2
India,Lakshadweep,"PLFS Year (Jul - Jun), 2023",15-59,Urban,Person,14.2
India,Lakshadweep,"PLFS Year (Jul - Jun), 2023",15-59,Rural+Urban,Male,8.0
India,Lakshadweep,"PLFS Year (Jul - Jun), 2023",15-59,Rural+Urban,Female,34.1
India,Lakshadweep,"PLFS Year (Jul - Jun), 2023",15-59,Rural+Urban,Person,12.3
India,Lakshadweep,"PLFS Year (Jul - Jun), 2023",15 years and above,Rural,Male,1.2
India,Lakshadweep,"PLFS Year (Jul - Jun), 2023",15 years and above,Rural,Female,49.1
India,Lakshadweep,"PLFS Year (Jul - Jun), 2023",15 years and above,Rural,Person,8.3
India,Lakshadweep,"PLFS Year (Jul - Jun), 2023",15 years and above,Urban,Male,11.1
India,Lakshadweep,"PLFS Year (Jul - Jun), 2023",15 years and above,Urban,Female,27.2
India,Lakshadweep,"PLFS Year (Jul - Jun), 2023",15 years and above,Urban,Person,13.8
India,Lakshadweep,"PLFS Year (Jul - Jun), 2023",15 years and above,Rural+Urban,Male,7.7
India,Lakshadweep,"PLFS Year (Jul - Jun), 2023",15 years and above,Rural+Urban,Female,34.1
India,Lakshadweep,"PLFS Year (Jul - Jun), 2023",15 years and above,Rural+Urban,Person,11.9
India,Lakshadweep,"PLFS Year (Jul - Jun), 2023",all ages,Rural,Male,1.2
India,Lakshadweep,"PLFS Year (Jul - Jun), 2023",all ages,Rural,Female,49.1
India,Lakshadweep,"PLFS Year (Jul - Jun), 2023",all ages,Rural,Person,8.3
India,Lakshadweep,"PLFS Year (Jul - Jun), 2023",all ages,Urban,Male,11.1
India,Lakshadweep,"PLFS Year (Jul - Jun), 2023",all ages,Urban,Female,27.2
India,Lakshadweep,"PLFS Year (Jul - Jun), 2023",all ages,Urban,Person,13.8
India,Lakshadweep,"PLFS Year (Jul - Jun), 2023",all ages,Rural+Urban,Male,7.7
India,Lakshadweep,"PLFS Year (Jul - Jun), 2023",all ages,Rural+Urban,Female,34.1
India,Lakshadweep,"PLFS Year (Jul - Jun), 2023",all ages,Rural+Urban,Person,11.9
India,Madhya Pradesh,"PLFS Year (Jul - Jun), 2023",15-29,Rural,Male,1.6
India,Madhya Pradesh,"PLFS Year (Jul - Jun), 2023",15-29,Rural,Female,1.3
India,Madhya Pradesh,"PLFS Year (Jul - Jun), 2023",15-29,Rural,Person,1.5
India,Madhya Pradesh,"PLFS Year (Jul - Jun), 2023",15-29,Urban,Male,7.2
India,Madhya Pradesh,"PLFS Year (Jul - Jun), 2023",15-29,Urban,Female,6.5
India,Madhya Pradesh,"PLFS Year (Jul - Jun), 2023",15-29,Urban,Person,7.0
India,Madhya Pradesh,"PLFS Year (Jul - Jun), 2023",15-29,Rural+Urban,Male,2.8
India,Madhya Pradesh,"PLFS Year (Jul - Jun), 2023",15-29,Rural+Urban,Female,2.1
India,Madhya Pradesh,"PLFS Year (Jul - Jun), 2023",15-29,Rural+Urban,Person,2.6
India,Madhya Pradesh,"PLFS Year (Jul - Jun), 2023",15-59,Rural,Male,0.6
India,Madhya Pradesh,"PLFS Year (Jul - Jun), 2023",15-59,Rural,Female,0.4
India,Madhya Pradesh,"PLFS Year (Jul - Jun), 2023",15-59,Rural,Person,0.5
India,Madhya Pradesh,"PLFS Year (Jul - Jun), 2023",15-59,Urban,Male,3.1
India,Madhya Pradesh,"PLFS Year (Jul - Jun), 2023",15-59,Urban,Female,2.8
India,Madhya Pradesh,"PLFS Year (Jul - Jun), 2023",15-59,Urban,Person,3.0
India,Madhya Pradesh,"PLFS Year (Jul - Jun), 2023",15-59,Rural+Urban,Male,1.2
India,Madhya Pradesh,"PLFS Year (Jul - Jun), 2023",15-59,Rural+Urban,Female,0.7
India,Madhya Pradesh,"PLFS Year (Jul - Jun), 2023",15-59,Rural+Urban,Person,1.0
India,Madhya Pradesh,"PLFS Year (Jul - Jun), 2023",15 years and above,Rural,Male,0.6
India,Madhya Pradesh,"PLFS Year (Jul - Jun), 2023",15 years and above,Rural,Female,0.3
India,Madhya Pradesh,"PLFS Year (Jul - Jun), 2023",15 years and above,Rural,Person,0.5
India,Madhya Pradesh,"PLFS Year (Jul - Jun), 2023",15 years and above,Urban,Male,2.9
India,Madhya Pradesh,"PLFS Year (Jul - Jun), 2023",15 years and above,Urban,Female,2.6
India,Madhya Pradesh,"PLFS Year (Jul - Jun), 2023",15 years and above,Urban,Person,2.8
India,Madhya Pradesh,"PLFS Year (Jul - Jun), 2023",15 years and above,Rural+Urban,Male,1.1
India,Madhya Pradesh,"PLFS Year (Jul - Jun), 2023",15 years and above,Rural+Urban,Female,0.7
India,Madhya Pradesh,"PLFS Year (Jul - Jun), 2023",15 years and above,Rural+Urban,Person,1.0
India,Madhya Pradesh,"PLFS Year (Jul - Jun), 2023",all ages,Rural,Male,0.6
India,Madhya Pradesh,"PLFS Year (Jul - Jun), 2023",all ages,Rural,Female,0.3
India,Madhya Pradesh,"PLFS Year (Jul - Jun), 2023",all ages,Rural,Person,0.5
India,Madhya Pradesh,"PLFS Year (Jul - Jun), 2023",all ages,Urban,Male,2.9
India,Madhya Pradesh,"PLFS Year (Jul - Jun), 2023",all ages,Urban,Female,2.6
India,Madhya Pradesh,"PLFS Year (Jul - Jun), 2023",all ages,Urban,Person,2.8
India,Madhya Pradesh,"PLFS Year (Jul - Jun), 2023",all ages,Rural+Urban,Male,1.1
India,Madhya Pradesh,"PLFS Year (Jul - Jun), 2023",all ages,Rural+Urban,Female,0.7
India,Madhya Pradesh,"PLFS Year (Jul - Jun), 2023",all ages,Rural+Urban,Person,0.9
India,Maharashtra,"PLFS Year (Jul - Jun), 2023",15-29,Rural,Male,10.1
India,Maharashtra,"PLFS Year (Jul - Jun), 2023",15-29,Rural,Female,7.5
India,Maharashtra,"PLFS Year (Jul - Jun), 2023",15-29,Rural,Person,9.4
India,Maharashtra,"PLFS Year (Jul - Jun), 2023",15-29,Urban,Male,12.8
India,Maharashtra,"PLFS Year (Jul - Jun), 2023",15-29,Urban,Female,11.1
India,Maharashtra,"PLFS Year (Jul - Jun), 2023",15-29,Urban,Person,12.4
India,Maharashtra,"PLFS Year (Jul - Jun), 2023",15-29,Rural+Urban,Male,11.4
India,Maharashtra,"PLFS Year (Jul - Jun), 2023",15-29,Rural+Urban,Female,9.2
India,Maharashtra,"PLFS Year (Jul - Jun), 2023",15-29,Rural+Urban,Person,10.8
India,Maharashtra,"PLFS Year (Jul - Jun), 2023",15-59,Rural,Male,3.2
India,Maharashtra,"PLFS Year (Jul - Jun), 2023",15-59,Rural,Female,1.3
India,Maharashtra,"PLFS Year (Jul - Jun), 2023",15-59,Rural,Person,2.4
India,Maharashtra,"PLFS Year (Jul - Jun), 2023",15-59,Urban,Male,5.1
India,Maharashtra,"PLFS Year (Jul - Jun), 2023",15-59,Urban,Female,6.3
India,Maharashtra,"PLFS Year (Jul - Jun), 2023",15-59,Urban,Person,5.4
India,Maharashtra,"PLFS Year (Jul - Jun), 2023",15-59,Rural+Urban,Male,4.0
India,Maharashtra,"PLFS Year (Jul - Jun), 2023",15-59,Rural+Urban,Female,2.9
India,Maharashtra,"PLFS Year (Jul - Jun), 2023",15-59,Rural+Urban,Person,3.6
India,Maharashtra,"PLFS Year (Jul - Jun), 2023",15 years and above,Rural,Male,2.8
India,Maharashtra,"PLFS Year (Jul - Jun), 2023",15 years and above,Rural,Female,1.1
India,Maharashtra,"PLFS Year (Jul - Jun), 2023",15 years and above,Rural,Person,2.1
India,Maharashtra,"PLFS Year (Jul - Jun), 2023",15 years and above,Urban,Male,4.9
India,Maharashtra,"PLFS Year (Jul - Jun), 2023",15 years and above,Urban,Female,6.0
India,Maharashtra,"PLFS Year (Jul - Jun), 2023",15 years and above,Urban,Person,5.2
India,Maharashtra,"PLFS Year (Jul - Jun), 2023",15 years and above,Rural+Urban,Male,3.7
India,Maharashtra,"PLFS Year (Jul - Jun), 2023",15 years and above,Rural+Urban,Female,2.7
India,Maharashtra,"PLFS Year (Jul - Jun), 2023",15 years and above,Rural+Urban,Person,3.3
India,Maharashtra,"PLFS Year (Jul - Jun), 2023",all ages,Rural,Male,2.8
India,Maharashtra,"PLFS Year (Jul - Jun), 2023",all ages,Rural,Female,1.1
India,Maharashtra,"PLFS Year (Jul - Jun), 2023",all ages,Rural,Person,2.2
India,Maharashtra,"PLFS Year (Jul - Jun), 2023",all ages,Urban,Male,4.9
India,Maharashtra,"PLFS Year (Jul - Jun), 2023",all ages,Urban,Female,6.0
India,Maharashtra,"PLFS Year (Jul - Jun), 2023",all ages,Urban,Person,5.2
India,Maharashtra,"PLFS Year (Jul - Jun), 2023",all ages,Rural+Urban,Male,3.7
India,Maharashtra,"PLFS Year (Jul - Jun), 2023",all ages,Rural+Urban,Female,2.7
India,Maharashtra,"PLFS Year (Jul - Jun), 2023",all ages,Rural+Urban,Person,3.3
India,Manipur,"PLFS Year (Jul - Jun), 2023",15-29,Rural,Male,19.0
India,Manipur,"PLFS Year (Jul - Jun), 2023",15-29,Rural,Female,23.4
India,Manipur,"PLFS Year (Jul - Jun), 2023",15-29,Rural,Person,20.8
India,Manipur,"PLFS Year (Jul - Jun), 2023",15-29,Urban,Male,21.7
India,Manipur,"PLFS Year (Jul - Jun), 2023",15-29,Urban,Female,37.1
India,Manipur,"PLFS Year (Jul - Jun), 2023",15-29,Urban,Person,27.8
India,Manipur,"PLFS Year (Jul - Jun), 2023",15-29,Rural+Urban,Male,19.9
India,Manipur,"PLFS Year (Jul - Jun), 2023",15-29,Rural+Urban,Female,27.5
India,Manipur,"PLFS Year (Jul - Jun), 2023",15-29,Rural+Urban,Person,22.9
India,Manipur,"PLFS Year (Jul - Jun), 2023",15-59,Rural,Male,5.1
India,Manipur,"PLFS Year (Jul - Jun), 2023",15-59,Rural,Female,7.1
India,Manipur,"PLFS Year (Jul - Jun), 2023",15-59,Rural,Person,5.9
India,Manipur,"PLFS Year (Jul - Jun), 2023",15-59,Urban,Male,5.9
India,Manipur,"PLFS Year (Jul - Jun), 2023",15-59,Urban,Female,11.2
India,Manipur,"PLFS Year (Jul - Jun), 2023",15-59,Urban,Person,8.1
India,Manipur,"PLFS Year (Jul - Jun), 2023",15-59,Rural+Urban,Male,5.3
India,Manipur,"PLFS Year (Jul - Jun), 2023",15-59,Rural+Urban,Female,8.3
India,Manipur,"PLFS Year (Jul - Jun), 2023",15-59,Rural+Urban,Person,6.5
India,Manipur,"PLFS Year (Jul - Jun), 2023",15 years and above,Rural,Male,4.7
India,Manipur,"PLFS Year (Jul - Jun), 2023",15 years and above,Rural,Female,6.6
India,Manipur,"PLFS Year (Jul - Jun), 2023",15 years and above,Rural,Person,5.5
India,Manipur,"PLFS Year (Jul - Jun), 2023",15 years and above,Urban,Male,5.6
India,Manipur,"PLFS Year (Jul - Jun), 2023",15 years and above,Urban,Female,10.3
India,Manipur,"PLFS Year (Jul - Jun), 2023",15 years and above,Urban,Person,7.5
India,Manipur,"PLFS Year (Jul - Jun), 2023",15 years and above,Rural+Urban,Male,5.0
India,Manipur,"PLFS Year (Jul - Jun), 2023",15 years and above,Rural+Urban,Female,7.7
India,Manipur,"PLFS Year (Jul - Jun), 2023",15 years and above,Rural+Urban,Person,6.1
India,Manipur,"PLFS Year (Jul - Jun), 2023",all ages,Rural,Male,4.7
India,Manipur,"PLFS Year (Jul - Jun), 2023",all ages,Rural,Female,6.6
India,Manipur,"PLFS Year (Jul - Jun), 2023",all ages,Rural,Person,5.5
India,Manipur,"PLFS Year (Jul - Jun), 2023",all ages,Urban,Male,5.6
India,Manipur,"PLFS Year (Jul - Jun), 2023",all ages,Urban,Female,10.3
India,Manipur,"PLFS Year (Jul - Jun), 2023",all ages,Urban,Person,7.5
India,Manipur,"PLFS Year (Jul - Jun), 2023",all ages,Rural+Urban,Male,5.0
India,Manipur,"PLFS Year (Jul - Jun), 2023",all ages,Rural+Urban,Female,7.7
India,Manipur,"PLFS Year (Jul - Jun), 2023",all ages,Rural+Urban,Person,6.1
India,Meghalaya,"PLFS Year (Jul - Jun), 2023",15-29,Rural,Male,7.8
India,Meghalaya,"PLFS Year (Jul - Jun), 2023",15-29,Rural,Female,15.8
India,Meghalaya,"PLFS Year (Jul - Jun), 2023",15-29,Rural,Person,11.6
India,Meghalaya,"PLFS Year (Jul - Jun), 2023",15-29,Urban,Male,25.1
India,Meghalaya,"PLFS Year (Jul - Jun), 2023",15-29,Urban,Female,44.0
India,Meghalaya,"PLFS Year (Jul - Jun), 2023",15-29,Urban,Person,33.0
India,Meghalaya,"PLFS Year (Jul - Jun), 2023",15-29,Rural+Urban,Male,9.9
India,Meghalaya,"PLFS Year (Jul - Jun), 2023",15-29,Rural+Urban,Female,18.7
India,Meghalaya,"PLFS Year (Jul - Jun), 2023",15-29,Rural+Urban,Person,14.0
India,Meghalaya,"PLFS Year (Jul - Jun), 2023",15-59,Rural,Male,3.8
India,Meghalaya,"PLFS Year (Jul - Jun), 2023",15-59,Rural,Female,7.0
India,Meghalaya,"PLFS Year (Jul - Jun), 2023",15-59,Rural,Person,5.4
India,Meghalaya,"PLFS Year (Jul - Jun), 2023",15-59,Urban,Male,9.2
India,Meghalaya,"PLFS Year (Jul - Jun), 2023",15-59,Urban,Female,21.2
India,Meghalaya,"PLFS Year (Jul - Jun), 2023",15-59,Urban,Person,14.5
India,Meghalaya,"PLFS Year (Jul - Jun), 2023",15-59,Rural+Urban,Male,4.6
India,Meghalaya,"PLFS Year (Jul - Jun), 2023",15-59,Rural+Urban,Female,8.7
India,Meghalaya,"PLFS Year (Jul - Jun), 2023",15-59,Rural+Urban,Person,6.6
India,Meghalaya,"PLFS Year (Jul - Jun), 2023",15 years and above,Rural,Male,3.6
India,Meghalaya,"PLFS Year (Jul - Jun), 2023",15 years and above,Rural,Female,6.6
India,Meghalaya,"PLFS Year (Jul - Jun), 2023",15 years and above,Rural,Person,5.0
India,Meghalaya,"PLFS Year (Jul - Jun), 2023",15 years and above,Urban,Male,8.9
India,Meghalaya,"PLFS Year (Jul - Jun), 2023",15 years and above,Urban,Female,20.6
India,Meghalaya,"PLFS Year (Jul - Jun), 2023",15 years and above,Urban,Person,14.0
India,Meghalaya,"PLFS Year (Jul - Jun), 2023",15 years and above,Rural+Urban,Male,4.3
India,Meghalaya,"PLFS Year (Jul - Jun), 2023",15 years and above,Rural+Urban,Female,8.2
India,Meghalaya,"PLFS Year (Jul - Jun), 2023",15 years and above,Rural+Urban,Person,6.2
India,Meghalaya,"PLFS Year (Jul - Jun), 2023",all ages,Rural,Male,3.7
India,Meghalaya,"PLFS Year (Jul - Jun), 2023",all ages,Rural,Female,6.6
India,Meghalaya,"PLFS Year (Jul - Jun), 2023",all ages,Rural,Person,5.1
India,Meghalaya,"PLFS Year (Jul - Jun), 2023",all ages,Urban,Male,8.9
India,Meghalaya,"PLFS Year (Jul - Jun), 2023",all ages,Urban,Female,20.6
India,Meghalaya,"PLFS Year (Jul - Jun), 2023",all ages,Urban,Person,14.0
India,Meghalaya,"PLFS Year (Jul - Jun), 2023",all ages,Rural+Urban,Male,4.4
India,Meghalaya,"PLFS Year (Jul - Jun), 2023",all ages,Rural+Urban,Female,8.2
India,Meghalaya,"PLFS Year (Jul - Jun), 2023",all ages,Rural+Urban,Person,6.2
India,Mizoram,"PLFS Year (Jul - Jun), 2023",15-29,Rural,Male,9.7
India,Mizoram,"PLFS Year (Jul - Jun), 2023",15-29,Rural,Female,7.0
India,Mizoram,"PLFS Year (Jul - Jun), 2023",15-29,Rural,Person,8.8
India,Mizoram,"PLFS Year (Jul - Jun), 2023",15-29,Urban,Male,19.6
India,Mizoram,"PLFS Year (Jul - Jun), 2023",15-29,Urban,Female,19.6
India,Mizoram,"PLFS Year (Jul - Jun), 2023",15-29,Urban,Person,19.6
India,Mizoram,"PLFS Year (Jul - Jun), 2023",15-29,Rural+Urban,Male,13.4
India,Mizoram,"PLFS Year (Jul - Jun), 2023",15-29,Rural+Urban,Female,13.0
India,Mizoram,"PLFS Year (Jul - Jun), 2023",15-29,Rural+Urban,Person,13.3
India,Mizoram,"PLFS Year (Jul - Jun), 2023",15-59,Rural,Male,1.6
India,Mizoram,"PLFS Year (Jul - Jun), 2023",15-59,Rural,Female,1.1
India,Mizoram,"PLFS Year (Jul - Jun), 2023",15-59,Rural,Person,1.4
India,Mizoram,"PLFS Year (Jul - Jun), 2023",15-59,Urban,Male,3.3
India,Mizoram,"PLFS Year (Jul - Jun), 2023",15-59,Urban,Female,4.1
India,Mizoram,"PLFS Year (Jul - Jun), 2023",15-59,Urban,Person,3.6
India,Mizoram,"PLFS Year (Jul - Jun), 2023",15-59,Rural+Urban,Male,2.3
India,Mizoram,"PLFS Year (Jul - Jun), 2023",15-59,Rural+Urban,Female,2.5
India,Mizoram,"PLFS Year (Jul - Jun), 2023",15-59,Rural+Urban,Person,2.4
India,Mizoram,"PLFS Year (Jul - Jun), 2023",15 years and above,Rural,Male,1.5
India,Mizoram,"PLFS Year (Jul - Jun), 2023",15 years and above,Rural,Female,1.0
India,Mizoram,"PLFS Year (Jul - Jun), 2023",15 years and above,Rural,Person,1.3
India,Mizoram,"PLFS Year (Jul - Jun), 2023",15 years and above,Urban,Male,3.2
India,Mizoram,"PLFS Year (Jul - Jun), 2023",15 years and above,Urban,Female,3.9
India,Mizoram,"PLFS Year (Jul - Jun), 2023",15 years and above,Urban,Person,3.4
India,Mizoram,"PLFS Year (Jul - Jun), 2023",15 years and above,Rural+Urban,Male,2.2
India,Mizoram,"PLFS Year (Jul - Jun), 2023",15 years and above,Rural+Urban,Female,2.4
India,Mizoram,"PLFS Year (Jul - Jun), 2023",15 years and above,Rural+Urban,Person,2.3
India,Mizoram,"PLFS Year (Jul - Jun), 2023",all ages,Rural,Male,1.5
India,Mizoram,"PLFS Year (Jul - Jun), 2023",all ages,Rural,Female,1.0
India,Mizoram,"PLFS Year (Jul - Jun), 2023",all ages,Rural,Person,1.3
India,Mizoram,"PLFS Year (Jul - Jun), 2023",all ages,Urban,Male,3.2
India,Mizoram,"PLFS Year (Jul - Jun), 2023",all ages,Urban,Female,3.9
India,Mizoram,"PLFS Year (Jul - Jun), 2023",all ages,Urban,Person,3.4
India,Mizoram,"PLFS Year (Jul - Jun), 2023",all ages,Rural+Urban,Male,2.2
India,Mizoram,"PLFS Year (Jul - Jun), 2023",all ages,Rural+Urban,Female,2.4
India,Mizoram,"PLFS Year (Jul - Jun), 2023",all ages,Rural+Urban,Person,2.3
India,Nagaland,"PLFS Year (Jul - Jun), 2023",15-29,Rural,Male,23.5
India,Nagaland,"PLFS Year (Jul - Jun), 2023",15-29,Rural,Female,22.8
India,Nagaland,"PLFS Year (Jul - Jun), 2023",15-29,Rural,Person,23.1
India,Nagaland,"PLFS Year (Jul - Jun), 2023",15-29,Urban,Male,39.0
India,Nagaland,"PLFS Year (Jul - Jun), 2023",15-29,Urban,Female,40.6
India,Nagaland,"PLFS Year (Jul - Jun), 2023",15-29,Urban,Person,39.6
India,Nagaland,"PLFS Year (Jul - Jun), 2023",15-29,Rural+Urban,Male,27.9
India,Nagaland,"PLFS Year (Jul - Jun), 2023",15-29,Rural+Urban,Female,26.6
India,Nagaland,"PLFS Year (Jul - Jun), 2023",15-29,Rural+Urban,Person,27.4
India,Nagaland,"PLFS Year (Jul - Jun), 2023",15-59,Rural,Male,6.2
India,Nagaland,"PLFS Year (Jul - Jun), 2023",15-59,Rural,Female,6.5
India,Nagaland,"PLFS Year (Jul - Jun), 2023",15-59,Rural,Person,6.4
India,Nagaland,"PLFS Year (Jul - Jun), 2023",15-59,Urban,Male,11.6
India,Nagaland,"PLFS Year (Jul - Jun), 2023",15-59,Urban,Female,12.0
India,Nagaland,"PLFS Year (Jul - Jun), 2023",15-59,Urban,Person,11.7
India,Nagaland,"PLFS Year (Jul - Jun), 2023",15-59,Rural+Urban,Male,7.7
India,Nagaland,"PLFS Year (Jul - Jun), 2023",15-59,Rural+Urban,Female,7.8
India,Nagaland,"PLFS Year (Jul - Jun), 2023",15-59,Rural+Urban,Person,7.8
India,Nagaland,"PLFS Year (Jul - Jun), 2023",15 years and above,Rural,Male,5.5
India,Nagaland,"PLFS Year (Jul - Jun), 2023",15 years and above,Rural,Female,5.8
India,Nagaland,"PLFS Year (Jul - Jun), 2023",15 years and above,Rural,Person,5.7
India,Nagaland,"PLFS Year (Jul - Jun), 2023",15 years and above,Urban,Male,11.1
India,Nagaland,"PLFS Year (Jul - Jun), 2023",15 years and above,Urban,Female,11.6
India,Nagaland,"PLFS Year (Jul - Jun), 2023",15 years and above,Urban,Person,11.3
India,Nagaland,"PLFS Year (Jul - Jun), 2023",15 years and above,Rural+Urban,Male,7.0
India,Nagaland,"PLFS Year (Jul - Jun), 2023",15 years and above,Rural+Urban,Female,7.1
India,Nagaland,"PLFS Year (Jul - Jun), 2023",15 years and above,Rural+Urban,Person,7.1
India,Nagaland,"PLFS Year (Jul - Jun), 2023",all ages,Rural,Male,5.5
India,Nagaland,"PLFS Year (Jul - Jun), 2023",all ages,Rural,Female,5.8
India,Nagaland,"PLFS Year (Jul - Jun), 2023",all ages,Rural,Person,5.7
India,Nagaland,"PLFS Year (Jul - Jun), 2023",all ages,Urban,Male,11.1
India,Nagaland,"PLFS Year (Jul - Jun), 2023",all ages,Urban,Female,11.6
India,Nagaland,"PLFS Year (Jul - Jun), 2023",all ages,Urban,Person,11.3
India,Nagaland,"PLFS Year (Jul - Jun), 2023",all ages,Rural+Urban,Male,7.0
India,Nagaland,"PLFS Year (Jul - Jun), 2023",all ages,Rural+Urban,Female,7.1
India,Nagaland,"PLFS Year (Jul - Jun), 2023",all ages,Rural+Urban,Person,7.1
India,Odisha,"PLFS Year (Jul - Jun), 2023",15-29,Rural,Male,10.2
India,Odisha,"PLFS Year (Jul - Jun), 2023",15-29,Rural,Female,8.0
India,Odisha,"PLFS Year (Jul - Jun), 2023",15-29,Rural,Person,9.3
India,Odisha,"PLFS Year (Jul - Jun), 2023",15-29,Urban,Male,18.9
India,Odisha,"PLFS Year (Jul - Jun), 2023",15-29,Urban,Female,31.9
India,Odisha,"PLFS Year (Jul - Jun), 2023",15-29,Urban,Person,22.9
India,Odisha,"PLFS Year (Jul - Jun), 2023",15-29,Rural+Urban,Male,11.4
India,Odisha,"PLFS Year (Jul - Jun), 2023",15-29,Rural+Urban,Female,10.6
India,Odisha,"PLFS Year (Jul - Jun), 2023",15-29,Rural+Urban,Person,11.1
India,Odisha,"PLFS Year (Jul - Jun), 2023",15-59,Rural,Male,3.3
India,Odisha,"PLFS Year (Jul - Jun), 2023",15-59,Rural,Female,2.2
India,Odisha,"PLFS Year (Jul - Jun), 2023",15-59,Rural,Person,2.9
India,Odisha,"PLFS Year (Jul - Jun), 2023",15-59,Urban,Male,6.1
India,Odisha,"PLFS Year (Jul - Jun), 2023",15-59,Urban,Female,10.4
India,Odisha,"PLFS Year (Jul - Jun), 2023",15-59,Urban,Person,7.3
India,Odisha,"PLFS Year (Jul - Jun), 2023",15-59,Rural+Urban,Male,3.8
India,Odisha,"PLFS Year (Jul - Jun), 2023",15-59,Rural+Urban,Female,3.0
India,Odisha,"PLFS Year (Jul - Jun), 2023",15-59,Rural+Urban,Person,3.5
India,Odisha,"PLFS Year (Jul - Jun), 2023",15 years and above,Rural,Male,2.9
India,Odisha,"PLFS Year (Jul - Jun), 2023",15 years and above,Rural,Female,2.0
India,Odisha,"PLFS Year (Jul - Jun), 2023",15 years and above,Rural,Person,2.6
India,Odisha,"PLFS Year (Jul - Jun), 2023",15 years and above,Urban,Male,5.6
India,Odisha,"PLFS Year (Jul - Jun), 2023",15 years and above,Urban,Female,9.7
India,Odisha,"PLFS Year (Jul - Jun), 2023",15 years and above,Urban,Person,6.8
India,Odisha,"PLFS Year (Jul - Jun), 2023",15 years and above,Rural+Urban,Male,3.3
India,Odisha,"PLFS Year (Jul - Jun), 2023",15 years and above,Rural+Urban,Female,2.7
India,Odisha,"PLFS Year (Jul - Jun), 2023",15 years and above,Rural+Urban,Person,3.1
India,Odisha,"PLFS Year (Jul - Jun), 2023",all ages,Rural,Male,2.9
India,Odisha,"PLFS Year (Jul - Jun), 2023",all ages,Rural,Female,2.0
India,Odisha,"PLFS Year (Jul - Jun), 2023",all ages,Rural,Person,2.6
India,Odisha,"PLFS Year (Jul - Jun), 2023",all ages,Urban,Male,5.6
India,Odisha,"PLFS Year (Jul - Jun), 2023",all ages,Urban,Female,9.7
India,Odisha,"PLFS Year (Jul - Jun), 2023",all ages,Urban,Person,6.8
India,Odisha,"PLFS Year (Jul - Jun), 2023",all ages,Rural+Urban,Male,3.3
India,Odisha,"PLFS Year (Jul - Jun), 2023",all ages,Rural+Urban,Female,2.7
India,Odisha,"PLFS Year (Jul - Jun), 2023",all ages,Rural+Urban,Person,3.1
India,Puducherry,"PLFS Year (Jul - Jun), 2023",15-29,Rural,Male,0.6
India,Puducherry,"PLFS Year (Jul - Jun), 2023",15-29,Rural,Female,25.0
India,Puducherry,"PLFS Year (Jul - Jun), 2023",15-29,Rural,Person,8.9
India,Puducherry,"PLFS Year (Jul - Jun), 2023",15-29,Urban,Male,17.0
India,Puducherry,"PLFS Year (Jul - Jun), 2023",15-29,Urban,Female,19.6
India,Puducherry,"PLFS Year (Jul - Jun), 2023",15-29,Urban,Person,17.9
India,Puducherry,"PLFS Year (Jul - Jun), 2023",15-29,Rural+Urban,Male,10.9
India,Puducherry,"PLFS Year (Jul - Jun), 2023",15-29,Rural+Urban,Female,21.6
India,Puducherry,"PLFS Year (Jul - Jun), 2023",15-29,Rural+Urban,Person,14.6
India,Puducherry,"PLFS Year (Jul - Jun), 2023",15-59,Rural,Male,0.2
India,Puducherry,"PLFS Year (Jul - Jun), 2023",15-59,Rural,Female,5.1
India,Puducherry,"PLFS Year (Jul - Jun), 2023",15-59,Rural,Person,2.1
India,Puducherry,"PLFS Year (Jul - Jun), 2023",15-59,Urban,Male,6.8
India,Puducherry,"PLFS Year (Jul - Jun), 2023",15-59,Urban,Female,7.3
India,Puducherry,"PLFS Year (Jul - Jun), 2023",15-59,Urban,Person,7.0
India,Puducherry,"PLFS Year (Jul - Jun), 2023",15-59,Rural+Urban,Male,4.3
India,Puducherry,"PLFS Year (Jul - Jun), 2023",15-59,Rural+Urban,Female,6.3
India,Puducherry,"PLFS Year (Jul - Jun), 2023",15-59,Rural+Urban,Person,5.0
India,Puducherry,"PLFS Year (Jul - Jun), 2023",15 years and above,Rural,Male,0.1
India,Puducherry,"PLFS Year (Jul - Jun), 2023",15 years and above,Rural,Female,4.7
India,Puducherry,"PLFS Year (Jul - Jun), 2023",15 years and above,Rural,Person,1.9
India,Puducherry,"PLFS Year (Jul - Jun), 2023",15 years and above,Urban,Male,6.3
India,Puducherry,"PLFS Year (Jul - Jun), 2023",15 years and above,Urban,Female,6.9
India,Puducherry,"PLFS Year (Jul - Jun), 2023",15 years and above,Urban,Person,6.5
India,Puducherry,"PLFS Year (Jul - Jun), 2023",15 years and above,Rural+Urban,Male,3.9
India,Puducherry,"PLFS Year (Jul - Jun), 2023",15 years and above,Rural+Urban,Female,5.9
India,Puducherry,"PLFS Year (Jul - Jun), 2023",15 years and above,Rural+Urban,Person,4.6
India,Puducherry,"PLFS Year (Jul - Jun), 2023",all ages,Rural,Male,0.1
India,Puducherry,"PLFS Year (Jul - Jun), 2023",all ages,Rural,Female,4.7
India,Puducherry,"PLFS Year (Jul - Jun), 2023",all ages,Rural,Person,1.9
India,Puducherry,"PLFS Year (Jul - Jun), 2023",all ages,Urban,Male,6.3
India,Puducherry,"PLFS Year (Jul - Jun), 2023",all ages,Urban,Female,6.9
India,Puducherry,"PLFS Year (Jul - Jun), 2023",all ages,Urban,Person,6.5
India,Puducherry,"PLFS Year (Jul - Jun), 2023",all ages,Rural+Urban,Male,3.9
India,Puducherry,"PLFS Year (Jul - Jun), 2023",all ages,Rural+Urban,Female,5.9
India,Puducherry,"PLFS Year (Jul - Jun), 2023",all ages,Rural+Urban,Person,4.6
India,Punjab,"PLFS Year (Jul - Jun), 2023",15-29,Rural,Male,18.8
India,Punjab,"PLFS Year (Jul - Jun), 2023",15-29,Rural,Female,24.5
India,Punjab,"PLFS Year (Jul - Jun), 2023",15-29,Rural,Person,20.5
India,Punjab,"PLFS Year (Jul - Jun), 2023",15-29,Urban,Male,13.9
India,Punjab,"PLFS Year (Jul - Jun), 2023",15-29,Urban,Female,24.7
India,Punjab,"PLFS Year (Jul - Jun), 2023",15-29,Urban,Person,16.4
India,Punjab,"PLFS Year (Jul - Jun), 2023",15-29,Rural+Urban,Male,16.7
India,Punjab,"PLFS Year (Jul - Jun), 2023",15-29,Rural+Urban,Female,24.5
India,Punjab,"PLFS Year (Jul - Jun), 2023",15-29,Rural+Urban,Person,18.8
India,Punjab,"PLFS Year (Jul - Jun), 2023",15-59,Rural,Male,5.7
India,Punjab,"PLFS Year (Jul - Jun), 2023",15-59,Rural,Female,6.8
India,Punjab,"PLFS Year (Jul - Jun), 2023",15-59,Rural,Person,6.1
India,Punjab,"PLFS Year (Jul - Jun), 2023",15-59,Urban,Male,5.1
India,Punjab,"PLFS Year (Jul - Jun), 2023",15-59,Urban,Female,9.0
India,Punjab,"PLFS Year (Jul - Jun), 2023",15-59,Urban,Person,6.0
India,Punjab,"PLFS Year (Jul - Jun), 2023",15-59,Rural+Urban,Male,5.5
India,Punjab,"PLFS Year (Jul - Jun), 2023",15-59,Rural+Urban,Female,7.5
India,Punjab,"PLFS Year (Jul - Jun), 2023",15-59,Rural+Urban,Person,6.0
India,Punjab,"PLFS Year (Jul - Jun), 2023",15 years and above,Rural,Male,5.1
India,Punjab,"PLFS Year (Jul - Jun), 2023",15 years and above,Rural,Female,6.2
India,Punjab,"PLFS Year (Jul - Jun), 2023",15 years and above,Rural,Person,5.4
India,Punjab,"PLFS Year (Jul - Jun), 2023",15 years and above,Urban,Male,4.7
India,Punjab,"PLFS Year (Jul - Jun), 2023",15 years and above,Urban,Female,8.6
India,Punjab,"PLFS Year (Jul - Jun), 2023",15 years and above,Urban,Person,5.6
India,Punjab,"PLFS Year (Jul - Jun), 2023",15 years and above,Rural+Urban,Male,4.9
India,Punjab,"PLFS Year (Jul - Jun), 2023",15 years and above,Rural+Urban,Female,6.9
India,Punjab,"PLFS Year (Jul - Jun), 2023",15 years and above,Rural+Urban,Person,5.5
India,Punjab,"PLFS Year (Jul - Jun), 2023",all ages,Rural,Male,5.1
India,Punjab,"PLFS Year (Jul - Jun), 2023",all ages,Rural,Female,6.2
India,Punjab,"PLFS Year (Jul - Jun), 2023",all ages,Rural,Person,5.4
India,Punjab,"PLFS Year (Jul - Jun), 2023",all ages,Urban,Male,4.8
India,Punjab,"PLFS Year (Jul - Jun), 2023",all ages,Urban,Female,8.6
India,Punjab,"PLFS Year (Jul - Jun), 2023",all ages,Urban,Person,5.6
India,Punjab,"PLFS Year (Jul - Jun), 2023",all ages,Rural+Urban,Male,4.9
India,Punjab,"PLFS Year (Jul - Jun), 2023",all ages,Rural+Urban,Female,6.9
India,Punjab,"PLFS Year (Jul - Jun), 2023",all ages,Rural+Urban,Person,5.5
India,Rajasthan,"PLFS Year (Jul - Jun), 2023",15-29,Rural,Male,9.6
India,Rajasthan,"PLFS Year (Jul - Jun), 2023",15-29,Rural,Female,9.1
India,Rajasthan,"PLFS Year (Jul - Jun), 2023",15-29,Rural,Person,9.4
India,Rajasthan,"PLFS Year (Jul - Jun), 2023",15-29,Urban,Male,18.1
India,Rajasthan,"PLFS Year (Jul - Jun), 2023",15-29,Urban,Female,34.4
India,Rajasthan,"PLFS Year (Jul - Jun), 2023",15-29,Urban,Person,22.3
India,Rajasthan,"PLFS Year (Jul - Jun), 2023",15-29,Rural+Urban,Male,11.9
India,Rajasthan,"PLFS Year (Jul - Jun), 2023",15-29,Rural+Urban,Female,13.2
India,Rajasthan,"PLFS Year (Jul - Jun), 2023",15-29,Rural+Urban,Person,12.4
India,Rajasthan,"PLFS Year (Jul - Jun), 2023",15-59,Rural,Male,3.9
India,Rajasthan,"PLFS Year (Jul - Jun), 2023",15-59,Rural,Female,3.1
India,Rajasthan,"PLFS Year (Jul - Jun), 2023",15-59,Rural,Person,3.6
India,Rajasthan,"PLFS Year (Jul - Jun), 2023",15-59,Urban,Male,7.1
India,Rajasthan,"PLFS Year (Jul - Jun), 2023",15-59,Urban,Female,11.4
India,Rajasthan,"PLFS Year (Jul - Jun), 2023",15-59,Urban,Person,8.3
India,Rajasthan,"PLFS Year (Jul - Jun), 2023",15-59,Rural+Urban,Male,4.8
India,Rajasthan,"PLFS Year (Jul - Jun), 2023",15-59,Rural+Urban,Female,4.5
India,Rajasthan,"PLFS Year (Jul - Jun), 2023",15-59,Rural+Urban,Person,4.7
India,Rajasthan,"PLFS Year (Jul - Jun), 2023",15 years and above,Rural,Male,3.5
India,Rajasthan,"PLFS Year (Jul - Jun), 2023",15 years and above,Rural,Female,2.7
India,Rajasthan,"PLFS Year (Jul - Jun), 2023",15 years and above,Rural,Person,3.1
India,Rajasthan,"PLFS Year (Jul - Jun), 2023",15 years and above,Urban,Male,6.5
India,Rajasthan,"PLFS Year (Jul - Jun), 2023",15 years and above,Urban,Female,10.9
India,Rajasthan,"PLFS Year (Jul - Jun), 2023",15 years and above,Urban,Person,7.7
India,Rajasthan,"PLFS Year (Jul - Jun), 2023",15 years and above,Rural+Urban,Male,4.3
India,Rajasthan,"PLFS Year (Jul - Jun), 2023",15 years and above,Rural+Urban,Female,4.0
India,Rajasthan,"PLFS Year (Jul - Jun), 2023",15 years and above,Rural+Urban,Person,4.2
India,Rajasthan,"PLFS Year (Jul - Jun), 2023",all ages,Rural,Male,3.5
India,Rajasthan,"PLFS Year (Jul - Jun), 2023",all ages,Rural,Female,2.7
India,Rajasthan,"PLFS Year (Jul - Jun), 2023",all ages,Rural,Person,3.2
India,Rajasthan,"PLFS Year (Jul - Jun), 2023",all ages,Urban,Male,6.5
India,Rajasthan,"PLFS Year (Jul - Jun), 2023",all ages,Urban,Female,10.9
India,Rajasthan,"PLFS Year (Jul - Jun), 2023",all ages,Urban,Person,7.7
India,Rajasthan,"PLFS Year (Jul - Jun), 2023",all ages,Rural+Urban,Male,4.3
India,Rajasthan,"PLFS Year (Jul - Jun), 2023",all ages,Rural+Urban,Female,4.0
India,Rajasthan,"PLFS Year (Jul - Jun), 2023",all ages,Rural+Urban,Person,4.2
India,Sikkim,"PLFS Year (Jul - Jun), 2023",15-29,Rural,Male,10.1
India,Sikkim,"PLFS Year (Jul - Jun), 2023",15-29,Rural,Female,5.1
India,Sikkim,"PLFS Year (Jul - Jun), 2023",15-29,Rural,Person,7.8
India,Sikkim,"PLFS Year (Jul - Jun), 2023",15-29,Urban,Male,4.2
India,Sikkim,"PLFS Year (Jul - Jun), 2023",15-29,Urban,Female,18.3
India,Sikkim,"PLFS Year (Jul - Jun), 2023",15-29,Urban,Person,7.3
India,Sikkim,"PLFS Year (Jul - Jun), 2023",15-29,Rural+Urban,Male,8.3
India,Sikkim,"PLFS Year (Jul - Jun), 2023",15-29,Rural+Urban,Female,6.8
India,Sikkim,"PLFS Year (Jul - Jun), 2023",15-29,Rural+Urban,Person,7.7
India,Sikkim,"PLFS Year (Jul - Jun), 2023",15-59,Rural,Male,3.1
India,Sikkim,"PLFS Year (Jul - Jun), 2023",15-59,Rural,Female,1.8
India,Sikkim,"PLFS Year (Jul - Jun), 2023",15-59,Rural,Person,2.5
India,Sikkim,"PLFS Year (Jul - Jun), 2023",15-59,Urban,Male,1.7
India,Sikkim,"PLFS Year (Jul - Jun), 2023",15-59,Urban,Female,6.9
India,Sikkim,"PLFS Year (Jul - Jun), 2023",15-59,Urban,Person,3.0
India,Sikkim,"PLFS Year (Jul - Jun), 2023",15-59,Rural+Urban,Male,2.8
India,Sikkim,"PLFS Year (Jul - Jun), 2023",15-59,Rural+Urban,Female,2.4
India,Sikkim,"PLFS Year (Jul - Jun), 2023",15-59,Rural+Urban,Person,2.6
India,Sikkim,"PLFS Year (Jul - Jun), 2023",15 years and above,Rural,Male,2.7
India,Sikkim,"PLFS Year (Jul - Jun), 2023",15 years and above,Rural,Female,1.6
India,Sikkim,"PLFS Year (Jul - Jun), 2023",15 years and above,Rural,Person,2.2
India,Sikkim,"PLFS Year (Jul - Jun), 2023",15 years and above,Urban,Male,1.7
India,Sikkim,"PLFS Year (Jul - Jun), 2023",15 years and above,Urban,Female,6.9
India,Sikkim,"PLFS Year (Jul - Jun), 2023",15 years and above,Urban,Person,3.0
India,Sikkim,"PLFS Year (Jul - Jun), 2023",15 years and above,Rural+Urban,Male,2.5
India,Sikkim,"PLFS Year (Jul - Jun), 2023",15 years and above,Rural+Urban,Female,2.1
India,Sikkim,"PLFS Year (Jul - Jun), 2023",15 years and above,Rural+Urban,Person,2.3
India,Sikkim,"PLFS Year (Jul - Jun), 2023",all ages,Rural,Male,2.7
India,Sikkim,"PLFS Year (Jul - Jun), 2023",all ages,Rural,Female,1.6
India,Sikkim,"PLFS Year (Jul - Jun), 2023",all ages,Rural,Person,2.2
India,Sikkim,"PLFS Year (Jul - Jun), 2023",all ages,Urban,Male,1.7
India,Sikkim,"PLFS Year (Jul - Jun), 2023",all ages,Urban,Female,6.9
India,Sikkim,"PLFS Year (Jul - Jun), 2023",all ages,Urban,Person,3.0
India,Sikkim,"PLFS Year (Jul - Jun), 2023",all ages,Rural+Urban,Male,2.5
India,Sikkim,"PLFS Year (Jul - Jun), 2023",all ages,Rural+Urban,Female,2.1
India,Sikkim,"PLFS Year (Jul - Jun), 2023",all ages,Rural+Urban,Person,2.3
India,Tamil Nadu,"PLFS Year (Jul - Jun), 2023",15-29,Rural,Male,14.1
India,Tamil Nadu,"PLFS Year (Jul - Jun), 2023",15-29,Rural,Female,19.8
India,Tamil Nadu,"PLFS Year (Jul - Jun), 2023",15-29,Rural,Person,15.7
India,Tamil Nadu,"PLFS Year (Jul - Jun), 2023",15-29,Urban,Male,10.9
India,Tamil Nadu,"PLFS Year (Jul - Jun), 2023",15-29,Urban,Female,24.2
India,Tamil Nadu,"PLFS Year (Jul - Jun), 2023",15-29,Urban,Person,14.9
India,Tamil Nadu,"PLFS Year (Jul - Jun), 2023",15-29,Rural+Urban,Male,12.7
India,Tamil Nadu,"PLFS Year (Jul - Jun), 2023",15-29,Rural+Urban,Female,21.9
India,Tamil Nadu,"PLFS Year (Jul - Jun), 2023",15-29,Rural+Urban,Person,15.3
India,Tamil Nadu,"PLFS Year (Jul - Jun), 2023",15-59,Rural,Male,3.9
India,Tamil Nadu,"PLFS Year (Jul - Jun), 2023",15-59,Rural,Female,3.2
India,Tamil Nadu,"PLFS Year (Jul - Jun), 2023",15-59,Rural,Person,3.6
India,Tamil Nadu,"PLFS Year (Jul - Jun), 2023",15-59,Urban,Male,3.4
India,Tamil Nadu,"PLFS Year (Jul - Jun), 2023",15-59,Urban,Female,6.5
India,Tamil Nadu,"PLFS Year (Jul - Jun), 2023",15-59,Urban,Person,4.3
India,Tamil Nadu,"PLFS Year (Jul - Jun), 2023",15-59,Rural+Urban,Male,3.7
India,Tamil Nadu,"PLFS Year (Jul - Jun), 2023",15-59,Rural+Urban,Female,4.3
India,Tamil Nadu,"PLFS Year (Jul - Jun), 2023",15-59,Rural+Urban,Person,3.9
India,Tamil Nadu,"PLFS Year (Jul - Jun), 2023",15 years and above,Rural,Male,3.5
India,Tamil Nadu,"PLFS Year (Jul - Jun), 2023",15 years and above,Rural,Female,2.7
India,Tamil Nadu,"PLFS Year (Jul - Jun), 2023",15 years and above,Rural,Person,3.1
India,Tamil Nadu,"PLFS Year (Jul - Jun), 2023",15 years and above,Urban,Male,3.2
India,Tamil Nadu,"PLFS Year (Jul - Jun), 2023",15 years and above,Urban,Female,6.0
India,Tamil Nadu,"PLFS Year (Jul - Jun), 2023",15 years and above,Urban,Person,4.1
India,Tamil Nadu,"PLFS Year (Jul - Jun), 2023",15 years and above,Rural+Urban,Male,3.4
India,Tamil Nadu,"PLFS Year (Jul - Jun), 2023",15 years and above,Rural+Urban,Female,3.8
India,Tamil Nadu,"PLFS Year (Jul - Jun), 2023",15 years and above,Rural+Urban,Person,3.5
India,Tamil Nadu,"PLFS Year (Jul - Jun), 2023",all ages,Rural,Male,3.5
India,Tamil Nadu,"PLFS Year (Jul - Jun), 2023",all ages,Rural,Female,2.7
India,Tamil Nadu,"PLFS Year (Jul - Jun), 2023",all ages,Rural,Person,3.1
India,Tamil Nadu,"PLFS Year (Jul - Jun), 2023",all ages,Urban,Male,3.2
India,Tamil Nadu,"PLFS Year (Jul - Jun), 2023",all ages,Urban,Female,6.0
India,Tamil Nadu,"PLFS Year (Jul - Jun), 2023",all ages,Urban,Person,4.1
India,Tamil Nadu,"PLFS Year (Jul - Jun), 2023",all ages,Rural+Urban,Male,3.4
India,Tamil Nadu,"PLFS Year (Jul - Jun), 2023",all ages,Rural+Urban,Female,3.8
India,Tamil Nadu,"PLFS Year (Jul - Jun), 2023",all ages,Rural+Urban,Person,3.5
India,Telangana,"PLFS Year (Jul - Jun), 2023",15-29,Rural,Male,12.0
India,Telangana,"PLFS Year (Jul - Jun), 2023",15-29,Rural,Female,17.2
India,Telangana,"PLFS Year (Jul - Jun), 2023",15-29,Rural,Person,13.8
India,Telangana,"PLFS Year (Jul - Jun), 2023",15-29,Urban,Male,16.7
India,Telangana,"PLFS Year (Jul - Jun), 2023",15-29,Urban,Female,30.7
India,Telangana,"PLFS Year (Jul - Jun), 2023",15-29,Urban,Person,20.9
India,Telangana,"PLFS Year (Jul - Jun), 2023",15-29,Rural+Urban,Male,13.9
India,Telangana,"PLFS Year (Jul - Jun), 2023",15-29,Rural+Urban,Female,22.1
India,Telangana,"PLFS Year (Jul - Jun), 2023",15-29,Rural+Urban,Person,16.6
India,Telangana,"PLFS Year (Jul - Jun), 2023",15-59,Rural,Male,4.1
India,Telangana,"PLFS Year (Jul - Jun), 2023",15-59,Rural,Female,3.3
India,Telangana,"PLFS Year (Jul - Jun), 2023",15-59,Rural,Person,3.8
India,Telangana,"PLFS Year (Jul - Jun), 2023",15-59,Urban,Male,6.3
India,Telangana,"PLFS Year (Jul - Jun), 2023",15-59,Urban,Female,10.7
India,Telangana,"PLFS Year (Jul - Jun), 2023",15-59,Urban,Person,7.6
India,Telangana,"PLFS Year (Jul - Jun), 2023",15-59,Rural+Urban,Male,5.0
India,Telangana,"PLFS Year (Jul - Jun), 2023",15-59,Rural+Urban,Female,5.3
India,Telangana,"PLFS Year (Jul - Jun), 2023",15-59,Rural+Urban,Person,5.1
India,Telangana,"PLFS Year (Jul - Jun), 2023",15 years and above,Rural,Male,3.7
India,Telangana,"PLFS Year (Jul - Jun), 2023",15 years and above,Rural,Female,3.1
India,Telangana,"PLFS Year (Jul - Jun), 2023",15 years and above,Rural,Person,3.5
India,Telangana,"PLFS Year (Jul - Jun), 2023",15 years and above,Urban,Male,6.0
India,Telangana,"PLFS Year (Jul - Jun), 2023",15 years and above,Urban,Female,10.4
India,Telangana,"PLFS Year (Jul - Jun), 2023",15 years and above,Urban,Person,7.3
India,Telangana,"PLFS Year (Jul - Jun), 2023",15 years and above,Rural+Urban,Male,4.6
India,Telangana,"PLFS Year (Jul - Jun), 2023",15 years and above,Rural+Urban,Female,5.0
India,Telangana,"PLFS Year (Jul - Jun), 2023",15 years and above,Rural+Urban,Person,4.8
India,Telangana,"PLFS Year (Jul - Jun), 2023",all ages,Rural,Male,3.7
India,Telangana,"PLFS Year (Jul - Jun), 2023",all ages,Rural,Female,3.1
India,Telangana,"PLFS Year (Jul - Jun), 2023",all ages,Rural,Person,3.5
India,Telangana,"PLFS Year (Jul - Jun), 2023",all ages,Urban,Male,6.0
India,Telangana,"PLFS Year (Jul - Jun), 2023",all ages,Urban,Female,10.4
India,Telangana,"PLFS Year (Jul - Jun), 2023",all ages,Urban,Person,7.3
India,Telangana,"PLFS Year (Jul - Jun), 2023",all ages,Rural+Urban,Male,4.6
India,Telangana,"PLFS Year (Jul - Jun), 2023",all ages,Rural+Urban,Female,5.0
India,Telangana,"PLFS Year (Jul - Jun), 2023",all ages,Rural+Urban,Person,4.8
India,The Dadra and Nagar Haveli and Daman and Diu,"PLFS Year (Jul - Jun), 2023",15-29,Rural,Male,11.8
India,The Dadra and Nagar Haveli and Daman and Diu,"PLFS Year (Jul - Jun), 2023",15-29,Rural,Female,0.0
India,The Dadra and Nagar Haveli and Daman and Diu,"PLFS Year (Jul - Jun), 2023",15-29,Rural,Person,6.8
India,The Dadra and Nagar Haveli and Daman and Diu,"PLFS Year (Jul - Jun), 2023",15-29,Urban,Male,5.0
India,The Dadra and Nagar Haveli and Daman and Diu,"PLFS Year (Jul - Jun), 2023",15-29,Urban,Female,15.6
India,The Dadra and Nagar Haveli and Daman and Diu,"PLFS Year (Jul - Jun), 2023",15-29,Urban,Person,6.4
India,The Dadra and Nagar Haveli and Daman and Diu,"PLFS Year (Jul - Jun), 2023",15-29,Rural+Urban,Male,7.8
India,The Dadra and Nagar Haveli and Daman and Diu,"PLFS Year (Jul - Jun), 2023",15-29,Rural+Urban,Female,3.7
India,The Dadra and Nagar Haveli and Daman and Diu,"PLFS Year (Jul - Jun), 2023",15-29,Rural+Urban,Person,6.6
India,The Dadra and Nagar Haveli and Daman and Diu,"PLFS Year (Jul - Jun), 2023",15-59,Rural,Male,4.5
India,The Dadra and Nagar Haveli and Daman and Diu,"PLFS Year (Jul - Jun), 2023",15-59,Rural,Female,0.0
India,The Dadra and Nagar Haveli and Daman and Diu,"PLFS Year (Jul - Jun), 2023",15-59,Rural,Person,2.6
India,The Dadra and Nagar Haveli and Daman and Diu,"PLFS Year (Jul - Jun), 2023",15-59,Urban,Male,2.0
India,The Dadra and Nagar Haveli and Daman and Diu,"PLFS Year (Jul - Jun), 2023",15-59,Urban,Female,4.0
India,The Dadra and Nagar Haveli and Daman and Diu,"PLFS Year (Jul - Jun), 2023",15-59,Urban,Person,2.3
India,The Dadra and Nagar Haveli and Daman and Diu,"PLFS Year (Jul - Jun), 2023",15-59,Rural+Urban,Male,2.9
India,The Dadra and Nagar Haveli and Daman and Diu,"PLFS Year (Jul - Jun), 2023",15-59,Rural+Urban,Female,1.2
India,The Dadra and Nagar Haveli and Daman and Diu,"PLFS Year (Jul - Jun), 2023",15-59,Rural+Urban,Person,2.4
India,The Dadra and Nagar Haveli and Daman and Diu,"PLFS Year (Jul - Jun), 2023",15 years and above,Rural,Male,4.2
India,The Dadra and Nagar Haveli and Daman and Diu,"PLFS Year (Jul - Jun), 2023",15 years and above,Rural,Female,0.0
India,The Dadra and Nagar Haveli and Daman and Diu,"PLFS Year (Jul - Jun), 2023",15 years and above,Rural,Person,2.3
India,The Dadra and Nagar Haveli and Daman and Diu,"PLFS Year (Jul - Jun), 2023",15 years and above,Urban,Male,2.0
India,The Dadra and Nagar Haveli and Daman and Diu,"PLFS Year (Jul - Jun), 2023",15 years and above,Urban,Female,3.8
India,The Dadra and Nagar Haveli and Daman and Diu,"PLFS Year (Jul - Jun), 2023",15 years and above,Urban,Person,2.3
India,The Dadra and Nagar Haveli and Daman and Diu,"PLFS Year (Jul - Jun), 2023",15 years and above,Rural+Urban,Male,2.9
India,The Dadra and Nagar Haveli and Daman and Diu,"PLFS Year (Jul - Jun), 2023",15 years and above,Rural+Urban,Female,1.1
India,The Dadra and Nagar Haveli and Daman and Diu,"PLFS Year (Jul - Jun), 2023",15 years and above,Rural+Urban,Person,2.3
India,The Dadra and Nagar Haveli and Daman and Diu,"PLFS Year (Jul - Jun), 2023",all ages,Rural,Male,4.2
India,The Dadra and Nagar Haveli and Daman and Diu,"PLFS Year (Jul - Jun), 2023",all ages,Rural,Female,0.0
India,The Dadra and Nagar Haveli and Daman and Diu,"PLFS Year (Jul - Jun), 2023",all ages,Rural,Person,2.3
India,The Dadra and Nagar Haveli and Daman and Diu,"PLFS Year (Jul - Jun), 2023",all ages,Urban,Male,2.0
India,The Dadra and Nagar Haveli and Daman and Diu,"PLFS Year (Jul - Jun), 2023",all ages,Urban,Female,3.8
India,The Dadra and Nagar Haveli and Daman and Diu,"PLFS Year (Jul - Jun), 2023",all ages,Urban,Person,2.3
India,The Dadra and Nagar Haveli and Daman and Diu,"PLFS Year (Jul - Jun), 2023",all ages,Rural+Urban,Male,2.9
India,The Dadra and Nagar Haveli and Daman and Diu,"PLFS Year (Jul - Jun), 2023",all ages,Rural+Urban,Female,1.1
India,The Dadra and Nagar Haveli and Daman and Diu,"PLFS Year (Jul - Jun), 2023",all ages,Rural+Urban,Person,2.3
India,Tripura,"PLFS Year (Jul - Jun), 2023",15-29,Rural,Male,6.0
India,Tripura,"PLFS Year (Jul - Jun), 2023",15-29,Rural,Female,4.5
India,Tripura,"PLFS Year (Jul - Jun), 2023",15-29,Rural,Person,5.6
India,Tripura,"PLFS Year (Jul - Jun), 2023",15-29,Urban,Male,13.2
India,Tripura,"PLFS Year (Jul - Jun), 2023",15-29,Urban,Female,23.2
India,Tripura,"PLFS Year (Jul - Jun), 2023",15-29,Urban,Person,16.3
India,Tripura,"PLFS Year (Jul - Jun), 2023",15-29,Rural+Urban,Male,6.8
India,Tripura,"PLFS Year (Jul - Jun), 2023",15-29,Rural+Urban,Female,6.7
India,Tripura,"PLFS Year (Jul - Jun), 2023",15-29,Rural+Urban,Person,6.8
India,Tripura,"PLFS Year (Jul - Jun), 2023",15-59,Rural,Male,1.8
India,Tripura,"PLFS Year (Jul - Jun), 2023",15-59,Rural,Female,1.3
India,Tripura,"PLFS Year (Jul - Jun), 2023",15-59,Rural,Person,1.6
India,Tripura,"PLFS Year (Jul - Jun), 2023",15-59,Urban,Male,2.9
India,Tripura,"PLFS Year (Jul - Jun), 2023",15-59,Urban,Female,4.6
India,Tripura,"PLFS Year (Jul - Jun), 2023",15-59,Urban,Person,3.5
India,Tripura,"PLFS Year (Jul - Jun), 2023",15-59,Rural+Urban,Male,1.9
India,Tripura,"PLFS Year (Jul - Jun), 2023",15-59,Rural+Urban,Female,1.7
India,Tripura,"PLFS Year (Jul - Jun), 2023",15-59,Rural+Urban,Person,1.8
India,Tripura,"PLFS Year (Jul - Jun), 2023",15 years and above,Rural,Male,1.6
India,Tripura,"PLFS Year (Jul - Jun), 2023",15 years and above,Rural,Female,1.2
India,Tripura,"PLFS Year (Jul - Jun), 2023",15 years and above,Rural,Person,1.4
India,Tripura,"PLFS Year (Jul - Jun), 2023",15 years and above,Urban,Male,2.7
India,Tripura,"PLFS Year (Jul - Jun), 2023",15 years and above,Urban,Female,4.4
India,Tripura,"PLFS Year (Jul - Jun), 2023",15 years and above,Urban,Person,3.2
India,Tripura,"PLFS Year (Jul - Jun), 2023",15 years and above,Rural+Urban,Male,1.7
India,Tripura,"PLFS Year (Jul - Jun), 2023",15 years and above,Rural+Urban,Female,1.6
India,Tripura,"PLFS Year (Jul - Jun), 2023",15 years and above,Rural+Urban,Person,1.7
India,Tripura,"PLFS Year (Jul - Jun), 2023",all ages,Rural,Male,1.6
India,Tripura,"PLFS Year (Jul - Jun), 2023",all ages,Rural,Female,1.2
India,Tripura,"PLFS Year (Jul - Jun), 2023",all ages,Rural,Person,1.4
India,Tripura,"PLFS Year (Jul - Jun), 2023",all ages,Urban,Male,2.7
India,Tripura,"PLFS Year (Jul - Jun), 2023",all ages,Urban,Female,4.4
India,Tripura,"PLFS Year (Jul - Jun), 2023",all ages,Urban,Person,3.2
India,Tripura,"PLFS Year (Jul - Jun), 2023",all ages,Rural+Urban,Male,1.7
India,Tripura,"PLFS Year (Jul - Jun), 2023",all ages,Rural+Urban,Female,1.6
India,Tripura,"PLFS Year (Jul - Jun), 2023",all ages,Rural+Urban,Person,1.7
India,Uttar Pradesh,"PLFS Year (Jul - Jun), 2023",15-29,Rural,Male,7.7
India,Uttar Pradesh,"PLFS Year (Jul - Jun), 2023",15-29,Rural,Female,5.0
India,Uttar Pradesh,"PLFS Year (Jul - Jun), 2023",15-29,Rural,Person,6.9
India,Uttar Pradesh,"PLFS Year (Jul - Jun), 2023",15-29,Urban,Male,15.5
India,Uttar Pradesh,"PLFS Year (Jul - Jun), 2023",15-29,Urban,Female,29.9
India,Uttar Pradesh,"PLFS Year (Jul - Jun), 2023",15-29,Urban,Person,18.1
India,Uttar Pradesh,"PLFS Year (Jul - Jun), 2023",15-29,Rural+Urban,Male,9.3
India,Uttar Pradesh,"PLFS Year (Jul - Jun), 2023",15-29,Rural+Urban,Female,8.5
India,Uttar Pradesh,"PLFS Year (Jul - Jun), 2023",15-29,Rural+Urban,Person,9.1
India,Uttar Pradesh,"PLFS Year (Jul - Jun), 2023",15-59,Rural,Male,2.9
India,Uttar Pradesh,"PLFS Year (Jul - Jun), 2023",15-59,Rural,Female,1.6
India,Uttar Pradesh,"PLFS Year (Jul - Jun), 2023",15-59,Rural,Person,2.5
India,Uttar Pradesh,"PLFS Year (Jul - Jun), 2023",15-59,Urban,Male,6.1
India,Uttar Pradesh,"PLFS Year (Jul - Jun), 2023",15-59,Urban,Female,11.6
India,Uttar Pradesh,"PLFS Year (Jul - Jun), 2023",15-59,Urban,Person,7.1
India,Uttar Pradesh,"PLFS Year (Jul - Jun), 2023",15-59,Rural+Urban,Male,3.6
India,Uttar Pradesh,"PLFS Year (Jul - Jun), 2023",15-59,Rural+Urban,Female,2.8
India,Uttar Pradesh,"PLFS Year (Jul - Jun), 2023",15-59,Rural+Urban,Person,3.4
India,Uttar Pradesh,"PLFS Year (Jul - Jun), 2023",15 years and above,Rural,Male,2.6
India,Uttar Pradesh,"PLFS Year (Jul - Jun), 2023",15 years and above,Rural,Female,1.5
India,Uttar Pradesh,"PLFS Year (Jul - Jun), 2023",15 years and above,Rural,Person,2.2
India,Uttar Pradesh,"PLFS Year (Jul - Jun), 2023",15 years and above,Urban,Male,5.7
India,Uttar Pradesh,"PLFS Year (Jul - Jun), 2023",15 years and above,Urban,Female,11.0
India,Uttar Pradesh,"PLFS Year (Jul - Jun), 2023",15 years and above,Urban,Person,6.7
India,Uttar Pradesh,"PLFS Year (Jul - Jun), 2023",15 years and above,Rural+Urban,Male,3.3
India,Uttar Pradesh,"PLFS Year (Jul - Jun), 2023",15 years and above,Rural+Urban,Female,2.5
India,Uttar Pradesh,"PLFS Year (Jul - Jun), 2023",15 years and above,Rural+Urban,Person,3.1
India,Uttar Pradesh,"PLFS Year (Jul - Jun), 2023",all ages,Rural,Male,2.6
India,Uttar Pradesh,"PLFS Year (Jul - Jun), 2023",all ages,Rural,Female,1.5
India,Uttar Pradesh,"PLFS Year (Jul - Jun), 2023",all ages,Rural,Person,2.2
India,Uttar Pradesh,"PLFS Year (Jul - Jun), 2023",all ages,Urban,Male,5.7
India,Uttar Pradesh,"PLFS Year (Jul - Jun), 2023",all ages,Urban,Female,11.0
India,Uttar Pradesh,"PLFS Year (Jul - Jun), 2023",all ages,Urban,Person,6.7
India,Uttar Pradesh,"PLFS Year (Jul - Jun), 2023",all ages,Rural+Urban,Male,3.3
India,Uttar Pradesh,"PLFS Year (Jul - Jun), 2023",all ages,Rural+Urban,Female,2.5
India,Uttar Pradesh,"PLFS Year (Jul - Jun), 2023",all ages,Rural+Urban,Person,3.0
India,Uttarakhand,"PLFS Year (Jul - Jun), 2023",15-29,Rural,Male,7.5
India,Uttarakhand,"PLFS Year (Jul - Jun), 2023",15-29,Rural,Female,9.1
India,Uttarakhand,"PLFS Year (Jul - Jun), 2023",15-29,Rural,Person,8.2
India,Uttarakhand,"PLFS Year (Jul - Jun), 2023",15-29,Urban,Male,10.7
India,Uttarakhand,"PLFS Year (Jul - Jun), 2023",15-29,Urban,Female,30.2
India,Uttarakhand,"PLFS Year (Jul - Jun), 2023",15-29,Urban,Person,16.0
India,Uttarakhand,"PLFS Year (Jul - Jun), 2023",15-29,Rural+Urban,Male,8.3
India,Uttarakhand,"PLFS Year (Jul - Jun), 2023",15-29,Rural+Urban,Female,12.3
India,Uttarakhand,"PLFS Year (Jul - Jun), 2023",15-29,Rural+Urban,Person,9.8
India,Uttarakhand,"PLFS Year (Jul - Jun), 2023",15-59,Rural,Male,5.5
India,Uttarakhand,"PLFS Year (Jul - Jun), 2023",15-59,Rural,Female,3.1
India,Uttarakhand,"PLFS Year (Jul - Jun), 2023",15-59,Rural,Person,4.5
India,Uttarakhand,"PLFS Year (Jul - Jun), 2023",15-59,Urban,Male,3.7
India,Uttarakhand,"PLFS Year (Jul - Jun), 2023",15-59,Urban,Female,13.5
India,Uttarakhand,"PLFS Year (Jul - Jun), 2023",15-59,Urban,Person,6.1
India,Uttarakhand,"PLFS Year (Jul - Jun), 2023",15-59,Rural+Urban,Male,5.0
India,Uttarakhand,"PLFS Year (Jul - Jun), 2023",15-59,Rural+Urban,Female,4.6
India,Uttarakhand,"PLFS Year (Jul - Jun), 2023",15-59,Rural+Urban,Person,4.9
India,Uttarakhand,"PLFS Year (Jul - Jun), 2023",15 years and above,Rural,Male,4.8
India,Uttarakhand,"PLFS Year (Jul - Jun), 2023",15 years and above,Rural,Female,2.7
India,Uttarakhand,"PLFS Year (Jul - Jun), 2023",15 years and above,Rural,Person,3.9
India,Uttarakhand,"PLFS Year (Jul - Jun), 2023",15 years and above,Urban,Male,3.5
India,Uttarakhand,"PLFS Year (Jul - Jun), 2023",15 years and above,Urban,Female,13.0
India,Uttarakhand,"PLFS Year (Jul - Jun), 2023",15 years and above,Urban,Person,5.8
India,Uttarakhand,"PLFS Year (Jul - Jun), 2023",15 years and above,Rural+Urban,Male,4.5
India,Uttarakhand,"PLFS Year (Jul - Jun), 2023",15 years and above,Rural+Urban,Female,4.1
India,Uttarakhand,"PLFS Year (Jul - Jun), 2023",15 years and above,Rural+Urban,Person,4.3
India,Uttarakhand,"PLFS Year (Jul - Jun), 2023",all ages,Rural,Male,4.8
India,Uttarakhand,"PLFS Year (Jul - Jun), 2023",all ages,Rural,Female,2.7
India,Uttarakhand,"PLFS Year (Jul - Jun), 2023",all ages,Rural,Person,3.9
India,Uttarakhand,"PLFS Year (Jul - Jun), 2023",all ages,Urban,Male,3.5
India,Uttarakhand,"PLFS Year (Jul - Jun), 2023",all ages,Urban,Female,13.0
India,Uttarakhand,"PLFS Year (Jul - Jun), 2023",all ages,Urban,Person,5.8
India,Uttarakhand,"PLFS Year (Jul - Jun), 2023",all ages,Rural+Urban,Male,4.5
India,Uttarakhand,"PLFS Year (Jul - Jun), 2023",all ages,Rural+Urban,Female,4.0
India,Uttarakhand,"PLFS Year (Jul - Jun), 2023",all ages,Rural+Urban,Person,4.3
India,West Bengal,"PLFS Year (Jul - Jun), 2023",15-29,Rural,Male,8.5
India,West Bengal,"PLFS Year (Jul - Jun), 2023",15-29,Rural,Female,8.6
India,West Bengal,"PLFS Year (Jul - Jun), 2023",15-29,Rural,Person,8.5
India,West Bengal,"PLFS Year (Jul - Jun), 2023",15-29,Urban,Male,8.5
India,West Bengal,"PLFS Year (Jul - Jun), 2023",15-29,Urban,Female,13.6
India,West Bengal,"PLFS Year (Jul - Jun), 2023",15-29,Urban,Person,10.3
India,West Bengal,"PLFS Year (Jul - Jun), 2023",15-29,Rural+Urban,Male,8.5
India,West Bengal,"PLFS Year (Jul - Jun), 2023",15-29,Rural+Urban,Female,10.0
India,West Bengal,"PLFS Year (Jul - Jun), 2023",15-29,Rural+Urban,Person,9.0
India,West Bengal,"PLFS Year (Jul - Jun), 2023",15-59,Rural,Male,2.5
India,West Bengal,"PLFS Year (Jul - Jun), 2023",15-59,Rural,Female,2.4
India,West Bengal,"PLFS Year (Jul - Jun), 2023",15-59,Rural,Person,2.5
India,West Bengal,"PLFS Year (Jul - Jun), 2023",15-59,Urban,Male,2.8
India,West Bengal,"PLFS Year (Jul - Jun), 2023",15-59,Urban,Female,5.3
India,West Bengal,"PLFS Year (Jul - Jun), 2023",15-59,Urban,Person,3.6
India,West Bengal,"PLFS Year (Jul - Jun), 2023",15-59,Rural+Urban,Male,2.6
India,West Bengal,"PLFS Year (Jul - Jun), 2023",15-59,Rural+Urban,Female,3.1
India,West Bengal,"PLFS Year (Jul - Jun), 2023",15-59,Rural+Urban,Person,2.8
India,West Bengal,"PLFS Year (Jul - Jun), 2023",15 years and above,Rural,Male,2.2
India,West Bengal,"PLFS Year (Jul - Jun), 2023",15 years and above,Rural,Female,2.3
India,West Bengal,"PLFS Year (Jul - Jun), 2023",15 years and above,Rural,Person,2.2
India,West Bengal,"PLFS Year (Jul - Jun), 2023",15 years and above,Urban,Male,2.6
India,West Bengal,"PLFS Year (Jul - Jun), 2023",15 years and above,Urban,Female,5.0
India,West Bengal,"PLFS Year (Jul - Jun), 2023",15 years and above,Urban,Person,3.3
India,West Bengal,"PLFS Year (Jul - Jun), 2023",15 years and above,Rural+Urban,Male,2.3
India,West Bengal,"PLFS Year (Jul - Jun), 2023",15 years and above,Rural+Urban,Female,3.0
India,West Bengal,"PLFS Year (Jul - Jun), 2023",15 years and above,Rural+Urban,Person,2.5
India,West Bengal,"PLFS Year (Jul - Jun), 2023",all ages,Rural,Male,2.3
India,West Bengal,"PLFS Year (Jul - Jun), 2023",all ages,Rural,Female,2.3
India,West Bengal,"PLFS Year (Jul - Jun), 2023",all ages,Rural,Person,2.3
India,West Bengal,"PLFS Year (Jul - Jun), 2023",all ages,Urban,Male,2.6
India,West Bengal,"PLFS Year (Jul - Jun), 2023",all ages,Urban,Female,5.0
India,West Bengal,"PLFS Year (Jul - Jun), 2023",all ages,Urban,Person,3.3
India,West Bengal,"PLFS Year (Jul - Jun), 2023",all ages,Rural+Urban,Male,2.4
India,West Bengal,"PLFS Year (Jul - Jun), 2023",all ages,Rural+Urban,Female,3.0
India,West Bengal,"PLFS Year (Jul - Jun), 2023",all ages,Rural+Urban,Person,2.6
India,Andaman and Nicobar Islands,"PLFS Year (Jul - Jun), 2022",15-29,Rural,Male,6.5
India,Andaman and Nicobar Islands,"PLFS Year (Jul - Jun), 2022",15-29,Rural,Female,37.2
India,Andaman and Nicobar Islands,"PLFS Year (Jul - Jun), 2022",15-29,Rural,Person,19.3
India,Andaman and Nicobar Islands,"PLFS Year (Jul - Jun), 2022",15-29,Urban,Male,17.1
India,Andaman and Nicobar Islands,"PLFS Year (Jul - Jun), 2022",15-29,Urban,Female,48.6
India,Andaman and Nicobar Islands,"PLFS Year (Jul - Jun), 2022",15-29,Urban,Person,31.9
India,Andaman and Nicobar Islands,"PLFS Year (Jul - Jun), 2022",15-29,Rural+Urban,Male,10.7
India,Andaman and Nicobar Islands,"PLFS Year (Jul - Jun), 2022",15-29,Rural+Urban,Female,42.3
India,Andaman and Nicobar Islands,"PLFS Year (Jul - Jun), 2022",15-29,Rural+Urban,Person,24.6
India,Andaman and Nicobar Islands,"PLFS Year (Jul - Jun), 2022",15-59,Rural,Male,2.5
India,Andaman and Nicobar Islands,"PLFS Year (Jul - Jun), 2022",15-59,Rural,Female,14.5
India,Andaman and Nicobar Islands,"PLFS Year (Jul - Jun), 2022",15-59,Rural,Person,7.1
India,Andaman and Nicobar Islands,"PLFS Year (Jul - Jun), 2022",15-59,Urban,Male,6.6
India,Andaman and Nicobar Islands,"PLFS Year (Jul - Jun), 2022",15-59,Urban,Female,28.3
India,Andaman and Nicobar Islands,"PLFS Year (Jul - Jun), 2022",15-59,Urban,Person,14.5
India,Andaman and Nicobar Islands,"PLFS Year (Jul - Jun), 2022",15-59,Rural+Urban,Male,4.3
India,Andaman and Nicobar Islands,"PLFS Year (Jul - Jun), 2022",15-59,Rural+Urban,Female,20.3
India,Andaman and Nicobar Islands,"PLFS Year (Jul - Jun), 2022",15-59,Rural+Urban,Person,10.3
India,Andaman and Nicobar Islands,"PLFS Year (Jul - Jun), 2022",15 years and above,Rural,Male,2.3
India,Andaman and Nicobar Islands,"PLFS Year (Jul - Jun), 2022",15 years and above,Rural,Female,13.9
India,Andaman and Nicobar Islands,"PLFS Year (Jul - Jun), 2022",15 years and above,Rural,Person,6.6
India,Andaman and Nicobar Islands,"PLFS Year (Jul - Jun), 2022",15 years and above,Urban,Male,6.3
India,Andaman and Nicobar Islands,"PLFS Year (Jul - Jun), 2022",15 years and above,Urban,Female,28.1
India,Andaman and Nicobar Islands,"PLFS Year (Jul - Jun), 2022",15 years and above,Urban,Person,14.0
India,Andaman and Nicobar Islands,"PLFS Year (Jul - Jun), 2022",15 years and above,Rural+Urban,Male,4.0
India,Andaman and Nicobar Islands,"PLFS Year (Jul - Jun), 2022",15 years and above,Rural+Urban,Female,19.8
India,Andaman and Nicobar Islands,"PLFS Year (Jul - Jun), 2022",15 years and above,Rural+Urban,Person,9.7
India,Andaman and Nicobar Islands,"PLFS Year (Jul - Jun), 2022",all ages,Rural,Male,2.3
India,Andaman and Nicobar Islands,"PLFS Year (Jul - Jun), 2022",all ages,Rural,Female,13.9
India,Andaman and Nicobar Islands,"PLFS Year (Jul - Jun), 2022",all ages,Rural,Person,6.6
India,Andaman and Nicobar Islands,"PLFS Year (Jul - Jun), 2022",all ages,Urban,Male,6.3
India,Andaman and Nicobar Islands,"PLFS Year (Jul - Jun), 2022",all ages,Urban,Female,28.1
India,Andaman and Nicobar Islands,"PLFS Year (Jul - Jun), 2022",all ages,Urban,Person,14.0
India,Andaman and Nicobar Islands,"PLFS Year (Jul - Jun), 2022",all ages,Rural+Urban,Male,4.0
India,Andaman and Nicobar Islands,"PLFS Year (Jul - Jun), 2022",all ages,Rural+Urban,Female,19.8
India,Andaman and Nicobar Islands,"PLFS Year (Jul - Jun), 2022",all ages,Rural+Urban,Person,9.7
India,Andhra Pradesh,"PLFS Year (Jul - Jun), 2022",15-29,Rural,Male,12.3
India,Andhra Pradesh,"PLFS Year (Jul - Jun), 2022",15-29,Rural,Female,15.7
India,Andhra Pradesh,"PLFS Year (Jul - Jun), 2022",15-29,Rural,Person,13.4
India,Andhra Pradesh,"PLFS Year (Jul - Jun), 2022",15-29,Urban,Male,19.4
India,Andhra Pradesh,"PLFS Year (Jul - Jun), 2022",15-29,Urban,Female,25.7
India,Andhra Pradesh,"PLFS Year (Jul - Jun), 2022",15-29,Urban,Person,21.4
India,Andhra Pradesh,"PLFS Year (Jul - Jun), 2022",15-29,Rural+Urban,Male,14.3
India,Andhra Pradesh,"PLFS Year (Jul - Jun), 2022",15-29,Rural+Urban,Female,18.5
India,Andhra Pradesh,"PLFS Year (Jul - Jun), 2022",15-29,Rural+Urban,Person,15.7
India,Andhra Pradesh,"PLFS Year (Jul - Jun), 2022",15-59,Rural,Male,3.8
India,Andhra Pradesh,"PLFS Year (Jul - Jun), 2022",15-59,Rural,Female,3.2
India,Andhra Pradesh,"PLFS Year (Jul - Jun), 2022",15-59,Rural,Person,3.6
India,Andhra Pradesh,"PLFS Year (Jul - Jun), 2022",15-59,Urban,Male,6.4
India,Andhra Pradesh,"PLFS Year (Jul - Jun), 2022",15-59,Urban,Female,7.8
India,Andhra Pradesh,"PLFS Year (Jul - Jun), 2022",15-59,Urban,Person,6.9
India,Andhra Pradesh,"PLFS Year (Jul - Jun), 2022",15-59,Rural+Urban,Male,4.6
India,Andhra Pradesh,"PLFS Year (Jul - Jun), 2022",15-59,Rural+Urban,Female,4.2
India,Andhra Pradesh,"PLFS Year (Jul - Jun), 2022",15-59,Rural+Urban,Person,4.4
India,Andhra Pradesh,"PLFS Year (Jul - Jun), 2022",15 years and above,Rural,Male,3.5
India,Andhra Pradesh,"PLFS Year (Jul - Jun), 2022",15 years and above,Rural,Female,3.0
India,Andhra Pradesh,"PLFS Year (Jul - Jun), 2022",15 years and above,Rural,Person,3.3
India,Andhra Pradesh,"PLFS Year (Jul - Jun), 2022",15 years and above,Urban,Male,6.0
India,Andhra Pradesh,"PLFS Year (Jul - Jun), 2022",15 years and above,Urban,Female,7.5
India,Andhra Pradesh,"PLFS Year (Jul - Jun), 2022",15 years and above,Urban,Person,6.5
India,Andhra Pradesh,"PLFS Year (Jul - Jun), 2022",15 years and above,Rural+Urban,Male,4.2
India,Andhra Pradesh,"PLFS Year (Jul - Jun), 2022",15 years and above,Rural+Urban,Female,4.0
India,Andhra Pradesh,"PLFS Year (Jul - Jun), 2022",15 years and above,Rural+Urban,Person,4.1
India,Andhra Pradesh,"PLFS Year (Jul - Jun), 2022",all ages,Rural,Male,3.5
India,Andhra Pradesh,"PLFS Year (Jul - Jun), 2022",all ages,Rural,Female,3.0
India,Andhra Pradesh,"PLFS Year (Jul - Jun), 2022",all ages,Rural,Person,3.3
India,Andhra Pradesh,"PLFS Year (Jul - Jun), 2022",all ages,Urban,Male,6.0
India,Andhra Pradesh,"PLFS Year (Jul - Jun), 2022",all ages,Urban,Female,7.5
India,Andhra Pradesh,"PLFS Year (Jul - Jun), 2022",all ages,Urban,Person,6.5
India,Andhra Pradesh,"PLFS Year (Jul - Jun), 2022",all ages,Rural+Urban,Male,4.2
India,Andhra Pradesh,"PLFS Year (Jul - Jun), 2022",all ages,Rural+Urban,Female,4.0
India,Andhra Pradesh,"PLFS Year (Jul - Jun), 2022",all ages,Rural+Urban,Person,4.1
India,Arunachal Pradesh,"PLFS Year (Jul - Jun), 2022",15-29,Rural,Male,17.7
India,Arunachal Pradesh,"PLFS Year (Jul - Jun), 2022",15-29,Rural,Female,9.4
India,Arunachal Pradesh,"PLFS Year (Jul - Jun), 2022",15-29,Rural,Person,14.4
India,Arunachal Pradesh,"PLFS Year (Jul - Jun), 2022",15-29,Urban,Male,34.9
India,Arunachal Pradesh,"PLFS Year (Jul - Jun), 2022",15-29,Urban,Female,46.6
India,Arunachal Pradesh,"PLFS Year (Jul - Jun), 2022",15-29,Urban,Person,39.6
India,Arunachal Pradesh,"PLFS Year (Jul - Jun), 2022",15-29,Rural+Urban,Male,19.9
India,Arunachal Pradesh,"PLFS Year (Jul - Jun), 2022",15-29,Rural+Urban,Female,14.1
India,Arunachal Pradesh,"PLFS Year (Jul - Jun), 2022",15-29,Rural+Urban,Person,17.6
India,Arunachal Pradesh,"PLFS Year (Jul - Jun), 2022",15-59,Rural,Male,4.8
India,Arunachal Pradesh,"PLFS Year (Jul - Jun), 2022",15-59,Rural,Female,3.2
India,Arunachal Pradesh,"PLFS Year (Jul - Jun), 2022",15-59,Rural,Person,4.1
India,Arunachal Pradesh,"PLFS Year (Jul - Jun), 2022",15-59,Urban,Male,8.1
India,Arunachal Pradesh,"PLFS Year (Jul - Jun), 2022",15-59,Urban,Female,17.2
India,Arunachal Pradesh,"PLFS Year (Jul - Jun), 2022",15-59,Urban,Person,11.2
India,Arunachal Pradesh,"PLFS Year (Jul - Jun), 2022",15-59,Rural+Urban,Male,5.3
India,Arunachal Pradesh,"PLFS Year (Jul - Jun), 2022",15-59,Rural+Urban,Female,4.7
India,Arunachal Pradesh,"PLFS Year (Jul - Jun), 2022",15-59,Rural+Urban,Person,5.1
India,Arunachal Pradesh,"PLFS Year (Jul - Jun), 2022",15 years and above,Rural,Male,4.5
India,Arunachal Pradesh,"PLFS Year (Jul - Jun), 2022",15 years and above,Rural,Female,3.1
India,Arunachal Pradesh,"PLFS Year (Jul - Jun), 2022",15 years and above,Rural,Person,3.9
India,Arunachal Pradesh,"PLFS Year (Jul - Jun), 2022",15 years and above,Urban,Male,7.9
India,Arunachal Pradesh,"PLFS Year (Jul - Jun), 2022",15 years and above,Urban,Female,16.9
India,Arunachal Pradesh,"PLFS Year (Jul - Jun), 2022",15 years and above,Urban,Person,10.9
India,Arunachal Pradesh,"PLFS Year (Jul - Jun), 2022",15 years and above,Rural+Urban,Male,5.0
India,Arunachal Pradesh,"PLFS Year (Jul - Jun), 2022",15 years and above,Rural+Urban,Female,4.5
India,Arunachal Pradesh,"PLFS Year (Jul - Jun), 2022",15 years and above,Rural+Urban,Person,4.8
India,Arunachal Pradesh,"PLFS Year (Jul - Jun), 2022",all ages,Rural,Male,4.5
India,Arunachal Pradesh,"PLFS Year (Jul - Jun), 2022",all ages,Rural,Female,3.1
India,Arunachal Pradesh,"PLFS Year (Jul - Jun), 2022",all ages,Rural,Person,3.9
India,Arunachal Pradesh,"PLFS Year (Jul - Jun), 2022",all ages,Urban,Male,7.9
India,Arunachal Pradesh,"PLFS Year (Jul - Jun), 2022",all ages,Urban,Female,16.9
India,Arunachal Pradesh,"PLFS Year (Jul - Jun), 2022",all ages,Urban,Person,10.9
India,Arunachal Pradesh,"PLFS Year (Jul - Jun), 2022",all ages,Rural+Urban,Male,5.0
India,Arunachal Pradesh,"PLFS Year (Jul - Jun), 2022",all ages,Rural+Urban,Female,4.5
India,Arunachal Pradesh,"PLFS Year (Jul - Jun), 2022",all ages,Rural+Urban,Person,4.8
India,Assam,"PLFS Year (Jul - Jun), 2022",15-29,Rural,Male,2.9
India,Assam,"PLFS Year (Jul - Jun), 2022",15-29,Rural,Female,10.2
India,Assam,"PLFS Year (Jul - Jun), 2022",15-29,Rural,Person,3.8
India,Assam,"PLFS Year (Jul - Jun), 2022",15-29,Urban,Male,14.3
India,Assam,"PLFS Year (Jul - Jun), 2022",15-29,Urban,Female,33.8
India,Assam,"PLFS Year (Jul - Jun), 2022",15-29,Urban,Person,20.5
India,Assam,"PLFS Year (Jul - Jun), 2022",15-29,Rural+Urban,Male,3.2
India,Assam,"PLFS Year (Jul - Jun), 2022",15-29,Rural+Urban,Female,12.1
India,Assam,"PLFS Year (Jul - Jun), 2022",15-29,Rural+Urban,Person,4.3
India,Assam,"PLFS Year (Jul - Jun), 2022",15-59,Rural,Male,1.3
India,Assam,"PLFS Year (Jul - Jun), 2022",15-59,Rural,Female,2.8
India,Assam,"PLFS Year (Jul - Jun), 2022",15-59,Rural,Person,1.5
India,Assam,"PLFS Year (Jul - Jun), 2022",15-59,Urban,Male,3.8
India,Assam,"PLFS Year (Jul - Jun), 2022",15-59,Urban,Female,13.2
India,Assam,"PLFS Year (Jul - Jun), 2022",15-59,Urban,Person,6.5
India,Assam,"PLFS Year (Jul - Jun), 2022",15-59,Rural+Urban,Male,1.3
India,Assam,"PLFS Year (Jul - Jun), 2022",15-59,Rural+Urban,Female,3.5
India,Assam,"PLFS Year (Jul - Jun), 2022",15-59,Rural+Urban,Person,1.7
India,Assam,"PLFS Year (Jul - Jun), 2022",15 years and above,Rural,Male,1.2
India,Assam,"PLFS Year (Jul - Jun), 2022",15 years and above,Rural,Female,2.7
India,Assam,"PLFS Year (Jul - Jun), 2022",15 years and above,Rural,Person,1.5
India,Assam,"PLFS Year (Jul - Jun), 2022",15 years and above,Urban,Male,3.6
India,Assam,"PLFS Year (Jul - Jun), 2022",15 years and above,Urban,Female,12.7
India,Assam,"PLFS Year (Jul - Jun), 2022",15 years and above,Urban,Person,6.1
India,Assam,"PLFS Year (Jul - Jun), 2022",15 years and above,Rural+Urban,Male,1.3
India,Assam,"PLFS Year (Jul - Jun), 2022",15 years and above,Rural+Urban,Female,3.4
India,Assam,"PLFS Year (Jul - Jun), 2022",15 years and above,Rural+Urban,Person,1.7
India,Assam,"PLFS Year (Jul - Jun), 2022",all ages,Rural,Male,1.2
India,Assam,"PLFS Year (Jul - Jun), 2022",all ages,Rural,Female,2.7
India,Assam,"PLFS Year (Jul - Jun), 2022",all ages,Rural,Person,1.5
India,Assam,"PLFS Year (Jul - Jun), 2022",all ages,Urban,Male,3.6
India,Assam,"PLFS Year (Jul - Jun), 2022",all ages,Urban,Female,12.7
India,Assam,"PLFS Year (Jul - Jun), 2022",all ages,Urban,Person,6.1
India,Assam,"PLFS Year (Jul - Jun), 2022",all ages,Rural+Urban,Male,1.3
India,Assam,"PLFS Year (Jul - Jun), 2022",all ages,Rural+Urban,Female,3.4
India,Assam,"PLFS Year (Jul - Jun), 2022",all ages,Rural+Urban,Person,1.7
India,Bihar,"PLFS Year (Jul - Jun), 2022",15-29,Rural,Male,14.9
India,Bihar,"PLFS Year (Jul - Jun), 2022",15-29,Rural,Female,5.7
India,Bihar,"PLFS Year (Jul - Jun), 2022",15-29,Rural,Person,13.2
India,Bihar,"PLFS Year (Jul - Jun), 2022",15-29,Urban,Male,20.6
India,Bihar,"PLFS Year (Jul - Jun), 2022",15-29,Urban,Female,31.0
India,Bihar,"PLFS Year (Jul - Jun), 2022",15-29,Urban,Person,21.9
India,Bihar,"PLFS Year (Jul - Jun), 2022",15-29,Rural+Urban,Male,15.4
India,Bihar,"PLFS Year (Jul - Jun), 2022",15-29,Rural+Urban,Female,7.0
India,Bihar,"PLFS Year (Jul - Jun), 2022",15-29,Rural+Urban,Person,13.9
India,Bihar,"PLFS Year (Jul - Jun), 2022",15-59,Rural,Male,4.8
India,Bihar,"PLFS Year (Jul - Jun), 2022",15-59,Rural,Female,1.2
India,Bihar,"PLFS Year (Jul - Jun), 2022",15-59,Rural,Person,4.0
India,Bihar,"PLFS Year (Jul - Jun), 2022",15-59,Urban,Male,7.9
India,Bihar,"PLFS Year (Jul - Jun), 2022",15-59,Urban,Female,10.1
India,Bihar,"PLFS Year (Jul - Jun), 2022",15-59,Urban,Person,8.2
India,Bihar,"PLFS Year (Jul - Jun), 2022",15-59,Rural+Urban,Male,5.1
India,Bihar,"PLFS Year (Jul - Jun), 2022",15-59,Rural+Urban,Female,1.6
India,Bihar,"PLFS Year (Jul - Jun), 2022",15-59,Rural+Urban,Person,4.3
India,Bihar,"PLFS Year (Jul - Jun), 2022",15 years and above,Rural,Male,4.4
India,Bihar,"PLFS Year (Jul - Jun), 2022",15 years and above,Rural,Female,1.1
India,Bihar,"PLFS Year (Jul - Jun), 2022",15 years and above,Rural,Person,3.6
India,Bihar,"PLFS Year (Jul - Jun), 2022",15 years and above,Urban,Male,7.4
India,Bihar,"PLFS Year (Jul - Jun), 2022",15 years and above,Urban,Female,9.8
India,Bihar,"PLFS Year (Jul - Jun), 2022",15 years and above,Urban,Person,7.7
India,Bihar,"PLFS Year (Jul - Jun), 2022",15 years and above,Rural+Urban,Male,4.6
India,Bihar,"PLFS Year (Jul - Jun), 2022",15 years and above,Rural+Urban,Female,1.6
India,Bihar,"PLFS Year (Jul - Jun), 2022",15 years and above,Rural+Urban,Person,3.9
India,Bihar,"PLFS Year (Jul - Jun), 2022",all ages,Rural,Male,4.4
India,Bihar,"PLFS Year (Jul - Jun), 2022",all ages,Rural,Female,1.2
India,Bihar,"PLFS Year (Jul - Jun), 2022",all ages,Rural,Person,3.6
India,Bihar,"PLFS Year (Jul - Jun), 2022",all ages,Urban,Male,7.3
India,Bihar,"PLFS Year (Jul - Jun), 2022",all ages,Urban,Female,9.7
India,Bihar,"PLFS Year (Jul - Jun), 2022",all ages,Urban,Person,7.7
India,Bihar,"PLFS Year (Jul - Jun), 2022",all ages,Rural+Urban,Male,4.6
India,Bihar,"PLFS Year (Jul - Jun), 2022",all ages,Rural+Urban,Female,1.6
India,Bihar,"PLFS Year (Jul - Jun), 2022",all ages,Rural+Urban,Person,3.9
India,Chandigarh,"PLFS Year (Jul - Jun), 2022",15-29,Rural,Male,1.8
India,Chandigarh,"PLFS Year (Jul - Jun), 2022",15-29,Rural,Female,17.2
India,Chandigarh,"PLFS Year (Jul - Jun), 2022",15-29,Rural,Person,7.0
India,Chandigarh,"PLFS Year (Jul - Jun), 2022",15-29,Urban,Male,9.3
India,Chandigarh,"PLFS Year (Jul - Jun), 2022",15-29,Urban,Female,1.7
India,Chandigarh,"PLFS Year (Jul - Jun), 2022",15-29,Urban,Person,7.3
India,Chandigarh,"PLFS Year (Jul - Jun), 2022",15-29,Rural+Urban,Male,8.6
India,Chandigarh,"PLFS Year (Jul - Jun), 2022",15-29,Rural+Urban,Female,3.7
India,Chandigarh,"PLFS Year (Jul - Jun), 2022",15-29,Rural+Urban,Person,7.2
India,Chandigarh,"PLFS Year (Jul - Jun), 2022",15-59,Rural,Male,0.8
India,Chandigarh,"PLFS Year (Jul - Jun), 2022",15-59,Rural,Female,10.7
India,Chandigarh,"PLFS Year (Jul - Jun), 2022",15-59,Rural,Person,3.5
India,Chandigarh,"PLFS Year (Jul - Jun), 2022",15-59,Urban,Male,4.6
India,Chandigarh,"PLFS Year (Jul - Jun), 2022",15-59,Urban,Female,2.4
India,Chandigarh,"PLFS Year (Jul - Jun), 2022",15-59,Urban,Person,4.1
India,Chandigarh,"PLFS Year (Jul - Jun), 2022",15-59,Rural+Urban,Male,4.4
India,Chandigarh,"PLFS Year (Jul - Jun), 2022",15-59,Rural+Urban,Female,3.0
India,Chandigarh,"PLFS Year (Jul - Jun), 2022",15-59,Rural+Urban,Person,4.1
India,Chandigarh,"PLFS Year (Jul - Jun), 2022",15 years and above,Rural,Male,0.7
India,Chandigarh,"PLFS Year (Jul - Jun), 2022",15 years and above,Rural,Female,10.7
India,Chandigarh,"PLFS Year (Jul - Jun), 2022",15 years and above,Rural,Person,3.2
India,Chandigarh,"PLFS Year (Jul - Jun), 2022",15 years and above,Urban,Male,4.5
India,Chandigarh,"PLFS Year (Jul - Jun), 2022",15 years and above,Urban,Female,2.4
India,Chandigarh,"PLFS Year (Jul - Jun), 2022",15 years and above,Urban,Person,4.0
India,Chandigarh,"PLFS Year (Jul - Jun), 2022",15 years and above,Rural+Urban,Male,4.3
India,Chandigarh,"PLFS Year (Jul - Jun), 2022",15 years and above,Rural+Urban,Female,2.9
India,Chandigarh,"PLFS Year (Jul - Jun), 2022",15 years and above,Rural+Urban,Person,4.0
India,Chandigarh,"PLFS Year (Jul - Jun), 2022",all ages,Rural,Male,0.7
India,Chandigarh,"PLFS Year (Jul - Jun), 2022",all ages,Rural,Female,10.7
India,Chandigarh,"PLFS Year (Jul - Jun), 2022",all ages,Rural,Person,3.2
India,Chandigarh,"PLFS Year (Jul - Jun), 2022",all ages,Urban,Male,4.5
India,Chandigarh,"PLFS Year (Jul - Jun), 2022",all ages,Urban,Female,2.4
India,Chandigarh,"PLFS Year (Jul - Jun), 2022",all ages,Urban,Person,4.0
India,Chandigarh,"PLFS Year (Jul - Jun), 2022",all ages,Rural+Urban,Male,4.3
India,Chandigarh,"PLFS Year (Jul - Jun), 2022",all ages,Rural+Urban,Female,2.9
India,Chandigarh,"PLFS Year (Jul - Jun), 2022",all ages,Rural+Urban,Person,4.0
India,Chhattisgarh,"PLFS Year (Jul - Jun), 2022",15-29,Rural,Male,5.6
India,Chhattisgarh,"PLFS Year (Jul - Jun), 2022",15-29,Rural,Female,3.1
India,Chhattisgarh,"PLFS Year (Jul - Jun), 2022",15-29,Rural,Person,4.7
India,Chhattisgarh,"PLFS Year (Jul - Jun), 2022",15-29,Urban,Male,18.4
India,Chhattisgarh,"PLFS Year (Jul - Jun), 2022",15-29,Urban,Female,27.2
India,Chhattisgarh,"PLFS Year (Jul - Jun), 2022",15-29,Urban,Person,21.1
India,Chhattisgarh,"PLFS Year (Jul - Jun), 2022",15-29,Rural+Urban,Male,7.7
India,Chhattisgarh,"PLFS Year (Jul - Jun), 2022",15-29,Rural+Urban,Female,6.1
India,Chhattisgarh,"PLFS Year (Jul - Jun), 2022",15-29,Rural+Urban,Person,7.1
India,Chhattisgarh,"PLFS Year (Jul - Jun), 2022",15-59,Rural,Male,2.1
India,Chhattisgarh,"PLFS Year (Jul - Jun), 2022",15-59,Rural,Female,1.0
India,Chhattisgarh,"PLFS Year (Jul - Jun), 2022",15-59,Rural,Person,1.6
India,Chhattisgarh,"PLFS Year (Jul - Jun), 2022",15-59,Urban,Male,7.4
India,Chhattisgarh,"PLFS Year (Jul - Jun), 2022",15-59,Urban,Female,10.9
India,Chhattisgarh,"PLFS Year (Jul - Jun), 2022",15-59,Urban,Person,8.5
India,Chhattisgarh,"PLFS Year (Jul - Jun), 2022",15-59,Rural+Urban,Male,3.0
India,Chhattisgarh,"PLFS Year (Jul - Jun), 2022",15-59,Rural+Urban,Female,2.1
India,Chhattisgarh,"PLFS Year (Jul - Jun), 2022",15-59,Rural+Urban,Person,2.7
India,Chhattisgarh,"PLFS Year (Jul - Jun), 2022",15 years and above,Rural,Male,1.9
India,Chhattisgarh,"PLFS Year (Jul - Jun), 2022",15 years and above,Rural,Female,0.9
India,Chhattisgarh,"PLFS Year (Jul - Jun), 2022",15 years and above,Rural,Person,1.4
India,Chhattisgarh,"PLFS Year (Jul - Jun), 2022",15 years and above,Urban,Male,6.8
India,Chhattisgarh,"PLFS Year (Jul - Jun), 2022",15 years and above,Urban,Female,10.2
India,Chhattisgarh,"PLFS Year (Jul - Jun), 2022",15 years and above,Urban,Person,7.8
India,Chhattisgarh,"PLFS Year (Jul - Jun), 2022",15 years and above,Rural+Urban,Male,2.8
India,Chhattisgarh,"PLFS Year (Jul - Jun), 2022",15 years and above,Rural+Urban,Female,2.0
India,Chhattisgarh,"PLFS Year (Jul - Jun), 2022",15 years and above,Rural+Urban,Person,2.4
India,Chhattisgarh,"PLFS Year (Jul - Jun), 2022",all ages,Rural,Male,1.9
India,Chhattisgarh,"PLFS Year (Jul - Jun), 2022",all ages,Rural,Female,0.9
India,Chhattisgarh,"PLFS Year (Jul - Jun), 2022",all ages,Rural,Person,1.5
India,Chhattisgarh,"PLFS Year (Jul - Jun), 2022",all ages,Urban,Male,6.8
India,Chhattisgarh,"PLFS Year (Jul - Jun), 2022",all ages,Urban,Female,10.2
India,Chhattisgarh,"PLFS Year (Jul - Jun), 2022",all ages,Urban,Person,7.8
India,Chhattisgarh,"PLFS Year (Jul - Jun), 2022",all ages,Rural+Urban,Male,2.8
India,Chhattisgarh,"PLFS Year (Jul - Jun), 2022",all ages,Rural+Urban,Female,2.0
India,Chhattisgarh,"PLFS Year (Jul - Jun), 2022",all ages,Rural+Urban,Person,2.5
India,Delhi,"PLFS Year (Jul - Jun), 2022",15-29,Rural,Male,35.1
India,Delhi,"PLFS Year (Jul - Jun), 2022",15-29,Rural,Female,0.0
India,Delhi,"PLFS Year (Jul - Jun), 2022",15-29,Rural,Person,31.0
India,Delhi,"PLFS Year (Jul - Jun), 2022",15-29,Urban,Male,5.3
India,Delhi,"PLFS Year (Jul - Jun), 2022",15-29,Urban,Female,6.3
India,Delhi,"PLFS Year (Jul - Jun), 2022",15-29,Urban,Person,5.4
India,Delhi,"PLFS Year (Jul - Jun), 2022",15-29,Rural+Urban,Male,6.1
India,Delhi,"PLFS Year (Jul - Jun), 2022",15-29,Rural+Urban,Female,6.2
India,Delhi,"PLFS Year (Jul - Jun), 2022",15-29,Rural+Urban,Person,6.1
India,Delhi,"PLFS Year (Jul - Jun), 2022",15-59,Rural,Male,10.7
India,Delhi,"PLFS Year (Jul - Jun), 2022",15-59,Rural,Female,0.0
India,Delhi,"PLFS Year (Jul - Jun), 2022",15-59,Rural,Person,10.2
India,Delhi,"PLFS Year (Jul - Jun), 2022",15-59,Urban,Male,1.7
India,Delhi,"PLFS Year (Jul - Jun), 2022",15-59,Urban,Female,2.3
India,Delhi,"PLFS Year (Jul - Jun), 2022",15-59,Urban,Person,1.8
India,Delhi,"PLFS Year (Jul - Jun), 2022",15-59,Rural+Urban,Male,1.9
India,Delhi,"PLFS Year (Jul - Jun), 2022",15-59,Rural+Urban,Female,2.3
India,Delhi,"PLFS Year (Jul - Jun), 2022",15-59,Rural+Urban,Person,2.0
India,Delhi,"PLFS Year (Jul - Jun), 2022",15 years and above,Rural,Male,10.7
India,Delhi,"PLFS Year (Jul - Jun), 2022",15 years and above,Rural,Female,0.0
India,Delhi,"PLFS Year (Jul - Jun), 2022",15 years and above,Rural,Person,10.2
India,Delhi,"PLFS Year (Jul - Jun), 2022",15 years and above,Urban,Male,1.6
India,Delhi,"PLFS Year (Jul - Jun), 2022",15 years and above,Urban,Female,2.2
India,Delhi,"PLFS Year (Jul - Jun), 2022",15 years and above,Urban,Person,1.7
India,Delhi,"PLFS Year (Jul - Jun), 2022",15 years and above,Rural+Urban,Male,1.8
India,Delhi,"PLFS Year (Jul - Jun), 2022",15 years and above,Rural+Urban,Female,2.2
India,Delhi,"PLFS Year (Jul - Jun), 2022",15 years and above,Rural+Urban,Person,1.9
India,Delhi,"PLFS Year (Jul - Jun), 2022",all ages,Rural,Male,10.7
India,Delhi,"PLFS Year (Jul - Jun), 2022",all ages,Rural,Female,0.0
India,Delhi,"PLFS Year (Jul - Jun), 2022",all ages,Rural,Person,10.2
India,Delhi,"PLFS Year (Jul - Jun), 2022",all ages,Urban,Male,1.6
India,Delhi,"PLFS Year (Jul - Jun), 2022",all ages,Urban,Female,2.2
India,Delhi,"PLFS Year (Jul - Jun), 2022",all ages,Urban,Person,1.7
India,Delhi,"PLFS Year (Jul - Jun), 2022",all ages,Rural+Urban,Male,1.8
India,Delhi,"PLFS Year (Jul - Jun), 2022",all ages,Rural+Urban,Female,2.2
India,Delhi,"PLFS Year (Jul - Jun), 2022",all ages,Rural+Urban,Person,1.9
India,Goa,"PLFS Year (Jul - Jun), 2022",15-29,Rural,Male,27.7
India,Goa,"PLFS Year (Jul - Jun), 2022",15-29,Rural,Female,59.9
India,Goa,"PLFS Year (Jul - Jun), 2022",15-29,Rural,Person,38.9
India,Goa,"PLFS Year (Jul - Jun), 2022",15-29,Urban,Male,15.9
India,Goa,"PLFS Year (Jul - Jun), 2022",15-29,Urban,Female,32.1
India,Goa,"PLFS Year (Jul - Jun), 2022",15-29,Urban,Person,21.6
India,Goa,"PLFS Year (Jul - Jun), 2022",15-29,Rural+Urban,Male,19.8
India,Goa,"PLFS Year (Jul - Jun), 2022",15-29,Rural+Urban,Female,41.3
India,Goa,"PLFS Year (Jul - Jun), 2022",15-29,Rural+Urban,Person,27.4
India,Goa,"PLFS Year (Jul - Jun), 2022",15-59,Rural,Male,8.3
India,Goa,"PLFS Year (Jul - Jun), 2022",15-59,Rural,Female,18.7
India,Goa,"PLFS Year (Jul - Jun), 2022",15-59,Rural,Person,11.5
India,Goa,"PLFS Year (Jul - Jun), 2022",15-59,Urban,Male,7.5
India,Goa,"PLFS Year (Jul - Jun), 2022",15-59,Urban,Female,12.9
India,Goa,"PLFS Year (Jul - Jun), 2022",15-59,Urban,Person,9.1
India,Goa,"PLFS Year (Jul - Jun), 2022",15-59,Rural+Urban,Male,7.8
India,Goa,"PLFS Year (Jul - Jun), 2022",15-59,Rural+Urban,Female,15.2
India,Goa,"PLFS Year (Jul - Jun), 2022",15-59,Rural+Urban,Person,10.0
India,Goa,"PLFS Year (Jul - Jun), 2022",15 years and above,Rural,Male,8.7
India,Goa,"PLFS Year (Jul - Jun), 2022",15 years and above,Rural,Female,17.7
India,Goa,"PLFS Year (Jul - Jun), 2022",15 years and above,Rural,Person,11.3
India,Goa,"PLFS Year (Jul - Jun), 2022",15 years and above,Urban,Male,7.1
India,Goa,"PLFS Year (Jul - Jun), 2022",15 years and above,Urban,Female,12.7
India,Goa,"PLFS Year (Jul - Jun), 2022",15 years and above,Urban,Person,8.7
India,Goa,"PLFS Year (Jul - Jun), 2022",15 years and above,Rural+Urban,Male,7.7
India,Goa,"PLFS Year (Jul - Jun), 2022",15 years and above,Rural+Urban,Female,14.7
India,Goa,"PLFS Year (Jul - Jun), 2022",15 years and above,Rural+Urban,Person,9.7
India,Goa,"PLFS Year (Jul - Jun), 2022",all ages,Rural,Male,8.7
India,Goa,"PLFS Year (Jul - Jun), 2022",all ages,Rural,Female,17.7
India,Goa,"PLFS Year (Jul - Jun), 2022",all ages,Rural,Person,11.3
India,Goa,"PLFS Year (Jul - Jun), 2022",all ages,Urban,Male,7.1
India,Goa,"PLFS Year (Jul - Jun), 2022",all ages,Urban,Female,12.7
India,Goa,"PLFS Year (Jul - Jun), 2022",all ages,Urban,Person,8.7
India,Goa,"PLFS Year (Jul - Jun), 2022",all ages,Rural+Urban,Male,7.7
India,Goa,"PLFS Year (Jul - Jun), 2022",all ages,Rural+Urban,Female,14.7
India,Goa,"PLFS Year (Jul - Jun), 2022",all ages,Rural+Urban,Person,9.7
India,Gujarat,"PLFS Year (Jul - Jun), 2022",15-29,Rural,Male,5.8
India,Gujarat,"PLFS Year (Jul - Jun), 2022",15-29,Rural,Female,2.3
India,Gujarat,"PLFS Year (Jul - Jun), 2022",15-29,Rural,Person,4.6
India,Gujarat,"PLFS Year (Jul - Jun), 2022",15-29,Urban,Male,4.6
India,Gujarat,"PLFS Year (Jul - Jun), 2022",15-29,Urban,Female,10.7
India,Gujarat,"PLFS Year (Jul - Jun), 2022",15-29,Urban,Person,5.9
India,Gujarat,"PLFS Year (Jul - Jun), 2022",15-29,Rural+Urban,Male,5.3
India,Gujarat,"PLFS Year (Jul - Jun), 2022",15-29,Rural+Urban,Female,4.5
India,Gujarat,"PLFS Year (Jul - Jun), 2022",15-29,Rural+Urban,Person,5.1
India,Gujarat,"PLFS Year (Jul - Jun), 2022",15-59,Rural,Male,2.1
India,Gujarat,"PLFS Year (Jul - Jun), 2022",15-59,Rural,Female,0.7
India,Gujarat,"PLFS Year (Jul - Jun), 2022",15-59,Rural,Person,1.6
India,Gujarat,"PLFS Year (Jul - Jun), 2022",15-59,Urban,Male,1.9
India,Gujarat,"PLFS Year (Jul - Jun), 2022",15-59,Urban,Female,3.5
India,Gujarat,"PLFS Year (Jul - Jun), 2022",15-59,Urban,Person,2.3
India,Gujarat,"PLFS Year (Jul - Jun), 2022",15-59,Rural+Urban,Male,2.1
India,Gujarat,"PLFS Year (Jul - Jun), 2022",15-59,Rural+Urban,Female,1.4
India,Gujarat,"PLFS Year (Jul - Jun), 2022",15-59,Rural+Urban,Person,1.8
India,Gujarat,"PLFS Year (Jul - Jun), 2022",15 years and above,Rural,Male,1.9
India,Gujarat,"PLFS Year (Jul - Jun), 2022",15 years and above,Rural,Female,0.6
India,Gujarat,"PLFS Year (Jul - Jun), 2022",15 years and above,Rural,Person,1.4
India,Gujarat,"PLFS Year (Jul - Jun), 2022",15 years and above,Urban,Male,1.9
India,Gujarat,"PLFS Year (Jul - Jun), 2022",15 years and above,Urban,Female,3.4
India,Gujarat,"PLFS Year (Jul - Jun), 2022",15 years and above,Urban,Person,2.2
India,Gujarat,"PLFS Year (Jul - Jun), 2022",15 years and above,Rural+Urban,Male,1.9
India,Gujarat,"PLFS Year (Jul - Jun), 2022",15 years and above,Rural+Urban,Female,1.3
India,Gujarat,"PLFS Year (Jul - Jun), 2022",15 years and above,Rural+Urban,Person,1.7
India,Gujarat,"PLFS Year (Jul - Jun), 2022",all ages,Rural,Male,1.9
India,Gujarat,"PLFS Year (Jul - Jun), 2022",all ages,Rural,Female,0.6
India,Gujarat,"PLFS Year (Jul - Jun), 2022",all ages,Rural,Person,1.4
India,Gujarat,"PLFS Year (Jul - Jun), 2022",all ages,Urban,Male,1.9
India,Gujarat,"PLFS Year (Jul - Jun), 2022",all ages,Urban,Female,3.3
India,Gujarat,"PLFS Year (Jul - Jun), 2022",all ages,Urban,Person,2.2
India,Gujarat,"PLFS Year (Jul - Jun), 2022",all ages,Rural+Urban,Male,1.9
India,Gujarat,"PLFS Year (Jul - Jun), 2022",all ages,Rural+Urban,Female,1.3
India,Gujarat,"PLFS Year (Jul - Jun), 2022",all ages,Rural+Urban,Person,1.7
India,Haryana,"PLFS Year (Jul - Jun), 2022",15-29,Rural,Male,16.5
India,Haryana,"PLFS Year (Jul - Jun), 2022",15-29,Rural,Female,17.3
India,Haryana,"PLFS Year (Jul - Jun), 2022",15-29,Rural,Person,16.6
India,Haryana,"PLFS Year (Jul - Jun), 2022",15-29,Urban,Male,17.4
India,Haryana,"PLFS Year (Jul - Jun), 2022",15-29,Urban,Female,26.5
India,Haryana,"PLFS Year (Jul - Jun), 2022",15-29,Urban,Person,19.2
India,Haryana,"PLFS Year (Jul - Jun), 2022",15-29,Rural+Urban,Male,16.8
India,Haryana,"PLFS Year (Jul - Jun), 2022",15-29,Rural+Urban,Female,21.3
India,Haryana,"PLFS Year (Jul - Jun), 2022",15-29,Rural+Urban,Person,17.5
India,Haryana,"PLFS Year (Jul - Jun), 2022",15-59,Rural,Male,7.0
India,Haryana,"PLFS Year (Jul - Jun), 2022",15-59,Rural,Female,3.1
India,Haryana,"PLFS Year (Jul - Jun), 2022",15-59,Rural,Person,6.2
India,Haryana,"PLFS Year (Jul - Jun), 2022",15-59,Urban,Male,6.3
India,Haryana,"PLFS Year (Jul - Jun), 2022",15-59,Urban,Female,8.5
India,Haryana,"PLFS Year (Jul - Jun), 2022",15-59,Urban,Person,6.7
India,Haryana,"PLFS Year (Jul - Jun), 2022",15-59,Rural+Urban,Male,6.8
India,Haryana,"PLFS Year (Jul - Jun), 2022",15-59,Rural+Urban,Female,4.9
India,Haryana,"PLFS Year (Jul - Jun), 2022",15-59,Rural+Urban,Person,6.4
India,Haryana,"PLFS Year (Jul - Jun), 2022",15 years and above,Rural,Male,6.6
India,Haryana,"PLFS Year (Jul - Jun), 2022",15 years and above,Rural,Female,3.0
India,Haryana,"PLFS Year (Jul - Jun), 2022",15 years and above,Rural,Person,5.8
India,Haryana,"PLFS Year (Jul - Jun), 2022",15 years and above,Urban,Male,6.1
India,Haryana,"PLFS Year (Jul - Jun), 2022",15 years and above,Urban,Female,8.3
India,Haryana,"PLFS Year (Jul - Jun), 2022",15 years and above,Urban,Person,6.5
India,Haryana,"PLFS Year (Jul - Jun), 2022",15 years and above,Rural+Urban,Male,6.4
India,Haryana,"PLFS Year (Jul - Jun), 2022",15 years and above,Rural+Urban,Female,4.7
India,Haryana,"PLFS Year (Jul - Jun), 2022",15 years and above,Rural+Urban,Person,6.1
India,Haryana,"PLFS Year (Jul - Jun), 2022",all ages,Rural,Male,6.6
India,Haryana,"PLFS Year (Jul - Jun), 2022",all ages,Rural,Female,3.0
India,Haryana,"PLFS Year (Jul - Jun), 2022",all ages,Rural,Person,5.8
India,Haryana,"PLFS Year (Jul - Jun), 2022",all ages,Urban,Male,6.1
India,Haryana,"PLFS Year (Jul - Jun), 2022",all ages,Urban,Female,8.2
India,Haryana,"PLFS Year (Jul - Jun), 2022",all ages,Urban,Person,6.5
India,Haryana,"PLFS Year (Jul - Jun), 2022",all ages,Rural+Urban,Male,6.4
India,Haryana,"PLFS Year (Jul - Jun), 2022",all ages,Rural+Urban,Female,4.7
India,Haryana,"PLFS Year (Jul - Jun), 2022",all ages,Rural+Urban,Person,6.1
India,Himachal Pradesh,"PLFS Year (Jul - Jun), 2022",15-29,Rural,Male,10.8
India,Himachal Pradesh,"PLFS Year (Jul - Jun), 2022",15-29,Rural,Female,10.4
India,Himachal Pradesh,"PLFS Year (Jul - Jun), 2022",15-29,Rural,Person,10.6
India,Himachal Pradesh,"PLFS Year (Jul - Jun), 2022",15-29,Urban,Male,16.5
India,Himachal Pradesh,"PLFS Year (Jul - Jun), 2022",15-29,Urban,Female,51.2
India,Himachal Pradesh,"PLFS Year (Jul - Jun), 2022",15-29,Urban,Person,31.7
India,Himachal Pradesh,"PLFS Year (Jul - Jun), 2022",15-29,Rural+Urban,Male,11.4
India,Himachal Pradesh,"PLFS Year (Jul - Jun), 2022",15-29,Rural+Urban,Female,13.9
India,Himachal Pradesh,"PLFS Year (Jul - Jun), 2022",15-29,Rural+Urban,Person,12.5
India,Himachal Pradesh,"PLFS Year (Jul - Jun), 2022",15-59,Rural,Male,4.0
India,Himachal Pradesh,"PLFS Year (Jul - Jun), 2022",15-59,Rural,Female,4.3
India,Himachal Pradesh,"PLFS Year (Jul - Jun), 2022",15-59,Rural,Person,4.1
India,Himachal Pradesh,"PLFS Year (Jul - Jun), 2022",15-59,Urban,Male,5.5
India,Himachal Pradesh,"PLFS Year (Jul - Jun), 2022",15-59,Urban,Female,31.1
India,Himachal Pradesh,"PLFS Year (Jul - Jun), 2022",15-59,Urban,Person,15.0
India,Himachal Pradesh,"PLFS Year (Jul - Jun), 2022",15-59,Rural+Urban,Male,4.1
India,Himachal Pradesh,"PLFS Year (Jul - Jun), 2022",15-59,Rural+Urban,Female,6.0
India,Himachal Pradesh,"PLFS Year (Jul - Jun), 2022",15-59,Rural+Urban,Person,5.0
India,Himachal Pradesh,"PLFS Year (Jul - Jun), 2022",15 years and above,Rural,Male,3.3
India,Himachal Pradesh,"PLFS Year (Jul - Jun), 2022",15 years and above,Rural,Female,3.8
India,Himachal Pradesh,"PLFS Year (Jul - Jun), 2022",15 years and above,Rural,Person,3.5
India,Himachal Pradesh,"PLFS Year (Jul - Jun), 2022",15 years and above,Urban,Male,5.1
India,Himachal Pradesh,"PLFS Year (Jul - Jun), 2022",15 years and above,Urban,Female,29.9
India,Himachal Pradesh,"PLFS Year (Jul - Jun), 2022",15 years and above,Urban,Person,14.1
India,Himachal Pradesh,"PLFS Year (Jul - Jun), 2022",15 years and above,Rural+Urban,Male,3.4
India,Himachal Pradesh,"PLFS Year (Jul - Jun), 2022",15 years and above,Rural+Urban,Female,5.3
India,Himachal Pradesh,"PLFS Year (Jul - Jun), 2022",15 years and above,Rural+Urban,Person,4.3
India,Himachal Pradesh,"PLFS Year (Jul - Jun), 2022",all ages,Rural,Male,3.3
India,Himachal Pradesh,"PLFS Year (Jul - Jun), 2022",all ages,Rural,Female,3.8
India,Himachal Pradesh,"PLFS Year (Jul - Jun), 2022",all ages,Rural,Person,3.5
India,Himachal Pradesh,"PLFS Year (Jul - Jun), 2022",all ages,Urban,Male,6.3
India,Himachal Pradesh,"PLFS Year (Jul - Jun), 2022",all ages,Urban,Female,30.6
India,Himachal Pradesh,"PLFS Year (Jul - Jun), 2022",all ages,Urban,Person,15.1
India,Himachal Pradesh,"PLFS Year (Jul - Jun), 2022",all ages,Rural+Urban,Male,3.5
India,Himachal Pradesh,"PLFS Year (Jul - Jun), 2022",all ages,Rural+Urban,Female,5.3
India,Himachal Pradesh,"PLFS Year (Jul - Jun), 2022",all ages,Rural+Urban,Person,4.4
India,Jammu and Kashmir,"PLFS Year (Jul - Jun), 2022",15-29,Rural,Male,9.1
India,Jammu and Kashmir,"PLFS Year (Jul - Jun), 2022",15-29,Rural,Female,14.0
India,Jammu and Kashmir,"PLFS Year (Jul - Jun), 2022",15-29,Rural,Person,11.2
India,Jammu and Kashmir,"PLFS Year (Jul - Jun), 2022",15-29,Urban,Male,18.9
India,Jammu and Kashmir,"PLFS Year (Jul - Jun), 2022",15-29,Urban,Female,52.6
India,Jammu and Kashmir,"PLFS Year (Jul - Jun), 2022",15-29,Urban,Person,29.0
India,Jammu and Kashmir,"PLFS Year (Jul - Jun), 2022",15-29,Rural+Urban,Male,10.7
India,Jammu and Kashmir,"PLFS Year (Jul - Jun), 2022",15-29,Rural+Urban,Female,18.0
India,Jammu and Kashmir,"PLFS Year (Jul - Jun), 2022",15-29,Rural+Urban,Person,13.7
India,Jammu and Kashmir,"PLFS Year (Jul - Jun), 2022",15-59,Rural,Male,2.7
India,Jammu and Kashmir,"PLFS Year (Jul - Jun), 2022",15-59,Rural,Female,5.1
India,Jammu and Kashmir,"PLFS Year (Jul - Jun), 2022",15-59,Rural,Person,3.7
India,Jammu and Kashmir,"PLFS Year (Jul - Jun), 2022",15-59,Urban,Male,5.9
India,Jammu and Kashmir,"PLFS Year (Jul - Jun), 2022",15-59,Urban,Female,24.2
India,Jammu and Kashmir,"PLFS Year (Jul - Jun), 2022",15-59,Urban,Person,10.8
India,Jammu and Kashmir,"PLFS Year (Jul - Jun), 2022",15-59,Rural+Urban,Male,3.3
India,Jammu and Kashmir,"PLFS Year (Jul - Jun), 2022",15-59,Rural+Urban,Female,7.0
India,Jammu and Kashmir,"PLFS Year (Jul - Jun), 2022",15-59,Rural+Urban,Person,4.8
India,Jammu and Kashmir,"PLFS Year (Jul - Jun), 2022",15 years and above,Rural,Male,2.4
India,Jammu and Kashmir,"PLFS Year (Jul - Jun), 2022",15 years and above,Rural,Female,4.7
India,Jammu and Kashmir,"PLFS Year (Jul - Jun), 2022",15 years and above,Rural,Person,3.4
India,Jammu and Kashmir,"PLFS Year (Jul - Jun), 2022",15 years and above,Urban,Male,5.5
India,Jammu and Kashmir,"PLFS Year (Jul - Jun), 2022",15 years and above,Urban,Female,23.5
India,Jammu and Kashmir,"PLFS Year (Jul - Jun), 2022",15 years and above,Urban,Person,10.2
India,Jammu and Kashmir,"PLFS Year (Jul - Jun), 2022",15 years and above,Rural+Urban,Male,3.0
India,Jammu and Kashmir,"PLFS Year (Jul - Jun), 2022",15 years and above,Rural+Urban,Female,6.5
India,Jammu and Kashmir,"PLFS Year (Jul - Jun), 2022",15 years and above,Rural+Urban,Person,4.4
India,Jammu and Kashmir,"PLFS Year (Jul - Jun), 2022",all ages,Rural,Male,2.4
India,Jammu and Kashmir,"PLFS Year (Jul - Jun), 2022",all ages,Rural,Female,4.7
India,Jammu and Kashmir,"PLFS Year (Jul - Jun), 2022",all ages,Rural,Person,3.4
India,Jammu and Kashmir,"PLFS Year (Jul - Jun), 2022",all ages,Urban,Male,5.5
India,Jammu and Kashmir,"PLFS Year (Jul - Jun), 2022",all ages,Urban,Female,23.5
India,Jammu and Kashmir,"PLFS Year (Jul - Jun), 2022",all ages,Urban,Person,10.2
India,Jammu and Kashmir,"PLFS Year (Jul - Jun), 2022",all ages,Rural+Urban,Male,3.0
India,Jammu and Kashmir,"PLFS Year (Jul - Jun), 2022",all ages,Rural+Urban,Female,6.5
India,Jammu and Kashmir,"PLFS Year (Jul - Jun), 2022",all ages,Rural+Urban,Person,4.4
India,Jharkhand,"PLFS Year (Jul - Jun), 2022",15-29,Rural,Male,4.2
India,Jharkhand,"PLFS Year (Jul - Jun), 2022",15-29,Rural,Female,0.2
India,Jharkhand,"PLFS Year (Jul - Jun), 2022",15-29,Rural,Person,2.6
India,Jharkhand,"PLFS Year (Jul - Jun), 2022",15-29,Urban,Male,19.0
India,Jharkhand,"PLFS Year (Jul - Jun), 2022",15-29,Urban,Female,23.0
India,Jharkhand,"PLFS Year (Jul - Jun), 2022",15-29,Urban,Person,19.8
India,Jharkhand,"PLFS Year (Jul - Jun), 2022",15-29,Rural+Urban,Male,6.5
India,Jharkhand,"PLFS Year (Jul - Jun), 2022",15-29,Rural+Urban,Female,1.6
India,Jharkhand,"PLFS Year (Jul - Jun), 2022",15-29,Rural+Urban,Person,4.7
India,Jharkhand,"PLFS Year (Jul - Jun), 2022",15-59,Rural,Male,1.7
India,Jharkhand,"PLFS Year (Jul - Jun), 2022",15-59,Rural,Female,0.1
India,Jharkhand,"PLFS Year (Jul - Jun), 2022",15-59,Rural,Person,1.0
India,Jharkhand,"PLFS Year (Jul - Jun), 2022",15-59,Urban,Male,6.5
India,Jharkhand,"PLFS Year (Jul - Jun), 2022",15-59,Urban,Female,6.7
India,Jharkhand,"PLFS Year (Jul - Jun), 2022",15-59,Urban,Person,6.6
India,Jharkhand,"PLFS Year (Jul - Jun), 2022",15-59,Rural+Urban,Male,2.6
India,Jharkhand,"PLFS Year (Jul - Jun), 2022",15-59,Rural+Urban,Female,0.6
India,Jharkhand,"PLFS Year (Jul - Jun), 2022",15-59,Rural+Urban,Person,1.8
India,Jharkhand,"PLFS Year (Jul - Jun), 2022",15 years and above,Rural,Male,1.5
India,Jharkhand,"PLFS Year (Jul - Jun), 2022",15 years and above,Rural,Female,0.1
India,Jharkhand,"PLFS Year (Jul - Jun), 2022",15 years and above,Rural,Person,0.9
India,Jharkhand,"PLFS Year (Jul - Jun), 2022",15 years and above,Urban,Male,6.2
India,Jharkhand,"PLFS Year (Jul - Jun), 2022",15 years and above,Urban,Female,6.6
India,Jharkhand,"PLFS Year (Jul - Jun), 2022",15 years and above,Urban,Person,6.3
India,Jharkhand,"PLFS Year (Jul - Jun), 2022",15 years and above,Rural+Urban,Male,2.3
India,Jharkhand,"PLFS Year (Jul - Jun), 2022",15 years and above,Rural+Urban,Female,0.6
India,Jharkhand,"PLFS Year (Jul - Jun), 2022",15 years and above,Rural+Urban,Person,1.7
India,Jharkhand,"PLFS Year (Jul - Jun), 2022",all ages,Rural,Male,1.5
India,Jharkhand,"PLFS Year (Jul - Jun), 2022",all ages,Rural,Female,0.1
India,Jharkhand,"PLFS Year (Jul - Jun), 2022",all ages,Rural,Person,0.9
India,Jharkhand,"PLFS Year (Jul - Jun), 2022",all ages,Urban,Male,6.2
India,Jharkhand,"PLFS Year (Jul - Jun), 2022",all ages,Urban,Female,6.6
India,Jharkhand,"PLFS Year (Jul - Jun), 2022",all ages,Urban,Person,6.3
India,Jharkhand,"PLFS Year (Jul - Jun), 2022",all ages,Rural+Urban,Male,2.3
India,Jharkhand,"PLFS Year (Jul - Jun), 2022",all ages,Rural+Urban,Female,0.6
India,Jharkhand,"PLFS Year (Jul - Jun), 2022",all ages,Rural+Urban,Person,1.7
India,Karnataka,"PLFS Year (Jul - Jun), 2022",15-29,Rural,Male,5.6
India,Karnataka,"PLFS Year (Jul - Jun), 2022",15-29,Rural,Female,7.3
India,Karnataka,"PLFS Year (Jul - Jun), 2022",15-29,Rural,Person,6.0
India,Karnataka,"PLFS Year (Jul - Jun), 2022",15-29,Urban,Male,11.8
India,Karnataka,"PLFS Year (Jul - Jun), 2022",15-29,Urban,Female,14.3
India,Karnataka,"PLFS Year (Jul - Jun), 2022",15-29,Urban,Person,12.6
India,Karnataka,"PLFS Year (Jul - Jun), 2022",15-29,Rural+Urban,Male,7.8
India,Karnataka,"PLFS Year (Jul - Jun), 2022",15-29,Rural+Urban,Female,10.4
India,Karnataka,"PLFS Year (Jul - Jun), 2022",15-29,Rural+Urban,Person,8.5
India,Karnataka,"PLFS Year (Jul - Jun), 2022",15-59,Rural,Male,1.9
India,Karnataka,"PLFS Year (Jul - Jun), 2022",15-59,Rural,Female,1.3
India,Karnataka,"PLFS Year (Jul - Jun), 2022",15-59,Rural,Person,1.7
India,Karnataka,"PLFS Year (Jul - Jun), 2022",15-59,Urban,Male,3.9
India,Karnataka,"PLFS Year (Jul - Jun), 2022",15-59,Urban,Female,5.2
India,Karnataka,"PLFS Year (Jul - Jun), 2022",15-59,Urban,Person,4.3
India,Karnataka,"PLFS Year (Jul - Jun), 2022",15-59,Rural+Urban,Male,2.6
India,Karnataka,"PLFS Year (Jul - Jun), 2022",15-59,Rural+Urban,Female,2.5
India,Karnataka,"PLFS Year (Jul - Jun), 2022",15-59,Rural+Urban,Person,2.6
India,Karnataka,"PLFS Year (Jul - Jun), 2022",15 years and above,Rural,Male,1.7
India,Karnataka,"PLFS Year (Jul - Jun), 2022",15 years and above,Rural,Female,1.3
India,Karnataka,"PLFS Year (Jul - Jun), 2022",15 years and above,Rural,Person,1.5
India,Karnataka,"PLFS Year (Jul - Jun), 2022",15 years and above,Urban,Male,3.8
India,Karnataka,"PLFS Year (Jul - Jun), 2022",15 years and above,Urban,Female,5.1
India,Karnataka,"PLFS Year (Jul - Jun), 2022",15 years and above,Urban,Person,4.2
India,Karnataka,"PLFS Year (Jul - Jun), 2022",15 years and above,Rural+Urban,Male,2.5
India,Karnataka,"PLFS Year (Jul - Jun), 2022",15 years and above,Rural+Urban,Female,2.4
India,Karnataka,"PLFS Year (Jul - Jun), 2022",15 years and above,Rural+Urban,Person,2.4
India,Karnataka,"PLFS Year (Jul - Jun), 2022",all ages,Rural,Male,1.7
India,Karnataka,"PLFS Year (Jul - Jun), 2022",all ages,Rural,Female,1.3
India,Karnataka,"PLFS Year (Jul - Jun), 2022",all ages,Rural,Person,1.5
India,Karnataka,"PLFS Year (Jul - Jun), 2022",all ages,Urban,Male,3.8
India,Karnataka,"PLFS Year (Jul - Jun), 2022",all ages,Urban,Female,5.1
India,Karnataka,"PLFS Year (Jul - Jun), 2022",all ages,Urban,Person,4.2
India,Karnataka,"PLFS Year (Jul - Jun), 2022",all ages,Rural+Urban,Male,2.5
India,Karnataka,"PLFS Year (Jul - Jun), 2022",all ages,Rural+Urban,Female,2.4
India,Karnataka,"PLFS Year (Jul - Jun), 2022",all ages,Rural+Urban,Person,2.4
India,Kerala,"PLFS Year (Jul - Jun), 2022",15-29,Rural,Male,21.7
India,Kerala,"PLFS Year (Jul - Jun), 2022",15-29,Rural,Female,44.7
India,Kerala,"PLFS Year (Jul - Jun), 2022",15-29,Rural,Person,29.4
India,Kerala,"PLFS Year (Jul - Jun), 2022",15-29,Urban,Male,19.3
India,Kerala,"PLFS Year (Jul - Jun), 2022",15-29,Urban,Female,42.8
India,Kerala,"PLFS Year (Jul - Jun), 2022",15-29,Urban,Person,27.9
India,Kerala,"PLFS Year (Jul - Jun), 2022",15-29,Rural+Urban,Male,20.6
India,Kerala,"PLFS Year (Jul - Jun), 2022",15-29,Rural+Urban,Female,43.8
India,Kerala,"PLFS Year (Jul - Jun), 2022",15-29,Rural+Urban,Person,28.7
India,Kerala,"PLFS Year (Jul - Jun), 2022",15-59,Rural,Male,5.8
India,Kerala,"PLFS Year (Jul - Jun), 2022",15-59,Rural,Female,11.1
India,Kerala,"PLFS Year (Jul - Jun), 2022",15-59,Rural,Person,7.9
India,Kerala,"PLFS Year (Jul - Jun), 2022",15-59,Urban,Male,5.7
India,Kerala,"PLFS Year (Jul - Jun), 2022",15-59,Urban,Female,14.6
India,Kerala,"PLFS Year (Jul - Jun), 2022",15-59,Urban,Person,9.0
India,Kerala,"PLFS Year (Jul - Jun), 2022",15-59,Rural+Urban,Male,5.8
India,Kerala,"PLFS Year (Jul - Jun), 2022",15-59,Rural+Urban,Female,12.6
India,Kerala,"PLFS Year (Jul - Jun), 2022",15-59,Rural+Urban,Person,8.4
India,Kerala,"PLFS Year (Jul - Jun), 2022",15 years and above,Rural,Male,4.7
India,Kerala,"PLFS Year (Jul - Jun), 2022",15 years and above,Rural,Female,9.2
India,Kerala,"PLFS Year (Jul - Jun), 2022",15 years and above,Rural,Person,6.5
India,Kerala,"PLFS Year (Jul - Jun), 2022",15 years and above,Urban,Male,4.8
India,Kerala,"PLFS Year (Jul - Jun), 2022",15 years and above,Urban,Female,12.9
India,Kerala,"PLFS Year (Jul - Jun), 2022",15 years and above,Urban,Person,7.6
India,Kerala,"PLFS Year (Jul - Jun), 2022",15 years and above,Rural+Urban,Male,4.8
India,Kerala,"PLFS Year (Jul - Jun), 2022",15 years and above,Rural+Urban,Female,10.7
India,Kerala,"PLFS Year (Jul - Jun), 2022",15 years and above,Rural+Urban,Person,7.0
India,Kerala,"PLFS Year (Jul - Jun), 2022",all ages,Rural,Male,4.7
India,Kerala,"PLFS Year (Jul - Jun), 2022",all ages,Rural,Female,9.2
India,Kerala,"PLFS Year (Jul - Jun), 2022",all ages,Rural,Person,6.5
India,Kerala,"PLFS Year (Jul - Jun), 2022",all ages,Urban,Male,4.8
India,Kerala,"PLFS Year (Jul - Jun), 2022",all ages,Urban,Female,12.9
India,Kerala,"PLFS Year (Jul - Jun), 2022",all ages,Urban,Person,7.6
India,Kerala,"PLFS Year (Jul - Jun), 2022",all ages,Rural+Urban,Male,4.8
India,Kerala,"PLFS Year (Jul - Jun), 2022",all ages,Rural+Urban,Female,10.7
India,Kerala,"PLFS Year (Jul - Jun), 2022",all ages,Rural+Urban,Person,7.0
India,Ladakh,"PLFS Year (Jul - Jun), 2022",15-29,Rural,Male,22.3
India,Ladakh,"PLFS Year (Jul - Jun), 2022",15-29,Rural,Female,35.8
India,Ladakh,"PLFS Year (Jul - Jun), 2022",15-29,Rural,Person,27.0
India,Ladakh,"PLFS Year (Jul - Jun), 2022",15-29,Urban,Male,27.1
India,Ladakh,"PLFS Year (Jul - Jun), 2022",15-29,Urban,Female,62.6
India,Ladakh,"PLFS Year (Jul - Jun), 2022",15-29,Urban,Person,36.7
India,Ladakh,"PLFS Year (Jul - Jun), 2022",15-29,Rural+Urban,Male,22.9
India,Ladakh,"PLFS Year (Jul - Jun), 2022",15-29,Rural+Urban,Female,38.0
India,Ladakh,"PLFS Year (Jul - Jun), 2022",15-29,Rural+Urban,Person,28.1
India,Ladakh,"PLFS Year (Jul - Jun), 2022",15-59,Rural,Male,6.2
India,Ladakh,"PLFS Year (Jul - Jun), 2022",15-59,Rural,Female,6.4
India,Ladakh,"PLFS Year (Jul - Jun), 2022",15-59,Rural,Person,6.3
India,Ladakh,"PLFS Year (Jul - Jun), 2022",15-59,Urban,Male,9.2
India,Ladakh,"PLFS Year (Jul - Jun), 2022",15-59,Urban,Female,15.9
India,Ladakh,"PLFS Year (Jul - Jun), 2022",15-59,Urban,Person,11.5
India,Ladakh,"PLFS Year (Jul - Jun), 2022",15-59,Rural+Urban,Male,6.5
India,Ladakh,"PLFS Year (Jul - Jun), 2022",15-59,Rural+Urban,Female,7.0
India,Ladakh,"PLFS Year (Jul - Jun), 2022",15-59,Rural+Urban,Person,6.7
India,Ladakh,"PLFS Year (Jul - Jun), 2022",15 years and above,Rural,Male,6.0
India,Ladakh,"PLFS Year (Jul - Jun), 2022",15 years and above,Rural,Female,5.4
India,Ladakh,"PLFS Year (Jul - Jun), 2022",15 years and above,Rural,Person,5.7
India,Ladakh,"PLFS Year (Jul - Jun), 2022",15 years and above,Urban,Male,8.8
India,Ladakh,"PLFS Year (Jul - Jun), 2022",15 years and above,Urban,Female,14.7
India,Ladakh,"PLFS Year (Jul - Jun), 2022",15 years and above,Urban,Person,10.8
India,Ladakh,"PLFS Year (Jul - Jun), 2022",15 years and above,Rural+Urban,Male,6.3
India,Ladakh,"PLFS Year (Jul - Jun), 2022",15 years and above,Rural+Urban,Female,6.0
India,Ladakh,"PLFS Year (Jul - Jun), 2022",15 years and above,Rural+Urban,Person,6.1
India,Ladakh,"PLFS Year (Jul - Jun), 2022",all ages,Rural,Male,6.0
India,Ladakh,"PLFS Year (Jul - Jun), 2022",all ages,Rural,Female,5.4
India,Ladakh,"PLFS Year (Jul - Jun), 2022",all ages,Rural,Person,5.7
India,Ladakh,"PLFS Year (Jul - Jun), 2022",all ages,Urban,Male,8.8
India,Ladakh,"PLFS Year (Jul - Jun), 2022",all ages,Urban,Female,14.7
India,Ladakh,"PLFS Year (Jul - Jun), 2022",all ages,Urban,Person,10.8
India,Ladakh,"PLFS Year (Jul - Jun), 2022",all ages,Rural+Urban,Male,6.3
India,Ladakh,"PLFS Year (Jul - Jun), 2022",all ages,Rural+Urban,Female,6.0
India,Ladakh,"PLFS Year (Jul - Jun), 2022",all ages,Rural+Urban,Person,6.1
India,Lakshadweep,"PLFS Year (Jul - Jun), 2022",15-29,Rural,Male,22.8
India,Lakshadweep,"PLFS Year (Jul - Jun), 2022",15-29,Rural,Female,51.3
India,Lakshadweep,"PLFS Year (Jul - Jun), 2022",15-29,Rural,Person,29.8
India,Lakshadweep,"PLFS Year (Jul - Jun), 2022",15-29,Urban,Male,45.6
India,Lakshadweep,"PLFS Year (Jul - Jun), 2022",15-29,Urban,Female,38.9
India,Lakshadweep,"PLFS Year (Jul - Jun), 2022",15-29,Urban,Person,43.6
India,Lakshadweep,"PLFS Year (Jul - Jun), 2022",15-29,Rural+Urban,Male,42.0
India,Lakshadweep,"PLFS Year (Jul - Jun), 2022",15-29,Rural+Urban,Female,40.4
India,Lakshadweep,"PLFS Year (Jul - Jun), 2022",15-29,Rural+Urban,Person,41.6
India,Lakshadweep,"PLFS Year (Jul - Jun), 2022",15-59,Rural,Male,3.2
India,Lakshadweep,"PLFS Year (Jul - Jun), 2022",15-59,Rural,Female,20.9
India,Lakshadweep,"PLFS Year (Jul - Jun), 2022",15-59,Rural,Person,6.0
India,Lakshadweep,"PLFS Year (Jul - Jun), 2022",15-59,Urban,Male,13.0
India,Lakshadweep,"PLFS Year (Jul - Jun), 2022",15-59,Urban,Female,14.0
India,Lakshadweep,"PLFS Year (Jul - Jun), 2022",15-59,Urban,Person,13.3
India,Lakshadweep,"PLFS Year (Jul - Jun), 2022",15-59,Rural+Urban,Male,10.5
India,Lakshadweep,"PLFS Year (Jul - Jun), 2022",15-59,Rural+Urban,Female,15.0
India,Lakshadweep,"PLFS Year (Jul - Jun), 2022",15-59,Rural+Urban,Person,11.6
India,Lakshadweep,"PLFS Year (Jul - Jun), 2022",15 years and above,Rural,Male,3.0
India,Lakshadweep,"PLFS Year (Jul - Jun), 2022",15 years and above,Rural,Female,20.9
India,Lakshadweep,"PLFS Year (Jul - Jun), 2022",15 years and above,Rural,Person,5.6
India,Lakshadweep,"PLFS Year (Jul - Jun), 2022",15 years and above,Urban,Male,12.6
India,Lakshadweep,"PLFS Year (Jul - Jun), 2022",15 years and above,Urban,Female,13.3
India,Lakshadweep,"PLFS Year (Jul - Jun), 2022",15 years and above,Urban,Person,12.8
India,Lakshadweep,"PLFS Year (Jul - Jun), 2022",15 years and above,Rural+Urban,Male,10.0
India,Lakshadweep,"PLFS Year (Jul - Jun), 2022",15 years and above,Rural+Urban,Female,14.4
India,Lakshadweep,"PLFS Year (Jul - Jun), 2022",15 years and above,Rural+Urban,Person,11.1
India,Lakshadweep,"PLFS Year (Jul - Jun), 2022",all ages,Rural,Male,3.0
India,Lakshadweep,"PLFS Year (Jul - Jun), 2022",all ages,Rural,Female,20.9
India,Lakshadweep,"PLFS Year (Jul - Jun), 2022",all ages,Rural,Person,5.6
India,Lakshadweep,"PLFS Year (Jul - Jun), 2022",all ages,Urban,Male,12.6
India,Lakshadweep,"PLFS Year (Jul - Jun), 2022",all ages,Urban,Female,13.3
India,Lakshadweep,"PLFS Year (Jul - Jun), 2022",all ages,Urban,Person,12.8
India,Lakshadweep,"PLFS Year (Jul - Jun), 2022",all ages,Rural+Urban,Male,10.0
India,Lakshadweep,"PLFS Year (Jul - Jun), 2022",all ages,Rural+Urban,Female,14.4
India,Lakshadweep,"PLFS Year (Jul - Jun), 2022",all ages,Rural+Urban,Person,11.1
India,Madhya Pradesh,"PLFS Year (Jul - Jun), 2022",15-29,Rural,Male,2.5
India,Madhya Pradesh,"PLFS Year (Jul - Jun), 2022",15-29,Rural,Female,2.0
India,Madhya Pradesh,"PLFS Year (Jul - Jun), 2022",15-29,Rural,Person,2.3
India,Madhya Pradesh,"PLFS Year (Jul - Jun), 2022",15-29,Urban,Male,12.1
India,Madhya Pradesh,"PLFS Year (Jul - Jun), 2022",15-29,Urban,Female,17.6
India,Madhya Pradesh,"PLFS Year (Jul - Jun), 2022",15-29,Urban,Person,13.1
India,Madhya Pradesh,"PLFS Year (Jul - Jun), 2022",15-29,Rural+Urban,Male,4.6
India,Madhya Pradesh,"PLFS Year (Jul - Jun), 2022",15-29,Rural+Urban,Female,3.9
India,Madhya Pradesh,"PLFS Year (Jul - Jun), 2022",15-29,Rural+Urban,Person,4.4
India,Madhya Pradesh,"PLFS Year (Jul - Jun), 2022",15-59,Rural,Male,1.0
India,Madhya Pradesh,"PLFS Year (Jul - Jun), 2022",15-59,Rural,Female,0.5
India,Madhya Pradesh,"PLFS Year (Jul - Jun), 2022",15-59,Rural,Person,0.8
India,Madhya Pradesh,"PLFS Year (Jul - Jun), 2022",15-59,Urban,Male,4.8
India,Madhya Pradesh,"PLFS Year (Jul - Jun), 2022",15-59,Urban,Female,6.1
India,Madhya Pradesh,"PLFS Year (Jul - Jun), 2022",15-59,Urban,Person,5.1
India,Madhya Pradesh,"PLFS Year (Jul - Jun), 2022",15-59,Rural+Urban,Male,1.9
India,Madhya Pradesh,"PLFS Year (Jul - Jun), 2022",15-59,Rural+Urban,Female,1.3
India,Madhya Pradesh,"PLFS Year (Jul - Jun), 2022",15-59,Rural+Urban,Person,1.7
India,Madhya Pradesh,"PLFS Year (Jul - Jun), 2022",15 years and above,Rural,Male,0.9
India,Madhya Pradesh,"PLFS Year (Jul - Jun), 2022",15 years and above,Rural,Female,0.5
India,Madhya Pradesh,"PLFS Year (Jul - Jun), 2022",15 years and above,Rural,Person,0.8
India,Madhya Pradesh,"PLFS Year (Jul - Jun), 2022",15 years and above,Urban,Male,4.5
India,Madhya Pradesh,"PLFS Year (Jul - Jun), 2022",15 years and above,Urban,Female,5.8
India,Madhya Pradesh,"PLFS Year (Jul - Jun), 2022",15 years and above,Urban,Person,4.8
India,Madhya Pradesh,"PLFS Year (Jul - Jun), 2022",15 years and above,Rural+Urban,Male,1.8
India,Madhya Pradesh,"PLFS Year (Jul - Jun), 2022",15 years and above,Rural+Urban,Female,1.2
India,Madhya Pradesh,"PLFS Year (Jul - Jun), 2022",15 years and above,Rural+Urban,Person,1.6
India,Madhya Pradesh,"PLFS Year (Jul - Jun), 2022",all ages,Rural,Male,0.9
India,Madhya Pradesh,"PLFS Year (Jul - Jun), 2022",all ages,Rural,Female,0.5
India,Madhya Pradesh,"PLFS Year (Jul - Jun), 2022",all ages,Rural,Person,0.8
India,Madhya Pradesh,"PLFS Year (Jul - Jun), 2022",all ages,Urban,Male,4.5
India,Madhya Pradesh,"PLFS Year (Jul - Jun), 2022",all ages,Urban,Female,5.8
India,Madhya Pradesh,"PLFS Year (Jul - Jun), 2022",all ages,Urban,Person,4.8
India,Madhya Pradesh,"PLFS Year (Jul - Jun), 2022",all ages,Rural+Urban,Male,1.8
India,Madhya Pradesh,"PLFS Year (Jul - Jun), 2022",all ages,Rural+Urban,Female,1.2
India,Madhya Pradesh,"PLFS Year (Jul - Jun), 2022",all ages,Rural+Urban,Person,1.6
India,Maharashtra,"PLFS Year (Jul - Jun), 2022",15-29,Rural,Male,11.7
India,Maharashtra,"PLFS Year (Jul - Jun), 2022",15-29,Rural,Female,4.2
India,Maharashtra,"PLFS Year (Jul - Jun), 2022",15-29,Rural,Person,9.5
India,Maharashtra,"PLFS Year (Jul - Jun), 2022",15-29,Urban,Male,11.5
India,Maharashtra,"PLFS Year (Jul - Jun), 2022",15-29,Urban,Female,16.7
India,Maharashtra,"PLFS Year (Jul - Jun), 2022",15-29,Urban,Person,12.8
India,Maharashtra,"PLFS Year (Jul - Jun), 2022",15-29,Rural+Urban,Male,11.6
India,Maharashtra,"PLFS Year (Jul - Jun), 2022",15-29,Rural+Urban,Female,9.1
India,Maharashtra,"PLFS Year (Jul - Jun), 2022",15-29,Rural+Urban,Person,10.9
India,Maharashtra,"PLFS Year (Jul - Jun), 2022",15-59,Rural,Male,3.5
India,Maharashtra,"PLFS Year (Jul - Jun), 2022",15-59,Rural,Female,0.8
India,Maharashtra,"PLFS Year (Jul - Jun), 2022",15-59,Rural,Person,2.5
India,Maharashtra,"PLFS Year (Jul - Jun), 2022",15-59,Urban,Male,4.3
India,Maharashtra,"PLFS Year (Jul - Jun), 2022",15-59,Urban,Female,6.5
India,Maharashtra,"PLFS Year (Jul - Jun), 2022",15-59,Urban,Person,4.9
India,Maharashtra,"PLFS Year (Jul - Jun), 2022",15-59,Rural+Urban,Male,3.9
India,Maharashtra,"PLFS Year (Jul - Jun), 2022",15-59,Rural+Urban,Female,2.5
India,Maharashtra,"PLFS Year (Jul - Jun), 2022",15-59,Rural+Urban,Person,3.4
India,Maharashtra,"PLFS Year (Jul - Jun), 2022",15 years and above,Rural,Male,3.1
India,Maharashtra,"PLFS Year (Jul - Jun), 2022",15 years and above,Rural,Female,0.7
India,Maharashtra,"PLFS Year (Jul - Jun), 2022",15 years and above,Rural,Person,2.2
India,Maharashtra,"PLFS Year (Jul - Jun), 2022",15 years and above,Urban,Male,4.0
India,Maharashtra,"PLFS Year (Jul - Jun), 2022",15 years and above,Urban,Female,6.2
India,Maharashtra,"PLFS Year (Jul - Jun), 2022",15 years and above,Urban,Person,4.6
India,Maharashtra,"PLFS Year (Jul - Jun), 2022",15 years and above,Rural+Urban,Male,3.5
India,Maharashtra,"PLFS Year (Jul - Jun), 2022",15 years and above,Rural+Urban,Female,2.3
India,Maharashtra,"PLFS Year (Jul - Jun), 2022",15 years and above,Rural+Urban,Person,3.1
India,Maharashtra,"PLFS Year (Jul - Jun), 2022",all ages,Rural,Male,3.1
India,Maharashtra,"PLFS Year (Jul - Jun), 2022",all ages,Rural,Female,0.7
India,Maharashtra,"PLFS Year (Jul - Jun), 2022",all ages,Rural,Person,2.2
India,Maharashtra,"PLFS Year (Jul - Jun), 2022",all ages,Urban,Male,4.0
India,Maharashtra,"PLFS Year (Jul - Jun), 2022",all ages,Urban,Female,6.2
India,Maharashtra,"PLFS Year (Jul - Jun), 2022",all ages,Urban,Person,4.6
India,Maharashtra,"PLFS Year (Jul - Jun), 2022",all ages,Rural+Urban,Male,3.5
India,Maharashtra,"PLFS Year (Jul - Jun), 2022",all ages,Rural+Urban,Female,2.3
India,Maharashtra,"PLFS Year (Jul - Jun), 2022",all ages,Rural+Urban,Person,3.1
India,Manipur,"PLFS Year (Jul - Jun), 2022",15-29,Rural,Male,17.6
India,Manipur,"PLFS Year (Jul - Jun), 2022",15-29,Rural,Female,22.3
India,Manipur,"PLFS Year (Jul - Jun), 2022",15-29,Rural,Person,18.9
India,Manipur,"PLFS Year (Jul - Jun), 2022",15-29,Urban,Male,22.8
India,Manipur,"PLFS Year (Jul - Jun), 2022",15-29,Urban,Female,21.2
India,Manipur,"PLFS Year (Jul - Jun), 2022",15-29,Urban,Person,22.3
India,Manipur,"PLFS Year (Jul - Jun), 2022",15-29,Rural+Urban,Male,18.8
India,Manipur,"PLFS Year (Jul - Jun), 2022",15-29,Rural+Urban,Female,22.0
India,Manipur,"PLFS Year (Jul - Jun), 2022",15-29,Rural+Urban,Person,19.7
India,Manipur,"PLFS Year (Jul - Jun), 2022",15-59,Rural,Male,4.7
India,Manipur,"PLFS Year (Jul - Jun), 2022",15-59,Rural,Female,5.2
India,Manipur,"PLFS Year (Jul - Jun), 2022",15-59,Rural,Person,4.8
India,Manipur,"PLFS Year (Jul - Jun), 2022",15-59,Urban,Male,6.5
India,Manipur,"PLFS Year (Jul - Jun), 2022",15-59,Urban,Female,3.8
India,Manipur,"PLFS Year (Jul - Jun), 2022",15-59,Urban,Person,5.6
India,Manipur,"PLFS Year (Jul - Jun), 2022",15-59,Rural+Urban,Male,5.2
India,Manipur,"PLFS Year (Jul - Jun), 2022",15-59,Rural+Urban,Female,4.7
India,Manipur,"PLFS Year (Jul - Jun), 2022",15-59,Rural+Urban,Person,5.0
India,Manipur,"PLFS Year (Jul - Jun), 2022",15 years and above,Rural,Male,4.3
India,Manipur,"PLFS Year (Jul - Jun), 2022",15 years and above,Rural,Female,4.9
India,Manipur,"PLFS Year (Jul - Jun), 2022",15 years and above,Rural,Person,4.5
India,Manipur,"PLFS Year (Jul - Jun), 2022",15 years and above,Urban,Male,6.2
India,Manipur,"PLFS Year (Jul - Jun), 2022",15 years and above,Urban,Female,3.6
India,Manipur,"PLFS Year (Jul - Jun), 2022",15 years and above,Urban,Person,5.3
India,Manipur,"PLFS Year (Jul - Jun), 2022",15 years and above,Rural+Urban,Male,4.8
India,Manipur,"PLFS Year (Jul - Jun), 2022",15 years and above,Rural+Urban,Female,4.5
India,Manipur,"PLFS Year (Jul - Jun), 2022",15 years and above,Rural+Urban,Person,4.7
India,Manipur,"PLFS Year (Jul - Jun), 2022",all ages,Rural,Male,4.3
India,Manipur,"PLFS Year (Jul - Jun), 2022",all ages,Rural,Female,4.9
India,Manipur,"PLFS Year (Jul - Jun), 2022",all ages,Rural,Person,4.5
India,Manipur,"PLFS Year (Jul - Jun), 2022",all ages,Urban,Male,6.2
India,Manipur,"PLFS Year (Jul - Jun), 2022",all ages,Urban,Female,3.6
India,Manipur,"PLFS Year (Jul - Jun), 2022",all ages,Urban,Person,5.3
India,Manipur,"PLFS Year (Jul - Jun), 2022",all ages,Rural+Urban,Male,4.8
India,Manipur,"PLFS Year (Jul - Jun), 2022",all ages,Rural+Urban,Female,4.5
India,Manipur,"PLFS Year (Jul - Jun), 2022",all ages,Rural+Urban,Person,4.7
India,Meghalaya,"PLFS Year (Jul - Jun), 2022",15-29,Rural,Male,10.6
India,Meghalaya,"PLFS Year (Jul - Jun), 2022",15-29,Rural,Female,20.8
India,Meghalaya,"PLFS Year (Jul - Jun), 2022",15-29,Rural,Person,15.3
India,Meghalaya,"PLFS Year (Jul - Jun), 2022",15-29,Urban,Male,27.2
India,Meghalaya,"PLFS Year (Jul - Jun), 2022",15-29,Urban,Female,41.2
India,Meghalaya,"PLFS Year (Jul - Jun), 2022",15-29,Urban,Person,33.7
India,Meghalaya,"PLFS Year (Jul - Jun), 2022",15-29,Rural+Urban,Male,13.0
India,Meghalaya,"PLFS Year (Jul - Jun), 2022",15-29,Rural+Urban,Female,23.8
India,Meghalaya,"PLFS Year (Jul - Jun), 2022",15-29,Rural+Urban,Person,18.0
India,Meghalaya,"PLFS Year (Jul - Jun), 2022",15-59,Rural,Male,3.6
India,Meghalaya,"PLFS Year (Jul - Jun), 2022",15-59,Rural,Female,6.9
India,Meghalaya,"PLFS Year (Jul - Jun), 2022",15-59,Rural,Person,5.1
India,Meghalaya,"PLFS Year (Jul - Jun), 2022",15-59,Urban,Male,8.6
India,Meghalaya,"PLFS Year (Jul - Jun), 2022",15-59,Urban,Female,18.3
India,Meghalaya,"PLFS Year (Jul - Jun), 2022",15-59,Urban,Person,12.7
India,Meghalaya,"PLFS Year (Jul - Jun), 2022",15-59,Rural+Urban,Male,4.4
India,Meghalaya,"PLFS Year (Jul - Jun), 2022",15-59,Rural+Urban,Female,8.4
India,Meghalaya,"PLFS Year (Jul - Jun), 2022",15-59,Rural+Urban,Person,6.2
India,Meghalaya,"PLFS Year (Jul - Jun), 2022",15 years and above,Rural,Male,3.5
India,Meghalaya,"PLFS Year (Jul - Jun), 2022",15 years and above,Rural,Female,6.7
India,Meghalaya,"PLFS Year (Jul - Jun), 2022",15 years and above,Rural,Person,5.0
India,Meghalaya,"PLFS Year (Jul - Jun), 2022",15 years and above,Urban,Male,8.2
India,Meghalaya,"PLFS Year (Jul - Jun), 2022",15 years and above,Urban,Female,18.0
India,Meghalaya,"PLFS Year (Jul - Jun), 2022",15 years and above,Urban,Person,12.3
India,Meghalaya,"PLFS Year (Jul - Jun), 2022",15 years and above,Rural+Urban,Male,4.3
India,Meghalaya,"PLFS Year (Jul - Jun), 2022",15 years and above,Rural+Urban,Female,8.2
India,Meghalaya,"PLFS Year (Jul - Jun), 2022",15 years and above,Rural+Urban,Person,6.0
India,Meghalaya,"PLFS Year (Jul - Jun), 2022",all ages,Rural,Male,3.5
India,Meghalaya,"PLFS Year (Jul - Jun), 2022",all ages,Rural,Female,6.7
India,Meghalaya,"PLFS Year (Jul - Jun), 2022",all ages,Rural,Person,5.0
India,Meghalaya,"PLFS Year (Jul - Jun), 2022",all ages,Urban,Male,8.2
India,Meghalaya,"PLFS Year (Jul - Jun), 2022",all ages,Urban,Female,18.0
India,Meghalaya,"PLFS Year (Jul - Jun), 2022",all ages,Urban,Person,12.3
India,Meghalaya,"PLFS Year (Jul - Jun), 2022",all ages,Rural+Urban,Male,4.2
India,Meghalaya,"PLFS Year (Jul - Jun), 2022",all ages,Rural+Urban,Female,8.2
India,Meghalaya,"PLFS Year (Jul - Jun), 2022",all ages,Rural+Urban,Person,6.0
India,Mizoram,"PLFS Year (Jul - Jun), 2022",15-29,Rural,Male,3.9
India,Mizoram,"PLFS Year (Jul - Jun), 2022",15-29,Rural,Female,9.9
India,Mizoram,"PLFS Year (Jul - Jun), 2022",15-29,Rural,Person,6.0
India,Mizoram,"PLFS Year (Jul - Jun), 2022",15-29,Urban,Male,17.1
India,Mizoram,"PLFS Year (Jul - Jun), 2022",15-29,Urban,Female,23.4
India,Mizoram,"PLFS Year (Jul - Jun), 2022",15-29,Urban,Person,20.0
India,Mizoram,"PLFS Year (Jul - Jun), 2022",15-29,Rural+Urban,Male,8.9
India,Mizoram,"PLFS Year (Jul - Jun), 2022",15-29,Rural+Urban,Female,16.4
India,Mizoram,"PLFS Year (Jul - Jun), 2022",15-29,Rural+Urban,Person,11.9
India,Mizoram,"PLFS Year (Jul - Jun), 2022",15-59,Rural,Male,1.0
India,Mizoram,"PLFS Year (Jul - Jun), 2022",15-59,Rural,Female,1.5
India,Mizoram,"PLFS Year (Jul - Jun), 2022",15-59,Rural,Person,1.2
India,Mizoram,"PLFS Year (Jul - Jun), 2022",15-59,Urban,Male,2.7
India,Mizoram,"PLFS Year (Jul - Jun), 2022",15-59,Urban,Female,5.1
India,Mizoram,"PLFS Year (Jul - Jun), 2022",15-59,Urban,Person,3.7
India,Mizoram,"PLFS Year (Jul - Jun), 2022",15-59,Rural+Urban,Male,1.8
India,Mizoram,"PLFS Year (Jul - Jun), 2022",15-59,Rural+Urban,Female,3.1
India,Mizoram,"PLFS Year (Jul - Jun), 2022",15-59,Rural+Urban,Person,2.3
India,Mizoram,"PLFS Year (Jul - Jun), 2022",15 years and above,Rural,Male,1.0
India,Mizoram,"PLFS Year (Jul - Jun), 2022",15 years and above,Rural,Female,1.5
India,Mizoram,"PLFS Year (Jul - Jun), 2022",15 years and above,Rural,Person,1.2
India,Mizoram,"PLFS Year (Jul - Jun), 2022",15 years and above,Urban,Male,2.6
India,Mizoram,"PLFS Year (Jul - Jun), 2022",15 years and above,Urban,Female,4.9
India,Mizoram,"PLFS Year (Jul - Jun), 2022",15 years and above,Urban,Person,3.5
India,Mizoram,"PLFS Year (Jul - Jun), 2022",15 years and above,Rural+Urban,Male,1.7
India,Mizoram,"PLFS Year (Jul - Jun), 2022",15 years and above,Rural+Urban,Female,3.0
India,Mizoram,"PLFS Year (Jul - Jun), 2022",15 years and above,Rural+Urban,Person,2.2
India,Mizoram,"PLFS Year (Jul - Jun), 2022",all ages,Rural,Male,1.0
India,Mizoram,"PLFS Year (Jul - Jun), 2022",all ages,Rural,Female,1.5
India,Mizoram,"PLFS Year (Jul - Jun), 2022",all ages,Rural,Person,1.2
India,Mizoram,"PLFS Year (Jul - Jun), 2022",all ages,Urban,Male,2.6
India,Mizoram,"PLFS Year (Jul - Jun), 2022",all ages,Urban,Female,4.9
India,Mizoram,"PLFS Year (Jul - Jun), 2022",all ages,Urban,Person,3.5
India,Mizoram,"PLFS Year (Jul - Jun), 2022",all ages,Rural+Urban,Male,1.7
India,Mizoram,"PLFS Year (Jul - Jun), 2022",all ages,Rural+Urban,Female,3.0
India,Mizoram,"PLFS Year (Jul - Jun), 2022",all ages,Rural+Urban,Person,2.2
India,Nagaland,"PLFS Year (Jul - Jun), 2022",15-29,Rural,Male,15.4
India,Nagaland,"PLFS Year (Jul - Jun), 2022",15-29,Rural,Female,9.9
India,Nagaland,"PLFS Year (Jul - Jun), 2022",15-29,Rural,Person,13.1
India,Nagaland,"PLFS Year (Jul - Jun), 2022",15-29,Urban,Male,38.7
India,Nagaland,"PLFS Year (Jul - Jun), 2022",15-29,Urban,Female,32.2
India,Nagaland,"PLFS Year (Jul - Jun), 2022",15-29,Urban,Person,35.7
India,Nagaland,"PLFS Year (Jul - Jun), 2022",15-29,Rural+Urban,Male,20.8
India,Nagaland,"PLFS Year (Jul - Jun), 2022",15-29,Rural+Urban,Female,15.6
India,Nagaland,"PLFS Year (Jul - Jun), 2022",15-29,Rural+Urban,Person,18.5
India,Nagaland,"PLFS Year (Jul - Jun), 2022",15-59,Rural,Male,3.9
India,Nagaland,"PLFS Year (Jul - Jun), 2022",15-59,Rural,Female,2.2
India,Nagaland,"PLFS Year (Jul - Jun), 2022",15-59,Rural,Person,3.2
India,Nagaland,"PLFS Year (Jul - Jun), 2022",15-59,Urban,Male,8.9
India,Nagaland,"PLFS Year (Jul - Jun), 2022",15-59,Urban,Female,9.2
India,Nagaland,"PLFS Year (Jul - Jun), 2022",15-59,Urban,Person,9.0
India,Nagaland,"PLFS Year (Jul - Jun), 2022",15-59,Rural+Urban,Male,5.2
India,Nagaland,"PLFS Year (Jul - Jun), 2022",15-59,Rural+Urban,Female,3.8
India,Nagaland,"PLFS Year (Jul - Jun), 2022",15-59,Rural+Urban,Person,4.6
India,Nagaland,"PLFS Year (Jul - Jun), 2022",15 years and above,Rural,Male,3.6
India,Nagaland,"PLFS Year (Jul - Jun), 2022",15 years and above,Rural,Female,2.0
India,Nagaland,"PLFS Year (Jul - Jun), 2022",15 years and above,Rural,Person,2.9
India,Nagaland,"PLFS Year (Jul - Jun), 2022",15 years and above,Urban,Male,8.5
India,Nagaland,"PLFS Year (Jul - Jun), 2022",15 years and above,Urban,Female,8.7
India,Nagaland,"PLFS Year (Jul - Jun), 2022",15 years and above,Urban,Person,8.6
India,Nagaland,"PLFS Year (Jul - Jun), 2022",15 years and above,Rural+Urban,Male,4.9
India,Nagaland,"PLFS Year (Jul - Jun), 2022",15 years and above,Rural+Urban,Female,3.5
India,Nagaland,"PLFS Year (Jul - Jun), 2022",15 years and above,Rural+Urban,Person,4.3
India,Nagaland,"PLFS Year (Jul - Jun), 2022",all ages,Rural,Male,3.6
India,Nagaland,"PLFS Year (Jul - Jun), 2022",all ages,Rural,Female,2.0
India,Nagaland,"PLFS Year (Jul - Jun), 2022",all ages,Rural,Person,2.9
India,Nagaland,"PLFS Year (Jul - Jun), 2022",all ages,Urban,Male,8.5
India,Nagaland,"PLFS Year (Jul - Jun), 2022",all ages,Urban,Female,8.7
India,Nagaland,"PLFS Year (Jul - Jun), 2022",all ages,Urban,Person,8.6
India,Nagaland,"PLFS Year (Jul - Jun), 2022",all ages,Rural+Urban,Male,4.9
India,Nagaland,"PLFS Year (Jul - Jun), 2022",all ages,Rural+Urban,Female,3.5
India,Nagaland,"PLFS Year (Jul - Jun), 2022",all ages,Rural+Urban,Person,4.3
India,Odisha,"PLFS Year (Jul - Jun), 2022",15-29,Rural,Male,16.3
India,Odisha,"PLFS Year (Jul - Jun), 2022",15-29,Rural,Female,7.0
India,Odisha,"PLFS Year (Jul - Jun), 2022",15-29,Rural,Person,12.7
India,Odisha,"PLFS Year (Jul - Jun), 2022",15-29,Urban,Male,20.8
India,Odisha,"PLFS Year (Jul - Jun), 2022",15-29,Urban,Female,24.5
India,Odisha,"PLFS Year (Jul - Jun), 2022",15-29,Urban,Person,21.8
India,Odisha,"PLFS Year (Jul - Jun), 2022",15-29,Rural+Urban,Male,16.9
India,Odisha,"PLFS Year (Jul - Jun), 2022",15-29,Rural+Urban,Female,8.6
India,Odisha,"PLFS Year (Jul - Jun), 2022",15-29,Rural+Urban,Person,13.8
India,Odisha,"PLFS Year (Jul - Jun), 2022",15-59,Rural,Male,5.1
India,Odisha,"PLFS Year (Jul - Jun), 2022",15-59,Rural,Female,2.2
India,Odisha,"PLFS Year (Jul - Jun), 2022",15-59,Rural,Person,3.9
India,Odisha,"PLFS Year (Jul - Jun), 2022",15-59,Urban,Male,6.5
India,Odisha,"PLFS Year (Jul - Jun), 2022",15-59,Urban,Female,7.1
India,Odisha,"PLFS Year (Jul - Jun), 2022",15-59,Urban,Person,6.6
India,Odisha,"PLFS Year (Jul - Jun), 2022",15-59,Rural+Urban,Male,5.3
India,Odisha,"PLFS Year (Jul - Jun), 2022",15-59,Rural+Urban,Female,2.6
India,Odisha,"PLFS Year (Jul - Jun), 2022",15-59,Rural+Urban,Person,4.3
India,Odisha,"PLFS Year (Jul - Jun), 2022",15 years and above,Rural,Male,4.5
India,Odisha,"PLFS Year (Jul - Jun), 2022",15 years and above,Rural,Female,2.0
India,Odisha,"PLFS Year (Jul - Jun), 2022",15 years and above,Rural,Person,3.6
India,Odisha,"PLFS Year (Jul - Jun), 2022",15 years and above,Urban,Male,6.0
India,Odisha,"PLFS Year (Jul - Jun), 2022",15 years and above,Urban,Female,6.8
India,Odisha,"PLFS Year (Jul - Jun), 2022",15 years and above,Urban,Person,6.2
India,Odisha,"PLFS Year (Jul - Jun), 2022",15 years and above,Rural+Urban,Male,4.7
India,Odisha,"PLFS Year (Jul - Jun), 2022",15 years and above,Rural+Urban,Female,2.4
India,Odisha,"PLFS Year (Jul - Jun), 2022",15 years and above,Rural+Urban,Person,3.9
India,Odisha,"PLFS Year (Jul - Jun), 2022",all ages,Rural,Male,4.5
India,Odisha,"PLFS Year (Jul - Jun), 2022",all ages,Rural,Female,2.0
India,Odisha,"PLFS Year (Jul - Jun), 2022",all ages,Rural,Person,3.6
India,Odisha,"PLFS Year (Jul - Jun), 2022",all ages,Urban,Male,6.0
India,Odisha,"PLFS Year (Jul - Jun), 2022",all ages,Urban,Female,6.8
India,Odisha,"PLFS Year (Jul - Jun), 2022",all ages,Urban,Person,6.2
India,Odisha,"PLFS Year (Jul - Jun), 2022",all ages,Rural+Urban,Male,4.7
India,Odisha,"PLFS Year (Jul - Jun), 2022",all ages,Rural+Urban,Female,2.4
India,Odisha,"PLFS Year (Jul - Jun), 2022",all ages,Rural+Urban,Person,3.9
India,Puducherry,"PLFS Year (Jul - Jun), 2022",15-29,Rural,Male,22.5
India,Puducherry,"PLFS Year (Jul - Jun), 2022",15-29,Rural,Female,26.4
India,Puducherry,"PLFS Year (Jul - Jun), 2022",15-29,Rural,Person,23.7
India,Puducherry,"PLFS Year (Jul - Jun), 2022",15-29,Urban,Male,21.0
India,Puducherry,"PLFS Year (Jul - Jun), 2022",15-29,Urban,Female,26.1
India,Puducherry,"PLFS Year (Jul - Jun), 2022",15-29,Urban,Person,22.7
India,Puducherry,"PLFS Year (Jul - Jun), 2022",15-29,Rural+Urban,Male,21.7
India,Puducherry,"PLFS Year (Jul - Jun), 2022",15-29,Rural+Urban,Female,26.2
India,Puducherry,"PLFS Year (Jul - Jun), 2022",15-29,Rural+Urban,Person,23.2
India,Puducherry,"PLFS Year (Jul - Jun), 2022",15-59,Rural,Male,7.9
India,Puducherry,"PLFS Year (Jul - Jun), 2022",15-59,Rural,Female,4.9
India,Puducherry,"PLFS Year (Jul - Jun), 2022",15-59,Rural,Person,6.5
India,Puducherry,"PLFS Year (Jul - Jun), 2022",15-59,Urban,Male,5.1
India,Puducherry,"PLFS Year (Jul - Jun), 2022",15-59,Urban,Female,7.3
India,Puducherry,"PLFS Year (Jul - Jun), 2022",15-59,Urban,Person,5.8
India,Puducherry,"PLFS Year (Jul - Jun), 2022",15-59,Rural+Urban,Male,6.2
India,Puducherry,"PLFS Year (Jul - Jun), 2022",15-59,Rural+Urban,Female,6.0
India,Puducherry,"PLFS Year (Jul - Jun), 2022",15-59,Rural+Urban,Person,6.1
India,Puducherry,"PLFS Year (Jul - Jun), 2022",15 years and above,Rural,Male,6.6
India,Puducherry,"PLFS Year (Jul - Jun), 2022",15 years and above,Rural,Female,4.7
India,Puducherry,"PLFS Year (Jul - Jun), 2022",15 years and above,Rural,Person,5.9
India,Puducherry,"PLFS Year (Jul - Jun), 2022",15 years and above,Urban,Male,4.7
India,Puducherry,"PLFS Year (Jul - Jun), 2022",15 years and above,Urban,Female,7.0
India,Puducherry,"PLFS Year (Jul - Jun), 2022",15 years and above,Urban,Person,5.4
India,Puducherry,"PLFS Year (Jul - Jun), 2022",15 years and above,Rural+Urban,Male,5.5
India,Puducherry,"PLFS Year (Jul - Jun), 2022",15 years and above,Rural+Urban,Female,5.8
India,Puducherry,"PLFS Year (Jul - Jun), 2022",15 years and above,Rural+Urban,Person,5.6
India,Puducherry,"PLFS Year (Jul - Jun), 2022",all ages,Rural,Male,6.6
India,Puducherry,"PLFS Year (Jul - Jun), 2022",all ages,Rural,Female,4.7
India,Puducherry,"PLFS Year (Jul - Jun), 2022",all ages,Rural,Person,5.9
India,Puducherry,"PLFS Year (Jul - Jun), 2022",all ages,Urban,Male,4.7
India,Puducherry,"PLFS Year (Jul - Jun), 2022",all ages,Urban,Female,7.0
India,Puducherry,"PLFS Year (Jul - Jun), 2022",all ages,Urban,Person,5.4
India,Puducherry,"PLFS Year (Jul - Jun), 2022",all ages,Rural+Urban,Male,5.5
India,Puducherry,"PLFS Year (Jul - Jun), 2022",all ages,Rural+Urban,Female,5.8
India,Puducherry,"PLFS Year (Jul - Jun), 2022",all ages,Rural+Urban,Person,5.6
India,Punjab,"PLFS Year (Jul - Jun), 2022",15-29,Rural,Male,16.2
India,Punjab,"PLFS Year (Jul - Jun), 2022",15-29,Rural,Female,26.5
India,Punjab,"PLFS Year (Jul - Jun), 2022",15-29,Rural,Person,18.7
India,Punjab,"PLFS Year (Jul - Jun), 2022",15-29,Urban,Male,13.6
India,Punjab,"PLFS Year (Jul - Jun), 2022",15-29,Urban,Female,20.9
India,Punjab,"PLFS Year (Jul - Jun), 2022",15-29,Urban,Person,15.3
India,Punjab,"PLFS Year (Jul - Jun), 2022",15-29,Rural+Urban,Male,15.3
India,Punjab,"PLFS Year (Jul - Jun), 2022",15-29,Rural+Urban,Female,24.5
India,Punjab,"PLFS Year (Jul - Jun), 2022",15-29,Rural+Urban,Person,17.5
India,Punjab,"PLFS Year (Jul - Jun), 2022",15-59,Rural,Male,6.0
India,Punjab,"PLFS Year (Jul - Jun), 2022",15-59,Rural,Female,9.3
India,Punjab,"PLFS Year (Jul - Jun), 2022",15-59,Rural,Person,6.9
India,Punjab,"PLFS Year (Jul - Jun), 2022",15-59,Urban,Male,5.4
India,Punjab,"PLFS Year (Jul - Jun), 2022",15-59,Urban,Female,9.2
India,Punjab,"PLFS Year (Jul - Jun), 2022",15-59,Urban,Person,6.3
India,Punjab,"PLFS Year (Jul - Jun), 2022",15-59,Rural+Urban,Male,5.7
India,Punjab,"PLFS Year (Jul - Jun), 2022",15-59,Rural+Urban,Female,9.3
India,Punjab,"PLFS Year (Jul - Jun), 2022",15-59,Rural+Urban,Person,6.7
India,Punjab,"PLFS Year (Jul - Jun), 2022",15 years and above,Rural,Male,5.3
India,Punjab,"PLFS Year (Jul - Jun), 2022",15 years and above,Rural,Female,8.7
India,Punjab,"PLFS Year (Jul - Jun), 2022",15 years and above,Rural,Person,6.2
India,Punjab,"PLFS Year (Jul - Jun), 2022",15 years and above,Urban,Male,5.1
India,Punjab,"PLFS Year (Jul - Jun), 2022",15 years and above,Urban,Female,8.8
India,Punjab,"PLFS Year (Jul - Jun), 2022",15 years and above,Urban,Person,6.0
India,Punjab,"PLFS Year (Jul - Jun), 2022",15 years and above,Rural+Urban,Male,5.2
India,Punjab,"PLFS Year (Jul - Jun), 2022",15 years and above,Rural+Urban,Female,8.7
India,Punjab,"PLFS Year (Jul - Jun), 2022",15 years and above,Rural+Urban,Person,6.1
India,Punjab,"PLFS Year (Jul - Jun), 2022",all ages,Rural,Male,5.3
India,Punjab,"PLFS Year (Jul - Jun), 2022",all ages,Rural,Female,8.7
India,Punjab,"PLFS Year (Jul - Jun), 2022",all ages,Rural,Person,6.2
India,Punjab,"PLFS Year (Jul - Jun), 2022",all ages,Urban,Male,5.1
India,Punjab,"PLFS Year (Jul - Jun), 2022",all ages,Urban,Female,8.8
India,Punjab,"PLFS Year (Jul - Jun), 2022",all ages,Urban,Person,6.0
India,Punjab,"PLFS Year (Jul - Jun), 2022",all ages,Rural+Urban,Male,5.2
India,Punjab,"PLFS Year (Jul - Jun), 2022",all ages,Rural+Urban,Female,8.7
India,Punjab,"PLFS Year (Jul - Jun), 2022",all ages,Rural+Urban,Person,6.1
India,Rajasthan,"PLFS Year (Jul - Jun), 2022",15-29,Rural,Male,12.1
India,Rajasthan,"PLFS Year (Jul - Jun), 2022",15-29,Rural,Female,5.7
India,Rajasthan,"PLFS Year (Jul - Jun), 2022",15-29,Rural,Person,9.6
India,Rajasthan,"PLFS Year (Jul - Jun), 2022",15-29,Urban,Male,21.5
India,Rajasthan,"PLFS Year (Jul - Jun), 2022",15-29,Urban,Female,34.1
India,Rajasthan,"PLFS Year (Jul - Jun), 2022",15-29,Urban,Person,24.1
India,Rajasthan,"PLFS Year (Jul - Jun), 2022",15-29,Rural+Urban,Male,14.4
India,Rajasthan,"PLFS Year (Jul - Jun), 2022",15-29,Rural+Urban,Female,9.0
India,Rajasthan,"PLFS Year (Jul - Jun), 2022",15-29,Rural+Urban,Person,12.5
India,Rajasthan,"PLFS Year (Jul - Jun), 2022",15-59,Rural,Male,5.2
India,Rajasthan,"PLFS Year (Jul - Jun), 2022",15-59,Rural,Female,2.0
India,Rajasthan,"PLFS Year (Jul - Jun), 2022",15-59,Rural,Person,3.8
India,Rajasthan,"PLFS Year (Jul - Jun), 2022",15-59,Urban,Male,8.1
India,Rajasthan,"PLFS Year (Jul - Jun), 2022",15-59,Urban,Female,11.9
India,Rajasthan,"PLFS Year (Jul - Jun), 2022",15-59,Urban,Person,9.0
India,Rajasthan,"PLFS Year (Jul - Jun), 2022",15-59,Rural+Urban,Male,6.0
India,Rajasthan,"PLFS Year (Jul - Jun), 2022",15-59,Rural+Urban,Female,3.2
India,Rajasthan,"PLFS Year (Jul - Jun), 2022",15-59,Rural+Urban,Person,4.9
India,Rajasthan,"PLFS Year (Jul - Jun), 2022",15 years and above,Rural,Male,4.6
India,Rajasthan,"PLFS Year (Jul - Jun), 2022",15 years and above,Rural,Female,1.7
India,Rajasthan,"PLFS Year (Jul - Jun), 2022",15 years and above,Rural,Person,3.4
India,Rajasthan,"PLFS Year (Jul - Jun), 2022",15 years and above,Urban,Male,7.7
India,Rajasthan,"PLFS Year (Jul - Jun), 2022",15 years and above,Urban,Female,11.3
India,Rajasthan,"PLFS Year (Jul - Jun), 2022",15 years and above,Urban,Person,8.5
India,Rajasthan,"PLFS Year (Jul - Jun), 2022",15 years and above,Rural+Urban,Male,5.4
India,Rajasthan,"PLFS Year (Jul - Jun), 2022",15 years and above,Rural+Urban,Female,2.9
India,Rajasthan,"PLFS Year (Jul - Jun), 2022",15 years and above,Rural+Urban,Person,4.4
India,Rajasthan,"PLFS Year (Jul - Jun), 2022",all ages,Rural,Male,4.6
India,Rajasthan,"PLFS Year (Jul - Jun), 2022",all ages,Rural,Female,1.7
India,Rajasthan,"PLFS Year (Jul - Jun), 2022",all ages,Rural,Person,3.4
India,Rajasthan,"PLFS Year (Jul - Jun), 2022",all ages,Urban,Male,7.7
India,Rajasthan,"PLFS Year (Jul - Jun), 2022",all ages,Urban,Female,11.3
India,Rajasthan,"PLFS Year (Jul - Jun), 2022",all ages,Urban,Person,8.5
India,Rajasthan,"PLFS Year (Jul - Jun), 2022",all ages,Rural+Urban,Male,5.4
India,Rajasthan,"PLFS Year (Jul - Jun), 2022",all ages,Rural+Urban,Female,2.9
India,Rajasthan,"PLFS Year (Jul - Jun), 2022",all ages,Rural+Urban,Person,4.4
India,Sikkim,"PLFS Year (Jul - Jun), 2022",15-29,Rural,Male,6.5
India,Sikkim,"PLFS Year (Jul - Jun), 2022",15-29,Rural,Female,16.0
India,Sikkim,"PLFS Year (Jul - Jun), 2022",15-29,Rural,Person,11.2
India,Sikkim,"PLFS Year (Jul - Jun), 2022",15-29,Urban,Male,5.6
India,Sikkim,"PLFS Year (Jul - Jun), 2022",15-29,Urban,Female,10.0
India,Sikkim,"PLFS Year (Jul - Jun), 2022",15-29,Urban,Person,7.0
India,Sikkim,"PLFS Year (Jul - Jun), 2022",15-29,Rural+Urban,Male,6.2
India,Sikkim,"PLFS Year (Jul - Jun), 2022",15-29,Rural+Urban,Female,15.0
India,Sikkim,"PLFS Year (Jul - Jun), 2022",15-29,Rural+Urban,Person,10.2
India,Sikkim,"PLFS Year (Jul - Jun), 2022",15-59,Rural,Male,1.6
India,Sikkim,"PLFS Year (Jul - Jun), 2022",15-59,Rural,Female,3.3
India,Sikkim,"PLFS Year (Jul - Jun), 2022",15-59,Rural,Person,2.4
India,Sikkim,"PLFS Year (Jul - Jun), 2022",15-59,Urban,Male,1.7
India,Sikkim,"PLFS Year (Jul - Jun), 2022",15-59,Urban,Female,3.9
India,Sikkim,"PLFS Year (Jul - Jun), 2022",15-59,Urban,Person,2.3
India,Sikkim,"PLFS Year (Jul - Jun), 2022",15-59,Rural+Urban,Male,1.6
India,Sikkim,"PLFS Year (Jul - Jun), 2022",15-59,Rural+Urban,Female,3.4
India,Sikkim,"PLFS Year (Jul - Jun), 2022",15-59,Rural+Urban,Person,2.4
India,Sikkim,"PLFS Year (Jul - Jun), 2022",15 years and above,Rural,Male,1.4
India,Sikkim,"PLFS Year (Jul - Jun), 2022",15 years and above,Rural,Female,3.1
India,Sikkim,"PLFS Year (Jul - Jun), 2022",15 years and above,Rural,Person,2.2
India,Sikkim,"PLFS Year (Jul - Jun), 2022",15 years and above,Urban,Male,1.7
India,Sikkim,"PLFS Year (Jul - Jun), 2022",15 years and above,Urban,Female,3.9
India,Sikkim,"PLFS Year (Jul - Jun), 2022",15 years and above,Urban,Person,2.2
India,Sikkim,"PLFS Year (Jul - Jun), 2022",15 years and above,Rural+Urban,Male,1.5
India,Sikkim,"PLFS Year (Jul - Jun), 2022",15 years and above,Rural+Urban,Female,3.1
India,Sikkim,"PLFS Year (Jul - Jun), 2022",15 years and above,Rural+Urban,Person,2.2
India,Sikkim,"PLFS Year (Jul - Jun), 2022",all ages,Rural,Male,1.4
India,Sikkim,"PLFS Year (Jul - Jun), 2022",all ages,Rural,Female,3.1
India,Sikkim,"PLFS Year (Jul - Jun), 2022",all ages,Rural,Person,2.2
India,Sikkim,"PLFS Year (Jul - Jun), 2022",all ages,Urban,Male,1.7
India,Sikkim,"PLFS Year (Jul - Jun), 2022",all ages,Urban,Female,3.9
India,Sikkim,"PLFS Year (Jul - Jun), 2022",all ages,Urban,Person,2.2
India,Sikkim,"PLFS Year (Jul - Jun), 2022",all ages,Rural+Urban,Male,1.5
India,Sikkim,"PLFS Year (Jul - Jun), 2022",all ages,Rural+Urban,Female,3.1
India,Sikkim,"PLFS Year (Jul - Jun), 2022",all ages,Rural+Urban,Person,2.2
India,Tamil Nadu,"PLFS Year (Jul - Jun), 2022",15-29,Rural,Male,16.7
India,Tamil Nadu,"PLFS Year (Jul - Jun), 2022",15-29,Rural,Female,25.9
India,Tamil Nadu,"PLFS Year (Jul - Jun), 2022",15-29,Rural,Person,19.5
India,Tamil Nadu,"PLFS Year (Jul - Jun), 2022",15-29,Urban,Male,13.5
India,Tamil Nadu,"PLFS Year (Jul - Jun), 2022",15-29,Urban,Female,21.0
India,Tamil Nadu,"PLFS Year (Jul - Jun), 2022",15-29,Urban,Person,15.3
India,Tamil Nadu,"PLFS Year (Jul - Jun), 2022",15-29,Rural+Urban,Male,15.1
India,Tamil Nadu,"PLFS Year (Jul - Jun), 2022",15-29,Rural+Urban,Female,23.8
India,Tamil Nadu,"PLFS Year (Jul - Jun), 2022",15-29,Rural+Urban,Person,17.5
India,Tamil Nadu,"PLFS Year (Jul - Jun), 2022",15-59,Rural,Male,4.4
India,Tamil Nadu,"PLFS Year (Jul - Jun), 2022",15-59,Rural,Female,4.2
India,Tamil Nadu,"PLFS Year (Jul - Jun), 2022",15-59,Rural,Person,4.3
India,Tamil Nadu,"PLFS Year (Jul - Jun), 2022",15-59,Urban,Male,4.7
India,Tamil Nadu,"PLFS Year (Jul - Jun), 2022",15-59,Urban,Female,7.7
India,Tamil Nadu,"PLFS Year (Jul - Jun), 2022",15-59,Urban,Person,5.6
India,Tamil Nadu,"PLFS Year (Jul - Jun), 2022",15-59,Rural+Urban,Male,4.5
India,Tamil Nadu,"PLFS Year (Jul - Jun), 2022",15-59,Rural+Urban,Female,5.3
India,Tamil Nadu,"PLFS Year (Jul - Jun), 2022",15-59,Rural+Urban,Person,4.8
India,Tamil Nadu,"PLFS Year (Jul - Jun), 2022",15 years and above,Rural,Male,4.0
India,Tamil Nadu,"PLFS Year (Jul - Jun), 2022",15 years and above,Rural,Female,3.7
India,Tamil Nadu,"PLFS Year (Jul - Jun), 2022",15 years and above,Rural,Person,3.8
India,Tamil Nadu,"PLFS Year (Jul - Jun), 2022",15 years and above,Urban,Male,4.3
India,Tamil Nadu,"PLFS Year (Jul - Jun), 2022",15 years and above,Urban,Female,7.0
India,Tamil Nadu,"PLFS Year (Jul - Jun), 2022",15 years and above,Urban,Person,5.1
India,Tamil Nadu,"PLFS Year (Jul - Jun), 2022",15 years and above,Rural+Urban,Male,4.1
India,Tamil Nadu,"PLFS Year (Jul - Jun), 2022",15 years and above,Rural+Urban,Female,4.7
India,Tamil Nadu,"PLFS Year (Jul - Jun), 2022",15 years and above,Rural+Urban,Person,4.3
India,Tamil Nadu,"PLFS Year (Jul - Jun), 2022",all ages,Rural,Male,4.0
India,Tamil Nadu,"PLFS Year (Jul - Jun), 2022",all ages,Rural,Female,3.7
India,Tamil Nadu,"PLFS Year (Jul - Jun), 2022",all ages,Rural,Person,3.8
India,Tamil Nadu,"PLFS Year (Jul - Jun), 2022",all ages,Urban,Male,4.3
India,Tamil Nadu,"PLFS Year (Jul - Jun), 2022",all ages,Urban,Female,7.0
India,Tamil Nadu,"PLFS Year (Jul - Jun), 2022",all ages,Urban,Person,5.1
India,Tamil Nadu,"PLFS Year (Jul - Jun), 2022",all ages,Rural+Urban,Male,4.1
India,Tamil Nadu,"PLFS Year (Jul - Jun), 2022",all ages,Rural+Urban,Female,4.7
India,Tamil Nadu,"PLFS Year (Jul - Jun), 2022",all ages,Rural+Urban,Person,4.3
India,Telangana,"PLFS Year (Jul - Jun), 2022",15-29,Rural,Male,9.7
India,Telangana,"PLFS Year (Jul - Jun), 2022",15-29,Rural,Female,9.8
India,Telangana,"PLFS Year (Jul - Jun), 2022",15-29,Rural,Person,9.7
India,Telangana,"PLFS Year (Jul - Jun), 2022",15-29,Urban,Male,23.6
India,Telangana,"PLFS Year (Jul - Jun), 2022",15-29,Urban,Female,30.5
India,Telangana,"PLFS Year (Jul - Jun), 2022",15-29,Urban,Person,25.4
India,Telangana,"PLFS Year (Jul - Jun), 2022",15-29,Rural+Urban,Male,14.7
India,Telangana,"PLFS Year (Jul - Jun), 2022",15-29,Rural+Urban,Female,16.2
India,Telangana,"PLFS Year (Jul - Jun), 2022",15-29,Rural+Urban,Person,15.1
India,Telangana,"PLFS Year (Jul - Jun), 2022",15-59,Rural,Male,3.5
India,Telangana,"PLFS Year (Jul - Jun), 2022",15-59,Rural,Female,2.2
India,Telangana,"PLFS Year (Jul - Jun), 2022",15-59,Rural,Person,3.0
India,Telangana,"PLFS Year (Jul - Jun), 2022",15-59,Urban,Male,7.4
India,Telangana,"PLFS Year (Jul - Jun), 2022",15-59,Urban,Female,9.8
India,Telangana,"PLFS Year (Jul - Jun), 2022",15-59,Urban,Person,8.0
India,Telangana,"PLFS Year (Jul - Jun), 2022",15-59,Rural+Urban,Male,4.9
India,Telangana,"PLFS Year (Jul - Jun), 2022",15-59,Rural+Urban,Female,4.0
India,Telangana,"PLFS Year (Jul - Jun), 2022",15-59,Rural+Urban,Person,4.6
India,Telangana,"PLFS Year (Jul - Jun), 2022",15 years and above,Rural,Male,3.3
India,Telangana,"PLFS Year (Jul - Jun), 2022",15 years and above,Rural,Female,2.1
India,Telangana,"PLFS Year (Jul - Jun), 2022",15 years and above,Rural,Person,2.8
India,Telangana,"PLFS Year (Jul - Jun), 2022",15 years and above,Urban,Male,7.1
India,Telangana,"PLFS Year (Jul - Jun), 2022",15 years and above,Urban,Female,9.6
India,Telangana,"PLFS Year (Jul - Jun), 2022",15 years and above,Urban,Person,7.8
India,Telangana,"PLFS Year (Jul - Jun), 2022",15 years and above,Rural+Urban,Male,4.7
India,Telangana,"PLFS Year (Jul - Jun), 2022",15 years and above,Rural+Urban,Female,3.8
India,Telangana,"PLFS Year (Jul - Jun), 2022",15 years and above,Rural+Urban,Person,4.4
India,Telangana,"PLFS Year (Jul - Jun), 2022",all ages,Rural,Male,3.3
India,Telangana,"PLFS Year (Jul - Jun), 2022",all ages,Rural,Female,2.1
India,Telangana,"PLFS Year (Jul - Jun), 2022",all ages,Rural,Person,2.8
India,Telangana,"PLFS Year (Jul - Jun), 2022",all ages,Urban,Male,7.1
India,Telangana,"PLFS Year (Jul - Jun), 2022",all ages,Urban,Female,9.6
India,Telangana,"PLFS Year (Jul - Jun), 2022",all ages,Urban,Person,7.8
India,Telangana,"PLFS Year (Jul - Jun), 2022",all ages,Rural+Urban,Male,4.7
India,Telangana,"PLFS Year (Jul - Jun), 2022",all ages,Rural+Urban,Female,3.8
India,Telangana,"PLFS Year (Jul - Jun), 2022",all ages,Rural+Urban,Person,4.4
India,The Dadra and Nagar Haveli and Daman and Diu,"PLFS Year (Jul - Jun), 2022",15-29,Rural,Male,2.7
India,The Dadra and Nagar Haveli and Daman and Diu,"PLFS Year (Jul - Jun), 2022",15-29,Rural,Female,14.2
India,The Dadra and Nagar Haveli and Daman and Diu,"PLFS Year (Jul - Jun), 2022",15-29,Rural,Person,6.5
India,The Dadra and Nagar Haveli and Daman and Diu,"PLFS Year (Jul - Jun), 2022",15-29,Urban,Male,1.4
India,The Dadra and Nagar Haveli and Daman and Diu,"PLFS Year (Jul - Jun), 2022",15-29,Urban,Female,8.1
India,The Dadra and Nagar Haveli and Daman and Diu,"PLFS Year (Jul - Jun), 2022",15-29,Urban,Person,3.0
India,The Dadra and Nagar Haveli and Daman and Diu,"PLFS Year (Jul - Jun), 2022",15-29,Rural+Urban,Male,1.9
India,The Dadra and Nagar Haveli and Daman and Diu,"PLFS Year (Jul - Jun), 2022",15-29,Rural+Urban,Female,11.0
India,The Dadra and Nagar Haveli and Daman and Diu,"PLFS Year (Jul - Jun), 2022",15-29,Rural+Urban,Person,4.4
India,The Dadra and Nagar Haveli and Daman and Diu,"PLFS Year (Jul - Jun), 2022",15-59,Rural,Male,3.5
India,The Dadra and Nagar Haveli and Daman and Diu,"PLFS Year (Jul - Jun), 2022",15-59,Rural,Female,6.8
India,The Dadra and Nagar Haveli and Daman and Diu,"PLFS Year (Jul - Jun), 2022",15-59,Rural,Person,4.6
India,The Dadra and Nagar Haveli and Daman and Diu,"PLFS Year (Jul - Jun), 2022",15-59,Urban,Male,0.5
India,The Dadra and Nagar Haveli and Daman and Diu,"PLFS Year (Jul - Jun), 2022",15-59,Urban,Female,5.7
India,The Dadra and Nagar Haveli and Daman and Diu,"PLFS Year (Jul - Jun), 2022",15-59,Urban,Person,1.4
India,The Dadra and Nagar Haveli and Daman and Diu,"PLFS Year (Jul - Jun), 2022",15-59,Rural+Urban,Male,1.4
India,The Dadra and Nagar Haveli and Daman and Diu,"PLFS Year (Jul - Jun), 2022",15-59,Rural+Urban,Female,6.3
India,The Dadra and Nagar Haveli and Daman and Diu,"PLFS Year (Jul - Jun), 2022",15-59,Rural+Urban,Person,2.6
India,The Dadra and Nagar Haveli and Daman and Diu,"PLFS Year (Jul - Jun), 2022",15 years and above,Rural,Male,3.1
India,The Dadra and Nagar Haveli and Daman and Diu,"PLFS Year (Jul - Jun), 2022",15 years and above,Rural,Female,6.0
India,The Dadra and Nagar Haveli and Daman and Diu,"PLFS Year (Jul - Jun), 2022",15 years and above,Rural,Person,4.1
India,The Dadra and Nagar Haveli and Daman and Diu,"PLFS Year (Jul - Jun), 2022",15 years and above,Urban,Male,0.5
India,The Dadra and Nagar Haveli and Daman and Diu,"PLFS Year (Jul - Jun), 2022",15 years and above,Urban,Female,5.6
India,The Dadra and Nagar Haveli and Daman and Diu,"PLFS Year (Jul - Jun), 2022",15 years and above,Urban,Person,1.4
India,The Dadra and Nagar Haveli and Daman and Diu,"PLFS Year (Jul - Jun), 2022",15 years and above,Rural+Urban,Male,1.4
India,The Dadra and Nagar Haveli and Daman and Diu,"PLFS Year (Jul - Jun), 2022",15 years and above,Rural+Urban,Female,5.9
India,The Dadra and Nagar Haveli and Daman and Diu,"PLFS Year (Jul - Jun), 2022",15 years and above,Rural+Urban,Person,2.5
India,The Dadra and Nagar Haveli and Daman and Diu,"PLFS Year (Jul - Jun), 2022",all ages,Rural,Male,3.1
India,The Dadra and Nagar Haveli and Daman and Diu,"PLFS Year (Jul - Jun), 2022",all ages,Rural,Female,6.0
India,The Dadra and Nagar Haveli and Daman and Diu,"PLFS Year (Jul - Jun), 2022",all ages,Rural,Person,4.1
India,The Dadra and Nagar Haveli and Daman and Diu,"PLFS Year (Jul - Jun), 2022",all ages,Urban,Male,0.5
India,The Dadra and Nagar Haveli and Daman and Diu,"PLFS Year (Jul - Jun), 2022",all ages,Urban,Female,5.6
India,The Dadra and Nagar Haveli and Daman and Diu,"PLFS Year (Jul - Jun), 2022",all ages,Urban,Person,1.4
India,The Dadra and Nagar Haveli and Daman and Diu,"PLFS Year (Jul - Jun), 2022",all ages,Rural+Urban,Male,1.4
India,The Dadra and Nagar Haveli and Daman and Diu,"PLFS Year (Jul - Jun), 2022",all ages,Rural+Urban,Female,5.9
India,The Dadra and Nagar Haveli and Daman and Diu,"PLFS Year (Jul - Jun), 2022",all ages,Rural+Urban,Person,2.5
India,Tripura,"PLFS Year (Jul - Jun), 2022",15-29,Rural,Male,5.4
India,Tripura,"PLFS Year (Jul - Jun), 2022",15-29,Rural,Female,3.9
India,Tripura,"PLFS Year (Jul - Jun), 2022",15-29,Rural,Person,5.0
India,Tripura,"PLFS Year (Jul - Jun), 2022",15-29,Urban,Male,11.2
India,Tripura,"PLFS Year (Jul - Jun), 2022",15-29,Urban,Female,15.9
India,Tripura,"PLFS Year (Jul - Jun), 2022",15-29,Urban,Person,12.3
India,Tripura,"PLFS Year (Jul - Jun), 2022",15-29,Rural+Urban,Male,6.3
India,Tripura,"PLFS Year (Jul - Jun), 2022",15-29,Rural+Urban,Female,5.6
India,Tripura,"PLFS Year (Jul - Jun), 2022",15-29,Rural+Urban,Person,6.1
India,Tripura,"PLFS Year (Jul - Jun), 2022",15-59,Rural,Male,1.5
India,Tripura,"PLFS Year (Jul - Jun), 2022",15-59,Rural,Female,0.7
India,Tripura,"PLFS Year (Jul - Jun), 2022",15-59,Rural,Person,1.2
India,Tripura,"PLFS Year (Jul - Jun), 2022",15-59,Urban,Male,2.9
India,Tripura,"PLFS Year (Jul - Jun), 2022",15-59,Urban,Female,4.0
India,Tripura,"PLFS Year (Jul - Jun), 2022",15-59,Urban,Person,3.2
India,Tripura,"PLFS Year (Jul - Jun), 2022",15-59,Rural+Urban,Male,1.7
India,Tripura,"PLFS Year (Jul - Jun), 2022",15-59,Rural+Urban,Female,1.2
India,Tripura,"PLFS Year (Jul - Jun), 2022",15-59,Rural+Urban,Person,1.5
India,Tripura,"PLFS Year (Jul - Jun), 2022",15 years and above,Rural,Male,1.3
India,Tripura,"PLFS Year (Jul - Jun), 2022",15 years and above,Rural,Female,0.6
India,Tripura,"PLFS Year (Jul - Jun), 2022",15 years and above,Rural,Person,1.1
India,Tripura,"PLFS Year (Jul - Jun), 2022",15 years and above,Urban,Male,2.6
India,Tripura,"PLFS Year (Jul - Jun), 2022",15 years and above,Urban,Female,3.8
India,Tripura,"PLFS Year (Jul - Jun), 2022",15 years and above,Urban,Person,3.0
India,Tripura,"PLFS Year (Jul - Jun), 2022",15 years and above,Rural+Urban,Male,1.5
India,Tripura,"PLFS Year (Jul - Jun), 2022",15 years and above,Rural+Urban,Female,1.1
India,Tripura,"PLFS Year (Jul - Jun), 2022",15 years and above,Rural+Urban,Person,1.4
India,Tripura,"PLFS Year (Jul - Jun), 2022",all ages,Rural,Male,1.3
India,Tripura,"PLFS Year (Jul - Jun), 2022",all ages,Rural,Female,0.6
India,Tripura,"PLFS Year (Jul - Jun), 2022",all ages,Rural,Person,1.1
India,Tripura,"PLFS Year (Jul - Jun), 2022",all ages,Urban,Male,2.6
India,Tripura,"PLFS Year (Jul - Jun), 2022",all ages,Urban,Female,3.8
India,Tripura,"PLFS Year (Jul - Jun), 2022",all ages,Urban,Person,3.0
India,Tripura,"PLFS Year (Jul - Jun), 2022",all ages,Rural+Urban,Male,1.5
India,Tripura,"PLFS Year (Jul - Jun), 2022",all ages,Rural+Urban,Female,1.1
India,Tripura,"PLFS Year (Jul - Jun), 2022",all ages,Rural+Urban,Person,1.4
India,Uttar Pradesh,"PLFS Year (Jul - Jun), 2022",15-29,Rural,Male,5.2
India,Uttar Pradesh,"PLFS Year (Jul - Jun), 2022",15-29,Rural,Female,3.3
India,Uttar Pradesh,"PLFS Year (Jul - Jun), 2022",15-29,Rural,Person,4.8
India,Uttar Pradesh,"PLFS Year (Jul - Jun), 2022",15-29,Urban,Male,14.6
India,Uttar Pradesh,"PLFS Year (Jul - Jun), 2022",15-29,Urban,Female,26.8
India,Uttar Pradesh,"PLFS Year (Jul - Jun), 2022",15-29,Urban,Person,16.5
India,Uttar Pradesh,"PLFS Year (Jul - Jun), 2022",15-29,Rural+Urban,Male,7.1
India,Uttar Pradesh,"PLFS Year (Jul - Jun), 2022",15-29,Rural+Urban,Female,6.6
India,Uttar Pradesh,"PLFS Year (Jul - Jun), 2022",15-29,Rural+Urban,Person,7.0
India,Uttar Pradesh,"PLFS Year (Jul - Jun), 2022",15-59,Rural,Male,2.0
India,Uttar Pradesh,"PLFS Year (Jul - Jun), 2022",15-59,Rural,Female,1.0
India,Uttar Pradesh,"PLFS Year (Jul - Jun), 2022",15-59,Rural,Person,1.7
India,Uttar Pradesh,"PLFS Year (Jul - Jun), 2022",15-59,Urban,Male,6.1
India,Uttar Pradesh,"PLFS Year (Jul - Jun), 2022",15-59,Urban,Female,11.0
India,Uttar Pradesh,"PLFS Year (Jul - Jun), 2022",15-59,Urban,Person,6.9
India,Uttar Pradesh,"PLFS Year (Jul - Jun), 2022",15-59,Rural+Urban,Male,2.9
India,Uttar Pradesh,"PLFS Year (Jul - Jun), 2022",15-59,Rural+Urban,Female,1.9
India,Uttar Pradesh,"PLFS Year (Jul - Jun), 2022",15-59,Rural+Urban,Person,2.6
India,Uttar Pradesh,"PLFS Year (Jul - Jun), 2022",15 years and above,Rural,Male,1.8
India,Uttar Pradesh,"PLFS Year (Jul - Jun), 2022",15 years and above,Rural,Female,0.9
India,Uttar Pradesh,"PLFS Year (Jul - Jun), 2022",15 years and above,Rural,Person,1.5
India,Uttar Pradesh,"PLFS Year (Jul - Jun), 2022",15 years and above,Urban,Male,5.8
India,Uttar Pradesh,"PLFS Year (Jul - Jun), 2022",15 years and above,Urban,Female,10.6
India,Uttar Pradesh,"PLFS Year (Jul - Jun), 2022",15 years and above,Urban,Person,6.5
India,Uttar Pradesh,"PLFS Year (Jul - Jun), 2022",15 years and above,Rural+Urban,Male,2.6
India,Uttar Pradesh,"PLFS Year (Jul - Jun), 2022",15 years and above,Rural+Urban,Female,1.8
India,Uttar Pradesh,"PLFS Year (Jul - Jun), 2022",15 years and above,Rural+Urban,Person,2.4
India,Uttar Pradesh,"PLFS Year (Jul - Jun), 2022",all ages,Rural,Male,1.9
India,Uttar Pradesh,"PLFS Year (Jul - Jun), 2022",all ages,Rural,Female,0.9
India,Uttar Pradesh,"PLFS Year (Jul - Jun), 2022",all ages,Rural,Person,1.6
India,Uttar Pradesh,"PLFS Year (Jul - Jun), 2022",all ages,Urban,Male,5.8
India,Uttar Pradesh,"PLFS Year (Jul - Jun), 2022",all ages,Urban,Female,10.6
India,Uttar Pradesh,"PLFS Year (Jul - Jun), 2022",all ages,Urban,Person,6.5
India,Uttar Pradesh,"PLFS Year (Jul - Jun), 2022",all ages,Rural+Urban,Male,2.7
India,Uttar Pradesh,"PLFS Year (Jul - Jun), 2022",all ages,Rural+Urban,Female,1.8
India,Uttar Pradesh,"PLFS Year (Jul - Jun), 2022",all ages,Rural+Urban,Person,2.4
India,Uttarakhand,"PLFS Year (Jul - Jun), 2022",15-29,Rural,Male,13.6
India,Uttarakhand,"PLFS Year (Jul - Jun), 2022",15-29,Rural,Female,12.6
India,Uttarakhand,"PLFS Year (Jul - Jun), 2022",15-29,Rural,Person,13.2
India,Uttarakhand,"PLFS Year (Jul - Jun), 2022",15-29,Urban,Male,15.5
India,Uttarakhand,"PLFS Year (Jul - Jun), 2022",15-29,Urban,Female,28.0
India,Uttarakhand,"PLFS Year (Jul - Jun), 2022",15-29,Urban,Person,17.5
India,Uttarakhand,"PLFS Year (Jul - Jun), 2022",15-29,Rural+Urban,Male,14.2
India,Uttarakhand,"PLFS Year (Jul - Jun), 2022",15-29,Rural+Urban,Female,14.3
India,Uttarakhand,"PLFS Year (Jul - Jun), 2022",15-29,Rural+Urban,Person,14.2
India,Uttarakhand,"PLFS Year (Jul - Jun), 2022",15-59,Rural,Male,4.6
India,Uttarakhand,"PLFS Year (Jul - Jun), 2022",15-59,Rural,Female,4.0
India,Uttarakhand,"PLFS Year (Jul - Jun), 2022",15-59,Rural,Person,4.3
India,Uttarakhand,"PLFS Year (Jul - Jun), 2022",15-59,Urban,Male,6.2
India,Uttarakhand,"PLFS Year (Jul - Jun), 2022",15-59,Urban,Female,10.3
India,Uttarakhand,"PLFS Year (Jul - Jun), 2022",15-59,Urban,Person,6.9
India,Uttarakhand,"PLFS Year (Jul - Jun), 2022",15-59,Rural+Urban,Male,5.0
India,Uttarakhand,"PLFS Year (Jul - Jun), 2022",15-59,Rural+Urban,Female,4.7
India,Uttarakhand,"PLFS Year (Jul - Jun), 2022",15-59,Rural+Urban,Person,4.9
India,Uttarakhand,"PLFS Year (Jul - Jun), 2022",15 years and above,Rural,Male,4.1
India,Uttarakhand,"PLFS Year (Jul - Jun), 2022",15 years and above,Rural,Female,3.5
India,Uttarakhand,"PLFS Year (Jul - Jun), 2022",15 years and above,Rural,Person,3.9
India,Uttarakhand,"PLFS Year (Jul - Jun), 2022",15 years and above,Urban,Male,5.8
India,Uttarakhand,"PLFS Year (Jul - Jun), 2022",15 years and above,Urban,Female,10.2
India,Uttarakhand,"PLFS Year (Jul - Jun), 2022",15 years and above,Urban,Person,6.6
India,Uttarakhand,"PLFS Year (Jul - Jun), 2022",15 years and above,Rural+Urban,Male,4.6
India,Uttarakhand,"PLFS Year (Jul - Jun), 2022",15 years and above,Rural+Urban,Female,4.2
India,Uttarakhand,"PLFS Year (Jul - Jun), 2022",15 years and above,Rural+Urban,Person,4.5
India,Uttarakhand,"PLFS Year (Jul - Jun), 2022",all ages,Rural,Male,4.1
India,Uttarakhand,"PLFS Year (Jul - Jun), 2022",all ages,Rural,Female,3.5
India,Uttarakhand,"PLFS Year (Jul - Jun), 2022",all ages,Rural,Person,3.9
India,Uttarakhand,"PLFS Year (Jul - Jun), 2022",all ages,Urban,Male,6.2
India,Uttarakhand,"PLFS Year (Jul - Jun), 2022",all ages,Urban,Female,10.2
India,Uttarakhand,"PLFS Year (Jul - Jun), 2022",all ages,Urban,Person,6.9
India,Uttarakhand,"PLFS Year (Jul - Jun), 2022",all ages,Rural+Urban,Male,4.7
India,Uttarakhand,"PLFS Year (Jul - Jun), 2022",all ages,Rural+Urban,Female,4.2
India,Uttarakhand,"PLFS Year (Jul - Jun), 2022",all ages,Rural+Urban,Person,4.5
India,West Bengal,"PLFS Year (Jul - Jun), 2022",15-29,Rural,Male,5.9
India,West Bengal,"PLFS Year (Jul - Jun), 2022",15-29,Rural,Female,3.6
India,West Bengal,"PLFS Year (Jul - Jun), 2022",15-29,Rural,Person,5.2
India,West Bengal,"PLFS Year (Jul - Jun), 2022",15-29,Urban,Male,12.6
India,West Bengal,"PLFS Year (Jul - Jun), 2022",15-29,Urban,Female,13.1
India,West Bengal,"PLFS Year (Jul - Jun), 2022",15-29,Urban,Person,12.7
India,West Bengal,"PLFS Year (Jul - Jun), 2022",15-29,Rural+Urban,Male,7.5
India,West Bengal,"PLFS Year (Jul - Jun), 2022",15-29,Rural+Urban,Female,6.0
India,West Bengal,"PLFS Year (Jul - Jun), 2022",15-29,Rural+Urban,Person,7.1
India,West Bengal,"PLFS Year (Jul - Jun), 2022",15-59,Rural,Male,1.9
India,West Bengal,"PLFS Year (Jul - Jun), 2022",15-59,Rural,Female,1.1
India,West Bengal,"PLFS Year (Jul - Jun), 2022",15-59,Rural,Person,1.7
India,West Bengal,"PLFS Year (Jul - Jun), 2022",15-59,Urban,Male,3.8
India,West Bengal,"PLFS Year (Jul - Jun), 2022",15-59,Urban,Female,5.1
India,West Bengal,"PLFS Year (Jul - Jun), 2022",15-59,Urban,Person,4.1
India,West Bengal,"PLFS Year (Jul - Jun), 2022",15-59,Rural+Urban,Male,2.5
India,West Bengal,"PLFS Year (Jul - Jun), 2022",15-59,Rural+Urban,Female,2.1
India,West Bengal,"PLFS Year (Jul - Jun), 2022",15-59,Rural+Urban,Person,2.3
India,West Bengal,"PLFS Year (Jul - Jun), 2022",15 years and above,Rural,Male,1.7
India,West Bengal,"PLFS Year (Jul - Jun), 2022",15 years and above,Rural,Female,1.1
India,West Bengal,"PLFS Year (Jul - Jun), 2022",15 years and above,Rural,Person,1.5
India,West Bengal,"PLFS Year (Jul - Jun), 2022",15 years and above,Urban,Male,3.5
India,West Bengal,"PLFS Year (Jul - Jun), 2022",15 years and above,Urban,Female,4.8
India,West Bengal,"PLFS Year (Jul - Jun), 2022",15 years and above,Urban,Person,3.8
India,West Bengal,"PLFS Year (Jul - Jun), 2022",15 years and above,Rural+Urban,Male,2.2
India,West Bengal,"PLFS Year (Jul - Jun), 2022",15 years and above,Rural+Urban,Female,2.0
India,West Bengal,"PLFS Year (Jul - Jun), 2022",15 years and above,Rural+Urban,Person,2.2
India,West Bengal,"PLFS Year (Jul - Jun), 2022",all ages,Rural,Male,1.7
India,West Bengal,"PLFS Year (Jul - Jun), 2022",all ages,Rural,Female,1.1
India,West Bengal,"PLFS Year (Jul - Jun), 2022",all ages,Rural,Person,1.5
India,West Bengal,"PLFS Year (Jul - Jun), 2022",all ages,Urban,Male,3.5
India,West Bengal,"PLFS Year (Jul - Jun), 2022",all ages,Urban,Female,4.7
India,West Bengal,"PLFS Year (Jul - Jun), 2022",all ages,Urban,Person,3.8
India,West Bengal,"PLFS Year (Jul - Jun), 2022",all ages,Rural+Urban,Male,2.2
India,West Bengal,"PLFS Year (Jul - Jun), 2022",all ages,Rural+Urban,Female,2.0
India,West Bengal,"PLFS Year (Jul - Jun), 2022",all ages,Rural+Urban,Person,2.2
India,Andaman and Nicobar Islands,"PLFS Year (Jul - Jun), 2021",15-29,Rural,Male,14.2
India,Andaman and Nicobar Islands,"PLFS Year (Jul - Jun), 2021",15-29,Rural,Female,32.2
India,Andaman and Nicobar Islands,"PLFS Year (Jul - Jun), 2021",15-29,Rural,Person,20.0
India,Andaman and Nicobar Islands,"PLFS Year (Jul - Jun), 2021",15-29,Urban,Male,17.5
India,Andaman and Nicobar Islands,"PLFS Year (Jul - Jun), 2021",15-29,Urban,Female,49.0
India,Andaman and Nicobar Islands,"PLFS Year (Jul - Jun), 2021",15-29,Urban,Person,28.6
India,Andaman and Nicobar Islands,"PLFS Year (Jul - Jun), 2021",15-29,Rural+Urban,Male,16.0
India,Andaman and Nicobar Islands,"PLFS Year (Jul - Jun), 2021",15-29,Rural+Urban,Female,41.6
India,Andaman and Nicobar Islands,"PLFS Year (Jul - Jun), 2021",15-29,Rural+Urban,Person,24.7
India,Andaman and Nicobar Islands,"PLFS Year (Jul - Jun), 2021",15-59,Rural,Male,3.4
India,Andaman and Nicobar Islands,"PLFS Year (Jul - Jun), 2021",15-59,Rural,Female,10.5
India,Andaman and Nicobar Islands,"PLFS Year (Jul - Jun), 2021",15-59,Rural,Person,6.1
India,Andaman and Nicobar Islands,"PLFS Year (Jul - Jun), 2021",15-59,Urban,Male,5.7
India,Andaman and Nicobar Islands,"PLFS Year (Jul - Jun), 2021",15-59,Urban,Female,19.9
India,Andaman and Nicobar Islands,"PLFS Year (Jul - Jun), 2021",15-59,Urban,Person,10.2
India,Andaman and Nicobar Islands,"PLFS Year (Jul - Jun), 2021",15-59,Rural+Urban,Male,4.5
India,Andaman and Nicobar Islands,"PLFS Year (Jul - Jun), 2021",15-59,Rural+Urban,Female,14.5
India,Andaman and Nicobar Islands,"PLFS Year (Jul - Jun), 2021",15-59,Rural+Urban,Person,8.0
India,Andaman and Nicobar Islands,"PLFS Year (Jul - Jun), 2021",15 years and above,Rural,Male,3.2
India,Andaman and Nicobar Islands,"PLFS Year (Jul - Jun), 2021",15 years and above,Rural,Female,10.3
India,Andaman and Nicobar Islands,"PLFS Year (Jul - Jun), 2021",15 years and above,Rural,Person,5.9
India,Andaman and Nicobar Islands,"PLFS Year (Jul - Jun), 2021",15 years and above,Urban,Male,5.5
India,Andaman and Nicobar Islands,"PLFS Year (Jul - Jun), 2021",15 years and above,Urban,Female,19.2
India,Andaman and Nicobar Islands,"PLFS Year (Jul - Jun), 2021",15 years and above,Urban,Person,9.9
India,Andaman and Nicobar Islands,"PLFS Year (Jul - Jun), 2021",15 years and above,Rural+Urban,Male,4.3
India,Andaman and Nicobar Islands,"PLFS Year (Jul - Jun), 2021",15 years and above,Rural+Urban,Female,14.1
India,Andaman and Nicobar Islands,"PLFS Year (Jul - Jun), 2021",15 years and above,Rural+Urban,Person,7.8
India,Andaman and Nicobar Islands,"PLFS Year (Jul - Jun), 2021",all ages,Rural,Male,3.2
India,Andaman and Nicobar Islands,"PLFS Year (Jul - Jun), 2021",all ages,Rural,Female,10.3
India,Andaman and Nicobar Islands,"PLFS Year (Jul - Jun), 2021",all ages,Rural,Person,5.9
India,Andaman and Nicobar Islands,"PLFS Year (Jul - Jun), 2021",all ages,Urban,Male,5.5
India,Andaman and Nicobar Islands,"PLFS Year (Jul - Jun), 2021",all ages,Urban,Female,19.2
India,Andaman and Nicobar Islands,"PLFS Year (Jul - Jun), 2021",all ages,Urban,Person,9.9
India,Andaman and Nicobar Islands,"PLFS Year (Jul - Jun), 2021",all ages,Rural+Urban,Male,4.3
India,Andaman and Nicobar Islands,"PLFS Year (Jul - Jun), 2021",all ages,Rural+Urban,Female,14.1
India,Andaman and Nicobar Islands,"PLFS Year (Jul - Jun), 2021",all ages,Rural+Urban,Person,7.8
India,Andhra Pradesh,"PLFS Year (Jul - Jun), 2021",15-29,Rural,Male,14.1
India,Andhra Pradesh,"PLFS Year (Jul - Jun), 2021",15-29,Rural,Female,11.2
India,Andhra Pradesh,"PLFS Year (Jul - Jun), 2021",15-29,Rural,Person,13.2
India,Andhra Pradesh,"PLFS Year (Jul - Jun), 2021",15-29,Urban,Male,19.6
India,Andhra Pradesh,"PLFS Year (Jul - Jun), 2021",15-29,Urban,Female,25.3
India,Andhra Pradesh,"PLFS Year (Jul - Jun), 2021",15-29,Urban,Person,21.4
India,Andhra Pradesh,"PLFS Year (Jul - Jun), 2021",15-29,Rural+Urban,Male,15.6
India,Andhra Pradesh,"PLFS Year (Jul - Jun), 2021",15-29,Rural+Urban,Female,14.8
India,Andhra Pradesh,"PLFS Year (Jul - Jun), 2021",15-29,Rural+Urban,Person,15.3
India,Andhra Pradesh,"PLFS Year (Jul - Jun), 2021",15-59,Rural,Male,4.7
India,Andhra Pradesh,"PLFS Year (Jul - Jun), 2021",15-59,Rural,Female,2.7
India,Andhra Pradesh,"PLFS Year (Jul - Jun), 2021",15-59,Rural,Person,3.9
India,Andhra Pradesh,"PLFS Year (Jul - Jun), 2021",15-59,Urban,Male,6.4
India,Andhra Pradesh,"PLFS Year (Jul - Jun), 2021",15-59,Urban,Female,7.5
India,Andhra Pradesh,"PLFS Year (Jul - Jun), 2021",15-59,Urban,Person,6.7
India,Andhra Pradesh,"PLFS Year (Jul - Jun), 2021",15-59,Rural+Urban,Male,5.2
India,Andhra Pradesh,"PLFS Year (Jul - Jun), 2021",15-59,Rural+Urban,Female,3.7
India,Andhra Pradesh,"PLFS Year (Jul - Jun), 2021",15-59,Rural+Urban,Person,4.6
India,Andhra Pradesh,"PLFS Year (Jul - Jun), 2021",15 years and above,Rural,Male,4.1
India,Andhra Pradesh,"PLFS Year (Jul - Jun), 2021",15 years and above,Rural,Female,2.5
India,Andhra Pradesh,"PLFS Year (Jul - Jun), 2021",15 years and above,Rural,Person,3.5
India,Andhra Pradesh,"PLFS Year (Jul - Jun), 2021",15 years and above,Urban,Male,6.0
India,Andhra Pradesh,"PLFS Year (Jul - Jun), 2021",15 years and above,Urban,Female,7.2
India,Andhra Pradesh,"PLFS Year (Jul - Jun), 2021",15 years and above,Urban,Person,6.3
India,Andhra Pradesh,"PLFS Year (Jul - Jun), 2021",15 years and above,Rural+Urban,Male,4.6
India,Andhra Pradesh,"PLFS Year (Jul - Jun), 2021",15 years and above,Rural+Urban,Female,3.5
India,Andhra Pradesh,"PLFS Year (Jul - Jun), 2021",15 years and above,Rural+Urban,Person,4.2
India,Andhra Pradesh,"PLFS Year (Jul - Jun), 2021",all ages,Rural,Male,4.1
India,Andhra Pradesh,"PLFS Year (Jul - Jun), 2021",all ages,Rural,Female,2.5
India,Andhra Pradesh,"PLFS Year (Jul - Jun), 2021",all ages,Rural,Person,3.5
India,Andhra Pradesh,"PLFS Year (Jul - Jun), 2021",all ages,Urban,Male,6.0
India,Andhra Pradesh,"PLFS Year (Jul - Jun), 2021",all ages,Urban,Female,7.2
India,Andhra Pradesh,"PLFS Year (Jul - Jun), 2021",all ages,Urban,Person,6.3
India,Andhra Pradesh,"PLFS Year (Jul - Jun), 2021",all ages,Rural+Urban,Male,4.6
India,Andhra Pradesh,"PLFS Year (Jul - Jun), 2021",all ages,Rural+Urban,Female,3.5
India,Andhra Pradesh,"PLFS Year (Jul - Jun), 2021",all ages,Rural+Urban,Person,4.2
India,Arunachal Pradesh,"PLFS Year (Jul - Jun), 2021",15-29,Rural,Male,25.0
India,Arunachal Pradesh,"PLFS Year (Jul - Jun), 2021",15-29,Rural,Female,33.0
India,Arunachal Pradesh,"PLFS Year (Jul - Jun), 2021",15-29,Rural,Person,27.5
India,Arunachal Pradesh,"PLFS Year (Jul - Jun), 2021",15-29,Urban,Male,34.9
India,Arunachal Pradesh,"PLFS Year (Jul - Jun), 2021",15-29,Urban,Female,56.2
India,Arunachal Pradesh,"PLFS Year (Jul - Jun), 2021",15-29,Urban,Person,42.0
India,Arunachal Pradesh,"PLFS Year (Jul - Jun), 2021",15-29,Rural+Urban,Male,26.5
India,Arunachal Pradesh,"PLFS Year (Jul - Jun), 2021",15-29,Rural+Urban,Female,36.9
India,Arunachal Pradesh,"PLFS Year (Jul - Jun), 2021",15-29,Rural+Urban,Person,29.7
India,Arunachal Pradesh,"PLFS Year (Jul - Jun), 2021",15-59,Rural,Male,6.9
India,Arunachal Pradesh,"PLFS Year (Jul - Jun), 2021",15-59,Rural,Female,8.3
India,Arunachal Pradesh,"PLFS Year (Jul - Jun), 2021",15-59,Rural,Person,7.3
India,Arunachal Pradesh,"PLFS Year (Jul - Jun), 2021",15-59,Urban,Male,9.6
India,Arunachal Pradesh,"PLFS Year (Jul - Jun), 2021",15-59,Urban,Female,19.6
India,Arunachal Pradesh,"PLFS Year (Jul - Jun), 2021",15-59,Urban,Person,12.2
India,Arunachal Pradesh,"PLFS Year (Jul - Jun), 2021",15-59,Rural+Urban,Male,7.4
India,Arunachal Pradesh,"PLFS Year (Jul - Jun), 2021",15-59,Rural+Urban,Female,9.9
India,Arunachal Pradesh,"PLFS Year (Jul - Jun), 2021",15-59,Rural+Urban,Person,8.1
India,Arunachal Pradesh,"PLFS Year (Jul - Jun), 2021",15 years and above,Rural,Male,6.5
India,Arunachal Pradesh,"PLFS Year (Jul - Jun), 2021",15 years and above,Rural,Female,7.9
India,Arunachal Pradesh,"PLFS Year (Jul - Jun), 2021",15 years and above,Rural,Person,6.9
India,Arunachal Pradesh,"PLFS Year (Jul - Jun), 2021",15 years and above,Urban,Male,9.5
India,Arunachal Pradesh,"PLFS Year (Jul - Jun), 2021",15 years and above,Urban,Female,19.5
India,Arunachal Pradesh,"PLFS Year (Jul - Jun), 2021",15 years and above,Urban,Person,12.1
India,Arunachal Pradesh,"PLFS Year (Jul - Jun), 2021",15 years and above,Rural+Urban,Male,7.0
India,Arunachal Pradesh,"PLFS Year (Jul - Jun), 2021",15 years and above,Rural+Urban,Female,9.5
India,Arunachal Pradesh,"PLFS Year (Jul - Jun), 2021",15 years and above,Rural+Urban,Person,7.7
India,Arunachal Pradesh,"PLFS Year (Jul - Jun), 2021",all ages,Rural,Male,6.5
India,Arunachal Pradesh,"PLFS Year (Jul - Jun), 2021",all ages,Rural,Female,7.9
India,Arunachal Pradesh,"PLFS Year (Jul - Jun), 2021",all ages,Rural,Person,6.9
India,Arunachal Pradesh,"PLFS Year (Jul - Jun), 2021",all ages,Urban,Male,9.5
India,Arunachal Pradesh,"PLFS Year (Jul - Jun), 2021",all ages,Urban,Female,19.3
India,Arunachal Pradesh,"PLFS Year (Jul - Jun), 2021",all ages,Urban,Person,12.0
India,Arunachal Pradesh,"PLFS Year (Jul - Jun), 2021",all ages,Rural+Urban,Male,7.0
India,Arunachal Pradesh,"PLFS Year (Jul - Jun), 2021",all ages,Rural+Urban,Female,9.4
India,Arunachal Pradesh,"PLFS Year (Jul - Jun), 2021",all ages,Rural+Urban,Person,7.7
India,Assam,"PLFS Year (Jul - Jun), 2021",15-29,Rural,Male,10.5
India,Assam,"PLFS Year (Jul - Jun), 2021",15-29,Rural,Female,11.1
India,Assam,"PLFS Year (Jul - Jun), 2021",15-29,Rural,Person,10.6
India,Assam,"PLFS Year (Jul - Jun), 2021",15-29,Urban,Male,20.0
India,Assam,"PLFS Year (Jul - Jun), 2021",15-29,Urban,Female,48.3
India,Assam,"PLFS Year (Jul - Jun), 2021",15-29,Urban,Person,27.7
India,Assam,"PLFS Year (Jul - Jun), 2021",15-29,Rural+Urban,Male,11.4
India,Assam,"PLFS Year (Jul - Jun), 2021",15-29,Rural+Urban,Female,15.0
India,Assam,"PLFS Year (Jul - Jun), 2021",15-29,Rural+Urban,Person,12.4
India,Assam,"PLFS Year (Jul - Jun), 2021",15-59,Rural,Male,3.3
India,Assam,"PLFS Year (Jul - Jun), 2021",15-59,Rural,Female,3.7
India,Assam,"PLFS Year (Jul - Jun), 2021",15-59,Rural,Person,3.4
India,Assam,"PLFS Year (Jul - Jun), 2021",15-59,Urban,Male,6.8
India,Assam,"PLFS Year (Jul - Jun), 2021",15-59,Urban,Female,19.9
India,Assam,"PLFS Year (Jul - Jun), 2021",15-59,Urban,Person,9.9
India,Assam,"PLFS Year (Jul - Jun), 2021",15-59,Rural+Urban,Male,3.7
India,Assam,"PLFS Year (Jul - Jun), 2021",15-59,Rural+Urban,Female,5.2
India,Assam,"PLFS Year (Jul - Jun), 2021",15-59,Rural+Urban,Person,4.1
India,Assam,"PLFS Year (Jul - Jun), 2021",15 years and above,Rural,Male,3.1
India,Assam,"PLFS Year (Jul - Jun), 2021",15 years and above,Rural,Female,3.5
India,Assam,"PLFS Year (Jul - Jun), 2021",15 years and above,Rural,Person,3.2
India,Assam,"PLFS Year (Jul - Jun), 2021",15 years and above,Urban,Male,6.4
India,Assam,"PLFS Year (Jul - Jun), 2021",15 years and above,Urban,Female,19.6
India,Assam,"PLFS Year (Jul - Jun), 2021",15 years and above,Urban,Person,9.4
India,Assam,"PLFS Year (Jul - Jun), 2021",15 years and above,Rural+Urban,Male,3.5
India,Assam,"PLFS Year (Jul - Jun), 2021",15 years and above,Rural+Urban,Female,5.0
India,Assam,"PLFS Year (Jul - Jun), 2021",15 years and above,Rural+Urban,Person,3.9
India,Assam,"PLFS Year (Jul - Jun), 2021",all ages,Rural,Male,3.1
India,Assam,"PLFS Year (Jul - Jun), 2021",all ages,Rural,Female,3.5
India,Assam,"PLFS Year (Jul - Jun), 2021",all ages,Rural,Person,3.2
India,Assam,"PLFS Year (Jul - Jun), 2021",all ages,Urban,Male,6.4
India,Assam,"PLFS Year (Jul - Jun), 2021",all ages,Urban,Female,19.6
India,Assam,"PLFS Year (Jul - Jun), 2021",all ages,Urban,Person,9.4
India,Assam,"PLFS Year (Jul - Jun), 2021",all ages,Rural+Urban,Male,3.5
India,Assam,"PLFS Year (Jul - Jun), 2021",all ages,Rural+Urban,Female,4.9
India,Assam,"PLFS Year (Jul - Jun), 2021",all ages,Rural+Urban,Person,3.8
India,Bihar,"PLFS Year (Jul - Jun), 2021",15-29,Rural,Male,19.8
India,Bihar,"PLFS Year (Jul - Jun), 2021",15-29,Rural,Female,11.7
India,Bihar,"PLFS Year (Jul - Jun), 2021",15-29,Rural,Person,19.2
India,Bihar,"PLFS Year (Jul - Jun), 2021",15-29,Urban,Male,27.3
India,Bihar,"PLFS Year (Jul - Jun), 2021",15-29,Urban,Female,32.6
India,Bihar,"PLFS Year (Jul - Jun), 2021",15-29,Urban,Person,27.9
India,Bihar,"PLFS Year (Jul - Jun), 2021",15-29,Rural+Urban,Male,20.5
India,Bihar,"PLFS Year (Jul - Jun), 2021",15-29,Rural+Urban,Female,15.3
India,Bihar,"PLFS Year (Jul - Jun), 2021",15-29,Rural+Urban,Person,20.1
India,Bihar,"PLFS Year (Jul - Jun), 2021",15-59,Rural,Male,6.7
India,Bihar,"PLFS Year (Jul - Jun), 2021",15-59,Rural,Female,2.0
India,Bihar,"PLFS Year (Jul - Jun), 2021",15-59,Rural,Person,6.1
India,Bihar,"PLFS Year (Jul - Jun), 2021",15-59,Urban,Male,10.7
India,Bihar,"PLFS Year (Jul - Jun), 2021",15-59,Urban,Female,13.5
India,Bihar,"PLFS Year (Jul - Jun), 2021",15-59,Urban,Person,11.1
India,Bihar,"PLFS Year (Jul - Jun), 2021",15-59,Rural+Urban,Male,7.0
India,Bihar,"PLFS Year (Jul - Jun), 2021",15-59,Rural+Urban,Female,3.0
India,Bihar,"PLFS Year (Jul - Jun), 2021",15-59,Rural+Urban,Person,6.5
India,Bihar,"PLFS Year (Jul - Jun), 2021",15 years and above,Rural,Male,6.0
India,Bihar,"PLFS Year (Jul - Jun), 2021",15 years and above,Rural,Female,1.8
India,Bihar,"PLFS Year (Jul - Jun), 2021",15 years and above,Rural,Person,5.5
India,Bihar,"PLFS Year (Jul - Jun), 2021",15 years and above,Urban,Male,10.0
India,Bihar,"PLFS Year (Jul - Jun), 2021",15 years and above,Urban,Female,12.8
India,Bihar,"PLFS Year (Jul - Jun), 2021",15 years and above,Urban,Person,10.3
India,Bihar,"PLFS Year (Jul - Jun), 2021",15 years and above,Rural+Urban,Male,6.4
India,Bihar,"PLFS Year (Jul - Jun), 2021",15 years and above,Rural+Urban,Female,2.8
India,Bihar,"PLFS Year (Jul - Jun), 2021",15 years and above,Rural+Urban,Person,5.9
India,Bihar,"PLFS Year (Jul - Jun), 2021",all ages,Rural,Male,6.0
India,Bihar,"PLFS Year (Jul - Jun), 2021",all ages,Rural,Female,1.8
India,Bihar,"PLFS Year (Jul - Jun), 2021",all ages,Rural,Person,5.5
India,Bihar,"PLFS Year (Jul - Jun), 2021",all ages,Urban,Male,10.0
India,Bihar,"PLFS Year (Jul - Jun), 2021",all ages,Urban,Female,12.8
India,Bihar,"PLFS Year (Jul - Jun), 2021",all ages,Urban,Person,10.3
India,Bihar,"PLFS Year (Jul - Jun), 2021",all ages,Rural+Urban,Male,6.4
India,Bihar,"PLFS Year (Jul - Jun), 2021",all ages,Rural+Urban,Female,2.8
India,Bihar,"PLFS Year (Jul - Jun), 2021",all ages,Rural+Urban,Person,6.0
India,Chandigarh,"PLFS Year (Jul - Jun), 2021",15-29,Rural,Male,13.9
India,Chandigarh,"PLFS Year (Jul - Jun), 2021",15-29,Rural,Female,1.8
India,Chandigarh,"PLFS Year (Jul - Jun), 2021",15-29,Rural,Person,11.3
India,Chandigarh,"PLFS Year (Jul - Jun), 2021",15-29,Urban,Male,15.9
India,Chandigarh,"PLFS Year (Jul - Jun), 2021",15-29,Urban,Female,21.4
India,Chandigarh,"PLFS Year (Jul - Jun), 2021",15-29,Urban,Person,17.0
India,Chandigarh,"PLFS Year (Jul - Jun), 2021",15-29,Rural+Urban,Male,15.8
India,Chandigarh,"PLFS Year (Jul - Jun), 2021",15-29,Rural+Urban,Female,19.9
India,Chandigarh,"PLFS Year (Jul - Jun), 2021",15-29,Rural+Urban,Person,16.6
India,Chandigarh,"PLFS Year (Jul - Jun), 2021",15-59,Rural,Male,6.0
India,Chandigarh,"PLFS Year (Jul - Jun), 2021",15-59,Rural,Female,1.0
India,Chandigarh,"PLFS Year (Jul - Jun), 2021",15-59,Rural,Person,5.2
India,Chandigarh,"PLFS Year (Jul - Jun), 2021",15-59,Urban,Male,6.2
India,Chandigarh,"PLFS Year (Jul - Jun), 2021",15-59,Urban,Female,8.3
India,Chandigarh,"PLFS Year (Jul - Jun), 2021",15-59,Urban,Person,6.6
India,Chandigarh,"PLFS Year (Jul - Jun), 2021",15-59,Rural+Urban,Male,6.2
India,Chandigarh,"PLFS Year (Jul - Jun), 2021",15-59,Rural+Urban,Female,8.0
India,Chandigarh,"PLFS Year (Jul - Jun), 2021",15-59,Rural+Urban,Person,6.5
India,Chandigarh,"PLFS Year (Jul - Jun), 2021",15 years and above,Rural,Male,5.7
India,Chandigarh,"PLFS Year (Jul - Jun), 2021",15 years and above,Rural,Female,1.0
India,Chandigarh,"PLFS Year (Jul - Jun), 2021",15 years and above,Rural,Person,5.0
India,Chandigarh,"PLFS Year (Jul - Jun), 2021",15 years and above,Urban,Male,5.9
India,Chandigarh,"PLFS Year (Jul - Jun), 2021",15 years and above,Urban,Female,8.3
India,Chandigarh,"PLFS Year (Jul - Jun), 2021",15 years and above,Urban,Person,6.3
India,Chandigarh,"PLFS Year (Jul - Jun), 2021",15 years and above,Rural+Urban,Male,5.9
India,Chandigarh,"PLFS Year (Jul - Jun), 2021",15 years and above,Rural+Urban,Female,8.0
India,Chandigarh,"PLFS Year (Jul - Jun), 2021",15 years and above,Rural+Urban,Person,6.3
India,Chandigarh,"PLFS Year (Jul - Jun), 2021",all ages,Rural,Male,5.7
India,Chandigarh,"PLFS Year (Jul - Jun), 2021",all ages,Rural,Female,1.0
India,Chandigarh,"PLFS Year (Jul - Jun), 2021",all ages,Rural,Person,5.0
India,Chandigarh,"PLFS Year (Jul - Jun), 2021",all ages,Urban,Male,5.9
India,Chandigarh,"PLFS Year (Jul - Jun), 2021",all ages,Urban,Female,8.2
India,Chandigarh,"PLFS Year (Jul - Jun), 2021",all ages,Urban,Person,6.3
India,Chandigarh,"PLFS Year (Jul - Jun), 2021",all ages,Rural+Urban,Male,5.9
India,Chandigarh,"PLFS Year (Jul - Jun), 2021",all ages,Rural+Urban,Female,7.9
India,Chandigarh,"PLFS Year (Jul - Jun), 2021",all ages,Rural+Urban,Person,6.3
India,Chhattisgarh,"PLFS Year (Jul - Jun), 2021",15-29,Rural,Male,5.5
India,Chhattisgarh,"PLFS Year (Jul - Jun), 2021",15-29,Rural,Female,3.1
India,Chhattisgarh,"PLFS Year (Jul - Jun), 2021",15-29,Rural,Person,4.6
India,Chhattisgarh,"PLFS Year (Jul - Jun), 2021",15-29,Urban,Male,16.5
India,Chhattisgarh,"PLFS Year (Jul - Jun), 2021",15-29,Urban,Female,22.2
India,Chhattisgarh,"PLFS Year (Jul - Jun), 2021",15-29,Urban,Person,18.0
India,Chhattisgarh,"PLFS Year (Jul - Jun), 2021",15-29,Rural+Urban,Male,7.6
India,Chhattisgarh,"PLFS Year (Jul - Jun), 2021",15-29,Rural+Urban,Female,5.4
India,Chhattisgarh,"PLFS Year (Jul - Jun), 2021",15-29,Rural+Urban,Person,6.7
India,Chhattisgarh,"PLFS Year (Jul - Jun), 2021",15-59,Rural,Male,2.1
India,Chhattisgarh,"PLFS Year (Jul - Jun), 2021",15-59,Rural,Female,0.9
India,Chhattisgarh,"PLFS Year (Jul - Jun), 2021",15-59,Rural,Person,1.6
India,Chhattisgarh,"PLFS Year (Jul - Jun), 2021",15-59,Urban,Male,7.0
India,Chhattisgarh,"PLFS Year (Jul - Jun), 2021",15-59,Urban,Female,9.1
India,Chhattisgarh,"PLFS Year (Jul - Jun), 2021",15-59,Urban,Person,7.6
India,Chhattisgarh,"PLFS Year (Jul - Jun), 2021",15-59,Rural+Urban,Male,3.0
India,Chhattisgarh,"PLFS Year (Jul - Jun), 2021",15-59,Rural+Urban,Female,1.9
India,Chhattisgarh,"PLFS Year (Jul - Jun), 2021",15-59,Rural+Urban,Person,2.6
India,Chhattisgarh,"PLFS Year (Jul - Jun), 2021",15 years and above,Rural,Male,1.9
India,Chhattisgarh,"PLFS Year (Jul - Jun), 2021",15 years and above,Rural,Female,0.8
India,Chhattisgarh,"PLFS Year (Jul - Jun), 2021",15 years and above,Rural,Person,1.5
India,Chhattisgarh,"PLFS Year (Jul - Jun), 2021",15 years and above,Urban,Male,6.6
India,Chhattisgarh,"PLFS Year (Jul - Jun), 2021",15 years and above,Urban,Female,8.8
India,Chhattisgarh,"PLFS Year (Jul - Jun), 2021",15 years and above,Urban,Person,7.2
India,Chhattisgarh,"PLFS Year (Jul - Jun), 2021",15 years and above,Rural+Urban,Male,2.8
India,Chhattisgarh,"PLFS Year (Jul - Jun), 2021",15 years and above,Rural+Urban,Female,1.8
India,Chhattisgarh,"PLFS Year (Jul - Jun), 2021",15 years and above,Rural+Urban,Person,2.4
India,Chhattisgarh,"PLFS Year (Jul - Jun), 2021",all ages,Rural,Male,1.9
India,Chhattisgarh,"PLFS Year (Jul - Jun), 2021",all ages,Rural,Female,1.2
India,Chhattisgarh,"PLFS Year (Jul - Jun), 2021",all ages,Rural,Person,1.6
India,Chhattisgarh,"PLFS Year (Jul - Jun), 2021",all ages,Urban,Male,6.6
India,Chhattisgarh,"PLFS Year (Jul - Jun), 2021",all ages,Urban,Female,8.7
India,Chhattisgarh,"PLFS Year (Jul - Jun), 2021",all ages,Urban,Person,7.2
India,Chhattisgarh,"PLFS Year (Jul - Jun), 2021",all ages,Rural+Urban,Male,2.8
India,Chhattisgarh,"PLFS Year (Jul - Jun), 2021",all ages,Rural+Urban,Female,2.1
India,Chhattisgarh,"PLFS Year (Jul - Jun), 2021",all ages,Rural+Urban,Person,2.5
India,Delhi,"PLFS Year (Jul - Jun), 2021",15-29,Rural,Male,10.1
India,Delhi,"PLFS Year (Jul - Jun), 2021",15-29,Rural,Female,0.0
India,Delhi,"PLFS Year (Jul - Jun), 2021",15-29,Rural,Person,9.1
India,Delhi,"PLFS Year (Jul - Jun), 2021",15-29,Urban,Male,9.7
India,Delhi,"PLFS Year (Jul - Jun), 2021",15-29,Urban,Female,11.4
India,Delhi,"PLFS Year (Jul - Jun), 2021",15-29,Urban,Person,10.0
India,Delhi,"PLFS Year (Jul - Jun), 2021",15-29,Rural+Urban,Male,9.7
India,Delhi,"PLFS Year (Jul - Jun), 2021",15-29,Rural+Urban,Female,11.0
India,Delhi,"PLFS Year (Jul - Jun), 2021",15-29,Rural+Urban,Person,9.9
India,Delhi,"PLFS Year (Jul - Jun), 2021",15-59,Rural,Male,4.3
India,Delhi,"PLFS Year (Jul - Jun), 2021",15-59,Rural,Female,0.0
India,Delhi,"PLFS Year (Jul - Jun), 2021",15-59,Rural,Person,3.9
India,Delhi,"PLFS Year (Jul - Jun), 2021",15-59,Urban,Male,5.3
India,Delhi,"PLFS Year (Jul - Jun), 2021",15-59,Urban,Female,6.2
India,Delhi,"PLFS Year (Jul - Jun), 2021",15-59,Urban,Person,5.4
India,Delhi,"PLFS Year (Jul - Jun), 2021",15-59,Rural+Urban,Male,5.3
India,Delhi,"PLFS Year (Jul - Jun), 2021",15-59,Rural+Urban,Female,6.0
India,Delhi,"PLFS Year (Jul - Jun), 2021",15-59,Rural+Urban,Person,5.4
India,Delhi,"PLFS Year (Jul - Jun), 2021",15 years and above,Rural,Male,4.3
India,Delhi,"PLFS Year (Jul - Jun), 2021",15 years and above,Rural,Female,0.0
India,Delhi,"PLFS Year (Jul - Jun), 2021",15 years and above,Rural,Person,3.9
India,Delhi,"PLFS Year (Jul - Jun), 2021",15 years and above,Urban,Male,5.2
India,Delhi,"PLFS Year (Jul - Jun), 2021",15 years and above,Urban,Female,6.2
India,Delhi,"PLFS Year (Jul - Jun), 2021",15 years and above,Urban,Person,5.3
India,Delhi,"PLFS Year (Jul - Jun), 2021",15 years and above,Rural+Urban,Male,5.1
India,Delhi,"PLFS Year (Jul - Jun), 2021",15 years and above,Rural+Urban,Female,6.0
India,Delhi,"PLFS Year (Jul - Jun), 2021",15 years and above,Rural+Urban,Person,5.3
India,Delhi,"PLFS Year (Jul - Jun), 2021",all ages,Rural,Male,4.3
India,Delhi,"PLFS Year (Jul - Jun), 2021",all ages,Rural,Female,0.0
India,Delhi,"PLFS Year (Jul - Jun), 2021",all ages,Rural,Person,3.9
India,Delhi,"PLFS Year (Jul - Jun), 2021",all ages,Urban,Male,5.2
India,Delhi,"PLFS Year (Jul - Jun), 2021",all ages,Urban,Female,6.2
India,Delhi,"PLFS Year (Jul - Jun), 2021",all ages,Urban,Person,5.3
India,Delhi,"PLFS Year (Jul - Jun), 2021",all ages,Rural+Urban,Male,5.1
India,Delhi,"PLFS Year (Jul - Jun), 2021",all ages,Rural+Urban,Female,6.0
India,Delhi,"PLFS Year (Jul - Jun), 2021",all ages,Rural+Urban,Person,5.3
India,Goa,"PLFS Year (Jul - Jun), 2021",15-29,Rural,Male,28.6
India,Goa,"PLFS Year (Jul - Jun), 2021",15-29,Rural,Female,43.3
India,Goa,"PLFS Year (Jul - Jun), 2021",15-29,Rural,Person,33.6
India,Goa,"PLFS Year (Jul - Jun), 2021",15-29,Urban,Male,20.4
India,Goa,"PLFS Year (Jul - Jun), 2021",15-29,Urban,Female,50.7
India,Goa,"PLFS Year (Jul - Jun), 2021",15-29,Urban,Person,28.2
India,Goa,"PLFS Year (Jul - Jun), 2021",15-29,Rural+Urban,Male,23.6
India,Goa,"PLFS Year (Jul - Jun), 2021",15-29,Rural+Urban,Female,47.1
India,Goa,"PLFS Year (Jul - Jun), 2021",15-29,Rural+Urban,Person,30.5
India,Goa,"PLFS Year (Jul - Jun), 2021",15-59,Rural,Male,11.2
India,Goa,"PLFS Year (Jul - Jun), 2021",15-59,Rural,Female,19.4
India,Goa,"PLFS Year (Jul - Jun), 2021",15-59,Rural,Person,13.0
India,Goa,"PLFS Year (Jul - Jun), 2021",15-59,Urban,Male,9.6
India,Goa,"PLFS Year (Jul - Jun), 2021",15-59,Urban,Female,20.3
India,Goa,"PLFS Year (Jul - Jun), 2021",15-59,Urban,Person,12.1
India,Goa,"PLFS Year (Jul - Jun), 2021",15-59,Rural+Urban,Male,10.3
India,Goa,"PLFS Year (Jul - Jun), 2021",15-59,Rural+Urban,Female,20.0
India,Goa,"PLFS Year (Jul - Jun), 2021",15-59,Rural+Urban,Person,12.4
India,Goa,"PLFS Year (Jul - Jun), 2021",15 years and above,Rural,Male,10.7
India,Goa,"PLFS Year (Jul - Jun), 2021",15 years and above,Rural,Female,19.0
India,Goa,"PLFS Year (Jul - Jun), 2021",15 years and above,Rural,Person,12.5
India,Goa,"PLFS Year (Jul - Jun), 2021",15 years and above,Urban,Male,9.3
India,Goa,"PLFS Year (Jul - Jun), 2021",15 years and above,Urban,Female,20.1
India,Goa,"PLFS Year (Jul - Jun), 2021",15 years and above,Urban,Person,11.7
India,Goa,"PLFS Year (Jul - Jun), 2021",15 years and above,Rural+Urban,Male,9.9
India,Goa,"PLFS Year (Jul - Jun), 2021",15 years and above,Rural+Urban,Female,19.7
India,Goa,"PLFS Year (Jul - Jun), 2021",15 years and above,Rural+Urban,Person,12.0
India,Goa,"PLFS Year (Jul - Jun), 2021",all ages,Rural,Male,10.7
India,Goa,"PLFS Year (Jul - Jun), 2021",all ages,Rural,Female,19.0
India,Goa,"PLFS Year (Jul - Jun), 2021",all ages,Rural,Person,12.5
India,Goa,"PLFS Year (Jul - Jun), 2021",all ages,Urban,Male,9.2
India,Goa,"PLFS Year (Jul - Jun), 2021",all ages,Urban,Female,20.1
India,Goa,"PLFS Year (Jul - Jun), 2021",all ages,Urban,Person,11.6
India,Goa,"PLFS Year (Jul - Jun), 2021",all ages,Rural+Urban,Male,9.8
India,Goa,"PLFS Year (Jul - Jun), 2021",all ages,Rural+Urban,Female,19.7
India,Goa,"PLFS Year (Jul - Jun), 2021",all ages,Rural+Urban,Person,12.0
India,Gujarat,"PLFS Year (Jul - Jun), 2021",15-29,Rural,Male,5.3
India,Gujarat,"PLFS Year (Jul - Jun), 2021",15-29,Rural,Female,2.3
India,Gujarat,"PLFS Year (Jul - Jun), 2021",15-29,Rural,Person,4.4
India,Gujarat,"PLFS Year (Jul - Jun), 2021",15-29,Urban,Male,7.5
India,Gujarat,"PLFS Year (Jul - Jun), 2021",15-29,Urban,Female,6.2
India,Gujarat,"PLFS Year (Jul - Jun), 2021",15-29,Urban,Person,7.3
India,Gujarat,"PLFS Year (Jul - Jun), 2021",15-29,Rural+Urban,Male,6.3
India,Gujarat,"PLFS Year (Jul - Jun), 2021",15-29,Rural+Urban,Female,3.5
India,Gujarat,"PLFS Year (Jul - Jun), 2021",15-29,Rural+Urban,Person,5.6
India,Gujarat,"PLFS Year (Jul - Jun), 2021",15-59,Rural,Male,2.1
India,Gujarat,"PLFS Year (Jul - Jun), 2021",15-59,Rural,Female,0.7
India,Gujarat,"PLFS Year (Jul - Jun), 2021",15-59,Rural,Person,1.6
India,Gujarat,"PLFS Year (Jul - Jun), 2021",15-59,Urban,Male,3.0
India,Gujarat,"PLFS Year (Jul - Jun), 2021",15-59,Urban,Female,2.9
India,Gujarat,"PLFS Year (Jul - Jun), 2021",15-59,Urban,Person,3.0
India,Gujarat,"PLFS Year (Jul - Jun), 2021",15-59,Rural+Urban,Male,2.5
India,Gujarat,"PLFS Year (Jul - Jun), 2021",15-59,Rural+Urban,Female,1.3
India,Gujarat,"PLFS Year (Jul - Jun), 2021",15-59,Rural+Urban,Person,2.1
India,Gujarat,"PLFS Year (Jul - Jun), 2021",15 years and above,Rural,Male,1.9
India,Gujarat,"PLFS Year (Jul - Jun), 2021",15 years and above,Rural,Female,0.7
India,Gujarat,"PLFS Year (Jul - Jun), 2021",15 years and above,Rural,Person,1.5
India,Gujarat,"PLFS Year (Jul - Jun), 2021",15 years and above,Urban,Male,2.8
India,Gujarat,"PLFS Year (Jul - Jun), 2021",15 years and above,Urban,Female,2.9
India,Gujarat,"PLFS Year (Jul - Jun), 2021",15 years and above,Urban,Person,2.8
India,Gujarat,"PLFS Year (Jul - Jun), 2021",15 years and above,Rural+Urban,Male,2.3
India,Gujarat,"PLFS Year (Jul - Jun), 2021",15 years and above,Rural+Urban,Female,1.3
India,Gujarat,"PLFS Year (Jul - Jun), 2021",15 years and above,Rural+Urban,Person,2.0
India,Gujarat,"PLFS Year (Jul - Jun), 2021",all ages,Rural,Male,1.9
India,Gujarat,"PLFS Year (Jul - Jun), 2021",all ages,Rural,Female,0.7
India,Gujarat,"PLFS Year (Jul - Jun), 2021",all ages,Rural,Person,1.5
India,Gujarat,"PLFS Year (Jul - Jun), 2021",all ages,Urban,Male,2.8
India,Gujarat,"PLFS Year (Jul - Jun), 2021",all ages,Urban,Female,2.9
India,Gujarat,"PLFS Year (Jul - Jun), 2021",all ages,Urban,Person,2.8
India,Gujarat,"PLFS Year (Jul - Jun), 2021",all ages,Rural+Urban,Male,2.3
India,Gujarat,"PLFS Year (Jul - Jun), 2021",all ages,Rural+Urban,Female,1.3
India,Gujarat,"PLFS Year (Jul - Jun), 2021",all ages,Rural+Urban,Person,2.0
India,Haryana,"PLFS Year (Jul - Jun), 2021",15-29,Rural,Male,22.5
India,Haryana,"PLFS Year (Jul - Jun), 2021",15-29,Rural,Female,33.5
India,Haryana,"PLFS Year (Jul - Jun), 2021",15-29,Rural,Person,24.1
India,Haryana,"PLFS Year (Jul - Jun), 2021",15-29,Urban,Male,19.9
India,Haryana,"PLFS Year (Jul - Jun), 2021",15-29,Urban,Female,29.7
India,Haryana,"PLFS Year (Jul - Jun), 2021",15-29,Urban,Person,21.7
India,Haryana,"PLFS Year (Jul - Jun), 2021",15-29,Rural+Urban,Male,21.6
India,Haryana,"PLFS Year (Jul - Jun), 2021",15-29,Rural+Urban,Female,32.0
India,Haryana,"PLFS Year (Jul - Jun), 2021",15-29,Rural+Urban,Person,23.3
India,Haryana,"PLFS Year (Jul - Jun), 2021",15-59,Rural,Male,9.5
India,Haryana,"PLFS Year (Jul - Jun), 2021",15-59,Rural,Female,9.2
India,Haryana,"PLFS Year (Jul - Jun), 2021",15-59,Rural,Person,9.5
India,Haryana,"PLFS Year (Jul - Jun), 2021",15-59,Urban,Male,8.9
India,Haryana,"PLFS Year (Jul - Jun), 2021",15-59,Urban,Female,9.7
India,Haryana,"PLFS Year (Jul - Jun), 2021",15-59,Urban,Person,9.0
India,Haryana,"PLFS Year (Jul - Jun), 2021",15-59,Rural+Urban,Male,9.3
India,Haryana,"PLFS Year (Jul - Jun), 2021",15-59,Rural+Urban,Female,9.4
India,Haryana,"PLFS Year (Jul - Jun), 2021",15-59,Rural+Urban,Person,9.3
India,Haryana,"PLFS Year (Jul - Jun), 2021",15 years and above,Rural,Male,9.1
India,Haryana,"PLFS Year (Jul - Jun), 2021",15 years and above,Rural,Female,8.8
India,Haryana,"PLFS Year (Jul - Jun), 2021",15 years and above,Rural,Person,9.0
India,Haryana,"PLFS Year (Jul - Jun), 2021",15 years and above,Urban,Male,8.7
India,Haryana,"PLFS Year (Jul - Jun), 2021",15 years and above,Urban,Female,9.5
India,Haryana,"PLFS Year (Jul - Jun), 2021",15 years and above,Urban,Person,8.9
India,Haryana,"PLFS Year (Jul - Jun), 2021",15 years and above,Rural+Urban,Male,8.9
India,Haryana,"PLFS Year (Jul - Jun), 2021",15 years and above,Rural+Urban,Female,9.1
India,Haryana,"PLFS Year (Jul - Jun), 2021",15 years and above,Rural+Urban,Person,9.0
India,Haryana,"PLFS Year (Jul - Jun), 2021",all ages,Rural,Male,9.1
India,Haryana,"PLFS Year (Jul - Jun), 2021",all ages,Rural,Female,8.8
India,Haryana,"PLFS Year (Jul - Jun), 2021",all ages,Rural,Person,9.0
India,Haryana,"PLFS Year (Jul - Jun), 2021",all ages,Urban,Male,8.7
India,Haryana,"PLFS Year (Jul - Jun), 2021",all ages,Urban,Female,9.4
India,Haryana,"PLFS Year (Jul - Jun), 2021",all ages,Urban,Person,8.9
India,Haryana,"PLFS Year (Jul - Jun), 2021",all ages,Rural+Urban,Male,8.9
India,Haryana,"PLFS Year (Jul - Jun), 2021",all ages,Rural+Urban,Female,9.1
India,Haryana,"PLFS Year (Jul - Jun), 2021",all ages,Rural+Urban,Person,9.0
India,Himachal Pradesh,"PLFS Year (Jul - Jun), 2021",15-29,Rural,Male,15.0
India,Himachal Pradesh,"PLFS Year (Jul - Jun), 2021",15-29,Rural,Female,7.4
India,Himachal Pradesh,"PLFS Year (Jul - Jun), 2021",15-29,Rural,Person,11.8
India,Himachal Pradesh,"PLFS Year (Jul - Jun), 2021",15-29,Urban,Male,15.7
India,Himachal Pradesh,"PLFS Year (Jul - Jun), 2021",15-29,Urban,Female,40.0
India,Himachal Pradesh,"PLFS Year (Jul - Jun), 2021",15-29,Urban,Person,23.1
India,Himachal Pradesh,"PLFS Year (Jul - Jun), 2021",15-29,Rural+Urban,Male,15.1
India,Himachal Pradesh,"PLFS Year (Jul - Jun), 2021",15-29,Rural+Urban,Female,9.5
India,Himachal Pradesh,"PLFS Year (Jul - Jun), 2021",15-29,Rural+Urban,Person,12.8
India,Himachal Pradesh,"PLFS Year (Jul - Jun), 2021",15-59,Rural,Male,5.3
India,Himachal Pradesh,"PLFS Year (Jul - Jun), 2021",15-59,Rural,Female,2.9
India,Himachal Pradesh,"PLFS Year (Jul - Jun), 2021",15-59,Rural,Person,4.2
India,Himachal Pradesh,"PLFS Year (Jul - Jun), 2021",15-59,Urban,Male,5.2
India,Himachal Pradesh,"PLFS Year (Jul - Jun), 2021",15-59,Urban,Female,17.7
India,Himachal Pradesh,"PLFS Year (Jul - Jun), 2021",15-59,Urban,Person,9.0
India,Himachal Pradesh,"PLFS Year (Jul - Jun), 2021",15-59,Rural+Urban,Male,5.3
India,Himachal Pradesh,"PLFS Year (Jul - Jun), 2021",15-59,Rural+Urban,Female,3.8
India,Himachal Pradesh,"PLFS Year (Jul - Jun), 2021",15-59,Rural+Urban,Person,4.6
India,Himachal Pradesh,"PLFS Year (Jul - Jun), 2021",15 years and above,Rural,Male,4.5
India,Himachal Pradesh,"PLFS Year (Jul - Jun), 2021",15 years and above,Rural,Female,2.6
India,Himachal Pradesh,"PLFS Year (Jul - Jun), 2021",15 years and above,Rural,Person,3.6
India,Himachal Pradesh,"PLFS Year (Jul - Jun), 2021",15 years and above,Urban,Male,4.9
India,Himachal Pradesh,"PLFS Year (Jul - Jun), 2021",15 years and above,Urban,Female,17.3
India,Himachal Pradesh,"PLFS Year (Jul - Jun), 2021",15 years and above,Urban,Person,8.7
India,Himachal Pradesh,"PLFS Year (Jul - Jun), 2021",15 years and above,Rural+Urban,Male,4.6
India,Himachal Pradesh,"PLFS Year (Jul - Jun), 2021",15 years and above,Rural+Urban,Female,3.4
India,Himachal Pradesh,"PLFS Year (Jul - Jun), 2021",15 years and above,Rural+Urban,Person,4.0
India,Himachal Pradesh,"PLFS Year (Jul - Jun), 2021",all ages,Rural,Male,4.5
India,Himachal Pradesh,"PLFS Year (Jul - Jun), 2021",all ages,Rural,Female,2.6
India,Himachal Pradesh,"PLFS Year (Jul - Jun), 2021",all ages,Rural,Person,3.6
India,Himachal Pradesh,"PLFS Year (Jul - Jun), 2021",all ages,Urban,Male,4.9
India,Himachal Pradesh,"PLFS Year (Jul - Jun), 2021",all ages,Urban,Female,17.3
India,Himachal Pradesh,"PLFS Year (Jul - Jun), 2021",all ages,Urban,Person,8.7
India,Himachal Pradesh,"PLFS Year (Jul - Jun), 2021",all ages,Rural+Urban,Male,4.6
India,Himachal Pradesh,"PLFS Year (Jul - Jun), 2021",all ages,Rural+Urban,Female,3.4
India,Himachal Pradesh,"PLFS Year (Jul - Jun), 2021",all ages,Rural+Urban,Person,4.0
India,Jammu and Kashmir,"PLFS Year (Jul - Jun), 2021",15-29,Rural,Male,8.1
India,Jammu and Kashmir,"PLFS Year (Jul - Jun), 2021",15-29,Rural,Female,16.8
India,Jammu and Kashmir,"PLFS Year (Jul - Jun), 2021",15-29,Rural,Person,11.2
India,Jammu and Kashmir,"PLFS Year (Jul - Jun), 2021",15-29,Urban,Male,23.3
India,Jammu and Kashmir,"PLFS Year (Jul - Jun), 2021",15-29,Urban,Female,39.7
India,Jammu and Kashmir,"PLFS Year (Jul - Jun), 2021",15-29,Urban,Person,29.0
India,Jammu and Kashmir,"PLFS Year (Jul - Jun), 2021",15-29,Rural+Urban,Male,10.9
India,Jammu and Kashmir,"PLFS Year (Jul - Jun), 2021",15-29,Rural+Urban,Female,20.8
India,Jammu and Kashmir,"PLFS Year (Jul - Jun), 2021",15-29,Rural+Urban,Person,14.4
India,Jammu and Kashmir,"PLFS Year (Jul - Jun), 2021",15-59,Rural,Male,2.7
India,Jammu and Kashmir,"PLFS Year (Jul - Jun), 2021",15-59,Rural,Female,6.2
India,Jammu and Kashmir,"PLFS Year (Jul - Jun), 2021",15-59,Rural,Person,4.0
India,Jammu and Kashmir,"PLFS Year (Jul - Jun), 2021",15-59,Urban,Male,8.3
India,Jammu and Kashmir,"PLFS Year (Jul - Jun), 2021",15-59,Urban,Female,26.6
India,Jammu and Kashmir,"PLFS Year (Jul - Jun), 2021",15-59,Urban,Person,13.5
India,Jammu and Kashmir,"PLFS Year (Jul - Jun), 2021",15-59,Rural+Urban,Male,3.8
India,Jammu and Kashmir,"PLFS Year (Jul - Jun), 2021",15-59,Rural+Urban,Female,9.0
India,Jammu and Kashmir,"PLFS Year (Jul - Jun), 2021",15-59,Rural+Urban,Person,5.7
India,Jammu and Kashmir,"PLFS Year (Jul - Jun), 2021",15 years and above,Rural,Male,2.4
India,Jammu and Kashmir,"PLFS Year (Jul - Jun), 2021",15 years and above,Rural,Female,5.8
India,Jammu and Kashmir,"PLFS Year (Jul - Jun), 2021",15 years and above,Rural,Person,3.7
India,Jammu and Kashmir,"PLFS Year (Jul - Jun), 2021",15 years and above,Urban,Male,7.8
India,Jammu and Kashmir,"PLFS Year (Jul - Jun), 2021",15 years and above,Urban,Female,25.8
India,Jammu and Kashmir,"PLFS Year (Jul - Jun), 2021",15 years and above,Urban,Person,12.9
India,Jammu and Kashmir,"PLFS Year (Jul - Jun), 2021",15 years and above,Rural+Urban,Male,3.4
India,Jammu and Kashmir,"PLFS Year (Jul - Jun), 2021",15 years and above,Rural+Urban,Female,8.5
India,Jammu and Kashmir,"PLFS Year (Jul - Jun), 2021",15 years and above,Rural+Urban,Person,5.2
India,Jammu and Kashmir,"PLFS Year (Jul - Jun), 2021",all ages,Rural,Male,2.4
India,Jammu and Kashmir,"PLFS Year (Jul - Jun), 2021",all ages,Rural,Female,5.8
India,Jammu and Kashmir,"PLFS Year (Jul - Jun), 2021",all ages,Rural,Person,3.7
India,Jammu and Kashmir,"PLFS Year (Jul - Jun), 2021",all ages,Urban,Male,7.8
India,Jammu and Kashmir,"PLFS Year (Jul - Jun), 2021",all ages,Urban,Female,25.8
India,Jammu and Kashmir,"PLFS Year (Jul - Jun), 2021",all ages,Urban,Person,12.9
India,Jammu and Kashmir,"PLFS Year (Jul - Jun), 2021",all ages,Rural+Urban,Male,3.4
India,Jammu and Kashmir,"PLFS Year (Jul - Jun), 2021",all ages,Rural+Urban,Female,8.5
India,Jammu and Kashmir,"PLFS Year (Jul - Jun), 2021",all ages,Rural+Urban,Person,5.2
India,Jharkhand,"PLFS Year (Jul - Jun), 2021",15-29,Rural,Male,3.8
India,Jharkhand,"PLFS Year (Jul - Jun), 2021",15-29,Rural,Female,0.3
India,Jharkhand,"PLFS Year (Jul - Jun), 2021",15-29,Rural,Person,2.4
India,Jharkhand,"PLFS Year (Jul - Jun), 2021",15-29,Urban,Male,13.1
India,Jharkhand,"PLFS Year (Jul - Jun), 2021",15-29,Urban,Female,15.7
India,Jharkhand,"PLFS Year (Jul - Jun), 2021",15-29,Urban,Person,13.8
India,Jharkhand,"PLFS Year (Jul - Jun), 2021",15-29,Rural+Urban,Male,5.4
India,Jharkhand,"PLFS Year (Jul - Jun), 2021",15-29,Rural+Urban,Female,1.9
India,Jharkhand,"PLFS Year (Jul - Jun), 2021",15-29,Rural+Urban,Person,4.1
India,Jharkhand,"PLFS Year (Jul - Jun), 2021",15-59,Rural,Male,2.2
India,Jharkhand,"PLFS Year (Jul - Jun), 2021",15-59,Rural,Female,0.1
India,Jharkhand,"PLFS Year (Jul - Jun), 2021",15-59,Rural,Person,1.4
India,Jharkhand,"PLFS Year (Jul - Jun), 2021",15-59,Urban,Male,6.0
India,Jharkhand,"PLFS Year (Jul - Jun), 2021",15-59,Urban,Female,8.1
India,Jharkhand,"PLFS Year (Jul - Jun), 2021",15-59,Urban,Person,6.5
India,Jharkhand,"PLFS Year (Jul - Jun), 2021",15-59,Rural+Urban,Male,3.0
India,Jharkhand,"PLFS Year (Jul - Jun), 2021",15-59,Rural+Urban,Female,0.9
India,Jharkhand,"PLFS Year (Jul - Jun), 2021",15-59,Rural+Urban,Person,2.2
India,Jharkhand,"PLFS Year (Jul - Jun), 2021",15 years and above,Rural,Male,2.0
India,Jharkhand,"PLFS Year (Jul - Jun), 2021",15 years and above,Rural,Female,0.1
India,Jharkhand,"PLFS Year (Jul - Jun), 2021",15 years and above,Rural,Person,1.2
India,Jharkhand,"PLFS Year (Jul - Jun), 2021",15 years and above,Urban,Male,5.6
India,Jharkhand,"PLFS Year (Jul - Jun), 2021",15 years and above,Urban,Female,8.0
India,Jharkhand,"PLFS Year (Jul - Jun), 2021",15 years and above,Urban,Person,6.1
India,Jharkhand,"PLFS Year (Jul - Jun), 2021",15 years and above,Rural+Urban,Male,2.7
India,Jharkhand,"PLFS Year (Jul - Jun), 2021",15 years and above,Rural+Urban,Female,0.8
India,Jharkhand,"PLFS Year (Jul - Jun), 2021",15 years and above,Rural+Urban,Person,2.0
India,Jharkhand,"PLFS Year (Jul - Jun), 2021",all ages,Rural,Male,2.0
India,Jharkhand,"PLFS Year (Jul - Jun), 2021",all ages,Rural,Female,0.1
India,Jharkhand,"PLFS Year (Jul - Jun), 2021",all ages,Rural,Person,1.2
India,Jharkhand,"PLFS Year (Jul - Jun), 2021",all ages,Urban,Male,5.6
India,Jharkhand,"PLFS Year (Jul - Jun), 2021",all ages,Urban,Female,8.0
India,Jharkhand,"PLFS Year (Jul - Jun), 2021",all ages,Urban,Person,6.1
India,Jharkhand,"PLFS Year (Jul - Jun), 2021",all ages,Rural+Urban,Male,2.7
India,Jharkhand,"PLFS Year (Jul - Jun), 2021",all ages,Rural+Urban,Female,0.8
India,Jharkhand,"PLFS Year (Jul - Jun), 2021",all ages,Rural+Urban,Person,2.0
India,Karnataka,"PLFS Year (Jul - Jun), 2021",15-29,Rural,Male,9.7
India,Karnataka,"PLFS Year (Jul - Jun), 2021",15-29,Rural,Female,6.6
India,Karnataka,"PLFS Year (Jul - Jun), 2021",15-29,Rural,Person,9.0
India,Karnataka,"PLFS Year (Jul - Jun), 2021",15-29,Urban,Male,13.4
India,Karnataka,"PLFS Year (Jul - Jun), 2021",15-29,Urban,Female,17.3
India,Karnataka,"PLFS Year (Jul - Jun), 2021",15-29,Urban,Person,14.4
India,Karnataka,"PLFS Year (Jul - Jun), 2021",15-29,Rural+Urban,Male,11.0
India,Karnataka,"PLFS Year (Jul - Jun), 2021",15-29,Rural+Urban,Female,10.8
India,Karnataka,"PLFS Year (Jul - Jun), 2021",15-29,Rural+Urban,Person,10.9
India,Karnataka,"PLFS Year (Jul - Jun), 2021",15-59,Rural,Male,3.1
India,Karnataka,"PLFS Year (Jul - Jun), 2021",15-59,Rural,Female,1.2
India,Karnataka,"PLFS Year (Jul - Jun), 2021",15-59,Rural,Person,2.5
India,Karnataka,"PLFS Year (Jul - Jun), 2021",15-59,Urban,Male,4.8
India,Karnataka,"PLFS Year (Jul - Jun), 2021",15-59,Urban,Female,6.5
India,Karnataka,"PLFS Year (Jul - Jun), 2021",15-59,Urban,Person,5.2
India,Karnataka,"PLFS Year (Jul - Jun), 2021",15-59,Rural+Urban,Male,3.7
India,Karnataka,"PLFS Year (Jul - Jun), 2021",15-59,Rural+Urban,Female,2.7
India,Karnataka,"PLFS Year (Jul - Jun), 2021",15-59,Rural+Urban,Person,3.4
India,Karnataka,"PLFS Year (Jul - Jun), 2021",15 years and above,Rural,Male,2.8
India,Karnataka,"PLFS Year (Jul - Jun), 2021",15 years and above,Rural,Female,1.1
India,Karnataka,"PLFS Year (Jul - Jun), 2021",15 years and above,Rural,Person,2.3
India,Karnataka,"PLFS Year (Jul - Jun), 2021",15 years and above,Urban,Male,4.6
India,Karnataka,"PLFS Year (Jul - Jun), 2021",15 years and above,Urban,Female,6.3
India,Karnataka,"PLFS Year (Jul - Jun), 2021",15 years and above,Urban,Person,5.0
India,Karnataka,"PLFS Year (Jul - Jun), 2021",15 years and above,Rural+Urban,Male,3.4
India,Karnataka,"PLFS Year (Jul - Jun), 2021",15 years and above,Rural+Urban,Female,2.5
India,Karnataka,"PLFS Year (Jul - Jun), 2021",15 years and above,Rural+Urban,Person,3.2
India,Karnataka,"PLFS Year (Jul - Jun), 2021",all ages,Rural,Male,2.8
India,Karnataka,"PLFS Year (Jul - Jun), 2021",all ages,Rural,Female,1.1
India,Karnataka,"PLFS Year (Jul - Jun), 2021",all ages,Rural,Person,2.3
India,Karnataka,"PLFS Year (Jul - Jun), 2021",all ages,Urban,Male,4.6
India,Karnataka,"PLFS Year (Jul - Jun), 2021",all ages,Urban,Female,6.3
India,Karnataka,"PLFS Year (Jul - Jun), 2021",all ages,Urban,Person,5.0
India,Karnataka,"PLFS Year (Jul - Jun), 2021",all ages,Rural+Urban,Male,3.4
India,Karnataka,"PLFS Year (Jul - Jun), 2021",all ages,Rural+Urban,Female,2.5
India,Karnataka,"PLFS Year (Jul - Jun), 2021",all ages,Rural+Urban,Person,3.2
India,Kerala,"PLFS Year (Jul - Jun), 2021",15-29,Rural,Male,24.6
India,Kerala,"PLFS Year (Jul - Jun), 2021",15-29,Rural,Female,45.2
India,Kerala,"PLFS Year (Jul - Jun), 2021",15-29,Rural,Person,30.9
India,Kerala,"PLFS Year (Jul - Jun), 2021",15-29,Urban,Male,23.4
India,Kerala,"PLFS Year (Jul - Jun), 2021",15-29,Urban,Female,46.1
India,Kerala,"PLFS Year (Jul - Jun), 2021",15-29,Urban,Person,30.9
India,Kerala,"PLFS Year (Jul - Jun), 2021",15-29,Rural+Urban,Male,24.0
India,Kerala,"PLFS Year (Jul - Jun), 2021",15-29,Rural+Urban,Female,45.7
India,Kerala,"PLFS Year (Jul - Jun), 2021",15-29,Rural+Urban,Person,30.9
India,Kerala,"PLFS Year (Jul - Jun), 2021",15-59,Rural,Male,8.3
India,Kerala,"PLFS Year (Jul - Jun), 2021",15-59,Rural,Female,14.7
India,Kerala,"PLFS Year (Jul - Jun), 2021",15-59,Rural,Person,10.7
India,Kerala,"PLFS Year (Jul - Jun), 2021",15-59,Urban,Male,8.9
India,Kerala,"PLFS Year (Jul - Jun), 2021",15-59,Urban,Female,17.1
India,Kerala,"PLFS Year (Jul - Jun), 2021",15-59,Urban,Person,11.7
India,Kerala,"PLFS Year (Jul - Jun), 2021",15-59,Rural+Urban,Male,8.6
India,Kerala,"PLFS Year (Jul - Jun), 2021",15-59,Rural+Urban,Female,15.8
India,Kerala,"PLFS Year (Jul - Jun), 2021",15-59,Rural+Urban,Person,11.2
India,Kerala,"PLFS Year (Jul - Jun), 2021",15 years and above,Rural,Male,6.9
India,Kerala,"PLFS Year (Jul - Jun), 2021",15 years and above,Rural,Female,12.4
India,Kerala,"PLFS Year (Jul - Jun), 2021",15 years and above,Rural,Person,9.0
India,Kerala,"PLFS Year (Jul - Jun), 2021",15 years and above,Urban,Male,7.9
India,Kerala,"PLFS Year (Jul - Jun), 2021",15 years and above,Urban,Female,15.0
India,Kerala,"PLFS Year (Jul - Jun), 2021",15 years and above,Urban,Person,10.3
India,Kerala,"PLFS Year (Jul - Jun), 2021",15 years and above,Rural+Urban,Male,7.4
India,Kerala,"PLFS Year (Jul - Jun), 2021",15 years and above,Rural+Urban,Female,13.5
India,Kerala,"PLFS Year (Jul - Jun), 2021",15 years and above,Rural+Urban,Person,9.6
India,Kerala,"PLFS Year (Jul - Jun), 2021",all ages,Rural,Male,6.9
India,Kerala,"PLFS Year (Jul - Jun), 2021",all ages,Rural,Female,12.4
India,Kerala,"PLFS Year (Jul - Jun), 2021",all ages,Rural,Person,9.0
India,Kerala,"PLFS Year (Jul - Jun), 2021",all ages,Urban,Male,7.9
India,Kerala,"PLFS Year (Jul - Jun), 2021",all ages,Urban,Female,15.0
India,Kerala,"PLFS Year (Jul - Jun), 2021",all ages,Urban,Person,10.3
India,Kerala,"PLFS Year (Jul - Jun), 2021",all ages,Rural+Urban,Male,7.4
India,Kerala,"PLFS Year (Jul - Jun), 2021",all ages,Rural+Urban,Female,13.5
India,Kerala,"PLFS Year (Jul - Jun), 2021",all ages,Rural+Urban,Person,9.6
India,Ladakh,"PLFS Year (Jul - Jun), 2021",15-29,Rural,Male,27.2
India,Ladakh,"PLFS Year (Jul - Jun), 2021",15-29,Rural,Female,0.0
India,Ladakh,"PLFS Year (Jul - Jun), 2021",15-29,Rural,Person,13.4
India,Ladakh,"PLFS Year (Jul - Jun), 2021",15-29,Urban,Male,12.2
India,Ladakh,"PLFS Year (Jul - Jun), 2021",15-29,Urban,Female,55.8
India,Ladakh,"PLFS Year (Jul - Jun), 2021",15-29,Urban,Person,26.1
India,Ladakh,"PLFS Year (Jul - Jun), 2021",15-29,Rural+Urban,Male,25.4
India,Ladakh,"PLFS Year (Jul - Jun), 2021",15-29,Rural+Urban,Female,3.4
India,Ladakh,"PLFS Year (Jul - Jun), 2021",15-29,Rural+Urban,Person,14.6
India,Ladakh,"PLFS Year (Jul - Jun), 2021",15-59,Rural,Male,4.6
India,Ladakh,"PLFS Year (Jul - Jun), 2021",15-59,Rural,Female,0.7
India,Ladakh,"PLFS Year (Jul - Jun), 2021",15-59,Rural,Person,3.2
India,Ladakh,"PLFS Year (Jul - Jun), 2021",15-59,Urban,Male,8.1
India,Ladakh,"PLFS Year (Jul - Jun), 2021",15-59,Urban,Female,13.8
India,Ladakh,"PLFS Year (Jul - Jun), 2021",15-59,Urban,Person,10.2
India,Ladakh,"PLFS Year (Jul - Jun), 2021",15-59,Rural+Urban,Male,5.0
India,Ladakh,"PLFS Year (Jul - Jun), 2021",15-59,Rural+Urban,Female,1.9
India,Ladakh,"PLFS Year (Jul - Jun), 2021",15-59,Rural+Urban,Person,3.8
India,Ladakh,"PLFS Year (Jul - Jun), 2021",15 years and above,Rural,Male,4.1
India,Ladakh,"PLFS Year (Jul - Jun), 2021",15 years and above,Rural,Female,0.6
India,Ladakh,"PLFS Year (Jul - Jun), 2021",15 years and above,Rural,Person,2.7
India,Ladakh,"PLFS Year (Jul - Jun), 2021",15 years and above,Urban,Male,7.5
India,Ladakh,"PLFS Year (Jul - Jun), 2021",15 years and above,Urban,Female,13.7
India,Ladakh,"PLFS Year (Jul - Jun), 2021",15 years and above,Urban,Person,9.7
India,Ladakh,"PLFS Year (Jul - Jun), 2021",15 years and above,Rural+Urban,Male,4.4
India,Ladakh,"PLFS Year (Jul - Jun), 2021",15 years and above,Rural+Urban,Female,1.6
India,Ladakh,"PLFS Year (Jul - Jun), 2021",15 years and above,Rural+Urban,Person,3.3
India,Ladakh,"PLFS Year (Jul - Jun), 2021",all ages,Rural,Male,4.1
India,Ladakh,"PLFS Year (Jul - Jun), 2021",all ages,Rural,Female,0.6
India,Ladakh,"PLFS Year (Jul - Jun), 2021",all ages,Rural,Person,2.7
India,Ladakh,"PLFS Year (Jul - Jun), 2021",all ages,Urban,Male,7.5
India,Ladakh,"PLFS Year (Jul - Jun), 2021",all ages,Urban,Female,13.7
India,Ladakh,"PLFS Year (Jul - Jun), 2021",all ages,Urban,Person,9.7
India,Ladakh,"PLFS Year (Jul - Jun), 2021",all ages,Rural+Urban,Male,4.4
India,Ladakh,"PLFS Year (Jul - Jun), 2021",all ages,Rural+Urban,Female,1.6
India,Ladakh,"PLFS Year (Jul - Jun), 2021",all ages,Rural+Urban,Person,3.3
India,Lakshadweep,"PLFS Year (Jul - Jun), 2021",15-29,Rural,Male,15.4
India,Lakshadweep,"PLFS Year (Jul - Jun), 2021",15-29,Rural,Female,86.7
India,Lakshadweep,"PLFS Year (Jul - Jun), 2021",15-29,Rural,Person,24.7
India,Lakshadweep,"PLFS Year (Jul - Jun), 2021",15-29,Urban,Male,41.7
India,Lakshadweep,"PLFS Year (Jul - Jun), 2021",15-29,Urban,Female,72.5
India,Lakshadweep,"PLFS Year (Jul - Jun), 2021",15-29,Urban,Person,51.9
India,Lakshadweep,"PLFS Year (Jul - Jun), 2021",15-29,Rural+Urban,Male,37.1
India,Lakshadweep,"PLFS Year (Jul - Jun), 2021",15-29,Rural+Urban,Female,73.4
India,Lakshadweep,"PLFS Year (Jul - Jun), 2021",15-29,Rural+Urban,Person,48.1
India,Lakshadweep,"PLFS Year (Jul - Jun), 2021",15-59,Rural,Male,5.6
India,Lakshadweep,"PLFS Year (Jul - Jun), 2021",15-59,Rural,Female,11.2
India,Lakshadweep,"PLFS Year (Jul - Jun), 2021",15-59,Rural,Person,6.6
India,Lakshadweep,"PLFS Year (Jul - Jun), 2021",15-59,Urban,Male,16.1
India,Lakshadweep,"PLFS Year (Jul - Jun), 2021",15-59,Urban,Female,43.9
India,Lakshadweep,"PLFS Year (Jul - Jun), 2021",15-59,Urban,Person,21.4
India,Lakshadweep,"PLFS Year (Jul - Jun), 2021",15-59,Rural+Urban,Male,13.2
India,Lakshadweep,"PLFS Year (Jul - Jun), 2021",15-59,Rural+Urban,Female,35.2
India,Lakshadweep,"PLFS Year (Jul - Jun), 2021",15-59,Rural+Urban,Person,17.4
India,Lakshadweep,"PLFS Year (Jul - Jun), 2021",15 years and above,Rural,Male,5.6
India,Lakshadweep,"PLFS Year (Jul - Jun), 2021",15 years and above,Rural,Female,11.2
India,Lakshadweep,"PLFS Year (Jul - Jun), 2021",15 years and above,Rural,Person,6.6
India,Lakshadweep,"PLFS Year (Jul - Jun), 2021",15 years and above,Urban,Male,15.8
India,Lakshadweep,"PLFS Year (Jul - Jun), 2021",15 years and above,Urban,Female,43.9
India,Lakshadweep,"PLFS Year (Jul - Jun), 2021",15 years and above,Urban,Person,21.1
India,Lakshadweep,"PLFS Year (Jul - Jun), 2021",15 years and above,Rural+Urban,Male,13.0
India,Lakshadweep,"PLFS Year (Jul - Jun), 2021",15 years and above,Rural+Urban,Female,35.2
India,Lakshadweep,"PLFS Year (Jul - Jun), 2021",15 years and above,Rural+Urban,Person,17.2
India,Lakshadweep,"PLFS Year (Jul - Jun), 2021",all ages,Rural,Male,5.6
India,Lakshadweep,"PLFS Year (Jul - Jun), 2021",all ages,Rural,Female,11.2
India,Lakshadweep,"PLFS Year (Jul - Jun), 2021",all ages,Rural,Person,6.6
India,Lakshadweep,"PLFS Year (Jul - Jun), 2021",all ages,Urban,Male,15.8
India,Lakshadweep,"PLFS Year (Jul - Jun), 2021",all ages,Urban,Female,43.9
India,Lakshadweep,"PLFS Year (Jul - Jun), 2021",all ages,Urban,Person,21.1
India,Lakshadweep,"PLFS Year (Jul - Jun), 2021",all ages,Rural+Urban,Male,13.0
India,Lakshadweep,"PLFS Year (Jul - Jun), 2021",all ages,Rural+Urban,Female,35.2
India,Lakshadweep,"PLFS Year (Jul - Jun), 2021",all ages,Rural+Urban,Person,17.2
India,Madhya Pradesh,"PLFS Year (Jul - Jun), 2021",15-29,Rural,Male,5.1
India,Madhya Pradesh,"PLFS Year (Jul - Jun), 2021",15-29,Rural,Female,0.9
India,Madhya Pradesh,"PLFS Year (Jul - Jun), 2021",15-29,Rural,Person,4.0
India,Madhya Pradesh,"PLFS Year (Jul - Jun), 2021",15-29,Urban,Male,14.0
India,Madhya Pradesh,"PLFS Year (Jul - Jun), 2021",15-29,Urban,Female,16.8
India,Madhya Pradesh,"PLFS Year (Jul - Jun), 2021",15-29,Urban,Person,14.5
India,Madhya Pradesh,"PLFS Year (Jul - Jun), 2021",15-29,Rural+Urban,Male,6.9
India,Madhya Pradesh,"PLFS Year (Jul - Jun), 2021",15-29,Rural+Urban,Female,3.1
India,Madhya Pradesh,"PLFS Year (Jul - Jun), 2021",15-29,Rural+Urban,Person,6.0
India,Madhya Pradesh,"PLFS Year (Jul - Jun), 2021",15-59,Rural,Male,2.1
India,Madhya Pradesh,"PLFS Year (Jul - Jun), 2021",15-59,Rural,Female,0.3
India,Madhya Pradesh,"PLFS Year (Jul - Jun), 2021",15-59,Rural,Person,1.4
India,Madhya Pradesh,"PLFS Year (Jul - Jun), 2021",15-59,Urban,Male,5.3
India,Madhya Pradesh,"PLFS Year (Jul - Jun), 2021",15-59,Urban,Female,5.1
India,Madhya Pradesh,"PLFS Year (Jul - Jun), 2021",15-59,Urban,Person,5.2
India,Madhya Pradesh,"PLFS Year (Jul - Jun), 2021",15-59,Rural+Urban,Male,2.8
India,Madhya Pradesh,"PLFS Year (Jul - Jun), 2021",15-59,Rural+Urban,Female,1.0
India,Madhya Pradesh,"PLFS Year (Jul - Jun), 2021",15-59,Rural+Urban,Person,2.2
India,Madhya Pradesh,"PLFS Year (Jul - Jun), 2021",15 years and above,Rural,Male,1.9
India,Madhya Pradesh,"PLFS Year (Jul - Jun), 2021",15 years and above,Rural,Female,0.3
India,Madhya Pradesh,"PLFS Year (Jul - Jun), 2021",15 years and above,Rural,Person,1.3
India,Madhya Pradesh,"PLFS Year (Jul - Jun), 2021",15 years and above,Urban,Male,4.9
India,Madhya Pradesh,"PLFS Year (Jul - Jun), 2021",15 years and above,Urban,Female,4.8
India,Madhya Pradesh,"PLFS Year (Jul - Jun), 2021",15 years and above,Urban,Person,4.9
India,Madhya Pradesh,"PLFS Year (Jul - Jun), 2021",15 years and above,Rural+Urban,Male,2.6
India,Madhya Pradesh,"PLFS Year (Jul - Jun), 2021",15 years and above,Rural+Urban,Female,0.9
India,Madhya Pradesh,"PLFS Year (Jul - Jun), 2021",15 years and above,Rural+Urban,Person,2.1
India,Madhya Pradesh,"PLFS Year (Jul - Jun), 2021",all ages,Rural,Male,1.9
India,Madhya Pradesh,"PLFS Year (Jul - Jun), 2021",all ages,Rural,Female,0.3
India,Madhya Pradesh,"PLFS Year (Jul - Jun), 2021",all ages,Rural,Person,1.3
India,Madhya Pradesh,"PLFS Year (Jul - Jun), 2021",all ages,Urban,Male,4.9
India,Madhya Pradesh,"PLFS Year (Jul - Jun), 2021",all ages,Urban,Female,4.8
India,Madhya Pradesh,"PLFS Year (Jul - Jun), 2021",all ages,Urban,Person,4.9
India,Madhya Pradesh,"PLFS Year (Jul - Jun), 2021",all ages,Rural+Urban,Male,2.6
India,Madhya Pradesh,"PLFS Year (Jul - Jun), 2021",all ages,Rural+Urban,Female,0.9
India,Madhya Pradesh,"PLFS Year (Jul - Jun), 2021",all ages,Rural+Urban,Person,2.1
India,Maharashtra,"PLFS Year (Jul - Jun), 2021",15-29,Rural,Male,9.5
India,Maharashtra,"PLFS Year (Jul - Jun), 2021",15-29,Rural,Female,11.2
India,Maharashtra,"PLFS Year (Jul - Jun), 2021",15-29,Rural,Person,9.9
India,Maharashtra,"PLFS Year (Jul - Jun), 2021",15-29,Urban,Male,11.8
India,Maharashtra,"PLFS Year (Jul - Jun), 2021",15-29,Urban,Female,14.5
India,Maharashtra,"PLFS Year (Jul - Jun), 2021",15-29,Urban,Person,12.5
India,Maharashtra,"PLFS Year (Jul - Jun), 2021",15-29,Rural+Urban,Male,10.5
India,Maharashtra,"PLFS Year (Jul - Jun), 2021",15-29,Rural+Urban,Female,12.7
India,Maharashtra,"PLFS Year (Jul - Jun), 2021",15-29,Rural+Urban,Person,11.1
India,Maharashtra,"PLFS Year (Jul - Jun), 2021",15-59,Rural,Male,3.3
India,Maharashtra,"PLFS Year (Jul - Jun), 2021",15-59,Rural,Female,1.9
India,Maharashtra,"PLFS Year (Jul - Jun), 2021",15-59,Rural,Person,2.8
India,Maharashtra,"PLFS Year (Jul - Jun), 2021",15-59,Urban,Male,5.0
India,Maharashtra,"PLFS Year (Jul - Jun), 2021",15-59,Urban,Female,5.7
India,Maharashtra,"PLFS Year (Jul - Jun), 2021",15-59,Urban,Person,5.2
India,Maharashtra,"PLFS Year (Jul - Jun), 2021",15-59,Rural+Urban,Male,4.1
India,Maharashtra,"PLFS Year (Jul - Jun), 2021",15-59,Rural+Urban,Female,3.2
India,Maharashtra,"PLFS Year (Jul - Jun), 2021",15-59,Rural+Urban,Person,3.8
India,Maharashtra,"PLFS Year (Jul - Jun), 2021",15 years and above,Rural,Male,3.0
India,Maharashtra,"PLFS Year (Jul - Jun), 2021",15 years and above,Rural,Female,1.7
India,Maharashtra,"PLFS Year (Jul - Jun), 2021",15 years and above,Rural,Person,2.5
India,Maharashtra,"PLFS Year (Jul - Jun), 2021",15 years and above,Urban,Male,4.8
India,Maharashtra,"PLFS Year (Jul - Jun), 2021",15 years and above,Urban,Female,5.5
India,Maharashtra,"PLFS Year (Jul - Jun), 2021",15 years and above,Urban,Person,5.0
India,Maharashtra,"PLFS Year (Jul - Jun), 2021",15 years and above,Rural+Urban,Male,3.7
India,Maharashtra,"PLFS Year (Jul - Jun), 2021",15 years and above,Rural+Urban,Female,2.9
India,Maharashtra,"PLFS Year (Jul - Jun), 2021",15 years and above,Rural+Urban,Person,3.5
India,Maharashtra,"PLFS Year (Jul - Jun), 2021",all ages,Rural,Male,3.0
India,Maharashtra,"PLFS Year (Jul - Jun), 2021",all ages,Rural,Female,1.7
India,Maharashtra,"PLFS Year (Jul - Jun), 2021",all ages,Rural,Person,2.5
India,Maharashtra,"PLFS Year (Jul - Jun), 2021",all ages,Urban,Male,4.8
India,Maharashtra,"PLFS Year (Jul - Jun), 2021",all ages,Urban,Female,5.5
India,Maharashtra,"PLFS Year (Jul - Jun), 2021",all ages,Urban,Person,5.0
India,Maharashtra,"PLFS Year (Jul - Jun), 2021",all ages,Rural+Urban,Male,3.7
India,Maharashtra,"PLFS Year (Jul - Jun), 2021",all ages,Rural+Urban,Female,2.9
India,Maharashtra,"PLFS Year (Jul - Jun), 2021",all ages,Rural+Urban,Person,3.5
India,Manipur,"PLFS Year (Jul - Jun), 2021",15-29,Rural,Male,25.5
India,Manipur,"PLFS Year (Jul - Jun), 2021",15-29,Rural,Female,38.7
India,Manipur,"PLFS Year (Jul - Jun), 2021",15-29,Rural,Person,29.6
India,Manipur,"PLFS Year (Jul - Jun), 2021",15-29,Urban,Male,28.7
India,Manipur,"PLFS Year (Jul - Jun), 2021",15-29,Urban,Female,42.3
India,Manipur,"PLFS Year (Jul - Jun), 2021",15-29,Urban,Person,33.1
India,Manipur,"PLFS Year (Jul - Jun), 2021",15-29,Rural+Urban,Male,26.2
India,Manipur,"PLFS Year (Jul - Jun), 2021",15-29,Rural+Urban,Female,39.6
India,Manipur,"PLFS Year (Jul - Jun), 2021",15-29,Rural+Urban,Person,30.4
India,Manipur,"PLFS Year (Jul - Jun), 2021",15-59,Rural,Male,8.4
India,Manipur,"PLFS Year (Jul - Jun), 2021",15-59,Rural,Female,15.2
India,Manipur,"PLFS Year (Jul - Jun), 2021",15-59,Rural,Person,10.1
India,Manipur,"PLFS Year (Jul - Jun), 2021",15-59,Urban,Male,7.3
India,Manipur,"PLFS Year (Jul - Jun), 2021",15-59,Urban,Female,10.6
India,Manipur,"PLFS Year (Jul - Jun), 2021",15-59,Urban,Person,8.2
India,Manipur,"PLFS Year (Jul - Jun), 2021",15-59,Rural+Urban,Male,8.1
India,Manipur,"PLFS Year (Jul - Jun), 2021",15-59,Rural+Urban,Female,13.9
India,Manipur,"PLFS Year (Jul - Jun), 2021",15-59,Rural+Urban,Person,9.6
India,Manipur,"PLFS Year (Jul - Jun), 2021",15 years and above,Rural,Male,7.8
India,Manipur,"PLFS Year (Jul - Jun), 2021",15 years and above,Rural,Female,14.4
India,Manipur,"PLFS Year (Jul - Jun), 2021",15 years and above,Rural,Person,9.5
India,Manipur,"PLFS Year (Jul - Jun), 2021",15 years and above,Urban,Male,6.8
India,Manipur,"PLFS Year (Jul - Jun), 2021",15 years and above,Urban,Female,9.8
India,Manipur,"PLFS Year (Jul - Jun), 2021",15 years and above,Urban,Person,7.6
India,Manipur,"PLFS Year (Jul - Jun), 2021",15 years and above,Rural+Urban,Male,7.6
India,Manipur,"PLFS Year (Jul - Jun), 2021",15 years and above,Rural+Urban,Female,13.0
India,Manipur,"PLFS Year (Jul - Jun), 2021",15 years and above,Rural+Urban,Person,9.0
India,Manipur,"PLFS Year (Jul - Jun), 2021",all ages,Rural,Male,7.8
India,Manipur,"PLFS Year (Jul - Jun), 2021",all ages,Rural,Female,14.4
India,Manipur,"PLFS Year (Jul - Jun), 2021",all ages,Rural,Person,9.5
India,Manipur,"PLFS Year (Jul - Jun), 2021",all ages,Urban,Male,6.8
India,Manipur,"PLFS Year (Jul - Jun), 2021",all ages,Urban,Female,9.8
India,Manipur,"PLFS Year (Jul - Jun), 2021",all ages,Urban,Person,7.7
India,Manipur,"PLFS Year (Jul - Jun), 2021",all ages,Rural+Urban,Male,7.6
India,Manipur,"PLFS Year (Jul - Jun), 2021",all ages,Rural+Urban,Female,13.0
India,Manipur,"PLFS Year (Jul - Jun), 2021",all ages,Rural+Urban,Person,9.0
India,Meghalaya,"PLFS Year (Jul - Jun), 2021",15-29,Rural,Male,3.1
India,Meghalaya,"PLFS Year (Jul - Jun), 2021",15-29,Rural,Female,7.7
India,Meghalaya,"PLFS Year (Jul - Jun), 2021",15-29,Rural,Person,5.0
India,Meghalaya,"PLFS Year (Jul - Jun), 2021",15-29,Urban,Male,19.0
India,Meghalaya,"PLFS Year (Jul - Jun), 2021",15-29,Urban,Female,32.2
India,Meghalaya,"PLFS Year (Jul - Jun), 2021",15-29,Urban,Person,24.3
India,Meghalaya,"PLFS Year (Jul - Jun), 2021",15-29,Rural+Urban,Male,5.2
India,Meghalaya,"PLFS Year (Jul - Jun), 2021",15-29,Rural+Urban,Female,10.8
India,Meghalaya,"PLFS Year (Jul - Jun), 2021",15-29,Rural+Urban,Person,7.5
India,Meghalaya,"PLFS Year (Jul - Jun), 2021",15-59,Rural,Male,1.0
India,Meghalaya,"PLFS Year (Jul - Jun), 2021",15-59,Rural,Female,2.5
India,Meghalaya,"PLFS Year (Jul - Jun), 2021",15-59,Rural,Person,1.6
India,Meghalaya,"PLFS Year (Jul - Jun), 2021",15-59,Urban,Male,7.0
India,Meghalaya,"PLFS Year (Jul - Jun), 2021",15-59,Urban,Female,12.7
India,Meghalaya,"PLFS Year (Jul - Jun), 2021",15-59,Urban,Person,9.2
India,Meghalaya,"PLFS Year (Jul - Jun), 2021",15-59,Rural+Urban,Male,1.9
India,Meghalaya,"PLFS Year (Jul - Jun), 2021",15-59,Rural+Urban,Female,3.8
India,Meghalaya,"PLFS Year (Jul - Jun), 2021",15-59,Rural+Urban,Person,2.7
India,Meghalaya,"PLFS Year (Jul - Jun), 2021",15 years and above,Rural,Male,0.9
India,Meghalaya,"PLFS Year (Jul - Jun), 2021",15 years and above,Rural,Female,2.4
India,Meghalaya,"PLFS Year (Jul - Jun), 2021",15 years and above,Rural,Person,1.5
India,Meghalaya,"PLFS Year (Jul - Jun), 2021",15 years and above,Urban,Male,6.9
India,Meghalaya,"PLFS Year (Jul - Jun), 2021",15 years and above,Urban,Female,12.3
India,Meghalaya,"PLFS Year (Jul - Jun), 2021",15 years and above,Urban,Person,8.9
India,Meghalaya,"PLFS Year (Jul - Jun), 2021",15 years and above,Rural+Urban,Male,1.8
India,Meghalaya,"PLFS Year (Jul - Jun), 2021",15 years and above,Rural+Urban,Female,3.7
India,Meghalaya,"PLFS Year (Jul - Jun), 2021",15 years and above,Rural+Urban,Person,2.6
India,Meghalaya,"PLFS Year (Jul - Jun), 2021",all ages,Rural,Male,0.9
India,Meghalaya,"PLFS Year (Jul - Jun), 2021",all ages,Rural,Female,2.4
India,Meghalaya,"PLFS Year (Jul - Jun), 2021",all ages,Rural,Person,1.5
India,Meghalaya,"PLFS Year (Jul - Jun), 2021",all ages,Urban,Male,6.9
India,Meghalaya,"PLFS Year (Jul - Jun), 2021",all ages,Urban,Female,12.3
India,Meghalaya,"PLFS Year (Jul - Jun), 2021",all ages,Urban,Person,8.9
India,Meghalaya,"PLFS Year (Jul - Jun), 2021",all ages,Rural+Urban,Male,1.8
India,Meghalaya,"PLFS Year (Jul - Jun), 2021",all ages,Rural+Urban,Female,3.7
India,Meghalaya,"PLFS Year (Jul - Jun), 2021",all ages,Rural+Urban,Person,2.6
India,Mizoram,"PLFS Year (Jul - Jun), 2021",15-29,Rural,Male,11.1
India,Mizoram,"PLFS Year (Jul - Jun), 2021",15-29,Rural,Female,26.7
India,Mizoram,"PLFS Year (Jul - Jun), 2021",15-29,Rural,Person,15.8
India,Mizoram,"PLFS Year (Jul - Jun), 2021",15-29,Urban,Male,27.3
India,Mizoram,"PLFS Year (Jul - Jun), 2021",15-29,Urban,Female,35.4
India,Mizoram,"PLFS Year (Jul - Jun), 2021",15-29,Urban,Person,30.7
India,Mizoram,"PLFS Year (Jul - Jun), 2021",15-29,Rural+Urban,Male,16.6
India,Mizoram,"PLFS Year (Jul - Jun), 2021",15-29,Rural+Urban,Female,30.7
India,Mizoram,"PLFS Year (Jul - Jun), 2021",15-29,Rural+Urban,Person,21.5
India,Mizoram,"PLFS Year (Jul - Jun), 2021",15-59,Rural,Male,3.1
India,Mizoram,"PLFS Year (Jul - Jun), 2021",15-59,Rural,Female,6.7
India,Mizoram,"PLFS Year (Jul - Jun), 2021",15-59,Rural,Person,4.3
India,Mizoram,"PLFS Year (Jul - Jun), 2021",15-59,Urban,Male,5.9
India,Mizoram,"PLFS Year (Jul - Jun), 2021",15-59,Urban,Female,10.7
India,Mizoram,"PLFS Year (Jul - Jun), 2021",15-59,Urban,Person,7.4
India,Mizoram,"PLFS Year (Jul - Jun), 2021",15-59,Rural+Urban,Male,4.4
India,Mizoram,"PLFS Year (Jul - Jun), 2021",15-59,Rural+Urban,Female,8.5
India,Mizoram,"PLFS Year (Jul - Jun), 2021",15-59,Rural+Urban,Person,5.7
India,Mizoram,"PLFS Year (Jul - Jun), 2021",15 years and above,Rural,Male,2.9
India,Mizoram,"PLFS Year (Jul - Jun), 2021",15 years and above,Rural,Female,6.1
India,Mizoram,"PLFS Year (Jul - Jun), 2021",15 years and above,Rural,Person,4.0
India,Mizoram,"PLFS Year (Jul - Jun), 2021",15 years and above,Urban,Male,5.7
India,Mizoram,"PLFS Year (Jul - Jun), 2021",15 years and above,Urban,Female,10.1
India,Mizoram,"PLFS Year (Jul - Jun), 2021",15 years and above,Urban,Person,7.1
India,Mizoram,"PLFS Year (Jul - Jun), 2021",15 years and above,Rural+Urban,Male,4.1
India,Mizoram,"PLFS Year (Jul - Jun), 2021",15 years and above,Rural+Urban,Female,7.9
India,Mizoram,"PLFS Year (Jul - Jun), 2021",15 years and above,Rural+Urban,Person,5.4
India,Mizoram,"PLFS Year (Jul - Jun), 2021",all ages,Rural,Male,2.9
India,Mizoram,"PLFS Year (Jul - Jun), 2021",all ages,Rural,Female,6.1
India,Mizoram,"PLFS Year (Jul - Jun), 2021",all ages,Rural,Person,4.0
India,Mizoram,"PLFS Year (Jul - Jun), 2021",all ages,Urban,Male,5.8
India,Mizoram,"PLFS Year (Jul - Jun), 2021",all ages,Urban,Female,10.1
India,Mizoram,"PLFS Year (Jul - Jun), 2021",all ages,Urban,Person,7.2
India,Mizoram,"PLFS Year (Jul - Jun), 2021",all ages,Rural+Urban,Male,4.2
India,Mizoram,"PLFS Year (Jul - Jun), 2021",all ages,Rural+Urban,Female,7.9
India,Mizoram,"PLFS Year (Jul - Jun), 2021",all ages,Rural+Urban,Person,5.4
India,Nagaland,"PLFS Year (Jul - Jun), 2021",15-29,Rural,Male,30.6
India,Nagaland,"PLFS Year (Jul - Jun), 2021",15-29,Rural,Female,23.7
India,Nagaland,"PLFS Year (Jul - Jun), 2021",15-29,Rural,Person,27.7
India,Nagaland,"PLFS Year (Jul - Jun), 2021",15-29,Urban,Male,29.2
India,Nagaland,"PLFS Year (Jul - Jun), 2021",15-29,Urban,Female,53.6
India,Nagaland,"PLFS Year (Jul - Jun), 2021",15-29,Urban,Person,40.4
India,Nagaland,"PLFS Year (Jul - Jun), 2021",15-29,Rural+Urban,Male,30.3
India,Nagaland,"PLFS Year (Jul - Jun), 2021",15-29,Rural+Urban,Female,30.8
India,Nagaland,"PLFS Year (Jul - Jun), 2021",15-29,Rural+Urban,Person,30.5
India,Nagaland,"PLFS Year (Jul - Jun), 2021",15-59,Rural,Male,8.3
India,Nagaland,"PLFS Year (Jul - Jun), 2021",15-59,Rural,Female,8.0
India,Nagaland,"PLFS Year (Jul - Jun), 2021",15-59,Rural,Person,8.2
India,Nagaland,"PLFS Year (Jul - Jun), 2021",15-59,Urban,Male,12.1
India,Nagaland,"PLFS Year (Jul - Jun), 2021",15-59,Urban,Female,20.7
India,Nagaland,"PLFS Year (Jul - Jun), 2021",15-59,Urban,Person,15.0
India,Nagaland,"PLFS Year (Jul - Jun), 2021",15-59,Rural+Urban,Male,9.2
India,Nagaland,"PLFS Year (Jul - Jun), 2021",15-59,Rural+Urban,Female,10.6
India,Nagaland,"PLFS Year (Jul - Jun), 2021",15-59,Rural+Urban,Person,9.7
India,Nagaland,"PLFS Year (Jul - Jun), 2021",15 years and above,Rural,Male,7.7
India,Nagaland,"PLFS Year (Jul - Jun), 2021",15 years and above,Rural,Female,7.3
India,Nagaland,"PLFS Year (Jul - Jun), 2021",15 years and above,Rural,Person,7.5
India,Nagaland,"PLFS Year (Jul - Jun), 2021",15 years and above,Urban,Male,11.8
India,Nagaland,"PLFS Year (Jul - Jun), 2021",15 years and above,Urban,Female,19.8
India,Nagaland,"PLFS Year (Jul - Jun), 2021",15 years and above,Urban,Person,14.6
India,Nagaland,"PLFS Year (Jul - Jun), 2021",15 years and above,Rural+Urban,Male,8.6
India,Nagaland,"PLFS Year (Jul - Jun), 2021",15 years and above,Rural+Urban,Female,9.8
India,Nagaland,"PLFS Year (Jul - Jun), 2021",15 years and above,Rural+Urban,Person,9.1
India,Nagaland,"PLFS Year (Jul - Jun), 2021",all ages,Rural,Male,7.7
India,Nagaland,"PLFS Year (Jul - Jun), 2021",all ages,Rural,Female,7.3
India,Nagaland,"PLFS Year (Jul - Jun), 2021",all ages,Rural,Person,7.5
India,Nagaland,"PLFS Year (Jul - Jun), 2021",all ages,Urban,Male,11.8
India,Nagaland,"PLFS Year (Jul - Jun), 2021",all ages,Urban,Female,19.8
India,Nagaland,"PLFS Year (Jul - Jun), 2021",all ages,Urban,Person,14.6
India,Nagaland,"PLFS Year (Jul - Jun), 2021",all ages,Rural+Urban,Male,8.6
India,Nagaland,"PLFS Year (Jul - Jun), 2021",all ages,Rural+Urban,Female,9.8
India,Nagaland,"PLFS Year (Jul - Jun), 2021",all ages,Rural+Urban,Person,9.1
India,Odisha,"PLFS Year (Jul - Jun), 2021",15-29,Rural,Male,21.4
India,Odisha,"PLFS Year (Jul - Jun), 2021",15-29,Rural,Female,10.8
India,Odisha,"PLFS Year (Jul - Jun), 2021",15-29,Rural,Person,18.2
India,Odisha,"PLFS Year (Jul - Jun), 2021",15-29,Urban,Male,24.7
India,Odisha,"PLFS Year (Jul - Jun), 2021",15-29,Urban,Female,45.5
India,Odisha,"PLFS Year (Jul - Jun), 2021",15-29,Urban,Person,30.1
India,Odisha,"PLFS Year (Jul - Jun), 2021",15-29,Rural+Urban,Male,21.9
India,Odisha,"PLFS Year (Jul - Jun), 2021",15-29,Rural+Urban,Female,14.9
India,Odisha,"PLFS Year (Jul - Jun), 2021",15-29,Rural+Urban,Person,19.8
India,Odisha,"PLFS Year (Jul - Jun), 2021",15-59,Rural,Male,7.1
India,Odisha,"PLFS Year (Jul - Jun), 2021",15-59,Rural,Female,3.1
India,Odisha,"PLFS Year (Jul - Jun), 2021",15-59,Rural,Person,5.8
India,Odisha,"PLFS Year (Jul - Jun), 2021",15-59,Urban,Male,9.1
India,Odisha,"PLFS Year (Jul - Jun), 2021",15-59,Urban,Female,17.9
India,Odisha,"PLFS Year (Jul - Jun), 2021",15-59,Urban,Person,11.1
India,Odisha,"PLFS Year (Jul - Jun), 2021",15-59,Rural+Urban,Male,7.4
India,Odisha,"PLFS Year (Jul - Jun), 2021",15-59,Rural+Urban,Female,4.6
India,Odisha,"PLFS Year (Jul - Jun), 2021",15-59,Rural+Urban,Person,6.5
India,Odisha,"PLFS Year (Jul - Jun), 2021",15 years and above,Rural,Male,6.4
India,Odisha,"PLFS Year (Jul - Jun), 2021",15 years and above,Rural,Female,3.0
India,Odisha,"PLFS Year (Jul - Jun), 2021",15 years and above,Rural,Person,5.4
India,Odisha,"PLFS Year (Jul - Jun), 2021",15 years and above,Urban,Male,8.6
India,Odisha,"PLFS Year (Jul - Jun), 2021",15 years and above,Urban,Female,17.2
India,Odisha,"PLFS Year (Jul - Jun), 2021",15 years and above,Urban,Person,10.5
India,Odisha,"PLFS Year (Jul - Jun), 2021",15 years and above,Rural+Urban,Male,6.7
India,Odisha,"PLFS Year (Jul - Jun), 2021",15 years and above,Rural+Urban,Female,4.4
India,Odisha,"PLFS Year (Jul - Jun), 2021",15 years and above,Rural+Urban,Person,6.0
India,Odisha,"PLFS Year (Jul - Jun), 2021",all ages,Rural,Male,6.4
India,Odisha,"PLFS Year (Jul - Jun), 2021",all ages,Rural,Female,3.0
India,Odisha,"PLFS Year (Jul - Jun), 2021",all ages,Rural,Person,5.4
India,Odisha,"PLFS Year (Jul - Jun), 2021",all ages,Urban,Male,8.6
India,Odisha,"PLFS Year (Jul - Jun), 2021",all ages,Urban,Female,17.1
India,Odisha,"PLFS Year (Jul - Jun), 2021",all ages,Urban,Person,10.5
India,Odisha,"PLFS Year (Jul - Jun), 2021",all ages,Rural+Urban,Male,6.7
India,Odisha,"PLFS Year (Jul - Jun), 2021",all ages,Rural+Urban,Female,4.4
India,Odisha,"PLFS Year (Jul - Jun), 2021",all ages,Rural+Urban,Person,6.0
India,Puducherry,"PLFS Year (Jul - Jun), 2021",15-29,Rural,Male,25.3
India,Puducherry,"PLFS Year (Jul - Jun), 2021",15-29,Rural,Female,20.5
India,Puducherry,"PLFS Year (Jul - Jun), 2021",15-29,Rural,Person,23.9
India,Puducherry,"PLFS Year (Jul - Jun), 2021",15-29,Urban,Male,17.9
India,Puducherry,"PLFS Year (Jul - Jun), 2021",15-29,Urban,Female,13.1
India,Puducherry,"PLFS Year (Jul - Jun), 2021",15-29,Urban,Person,16.4
India,Puducherry,"PLFS Year (Jul - Jun), 2021",15-29,Rural+Urban,Male,20.7
India,Puducherry,"PLFS Year (Jul - Jun), 2021",15-29,Rural+Urban,Female,15.8
India,Puducherry,"PLFS Year (Jul - Jun), 2021",15-29,Rural+Urban,Person,19.3
India,Puducherry,"PLFS Year (Jul - Jun), 2021",15-59,Rural,Male,11.6
India,Puducherry,"PLFS Year (Jul - Jun), 2021",15-59,Rural,Female,3.0
India,Puducherry,"PLFS Year (Jul - Jun), 2021",15-59,Rural,Person,8.2
India,Puducherry,"PLFS Year (Jul - Jun), 2021",15-59,Urban,Male,4.7
India,Puducherry,"PLFS Year (Jul - Jun), 2021",15-59,Urban,Female,5.0
India,Puducherry,"PLFS Year (Jul - Jun), 2021",15-59,Urban,Person,4.8
India,Puducherry,"PLFS Year (Jul - Jun), 2021",15-59,Rural+Urban,Male,7.3
India,Puducherry,"PLFS Year (Jul - Jun), 2021",15-59,Rural+Urban,Female,4.0
India,Puducherry,"PLFS Year (Jul - Jun), 2021",15-59,Rural+Urban,Person,6.2
India,Puducherry,"PLFS Year (Jul - Jun), 2021",15 years and above,Rural,Male,10.9
India,Puducherry,"PLFS Year (Jul - Jun), 2021",15 years and above,Rural,Female,2.7
India,Puducherry,"PLFS Year (Jul - Jun), 2021",15 years and above,Rural,Person,7.5
India,Puducherry,"PLFS Year (Jul - Jun), 2021",15 years and above,Urban,Male,4.4
India,Puducherry,"PLFS Year (Jul - Jun), 2021",15 years and above,Urban,Female,4.8
India,Puducherry,"PLFS Year (Jul - Jun), 2021",15 years and above,Urban,Person,4.5
India,Puducherry,"PLFS Year (Jul - Jun), 2021",15 years and above,Rural+Urban,Male,6.8
India,Puducherry,"PLFS Year (Jul - Jun), 2021",15 years and above,Rural+Urban,Female,3.7
India,Puducherry,"PLFS Year (Jul - Jun), 2021",15 years and above,Rural+Urban,Person,5.8
India,Puducherry,"PLFS Year (Jul - Jun), 2021",all ages,Rural,Male,10.9
India,Puducherry,"PLFS Year (Jul - Jun), 2021",all ages,Rural,Female,2.7
India,Puducherry,"PLFS Year (Jul - Jun), 2021",all ages,Rural,Person,7.5
India,Puducherry,"PLFS Year (Jul - Jun), 2021",all ages,Urban,Male,4.4
India,Puducherry,"PLFS Year (Jul - Jun), 2021",all ages,Urban,Female,4.8
India,Puducherry,"PLFS Year (Jul - Jun), 2021",all ages,Urban,Person,4.5
India,Puducherry,"PLFS Year (Jul - Jun), 2021",all ages,Rural+Urban,Male,6.8
India,Puducherry,"PLFS Year (Jul - Jun), 2021",all ages,Rural+Urban,Female,3.7
India,Puducherry,"PLFS Year (Jul - Jun), 2021",all ages,Rural+Urban,Person,5.8
India,Punjab,"PLFS Year (Jul - Jun), 2021",15-29,Rural,Male,16.8
India,Punjab,"PLFS Year (Jul - Jun), 2021",15-29,Rural,Female,33.1
India,Punjab,"PLFS Year (Jul - Jun), 2021",15-29,Rural,Person,20.0
India,Punjab,"PLFS Year (Jul - Jun), 2021",15-29,Urban,Male,16.0
India,Punjab,"PLFS Year (Jul - Jun), 2021",15-29,Urban,Female,23.6
India,Punjab,"PLFS Year (Jul - Jun), 2021",15-29,Urban,Person,17.5
India,Punjab,"PLFS Year (Jul - Jun), 2021",15-29,Rural+Urban,Male,16.6
India,Punjab,"PLFS Year (Jul - Jun), 2021",15-29,Rural+Urban,Female,30.1
India,Punjab,"PLFS Year (Jul - Jun), 2021",15-29,Rural+Urban,Person,19.2
India,Punjab,"PLFS Year (Jul - Jun), 2021",15-59,Rural,Male,6.6
India,Punjab,"PLFS Year (Jul - Jun), 2021",15-59,Rural,Female,9.7
India,Punjab,"PLFS Year (Jul - Jun), 2021",15-59,Rural,Person,7.3
India,Punjab,"PLFS Year (Jul - Jun), 2021",15-59,Urban,Male,6.0
India,Punjab,"PLFS Year (Jul - Jun), 2021",15-59,Urban,Female,8.7
India,Punjab,"PLFS Year (Jul - Jun), 2021",15-59,Urban,Person,6.5
India,Punjab,"PLFS Year (Jul - Jun), 2021",15-59,Rural+Urban,Male,6.4
India,Punjab,"PLFS Year (Jul - Jun), 2021",15-59,Rural+Urban,Female,9.4
India,Punjab,"PLFS Year (Jul - Jun), 2021",15-59,Rural+Urban,Person,7.0
India,Punjab,"PLFS Year (Jul - Jun), 2021",15 years and above,Rural,Male,5.9
India,Punjab,"PLFS Year (Jul - Jun), 2021",15 years and above,Rural,Female,8.9
India,Punjab,"PLFS Year (Jul - Jun), 2021",15 years and above,Rural,Person,6.6
India,Punjab,"PLFS Year (Jul - Jun), 2021",15 years and above,Urban,Male,5.5
India,Punjab,"PLFS Year (Jul - Jun), 2021",15 years and above,Urban,Female,8.3
India,Punjab,"PLFS Year (Jul - Jun), 2021",15 years and above,Urban,Person,6.1
India,Punjab,"PLFS Year (Jul - Jun), 2021",15 years and above,Rural+Urban,Male,5.7
India,Punjab,"PLFS Year (Jul - Jun), 2021",15 years and above,Rural+Urban,Female,8.7
India,Punjab,"PLFS Year (Jul - Jun), 2021",15 years and above,Rural+Urban,Person,6.4
India,Punjab,"PLFS Year (Jul - Jun), 2021",all ages,Rural,Male,5.9
India,Punjab,"PLFS Year (Jul - Jun), 2021",all ages,Rural,Female,8.9
India,Punjab,"PLFS Year (Jul - Jun), 2021",all ages,Rural,Person,6.6
India,Punjab,"PLFS Year (Jul - Jun), 2021",all ages,Urban,Male,5.5
India,Punjab,"PLFS Year (Jul - Jun), 2021",all ages,Urban,Female,8.2
India,Punjab,"PLFS Year (Jul - Jun), 2021",all ages,Urban,Person,6.1
India,Punjab,"PLFS Year (Jul - Jun), 2021",all ages,Rural+Urban,Male,5.8
India,Punjab,"PLFS Year (Jul - Jun), 2021",all ages,Rural+Urban,Female,8.7
India,Punjab,"PLFS Year (Jul - Jun), 2021",all ages,Rural+Urban,Person,6.4
India,Rajasthan,"PLFS Year (Jul - Jun), 2021",15-29,Rural,Male,11.3
India,Rajasthan,"PLFS Year (Jul - Jun), 2021",15-29,Rural,Female,3.5
India,Rajasthan,"PLFS Year (Jul - Jun), 2021",15-29,Rural,Person,8.7
India,Rajasthan,"PLFS Year (Jul - Jun), 2021",15-29,Urban,Male,25.9
India,Rajasthan,"PLFS Year (Jul - Jun), 2021",15-29,Urban,Female,42.0
India,Rajasthan,"PLFS Year (Jul - Jun), 2021",15-29,Urban,Person,28.8
India,Rajasthan,"PLFS Year (Jul - Jun), 2021",15-29,Rural+Urban,Male,14.9
India,Rajasthan,"PLFS Year (Jul - Jun), 2021",15-29,Rural+Urban,Female,8.4
India,Rajasthan,"PLFS Year (Jul - Jun), 2021",15-29,Rural+Urban,Person,13.0
India,Rajasthan,"PLFS Year (Jul - Jun), 2021",15-59,Rural,Male,4.8
India,Rajasthan,"PLFS Year (Jul - Jun), 2021",15-59,Rural,Female,1.0
India,Rajasthan,"PLFS Year (Jul - Jun), 2021",15-59,Rural,Person,3.3
India,Rajasthan,"PLFS Year (Jul - Jun), 2021",15-59,Urban,Male,10.5
India,Rajasthan,"PLFS Year (Jul - Jun), 2021",15-59,Urban,Female,13.6
India,Rajasthan,"PLFS Year (Jul - Jun), 2021",15-59,Urban,Person,11.1
India,Rajasthan,"PLFS Year (Jul - Jun), 2021",15-59,Rural+Urban,Male,6.4
India,Rajasthan,"PLFS Year (Jul - Jun), 2021",15-59,Rural+Urban,Female,2.7
India,Rajasthan,"PLFS Year (Jul - Jun), 2021",15-59,Rural+Urban,Person,5.1
India,Rajasthan,"PLFS Year (Jul - Jun), 2021",15 years and above,Rural,Male,4.2
India,Rajasthan,"PLFS Year (Jul - Jun), 2021",15 years and above,Rural,Female,0.9
India,Rajasthan,"PLFS Year (Jul - Jun), 2021",15 years and above,Rural,Person,3.0
India,Rajasthan,"PLFS Year (Jul - Jun), 2021",15 years and above,Urban,Male,10.1
India,Rajasthan,"PLFS Year (Jul - Jun), 2021",15 years and above,Urban,Female,13.2
India,Rajasthan,"PLFS Year (Jul - Jun), 2021",15 years and above,Urban,Person,10.8
India,Rajasthan,"PLFS Year (Jul - Jun), 2021",15 years and above,Rural+Urban,Male,5.8
India,Rajasthan,"PLFS Year (Jul - Jun), 2021",15 years and above,Rural+Urban,Female,2.5
India,Rajasthan,"PLFS Year (Jul - Jun), 2021",15 years and above,Rural+Urban,Person,4.7
India,Rajasthan,"PLFS Year (Jul - Jun), 2021",all ages,Rural,Male,4.2
India,Rajasthan,"PLFS Year (Jul - Jun), 2021",all ages,Rural,Female,0.9
India,Rajasthan,"PLFS Year (Jul - Jun), 2021",all ages,Rural,Person,2.9
India,Rajasthan,"PLFS Year (Jul - Jun), 2021",all ages,Urban,Male,10.2
India,Rajasthan,"PLFS Year (Jul - Jun), 2021",all ages,Urban,Female,13.1
India,Rajasthan,"PLFS Year (Jul - Jun), 2021",all ages,Urban,Person,10.8
India,Rajasthan,"PLFS Year (Jul - Jun), 2021",all ages,Rural+Urban,Male,5.8
India,Rajasthan,"PLFS Year (Jul - Jun), 2021",all ages,Rural+Urban,Female,2.5
India,Rajasthan,"PLFS Year (Jul - Jun), 2021",all ages,Rural+Urban,Person,4.7
India,Sikkim,"PLFS Year (Jul - Jun), 2021",15-29,Rural,Male,4.0
India,Sikkim,"PLFS Year (Jul - Jun), 2021",15-29,Rural,Female,7.1
India,Sikkim,"PLFS Year (Jul - Jun), 2021",15-29,Rural,Person,5.3
India,Sikkim,"PLFS Year (Jul - Jun), 2021",15-29,Urban,Male,3.3
India,Sikkim,"PLFS Year (Jul - Jun), 2021",15-29,Urban,Female,19.7
India,Sikkim,"PLFS Year (Jul - Jun), 2021",15-29,Urban,Person,7.5
India,Sikkim,"PLFS Year (Jul - Jun), 2021",15-29,Rural+Urban,Male,3.8
India,Sikkim,"PLFS Year (Jul - Jun), 2021",15-29,Rural+Urban,Female,9.0
India,Sikkim,"PLFS Year (Jul - Jun), 2021",15-29,Rural+Urban,Person,5.8
India,Sikkim,"PLFS Year (Jul - Jun), 2021",15-59,Rural,Male,1.0
India,Sikkim,"PLFS Year (Jul - Jun), 2021",15-59,Rural,Female,2.0
India,Sikkim,"PLFS Year (Jul - Jun), 2021",15-59,Rural,Person,1.4
India,Sikkim,"PLFS Year (Jul - Jun), 2021",15-59,Urban,Male,1.9
India,Sikkim,"PLFS Year (Jul - Jun), 2021",15-59,Urban,Female,6.0
India,Sikkim,"PLFS Year (Jul - Jun), 2021",15-59,Urban,Person,3.0
India,Sikkim,"PLFS Year (Jul - Jun), 2021",15-59,Rural+Urban,Male,1.2
India,Sikkim,"PLFS Year (Jul - Jun), 2021",15-59,Rural+Urban,Female,2.5
India,Sikkim,"PLFS Year (Jul - Jun), 2021",15-59,Rural+Urban,Person,1.7
India,Sikkim,"PLFS Year (Jul - Jun), 2021",15 years and above,Rural,Male,0.9
India,Sikkim,"PLFS Year (Jul - Jun), 2021",15 years and above,Rural,Female,1.9
India,Sikkim,"PLFS Year (Jul - Jun), 2021",15 years and above,Rural,Person,1.3
India,Sikkim,"PLFS Year (Jul - Jun), 2021",15 years and above,Urban,Male,1.9
India,Sikkim,"PLFS Year (Jul - Jun), 2021",15 years and above,Urban,Female,5.7
India,Sikkim,"PLFS Year (Jul - Jun), 2021",15 years and above,Urban,Person,3.0
India,Sikkim,"PLFS Year (Jul - Jun), 2021",15 years and above,Rural+Urban,Male,1.1
India,Sikkim,"PLFS Year (Jul - Jun), 2021",15 years and above,Rural+Urban,Female,2.3
India,Sikkim,"PLFS Year (Jul - Jun), 2021",15 years and above,Rural+Urban,Person,1.6
India,Sikkim,"PLFS Year (Jul - Jun), 2021",all ages,Rural,Male,0.9
India,Sikkim,"PLFS Year (Jul - Jun), 2021",all ages,Rural,Female,1.9
India,Sikkim,"PLFS Year (Jul - Jun), 2021",all ages,Rural,Person,1.3
India,Sikkim,"PLFS Year (Jul - Jun), 2021",all ages,Urban,Male,1.9
India,Sikkim,"PLFS Year (Jul - Jun), 2021",all ages,Urban,Female,5.7
India,Sikkim,"PLFS Year (Jul - Jun), 2021",all ages,Urban,Person,3.0
India,Sikkim,"PLFS Year (Jul - Jun), 2021",all ages,Rural+Urban,Male,1.1
India,Sikkim,"PLFS Year (Jul - Jun), 2021",all ages,Rural+Urban,Female,2.3
India,Sikkim,"PLFS Year (Jul - Jun), 2021",all ages,Rural+Urban,Person,1.6
India,Tamil Nadu,"PLFS Year (Jul - Jun), 2021",15-29,Rural,Male,19.9
India,Tamil Nadu,"PLFS Year (Jul - Jun), 2021",15-29,Rural,Female,21.5
India,Tamil Nadu,"PLFS Year (Jul - Jun), 2021",15-29,Rural,Person,20.4
India,Tamil Nadu,"PLFS Year (Jul - Jun), 2021",15-29,Urban,Male,18.8
India,Tamil Nadu,"PLFS Year (Jul - Jun), 2021",15-29,Urban,Female,21.6
India,Tamil Nadu,"PLFS Year (Jul - Jun), 2021",15-29,Urban,Person,19.5
India,Tamil Nadu,"PLFS Year (Jul - Jun), 2021",15-29,Rural+Urban,Male,19.4
India,Tamil Nadu,"PLFS Year (Jul - Jun), 2021",15-29,Rural+Urban,Female,21.6
India,Tamil Nadu,"PLFS Year (Jul - Jun), 2021",15-29,Rural+Urban,Person,20.0
India,Tamil Nadu,"PLFS Year (Jul - Jun), 2021",15-59,Rural,Male,5.5
India,Tamil Nadu,"PLFS Year (Jul - Jun), 2021",15-59,Rural,Female,3.6
India,Tamil Nadu,"PLFS Year (Jul - Jun), 2021",15-59,Rural,Person,4.7
India,Tamil Nadu,"PLFS Year (Jul - Jun), 2021",15-59,Urban,Male,6.1
India,Tamil Nadu,"PLFS Year (Jul - Jun), 2021",15-59,Urban,Female,6.3
India,Tamil Nadu,"PLFS Year (Jul - Jun), 2021",15-59,Urban,Person,6.1
India,Tamil Nadu,"PLFS Year (Jul - Jun), 2021",15-59,Rural+Urban,Male,5.8
India,Tamil Nadu,"PLFS Year (Jul - Jun), 2021",15-59,Rural+Urban,Female,4.5
India,Tamil Nadu,"PLFS Year (Jul - Jun), 2021",15-59,Rural+Urban,Person,5.3
India,Tamil Nadu,"PLFS Year (Jul - Jun), 2021",15 years and above,Rural,Male,4.9
India,Tamil Nadu,"PLFS Year (Jul - Jun), 2021",15 years and above,Rural,Female,3.1
India,Tamil Nadu,"PLFS Year (Jul - Jun), 2021",15 years and above,Rural,Person,4.2
India,Tamil Nadu,"PLFS Year (Jul - Jun), 2021",15 years and above,Urban,Male,5.6
India,Tamil Nadu,"PLFS Year (Jul - Jun), 2021",15 years and above,Urban,Female,5.8
India,Tamil Nadu,"PLFS Year (Jul - Jun), 2021",15 years and above,Urban,Person,5.7
India,Tamil Nadu,"PLFS Year (Jul - Jun), 2021",15 years and above,Rural+Urban,Male,5.2
India,Tamil Nadu,"PLFS Year (Jul - Jun), 2021",15 years and above,Rural+Urban,Female,4.0
India,Tamil Nadu,"PLFS Year (Jul - Jun), 2021",15 years and above,Rural+Urban,Person,4.8
India,Tamil Nadu,"PLFS Year (Jul - Jun), 2021",all ages,Rural,Male,4.9
India,Tamil Nadu,"PLFS Year (Jul - Jun), 2021",all ages,Rural,Female,3.1
India,Tamil Nadu,"PLFS Year (Jul - Jun), 2021",all ages,Rural,Person,4.2
India,Tamil Nadu,"PLFS Year (Jul - Jun), 2021",all ages,Urban,Male,5.6
India,Tamil Nadu,"PLFS Year (Jul - Jun), 2021",all ages,Urban,Female,5.8
India,Tamil Nadu,"PLFS Year (Jul - Jun), 2021",all ages,Urban,Person,5.7
India,Tamil Nadu,"PLFS Year (Jul - Jun), 2021",all ages,Rural+Urban,Male,5.2
India,Tamil Nadu,"PLFS Year (Jul - Jun), 2021",all ages,Rural+Urban,Female,4.0
India,Tamil Nadu,"PLFS Year (Jul - Jun), 2021",all ages,Rural+Urban,Person,4.8
India,Telangana,"PLFS Year (Jul - Jun), 2021",15-29,Rural,Male,10.1
India,Telangana,"PLFS Year (Jul - Jun), 2021",15-29,Rural,Female,14.6
India,Telangana,"PLFS Year (Jul - Jun), 2021",15-29,Rural,Person,11.6
India,Telangana,"PLFS Year (Jul - Jun), 2021",15-29,Urban,Male,16.2
India,Telangana,"PLFS Year (Jul - Jun), 2021",15-29,Urban,Female,27.1
India,Telangana,"PLFS Year (Jul - Jun), 2021",15-29,Urban,Person,19.2
India,Telangana,"PLFS Year (Jul - Jun), 2021",15-29,Rural+Urban,Male,12.3
India,Telangana,"PLFS Year (Jul - Jun), 2021",15-29,Rural+Urban,Female,18.3
India,Telangana,"PLFS Year (Jul - Jun), 2021",15-29,Rural+Urban,Person,14.2
India,Telangana,"PLFS Year (Jul - Jun), 2021",15-59,Rural,Male,3.4
India,Telangana,"PLFS Year (Jul - Jun), 2021",15-59,Rural,Female,3.1
India,Telangana,"PLFS Year (Jul - Jun), 2021",15-59,Rural,Person,3.3
India,Telangana,"PLFS Year (Jul - Jun), 2021",15-59,Urban,Male,5.4
India,Telangana,"PLFS Year (Jul - Jun), 2021",15-59,Urban,Female,11.5
India,Telangana,"PLFS Year (Jul - Jun), 2021",15-59,Urban,Person,7.1
India,Telangana,"PLFS Year (Jul - Jun), 2021",15-59,Rural+Urban,Male,4.1
India,Telangana,"PLFS Year (Jul - Jun), 2021",15-59,Rural+Urban,Female,5.0
India,Telangana,"PLFS Year (Jul - Jun), 2021",15-59,Rural+Urban,Person,4.5
India,Telangana,"PLFS Year (Jul - Jun), 2021",15 years and above,Rural,Male,3.1
India,Telangana,"PLFS Year (Jul - Jun), 2021",15 years and above,Rural,Female,3.0
India,Telangana,"PLFS Year (Jul - Jun), 2021",15 years and above,Rural,Person,3.1
India,Telangana,"PLFS Year (Jul - Jun), 2021",15 years and above,Urban,Male,5.4
India,Telangana,"PLFS Year (Jul - Jun), 2021",15 years and above,Urban,Female,11.3
India,Telangana,"PLFS Year (Jul - Jun), 2021",15 years and above,Urban,Person,6.9
India,Telangana,"PLFS Year (Jul - Jun), 2021",15 years and above,Rural+Urban,Male,3.9
India,Telangana,"PLFS Year (Jul - Jun), 2021",15 years and above,Rural+Urban,Female,4.8
India,Telangana,"PLFS Year (Jul - Jun), 2021",15 years and above,Rural+Urban,Person,4.2
India,Telangana,"PLFS Year (Jul - Jun), 2021",all ages,Rural,Male,3.1
India,Telangana,"PLFS Year (Jul - Jun), 2021",all ages,Rural,Female,3.1
India,Telangana,"PLFS Year (Jul - Jun), 2021",all ages,Rural,Person,3.1
India,Telangana,"PLFS Year (Jul - Jun), 2021",all ages,Urban,Male,5.3
India,Telangana,"PLFS Year (Jul - Jun), 2021",all ages,Urban,Female,11.3
India,Telangana,"PLFS Year (Jul - Jun), 2021",all ages,Urban,Person,6.9
India,Telangana,"PLFS Year (Jul - Jun), 2021",all ages,Rural+Urban,Male,3.9
India,Telangana,"PLFS Year (Jul - Jun), 2021",all ages,Rural+Urban,Female,4.8
India,Telangana,"PLFS Year (Jul - Jun), 2021",all ages,Rural+Urban,Person,4.2
India,The Dadra and Nagar Haveli and Daman and Diu,"PLFS Year (Jul - Jun), 2021",15-29,Rural,Male,9.7
India,The Dadra and Nagar Haveli and Daman and Diu,"PLFS Year (Jul - Jun), 2021",15-29,Rural,Female,14.2
India,The Dadra and Nagar Haveli and Daman and Diu,"PLFS Year (Jul - Jun), 2021",15-29,Rural,Person,11.0
India,The Dadra and Nagar Haveli and Daman and Diu,"PLFS Year (Jul - Jun), 2021",15-29,Urban,Male,5.3
India,The Dadra and Nagar Haveli and Daman and Diu,"PLFS Year (Jul - Jun), 2021",15-29,Urban,Female,14.7
India,The Dadra and Nagar Haveli and Daman and Diu,"PLFS Year (Jul - Jun), 2021",15-29,Urban,Person,6.4
India,The Dadra and Nagar Haveli and Daman and Diu,"PLFS Year (Jul - Jun), 2021",15-29,Rural+Urban,Male,7.1
India,The Dadra and Nagar Haveli and Daman and Diu,"PLFS Year (Jul - Jun), 2021",15-29,Rural+Urban,Female,14.4
India,The Dadra and Nagar Haveli and Daman and Diu,"PLFS Year (Jul - Jun), 2021",15-29,Rural+Urban,Person,8.5
India,The Dadra and Nagar Haveli and Daman and Diu,"PLFS Year (Jul - Jun), 2021",15-59,Rural,Male,6.6
India,The Dadra and Nagar Haveli and Daman and Diu,"PLFS Year (Jul - Jun), 2021",15-59,Rural,Female,5.3
India,The Dadra and Nagar Haveli and Daman and Diu,"PLFS Year (Jul - Jun), 2021",15-59,Rural,Person,6.1
India,The Dadra and Nagar Haveli and Daman and Diu,"PLFS Year (Jul - Jun), 2021",15-59,Urban,Male,2.8
India,The Dadra and Nagar Haveli and Daman and Diu,"PLFS Year (Jul - Jun), 2021",15-59,Urban,Female,13.7
India,The Dadra and Nagar Haveli and Daman and Diu,"PLFS Year (Jul - Jun), 2021",15-59,Urban,Person,4.8
India,The Dadra and Nagar Haveli and Daman and Diu,"PLFS Year (Jul - Jun), 2021",15-59,Rural+Urban,Male,4.2
India,The Dadra and Nagar Haveli and Daman and Diu,"PLFS Year (Jul - Jun), 2021",15-59,Rural+Urban,Female,8.7
India,The Dadra and Nagar Haveli and Daman and Diu,"PLFS Year (Jul - Jun), 2021",15-59,Rural+Urban,Person,5.4
India,The Dadra and Nagar Haveli and Daman and Diu,"PLFS Year (Jul - Jun), 2021",15 years and above,Rural,Male,6.1
India,The Dadra and Nagar Haveli and Daman and Diu,"PLFS Year (Jul - Jun), 2021",15 years and above,Rural,Female,5.1
India,The Dadra and Nagar Haveli and Daman and Diu,"PLFS Year (Jul - Jun), 2021",15 years and above,Rural,Person,5.7
India,The Dadra and Nagar Haveli and Daman and Diu,"PLFS Year (Jul - Jun), 2021",15 years and above,Urban,Male,2.7
India,The Dadra and Nagar Haveli and Daman and Diu,"PLFS Year (Jul - Jun), 2021",15 years and above,Urban,Female,13.7
India,The Dadra and Nagar Haveli and Daman and Diu,"PLFS Year (Jul - Jun), 2021",15 years and above,Urban,Person,4.7
India,The Dadra and Nagar Haveli and Daman and Diu,"PLFS Year (Jul - Jun), 2021",15 years and above,Rural+Urban,Male,4.0
India,The Dadra and Nagar Haveli and Daman and Diu,"PLFS Year (Jul - Jun), 2021",15 years and above,Rural+Urban,Female,8.5
India,The Dadra and Nagar Haveli and Daman and Diu,"PLFS Year (Jul - Jun), 2021",15 years and above,Rural+Urban,Person,5.2
India,The Dadra and Nagar Haveli and Daman and Diu,"PLFS Year (Jul - Jun), 2021",all ages,Rural,Male,6.1
India,The Dadra and Nagar Haveli and Daman and Diu,"PLFS Year (Jul - Jun), 2021",all ages,Rural,Female,5.1
India,The Dadra and Nagar Haveli and Daman and Diu,"PLFS Year (Jul - Jun), 2021",all ages,Rural,Person,5.7
India,The Dadra and Nagar Haveli and Daman and Diu,"PLFS Year (Jul - Jun), 2021",all ages,Urban,Male,2.7
India,The Dadra and Nagar Haveli and Daman and Diu,"PLFS Year (Jul - Jun), 2021",all ages,Urban,Female,13.7
India,The Dadra and Nagar Haveli and Daman and Diu,"PLFS Year (Jul - Jun), 2021",all ages,Urban,Person,4.7
India,The Dadra and Nagar Haveli and Daman and Diu,"PLFS Year (Jul - Jun), 2021",all ages,Rural+Urban,Male,4.0
India,The Dadra and Nagar Haveli and Daman and Diu,"PLFS Year (Jul - Jun), 2021",all ages,Rural+Urban,Female,8.5
India,The Dadra and Nagar Haveli and Daman and Diu,"PLFS Year (Jul - Jun), 2021",all ages,Rural+Urban,Person,5.2
India,Tripura,"PLFS Year (Jul - Jun), 2021",15-29,Rural,Male,7.6
India,Tripura,"PLFS Year (Jul - Jun), 2021",15-29,Rural,Female,23.5
India,Tripura,"PLFS Year (Jul - Jun), 2021",15-29,Rural,Person,10.7
India,Tripura,"PLFS Year (Jul - Jun), 2021",15-29,Urban,Male,15.2
India,Tripura,"PLFS Year (Jul - Jun), 2021",15-29,Urban,Female,28.4
India,Tripura,"PLFS Year (Jul - Jun), 2021",15-29,Urban,Person,17.4
India,Tripura,"PLFS Year (Jul - Jun), 2021",15-29,Rural+Urban,Male,8.6
India,Tripura,"PLFS Year (Jul - Jun), 2021",15-29,Rural+Urban,Female,24.0
India,Tripura,"PLFS Year (Jul - Jun), 2021",15-29,Rural+Urban,Person,11.5
India,Tripura,"PLFS Year (Jul - Jun), 2021",15-59,Rural,Male,2.3
India,Tripura,"PLFS Year (Jul - Jun), 2021",15-59,Rural,Female,4.8
India,Tripura,"PLFS Year (Jul - Jun), 2021",15-59,Rural,Person,3.0
India,Tripura,"PLFS Year (Jul - Jun), 2021",15-59,Urban,Male,4.5
India,Tripura,"PLFS Year (Jul - Jun), 2021",15-59,Urban,Female,5.1
India,Tripura,"PLFS Year (Jul - Jun), 2021",15-59,Urban,Person,4.6
India,Tripura,"PLFS Year (Jul - Jun), 2021",15-59,Rural+Urban,Male,2.7
India,Tripura,"PLFS Year (Jul - Jun), 2021",15-59,Rural+Urban,Female,4.9
India,Tripura,"PLFS Year (Jul - Jun), 2021",15-59,Rural+Urban,Person,3.2
India,Tripura,"PLFS Year (Jul - Jun), 2021",15 years and above,Rural,Male,2.1
India,Tripura,"PLFS Year (Jul - Jun), 2021",15 years and above,Rural,Female,4.5
India,Tripura,"PLFS Year (Jul - Jun), 2021",15 years and above,Rural,Person,2.7
India,Tripura,"PLFS Year (Jul - Jun), 2021",15 years and above,Urban,Male,4.1
India,Tripura,"PLFS Year (Jul - Jun), 2021",15 years and above,Urban,Female,4.9
India,Tripura,"PLFS Year (Jul - Jun), 2021",15 years and above,Urban,Person,4.3
India,Tripura,"PLFS Year (Jul - Jun), 2021",15 years and above,Rural+Urban,Male,2.5
India,Tripura,"PLFS Year (Jul - Jun), 2021",15 years and above,Rural+Urban,Female,4.5
India,Tripura,"PLFS Year (Jul - Jun), 2021",15 years and above,Rural+Urban,Person,3.0
India,Tripura,"PLFS Year (Jul - Jun), 2021",all ages,Rural,Male,2.6
India,Tripura,"PLFS Year (Jul - Jun), 2021",all ages,Rural,Female,4.5
India,Tripura,"PLFS Year (Jul - Jun), 2021",all ages,Rural,Person,3.1
India,Tripura,"PLFS Year (Jul - Jun), 2021",all ages,Urban,Male,4.1
India,Tripura,"PLFS Year (Jul - Jun), 2021",all ages,Urban,Female,4.9
India,Tripura,"PLFS Year (Jul - Jun), 2021",all ages,Urban,Person,4.3
India,Tripura,"PLFS Year (Jul - Jun), 2021",all ages,Rural+Urban,Male,2.8
India,Tripura,"PLFS Year (Jul - Jun), 2021",all ages,Rural+Urban,Female,4.5
India,Tripura,"PLFS Year (Jul - Jun), 2021",all ages,Rural+Urban,Person,3.3
India,Uttar Pradesh,"PLFS Year (Jul - Jun), 2021",15-29,Rural,Male,6.9
India,Uttar Pradesh,"PLFS Year (Jul - Jun), 2021",15-29,Rural,Female,4.1
India,Uttar Pradesh,"PLFS Year (Jul - Jun), 2021",15-29,Rural,Person,6.3
India,Uttar Pradesh,"PLFS Year (Jul - Jun), 2021",15-29,Urban,Male,15.5
India,Uttar Pradesh,"PLFS Year (Jul - Jun), 2021",15-29,Urban,Female,19.7
India,Uttar Pradesh,"PLFS Year (Jul - Jun), 2021",15-29,Urban,Person,16.3
India,Uttar Pradesh,"PLFS Year (Jul - Jun), 2021",15-29,Rural+Urban,Male,8.6
India,Uttar Pradesh,"PLFS Year (Jul - Jun), 2021",15-29,Rural+Urban,Female,6.7
India,Uttar Pradesh,"PLFS Year (Jul - Jun), 2021",15-29,Rural+Urban,Person,8.2
India,Uttar Pradesh,"PLFS Year (Jul - Jun), 2021",15-59,Rural,Male,2.8
India,Uttar Pradesh,"PLFS Year (Jul - Jun), 2021",15-59,Rural,Female,1.1
India,Uttar Pradesh,"PLFS Year (Jul - Jun), 2021",15-59,Rural,Person,2.3
India,Uttar Pradesh,"PLFS Year (Jul - Jun), 2021",15-59,Urban,Male,6.6
India,Uttar Pradesh,"PLFS Year (Jul - Jun), 2021",15-59,Urban,Female,9.3
India,Uttar Pradesh,"PLFS Year (Jul - Jun), 2021",15-59,Urban,Person,7.0
India,Uttar Pradesh,"PLFS Year (Jul - Jun), 2021",15-59,Rural+Urban,Male,3.6
India,Uttar Pradesh,"PLFS Year (Jul - Jun), 2021",15-59,Rural+Urban,Female,2.0
India,Uttar Pradesh,"PLFS Year (Jul - Jun), 2021",15-59,Rural+Urban,Person,3.2
India,Uttar Pradesh,"PLFS Year (Jul - Jun), 2021",15 years and above,Rural,Male,2.5
India,Uttar Pradesh,"PLFS Year (Jul - Jun), 2021",15 years and above,Rural,Female,1.0
India,Uttar Pradesh,"PLFS Year (Jul - Jun), 2021",15 years and above,Rural,Person,2.1
India,Uttar Pradesh,"PLFS Year (Jul - Jun), 2021",15 years and above,Urban,Male,6.3
India,Uttar Pradesh,"PLFS Year (Jul - Jun), 2021",15 years and above,Urban,Female,8.9
India,Uttar Pradesh,"PLFS Year (Jul - Jun), 2021",15 years and above,Urban,Person,6.7
India,Uttar Pradesh,"PLFS Year (Jul - Jun), 2021",15 years and above,Rural+Urban,Male,3.3
India,Uttar Pradesh,"PLFS Year (Jul - Jun), 2021",15 years and above,Rural+Urban,Female,1.8
India,Uttar Pradesh,"PLFS Year (Jul - Jun), 2021",15 years and above,Rural+Urban,Person,2.9
India,Uttar Pradesh,"PLFS Year (Jul - Jun), 2021",all ages,Rural,Male,2.5
India,Uttar Pradesh,"PLFS Year (Jul - Jun), 2021",all ages,Rural,Female,1.0
India,Uttar Pradesh,"PLFS Year (Jul - Jun), 2021",all ages,Rural,Person,2.1
India,Uttar Pradesh,"PLFS Year (Jul - Jun), 2021",all ages,Urban,Male,6.3
India,Uttar Pradesh,"PLFS Year (Jul - Jun), 2021",all ages,Urban,Female,8.8
India,Uttar Pradesh,"PLFS Year (Jul - Jun), 2021",all ages,Urban,Person,6.7
India,Uttar Pradesh,"PLFS Year (Jul - Jun), 2021",all ages,Rural+Urban,Male,3.3
India,Uttar Pradesh,"PLFS Year (Jul - Jun), 2021",all ages,Rural+Urban,Female,1.8
India,Uttar Pradesh,"PLFS Year (Jul - Jun), 2021",all ages,Rural+Urban,Person,2.9
India,Uttarakhand,"PLFS Year (Jul - Jun), 2021",15-29,Rural,Male,21.7
India,Uttarakhand,"PLFS Year (Jul - Jun), 2021",15-29,Rural,Female,11.2
India,Uttarakhand,"PLFS Year (Jul - Jun), 2021",15-29,Rural,Person,19.0
India,Uttarakhand,"PLFS Year (Jul - Jun), 2021",15-29,Urban,Male,25.6
India,Uttarakhand,"PLFS Year (Jul - Jun), 2021",15-29,Urban,Female,33.9
India,Uttarakhand,"PLFS Year (Jul - Jun), 2021",15-29,Urban,Person,27.7
India,Uttarakhand,"PLFS Year (Jul - Jun), 2021",15-29,Rural+Urban,Male,22.6
India,Uttarakhand,"PLFS Year (Jul - Jun), 2021",15-29,Rural+Urban,Female,16.7
India,Uttarakhand,"PLFS Year (Jul - Jun), 2021",15-29,Rural+Urban,Person,21.1
India,Uttarakhand,"PLFS Year (Jul - Jun), 2021",15-59,Rural,Male,9.9
India,Uttarakhand,"PLFS Year (Jul - Jun), 2021",15-59,Rural,Female,3.1
India,Uttarakhand,"PLFS Year (Jul - Jun), 2021",15-59,Rural,Person,7.6
India,Uttarakhand,"PLFS Year (Jul - Jun), 2021",15-59,Urban,Male,9.6
India,Uttarakhand,"PLFS Year (Jul - Jun), 2021",15-59,Urban,Female,16.8
India,Uttarakhand,"PLFS Year (Jul - Jun), 2021",15-59,Urban,Person,11.1
India,Uttarakhand,"PLFS Year (Jul - Jun), 2021",15-59,Rural+Urban,Male,9.8
India,Uttarakhand,"PLFS Year (Jul - Jun), 2021",15-59,Rural+Urban,Female,5.2
India,Uttarakhand,"PLFS Year (Jul - Jun), 2021",15-59,Rural+Urban,Person,8.4
India,Uttarakhand,"PLFS Year (Jul - Jun), 2021",15 years and above,Rural,Male,9.2
India,Uttarakhand,"PLFS Year (Jul - Jun), 2021",15 years and above,Rural,Female,2.8
India,Uttarakhand,"PLFS Year (Jul - Jun), 2021",15 years and above,Rural,Person,7.0
India,Uttarakhand,"PLFS Year (Jul - Jun), 2021",15 years and above,Urban,Male,9.2
India,Uttarakhand,"PLFS Year (Jul - Jun), 2021",15 years and above,Urban,Female,16.4
India,Uttarakhand,"PLFS Year (Jul - Jun), 2021",15 years and above,Urban,Person,10.6
India,Uttarakhand,"PLFS Year (Jul - Jun), 2021",15 years and above,Rural+Urban,Male,9.2
India,Uttarakhand,"PLFS Year (Jul - Jun), 2021",15 years and above,Rural+Urban,Female,4.7
India,Uttarakhand,"PLFS Year (Jul - Jun), 2021",15 years and above,Rural+Urban,Person,7.8
India,Uttarakhand,"PLFS Year (Jul - Jun), 2021",all ages,Rural,Male,9.2
India,Uttarakhand,"PLFS Year (Jul - Jun), 2021",all ages,Rural,Female,2.8
India,Uttarakhand,"PLFS Year (Jul - Jun), 2021",all ages,Rural,Person,7.0
India,Uttarakhand,"PLFS Year (Jul - Jun), 2021",all ages,Urban,Male,9.2
India,Uttarakhand,"PLFS Year (Jul - Jun), 2021",all ages,Urban,Female,16.4
India,Uttarakhand,"PLFS Year (Jul - Jun), 2021",all ages,Urban,Person,10.6
India,Uttarakhand,"PLFS Year (Jul - Jun), 2021",all ages,Rural+Urban,Male,9.2
India,Uttarakhand,"PLFS Year (Jul - Jun), 2021",all ages,Rural+Urban,Female,4.7
India,Uttarakhand,"PLFS Year (Jul - Jun), 2021",all ages,Rural+Urban,Person,7.8
India,West Bengal,"PLFS Year (Jul - Jun), 2021",15-29,Rural,Male,12.2
India,West Bengal,"PLFS Year (Jul - Jun), 2021",15-29,Rural,Female,5.6
India,West Bengal,"PLFS Year (Jul - Jun), 2021",15-29,Rural,Person,10.8
India,West Bengal,"PLFS Year (Jul - Jun), 2021",15-29,Urban,Male,14.1
India,West Bengal,"PLFS Year (Jul - Jun), 2021",15-29,Urban,Female,9.7
India,West Bengal,"PLFS Year (Jul - Jun), 2021",15-29,Urban,Person,12.9
India,West Bengal,"PLFS Year (Jul - Jun), 2021",15-29,Rural+Urban,Male,12.6
India,West Bengal,"PLFS Year (Jul - Jun), 2021",15-29,Rural+Urban,Female,6.9
India,West Bengal,"PLFS Year (Jul - Jun), 2021",15-29,Rural+Urban,Person,11.3
India,West Bengal,"PLFS Year (Jul - Jun), 2021",15-59,Rural,Male,4.2
India,West Bengal,"PLFS Year (Jul - Jun), 2021",15-59,Rural,Female,1.3
India,West Bengal,"PLFS Year (Jul - Jun), 2021",15-59,Rural,Person,3.4
India,West Bengal,"PLFS Year (Jul - Jun), 2021",15-59,Urban,Male,5.1
India,West Bengal,"PLFS Year (Jul - Jun), 2021",15-59,Urban,Female,3.6
India,West Bengal,"PLFS Year (Jul - Jun), 2021",15-59,Urban,Person,4.8
India,West Bengal,"PLFS Year (Jul - Jun), 2021",15-59,Rural+Urban,Male,4.4
India,West Bengal,"PLFS Year (Jul - Jun), 2021",15-59,Rural+Urban,Female,2.0
India,West Bengal,"PLFS Year (Jul - Jun), 2021",15-59,Rural+Urban,Person,3.8
India,West Bengal,"PLFS Year (Jul - Jun), 2021",15 years and above,Rural,Male,3.7
India,West Bengal,"PLFS Year (Jul - Jun), 2021",15 years and above,Rural,Female,1.3
India,West Bengal,"PLFS Year (Jul - Jun), 2021",15 years and above,Rural,Person,3.1
India,West Bengal,"PLFS Year (Jul - Jun), 2021",15 years and above,Urban,Male,4.7
India,West Bengal,"PLFS Year (Jul - Jun), 2021",15 years and above,Urban,Female,3.5
India,West Bengal,"PLFS Year (Jul - Jun), 2021",15 years and above,Urban,Person,4.4
India,West Bengal,"PLFS Year (Jul - Jun), 2021",15 years and above,Rural+Urban,Male,4.0
India,West Bengal,"PLFS Year (Jul - Jun), 2021",15 years and above,Rural+Urban,Female,1.8
India,West Bengal,"PLFS Year (Jul - Jun), 2021",15 years and above,Rural+Urban,Person,3.4
India,West Bengal,"PLFS Year (Jul - Jun), 2021",all ages,Rural,Male,3.7
India,West Bengal,"PLFS Year (Jul - Jun), 2021",all ages,Rural,Female,1.3
India,West Bengal,"PLFS Year (Jul - Jun), 2021",all ages,Rural,Person,3.1
India,West Bengal,"PLFS Year (Jul - Jun), 2021",all ages,Urban,Male,4.8
India,West Bengal,"PLFS Year (Jul - Jun), 2021",all ages,Urban,Female,3.5
India,West Bengal,"PLFS Year (Jul - Jun), 2021",all ages,Urban,Person,4.4
India,West Bengal,"PLFS Year (Jul - Jun), 2021",all ages,Rural+Urban,Male,4.0
India,West Bengal,"PLFS Year (Jul - Jun), 2021",all ages,Rural+Urban,Female,1.8
India,West Bengal,"PLFS Year (Jul - Jun), 2021",all ages,Rural+Urban,Person,3.5
India,Andaman and Nicobar Islands,"PLFS Year (Jul - Jun), 2020",15-29,Rural,Male,12.3
India,Andaman and Nicobar Islands,"PLFS Year (Jul - Jun), 2020",15-29,Rural,Female,41.2
India,Andaman and Nicobar Islands,"PLFS Year (Jul - Jun), 2020",15-29,Rural,Person,23.5
India,Andaman and Nicobar Islands,"PLFS Year (Jul - Jun), 2020",15-29,Urban,Male,16.0
India,Andaman and Nicobar Islands,"PLFS Year (Jul - Jun), 2020",15-29,Urban,Female,53.0
India,Andaman and Nicobar Islands,"PLFS Year (Jul - Jun), 2020",15-29,Urban,Person,29.4
India,Andaman and Nicobar Islands,"PLFS Year (Jul - Jun), 2020",15-29,Rural+Urban,Male,14.1
India,Andaman and Nicobar Islands,"PLFS Year (Jul - Jun), 2020",15-29,Rural+Urban,Female,46.6
India,Andaman and Nicobar Islands,"PLFS Year (Jul - Jun), 2020",15-29,Rural+Urban,Person,26.3
India,Andaman and Nicobar Islands,"PLFS Year (Jul - Jun), 2020",15-59,Rural,Male,3.4
India,Andaman and Nicobar Islands,"PLFS Year (Jul - Jun), 2020",15-59,Rural,Female,16.8
India,Andaman and Nicobar Islands,"PLFS Year (Jul - Jun), 2020",15-59,Rural,Person,8.5
India,Andaman and Nicobar Islands,"PLFS Year (Jul - Jun), 2020",15-59,Urban,Male,4.8
India,Andaman and Nicobar Islands,"PLFS Year (Jul - Jun), 2020",15-59,Urban,Female,25.5
India,Andaman and Nicobar Islands,"PLFS Year (Jul - Jun), 2020",15-59,Urban,Person,11.1
India,Andaman and Nicobar Islands,"PLFS Year (Jul - Jun), 2020",15-59,Rural+Urban,Male,4.1
India,Andaman and Nicobar Islands,"PLFS Year (Jul - Jun), 2020",15-59,Rural+Urban,Female,20.1
India,Andaman and Nicobar Islands,"PLFS Year (Jul - Jun), 2020",15-59,Rural+Urban,Person,9.6
India,Andaman and Nicobar Islands,"PLFS Year (Jul - Jun), 2020",15 years and above,Rural,Male,3.2
India,Andaman and Nicobar Islands,"PLFS Year (Jul - Jun), 2020",15 years and above,Rural,Female,15.3
India,Andaman and Nicobar Islands,"PLFS Year (Jul - Jun), 2020",15 years and above,Rural,Person,7.9
India,Andaman and Nicobar Islands,"PLFS Year (Jul - Jun), 2020",15 years and above,Urban,Male,4.6
India,Andaman and Nicobar Islands,"PLFS Year (Jul - Jun), 2020",15 years and above,Urban,Female,24.7
India,Andaman and Nicobar Islands,"PLFS Year (Jul - Jun), 2020",15 years and above,Urban,Person,10.6
India,Andaman and Nicobar Islands,"PLFS Year (Jul - Jun), 2020",15 years and above,Rural+Urban,Male,3.8
India,Andaman and Nicobar Islands,"PLFS Year (Jul - Jun), 2020",15 years and above,Rural+Urban,Female,18.8
India,Andaman and Nicobar Islands,"PLFS Year (Jul - Jun), 2020",15 years and above,Rural+Urban,Person,9.1
India,Andaman and Nicobar Islands,"PLFS Year (Jul - Jun), 2020",all ages,Rural,Male,3.2
India,Andaman and Nicobar Islands,"PLFS Year (Jul - Jun), 2020",all ages,Rural,Female,15.3
India,Andaman and Nicobar Islands,"PLFS Year (Jul - Jun), 2020",all ages,Rural,Person,7.9
India,Andaman and Nicobar Islands,"PLFS Year (Jul - Jun), 2020",all ages,Urban,Male,4.6
India,Andaman and Nicobar Islands,"PLFS Year (Jul - Jun), 2020",all ages,Urban,Female,24.7
India,Andaman and Nicobar Islands,"PLFS Year (Jul - Jun), 2020",all ages,Urban,Person,10.6
India,Andaman and Nicobar Islands,"PLFS Year (Jul - Jun), 2020",all ages,Rural+Urban,Male,3.8
India,Andaman and Nicobar Islands,"PLFS Year (Jul - Jun), 2020",all ages,Rural+Urban,Female,18.8
India,Andaman and Nicobar Islands,"PLFS Year (Jul - Jun), 2020",all ages,Rural+Urban,Person,9.1
India,Andhra Pradesh,"PLFS Year (Jul - Jun), 2020",15-29,Rural,Male,16.8
India,Andhra Pradesh,"PLFS Year (Jul - Jun), 2020",15-29,Rural,Female,5.6
India,Andhra Pradesh,"PLFS Year (Jul - Jun), 2020",15-29,Rural,Person,13.1
India,Andhra Pradesh,"PLFS Year (Jul - Jun), 2020",15-29,Urban,Male,18.4
India,Andhra Pradesh,"PLFS Year (Jul - Jun), 2020",15-29,Urban,Female,26.1
India,Andhra Pradesh,"PLFS Year (Jul - Jun), 2020",15-29,Urban,Person,20.7
India,Andhra Pradesh,"PLFS Year (Jul - Jun), 2020",15-29,Rural+Urban,Male,17.3
India,Andhra Pradesh,"PLFS Year (Jul - Jun), 2020",15-29,Rural+Urban,Female,11.1
India,Andhra Pradesh,"PLFS Year (Jul - Jun), 2020",15-29,Rural+Urban,Person,15.3
India,Andhra Pradesh,"PLFS Year (Jul - Jun), 2020",15-59,Rural,Male,5.1
India,Andhra Pradesh,"PLFS Year (Jul - Jun), 2020",15-59,Rural,Female,1.3
India,Andhra Pradesh,"PLFS Year (Jul - Jun), 2020",15-59,Rural,Person,3.6
India,Andhra Pradesh,"PLFS Year (Jul - Jun), 2020",15-59,Urban,Male,5.8
India,Andhra Pradesh,"PLFS Year (Jul - Jun), 2020",15-59,Urban,Female,7.5
India,Andhra Pradesh,"PLFS Year (Jul - Jun), 2020",15-59,Urban,Person,6.3
India,Andhra Pradesh,"PLFS Year (Jul - Jun), 2020",15-59,Rural+Urban,Male,5.3
India,Andhra Pradesh,"PLFS Year (Jul - Jun), 2020",15-59,Rural+Urban,Female,2.8
India,Andhra Pradesh,"PLFS Year (Jul - Jun), 2020",15-59,Rural+Urban,Person,4.4
India,Andhra Pradesh,"PLFS Year (Jul - Jun), 2020",15 years and above,Rural,Male,4.7
India,Andhra Pradesh,"PLFS Year (Jul - Jun), 2020",15 years and above,Rural,Female,1.4
India,Andhra Pradesh,"PLFS Year (Jul - Jun), 2020",15 years and above,Rural,Person,3.3
India,Andhra Pradesh,"PLFS Year (Jul - Jun), 2020",15 years and above,Urban,Male,5.4
India,Andhra Pradesh,"PLFS Year (Jul - Jun), 2020",15 years and above,Urban,Female,7.2
India,Andhra Pradesh,"PLFS Year (Jul - Jun), 2020",15 years and above,Urban,Person,6.0
India,Andhra Pradesh,"PLFS Year (Jul - Jun), 2020",15 years and above,Rural+Urban,Male,4.9
India,Andhra Pradesh,"PLFS Year (Jul - Jun), 2020",15 years and above,Rural+Urban,Female,2.7
India,Andhra Pradesh,"PLFS Year (Jul - Jun), 2020",15 years and above,Rural+Urban,Person,4.1
India,Andhra Pradesh,"PLFS Year (Jul - Jun), 2020",all ages,Rural,Male,4.7
India,Andhra Pradesh,"PLFS Year (Jul - Jun), 2020",all ages,Rural,Female,1.3
India,Andhra Pradesh,"PLFS Year (Jul - Jun), 2020",all ages,Rural,Person,3.3
India,Andhra Pradesh,"PLFS Year (Jul - Jun), 2020",all ages,Urban,Male,5.5
India,Andhra Pradesh,"PLFS Year (Jul - Jun), 2020",all ages,Urban,Female,7.2
India,Andhra Pradesh,"PLFS Year (Jul - Jun), 2020",all ages,Urban,Person,6.0
India,Andhra Pradesh,"PLFS Year (Jul - Jun), 2020",all ages,Rural+Urban,Male,4.9
India,Andhra Pradesh,"PLFS Year (Jul - Jun), 2020",all ages,Rural+Urban,Female,2.7
India,Andhra Pradesh,"PLFS Year (Jul - Jun), 2020",all ages,Rural+Urban,Person,4.1
India,Arunachal Pradesh,"PLFS Year (Jul - Jun), 2020",15-29,Rural,Male,14.7
India,Arunachal Pradesh,"PLFS Year (Jul - Jun), 2020",15-29,Rural,Female,27.0
India,Arunachal Pradesh,"PLFS Year (Jul - Jun), 2020",15-29,Rural,Person,18.1
India,Arunachal Pradesh,"PLFS Year (Jul - Jun), 2020",15-29,Urban,Male,37.7
India,Arunachal Pradesh,"PLFS Year (Jul - Jun), 2020",15-29,Urban,Female,43.6
India,Arunachal Pradesh,"PLFS Year (Jul - Jun), 2020",15-29,Urban,Person,39.6
India,Arunachal Pradesh,"PLFS Year (Jul - Jun), 2020",15-29,Rural+Urban,Male,18.6
India,Arunachal Pradesh,"PLFS Year (Jul - Jun), 2020",15-29,Rural+Urban,Female,30.3
India,Arunachal Pradesh,"PLFS Year (Jul - Jun), 2020",15-29,Rural+Urban,Person,21.9
India,Arunachal Pradesh,"PLFS Year (Jul - Jun), 2020",15-59,Rural,Male,3.7
India,Arunachal Pradesh,"PLFS Year (Jul - Jun), 2020",15-59,Rural,Female,8.6
India,Arunachal Pradesh,"PLFS Year (Jul - Jun), 2020",15-59,Rural,Person,4.9
India,Arunachal Pradesh,"PLFS Year (Jul - Jun), 2020",15-59,Urban,Male,9.7
India,Arunachal Pradesh,"PLFS Year (Jul - Jun), 2020",15-59,Urban,Female,14.3
India,Arunachal Pradesh,"PLFS Year (Jul - Jun), 2020",15-59,Urban,Person,10.9
India,Arunachal Pradesh,"PLFS Year (Jul - Jun), 2020",15-59,Rural+Urban,Male,4.7
India,Arunachal Pradesh,"PLFS Year (Jul - Jun), 2020",15-59,Rural+Urban,Female,9.5
India,Arunachal Pradesh,"PLFS Year (Jul - Jun), 2020",15-59,Rural+Urban,Person,6.0
India,Arunachal Pradesh,"PLFS Year (Jul - Jun), 2020",15 years and above,Rural,Male,3.5
India,Arunachal Pradesh,"PLFS Year (Jul - Jun), 2020",15 years and above,Rural,Female,8.3
India,Arunachal Pradesh,"PLFS Year (Jul - Jun), 2020",15 years and above,Rural,Person,4.8
India,Arunachal Pradesh,"PLFS Year (Jul - Jun), 2020",15 years and above,Urban,Male,9.5
India,Arunachal Pradesh,"PLFS Year (Jul - Jun), 2020",15 years and above,Urban,Female,14.0
India,Arunachal Pradesh,"PLFS Year (Jul - Jun), 2020",15 years and above,Urban,Person,10.6
India,Arunachal Pradesh,"PLFS Year (Jul - Jun), 2020",15 years and above,Rural+Urban,Male,4.5
India,Arunachal Pradesh,"PLFS Year (Jul - Jun), 2020",15 years and above,Rural+Urban,Female,9.3
India,Arunachal Pradesh,"PLFS Year (Jul - Jun), 2020",15 years and above,Rural+Urban,Person,5.7
India,Arunachal Pradesh,"PLFS Year (Jul - Jun), 2020",all ages,Rural,Male,3.5
India,Arunachal Pradesh,"PLFS Year (Jul - Jun), 2020",all ages,Rural,Female,8.3
India,Arunachal Pradesh,"PLFS Year (Jul - Jun), 2020",all ages,Rural,Person,4.8
India,Arunachal Pradesh,"PLFS Year (Jul - Jun), 2020",all ages,Urban,Male,9.5
India,Arunachal Pradesh,"PLFS Year (Jul - Jun), 2020",all ages,Urban,Female,14.0
India,Arunachal Pradesh,"PLFS Year (Jul - Jun), 2020",all ages,Urban,Person,10.6
India,Arunachal Pradesh,"PLFS Year (Jul - Jun), 2020",all ages,Rural+Urban,Male,4.5
India,Arunachal Pradesh,"PLFS Year (Jul - Jun), 2020",all ages,Rural+Urban,Female,9.3
India,Arunachal Pradesh,"PLFS Year (Jul - Jun), 2020",all ages,Rural+Urban,Person,5.7
India,Assam,"PLFS Year (Jul - Jun), 2020",15-29,Rural,Male,13.3
India,Assam,"PLFS Year (Jul - Jun), 2020",15-29,Rural,Female,17.4
India,Assam,"PLFS Year (Jul - Jun), 2020",15-29,Rural,Person,14.4
India,Assam,"PLFS Year (Jul - Jun), 2020",15-29,Urban,Male,23.4
India,Assam,"PLFS Year (Jul - Jun), 2020",15-29,Urban,Female,45.1
India,Assam,"PLFS Year (Jul - Jun), 2020",15-29,Urban,Person,30.0
India,Assam,"PLFS Year (Jul - Jun), 2020",15-29,Rural+Urban,Male,14.4
India,Assam,"PLFS Year (Jul - Jun), 2020",15-29,Rural+Urban,Female,20.9
India,Assam,"PLFS Year (Jul - Jun), 2020",15-29,Rural+Urban,Person,16.1
India,Assam,"PLFS Year (Jul - Jun), 2020",15-59,Rural,Male,3.2
India,Assam,"PLFS Year (Jul - Jun), 2020",15-59,Rural,Female,5.9
India,Assam,"PLFS Year (Jul - Jun), 2020",15-59,Rural,Person,3.8
India,Assam,"PLFS Year (Jul - Jun), 2020",15-59,Urban,Male,5.8
India,Assam,"PLFS Year (Jul - Jun), 2020",15-59,Urban,Female,17.3
India,Assam,"PLFS Year (Jul - Jun), 2020",15-59,Urban,Person,8.2
India,Assam,"PLFS Year (Jul - Jun), 2020",15-59,Rural+Urban,Male,3.5
India,Assam,"PLFS Year (Jul - Jun), 2020",15-59,Rural+Urban,Female,7.1
India,Assam,"PLFS Year (Jul - Jun), 2020",15-59,Rural+Urban,Person,4.3
India,Assam,"PLFS Year (Jul - Jun), 2020",15 years and above,Rural,Male,3.0
India,Assam,"PLFS Year (Jul - Jun), 2020",15 years and above,Rural,Female,5.7
India,Assam,"PLFS Year (Jul - Jun), 2020",15 years and above,Rural,Person,3.6
India,Assam,"PLFS Year (Jul - Jun), 2020",15 years and above,Urban,Male,5.6
India,Assam,"PLFS Year (Jul - Jun), 2020",15 years and above,Urban,Female,16.9
India,Assam,"PLFS Year (Jul - Jun), 2020",15 years and above,Urban,Person,7.8
India,Assam,"PLFS Year (Jul - Jun), 2020",15 years and above,Rural+Urban,Male,3.3
India,Assam,"PLFS Year (Jul - Jun), 2020",15 years and above,Rural+Urban,Female,6.8
India,Assam,"PLFS Year (Jul - Jun), 2020",15 years and above,Rural+Urban,Person,4.1
India,Assam,"PLFS Year (Jul - Jun), 2020",all ages,Rural,Male,3.0
India,Assam,"PLFS Year (Jul - Jun), 2020",all ages,Rural,Female,5.7
India,Assam,"PLFS Year (Jul - Jun), 2020",all ages,Rural,Person,3.6
India,Assam,"PLFS Year (Jul - Jun), 2020",all ages,Urban,Male,5.5
India,Assam,"PLFS Year (Jul - Jun), 2020",all ages,Urban,Female,16.9
India,Assam,"PLFS Year (Jul - Jun), 2020",all ages,Urban,Person,7.8
India,Assam,"PLFS Year (Jul - Jun), 2020",all ages,Rural+Urban,Male,3.3
India,Assam,"PLFS Year (Jul - Jun), 2020",all ages,Rural+Urban,Female,6.8
India,Assam,"PLFS Year (Jul - Jun), 2020",all ages,Rural+Urban,Person,4.1
India,Bihar,"PLFS Year (Jul - Jun), 2020",15-29,Rural,Male,16.3
India,Bihar,"PLFS Year (Jul - Jun), 2020",15-29,Rural,Female,10.0
India,Bihar,"PLFS Year (Jul - Jun), 2020",15-29,Rural,Person,15.7
India,Bihar,"PLFS Year (Jul - Jun), 2020",15-29,Urban,Male,25.1
India,Bihar,"PLFS Year (Jul - Jun), 2020",15-29,Urban,Female,51.7
India,Bihar,"PLFS Year (Jul - Jun), 2020",15-29,Urban,Person,27.4
India,Bihar,"PLFS Year (Jul - Jun), 2020",15-29,Rural+Urban,Male,17.3
India,Bihar,"PLFS Year (Jul - Jun), 2020",15-29,Rural+Urban,Female,14.4
India,Bihar,"PLFS Year (Jul - Jun), 2020",15-29,Rural+Urban,Person,17.0
India,Bihar,"PLFS Year (Jul - Jun), 2020",15-59,Rural,Male,4.9
India,Bihar,"PLFS Year (Jul - Jun), 2020",15-59,Rural,Female,2.0
India,Bihar,"PLFS Year (Jul - Jun), 2020",15-59,Rural,Person,4.5
India,Bihar,"PLFS Year (Jul - Jun), 2020",15-59,Urban,Male,9.5
India,Bihar,"PLFS Year (Jul - Jun), 2020",15-59,Urban,Female,17.4
India,Bihar,"PLFS Year (Jul - Jun), 2020",15-59,Urban,Person,10.2
India,Bihar,"PLFS Year (Jul - Jun), 2020",15-59,Rural+Urban,Male,5.4
India,Bihar,"PLFS Year (Jul - Jun), 2020",15-59,Rural+Urban,Female,3.0
India,Bihar,"PLFS Year (Jul - Jun), 2020",15-59,Rural+Urban,Person,5.1
India,Bihar,"PLFS Year (Jul - Jun), 2020",15 years and above,Rural,Male,4.4
India,Bihar,"PLFS Year (Jul - Jun), 2020",15 years and above,Rural,Female,1.9
India,Bihar,"PLFS Year (Jul - Jun), 2020",15 years and above,Rural,Person,4.1
India,Bihar,"PLFS Year (Jul - Jun), 2020",15 years and above,Urban,Male,9.0
India,Bihar,"PLFS Year (Jul - Jun), 2020",15 years and above,Urban,Female,17.0
India,Bihar,"PLFS Year (Jul - Jun), 2020",15 years and above,Urban,Person,9.6
India,Bihar,"PLFS Year (Jul - Jun), 2020",15 years and above,Rural+Urban,Male,4.8
India,Bihar,"PLFS Year (Jul - Jun), 2020",15 years and above,Rural+Urban,Female,2.8
India,Bihar,"PLFS Year (Jul - Jun), 2020",15 years and above,Rural+Urban,Person,4.6
India,Bihar,"PLFS Year (Jul - Jun), 2020",all ages,Rural,Male,4.5
India,Bihar,"PLFS Year (Jul - Jun), 2020",all ages,Rural,Female,1.9
India,Bihar,"PLFS Year (Jul - Jun), 2020",all ages,Rural,Person,4.2
India,Bihar,"PLFS Year (Jul - Jun), 2020",all ages,Urban,Male,9.0
India,Bihar,"PLFS Year (Jul - Jun), 2020",all ages,Urban,Female,17.0
India,Bihar,"PLFS Year (Jul - Jun), 2020",all ages,Urban,Person,9.6
India,Bihar,"PLFS Year (Jul - Jun), 2020",all ages,Rural+Urban,Male,5.0
India,Bihar,"PLFS Year (Jul - Jun), 2020",all ages,Rural+Urban,Female,2.8
India,Bihar,"PLFS Year (Jul - Jun), 2020",all ages,Rural+Urban,Person,4.7
India,Chandigarh,"PLFS Year (Jul - Jun), 2020",15-29,Rural,Male,2.9
India,Chandigarh,"PLFS Year (Jul - Jun), 2020",15-29,Rural,Female,27.6
India,Chandigarh,"PLFS Year (Jul - Jun), 2020",15-29,Rural,Person,6.0
India,Chandigarh,"PLFS Year (Jul - Jun), 2020",15-29,Urban,Male,20.2
India,Chandigarh,"PLFS Year (Jul - Jun), 2020",15-29,Urban,Female,8.8
India,Chandigarh,"PLFS Year (Jul - Jun), 2020",15-29,Urban,Person,16.9
India,Chandigarh,"PLFS Year (Jul - Jun), 2020",15-29,Rural+Urban,Male,19.4
India,Chandigarh,"PLFS Year (Jul - Jun), 2020",15-29,Rural+Urban,Female,9.1
India,Chandigarh,"PLFS Year (Jul - Jun), 2020",15-29,Rural+Urban,Person,16.5
India,Chandigarh,"PLFS Year (Jul - Jun), 2020",15-59,Rural,Male,0.8
India,Chandigarh,"PLFS Year (Jul - Jun), 2020",15-59,Rural,Female,4.8
India,Chandigarh,"PLFS Year (Jul - Jun), 2020",15-59,Rural,Person,1.5
India,Chandigarh,"PLFS Year (Jul - Jun), 2020",15-59,Urban,Male,8.9
India,Chandigarh,"PLFS Year (Jul - Jun), 2020",15-59,Urban,Female,4.0
India,Chandigarh,"PLFS Year (Jul - Jun), 2020",15-59,Urban,Person,7.6
India,Chandigarh,"PLFS Year (Jul - Jun), 2020",15-59,Rural+Urban,Male,8.6
India,Chandigarh,"PLFS Year (Jul - Jun), 2020",15-59,Rural+Urban,Female,4.0
India,Chandigarh,"PLFS Year (Jul - Jun), 2020",15-59,Rural+Urban,Person,7.3
India,Chandigarh,"PLFS Year (Jul - Jun), 2020",15 years and above,Rural,Male,0.8
India,Chandigarh,"PLFS Year (Jul - Jun), 2020",15 years and above,Rural,Female,4.8
India,Chandigarh,"PLFS Year (Jul - Jun), 2020",15 years and above,Rural,Person,1.5
India,Chandigarh,"PLFS Year (Jul - Jun), 2020",15 years and above,Urban,Male,8.6
India,Chandigarh,"PLFS Year (Jul - Jun), 2020",15 years and above,Urban,Female,4.0
India,Chandigarh,"PLFS Year (Jul - Jun), 2020",15 years and above,Urban,Person,7.4
India,Chandigarh,"PLFS Year (Jul - Jun), 2020",15 years and above,Rural+Urban,Male,8.2
India,Chandigarh,"PLFS Year (Jul - Jun), 2020",15 years and above,Rural+Urban,Female,4.0
India,Chandigarh,"PLFS Year (Jul - Jun), 2020",15 years and above,Rural+Urban,Person,7.1
India,Chandigarh,"PLFS Year (Jul - Jun), 2020",all ages,Rural,Male,0.8
India,Chandigarh,"PLFS Year (Jul - Jun), 2020",all ages,Rural,Female,4.8
India,Chandigarh,"PLFS Year (Jul - Jun), 2020",all ages,Rural,Person,1.5
India,Chandigarh,"PLFS Year (Jul - Jun), 2020",all ages,Urban,Male,9.0
India,Chandigarh,"PLFS Year (Jul - Jun), 2020",all ages,Urban,Female,4.0
India,Chandigarh,"PLFS Year (Jul - Jun), 2020",all ages,Urban,Person,7.7
India,Chandigarh,"PLFS Year (Jul - Jun), 2020",all ages,Rural+Urban,Male,8.7
India,Chandigarh,"PLFS Year (Jul - Jun), 2020",all ages,Rural+Urban,Female,4.0
India,Chandigarh,"PLFS Year (Jul - Jun), 2020",all ages,Rural+Urban,Person,7.5
India,Chhattisgarh,"PLFS Year (Jul - Jun), 2020",15-29,Rural,Male,8.1
India,Chhattisgarh,"PLFS Year (Jul - Jun), 2020",15-29,Rural,Female,2.1
India,Chhattisgarh,"PLFS Year (Jul - Jun), 2020",15-29,Rural,Person,5.8
India,Chhattisgarh,"PLFS Year (Jul - Jun), 2020",15-29,Urban,Male,16.9
India,Chhattisgarh,"PLFS Year (Jul - Jun), 2020",15-29,Urban,Female,23.2
India,Chhattisgarh,"PLFS Year (Jul - Jun), 2020",15-29,Urban,Person,18.6
India,Chhattisgarh,"PLFS Year (Jul - Jun), 2020",15-29,Rural+Urban,Male,9.6
India,Chhattisgarh,"PLFS Year (Jul - Jun), 2020",15-29,Rural+Urban,Female,4.2
India,Chhattisgarh,"PLFS Year (Jul - Jun), 2020",15-29,Rural+Urban,Person,7.5
India,Chhattisgarh,"PLFS Year (Jul - Jun), 2020",15-59,Rural,Male,2.9
India,Chhattisgarh,"PLFS Year (Jul - Jun), 2020",15-59,Rural,Female,0.8
India,Chhattisgarh,"PLFS Year (Jul - Jun), 2020",15-59,Rural,Person,2.0
India,Chhattisgarh,"PLFS Year (Jul - Jun), 2020",15-59,Urban,Male,6.1
India,Chhattisgarh,"PLFS Year (Jul - Jun), 2020",15-59,Urban,Female,7.2
India,Chhattisgarh,"PLFS Year (Jul - Jun), 2020",15-59,Urban,Person,6.4
India,Chhattisgarh,"PLFS Year (Jul - Jun), 2020",15-59,Rural+Urban,Male,3.5
India,Chhattisgarh,"PLFS Year (Jul - Jun), 2020",15-59,Rural+Urban,Female,1.4
India,Chhattisgarh,"PLFS Year (Jul - Jun), 2020",15-59,Rural+Urban,Person,2.7
India,Chhattisgarh,"PLFS Year (Jul - Jun), 2020",15 years and above,Rural,Male,2.7
India,Chhattisgarh,"PLFS Year (Jul - Jun), 2020",15 years and above,Rural,Female,0.7
India,Chhattisgarh,"PLFS Year (Jul - Jun), 2020",15 years and above,Rural,Person,1.8
India,Chhattisgarh,"PLFS Year (Jul - Jun), 2020",15 years and above,Urban,Male,5.7
India,Chhattisgarh,"PLFS Year (Jul - Jun), 2020",15 years and above,Urban,Female,7.1
India,Chhattisgarh,"PLFS Year (Jul - Jun), 2020",15 years and above,Urban,Person,6.1
India,Chhattisgarh,"PLFS Year (Jul - Jun), 2020",15 years and above,Rural+Urban,Male,3.3
India,Chhattisgarh,"PLFS Year (Jul - Jun), 2020",15 years and above,Rural+Urban,Female,1.3
India,Chhattisgarh,"PLFS Year (Jul - Jun), 2020",15 years and above,Rural+Urban,Person,2.5
India,Chhattisgarh,"PLFS Year (Jul - Jun), 2020",all ages,Rural,Male,2.7
India,Chhattisgarh,"PLFS Year (Jul - Jun), 2020",all ages,Rural,Female,0.7
India,Chhattisgarh,"PLFS Year (Jul - Jun), 2020",all ages,Rural,Person,1.8
India,Chhattisgarh,"PLFS Year (Jul - Jun), 2020",all ages,Urban,Male,6.0
India,Chhattisgarh,"PLFS Year (Jul - Jun), 2020",all ages,Urban,Female,7.0
India,Chhattisgarh,"PLFS Year (Jul - Jun), 2020",all ages,Urban,Person,6.3
India,Chhattisgarh,"PLFS Year (Jul - Jun), 2020",all ages,Rural+Urban,Male,3.3
India,Chhattisgarh,"PLFS Year (Jul - Jun), 2020",all ages,Rural+Urban,Female,1.3
India,Chhattisgarh,"PLFS Year (Jul - Jun), 2020",all ages,Rural+Urban,Person,2.5
India,Delhi,"PLFS Year (Jul - Jun), 2020",15-29,Rural,Male,14.6
India,Delhi,"PLFS Year (Jul - Jun), 2020",15-29,Rural,Female,0.0
India,Delhi,"PLFS Year (Jul - Jun), 2020",15-29,Rural,Person,13.5
India,Delhi,"PLFS Year (Jul - Jun), 2020",15-29,Urban,Male,15.6
India,Delhi,"PLFS Year (Jul - Jun), 2020",15-29,Urban,Female,18.3
India,Delhi,"PLFS Year (Jul - Jun), 2020",15-29,Urban,Person,16.0
India,Delhi,"PLFS Year (Jul - Jun), 2020",15-29,Rural+Urban,Male,15.5
India,Delhi,"PLFS Year (Jul - Jun), 2020",15-29,Rural+Urban,Female,18.1
India,Delhi,"PLFS Year (Jul - Jun), 2020",15-29,Rural+Urban,Person,15.9
India,Delhi,"PLFS Year (Jul - Jun), 2020",15-59,Rural,Male,6.3
India,Delhi,"PLFS Year (Jul - Jun), 2020",15-59,Rural,Female,1.1
India,Delhi,"PLFS Year (Jul - Jun), 2020",15-59,Rural,Person,5.8
India,Delhi,"PLFS Year (Jul - Jun), 2020",15-59,Urban,Male,6.4
India,Delhi,"PLFS Year (Jul - Jun), 2020",15-59,Urban,Female,6.7
India,Delhi,"PLFS Year (Jul - Jun), 2020",15-59,Urban,Person,6.5
India,Delhi,"PLFS Year (Jul - Jun), 2020",15-59,Rural+Urban,Male,6.4
India,Delhi,"PLFS Year (Jul - Jun), 2020",15-59,Rural+Urban,Female,6.6
India,Delhi,"PLFS Year (Jul - Jun), 2020",15-59,Rural+Urban,Person,6.4
India,Delhi,"PLFS Year (Jul - Jun), 2020",15 years and above,Rural,Male,6.3
India,Delhi,"PLFS Year (Jul - Jun), 2020",15 years and above,Rural,Female,1.1
India,Delhi,"PLFS Year (Jul - Jun), 2020",15 years and above,Rural,Person,5.8
India,Delhi,"PLFS Year (Jul - Jun), 2020",15 years and above,Urban,Male,6.3
India,Delhi,"PLFS Year (Jul - Jun), 2020",15 years and above,Urban,Female,6.5
India,Delhi,"PLFS Year (Jul - Jun), 2020",15 years and above,Urban,Person,6.3
India,Delhi,"PLFS Year (Jul - Jun), 2020",15 years and above,Rural+Urban,Male,6.3
India,Delhi,"PLFS Year (Jul - Jun), 2020",15 years and above,Rural+Urban,Female,6.4
India,Delhi,"PLFS Year (Jul - Jun), 2020",15 years and above,Rural+Urban,Person,6.3
India,Delhi,"PLFS Year (Jul - Jun), 2020",all ages,Rural,Male,6.3
India,Delhi,"PLFS Year (Jul - Jun), 2020",all ages,Rural,Female,1.1
India,Delhi,"PLFS Year (Jul - Jun), 2020",all ages,Rural,Person,5.8
India,Delhi,"PLFS Year (Jul - Jun), 2020",all ages,Urban,Male,6.2
India,Delhi,"PLFS Year (Jul - Jun), 2020",all ages,Urban,Female,6.5
India,Delhi,"PLFS Year (Jul - Jun), 2020",all ages,Urban,Person,6.3
India,Delhi,"PLFS Year (Jul - Jun), 2020",all ages,Rural+Urban,Male,6.2
India,Delhi,"PLFS Year (Jul - Jun), 2020",all ages,Rural+Urban,Female,6.4
India,Delhi,"PLFS Year (Jul - Jun), 2020",all ages,Rural+Urban,Person,6.3
India,Goa,"PLFS Year (Jul - Jun), 2020",15-29,Rural,Male,27.3
India,Goa,"PLFS Year (Jul - Jun), 2020",15-29,Rural,Female,43.9
India,Goa,"PLFS Year (Jul - Jun), 2020",15-29,Rural,Person,32.3
India,Goa,"PLFS Year (Jul - Jun), 2020",15-29,Urban,Male,17.5
India,Goa,"PLFS Year (Jul - Jun), 2020",15-29,Urban,Female,34.2
India,Goa,"PLFS Year (Jul - Jun), 2020",15-29,Urban,Person,22.2
India,Goa,"PLFS Year (Jul - Jun), 2020",15-29,Rural+Urban,Male,20.9
India,Goa,"PLFS Year (Jul - Jun), 2020",15-29,Rural+Urban,Female,37.7
India,Goa,"PLFS Year (Jul - Jun), 2020",15-29,Rural+Urban,Person,25.8
India,Goa,"PLFS Year (Jul - Jun), 2020",15-59,Rural,Male,8.0
India,Goa,"PLFS Year (Jul - Jun), 2020",15-59,Rural,Female,16.4
India,Goa,"PLFS Year (Jul - Jun), 2020",15-59,Rural,Person,10.6
India,Goa,"PLFS Year (Jul - Jun), 2020",15-59,Urban,Male,10.6
India,Goa,"PLFS Year (Jul - Jun), 2020",15-59,Urban,Female,14.1
India,Goa,"PLFS Year (Jul - Jun), 2020",15-59,Urban,Person,11.5
India,Goa,"PLFS Year (Jul - Jun), 2020",15-59,Rural+Urban,Male,9.6
India,Goa,"PLFS Year (Jul - Jun), 2020",15-59,Rural+Urban,Female,15.1
India,Goa,"PLFS Year (Jul - Jun), 2020",15-59,Rural+Urban,Person,11.1
India,Goa,"PLFS Year (Jul - Jun), 2020",15 years and above,Rural,Male,7.5
India,Goa,"PLFS Year (Jul - Jun), 2020",15 years and above,Rural,Female,15.6
India,Goa,"PLFS Year (Jul - Jun), 2020",15 years and above,Rural,Person,10.0
India,Goa,"PLFS Year (Jul - Jun), 2020",15 years and above,Urban,Male,10.2
India,Goa,"PLFS Year (Jul - Jun), 2020",15 years and above,Urban,Female,12.8
India,Goa,"PLFS Year (Jul - Jun), 2020",15 years and above,Urban,Person,10.9
India,Goa,"PLFS Year (Jul - Jun), 2020",15 years and above,Rural+Urban,Male,9.1
India,Goa,"PLFS Year (Jul - Jun), 2020",15 years and above,Rural+Urban,Female,14.1
India,Goa,"PLFS Year (Jul - Jun), 2020",15 years and above,Rural+Urban,Person,10.5
India,Goa,"PLFS Year (Jul - Jun), 2020",all ages,Rural,Male,7.6
India,Goa,"PLFS Year (Jul - Jun), 2020",all ages,Rural,Female,15.6
India,Goa,"PLFS Year (Jul - Jun), 2020",all ages,Rural,Person,10.0
India,Goa,"PLFS Year (Jul - Jun), 2020",all ages,Urban,Male,10.2
India,Goa,"PLFS Year (Jul - Jun), 2020",all ages,Urban,Female,12.8
India,Goa,"PLFS Year (Jul - Jun), 2020",all ages,Urban,Person,10.9
India,Goa,"PLFS Year (Jul - Jun), 2020",all ages,Rural+Urban,Male,9.2
India,Goa,"PLFS Year (Jul - Jun), 2020",all ages,Rural+Urban,Female,14.1
India,Goa,"PLFS Year (Jul - Jun), 2020",all ages,Rural+Urban,Person,10.5
India,Gujarat,"PLFS Year (Jul - Jun), 2020",15-29,Rural,Male,3.0
India,Gujarat,"PLFS Year (Jul - Jun), 2020",15-29,Rural,Female,1.4
India,Gujarat,"PLFS Year (Jul - Jun), 2020",15-29,Rural,Person,2.6
India,Gujarat,"PLFS Year (Jul - Jun), 2020",15-29,Urban,Male,10.0
India,Gujarat,"PLFS Year (Jul - Jun), 2020",15-29,Urban,Female,9.9
India,Gujarat,"PLFS Year (Jul - Jun), 2020",15-29,Urban,Person,10.0
India,Gujarat,"PLFS Year (Jul - Jun), 2020",15-29,Rural+Urban,Male,5.9
India,Gujarat,"PLFS Year (Jul - Jun), 2020",15-29,Rural+Urban,Female,4.0
India,Gujarat,"PLFS Year (Jul - Jun), 2020",15-29,Rural+Urban,Person,5.5
India,Gujarat,"PLFS Year (Jul - Jun), 2020",15-59,Rural,Male,1.1
India,Gujarat,"PLFS Year (Jul - Jun), 2020",15-59,Rural,Female,0.4
India,Gujarat,"PLFS Year (Jul - Jun), 2020",15-59,Rural,Person,0.8
India,Gujarat,"PLFS Year (Jul - Jun), 2020",15-59,Urban,Male,4.2
India,Gujarat,"PLFS Year (Jul - Jun), 2020",15-59,Urban,Female,7.4
India,Gujarat,"PLFS Year (Jul - Jun), 2020",15-59,Urban,Person,4.8
India,Gujarat,"PLFS Year (Jul - Jun), 2020",15-59,Rural+Urban,Male,2.4
India,Gujarat,"PLFS Year (Jul - Jun), 2020",15-59,Rural+Urban,Female,2.1
India,Gujarat,"PLFS Year (Jul - Jun), 2020",15-59,Rural+Urban,Person,2.3
India,Gujarat,"PLFS Year (Jul - Jun), 2020",15 years and above,Rural,Male,1.0
India,Gujarat,"PLFS Year (Jul - Jun), 2020",15 years and above,Rural,Female,0.3
India,Gujarat,"PLFS Year (Jul - Jun), 2020",15 years and above,Rural,Person,0.8
India,Gujarat,"PLFS Year (Jul - Jun), 2020",15 years and above,Urban,Male,4.0
India,Gujarat,"PLFS Year (Jul - Jun), 2020",15 years and above,Urban,Female,7.1
India,Gujarat,"PLFS Year (Jul - Jun), 2020",15 years and above,Urban,Person,4.6
India,Gujarat,"PLFS Year (Jul - Jun), 2020",15 years and above,Rural+Urban,Male,2.3
India,Gujarat,"PLFS Year (Jul - Jun), 2020",15 years and above,Rural+Urban,Female,2.0
India,Gujarat,"PLFS Year (Jul - Jun), 2020",15 years and above,Rural+Urban,Person,2.2
India,Gujarat,"PLFS Year (Jul - Jun), 2020",all ages,Rural,Male,1.0
India,Gujarat,"PLFS Year (Jul - Jun), 2020",all ages,Rural,Female,0.3
India,Gujarat,"PLFS Year (Jul - Jun), 2020",all ages,Rural,Person,0.8
India,Gujarat,"PLFS Year (Jul - Jun), 2020",all ages,Urban,Male,4.0
India,Gujarat,"PLFS Year (Jul - Jun), 2020",all ages,Urban,Female,7.1
India,Gujarat,"PLFS Year (Jul - Jun), 2020",all ages,Urban,Person,4.6
India,Gujarat,"PLFS Year (Jul - Jun), 2020",all ages,Rural+Urban,Male,2.3
India,Gujarat,"PLFS Year (Jul - Jun), 2020",all ages,Rural+Urban,Female,2.0
India,Gujarat,"PLFS Year (Jul - Jun), 2020",all ages,Rural+Urban,Person,2.2
India,Haryana,"PLFS Year (Jul - Jun), 2020",15-29,Rural,Male,12.7
India,Haryana,"PLFS Year (Jul - Jun), 2020",15-29,Rural,Female,11.5
India,Haryana,"PLFS Year (Jul - Jun), 2020",15-29,Rural,Person,12.6
India,Haryana,"PLFS Year (Jul - Jun), 2020",15-29,Urban,Male,19.0
India,Haryana,"PLFS Year (Jul - Jun), 2020",15-29,Urban,Female,34.6
India,Haryana,"PLFS Year (Jul - Jun), 2020",15-29,Urban,Person,21.7
India,Haryana,"PLFS Year (Jul - Jun), 2020",15-29,Rural+Urban,Male,14.5
India,Haryana,"PLFS Year (Jul - Jun), 2020",15-29,Rural+Urban,Female,20.1
India,Haryana,"PLFS Year (Jul - Jun), 2020",15-29,Rural+Urban,Person,15.3
India,Haryana,"PLFS Year (Jul - Jun), 2020",15-59,Rural,Male,6.3
India,Haryana,"PLFS Year (Jul - Jun), 2020",15-59,Rural,Female,3.4
India,Haryana,"PLFS Year (Jul - Jun), 2020",15-59,Rural,Person,5.8
India,Haryana,"PLFS Year (Jul - Jun), 2020",15-59,Urban,Male,8.1
India,Haryana,"PLFS Year (Jul - Jun), 2020",15-59,Urban,Female,9.6
India,Haryana,"PLFS Year (Jul - Jun), 2020",15-59,Urban,Person,8.4
India,Haryana,"PLFS Year (Jul - Jun), 2020",15-59,Rural+Urban,Male,6.9
India,Haryana,"PLFS Year (Jul - Jun), 2020",15-59,Rural+Urban,Female,5.5
India,Haryana,"PLFS Year (Jul - Jun), 2020",15-59,Rural+Urban,Person,6.6
India,Haryana,"PLFS Year (Jul - Jun), 2020",15 years and above,Rural,Male,5.9
India,Haryana,"PLFS Year (Jul - Jun), 2020",15 years and above,Rural,Female,3.2
India,Haryana,"PLFS Year (Jul - Jun), 2020",15 years and above,Rural,Person,5.4
India,Haryana,"PLFS Year (Jul - Jun), 2020",15 years and above,Urban,Male,7.7
India,Haryana,"PLFS Year (Jul - Jun), 2020",15 years and above,Urban,Female,9.5
India,Haryana,"PLFS Year (Jul - Jun), 2020",15 years and above,Urban,Person,8.1
India,Haryana,"PLFS Year (Jul - Jun), 2020",15 years and above,Rural+Urban,Male,6.5
India,Haryana,"PLFS Year (Jul - Jun), 2020",15 years and above,Rural+Urban,Female,5.3
India,Haryana,"PLFS Year (Jul - Jun), 2020",15 years and above,Rural+Urban,Person,6.3
India,Haryana,"PLFS Year (Jul - Jun), 2020",all ages,Rural,Male,5.9
India,Haryana,"PLFS Year (Jul - Jun), 2020",all ages,Rural,Female,3.2
India,Haryana,"PLFS Year (Jul - Jun), 2020",all ages,Rural,Person,5.4
India,Haryana,"PLFS Year (Jul - Jun), 2020",all ages,Urban,Male,7.8
India,Haryana,"PLFS Year (Jul - Jun), 2020",all ages,Urban,Female,9.5
India,Haryana,"PLFS Year (Jul - Jun), 2020",all ages,Urban,Person,8.1
India,Haryana,"PLFS Year (Jul - Jun), 2020",all ages,Rural+Urban,Male,6.5
India,Haryana,"PLFS Year (Jul - Jun), 2020",all ages,Rural+Urban,Female,5.3
India,Haryana,"PLFS Year (Jul - Jun), 2020",all ages,Rural+Urban,Person,6.3
India,Himachal Pradesh,"PLFS Year (Jul - Jun), 2020",15-29,Rural,Male,14.4
India,Himachal Pradesh,"PLFS Year (Jul - Jun), 2020",15-29,Rural,Female,8.6
India,Himachal Pradesh,"PLFS Year (Jul - Jun), 2020",15-29,Rural,Person,12.1
India,Himachal Pradesh,"PLFS Year (Jul - Jun), 2020",15-29,Urban,Male,23.5
India,Himachal Pradesh,"PLFS Year (Jul - Jun), 2020",15-29,Urban,Female,21.6
India,Himachal Pradesh,"PLFS Year (Jul - Jun), 2020",15-29,Urban,Person,22.8
India,Himachal Pradesh,"PLFS Year (Jul - Jun), 2020",15-29,Rural+Urban,Male,15.1
India,Himachal Pradesh,"PLFS Year (Jul - Jun), 2020",15-29,Rural+Urban,Female,9.4
India,Himachal Pradesh,"PLFS Year (Jul - Jun), 2020",15-29,Rural+Urban,Person,12.8
India,Himachal Pradesh,"PLFS Year (Jul - Jun), 2020",15-59,Rural,Male,4.5
India,Himachal Pradesh,"PLFS Year (Jul - Jun), 2020",15-59,Rural,Female,2.3
India,Himachal Pradesh,"PLFS Year (Jul - Jun), 2020",15-59,Rural,Person,3.5
India,Himachal Pradesh,"PLFS Year (Jul - Jun), 2020",15-59,Urban,Male,6.6
India,Himachal Pradesh,"PLFS Year (Jul - Jun), 2020",15-59,Urban,Female,8.8
India,Himachal Pradesh,"PLFS Year (Jul - Jun), 2020",15-59,Urban,Person,7.2
India,Himachal Pradesh,"PLFS Year (Jul - Jun), 2020",15-59,Rural+Urban,Male,4.7
India,Himachal Pradesh,"PLFS Year (Jul - Jun), 2020",15-59,Rural+Urban,Female,2.7
India,Himachal Pradesh,"PLFS Year (Jul - Jun), 2020",15-59,Rural+Urban,Person,3.8
India,Himachal Pradesh,"PLFS Year (Jul - Jun), 2020",15 years and above,Rural,Male,3.8
India,Himachal Pradesh,"PLFS Year (Jul - Jun), 2020",15 years and above,Rural,Female,2.1
India,Himachal Pradesh,"PLFS Year (Jul - Jun), 2020",15 years and above,Rural,Person,3.0
India,Himachal Pradesh,"PLFS Year (Jul - Jun), 2020",15 years and above,Urban,Male,6.3
India,Himachal Pradesh,"PLFS Year (Jul - Jun), 2020",15 years and above,Urban,Female,8.5
India,Himachal Pradesh,"PLFS Year (Jul - Jun), 2020",15 years and above,Urban,Person,6.9
India,Himachal Pradesh,"PLFS Year (Jul - Jun), 2020",15 years and above,Rural+Urban,Male,4.1
India,Himachal Pradesh,"PLFS Year (Jul - Jun), 2020",15 years and above,Rural+Urban,Female,2.4
India,Himachal Pradesh,"PLFS Year (Jul - Jun), 2020",15 years and above,Rural+Urban,Person,3.3
India,Himachal Pradesh,"PLFS Year (Jul - Jun), 2020",all ages,Rural,Male,3.8
India,Himachal Pradesh,"PLFS Year (Jul - Jun), 2020",all ages,Rural,Female,2.1
India,Himachal Pradesh,"PLFS Year (Jul - Jun), 2020",all ages,Rural,Person,3.0
India,Himachal Pradesh,"PLFS Year (Jul - Jun), 2020",all ages,Urban,Male,6.3
India,Himachal Pradesh,"PLFS Year (Jul - Jun), 2020",all ages,Urban,Female,8.5
India,Himachal Pradesh,"PLFS Year (Jul - Jun), 2020",all ages,Urban,Person,6.9
India,Himachal Pradesh,"PLFS Year (Jul - Jun), 2020",all ages,Rural+Urban,Male,4.0
India,Himachal Pradesh,"PLFS Year (Jul - Jun), 2020",all ages,Rural+Urban,Female,2.4
India,Himachal Pradesh,"PLFS Year (Jul - Jun), 2020",all ages,Rural+Urban,Person,3.3
India,Jammu and Kashmir,"PLFS Year (Jul - Jun), 2020",15-29,Rural,Male,12.1
India,Jammu and Kashmir,"PLFS Year (Jul - Jun), 2020",15-29,Rural,Female,17.0
India,Jammu and Kashmir,"PLFS Year (Jul - Jun), 2020",15-29,Rural,Person,13.9
India,Jammu and Kashmir,"PLFS Year (Jul - Jun), 2020",15-29,Urban,Male,31.2
India,Jammu and Kashmir,"PLFS Year (Jul - Jun), 2020",15-29,Urban,Female,53.3
India,Jammu and Kashmir,"PLFS Year (Jul - Jun), 2020",15-29,Urban,Person,37.3
India,Jammu and Kashmir,"PLFS Year (Jul - Jun), 2020",15-29,Rural+Urban,Male,16.1
India,Jammu and Kashmir,"PLFS Year (Jul - Jun), 2020",15-29,Rural+Urban,Female,22.6
India,Jammu and Kashmir,"PLFS Year (Jul - Jun), 2020",15-29,Rural+Urban,Person,18.3
India,Jammu and Kashmir,"PLFS Year (Jul - Jun), 2020",15-59,Rural,Male,3.9
India,Jammu and Kashmir,"PLFS Year (Jul - Jun), 2020",15-59,Rural,Female,5.8
India,Jammu and Kashmir,"PLFS Year (Jul - Jun), 2020",15-59,Rural,Person,4.6
India,Jammu and Kashmir,"PLFS Year (Jul - Jun), 2020",15-59,Urban,Male,10.0
India,Jammu and Kashmir,"PLFS Year (Jul - Jun), 2020",15-59,Urban,Female,25.1
India,Jammu and Kashmir,"PLFS Year (Jul - Jun), 2020",15-59,Urban,Person,14.1
India,Jammu and Kashmir,"PLFS Year (Jul - Jun), 2020",15-59,Rural+Urban,Male,5.2
India,Jammu and Kashmir,"PLFS Year (Jul - Jun), 2020",15-59,Rural+Urban,Female,8.4
India,Jammu and Kashmir,"PLFS Year (Jul - Jun), 2020",15-59,Rural+Urban,Person,6.4
India,Jammu and Kashmir,"PLFS Year (Jul - Jun), 2020",15 years and above,Rural,Male,3.5
India,Jammu and Kashmir,"PLFS Year (Jul - Jun), 2020",15 years and above,Rural,Female,5.5
India,Jammu and Kashmir,"PLFS Year (Jul - Jun), 2020",15 years and above,Rural,Person,4.3
India,Jammu and Kashmir,"PLFS Year (Jul - Jun), 2020",15 years and above,Urban,Male,9.4
India,Jammu and Kashmir,"PLFS Year (Jul - Jun), 2020",15 years and above,Urban,Female,24.5
India,Jammu and Kashmir,"PLFS Year (Jul - Jun), 2020",15 years and above,Urban,Person,13.3
India,Jammu and Kashmir,"PLFS Year (Jul - Jun), 2020",15 years and above,Rural+Urban,Male,4.7
India,Jammu and Kashmir,"PLFS Year (Jul - Jun), 2020",15 years and above,Rural+Urban,Female,8.0
India,Jammu and Kashmir,"PLFS Year (Jul - Jun), 2020",15 years and above,Rural+Urban,Person,5.9
India,Jammu and Kashmir,"PLFS Year (Jul - Jun), 2020",all ages,Rural,Male,3.5
India,Jammu and Kashmir,"PLFS Year (Jul - Jun), 2020",all ages,Rural,Female,5.5
India,Jammu and Kashmir,"PLFS Year (Jul - Jun), 2020",all ages,Rural,Person,4.3
India,Jammu and Kashmir,"PLFS Year (Jul - Jun), 2020",all ages,Urban,Male,9.4
India,Jammu and Kashmir,"PLFS Year (Jul - Jun), 2020",all ages,Urban,Female,24.5
India,Jammu and Kashmir,"PLFS Year (Jul - Jun), 2020",all ages,Urban,Person,13.3
India,Jammu and Kashmir,"PLFS Year (Jul - Jun), 2020",all ages,Rural+Urban,Male,4.7
India,Jammu and Kashmir,"PLFS Year (Jul - Jun), 2020",all ages,Rural+Urban,Female,8.0
India,Jammu and Kashmir,"PLFS Year (Jul - Jun), 2020",all ages,Rural+Urban,Person,5.9
India,Jharkhand,"PLFS Year (Jul - Jun), 2020",15-29,Rural,Male,7.2
India,Jharkhand,"PLFS Year (Jul - Jun), 2020",15-29,Rural,Female,0.4
India,Jharkhand,"PLFS Year (Jul - Jun), 2020",15-29,Rural,Person,4.9
India,Jharkhand,"PLFS Year (Jul - Jun), 2020",15-29,Urban,Male,23.4
India,Jharkhand,"PLFS Year (Jul - Jun), 2020",15-29,Urban,Female,18.9
India,Jharkhand,"PLFS Year (Jul - Jun), 2020",15-29,Urban,Person,22.6
India,Jharkhand,"PLFS Year (Jul - Jun), 2020",15-29,Rural+Urban,Male,10.5
India,Jharkhand,"PLFS Year (Jul - Jun), 2020",15-29,Rural+Urban,Female,2.2
India,Jharkhand,"PLFS Year (Jul - Jun), 2020",15-29,Rural+Urban,Person,7.9
India,Jharkhand,"PLFS Year (Jul - Jun), 2020",15-59,Rural,Male,3.2
India,Jharkhand,"PLFS Year (Jul - Jun), 2020",15-59,Rural,Female,0.1
India,Jharkhand,"PLFS Year (Jul - Jun), 2020",15-59,Rural,Person,2.0
India,Jharkhand,"PLFS Year (Jul - Jun), 2020",15-59,Urban,Male,10.4
India,Jharkhand,"PLFS Year (Jul - Jun), 2020",15-59,Urban,Female,7.3
India,Jharkhand,"PLFS Year (Jul - Jun), 2020",15-59,Urban,Person,9.8
India,Jharkhand,"PLFS Year (Jul - Jun), 2020",15-59,Rural+Urban,Male,4.8
India,Jharkhand,"PLFS Year (Jul - Jun), 2020",15-59,Rural+Urban,Female,0.8
India,Jharkhand,"PLFS Year (Jul - Jun), 2020",15-59,Rural+Urban,Person,3.4
India,Jharkhand,"PLFS Year (Jul - Jun), 2020",15 years and above,Rural,Male,3.0
India,Jharkhand,"PLFS Year (Jul - Jun), 2020",15 years and above,Rural,Female,0.1
India,Jharkhand,"PLFS Year (Jul - Jun), 2020",15 years and above,Rural,Person,1.9
India,Jharkhand,"PLFS Year (Jul - Jun), 2020",15 years and above,Urban,Male,10.0
India,Jharkhand,"PLFS Year (Jul - Jun), 2020",15 years and above,Urban,Female,6.8
India,Jharkhand,"PLFS Year (Jul - Jun), 2020",15 years and above,Urban,Person,9.3
India,Jharkhand,"PLFS Year (Jul - Jun), 2020",15 years and above,Rural+Urban,Male,4.4
India,Jharkhand,"PLFS Year (Jul - Jun), 2020",15 years and above,Rural+Urban,Female,0.7
India,Jharkhand,"PLFS Year (Jul - Jun), 2020",15 years and above,Rural+Urban,Person,3.1
India,Jharkhand,"PLFS Year (Jul - Jun), 2020",all ages,Rural,Male,2.9
India,Jharkhand,"PLFS Year (Jul - Jun), 2020",all ages,Rural,Female,0.1
India,Jharkhand,"PLFS Year (Jul - Jun), 2020",all ages,Rural,Person,1.8
India,Jharkhand,"PLFS Year (Jul - Jun), 2020",all ages,Urban,Male,9.9
India,Jharkhand,"PLFS Year (Jul - Jun), 2020",all ages,Urban,Female,6.8
India,Jharkhand,"PLFS Year (Jul - Jun), 2020",all ages,Urban,Person,9.3
India,Jharkhand,"PLFS Year (Jul - Jun), 2020",all ages,Rural+Urban,Male,4.4
India,Jharkhand,"PLFS Year (Jul - Jun), 2020",all ages,Rural+Urban,Female,0.7
India,Jharkhand,"PLFS Year (Jul - Jun), 2020",all ages,Rural+Urban,Person,3.1
India,Karnataka,"PLFS Year (Jul - Jun), 2020",15-29,Rural,Male,6.9
India,Karnataka,"PLFS Year (Jul - Jun), 2020",15-29,Rural,Female,9.9
India,Karnataka,"PLFS Year (Jul - Jun), 2020",15-29,Rural,Person,7.8
India,Karnataka,"PLFS Year (Jul - Jun), 2020",15-29,Urban,Male,8.3
India,Karnataka,"PLFS Year (Jul - Jun), 2020",15-29,Urban,Female,16.5
India,Karnataka,"PLFS Year (Jul - Jun), 2020",15-29,Urban,Person,10.4
India,Karnataka,"PLFS Year (Jul - Jun), 2020",15-29,Rural+Urban,Male,7.4
India,Karnataka,"PLFS Year (Jul - Jun), 2020",15-29,Rural+Urban,Female,12.2
India,Karnataka,"PLFS Year (Jul - Jun), 2020",15-29,Rural+Urban,Person,8.8
India,Karnataka,"PLFS Year (Jul - Jun), 2020",15-59,Rural,Male,2.5
India,Karnataka,"PLFS Year (Jul - Jun), 2020",15-59,Rural,Female,2.1
India,Karnataka,"PLFS Year (Jul - Jun), 2020",15-59,Rural,Person,2.4
India,Karnataka,"PLFS Year (Jul - Jun), 2020",15-59,Urban,Male,3.5
India,Karnataka,"PLFS Year (Jul - Jun), 2020",15-59,Urban,Female,5.2
India,Karnataka,"PLFS Year (Jul - Jun), 2020",15-59,Urban,Person,4.0
India,Karnataka,"PLFS Year (Jul - Jun), 2020",15-59,Rural+Urban,Male,2.9
India,Karnataka,"PLFS Year (Jul - Jun), 2020",15-59,Rural+Urban,Female,3.0
India,Karnataka,"PLFS Year (Jul - Jun), 2020",15-59,Rural+Urban,Person,2.9
India,Karnataka,"PLFS Year (Jul - Jun), 2020",15 years and above,Rural,Male,2.2
India,Karnataka,"PLFS Year (Jul - Jun), 2020",15 years and above,Rural,Female,2.0
India,Karnataka,"PLFS Year (Jul - Jun), 2020",15 years and above,Rural,Person,2.1
India,Karnataka,"PLFS Year (Jul - Jun), 2020",15 years and above,Urban,Male,3.4
India,Karnataka,"PLFS Year (Jul - Jun), 2020",15 years and above,Urban,Female,5.0
India,Karnataka,"PLFS Year (Jul - Jun), 2020",15 years and above,Urban,Person,3.8
India,Karnataka,"PLFS Year (Jul - Jun), 2020",15 years and above,Rural+Urban,Male,2.6
India,Karnataka,"PLFS Year (Jul - Jun), 2020",15 years and above,Rural+Urban,Female,2.8
India,Karnataka,"PLFS Year (Jul - Jun), 2020",15 years and above,Rural+Urban,Person,2.7
India,Karnataka,"PLFS Year (Jul - Jun), 2020",all ages,Rural,Male,2.3
India,Karnataka,"PLFS Year (Jul - Jun), 2020",all ages,Rural,Female,2.0
India,Karnataka,"PLFS Year (Jul - Jun), 2020",all ages,Rural,Person,2.2
India,Karnataka,"PLFS Year (Jul - Jun), 2020",all ages,Urban,Male,3.4
India,Karnataka,"PLFS Year (Jul - Jun), 2020",all ages,Urban,Female,5.0
India,Karnataka,"PLFS Year (Jul - Jun), 2020",all ages,Urban,Person,3.8
India,Karnataka,"PLFS Year (Jul - Jun), 2020",all ages,Rural+Urban,Male,2.7
India,Karnataka,"PLFS Year (Jul - Jun), 2020",all ages,Rural+Urban,Female,2.8
India,Karnataka,"PLFS Year (Jul - Jun), 2020",all ages,Rural+Urban,Person,2.7
India,Kerala,"PLFS Year (Jul - Jun), 2020",15-29,Rural,Male,24.7
India,Kerala,"PLFS Year (Jul - Jun), 2020",15-29,Rural,Female,50.6
India,Kerala,"PLFS Year (Jul - Jun), 2020",15-29,Rural,Person,33.0
India,Kerala,"PLFS Year (Jul - Jun), 2020",15-29,Urban,Male,25.9
India,Kerala,"PLFS Year (Jul - Jun), 2020",15-29,Urban,Female,51.8
India,Kerala,"PLFS Year (Jul - Jun), 2020",15-29,Urban,Person,34.5
India,Kerala,"PLFS Year (Jul - Jun), 2020",15-29,Rural+Urban,Male,25.3
India,Kerala,"PLFS Year (Jul - Jun), 2020",15-29,Rural+Urban,Female,51.2
India,Kerala,"PLFS Year (Jul - Jun), 2020",15-29,Rural+Urban,Person,33.7
India,Kerala,"PLFS Year (Jul - Jun), 2020",15-59,Rural,Male,7.6
India,Kerala,"PLFS Year (Jul - Jun), 2020",15-59,Rural,Female,15.6
India,Kerala,"PLFS Year (Jul - Jun), 2020",15-59,Rural,Person,10.5
India,Kerala,"PLFS Year (Jul - Jun), 2020",15-59,Urban,Male,9.6
India,Kerala,"PLFS Year (Jul - Jun), 2020",15-59,Urban,Female,18.8
India,Kerala,"PLFS Year (Jul - Jun), 2020",15-59,Urban,Person,12.8
India,Kerala,"PLFS Year (Jul - Jun), 2020",15-59,Rural+Urban,Male,8.6
India,Kerala,"PLFS Year (Jul - Jun), 2020",15-59,Rural+Urban,Female,17.0
India,Kerala,"PLFS Year (Jul - Jun), 2020",15-59,Rural+Urban,Person,11.6
India,Kerala,"PLFS Year (Jul - Jun), 2020",15 years and above,Rural,Male,6.4
India,Kerala,"PLFS Year (Jul - Jun), 2020",15 years and above,Rural,Female,13.4
India,Kerala,"PLFS Year (Jul - Jun), 2020",15 years and above,Rural,Person,8.9
India,Kerala,"PLFS Year (Jul - Jun), 2020",15 years and above,Urban,Male,8.7
India,Kerala,"PLFS Year (Jul - Jun), 2020",15 years and above,Urban,Female,17.4
India,Kerala,"PLFS Year (Jul - Jun), 2020",15 years and above,Urban,Person,11.6
India,Kerala,"PLFS Year (Jul - Jun), 2020",15 years and above,Rural+Urban,Male,7.5
India,Kerala,"PLFS Year (Jul - Jun), 2020",15 years and above,Rural+Urban,Female,15.1
India,Kerala,"PLFS Year (Jul - Jun), 2020",15 years and above,Rural+Urban,Person,10.1
India,Kerala,"PLFS Year (Jul - Jun), 2020",all ages,Rural,Male,6.4
India,Kerala,"PLFS Year (Jul - Jun), 2020",all ages,Rural,Female,13.4
India,Kerala,"PLFS Year (Jul - Jun), 2020",all ages,Rural,Person,8.9
India,Kerala,"PLFS Year (Jul - Jun), 2020",all ages,Urban,Male,8.7
India,Kerala,"PLFS Year (Jul - Jun), 2020",all ages,Urban,Female,17.3
India,Kerala,"PLFS Year (Jul - Jun), 2020",all ages,Urban,Person,11.6
India,Kerala,"PLFS Year (Jul - Jun), 2020",all ages,Rural+Urban,Male,7.5
India,Kerala,"PLFS Year (Jul - Jun), 2020",all ages,Rural+Urban,Female,15.1
India,Kerala,"PLFS Year (Jul - Jun), 2020",all ages,Rural+Urban,Person,10.1
India,Ladakh,"PLFS Year (Jul - Jun), 2020",15-29,Rural,Male,0.0
India,Ladakh,"PLFS Year (Jul - Jun), 2020",15-29,Rural,Female,75.3
India,Ladakh,"PLFS Year (Jul - Jun), 2020",15-29,Rural,Person,64.4
India,Ladakh,"PLFS Year (Jul - Jun), 2020",15-29,Urban,Male,24.8
India,Ladakh,"PLFS Year (Jul - Jun), 2020",15-29,Urban,Female,42.4
India,Ladakh,"PLFS Year (Jul - Jun), 2020",15-29,Urban,Person,29.4
India,Ladakh,"PLFS Year (Jul - Jun), 2020",15-29,Rural+Urban,Male,22.3
India,Ladakh,"PLFS Year (Jul - Jun), 2020",15-29,Rural+Urban,Female,64.0
India,Ladakh,"PLFS Year (Jul - Jun), 2020",15-29,Rural+Urban,Person,42.3
India,Ladakh,"PLFS Year (Jul - Jun), 2020",15-59,Rural,Male,0.0
India,Ladakh,"PLFS Year (Jul - Jun), 2020",15-59,Rural,Female,4.1
India,Ladakh,"PLFS Year (Jul - Jun), 2020",15-59,Rural,Person,2.0
India,Ladakh,"PLFS Year (Jul - Jun), 2020",15-59,Urban,Male,7.4
India,Ladakh,"PLFS Year (Jul - Jun), 2020",15-59,Urban,Female,11.7
India,Ladakh,"PLFS Year (Jul - Jun), 2020",15-59,Urban,Person,8.6
India,Ladakh,"PLFS Year (Jul - Jun), 2020",15-59,Rural+Urban,Male,1.5
India,Ladakh,"PLFS Year (Jul - Jun), 2020",15-59,Rural+Urban,Female,4.8
India,Ladakh,"PLFS Year (Jul - Jun), 2020",15-59,Rural+Urban,Person,3.0
India,Ladakh,"PLFS Year (Jul - Jun), 2020",15 years and above,Rural,Male,0.0
India,Ladakh,"PLFS Year (Jul - Jun), 2020",15 years and above,Rural,Female,4.1
India,Ladakh,"PLFS Year (Jul - Jun), 2020",15 years and above,Rural,Person,1.9
India,Ladakh,"PLFS Year (Jul - Jun), 2020",15 years and above,Urban,Male,7.4
India,Ladakh,"PLFS Year (Jul - Jun), 2020",15 years and above,Urban,Female,11.7
India,Ladakh,"PLFS Year (Jul - Jun), 2020",15 years and above,Urban,Person,8.6
India,Ladakh,"PLFS Year (Jul - Jun), 2020",15 years and above,Rural+Urban,Male,1.4
India,Ladakh,"PLFS Year (Jul - Jun), 2020",15 years and above,Rural+Urban,Female,4.8
India,Ladakh,"PLFS Year (Jul - Jun), 2020",15 years and above,Rural+Urban,Person,2.9
India,Ladakh,"PLFS Year (Jul - Jun), 2020",all ages,Rural,Male,0.0
India,Ladakh,"PLFS Year (Jul - Jun), 2020",all ages,Rural,Female,4.1
India,Ladakh,"PLFS Year (Jul - Jun), 2020",all ages,Rural,Person,1.9
India,Ladakh,"PLFS Year (Jul - Jun), 2020",all ages,Urban,Male,7.4
India,Ladakh,"PLFS Year (Jul - Jun), 2020",all ages,Urban,Female,11.7
India,Ladakh,"PLFS Year (Jul - Jun), 2020",all ages,Urban,Person,8.6
India,Ladakh,"PLFS Year (Jul - Jun), 2020",all ages,Rural+Urban,Male,1.4
India,Ladakh,"PLFS Year (Jul - Jun), 2020",all ages,Rural+Urban,Female,4.8
India,Ladakh,"PLFS Year (Jul - Jun), 2020",all ages,Rural+Urban,Person,2.9
India,Lakshadweep,"PLFS Year (Jul - Jun), 2020",15-29,Rural,Male,0.0
India,Lakshadweep,"PLFS Year (Jul - Jun), 2020",15-29,Rural,Female,26.8
India,Lakshadweep,"PLFS Year (Jul - Jun), 2020",15-29,Rural,Person,16.6
India,Lakshadweep,"PLFS Year (Jul - Jun), 2020",15-29,Urban,Male,38.6
India,Lakshadweep,"PLFS Year (Jul - Jun), 2020",15-29,Urban,Female,93.6
India,Lakshadweep,"PLFS Year (Jul - Jun), 2020",15-29,Urban,Person,53.8
India,Lakshadweep,"PLFS Year (Jul - Jun), 2020",15-29,Rural+Urban,Male,34.9
India,Lakshadweep,"PLFS Year (Jul - Jun), 2020",15-29,Rural+Urban,Female,72.8
India,Lakshadweep,"PLFS Year (Jul - Jun), 2020",15-29,Rural+Urban,Person,47.6
India,Lakshadweep,"PLFS Year (Jul - Jun), 2020",15-59,Rural,Male,0.0
India,Lakshadweep,"PLFS Year (Jul - Jun), 2020",15-59,Rural,Female,13.3
India,Lakshadweep,"PLFS Year (Jul - Jun), 2020",15-59,Rural,Person,3.2
India,Lakshadweep,"PLFS Year (Jul - Jun), 2020",15-59,Urban,Male,9.8
India,Lakshadweep,"PLFS Year (Jul - Jun), 2020",15-59,Urban,Female,42.9
India,Lakshadweep,"PLFS Year (Jul - Jun), 2020",15-59,Urban,Person,16.8
India,Lakshadweep,"PLFS Year (Jul - Jun), 2020",15-59,Rural+Urban,Male,7.6
India,Lakshadweep,"PLFS Year (Jul - Jun), 2020",15-59,Rural+Urban,Female,35.3
India,Lakshadweep,"PLFS Year (Jul - Jun), 2020",15-59,Rural+Urban,Person,13.6
India,Lakshadweep,"PLFS Year (Jul - Jun), 2020",15 years and above,Rural,Male,0.0
India,Lakshadweep,"PLFS Year (Jul - Jun), 2020",15 years and above,Rural,Female,13.3
India,Lakshadweep,"PLFS Year (Jul - Jun), 2020",15 years and above,Rural,Person,3.2
India,Lakshadweep,"PLFS Year (Jul - Jun), 2020",15 years and above,Urban,Male,9.6
India,Lakshadweep,"PLFS Year (Jul - Jun), 2020",15 years and above,Urban,Female,42.9
India,Lakshadweep,"PLFS Year (Jul - Jun), 2020",15 years and above,Urban,Person,16.4
India,Lakshadweep,"PLFS Year (Jul - Jun), 2020",15 years and above,Rural+Urban,Male,7.4
India,Lakshadweep,"PLFS Year (Jul - Jun), 2020",15 years and above,Rural+Urban,Female,35.3
India,Lakshadweep,"PLFS Year (Jul - Jun), 2020",15 years and above,Rural+Urban,Person,13.4
India,Lakshadweep,"PLFS Year (Jul - Jun), 2020",all ages,Rural,Male,0.0
India,Lakshadweep,"PLFS Year (Jul - Jun), 2020",all ages,Rural,Female,13.3
India,Lakshadweep,"PLFS Year (Jul - Jun), 2020",all ages,Rural,Person,3.2
India,Lakshadweep,"PLFS Year (Jul - Jun), 2020",all ages,Urban,Male,9.6
India,Lakshadweep,"PLFS Year (Jul - Jun), 2020",all ages,Urban,Female,42.9
India,Lakshadweep,"PLFS Year (Jul - Jun), 2020",all ages,Urban,Person,16.4
India,Lakshadweep,"PLFS Year (Jul - Jun), 2020",all ages,Rural+Urban,Male,7.4
India,Lakshadweep,"PLFS Year (Jul - Jun), 2020",all ages,Rural+Urban,Female,35.3
India,Lakshadweep,"PLFS Year (Jul - Jun), 2020",all ages,Rural+Urban,Person,13.4
India,Madhya Pradesh,"PLFS Year (Jul - Jun), 2020",15-29,Rural,Male,4.0
India,Madhya Pradesh,"PLFS Year (Jul - Jun), 2020",15-29,Rural,Female,1.1
India,Madhya Pradesh,"PLFS Year (Jul - Jun), 2020",15-29,Rural,Person,3.2
India,Madhya Pradesh,"PLFS Year (Jul - Jun), 2020",15-29,Urban,Male,13.7
India,Madhya Pradesh,"PLFS Year (Jul - Jun), 2020",15-29,Urban,Female,14.6
India,Madhya Pradesh,"PLFS Year (Jul - Jun), 2020",15-29,Urban,Person,13.9
India,Madhya Pradesh,"PLFS Year (Jul - Jun), 2020",15-29,Rural+Urban,Male,6.4
India,Madhya Pradesh,"PLFS Year (Jul - Jun), 2020",15-29,Rural+Urban,Female,3.3
India,Madhya Pradesh,"PLFS Year (Jul - Jun), 2020",15-29,Rural+Urban,Person,5.6
India,Madhya Pradesh,"PLFS Year (Jul - Jun), 2020",15-59,Rural,Male,1.7
India,Madhya Pradesh,"PLFS Year (Jul - Jun), 2020",15-59,Rural,Female,0.3
India,Madhya Pradesh,"PLFS Year (Jul - Jun), 2020",15-59,Rural,Person,1.2
India,Madhya Pradesh,"PLFS Year (Jul - Jun), 2020",15-59,Urban,Male,5.1
India,Madhya Pradesh,"PLFS Year (Jul - Jun), 2020",15-59,Urban,Female,4.2
India,Madhya Pradesh,"PLFS Year (Jul - Jun), 2020",15-59,Urban,Person,4.9
India,Madhya Pradesh,"PLFS Year (Jul - Jun), 2020",15-59,Rural+Urban,Male,2.6
India,Madhya Pradesh,"PLFS Year (Jul - Jun), 2020",15-59,Rural+Urban,Female,1.0
India,Madhya Pradesh,"PLFS Year (Jul - Jun), 2020",15-59,Rural+Urban,Person,2.1
India,Madhya Pradesh,"PLFS Year (Jul - Jun), 2020",15 years and above,Rural,Male,1.6
India,Madhya Pradesh,"PLFS Year (Jul - Jun), 2020",15 years and above,Rural,Female,0.3
India,Madhya Pradesh,"PLFS Year (Jul - Jun), 2020",15 years and above,Rural,Person,1.1
India,Madhya Pradesh,"PLFS Year (Jul - Jun), 2020",15 years and above,Urban,Male,4.9
India,Madhya Pradesh,"PLFS Year (Jul - Jun), 2020",15 years and above,Urban,Female,4.1
India,Madhya Pradesh,"PLFS Year (Jul - Jun), 2020",15 years and above,Urban,Person,4.7
India,Madhya Pradesh,"PLFS Year (Jul - Jun), 2020",15 years and above,Rural+Urban,Male,2.4
India,Madhya Pradesh,"PLFS Year (Jul - Jun), 2020",15 years and above,Rural+Urban,Female,0.9
India,Madhya Pradesh,"PLFS Year (Jul - Jun), 2020",15 years and above,Rural+Urban,Person,1.9
India,Madhya Pradesh,"PLFS Year (Jul - Jun), 2020",all ages,Rural,Male,1.6
India,Madhya Pradesh,"PLFS Year (Jul - Jun), 2020",all ages,Rural,Female,0.3
India,Madhya Pradesh,"PLFS Year (Jul - Jun), 2020",all ages,Rural,Person,1.1
India,Madhya Pradesh,"PLFS Year (Jul - Jun), 2020",all ages,Urban,Male,4.9
India,Madhya Pradesh,"PLFS Year (Jul - Jun), 2020",all ages,Urban,Female,4.1
India,Madhya Pradesh,"PLFS Year (Jul - Jun), 2020",all ages,Urban,Person,4.7
India,Madhya Pradesh,"PLFS Year (Jul - Jun), 2020",all ages,Rural+Urban,Male,2.4
India,Madhya Pradesh,"PLFS Year (Jul - Jun), 2020",all ages,Rural+Urban,Female,0.9
India,Madhya Pradesh,"PLFS Year (Jul - Jun), 2020",all ages,Rural+Urban,Person,1.9
India,Maharashtra,"PLFS Year (Jul - Jun), 2020",15-29,Rural,Male,9.3
India,Maharashtra,"PLFS Year (Jul - Jun), 2020",15-29,Rural,Female,5.5
India,Maharashtra,"PLFS Year (Jul - Jun), 2020",15-29,Rural,Person,8.3
India,Maharashtra,"PLFS Year (Jul - Jun), 2020",15-29,Urban,Male,16.1
India,Maharashtra,"PLFS Year (Jul - Jun), 2020",15-29,Urban,Female,17.6
India,Maharashtra,"PLFS Year (Jul - Jun), 2020",15-29,Urban,Person,16.5
India,Maharashtra,"PLFS Year (Jul - Jun), 2020",15-29,Rural+Urban,Male,12.1
India,Maharashtra,"PLFS Year (Jul - Jun), 2020",15-29,Rural+Urban,Female,10.4
India,Maharashtra,"PLFS Year (Jul - Jun), 2020",15-29,Rural+Urban,Person,11.6
India,Maharashtra,"PLFS Year (Jul - Jun), 2020",15-59,Rural,Male,3.3
India,Maharashtra,"PLFS Year (Jul - Jun), 2020",15-59,Rural,Female,1.0
India,Maharashtra,"PLFS Year (Jul - Jun), 2020",15-59,Rural,Person,2.5
India,Maharashtra,"PLFS Year (Jul - Jun), 2020",15-59,Urban,Male,6.4
India,Maharashtra,"PLFS Year (Jul - Jun), 2020",15-59,Urban,Female,7.7
India,Maharashtra,"PLFS Year (Jul - Jun), 2020",15-59,Urban,Person,6.7
India,Maharashtra,"PLFS Year (Jul - Jun), 2020",15-59,Rural+Urban,Male,4.6
India,Maharashtra,"PLFS Year (Jul - Jun), 2020",15-59,Rural+Urban,Female,3.0
India,Maharashtra,"PLFS Year (Jul - Jun), 2020",15-59,Rural+Urban,Person,4.1
India,Maharashtra,"PLFS Year (Jul - Jun), 2020",15 years and above,Rural,Male,2.9
India,Maharashtra,"PLFS Year (Jul - Jun), 2020",15 years and above,Rural,Female,0.9
India,Maharashtra,"PLFS Year (Jul - Jun), 2020",15 years and above,Rural,Person,2.2
India,Maharashtra,"PLFS Year (Jul - Jun), 2020",15 years and above,Urban,Male,6.1
India,Maharashtra,"PLFS Year (Jul - Jun), 2020",15 years and above,Urban,Female,7.4
India,Maharashtra,"PLFS Year (Jul - Jun), 2020",15 years and above,Urban,Person,6.5
India,Maharashtra,"PLFS Year (Jul - Jun), 2020",15 years and above,Rural+Urban,Male,4.1
India,Maharashtra,"PLFS Year (Jul - Jun), 2020",15 years and above,Rural+Urban,Female,2.7
India,Maharashtra,"PLFS Year (Jul - Jun), 2020",15 years and above,Rural+Urban,Person,3.7
India,Maharashtra,"PLFS Year (Jul - Jun), 2020",all ages,Rural,Male,2.9
India,Maharashtra,"PLFS Year (Jul - Jun), 2020",all ages,Rural,Female,0.9
India,Maharashtra,"PLFS Year (Jul - Jun), 2020",all ages,Rural,Person,2.2
India,Maharashtra,"PLFS Year (Jul - Jun), 2020",all ages,Urban,Male,6.1
India,Maharashtra,"PLFS Year (Jul - Jun), 2020",all ages,Urban,Female,7.4
India,Maharashtra,"PLFS Year (Jul - Jun), 2020",all ages,Urban,Person,6.5
India,Maharashtra,"PLFS Year (Jul - Jun), 2020",all ages,Rural+Urban,Male,4.1
India,Maharashtra,"PLFS Year (Jul - Jun), 2020",all ages,Rural+Urban,Female,2.7
India,Maharashtra,"PLFS Year (Jul - Jun), 2020",all ages,Rural+Urban,Person,3.7
India,Manipur,"PLFS Year (Jul - Jun), 2020",15-29,Rural,Male,15.7
India,Manipur,"PLFS Year (Jul - Jun), 2020",15-29,Rural,Female,15.8
India,Manipur,"PLFS Year (Jul - Jun), 2020",15-29,Rural,Person,15.7
India,Manipur,"PLFS Year (Jul - Jun), 2020",15-29,Urban,Male,33.4
India,Manipur,"PLFS Year (Jul - Jun), 2020",15-29,Urban,Female,33.2
India,Manipur,"PLFS Year (Jul - Jun), 2020",15-29,Urban,Person,33.3
India,Manipur,"PLFS Year (Jul - Jun), 2020",15-29,Rural+Urban,Male,21.4
India,Manipur,"PLFS Year (Jul - Jun), 2020",15-29,Rural+Urban,Female,22.7
India,Manipur,"PLFS Year (Jul - Jun), 2020",15-29,Rural+Urban,Person,21.8
India,Manipur,"PLFS Year (Jul - Jun), 2020",15-59,Rural,Male,4.0
India,Manipur,"PLFS Year (Jul - Jun), 2020",15-59,Rural,Female,3.9
India,Manipur,"PLFS Year (Jul - Jun), 2020",15-59,Rural,Person,4.0
India,Manipur,"PLFS Year (Jul - Jun), 2020",15-59,Urban,Male,10.5
India,Manipur,"PLFS Year (Jul - Jun), 2020",15-59,Urban,Female,10.1
India,Manipur,"PLFS Year (Jul - Jun), 2020",15-59,Urban,Person,10.4
India,Manipur,"PLFS Year (Jul - Jun), 2020",15-59,Rural+Urban,Male,5.9
India,Manipur,"PLFS Year (Jul - Jun), 2020",15-59,Rural+Urban,Female,6.1
India,Manipur,"PLFS Year (Jul - Jun), 2020",15-59,Rural+Urban,Person,5.9
India,Manipur,"PLFS Year (Jul - Jun), 2020",15 years and above,Rural,Male,3.8
India,Manipur,"PLFS Year (Jul - Jun), 2020",15 years and above,Rural,Female,3.8
India,Manipur,"PLFS Year (Jul - Jun), 2020",15 years and above,Rural,Person,3.8
India,Manipur,"PLFS Year (Jul - Jun), 2020",15 years and above,Urban,Male,10.1
India,Manipur,"PLFS Year (Jul - Jun), 2020",15 years and above,Urban,Female,9.3
India,Manipur,"PLFS Year (Jul - Jun), 2020",15 years and above,Urban,Person,9.9
India,Manipur,"PLFS Year (Jul - Jun), 2020",15 years and above,Rural+Urban,Male,5.6
India,Manipur,"PLFS Year (Jul - Jun), 2020",15 years and above,Rural+Urban,Female,5.8
India,Manipur,"PLFS Year (Jul - Jun), 2020",15 years and above,Rural+Urban,Person,5.6
India,Manipur,"PLFS Year (Jul - Jun), 2020",all ages,Rural,Male,3.8
India,Manipur,"PLFS Year (Jul - Jun), 2020",all ages,Rural,Female,3.8
India,Manipur,"PLFS Year (Jul - Jun), 2020",all ages,Rural,Person,3.8
India,Manipur,"PLFS Year (Jul - Jun), 2020",all ages,Urban,Male,10.2
India,Manipur,"PLFS Year (Jul - Jun), 2020",all ages,Urban,Female,9.3
India,Manipur,"PLFS Year (Jul - Jun), 2020",all ages,Urban,Person,9.9
India,Manipur,"PLFS Year (Jul - Jun), 2020",all ages,Rural+Urban,Male,5.6
India,Manipur,"PLFS Year (Jul - Jun), 2020",all ages,Rural+Urban,Female,5.8
India,Manipur,"PLFS Year (Jul - Jun), 2020",all ages,Rural+Urban,Person,5.6
India,Meghalaya,"PLFS Year (Jul - Jun), 2020",15-29,Rural,Male,2.6
India,Meghalaya,"PLFS Year (Jul - Jun), 2020",15-29,Rural,Female,1.7
India,Meghalaya,"PLFS Year (Jul - Jun), 2020",15-29,Rural,Person,2.3
India,Meghalaya,"PLFS Year (Jul - Jun), 2020",15-29,Urban,Male,14.5
India,Meghalaya,"PLFS Year (Jul - Jun), 2020",15-29,Urban,Female,27.5
India,Meghalaya,"PLFS Year (Jul - Jun), 2020",15-29,Urban,Person,19.6
India,Meghalaya,"PLFS Year (Jul - Jun), 2020",15-29,Rural+Urban,Male,4.8
India,Meghalaya,"PLFS Year (Jul - Jun), 2020",15-29,Rural+Urban,Female,6.3
India,Meghalaya,"PLFS Year (Jul - Jun), 2020",15-29,Rural+Urban,Person,5.3
India,Meghalaya,"PLFS Year (Jul - Jun), 2020",15-59,Rural,Male,0.8
India,Meghalaya,"PLFS Year (Jul - Jun), 2020",15-59,Rural,Female,0.6
India,Meghalaya,"PLFS Year (Jul - Jun), 2020",15-59,Rural,Person,0.7
India,Meghalaya,"PLFS Year (Jul - Jun), 2020",15-59,Urban,Male,5.0
India,Meghalaya,"PLFS Year (Jul - Jun), 2020",15-59,Urban,Female,11.3
India,Meghalaya,"PLFS Year (Jul - Jun), 2020",15-59,Urban,Person,7.3
India,Meghalaya,"PLFS Year (Jul - Jun), 2020",15-59,Rural+Urban,Male,1.6
India,Meghalaya,"PLFS Year (Jul - Jun), 2020",15-59,Rural+Urban,Female,2.1
India,Meghalaya,"PLFS Year (Jul - Jun), 2020",15-59,Rural+Urban,Person,1.8
India,Meghalaya,"PLFS Year (Jul - Jun), 2020",15 years and above,Rural,Male,0.7
India,Meghalaya,"PLFS Year (Jul - Jun), 2020",15 years and above,Rural,Female,0.5
India,Meghalaya,"PLFS Year (Jul - Jun), 2020",15 years and above,Rural,Person,0.7
India,Meghalaya,"PLFS Year (Jul - Jun), 2020",15 years and above,Urban,Male,4.9
India,Meghalaya,"PLFS Year (Jul - Jun), 2020",15 years and above,Urban,Female,11.0
India,Meghalaya,"PLFS Year (Jul - Jun), 2020",15 years and above,Urban,Person,7.1
India,Meghalaya,"PLFS Year (Jul - Jun), 2020",15 years and above,Rural+Urban,Male,1.5
India,Meghalaya,"PLFS Year (Jul - Jun), 2020",15 years and above,Rural+Urban,Female,2.0
India,Meghalaya,"PLFS Year (Jul - Jun), 2020",15 years and above,Rural+Urban,Person,1.7
India,Meghalaya,"PLFS Year (Jul - Jun), 2020",all ages,Rural,Male,0.7
India,Meghalaya,"PLFS Year (Jul - Jun), 2020",all ages,Rural,Female,0.5
India,Meghalaya,"PLFS Year (Jul - Jun), 2020",all ages,Rural,Person,0.7
India,Meghalaya,"PLFS Year (Jul - Jun), 2020",all ages,Urban,Male,4.9
India,Meghalaya,"PLFS Year (Jul - Jun), 2020",all ages,Urban,Female,11.0
India,Meghalaya,"PLFS Year (Jul - Jun), 2020",all ages,Urban,Person,7.1
India,Meghalaya,"PLFS Year (Jul - Jun), 2020",all ages,Rural+Urban,Male,1.5
India,Meghalaya,"PLFS Year (Jul - Jun), 2020",all ages,Rural+Urban,Female,2.0
India,Meghalaya,"PLFS Year (Jul - Jun), 2020",all ages,Rural+Urban,Person,1.7
India,Mizoram,"PLFS Year (Jul - Jun), 2020",15-29,Rural,Male,10.1
India,Mizoram,"PLFS Year (Jul - Jun), 2020",15-29,Rural,Female,14.9
India,Mizoram,"PLFS Year (Jul - Jun), 2020",15-29,Rural,Person,11.8
India,Mizoram,"PLFS Year (Jul - Jun), 2020",15-29,Urban,Male,20.3
India,Mizoram,"PLFS Year (Jul - Jun), 2020",15-29,Urban,Female,14.0
India,Mizoram,"PLFS Year (Jul - Jun), 2020",15-29,Urban,Person,18.0
India,Mizoram,"PLFS Year (Jul - Jun), 2020",15-29,Rural+Urban,Male,14.4
India,Mizoram,"PLFS Year (Jul - Jun), 2020",15-29,Rural+Urban,Female,14.5
India,Mizoram,"PLFS Year (Jul - Jun), 2020",15-29,Rural+Urban,Person,14.4
India,Mizoram,"PLFS Year (Jul - Jun), 2020",15-59,Rural,Male,2.8
India,Mizoram,"PLFS Year (Jul - Jun), 2020",15-59,Rural,Female,3.6
India,Mizoram,"PLFS Year (Jul - Jun), 2020",15-59,Rural,Person,3.1
India,Mizoram,"PLFS Year (Jul - Jun), 2020",15-59,Urban,Male,4.8
India,Mizoram,"PLFS Year (Jul - Jun), 2020",15-59,Urban,Female,4.3
India,Mizoram,"PLFS Year (Jul - Jun), 2020",15-59,Urban,Person,4.6
India,Mizoram,"PLFS Year (Jul - Jun), 2020",15-59,Rural+Urban,Male,3.7
India,Mizoram,"PLFS Year (Jul - Jun), 2020",15-59,Rural+Urban,Female,3.9
India,Mizoram,"PLFS Year (Jul - Jun), 2020",15-59,Rural+Urban,Person,3.8
India,Mizoram,"PLFS Year (Jul - Jun), 2020",15 years and above,Rural,Male,2.5
India,Mizoram,"PLFS Year (Jul - Jun), 2020",15 years and above,Rural,Female,3.2
India,Mizoram,"PLFS Year (Jul - Jun), 2020",15 years and above,Rural,Person,2.7
India,Mizoram,"PLFS Year (Jul - Jun), 2020",15 years and above,Urban,Male,4.6
India,Mizoram,"PLFS Year (Jul - Jun), 2020",15 years and above,Urban,Female,4.2
India,Mizoram,"PLFS Year (Jul - Jun), 2020",15 years and above,Urban,Person,4.4
India,Mizoram,"PLFS Year (Jul - Jun), 2020",15 years and above,Rural+Urban,Male,3.4
India,Mizoram,"PLFS Year (Jul - Jun), 2020",15 years and above,Rural+Urban,Female,3.6
India,Mizoram,"PLFS Year (Jul - Jun), 2020",15 years and above,Rural+Urban,Person,3.5
India,Mizoram,"PLFS Year (Jul - Jun), 2020",all ages,Rural,Male,2.5
India,Mizoram,"PLFS Year (Jul - Jun), 2020",all ages,Rural,Female,3.2
India,Mizoram,"PLFS Year (Jul - Jun), 2020",all ages,Rural,Person,2.7
India,Mizoram,"PLFS Year (Jul - Jun), 2020",all ages,Urban,Male,4.6
India,Mizoram,"PLFS Year (Jul - Jun), 2020",all ages,Urban,Female,4.2
India,Mizoram,"PLFS Year (Jul - Jun), 2020",all ages,Urban,Person,4.4
India,Mizoram,"PLFS Year (Jul - Jun), 2020",all ages,Rural+Urban,Male,3.4
India,Mizoram,"PLFS Year (Jul - Jun), 2020",all ages,Rural+Urban,Female,3.6
India,Mizoram,"PLFS Year (Jul - Jun), 2020",all ages,Rural+Urban,Person,3.5
India,Nagaland,"PLFS Year (Jul - Jun), 2020",15-29,Rural,Male,56.4
India,Nagaland,"PLFS Year (Jul - Jun), 2020",15-29,Rural,Female,49.8
India,Nagaland,"PLFS Year (Jul - Jun), 2020",15-29,Rural,Person,53.8
India,Nagaland,"PLFS Year (Jul - Jun), 2020",15-29,Urban,Male,50.6
India,Nagaland,"PLFS Year (Jul - Jun), 2020",15-29,Urban,Female,72.8
India,Nagaland,"PLFS Year (Jul - Jun), 2020",15-29,Urban,Person,59.4
India,Nagaland,"PLFS Year (Jul - Jun), 2020",15-29,Rural+Urban,Male,54.9
India,Nagaland,"PLFS Year (Jul - Jun), 2020",15-29,Rural+Urban,Female,55.5
India,Nagaland,"PLFS Year (Jul - Jun), 2020",15-29,Rural+Urban,Person,55.2
India,Nagaland,"PLFS Year (Jul - Jun), 2020",15-59,Rural,Male,20.7
India,Nagaland,"PLFS Year (Jul - Jun), 2020",15-59,Rural,Female,17.6
India,Nagaland,"PLFS Year (Jul - Jun), 2020",15-59,Rural,Person,19.4
India,Nagaland,"PLFS Year (Jul - Jun), 2020",15-59,Urban,Male,21.2
India,Nagaland,"PLFS Year (Jul - Jun), 2020",15-59,Urban,Female,33.8
India,Nagaland,"PLFS Year (Jul - Jun), 2020",15-59,Urban,Person,25.0
India,Nagaland,"PLFS Year (Jul - Jun), 2020",15-59,Rural+Urban,Male,20.8
India,Nagaland,"PLFS Year (Jul - Jun), 2020",15-59,Rural+Urban,Female,20.8
India,Nagaland,"PLFS Year (Jul - Jun), 2020",15-59,Rural+Urban,Person,20.8
India,Nagaland,"PLFS Year (Jul - Jun), 2020",15 years and above,Rural,Male,18.7
India,Nagaland,"PLFS Year (Jul - Jun), 2020",15 years and above,Rural,Female,16.1
India,Nagaland,"PLFS Year (Jul - Jun), 2020",15 years and above,Rural,Person,17.7
India,Nagaland,"PLFS Year (Jul - Jun), 2020",15 years and above,Urban,Male,20.5
India,Nagaland,"PLFS Year (Jul - Jun), 2020",15 years and above,Urban,Female,31.8
India,Nagaland,"PLFS Year (Jul - Jun), 2020",15 years and above,Urban,Person,24.0
India,Nagaland,"PLFS Year (Jul - Jun), 2020",15 years and above,Rural+Urban,Male,19.2
India,Nagaland,"PLFS Year (Jul - Jun), 2020",15 years and above,Rural+Urban,Female,19.2
India,Nagaland,"PLFS Year (Jul - Jun), 2020",15 years and above,Rural+Urban,Person,19.2
India,Nagaland,"PLFS Year (Jul - Jun), 2020",all ages,Rural,Male,18.7
India,Nagaland,"PLFS Year (Jul - Jun), 2020",all ages,Rural,Female,16.6
India,Nagaland,"PLFS Year (Jul - Jun), 2020",all ages,Rural,Person,17.8
India,Nagaland,"PLFS Year (Jul - Jun), 2020",all ages,Urban,Male,20.5
India,Nagaland,"PLFS Year (Jul - Jun), 2020",all ages,Urban,Female,31.8
India,Nagaland,"PLFS Year (Jul - Jun), 2020",all ages,Urban,Person,24.0
India,Nagaland,"PLFS Year (Jul - Jun), 2020",all ages,Rural+Urban,Male,19.2
India,Nagaland,"PLFS Year (Jul - Jun), 2020",all ages,Rural+Urban,Female,19.5
India,Nagaland,"PLFS Year (Jul - Jun), 2020",all ages,Rural+Urban,Person,19.3
India,Odisha,"PLFS Year (Jul - Jun), 2020",15-29,Rural,Male,18.3
India,Odisha,"PLFS Year (Jul - Jun), 2020",15-29,Rural,Female,8.5
India,Odisha,"PLFS Year (Jul - Jun), 2020",15-29,Rural,Person,15.6
India,Odisha,"PLFS Year (Jul - Jun), 2020",15-29,Urban,Male,24.0
India,Odisha,"PLFS Year (Jul - Jun), 2020",15-29,Urban,Female,25.1
India,Odisha,"PLFS Year (Jul - Jun), 2020",15-29,Urban,Person,24.3
India,Odisha,"PLFS Year (Jul - Jun), 2020",15-29,Rural+Urban,Male,19.2
India,Odisha,"PLFS Year (Jul - Jun), 2020",15-29,Rural+Urban,Female,10.8
India,Odisha,"PLFS Year (Jul - Jun), 2020",15-29,Rural+Urban,Person,16.9
India,Odisha,"PLFS Year (Jul - Jun), 2020",15-59,Rural,Male,6.8
India,Odisha,"PLFS Year (Jul - Jun), 2020",15-59,Rural,Female,2.5
India,Odisha,"PLFS Year (Jul - Jun), 2020",15-59,Rural,Person,5.4
India,Odisha,"PLFS Year (Jul - Jun), 2020",15-59,Urban,Male,8.2
India,Odisha,"PLFS Year (Jul - Jun), 2020",15-59,Urban,Female,9.0
India,Odisha,"PLFS Year (Jul - Jun), 2020",15-59,Urban,Person,8.4
India,Odisha,"PLFS Year (Jul - Jun), 2020",15-59,Rural+Urban,Male,7.0
India,Odisha,"PLFS Year (Jul - Jun), 2020",15-59,Rural+Urban,Female,3.3
India,Odisha,"PLFS Year (Jul - Jun), 2020",15-59,Rural+Urban,Person,5.9
India,Odisha,"PLFS Year (Jul - Jun), 2020",15 years and above,Rural,Male,6.1
India,Odisha,"PLFS Year (Jul - Jun), 2020",15 years and above,Rural,Female,2.4
India,Odisha,"PLFS Year (Jul - Jun), 2020",15 years and above,Rural,Person,4.9
India,Odisha,"PLFS Year (Jul - Jun), 2020",15 years and above,Urban,Male,7.6
India,Odisha,"PLFS Year (Jul - Jun), 2020",15 years and above,Urban,Female,8.6
India,Odisha,"PLFS Year (Jul - Jun), 2020",15 years and above,Urban,Person,7.8
India,Odisha,"PLFS Year (Jul - Jun), 2020",15 years and above,Rural+Urban,Male,6.3
India,Odisha,"PLFS Year (Jul - Jun), 2020",15 years and above,Rural+Urban,Female,3.1
India,Odisha,"PLFS Year (Jul - Jun), 2020",15 years and above,Rural+Urban,Person,5.3
India,Odisha,"PLFS Year (Jul - Jun), 2020",all ages,Rural,Male,6.1
India,Odisha,"PLFS Year (Jul - Jun), 2020",all ages,Rural,Female,2.3
India,Odisha,"PLFS Year (Jul - Jun), 2020",all ages,Rural,Person,5.0
India,Odisha,"PLFS Year (Jul - Jun), 2020",all ages,Urban,Male,7.6
India,Odisha,"PLFS Year (Jul - Jun), 2020",all ages,Urban,Female,8.6
India,Odisha,"PLFS Year (Jul - Jun), 2020",all ages,Urban,Person,7.8
India,Odisha,"PLFS Year (Jul - Jun), 2020",all ages,Rural+Urban,Male,6.3
India,Odisha,"PLFS Year (Jul - Jun), 2020",all ages,Rural+Urban,Female,3.1
India,Odisha,"PLFS Year (Jul - Jun), 2020",all ages,Rural+Urban,Person,5.4
India,Puducherry,"PLFS Year (Jul - Jun), 2020",15-29,Rural,Male,18.0
India,Puducherry,"PLFS Year (Jul - Jun), 2020",15-29,Rural,Female,52.3
India,Puducherry,"PLFS Year (Jul - Jun), 2020",15-29,Rural,Person,26.4
India,Puducherry,"PLFS Year (Jul - Jun), 2020",15-29,Urban,Male,22.8
India,Puducherry,"PLFS Year (Jul - Jun), 2020",15-29,Urban,Female,30.0
India,Puducherry,"PLFS Year (Jul - Jun), 2020",15-29,Urban,Person,25.1
India,Puducherry,"PLFS Year (Jul - Jun), 2020",15-29,Rural+Urban,Male,20.7
India,Puducherry,"PLFS Year (Jul - Jun), 2020",15-29,Rural+Urban,Female,37.8
India,Puducherry,"PLFS Year (Jul - Jun), 2020",15-29,Rural+Urban,Person,25.6
India,Puducherry,"PLFS Year (Jul - Jun), 2020",15-59,Rural,Male,4.9
India,Puducherry,"PLFS Year (Jul - Jun), 2020",15-59,Rural,Female,10.5
India,Puducherry,"PLFS Year (Jul - Jun), 2020",15-59,Rural,Person,6.5
India,Puducherry,"PLFS Year (Jul - Jun), 2020",15-59,Urban,Male,7.6
India,Puducherry,"PLFS Year (Jul - Jun), 2020",15-59,Urban,Female,7.5
India,Puducherry,"PLFS Year (Jul - Jun), 2020",15-59,Urban,Person,7.6
India,Puducherry,"PLFS Year (Jul - Jun), 2020",15-59,Rural+Urban,Male,6.4
India,Puducherry,"PLFS Year (Jul - Jun), 2020",15-59,Rural+Urban,Female,8.7
India,Puducherry,"PLFS Year (Jul - Jun), 2020",15-59,Rural+Urban,Person,7.1
India,Puducherry,"PLFS Year (Jul - Jun), 2020",15 years and above,Rural,Male,4.5
India,Puducherry,"PLFS Year (Jul - Jun), 2020",15 years and above,Rural,Female,9.4
India,Puducherry,"PLFS Year (Jul - Jun), 2020",15 years and above,Rural,Person,6.0
India,Puducherry,"PLFS Year (Jul - Jun), 2020",15 years and above,Urban,Male,7.2
India,Puducherry,"PLFS Year (Jul - Jun), 2020",15 years and above,Urban,Female,7.3
India,Puducherry,"PLFS Year (Jul - Jun), 2020",15 years and above,Urban,Person,7.2
India,Puducherry,"PLFS Year (Jul - Jun), 2020",15 years and above,Rural+Urban,Male,6.0
India,Puducherry,"PLFS Year (Jul - Jun), 2020",15 years and above,Rural+Urban,Female,8.2
India,Puducherry,"PLFS Year (Jul - Jun), 2020",15 years and above,Rural+Urban,Person,6.7
India,Puducherry,"PLFS Year (Jul - Jun), 2020",all ages,Rural,Male,4.5
India,Puducherry,"PLFS Year (Jul - Jun), 2020",all ages,Rural,Female,9.4
India,Puducherry,"PLFS Year (Jul - Jun), 2020",all ages,Rural,Person,6.0
India,Puducherry,"PLFS Year (Jul - Jun), 2020",all ages,Urban,Male,7.2
India,Puducherry,"PLFS Year (Jul - Jun), 2020",all ages,Urban,Female,7.3
India,Puducherry,"PLFS Year (Jul - Jun), 2020",all ages,Urban,Person,7.2
India,Puducherry,"PLFS Year (Jul - Jun), 2020",all ages,Rural+Urban,Male,6.0
India,Puducherry,"PLFS Year (Jul - Jun), 2020",all ages,Rural+Urban,Female,8.2
India,Puducherry,"PLFS Year (Jul - Jun), 2020",all ages,Rural+Urban,Person,6.7
India,Punjab,"PLFS Year (Jul - Jun), 2020",15-29,Rural,Male,17.5
India,Punjab,"PLFS Year (Jul - Jun), 2020",15-29,Rural,Female,24.6
India,Punjab,"PLFS Year (Jul - Jun), 2020",15-29,Rural,Person,19.0
India,Punjab,"PLFS Year (Jul - Jun), 2020",15-29,Urban,Male,14.7
India,Punjab,"PLFS Year (Jul - Jun), 2020",15-29,Urban,Female,36.0
India,Punjab,"PLFS Year (Jul - Jun), 2020",15-29,Urban,Person,18.5
India,Punjab,"PLFS Year (Jul - Jun), 2020",15-29,Rural+Urban,Male,16.4
India,Punjab,"PLFS Year (Jul - Jun), 2020",15-29,Rural+Urban,Female,28.8
India,Punjab,"PLFS Year (Jul - Jun), 2020",15-29,Rural+Urban,Person,18.8
India,Punjab,"PLFS Year (Jul - Jun), 2020",15-59,Rural,Male,6.2
India,Punjab,"PLFS Year (Jul - Jun), 2020",15-59,Rural,Female,8.3
India,Punjab,"PLFS Year (Jul - Jun), 2020",15-59,Rural,Person,6.7
India,Punjab,"PLFS Year (Jul - Jun), 2020",15-59,Urban,Male,5.4
India,Punjab,"PLFS Year (Jul - Jun), 2020",15-59,Urban,Female,10.8
India,Punjab,"PLFS Year (Jul - Jun), 2020",15-59,Urban,Person,6.5
India,Punjab,"PLFS Year (Jul - Jun), 2020",15-59,Rural+Urban,Male,5.9
India,Punjab,"PLFS Year (Jul - Jun), 2020",15-59,Rural+Urban,Female,9.2
India,Punjab,"PLFS Year (Jul - Jun), 2020",15-59,Rural+Urban,Person,6.7
India,Punjab,"PLFS Year (Jul - Jun), 2020",15 years and above,Rural,Male,5.8
India,Punjab,"PLFS Year (Jul - Jun), 2020",15 years and above,Rural,Female,7.6
India,Punjab,"PLFS Year (Jul - Jun), 2020",15 years and above,Rural,Person,6.3
India,Punjab,"PLFS Year (Jul - Jun), 2020",15 years and above,Urban,Male,5.0
India,Punjab,"PLFS Year (Jul - Jun), 2020",15 years and above,Urban,Female,10.3
India,Punjab,"PLFS Year (Jul - Jun), 2020",15 years and above,Urban,Person,6.1
India,Punjab,"PLFS Year (Jul - Jun), 2020",15 years and above,Rural+Urban,Male,5.5
India,Punjab,"PLFS Year (Jul - Jun), 2020",15 years and above,Rural+Urban,Female,8.6
India,Punjab,"PLFS Year (Jul - Jun), 2020",15 years and above,Rural+Urban,Person,6.2
India,Punjab,"PLFS Year (Jul - Jun), 2020",all ages,Rural,Male,5.8
India,Punjab,"PLFS Year (Jul - Jun), 2020",all ages,Rural,Female,7.4
India,Punjab,"PLFS Year (Jul - Jun), 2020",all ages,Rural,Person,6.2
India,Punjab,"PLFS Year (Jul - Jun), 2020",all ages,Urban,Male,5.0
India,Punjab,"PLFS Year (Jul - Jun), 2020",all ages,Urban,Female,10.3
India,Punjab,"PLFS Year (Jul - Jun), 2020",all ages,Urban,Person,6.1
India,Punjab,"PLFS Year (Jul - Jun), 2020",all ages,Rural+Urban,Male,5.5
India,Punjab,"PLFS Year (Jul - Jun), 2020",all ages,Rural+Urban,Female,8.4
India,Punjab,"PLFS Year (Jul - Jun), 2020",all ages,Rural+Urban,Person,6.2
India,Rajasthan,"PLFS Year (Jul - Jun), 2020",15-29,Rural,Male,13.7
India,Rajasthan,"PLFS Year (Jul - Jun), 2020",15-29,Rural,Female,3.3
India,Rajasthan,"PLFS Year (Jul - Jun), 2020",15-29,Rural,Person,10.3
India,Rajasthan,"PLFS Year (Jul - Jun), 2020",15-29,Urban,Male,23.3
India,Rajasthan,"PLFS Year (Jul - Jun), 2020",15-29,Urban,Female,43.4
India,Rajasthan,"PLFS Year (Jul - Jun), 2020",15-29,Urban,Person,27.0
India,Rajasthan,"PLFS Year (Jul - Jun), 2020",15-29,Rural+Urban,Male,15.7
India,Rajasthan,"PLFS Year (Jul - Jun), 2020",15-29,Rural+Urban,Female,7.8
India,Rajasthan,"PLFS Year (Jul - Jun), 2020",15-29,Rural+Urban,Person,13.4
India,Rajasthan,"PLFS Year (Jul - Jun), 2020",15-59,Rural,Male,5.6
India,Rajasthan,"PLFS Year (Jul - Jun), 2020",15-59,Rural,Female,1.0
India,Rajasthan,"PLFS Year (Jul - Jun), 2020",15-59,Rural,Person,3.9
India,Rajasthan,"PLFS Year (Jul - Jun), 2020",15-59,Urban,Male,9.7
India,Rajasthan,"PLFS Year (Jul - Jun), 2020",15-59,Urban,Female,15.0
India,Rajasthan,"PLFS Year (Jul - Jun), 2020",15-59,Urban,Person,10.7
India,Rajasthan,"PLFS Year (Jul - Jun), 2020",15-59,Rural+Urban,Male,6.6
India,Rajasthan,"PLFS Year (Jul - Jun), 2020",15-59,Rural+Urban,Female,2.5
India,Rajasthan,"PLFS Year (Jul - Jun), 2020",15-59,Rural+Urban,Person,5.2
India,Rajasthan,"PLFS Year (Jul - Jun), 2020",15 years and above,Rural,Male,5.0
India,Rajasthan,"PLFS Year (Jul - Jun), 2020",15 years and above,Rural,Female,0.9
India,Rajasthan,"PLFS Year (Jul - Jun), 2020",15 years and above,Rural,Person,3.5
India,Rajasthan,"PLFS Year (Jul - Jun), 2020",15 years and above,Urban,Male,9.3
India,Rajasthan,"PLFS Year (Jul - Jun), 2020",15 years and above,Urban,Female,14.1
India,Rajasthan,"PLFS Year (Jul - Jun), 2020",15 years and above,Urban,Person,10.2
India,Rajasthan,"PLFS Year (Jul - Jun), 2020",15 years and above,Rural+Urban,Male,6.0
India,Rajasthan,"PLFS Year (Jul - Jun), 2020",15 years and above,Rural+Urban,Female,2.2
India,Rajasthan,"PLFS Year (Jul - Jun), 2020",15 years and above,Rural+Urban,Person,4.7
India,Rajasthan,"PLFS Year (Jul - Jun), 2020",all ages,Rural,Male,5.2
India,Rajasthan,"PLFS Year (Jul - Jun), 2020",all ages,Rural,Female,0.9
India,Rajasthan,"PLFS Year (Jul - Jun), 2020",all ages,Rural,Person,3.6
India,Rajasthan,"PLFS Year (Jul - Jun), 2020",all ages,Urban,Male,9.3
India,Rajasthan,"PLFS Year (Jul - Jun), 2020",all ages,Urban,Female,14.1
India,Rajasthan,"PLFS Year (Jul - Jun), 2020",all ages,Urban,Person,10.2
India,Rajasthan,"PLFS Year (Jul - Jun), 2020",all ages,Rural+Urban,Male,6.1
India,Rajasthan,"PLFS Year (Jul - Jun), 2020",all ages,Rural+Urban,Female,2.2
India,Rajasthan,"PLFS Year (Jul - Jun), 2020",all ages,Rural+Urban,Person,4.8
India,Sikkim,"PLFS Year (Jul - Jun), 2020",15-29,Rural,Male,2.8
India,Sikkim,"PLFS Year (Jul - Jun), 2020",15-29,Rural,Female,1.6
India,Sikkim,"PLFS Year (Jul - Jun), 2020",15-29,Rural,Person,2.4
India,Sikkim,"PLFS Year (Jul - Jun), 2020",15-29,Urban,Male,9.1
India,Sikkim,"PLFS Year (Jul - Jun), 2020",15-29,Urban,Female,15.8
India,Sikkim,"PLFS Year (Jul - Jun), 2020",15-29,Urban,Person,10.7
India,Sikkim,"PLFS Year (Jul - Jun), 2020",15-29,Rural+Urban,Male,4.6
India,Sikkim,"PLFS Year (Jul - Jun), 2020",15-29,Rural+Urban,Female,3.9
India,Sikkim,"PLFS Year (Jul - Jun), 2020",15-29,Rural+Urban,Person,4.4
India,Sikkim,"PLFS Year (Jul - Jun), 2020",15-59,Rural,Male,0.8
India,Sikkim,"PLFS Year (Jul - Jun), 2020",15-59,Rural,Female,0.4
India,Sikkim,"PLFS Year (Jul - Jun), 2020",15-59,Rural,Person,0.6
India,Sikkim,"PLFS Year (Jul - Jun), 2020",15-59,Urban,Male,2.9
India,Sikkim,"PLFS Year (Jul - Jun), 2020",15-59,Urban,Female,3.6
India,Sikkim,"PLFS Year (Jul - Jun), 2020",15-59,Urban,Person,3.1
India,Sikkim,"PLFS Year (Jul - Jun), 2020",15-59,Rural+Urban,Male,1.4
India,Sikkim,"PLFS Year (Jul - Jun), 2020",15-59,Rural+Urban,Female,0.9
India,Sikkim,"PLFS Year (Jul - Jun), 2020",15-59,Rural+Urban,Person,1.2
India,Sikkim,"PLFS Year (Jul - Jun), 2020",15 years and above,Rural,Male,0.7
India,Sikkim,"PLFS Year (Jul - Jun), 2020",15 years and above,Rural,Female,0.4
India,Sikkim,"PLFS Year (Jul - Jun), 2020",15 years and above,Rural,Person,0.5
India,Sikkim,"PLFS Year (Jul - Jun), 2020",15 years and above,Urban,Male,2.8
India,Sikkim,"PLFS Year (Jul - Jun), 2020",15 years and above,Urban,Female,3.5
India,Sikkim,"PLFS Year (Jul - Jun), 2020",15 years and above,Urban,Person,3.0
India,Sikkim,"PLFS Year (Jul - Jun), 2020",15 years and above,Rural+Urban,Male,1.3
India,Sikkim,"PLFS Year (Jul - Jun), 2020",15 years and above,Rural+Urban,Female,0.9
India,Sikkim,"PLFS Year (Jul - Jun), 2020",15 years and above,Rural+Urban,Person,1.1
India,Sikkim,"PLFS Year (Jul - Jun), 2020",all ages,Rural,Male,0.7
India,Sikkim,"PLFS Year (Jul - Jun), 2020",all ages,Rural,Female,0.4
India,Sikkim,"PLFS Year (Jul - Jun), 2020",all ages,Rural,Person,0.5
India,Sikkim,"PLFS Year (Jul - Jun), 2020",all ages,Urban,Male,2.8
India,Sikkim,"PLFS Year (Jul - Jun), 2020",all ages,Urban,Female,3.5
India,Sikkim,"PLFS Year (Jul - Jun), 2020",all ages,Urban,Person,3.0
India,Sikkim,"PLFS Year (Jul - Jun), 2020",all ages,Rural+Urban,Male,1.3
India,Sikkim,"PLFS Year (Jul - Jun), 2020",all ages,Rural+Urban,Female,0.9
India,Sikkim,"PLFS Year (Jul - Jun), 2020",all ages,Rural+Urban,Person,1.1
India,Tamil Nadu,"PLFS Year (Jul - Jun), 2020",15-29,Rural,Male,19.2
India,Tamil Nadu,"PLFS Year (Jul - Jun), 2020",15-29,Rural,Female,24.5
India,Tamil Nadu,"PLFS Year (Jul - Jun), 2020",15-29,Rural,Person,20.8
India,Tamil Nadu,"PLFS Year (Jul - Jun), 2020",15-29,Urban,Male,17.2
India,Tamil Nadu,"PLFS Year (Jul - Jun), 2020",15-29,Urban,Female,27.1
India,Tamil Nadu,"PLFS Year (Jul - Jun), 2020",15-29,Urban,Person,20.0
India,Tamil Nadu,"PLFS Year (Jul - Jun), 2020",15-29,Rural+Urban,Male,18.3
India,Tamil Nadu,"PLFS Year (Jul - Jun), 2020",15-29,Rural+Urban,Female,25.6
India,Tamil Nadu,"PLFS Year (Jul - Jun), 2020",15-29,Rural+Urban,Person,20.4
India,Tamil Nadu,"PLFS Year (Jul - Jun), 2020",15-59,Rural,Male,6.2
India,Tamil Nadu,"PLFS Year (Jul - Jun), 2020",15-59,Rural,Female,4.3
India,Tamil Nadu,"PLFS Year (Jul - Jun), 2020",15-59,Rural,Person,5.4
India,Tamil Nadu,"PLFS Year (Jul - Jun), 2020",15-59,Urban,Male,5.6
India,Tamil Nadu,"PLFS Year (Jul - Jun), 2020",15-59,Urban,Female,8.0
India,Tamil Nadu,"PLFS Year (Jul - Jun), 2020",15-59,Urban,Person,6.3
India,Tamil Nadu,"PLFS Year (Jul - Jun), 2020",15-59,Rural+Urban,Male,5.9
India,Tamil Nadu,"PLFS Year (Jul - Jun), 2020",15-59,Rural+Urban,Female,5.6
India,Tamil Nadu,"PLFS Year (Jul - Jun), 2020",15-59,Rural+Urban,Person,5.8
India,Tamil Nadu,"PLFS Year (Jul - Jun), 2020",15 years and above,Rural,Male,5.4
India,Tamil Nadu,"PLFS Year (Jul - Jun), 2020",15 years and above,Rural,Female,3.8
India,Tamil Nadu,"PLFS Year (Jul - Jun), 2020",15 years and above,Rural,Person,4.8
India,Tamil Nadu,"PLFS Year (Jul - Jun), 2020",15 years and above,Urban,Male,5.1
India,Tamil Nadu,"PLFS Year (Jul - Jun), 2020",15 years and above,Urban,Female,7.5
India,Tamil Nadu,"PLFS Year (Jul - Jun), 2020",15 years and above,Urban,Person,5.8
India,Tamil Nadu,"PLFS Year (Jul - Jun), 2020",15 years and above,Rural+Urban,Male,5.3
India,Tamil Nadu,"PLFS Year (Jul - Jun), 2020",15 years and above,Rural+Urban,Female,5.0
India,Tamil Nadu,"PLFS Year (Jul - Jun), 2020",15 years and above,Rural+Urban,Person,5.2
India,Tamil Nadu,"PLFS Year (Jul - Jun), 2020",all ages,Rural,Male,5.4
India,Tamil Nadu,"PLFS Year (Jul - Jun), 2020",all ages,Rural,Female,3.8
India,Tamil Nadu,"PLFS Year (Jul - Jun), 2020",all ages,Rural,Person,4.8
India,Tamil Nadu,"PLFS Year (Jul - Jun), 2020",all ages,Urban,Male,5.1
India,Tamil Nadu,"PLFS Year (Jul - Jun), 2020",all ages,Urban,Female,7.5
India,Tamil Nadu,"PLFS Year (Jul - Jun), 2020",all ages,Urban,Person,5.8
India,Tamil Nadu,"PLFS Year (Jul - Jun), 2020",all ages,Rural+Urban,Male,5.3
India,Tamil Nadu,"PLFS Year (Jul - Jun), 2020",all ages,Rural+Urban,Female,5.0
India,Tamil Nadu,"PLFS Year (Jul - Jun), 2020",all ages,Rural+Urban,Person,5.2
India,Telangana,"PLFS Year (Jul - Jun), 2020",15-29,Rural,Male,13.2
India,Telangana,"PLFS Year (Jul - Jun), 2020",15-29,Rural,Female,13.0
India,Telangana,"PLFS Year (Jul - Jun), 2020",15-29,Rural,Person,13.1
India,Telangana,"PLFS Year (Jul - Jun), 2020",15-29,Urban,Male,17.7
India,Telangana,"PLFS Year (Jul - Jun), 2020",15-29,Urban,Female,29.4
India,Telangana,"PLFS Year (Jul - Jun), 2020",15-29,Urban,Person,20.7
India,Telangana,"PLFS Year (Jul - Jun), 2020",15-29,Rural+Urban,Male,15.0
India,Telangana,"PLFS Year (Jul - Jun), 2020",15-29,Rural+Urban,Female,19.0
India,Telangana,"PLFS Year (Jul - Jun), 2020",15-29,Rural+Urban,Person,16.1
India,Telangana,"PLFS Year (Jul - Jun), 2020",15-59,Rural,Male,4.7
India,Telangana,"PLFS Year (Jul - Jun), 2020",15-59,Rural,Female,2.3
India,Telangana,"PLFS Year (Jul - Jun), 2020",15-59,Rural,Person,3.6
India,Telangana,"PLFS Year (Jul - Jun), 2020",15-59,Urban,Male,6.7
India,Telangana,"PLFS Year (Jul - Jun), 2020",15-59,Urban,Female,11.3
India,Telangana,"PLFS Year (Jul - Jun), 2020",15-59,Urban,Person,8.0
India,Telangana,"PLFS Year (Jul - Jun), 2020",15-59,Rural+Urban,Male,5.5
India,Telangana,"PLFS Year (Jul - Jun), 2020",15-59,Rural+Urban,Female,4.5
India,Telangana,"PLFS Year (Jul - Jun), 2020",15-59,Rural+Urban,Person,5.1
India,Telangana,"PLFS Year (Jul - Jun), 2020",15 years and above,Rural,Male,4.3
India,Telangana,"PLFS Year (Jul - Jun), 2020",15 years and above,Rural,Female,2.2
India,Telangana,"PLFS Year (Jul - Jun), 2020",15 years and above,Rural,Person,3.4
India,Telangana,"PLFS Year (Jul - Jun), 2020",15 years and above,Urban,Male,6.5
India,Telangana,"PLFS Year (Jul - Jun), 2020",15 years and above,Urban,Female,11.1
India,Telangana,"PLFS Year (Jul - Jun), 2020",15 years and above,Urban,Person,7.7
India,Telangana,"PLFS Year (Jul - Jun), 2020",15 years and above,Rural+Urban,Male,5.2
India,Telangana,"PLFS Year (Jul - Jun), 2020",15 years and above,Rural+Urban,Female,4.4
India,Telangana,"PLFS Year (Jul - Jun), 2020",15 years and above,Rural+Urban,Person,4.9
India,Telangana,"PLFS Year (Jul - Jun), 2020",all ages,Rural,Male,4.3
India,Telangana,"PLFS Year (Jul - Jun), 2020",all ages,Rural,Female,2.2
India,Telangana,"PLFS Year (Jul - Jun), 2020",all ages,Rural,Person,3.4
India,Telangana,"PLFS Year (Jul - Jun), 2020",all ages,Urban,Male,6.5
India,Telangana,"PLFS Year (Jul - Jun), 2020",all ages,Urban,Female,11.1
India,Telangana,"PLFS Year (Jul - Jun), 2020",all ages,Urban,Person,7.7
India,Telangana,"PLFS Year (Jul - Jun), 2020",all ages,Rural+Urban,Male,5.2
India,Telangana,"PLFS Year (Jul - Jun), 2020",all ages,Rural+Urban,Female,4.4
India,Telangana,"PLFS Year (Jul - Jun), 2020",all ages,Rural+Urban,Person,4.9
India,The Dadra and Nagar Haveli and Daman and Diu,"PLFS Year (Jul - Jun), 2020",15-29,Rural,Male,20.1
India,The Dadra and Nagar Haveli and Daman and Diu,"PLFS Year (Jul - Jun), 2020",15-29,Rural,Female,0.0
India,The Dadra and Nagar Haveli and Daman and Diu,"PLFS Year (Jul - Jun), 2020",15-29,Rural,Person,14.2
India,The Dadra and Nagar Haveli and Daman and Diu,"PLFS Year (Jul - Jun), 2020",15-29,Urban,Male,8.4
India,The Dadra and Nagar Haveli and Daman and Diu,"PLFS Year (Jul - Jun), 2020",15-29,Urban,Female,30.2
India,The Dadra and Nagar Haveli and Daman and Diu,"PLFS Year (Jul - Jun), 2020",15-29,Urban,Person,10.1
India,The Dadra and Nagar Haveli and Daman and Diu,"PLFS Year (Jul - Jun), 2020",15-29,Rural+Urban,Male,13.3
India,The Dadra and Nagar Haveli and Daman and Diu,"PLFS Year (Jul - Jun), 2020",15-29,Rural+Urban,Female,6.6
India,The Dadra and Nagar Haveli and Daman and Diu,"PLFS Year (Jul - Jun), 2020",15-29,Rural+Urban,Person,12.1
India,The Dadra and Nagar Haveli and Daman and Diu,"PLFS Year (Jul - Jun), 2020",15-59,Rural,Male,8.3
India,The Dadra and Nagar Haveli and Daman and Diu,"PLFS Year (Jul - Jun), 2020",15-59,Rural,Female,0.0
India,The Dadra and Nagar Haveli and Daman and Diu,"PLFS Year (Jul - Jun), 2020",15-59,Rural,Person,5.3
India,The Dadra and Nagar Haveli and Daman and Diu,"PLFS Year (Jul - Jun), 2020",15-59,Urban,Male,3.1
India,The Dadra and Nagar Haveli and Daman and Diu,"PLFS Year (Jul - Jun), 2020",15-59,Urban,Female,6.1
India,The Dadra and Nagar Haveli and Daman and Diu,"PLFS Year (Jul - Jun), 2020",15-59,Urban,Person,3.5
India,The Dadra and Nagar Haveli and Daman and Diu,"PLFS Year (Jul - Jun), 2020",15-59,Rural+Urban,Male,5.1
India,The Dadra and Nagar Haveli and Daman and Diu,"PLFS Year (Jul - Jun), 2020",15-59,Rural+Urban,Female,1.8
India,The Dadra and Nagar Haveli and Daman and Diu,"PLFS Year (Jul - Jun), 2020",15-59,Rural+Urban,Person,4.3
India,The Dadra and Nagar Haveli and Daman and Diu,"PLFS Year (Jul - Jun), 2020",15 years and above,Rural,Male,8.1
India,The Dadra and Nagar Haveli and Daman and Diu,"PLFS Year (Jul - Jun), 2020",15 years and above,Rural,Female,0.0
India,The Dadra and Nagar Haveli and Daman and Diu,"PLFS Year (Jul - Jun), 2020",15 years and above,Rural,Person,5.2
India,The Dadra and Nagar Haveli and Daman and Diu,"PLFS Year (Jul - Jun), 2020",15 years and above,Urban,Male,3.0
India,The Dadra and Nagar Haveli and Daman and Diu,"PLFS Year (Jul - Jun), 2020",15 years and above,Urban,Female,5.8
India,The Dadra and Nagar Haveli and Daman and Diu,"PLFS Year (Jul - Jun), 2020",15 years and above,Urban,Person,3.4
India,The Dadra and Nagar Haveli and Daman and Diu,"PLFS Year (Jul - Jun), 2020",15 years and above,Rural+Urban,Male,5.0
India,The Dadra and Nagar Haveli and Daman and Diu,"PLFS Year (Jul - Jun), 2020",15 years and above,Rural+Urban,Female,1.8
India,The Dadra and Nagar Haveli and Daman and Diu,"PLFS Year (Jul - Jun), 2020",15 years and above,Rural+Urban,Person,4.2
India,The Dadra and Nagar Haveli and Daman and Diu,"PLFS Year (Jul - Jun), 2020",all ages,Rural,Male,8.1
India,The Dadra and Nagar Haveli and Daman and Diu,"PLFS Year (Jul - Jun), 2020",all ages,Rural,Female,0.0
India,The Dadra and Nagar Haveli and Daman and Diu,"PLFS Year (Jul - Jun), 2020",all ages,Rural,Person,5.2
India,The Dadra and Nagar Haveli and Daman and Diu,"PLFS Year (Jul - Jun), 2020",all ages,Urban,Male,3.0
India,The Dadra and Nagar Haveli and Daman and Diu,"PLFS Year (Jul - Jun), 2020",all ages,Urban,Female,5.8
India,The Dadra and Nagar Haveli and Daman and Diu,"PLFS Year (Jul - Jun), 2020",all ages,Urban,Person,3.4
India,The Dadra and Nagar Haveli and Daman and Diu,"PLFS Year (Jul - Jun), 2020",all ages,Rural+Urban,Male,5.0
India,The Dadra and Nagar Haveli and Daman and Diu,"PLFS Year (Jul - Jun), 2020",all ages,Rural+Urban,Female,1.8
India,The Dadra and Nagar Haveli and Daman and Diu,"PLFS Year (Jul - Jun), 2020",all ages,Rural+Urban,Person,4.2
India,Tripura,"PLFS Year (Jul - Jun), 2020",15-29,Rural,Male,11.7
India,Tripura,"PLFS Year (Jul - Jun), 2020",15-29,Rural,Female,11.7
India,Tripura,"PLFS Year (Jul - Jun), 2020",15-29,Rural,Person,11.7
India,Tripura,"PLFS Year (Jul - Jun), 2020",15-29,Urban,Male,12.2
India,Tripura,"PLFS Year (Jul - Jun), 2020",15-29,Urban,Female,21.2
India,Tripura,"PLFS Year (Jul - Jun), 2020",15-29,Urban,Person,14.1
India,Tripura,"PLFS Year (Jul - Jun), 2020",15-29,Rural+Urban,Male,11.8
India,Tripura,"PLFS Year (Jul - Jun), 2020",15-29,Rural+Urban,Female,13.2
India,Tripura,"PLFS Year (Jul - Jun), 2020",15-29,Rural+Urban,Person,12.1
India,Tripura,"PLFS Year (Jul - Jun), 2020",15-59,Rural,Male,3.6
India,Tripura,"PLFS Year (Jul - Jun), 2020",15-59,Rural,Female,2.5
India,Tripura,"PLFS Year (Jul - Jun), 2020",15-59,Rural,Person,3.3
India,Tripura,"PLFS Year (Jul - Jun), 2020",15-59,Urban,Male,4.6
India,Tripura,"PLFS Year (Jul - Jun), 2020",15-59,Urban,Female,6.0
India,Tripura,"PLFS Year (Jul - Jun), 2020",15-59,Urban,Person,5.0
India,Tripura,"PLFS Year (Jul - Jun), 2020",15-59,Rural+Urban,Male,3.8
India,Tripura,"PLFS Year (Jul - Jun), 2020",15-59,Rural+Urban,Female,3.1
India,Tripura,"PLFS Year (Jul - Jun), 2020",15-59,Rural+Urban,Person,3.6
India,Tripura,"PLFS Year (Jul - Jun), 2020",15 years and above,Rural,Male,3.2
India,Tripura,"PLFS Year (Jul - Jun), 2020",15 years and above,Rural,Female,2.3
India,Tripura,"PLFS Year (Jul - Jun), 2020",15 years and above,Rural,Person,2.9
India,Tripura,"PLFS Year (Jul - Jun), 2020",15 years and above,Urban,Male,4.3
India,Tripura,"PLFS Year (Jul - Jun), 2020",15 years and above,Urban,Female,5.7
India,Tripura,"PLFS Year (Jul - Jun), 2020",15 years and above,Urban,Person,4.6
India,Tripura,"PLFS Year (Jul - Jun), 2020",15 years and above,Rural+Urban,Male,3.4
India,Tripura,"PLFS Year (Jul - Jun), 2020",15 years and above,Rural+Urban,Female,2.9
India,Tripura,"PLFS Year (Jul - Jun), 2020",15 years and above,Rural+Urban,Person,3.2
India,Tripura,"PLFS Year (Jul - Jun), 2020",all ages,Rural,Male,3.2
India,Tripura,"PLFS Year (Jul - Jun), 2020",all ages,Rural,Female,2.3
India,Tripura,"PLFS Year (Jul - Jun), 2020",all ages,Rural,Person,2.9
India,Tripura,"PLFS Year (Jul - Jun), 2020",all ages,Urban,Male,4.3
India,Tripura,"PLFS Year (Jul - Jun), 2020",all ages,Urban,Female,5.7
India,Tripura,"PLFS Year (Jul - Jun), 2020",all ages,Urban,Person,4.6
India,Tripura,"PLFS Year (Jul - Jun), 2020",all ages,Rural+Urban,Male,3.4
India,Tripura,"PLFS Year (Jul - Jun), 2020",all ages,Rural+Urban,Female,2.9
India,Tripura,"PLFS Year (Jul - Jun), 2020",all ages,Rural+Urban,Person,3.2
India,Uttar Pradesh,"PLFS Year (Jul - Jun), 2020",15-29,Rural,Male,10.3
India,Uttar Pradesh,"PLFS Year (Jul - Jun), 2020",15-29,Rural,Female,6.6
India,Uttar Pradesh,"PLFS Year (Jul - Jun), 2020",15-29,Rural,Person,9.7
India,Uttar Pradesh,"PLFS Year (Jul - Jun), 2020",15-29,Urban,Male,15.9
India,Uttar Pradesh,"PLFS Year (Jul - Jun), 2020",15-29,Urban,Female,33.8
India,Uttar Pradesh,"PLFS Year (Jul - Jun), 2020",15-29,Urban,Person,18.5
India,Uttar Pradesh,"PLFS Year (Jul - Jun), 2020",15-29,Rural+Urban,Male,11.5
India,Uttar Pradesh,"PLFS Year (Jul - Jun), 2020",15-29,Rural+Urban,Female,11.8
India,Uttar Pradesh,"PLFS Year (Jul - Jun), 2020",15-29,Rural+Urban,Person,11.6
India,Uttar Pradesh,"PLFS Year (Jul - Jun), 2020",15-59,Rural,Male,4.3
India,Uttar Pradesh,"PLFS Year (Jul - Jun), 2020",15-59,Rural,Female,1.6
India,Uttar Pradesh,"PLFS Year (Jul - Jun), 2020",15-59,Rural,Person,3.7
India,Uttar Pradesh,"PLFS Year (Jul - Jun), 2020",15-59,Urban,Male,7.6
India,Uttar Pradesh,"PLFS Year (Jul - Jun), 2020",15-59,Urban,Female,13.6
India,Uttar Pradesh,"PLFS Year (Jul - Jun), 2020",15-59,Urban,Person,8.5
India,Uttar Pradesh,"PLFS Year (Jul - Jun), 2020",15-59,Rural+Urban,Male,5.1
India,Uttar Pradesh,"PLFS Year (Jul - Jun), 2020",15-59,Rural+Urban,Female,3.2
India,Uttar Pradesh,"PLFS Year (Jul - Jun), 2020",15-59,Rural+Urban,Person,4.6
India,Uttar Pradesh,"PLFS Year (Jul - Jun), 2020",15 years and above,Rural,Male,3.8
India,Uttar Pradesh,"PLFS Year (Jul - Jun), 2020",15 years and above,Rural,Female,1.5
India,Uttar Pradesh,"PLFS Year (Jul - Jun), 2020",15 years and above,Rural,Person,3.3
India,Uttar Pradesh,"PLFS Year (Jul - Jun), 2020",15 years and above,Urban,Male,7.1
India,Uttar Pradesh,"PLFS Year (Jul - Jun), 2020",15 years and above,Urban,Female,13.2
India,Uttar Pradesh,"PLFS Year (Jul - Jun), 2020",15 years and above,Urban,Person,8.0
India,Uttar Pradesh,"PLFS Year (Jul - Jun), 2020",15 years and above,Rural+Urban,Male,4.5
India,Uttar Pradesh,"PLFS Year (Jul - Jun), 2020",15 years and above,Rural+Urban,Female,2.9
India,Uttar Pradesh,"PLFS Year (Jul - Jun), 2020",15 years and above,Rural+Urban,Person,4.2
India,Uttar Pradesh,"PLFS Year (Jul - Jun), 2020",all ages,Rural,Male,3.8
India,Uttar Pradesh,"PLFS Year (Jul - Jun), 2020",all ages,Rural,Female,1.5
India,Uttar Pradesh,"PLFS Year (Jul - Jun), 2020",all ages,Rural,Person,3.2
India,Uttar Pradesh,"PLFS Year (Jul - Jun), 2020",all ages,Urban,Male,7.2
India,Uttar Pradesh,"PLFS Year (Jul - Jun), 2020",all ages,Urban,Female,13.1
India,Uttar Pradesh,"PLFS Year (Jul - Jun), 2020",all ages,Urban,Person,8.0
India,Uttar Pradesh,"PLFS Year (Jul - Jun), 2020",all ages,Rural+Urban,Male,4.5
India,Uttar Pradesh,"PLFS Year (Jul - Jun), 2020",all ages,Rural+Urban,Female,2.9
India,Uttar Pradesh,"PLFS Year (Jul - Jun), 2020",all ages,Rural+Urban,Person,4.2
India,Uttarakhand,"PLFS Year (Jul - Jun), 2020",15-29,Rural,Male,19.9
India,Uttarakhand,"PLFS Year (Jul - Jun), 2020",15-29,Rural,Female,13.5
India,Uttarakhand,"PLFS Year (Jul - Jun), 2020",15-29,Rural,Person,18.2
India,Uttarakhand,"PLFS Year (Jul - Jun), 2020",15-29,Urban,Male,26.3
India,Uttarakhand,"PLFS Year (Jul - Jun), 2020",15-29,Urban,Female,42.2
India,Uttarakhand,"PLFS Year (Jul - Jun), 2020",15-29,Urban,Person,28.6
India,Uttarakhand,"PLFS Year (Jul - Jun), 2020",15-29,Rural+Urban,Male,21.8
India,Uttarakhand,"PLFS Year (Jul - Jun), 2020",15-29,Rural+Urban,Female,18.3
India,Uttarakhand,"PLFS Year (Jul - Jun), 2020",15-29,Rural+Urban,Person,21.0
India,Uttarakhand,"PLFS Year (Jul - Jun), 2020",15-59,Rural,Male,7.5
India,Uttarakhand,"PLFS Year (Jul - Jun), 2020",15-59,Rural,Female,3.8
India,Uttarakhand,"PLFS Year (Jul - Jun), 2020",15-59,Rural,Person,6.3
India,Uttarakhand,"PLFS Year (Jul - Jun), 2020",15-59,Urban,Male,10.1
India,Uttarakhand,"PLFS Year (Jul - Jun), 2020",15-59,Urban,Female,13.1
India,Uttarakhand,"PLFS Year (Jul - Jun), 2020",15-59,Urban,Person,10.7
India,Uttarakhand,"PLFS Year (Jul - Jun), 2020",15-59,Rural+Urban,Male,8.3
India,Uttarakhand,"PLFS Year (Jul - Jun), 2020",15-59,Rural+Urban,Female,5.6
India,Uttarakhand,"PLFS Year (Jul - Jun), 2020",15-59,Rural+Urban,Person,7.5
India,Uttarakhand,"PLFS Year (Jul - Jun), 2020",15 years and above,Rural,Male,6.6
India,Uttarakhand,"PLFS Year (Jul - Jun), 2020",15 years and above,Rural,Female,3.3
India,Uttarakhand,"PLFS Year (Jul - Jun), 2020",15 years and above,Rural,Person,5.5
India,Uttarakhand,"PLFS Year (Jul - Jun), 2020",15 years and above,Urban,Male,10.0
India,Uttarakhand,"PLFS Year (Jul - Jun), 2020",15 years and above,Urban,Female,12.5
India,Uttarakhand,"PLFS Year (Jul - Jun), 2020",15 years and above,Urban,Person,10.5
India,Uttarakhand,"PLFS Year (Jul - Jun), 2020",15 years and above,Rural+Urban,Male,7.7
India,Uttarakhand,"PLFS Year (Jul - Jun), 2020",15 years and above,Rural+Urban,Female,5.0
India,Uttarakhand,"PLFS Year (Jul - Jun), 2020",15 years and above,Rural+Urban,Person,6.9
India,Uttarakhand,"PLFS Year (Jul - Jun), 2020",all ages,Rural,Male,6.6
India,Uttarakhand,"PLFS Year (Jul - Jun), 2020",all ages,Rural,Female,3.3
India,Uttarakhand,"PLFS Year (Jul - Jun), 2020",all ages,Rural,Person,5.5
India,Uttarakhand,"PLFS Year (Jul - Jun), 2020",all ages,Urban,Male,10.0
India,Uttarakhand,"PLFS Year (Jul - Jun), 2020",all ages,Urban,Female,12.5
India,Uttarakhand,"PLFS Year (Jul - Jun), 2020",all ages,Urban,Person,10.5
India,Uttarakhand,"PLFS Year (Jul - Jun), 2020",all ages,Rural+Urban,Male,7.7
India,Uttarakhand,"PLFS Year (Jul - Jun), 2020",all ages,Rural+Urban,Female,5.0
India,Uttarakhand,"PLFS Year (Jul - Jun), 2020",all ages,Rural+Urban,Person,6.9
India,West Bengal,"PLFS Year (Jul - Jun), 2020",15-29,Rural,Male,11.2
India,West Bengal,"PLFS Year (Jul - Jun), 2020",15-29,Rural,Female,7.3
India,West Bengal,"PLFS Year (Jul - Jun), 2020",15-29,Rural,Person,10.4
India,West Bengal,"PLFS Year (Jul - Jun), 2020",15-29,Urban,Male,14.7
India,West Bengal,"PLFS Year (Jul - Jun), 2020",15-29,Urban,Female,10.4
India,West Bengal,"PLFS Year (Jul - Jun), 2020",15-29,Urban,Person,13.4
India,West Bengal,"PLFS Year (Jul - Jun), 2020",15-29,Rural+Urban,Male,12.0
India,West Bengal,"PLFS Year (Jul - Jun), 2020",15-29,Rural+Urban,Female,8.3
India,West Bengal,"PLFS Year (Jul - Jun), 2020",15-29,Rural+Urban,Person,11.1
India,West Bengal,"PLFS Year (Jul - Jun), 2020",15-59,Rural,Male,4.2
India,West Bengal,"PLFS Year (Jul - Jun), 2020",15-59,Rural,Female,1.8
India,West Bengal,"PLFS Year (Jul - Jun), 2020",15-59,Rural,Person,3.5
India,West Bengal,"PLFS Year (Jul - Jun), 2020",15-59,Urban,Male,5.0
India,West Bengal,"PLFS Year (Jul - Jun), 2020",15-59,Urban,Female,3.8
India,West Bengal,"PLFS Year (Jul - Jun), 2020",15-59,Urban,Person,4.7
India,West Bengal,"PLFS Year (Jul - Jun), 2020",15-59,Rural+Urban,Male,4.4
India,West Bengal,"PLFS Year (Jul - Jun), 2020",15-59,Rural+Urban,Female,2.3
India,West Bengal,"PLFS Year (Jul - Jun), 2020",15-59,Rural+Urban,Person,3.8
India,West Bengal,"PLFS Year (Jul - Jun), 2020",15 years and above,Rural,Male,3.7
India,West Bengal,"PLFS Year (Jul - Jun), 2020",15 years and above,Rural,Female,1.7
India,West Bengal,"PLFS Year (Jul - Jun), 2020",15 years and above,Rural,Person,3.2
India,West Bengal,"PLFS Year (Jul - Jun), 2020",15 years and above,Urban,Male,4.6
India,West Bengal,"PLFS Year (Jul - Jun), 2020",15 years and above,Urban,Female,3.5
India,West Bengal,"PLFS Year (Jul - Jun), 2020",15 years and above,Urban,Person,4.4
India,West Bengal,"PLFS Year (Jul - Jun), 2020",15 years and above,Rural+Urban,Male,4.0
India,West Bengal,"PLFS Year (Jul - Jun), 2020",15 years and above,Rural+Urban,Female,2.2
India,West Bengal,"PLFS Year (Jul - Jun), 2020",15 years and above,Rural+Urban,Person,3.5
India,West Bengal,"PLFS Year (Jul - Jun), 2020",all ages,Rural,Male,3.7
India,West Bengal,"PLFS Year (Jul - Jun), 2020",all ages,Rural,Female,1.7
India,West Bengal,"PLFS Year (Jul - Jun), 2020",all ages,Rural,Person,3.2
India,West Bengal,"PLFS Year (Jul - Jun), 2020",all ages,Urban,Male,4.6
India,West Bengal,"PLFS Year (Jul - Jun), 2020",all ages,Urban,Female,3.5
India,West Bengal,"PLFS Year (Jul - Jun), 2020",all ages,Urban,Person,4.4
India,West Bengal,"PLFS Year (Jul - Jun), 2020",all ages,Rural+Urban,Male,4.0
India,West Bengal,"PLFS Year (Jul - Jun), 2020",all ages,Rural+Urban,Female,2.2
India,West Bengal,"PLFS Year (Jul - Jun), 2020",all ages,Rural+Urban,Person,3.5
India,Andaman and Nicobar Islands,"PLFS Year (Jul - Jun), 2019",15-29,Rural,Male,21.2
India,Andaman and Nicobar Islands,"PLFS Year (Jul - Jun), 2019",15-29,Rural,Female,60.9
India,Andaman and Nicobar Islands,"PLFS Year (Jul - Jun), 2019",15-29,Rural,Person,37.2
India,Andaman and Nicobar Islands,"PLFS Year (Jul - Jun), 2019",15-29,Urban,Male,19.0
India,Andaman and Nicobar Islands,"PLFS Year (Jul - Jun), 2019",15-29,Urban,Female,57.6
India,Andaman and Nicobar Islands,"PLFS Year (Jul - Jun), 2019",15-29,Urban,Person,29.8
India,Andaman and Nicobar Islands,"PLFS Year (Jul - Jun), 2019",15-29,Rural+Urban,Male,20.2
India,Andaman and Nicobar Islands,"PLFS Year (Jul - Jun), 2019",15-29,Rural+Urban,Female,59.9
India,Andaman and Nicobar Islands,"PLFS Year (Jul - Jun), 2019",15-29,Rural+Urban,Person,34.2
India,Andaman and Nicobar Islands,"PLFS Year (Jul - Jun), 2019",15-59,Rural,Male,6.5
India,Andaman and Nicobar Islands,"PLFS Year (Jul - Jun), 2019",15-59,Rural,Female,27.8
India,Andaman and Nicobar Islands,"PLFS Year (Jul - Jun), 2019",15-59,Rural,Person,13.2
India,Andaman and Nicobar Islands,"PLFS Year (Jul - Jun), 2019",15-59,Urban,Male,6.2
India,Andaman and Nicobar Islands,"PLFS Year (Jul - Jun), 2019",15-59,Urban,Female,28.9
India,Andaman and Nicobar Islands,"PLFS Year (Jul - Jun), 2019",15-59,Urban,Person,12.7
India,Andaman and Nicobar Islands,"PLFS Year (Jul - Jun), 2019",15-59,Rural+Urban,Male,6.4
India,Andaman and Nicobar Islands,"PLFS Year (Jul - Jun), 2019",15-59,Rural+Urban,Female,28.2
India,Andaman and Nicobar Islands,"PLFS Year (Jul - Jun), 2019",15-59,Rural+Urban,Person,13.0
India,Andaman and Nicobar Islands,"PLFS Year (Jul - Jun), 2019",15 years and above,Rural,Male,6.3
India,Andaman and Nicobar Islands,"PLFS Year (Jul - Jun), 2019",15 years and above,Rural,Female,27.1
India,Andaman and Nicobar Islands,"PLFS Year (Jul - Jun), 2019",15 years and above,Rural,Person,12.8
India,Andaman and Nicobar Islands,"PLFS Year (Jul - Jun), 2019",15 years and above,Urban,Male,6.3
India,Andaman and Nicobar Islands,"PLFS Year (Jul - Jun), 2019",15 years and above,Urban,Female,28.6
India,Andaman and Nicobar Islands,"PLFS Year (Jul - Jun), 2019",15 years and above,Urban,Person,12.4
India,Andaman and Nicobar Islands,"PLFS Year (Jul - Jun), 2019",15 years and above,Rural+Urban,Male,6.3
India,Andaman and Nicobar Islands,"PLFS Year (Jul - Jun), 2019",15 years and above,Rural+Urban,Female,27.7
India,Andaman and Nicobar Islands,"PLFS Year (Jul - Jun), 2019",15 years and above,Rural+Urban,Person,12.6
India,Andaman and Nicobar Islands,"PLFS Year (Jul - Jun), 2019",all ages,Rural,Male,6.3
India,Andaman and Nicobar Islands,"PLFS Year (Jul - Jun), 2019",all ages,Rural,Female,26.5
India,Andaman and Nicobar Islands,"PLFS Year (Jul - Jun), 2019",all ages,Rural,Person,12.7
India,Andaman and Nicobar Islands,"PLFS Year (Jul - Jun), 2019",all ages,Urban,Male,6.3
India,Andaman and Nicobar Islands,"PLFS Year (Jul - Jun), 2019",all ages,Urban,Female,28.6
India,Andaman and Nicobar Islands,"PLFS Year (Jul - Jun), 2019",all ages,Urban,Person,12.4
India,Andaman and Nicobar Islands,"PLFS Year (Jul - Jun), 2019",all ages,Rural+Urban,Male,6.3
India,Andaman and Nicobar Islands,"PLFS Year (Jul - Jun), 2019",all ages,Rural+Urban,Female,27.3
India,Andaman and Nicobar Islands,"PLFS Year (Jul - Jun), 2019",all ages,Rural+Urban,Person,12.6
India,Andhra Pradesh,"PLFS Year (Jul - Jun), 2019",15-29,Rural,Male,15.0
India,Andhra Pradesh,"PLFS Year (Jul - Jun), 2019",15-29,Rural,Female,12.2
India,Andhra Pradesh,"PLFS Year (Jul - Jun), 2019",15-29,Rural,Person,14.1
India,Andhra Pradesh,"PLFS Year (Jul - Jun), 2019",15-29,Urban,Male,24.5
India,Andhra Pradesh,"PLFS Year (Jul - Jun), 2019",15-29,Urban,Female,26.1
India,Andhra Pradesh,"PLFS Year (Jul - Jun), 2019",15-29,Urban,Person,25.0
India,Andhra Pradesh,"PLFS Year (Jul - Jun), 2019",15-29,Rural+Urban,Male,17.6
India,Andhra Pradesh,"PLFS Year (Jul - Jun), 2019",15-29,Rural+Urban,Female,15.9
India,Andhra Pradesh,"PLFS Year (Jul - Jun), 2019",15-29,Rural+Urban,Person,17.1
India,Andhra Pradesh,"PLFS Year (Jul - Jun), 2019",15-59,Rural,Male,4.9
India,Andhra Pradesh,"PLFS Year (Jul - Jun), 2019",15-59,Rural,Female,3.2
India,Andhra Pradesh,"PLFS Year (Jul - Jun), 2019",15-59,Rural,Person,4.3
India,Andhra Pradesh,"PLFS Year (Jul - Jun), 2019",15-59,Urban,Male,6.8
India,Andhra Pradesh,"PLFS Year (Jul - Jun), 2019",15-59,Urban,Female,8.2
India,Andhra Pradesh,"PLFS Year (Jul - Jun), 2019",15-59,Urban,Person,7.2
India,Andhra Pradesh,"PLFS Year (Jul - Jun), 2019",15-59,Rural+Urban,Male,5.5
India,Andhra Pradesh,"PLFS Year (Jul - Jun), 2019",15-59,Rural+Urban,Female,4.4
India,Andhra Pradesh,"PLFS Year (Jul - Jun), 2019",15-59,Rural+Urban,Person,5.1
India,Andhra Pradesh,"PLFS Year (Jul - Jun), 2019",15 years and above,Rural,Male,4.4
India,Andhra Pradesh,"PLFS Year (Jul - Jun), 2019",15 years and above,Rural,Female,3.0
India,Andhra Pradesh,"PLFS Year (Jul - Jun), 2019",15 years and above,Rural,Person,3.9
India,Andhra Pradesh,"PLFS Year (Jul - Jun), 2019",15 years and above,Urban,Male,6.3
India,Andhra Pradesh,"PLFS Year (Jul - Jun), 2019",15 years and above,Urban,Female,7.8
India,Andhra Pradesh,"PLFS Year (Jul - Jun), 2019",15 years and above,Urban,Person,6.8
India,Andhra Pradesh,"PLFS Year (Jul - Jun), 2019",15 years and above,Rural+Urban,Male,5.0
India,Andhra Pradesh,"PLFS Year (Jul - Jun), 2019",15 years and above,Rural+Urban,Female,4.1
India,Andhra Pradesh,"PLFS Year (Jul - Jun), 2019",15 years and above,Rural+Urban,Person,4.7
India,Andhra Pradesh,"PLFS Year (Jul - Jun), 2019",all ages,Rural,Male,4.4
India,Andhra Pradesh,"PLFS Year (Jul - Jun), 2019",all ages,Rural,Female,3.0
India,Andhra Pradesh,"PLFS Year (Jul - Jun), 2019",all ages,Rural,Person,3.9
India,Andhra Pradesh,"PLFS Year (Jul - Jun), 2019",all ages,Urban,Male,6.3
India,Andhra Pradesh,"PLFS Year (Jul - Jun), 2019",all ages,Urban,Female,7.8
India,Andhra Pradesh,"PLFS Year (Jul - Jun), 2019",all ages,Urban,Person,6.7
India,Andhra Pradesh,"PLFS Year (Jul - Jun), 2019",all ages,Rural+Urban,Male,5.0
India,Andhra Pradesh,"PLFS Year (Jul - Jun), 2019",all ages,Rural+Urban,Female,4.1
India,Andhra Pradesh,"PLFS Year (Jul - Jun), 2019",all ages,Rural+Urban,Person,4.7
India,Arunachal Pradesh,"PLFS Year (Jul - Jun), 2019",15-29,Rural,Male,19.7
India,Arunachal Pradesh,"PLFS Year (Jul - Jun), 2019",15-29,Rural,Female,27.5
India,Arunachal Pradesh,"PLFS Year (Jul - Jun), 2019",15-29,Rural,Person,21.9
India,Arunachal Pradesh,"PLFS Year (Jul - Jun), 2019",15-29,Urban,Male,36.1
India,Arunachal Pradesh,"PLFS Year (Jul - Jun), 2019",15-29,Urban,Female,35.4
India,Arunachal Pradesh,"PLFS Year (Jul - Jun), 2019",15-29,Urban,Person,35.9
India,Arunachal Pradesh,"PLFS Year (Jul - Jun), 2019",15-29,Rural+Urban,Male,22.0
India,Arunachal Pradesh,"PLFS Year (Jul - Jun), 2019",15-29,Rural+Urban,Female,28.5
India,Arunachal Pradesh,"PLFS Year (Jul - Jun), 2019",15-29,Rural+Urban,Person,23.8
India,Arunachal Pradesh,"PLFS Year (Jul - Jun), 2019",15-59,Rural,Male,5.8
India,Arunachal Pradesh,"PLFS Year (Jul - Jun), 2019",15-59,Rural,Female,9.3
India,Arunachal Pradesh,"PLFS Year (Jul - Jun), 2019",15-59,Rural,Person,6.6
India,Arunachal Pradesh,"PLFS Year (Jul - Jun), 2019",15-59,Urban,Male,8.5
India,Arunachal Pradesh,"PLFS Year (Jul - Jun), 2019",15-59,Urban,Female,11.5
India,Arunachal Pradesh,"PLFS Year (Jul - Jun), 2019",15-59,Urban,Person,9.1
India,Arunachal Pradesh,"PLFS Year (Jul - Jun), 2019",15-59,Rural+Urban,Male,6.3
India,Arunachal Pradesh,"PLFS Year (Jul - Jun), 2019",15-59,Rural+Urban,Female,9.6
India,Arunachal Pradesh,"PLFS Year (Jul - Jun), 2019",15-59,Rural+Urban,Person,7.0
India,Arunachal Pradesh,"PLFS Year (Jul - Jun), 2019",15 years and above,Rural,Male,5.4
India,Arunachal Pradesh,"PLFS Year (Jul - Jun), 2019",15 years and above,Rural,Female,9.2
India,Arunachal Pradesh,"PLFS Year (Jul - Jun), 2019",15 years and above,Rural,Person,6.3
India,Arunachal Pradesh,"PLFS Year (Jul - Jun), 2019",15 years and above,Urban,Male,8.4
India,Arunachal Pradesh,"PLFS Year (Jul - Jun), 2019",15 years and above,Urban,Female,11.4
India,Arunachal Pradesh,"PLFS Year (Jul - Jun), 2019",15 years and above,Urban,Person,9.0
India,Arunachal Pradesh,"PLFS Year (Jul - Jun), 2019",15 years and above,Rural+Urban,Male,5.9
India,Arunachal Pradesh,"PLFS Year (Jul - Jun), 2019",15 years and above,Rural+Urban,Female,9.5
India,Arunachal Pradesh,"PLFS Year (Jul - Jun), 2019",15 years and above,Rural+Urban,Person,6.7
India,Arunachal Pradesh,"PLFS Year (Jul - Jun), 2019",all ages,Rural,Male,5.4
India,Arunachal Pradesh,"PLFS Year (Jul - Jun), 2019",all ages,Rural,Female,9.2
India,Arunachal Pradesh,"PLFS Year (Jul - Jun), 2019",all ages,Rural,Person,6.3
India,Arunachal Pradesh,"PLFS Year (Jul - Jun), 2019",all ages,Urban,Male,8.4
India,Arunachal Pradesh,"PLFS Year (Jul - Jun), 2019",all ages,Urban,Female,11.4
India,Arunachal Pradesh,"PLFS Year (Jul - Jun), 2019",all ages,Urban,Person,9.0
India,Arunachal Pradesh,"PLFS Year (Jul - Jun), 2019",all ages,Rural+Urban,Male,5.9
India,Arunachal Pradesh,"PLFS Year (Jul - Jun), 2019",all ages,Rural+Urban,Female,9.5
India,Arunachal Pradesh,"PLFS Year (Jul - Jun), 2019",all ages,Rural+Urban,Person,6.7
India,Assam,"PLFS Year (Jul - Jun), 2019",15-29,Rural,Male,26.1
India,Assam,"PLFS Year (Jul - Jun), 2019",15-29,Rural,Female,31.6
India,Assam,"PLFS Year (Jul - Jun), 2019",15-29,Rural,Person,27.3
India,Assam,"PLFS Year (Jul - Jun), 2019",15-29,Urban,Male,25.1
India,Assam,"PLFS Year (Jul - Jun), 2019",15-29,Urban,Female,37.7
India,Assam,"PLFS Year (Jul - Jun), 2019",15-29,Urban,Person,28.7
India,Assam,"PLFS Year (Jul - Jun), 2019",15-29,Rural+Urban,Male,25.9
India,Assam,"PLFS Year (Jul - Jun), 2019",15-29,Rural+Urban,Female,32.5
India,Assam,"PLFS Year (Jul - Jun), 2019",15-29,Rural+Urban,Person,27.5
India,Assam,"PLFS Year (Jul - Jun), 2019",15-59,Rural,Male,7.1
India,Assam,"PLFS Year (Jul - Jun), 2019",15-59,Rural,Female,13.5
India,Assam,"PLFS Year (Jul - Jun), 2019",15-59,Rural,Person,8.2
India,Assam,"PLFS Year (Jul - Jun), 2019",15-59,Urban,Male,6.5
India,Assam,"PLFS Year (Jul - Jun), 2019",15-59,Urban,Female,18.6
India,Assam,"PLFS Year (Jul - Jun), 2019",15-59,Urban,Person,9.0
India,Assam,"PLFS Year (Jul - Jun), 2019",15-59,Rural+Urban,Male,7.1
India,Assam,"PLFS Year (Jul - Jun), 2019",15-59,Rural+Urban,Female,14.3
India,Assam,"PLFS Year (Jul - Jun), 2019",15-59,Rural+Urban,Person,8.3
India,Assam,"PLFS Year (Jul - Jun), 2019",15 years and above,Rural,Male,6.8
India,Assam,"PLFS Year (Jul - Jun), 2019",15 years and above,Rural,Female,12.8
India,Assam,"PLFS Year (Jul - Jun), 2019",15 years and above,Rural,Person,7.8
India,Assam,"PLFS Year (Jul - Jun), 2019",15 years and above,Urban,Male,6.3
India,Assam,"PLFS Year (Jul - Jun), 2019",15 years and above,Urban,Female,18.3
India,Assam,"PLFS Year (Jul - Jun), 2019",15 years and above,Urban,Person,8.7
India,Assam,"PLFS Year (Jul - Jun), 2019",15 years and above,Rural+Urban,Male,6.7
India,Assam,"PLFS Year (Jul - Jun), 2019",15 years and above,Rural+Urban,Female,13.6
India,Assam,"PLFS Year (Jul - Jun), 2019",15 years and above,Rural+Urban,Person,7.9
India,Assam,"PLFS Year (Jul - Jun), 2019",all ages,Rural,Male,6.8
India,Assam,"PLFS Year (Jul - Jun), 2019",all ages,Rural,Female,12.9
India,Assam,"PLFS Year (Jul - Jun), 2019",all ages,Rural,Person,7.8
India,Assam,"PLFS Year (Jul - Jun), 2019",all ages,Urban,Male,6.3
India,Assam,"PLFS Year (Jul - Jun), 2019",all ages,Urban,Female,18.3
India,Assam,"PLFS Year (Jul - Jun), 2019",all ages,Urban,Person,8.7
India,Assam,"PLFS Year (Jul - Jun), 2019",all ages,Rural+Urban,Male,6.7
India,Assam,"PLFS Year (Jul - Jun), 2019",all ages,Rural+Urban,Female,13.7
India,Assam,"PLFS Year (Jul - Jun), 2019",all ages,Rural+Urban,Person,7.9
India,Bihar,"PLFS Year (Jul - Jun), 2019",15-29,Rural,Male,17.8
India,Bihar,"PLFS Year (Jul - Jun), 2019",15-29,Rural,Female,3.7
India,Bihar,"PLFS Year (Jul - Jun), 2019",15-29,Rural,Person,16.9
India,Bihar,"PLFS Year (Jul - Jun), 2019",15-29,Urban,Male,21.4
India,Bihar,"PLFS Year (Jul - Jun), 2019",15-29,Urban,Female,32.4
India,Bihar,"PLFS Year (Jul - Jun), 2019",15-29,Urban,Person,22.6
India,Bihar,"PLFS Year (Jul - Jun), 2019",15-29,Rural+Urban,Male,18.2
India,Bihar,"PLFS Year (Jul - Jun), 2019",15-29,Rural+Urban,Female,9.4
India,Bihar,"PLFS Year (Jul - Jun), 2019",15-29,Rural+Urban,Person,17.6
India,Bihar,"PLFS Year (Jul - Jun), 2019",15-59,Rural,Male,5.8
India,Bihar,"PLFS Year (Jul - Jun), 2019",15-59,Rural,Female,0.6
India,Bihar,"PLFS Year (Jul - Jun), 2019",15-59,Rural,Person,5.2
India,Bihar,"PLFS Year (Jul - Jun), 2019",15-59,Urban,Male,8.9
India,Bihar,"PLFS Year (Jul - Jun), 2019",15-59,Urban,Female,12.6
India,Bihar,"PLFS Year (Jul - Jun), 2019",15-59,Urban,Person,9.3
India,Bihar,"PLFS Year (Jul - Jun), 2019",15-59,Rural+Urban,Male,6.2
India,Bihar,"PLFS Year (Jul - Jun), 2019",15-59,Rural+Urban,Female,1.8
India,Bihar,"PLFS Year (Jul - Jun), 2019",15-59,Rural+Urban,Person,5.7
India,Bihar,"PLFS Year (Jul - Jun), 2019",15 years and above,Rural,Male,5.2
India,Bihar,"PLFS Year (Jul - Jun), 2019",15 years and above,Rural,Female,0.5
India,Bihar,"PLFS Year (Jul - Jun), 2019",15 years and above,Rural,Person,4.7
India,Bihar,"PLFS Year (Jul - Jun), 2019",15 years and above,Urban,Male,8.2
India,Bihar,"PLFS Year (Jul - Jun), 2019",15 years and above,Urban,Female,11.9
India,Bihar,"PLFS Year (Jul - Jun), 2019",15 years and above,Urban,Person,8.6
India,Bihar,"PLFS Year (Jul - Jun), 2019",15 years and above,Rural+Urban,Male,5.6
India,Bihar,"PLFS Year (Jul - Jun), 2019",15 years and above,Rural+Urban,Female,1.7
India,Bihar,"PLFS Year (Jul - Jun), 2019",15 years and above,Rural+Urban,Person,5.1
India,Bihar,"PLFS Year (Jul - Jun), 2019",all ages,Rural,Male,5.4
India,Bihar,"PLFS Year (Jul - Jun), 2019",all ages,Rural,Female,0.5
India,Bihar,"PLFS Year (Jul - Jun), 2019",all ages,Rural,Person,4.8
India,Bihar,"PLFS Year (Jul - Jun), 2019",all ages,Urban,Male,8.1
India,Bihar,"PLFS Year (Jul - Jun), 2019",all ages,Urban,Female,12.4
India,Bihar,"PLFS Year (Jul - Jun), 2019",all ages,Urban,Person,8.6
India,Bihar,"PLFS Year (Jul - Jun), 2019",all ages,Rural+Urban,Male,5.7
India,Bihar,"PLFS Year (Jul - Jun), 2019",all ages,Rural+Urban,Female,1.7
India,Bihar,"PLFS Year (Jul - Jun), 2019",all ages,Rural+Urban,Person,5.3
India,Chandigarh,"PLFS Year (Jul - Jun), 2019",15-29,Rural,Male,11.9
India,Chandigarh,"PLFS Year (Jul - Jun), 2019",15-29,Rural,Female,17.7
India,Chandigarh,"PLFS Year (Jul - Jun), 2019",15-29,Rural,Person,13.5
India,Chandigarh,"PLFS Year (Jul - Jun), 2019",15-29,Urban,Male,12.2
India,Chandigarh,"PLFS Year (Jul - Jun), 2019",15-29,Urban,Female,12.5
India,Chandigarh,"PLFS Year (Jul - Jun), 2019",15-29,Urban,Person,12.3
India,Chandigarh,"PLFS Year (Jul - Jun), 2019",15-29,Rural+Urban,Male,12.2
India,Chandigarh,"PLFS Year (Jul - Jun), 2019",15-29,Rural+Urban,Female,12.8
India,Chandigarh,"PLFS Year (Jul - Jun), 2019",15-29,Rural+Urban,Person,12.3
India,Chandigarh,"PLFS Year (Jul - Jun), 2019",15-59,Rural,Male,3.1
India,Chandigarh,"PLFS Year (Jul - Jun), 2019",15-59,Rural,Female,37.4
India,Chandigarh,"PLFS Year (Jul - Jun), 2019",15-59,Rural,Person,10.0
India,Chandigarh,"PLFS Year (Jul - Jun), 2019",15-59,Urban,Male,6.0
India,Chandigarh,"PLFS Year (Jul - Jun), 2019",15-59,Urban,Female,6.1
India,Chandigarh,"PLFS Year (Jul - Jun), 2019",15-59,Urban,Person,6.0
India,Chandigarh,"PLFS Year (Jul - Jun), 2019",15-59,Rural+Urban,Male,5.8
India,Chandigarh,"PLFS Year (Jul - Jun), 2019",15-59,Rural+Urban,Female,7.8
India,Chandigarh,"PLFS Year (Jul - Jun), 2019",15-59,Rural+Urban,Person,6.2
India,Chandigarh,"PLFS Year (Jul - Jun), 2019",15 years and above,Rural,Male,3.1
India,Chandigarh,"PLFS Year (Jul - Jun), 2019",15 years and above,Rural,Female,37.4
India,Chandigarh,"PLFS Year (Jul - Jun), 2019",15 years and above,Rural,Person,9.9
India,Chandigarh,"PLFS Year (Jul - Jun), 2019",15 years and above,Urban,Male,6.1
India,Chandigarh,"PLFS Year (Jul - Jun), 2019",15 years and above,Urban,Female,6.0
India,Chandigarh,"PLFS Year (Jul - Jun), 2019",15 years and above,Urban,Person,6.1
India,Chandigarh,"PLFS Year (Jul - Jun), 2019",15 years and above,Rural+Urban,Male,6.0
India,Chandigarh,"PLFS Year (Jul - Jun), 2019",15 years and above,Rural+Urban,Female,7.6
India,Chandigarh,"PLFS Year (Jul - Jun), 2019",15 years and above,Rural+Urban,Person,6.3
India,Chandigarh,"PLFS Year (Jul - Jun), 2019",all ages,Rural,Male,3.1
India,Chandigarh,"PLFS Year (Jul - Jun), 2019",all ages,Rural,Female,36.5
India,Chandigarh,"PLFS Year (Jul - Jun), 2019",all ages,Rural,Person,9.9
India,Chandigarh,"PLFS Year (Jul - Jun), 2019",all ages,Urban,Male,6.1
India,Chandigarh,"PLFS Year (Jul - Jun), 2019",all ages,Urban,Female,6.0
India,Chandigarh,"PLFS Year (Jul - Jun), 2019",all ages,Urban,Person,6.1
India,Chandigarh,"PLFS Year (Jul - Jun), 2019",all ages,Rural+Urban,Male,6.0
India,Chandigarh,"PLFS Year (Jul - Jun), 2019",all ages,Rural+Urban,Female,7.6
India,Chandigarh,"PLFS Year (Jul - Jun), 2019",all ages,Rural+Urban,Person,6.3
India,Chhattisgarh,"PLFS Year (Jul - Jun), 2019",15-29,Rural,Male,9.6
India,Chhattisgarh,"PLFS Year (Jul - Jun), 2019",15-29,Rural,Female,4.3
India,Chhattisgarh,"PLFS Year (Jul - Jun), 2019",15-29,Rural,Person,7.6
India,Chhattisgarh,"PLFS Year (Jul - Jun), 2019",15-29,Urban,Male,23.8
India,Chhattisgarh,"PLFS Year (Jul - Jun), 2019",15-29,Urban,Female,25.7
India,Chhattisgarh,"PLFS Year (Jul - Jun), 2019",15-29,Urban,Person,24.4
India,Chhattisgarh,"PLFS Year (Jul - Jun), 2019",15-29,Rural+Urban,Male,12.0
India,Chhattisgarh,"PLFS Year (Jul - Jun), 2019",15-29,Rural+Urban,Female,6.8
India,Chhattisgarh,"PLFS Year (Jul - Jun), 2019",15-29,Rural+Urban,Person,10.1
India,Chhattisgarh,"PLFS Year (Jul - Jun), 2019",15-59,Rural,Male,3.5
India,Chhattisgarh,"PLFS Year (Jul - Jun), 2019",15-59,Rural,Female,1.2
India,Chhattisgarh,"PLFS Year (Jul - Jun), 2019",15-59,Rural,Person,2.5
India,Chhattisgarh,"PLFS Year (Jul - Jun), 2019",15-59,Urban,Male,9.2
India,Chhattisgarh,"PLFS Year (Jul - Jun), 2019",15-59,Urban,Female,9.8
India,Chhattisgarh,"PLFS Year (Jul - Jun), 2019",15-59,Urban,Person,9.4
India,Chhattisgarh,"PLFS Year (Jul - Jun), 2019",15-59,Rural+Urban,Male,4.5
India,Chhattisgarh,"PLFS Year (Jul - Jun), 2019",15-59,Rural+Urban,Female,2.0
India,Chhattisgarh,"PLFS Year (Jul - Jun), 2019",15-59,Rural+Urban,Person,3.5
India,Chhattisgarh,"PLFS Year (Jul - Jun), 2019",15 years and above,Rural,Male,3.2
India,Chhattisgarh,"PLFS Year (Jul - Jun), 2019",15 years and above,Rural,Female,1.1
India,Chhattisgarh,"PLFS Year (Jul - Jun), 2019",15 years and above,Rural,Person,2.3
India,Chhattisgarh,"PLFS Year (Jul - Jun), 2019",15 years and above,Urban,Male,8.6
India,Chhattisgarh,"PLFS Year (Jul - Jun), 2019",15 years and above,Urban,Female,9.4
India,Chhattisgarh,"PLFS Year (Jul - Jun), 2019",15 years and above,Urban,Person,8.8
India,Chhattisgarh,"PLFS Year (Jul - Jun), 2019",15 years and above,Rural+Urban,Male,4.1
India,Chhattisgarh,"PLFS Year (Jul - Jun), 2019",15 years and above,Rural+Urban,Female,1.9
India,Chhattisgarh,"PLFS Year (Jul - Jun), 2019",15 years and above,Rural+Urban,Person,3.3
India,Chhattisgarh,"PLFS Year (Jul - Jun), 2019",all ages,Rural,Male,3.2
India,Chhattisgarh,"PLFS Year (Jul - Jun), 2019",all ages,Rural,Female,1.1
India,Chhattisgarh,"PLFS Year (Jul - Jun), 2019",all ages,Rural,Person,2.3
India,Chhattisgarh,"PLFS Year (Jul - Jun), 2019",all ages,Urban,Male,8.6
India,Chhattisgarh,"PLFS Year (Jul - Jun), 2019",all ages,Urban,Female,9.4
India,Chhattisgarh,"PLFS Year (Jul - Jun), 2019",all ages,Urban,Person,8.8
India,Chhattisgarh,"PLFS Year (Jul - Jun), 2019",all ages,Rural+Urban,Male,4.1
India,Chhattisgarh,"PLFS Year (Jul - Jun), 2019",all ages,Rural+Urban,Female,1.9
India,Chhattisgarh,"PLFS Year (Jul - Jun), 2019",all ages,Rural+Urban,Person,3.3
India,Delhi,"PLFS Year (Jul - Jun), 2019",15-29,Rural,Male,7.5
India,Delhi,"PLFS Year (Jul - Jun), 2019",15-29,Rural,Female,0.0
India,Delhi,"PLFS Year (Jul - Jun), 2019",15-29,Rural,Person,7.5
India,Delhi,"PLFS Year (Jul - Jun), 2019",15-29,Urban,Male,22.1
India,Delhi,"PLFS Year (Jul - Jun), 2019",15-29,Urban,Female,27.5
India,Delhi,"PLFS Year (Jul - Jun), 2019",15-29,Urban,Person,22.9
India,Delhi,"PLFS Year (Jul - Jun), 2019",15-29,Rural+Urban,Male,21.6
India,Delhi,"PLFS Year (Jul - Jun), 2019",15-29,Rural+Urban,Female,27.5
India,Delhi,"PLFS Year (Jul - Jun), 2019",15-29,Rural+Urban,Person,22.5
India,Delhi,"PLFS Year (Jul - Jun), 2019",15-59,Rural,Male,2.6
India,Delhi,"PLFS Year (Jul - Jun), 2019",15-59,Rural,Female,0.0
India,Delhi,"PLFS Year (Jul - Jun), 2019",15-59,Rural,Person,2.0
India,Delhi,"PLFS Year (Jul - Jun), 2019",15-59,Urban,Male,8.9
India,Delhi,"PLFS Year (Jul - Jun), 2019",15-59,Urban,Female,10.8
India,Delhi,"PLFS Year (Jul - Jun), 2019",15-59,Urban,Person,9.2
India,Delhi,"PLFS Year (Jul - Jun), 2019",15-59,Rural+Urban,Male,8.7
India,Delhi,"PLFS Year (Jul - Jun), 2019",15-59,Rural+Urban,Female,10.3
India,Delhi,"PLFS Year (Jul - Jun), 2019",15-59,Rural+Urban,Person,9.0
India,Delhi,"PLFS Year (Jul - Jun), 2019",15 years and above,Rural,Male,2.5
India,Delhi,"PLFS Year (Jul - Jun), 2019",15 years and above,Rural,Female,0.0
India,Delhi,"PLFS Year (Jul - Jun), 2019",15 years and above,Rural,Person,2.0
India,Delhi,"PLFS Year (Jul - Jun), 2019",15 years and above,Urban,Male,8.6
India,Delhi,"PLFS Year (Jul - Jun), 2019",15 years and above,Urban,Female,10.2
India,Delhi,"PLFS Year (Jul - Jun), 2019",15 years and above,Urban,Person,8.8
India,Delhi,"PLFS Year (Jul - Jun), 2019",15 years and above,Rural+Urban,Male,8.4
India,Delhi,"PLFS Year (Jul - Jun), 2019",15 years and above,Rural+Urban,Female,9.8
India,Delhi,"PLFS Year (Jul - Jun), 2019",15 years and above,Rural+Urban,Person,8.6
India,Delhi,"PLFS Year (Jul - Jun), 2019",all ages,Rural,Male,2.5
India,Delhi,"PLFS Year (Jul - Jun), 2019",all ages,Rural,Female,0.0
India,Delhi,"PLFS Year (Jul - Jun), 2019",all ages,Rural,Person,2.0
India,Delhi,"PLFS Year (Jul - Jun), 2019",all ages,Urban,Male,8.7
India,Delhi,"PLFS Year (Jul - Jun), 2019",all ages,Urban,Female,10.2
India,Delhi,"PLFS Year (Jul - Jun), 2019",all ages,Urban,Person,8.9
India,Delhi,"PLFS Year (Jul - Jun), 2019",all ages,Rural+Urban,Male,8.5
India,Delhi,"PLFS Year (Jul - Jun), 2019",all ages,Rural+Urban,Female,9.8
India,Delhi,"PLFS Year (Jul - Jun), 2019",all ages,Rural+Urban,Person,8.7
India,Goa,"PLFS Year (Jul - Jun), 2019",15-29,Rural,Male,17.6
India,Goa,"PLFS Year (Jul - Jun), 2019",15-29,Rural,Female,46.2
India,Goa,"PLFS Year (Jul - Jun), 2019",15-29,Rural,Person,25.4
India,Goa,"PLFS Year (Jul - Jun), 2019",15-29,Urban,Male,23.0
India,Goa,"PLFS Year (Jul - Jun), 2019",15-29,Urban,Female,27.9
India,Goa,"PLFS Year (Jul - Jun), 2019",15-29,Urban,Person,24.9
India,Goa,"PLFS Year (Jul - Jun), 2019",15-29,Rural+Urban,Male,20.8
India,Goa,"PLFS Year (Jul - Jun), 2019",15-29,Rural+Urban,Female,33.2
India,Goa,"PLFS Year (Jul - Jun), 2019",15-29,Rural+Urban,Person,25.1
India,Goa,"PLFS Year (Jul - Jun), 2019",15-59,Rural,Male,5.9
India,Goa,"PLFS Year (Jul - Jun), 2019",15-59,Rural,Female,13.2
India,Goa,"PLFS Year (Jul - Jun), 2019",15-59,Rural,Person,7.9
India,Goa,"PLFS Year (Jul - Jun), 2019",15-59,Urban,Male,7.5
India,Goa,"PLFS Year (Jul - Jun), 2019",15-59,Urban,Female,12.1
India,Goa,"PLFS Year (Jul - Jun), 2019",15-59,Urban,Person,8.8
India,Goa,"PLFS Year (Jul - Jun), 2019",15-59,Rural+Urban,Male,6.9
India,Goa,"PLFS Year (Jul - Jun), 2019",15-59,Rural+Urban,Female,12.5
India,Goa,"PLFS Year (Jul - Jun), 2019",15-59,Rural+Urban,Person,8.5
India,Goa,"PLFS Year (Jul - Jun), 2019",15 years and above,Rural,Male,5.7
India,Goa,"PLFS Year (Jul - Jun), 2019",15 years and above,Rural,Female,12.5
India,Goa,"PLFS Year (Jul - Jun), 2019",15 years and above,Rural,Person,7.6
India,Goa,"PLFS Year (Jul - Jun), 2019",15 years and above,Urban,Male,7.1
India,Goa,"PLFS Year (Jul - Jun), 2019",15 years and above,Urban,Female,11.6
India,Goa,"PLFS Year (Jul - Jun), 2019",15 years and above,Urban,Person,8.4
India,Goa,"PLFS Year (Jul - Jun), 2019",15 years and above,Rural+Urban,Male,6.6
India,Goa,"PLFS Year (Jul - Jun), 2019",15 years and above,Rural+Urban,Female,11.9
India,Goa,"PLFS Year (Jul - Jun), 2019",15 years and above,Rural+Urban,Person,8.1
India,Goa,"PLFS Year (Jul - Jun), 2019",all ages,Rural,Male,5.7
India,Goa,"PLFS Year (Jul - Jun), 2019",all ages,Rural,Female,12.5
India,Goa,"PLFS Year (Jul - Jun), 2019",all ages,Rural,Person,7.6
India,Goa,"PLFS Year (Jul - Jun), 2019",all ages,Urban,Male,7.1
India,Goa,"PLFS Year (Jul - Jun), 2019",all ages,Urban,Female,11.6
India,Goa,"PLFS Year (Jul - Jun), 2019",all ages,Urban,Person,8.4
India,Goa,"PLFS Year (Jul - Jun), 2019",all ages,Rural+Urban,Male,6.6
India,Goa,"PLFS Year (Jul - Jun), 2019",all ages,Rural+Urban,Female,11.9
India,Goa,"PLFS Year (Jul - Jun), 2019",all ages,Rural+Urban,Person,8.1
India,Gujarat,"PLFS Year (Jul - Jun), 2019",15-29,Rural,Male,5.9
India,Gujarat,"PLFS Year (Jul - Jun), 2019",15-29,Rural,Female,0.4
India,Gujarat,"PLFS Year (Jul - Jun), 2019",15-29,Rural,Person,4.4
India,Gujarat,"PLFS Year (Jul - Jun), 2019",15-29,Urban,Male,7.0
India,Gujarat,"PLFS Year (Jul - Jun), 2019",15-29,Urban,Female,9.7
India,Gujarat,"PLFS Year (Jul - Jun), 2019",15-29,Urban,Person,7.6
India,Gujarat,"PLFS Year (Jul - Jun), 2019",15-29,Rural+Urban,Male,6.4
India,Gujarat,"PLFS Year (Jul - Jun), 2019",15-29,Rural+Urban,Female,3.8
India,Gujarat,"PLFS Year (Jul - Jun), 2019",15-29,Rural+Urban,Person,5.8
India,Gujarat,"PLFS Year (Jul - Jun), 2019",15-59,Rural,Male,2.2
India,Gujarat,"PLFS Year (Jul - Jun), 2019",15-59,Rural,Female,0.1
India,Gujarat,"PLFS Year (Jul - Jun), 2019",15-59,Rural,Person,1.5
India,Gujarat,"PLFS Year (Jul - Jun), 2019",15-59,Urban,Male,3.1
India,Gujarat,"PLFS Year (Jul - Jun), 2019",15-59,Urban,Female,3.6
India,Gujarat,"PLFS Year (Jul - Jun), 2019",15-59,Urban,Person,3.2
India,Gujarat,"PLFS Year (Jul - Jun), 2019",15-59,Rural+Urban,Male,2.6
India,Gujarat,"PLFS Year (Jul - Jun), 2019",15-59,Rural+Urban,Female,1.1
India,Gujarat,"PLFS Year (Jul - Jun), 2019",15-59,Rural+Urban,Person,2.2
India,Gujarat,"PLFS Year (Jul - Jun), 2019",15 years and above,Rural,Male,2.0
India,Gujarat,"PLFS Year (Jul - Jun), 2019",15 years and above,Rural,Female,0.1
India,Gujarat,"PLFS Year (Jul - Jun), 2019",15 years and above,Rural,Person,1.4
India,Gujarat,"PLFS Year (Jul - Jun), 2019",15 years and above,Urban,Male,2.9
India,Gujarat,"PLFS Year (Jul - Jun), 2019",15 years and above,Urban,Female,3.4
India,Gujarat,"PLFS Year (Jul - Jun), 2019",15 years and above,Urban,Person,3.0
India,Gujarat,"PLFS Year (Jul - Jun), 2019",15 years and above,Rural+Urban,Male,2.4
India,Gujarat,"PLFS Year (Jul - Jun), 2019",15 years and above,Rural+Urban,Female,1.1
India,Gujarat,"PLFS Year (Jul - Jun), 2019",15 years and above,Rural+Urban,Person,2.0
India,Gujarat,"PLFS Year (Jul - Jun), 2019",all ages,Rural,Male,2.0
India,Gujarat,"PLFS Year (Jul - Jun), 2019",all ages,Rural,Female,0.1
India,Gujarat,"PLFS Year (Jul - Jun), 2019",all ages,Rural,Person,1.4
India,Gujarat,"PLFS Year (Jul - Jun), 2019",all ages,Urban,Male,2.9
India,Gujarat,"PLFS Year (Jul - Jun), 2019",all ages,Urban,Female,3.4
India,Gujarat,"PLFS Year (Jul - Jun), 2019",all ages,Urban,Person,3.0
India,Gujarat,"PLFS Year (Jul - Jun), 2019",all ages,Rural+Urban,Male,2.4
India,Gujarat,"PLFS Year (Jul - Jun), 2019",all ages,Rural+Urban,Female,1.1
India,Gujarat,"PLFS Year (Jul - Jun), 2019",all ages,Rural+Urban,Person,2.0
India,Haryana,"PLFS Year (Jul - Jun), 2019",15-29,Rural,Male,18.1
India,Haryana,"PLFS Year (Jul - Jun), 2019",15-29,Rural,Female,20.5
India,Haryana,"PLFS Year (Jul - Jun), 2019",15-29,Rural,Person,18.4
India,Haryana,"PLFS Year (Jul - Jun), 2019",15-29,Urban,Male,14.6
India,Haryana,"PLFS Year (Jul - Jun), 2019",15-29,Urban,Female,24.0
India,Haryana,"PLFS Year (Jul - Jun), 2019",15-29,Urban,Person,16.3
India,Haryana,"PLFS Year (Jul - Jun), 2019",15-29,Rural+Urban,Male,16.8
India,Haryana,"PLFS Year (Jul - Jun), 2019",15-29,Rural+Urban,Female,22.4
India,Haryana,"PLFS Year (Jul - Jun), 2019",15-29,Rural+Urban,Person,17.6
India,Haryana,"PLFS Year (Jul - Jun), 2019",15-59,Rural,Male,6.9
India,Haryana,"PLFS Year (Jul - Jun), 2019",15-59,Rural,Female,5.2
India,Haryana,"PLFS Year (Jul - Jun), 2019",15-59,Rural,Person,6.7
India,Haryana,"PLFS Year (Jul - Jun), 2019",15-59,Urban,Male,6.2
India,Haryana,"PLFS Year (Jul - Jun), 2019",15-59,Urban,Female,8.5
India,Haryana,"PLFS Year (Jul - Jun), 2019",15-59,Urban,Person,6.7
India,Haryana,"PLFS Year (Jul - Jun), 2019",15-59,Rural+Urban,Male,6.6
India,Haryana,"PLFS Year (Jul - Jun), 2019",15-59,Rural+Urban,Female,6.7
India,Haryana,"PLFS Year (Jul - Jun), 2019",15-59,Rural+Urban,Person,6.7
India,Haryana,"PLFS Year (Jul - Jun), 2019",15 years and above,Rural,Male,6.5
India,Haryana,"PLFS Year (Jul - Jun), 2019",15 years and above,Rural,Female,4.9
India,Haryana,"PLFS Year (Jul - Jun), 2019",15 years and above,Rural,Person,6.3
India,Haryana,"PLFS Year (Jul - Jun), 2019",15 years and above,Urban,Male,6.0
India,Haryana,"PLFS Year (Jul - Jun), 2019",15 years and above,Urban,Female,8.4
India,Haryana,"PLFS Year (Jul - Jun), 2019",15 years and above,Urban,Person,6.5
India,Haryana,"PLFS Year (Jul - Jun), 2019",15 years and above,Rural+Urban,Male,6.3
India,Haryana,"PLFS Year (Jul - Jun), 2019",15 years and above,Rural+Urban,Female,6.5
India,Haryana,"PLFS Year (Jul - Jun), 2019",15 years and above,Rural+Urban,Person,6.4
India,Haryana,"PLFS Year (Jul - Jun), 2019",all ages,Rural,Male,6.8
India,Haryana,"PLFS Year (Jul - Jun), 2019",all ages,Rural,Female,4.9
India,Haryana,"PLFS Year (Jul - Jun), 2019",all ages,Rural,Person,6.5
India,Haryana,"PLFS Year (Jul - Jun), 2019",all ages,Urban,Male,6.0
India,Haryana,"PLFS Year (Jul - Jun), 2019",all ages,Urban,Female,8.4
India,Haryana,"PLFS Year (Jul - Jun), 2019",all ages,Urban,Person,6.5
India,Haryana,"PLFS Year (Jul - Jun), 2019",all ages,Rural+Urban,Male,6.5
India,Haryana,"PLFS Year (Jul - Jun), 2019",all ages,Rural+Urban,Female,6.5
India,Haryana,"PLFS Year (Jul - Jun), 2019",all ages,Rural+Urban,Person,6.5
India,Himachal Pradesh,"PLFS Year (Jul - Jun), 2019",15-29,Rural,Male,15.5
India,Himachal Pradesh,"PLFS Year (Jul - Jun), 2019",15-29,Rural,Female,8.8
India,Himachal Pradesh,"PLFS Year (Jul - Jun), 2019",15-29,Rural,Person,12.6
India,Himachal Pradesh,"PLFS Year (Jul - Jun), 2019",15-29,Urban,Male,12.0
India,Himachal Pradesh,"PLFS Year (Jul - Jun), 2019",15-29,Urban,Female,25.8
India,Himachal Pradesh,"PLFS Year (Jul - Jun), 2019",15-29,Urban,Person,15.9
India,Himachal Pradesh,"PLFS Year (Jul - Jun), 2019",15-29,Rural+Urban,Male,15.0
India,Himachal Pradesh,"PLFS Year (Jul - Jun), 2019",15-29,Rural+Urban,Female,10.3
India,Himachal Pradesh,"PLFS Year (Jul - Jun), 2019",15-29,Rural+Urban,Person,13.0
India,Himachal Pradesh,"PLFS Year (Jul - Jun), 2019",15-59,Rural,Male,5.2
India,Himachal Pradesh,"PLFS Year (Jul - Jun), 2019",15-59,Rural,Female,2.6
India,Himachal Pradesh,"PLFS Year (Jul - Jun), 2019",15-59,Rural,Person,3.9
India,Himachal Pradesh,"PLFS Year (Jul - Jun), 2019",15-59,Urban,Male,4.4
India,Himachal Pradesh,"PLFS Year (Jul - Jun), 2019",15-59,Urban,Female,10.2
India,Himachal Pradesh,"PLFS Year (Jul - Jun), 2019",15-59,Urban,Person,6.3
India,Himachal Pradesh,"PLFS Year (Jul - Jun), 2019",15-59,Rural+Urban,Male,5.1
India,Himachal Pradesh,"PLFS Year (Jul - Jun), 2019",15-59,Rural+Urban,Female,3.2
India,Himachal Pradesh,"PLFS Year (Jul - Jun), 2019",15-59,Rural+Urban,Person,4.2
India,Himachal Pradesh,"PLFS Year (Jul - Jun), 2019",15 years and above,Rural,Male,4.5
India,Himachal Pradesh,"PLFS Year (Jul - Jun), 2019",15 years and above,Rural,Female,2.3
India,Himachal Pradesh,"PLFS Year (Jul - Jun), 2019",15 years and above,Rural,Person,3.4
India,Himachal Pradesh,"PLFS Year (Jul - Jun), 2019",15 years and above,Urban,Male,4.1
India,Himachal Pradesh,"PLFS Year (Jul - Jun), 2019",15 years and above,Urban,Female,9.7
India,Himachal Pradesh,"PLFS Year (Jul - Jun), 2019",15 years and above,Urban,Person,5.9
India,Himachal Pradesh,"PLFS Year (Jul - Jun), 2019",15 years and above,Rural+Urban,Male,4.4
India,Himachal Pradesh,"PLFS Year (Jul - Jun), 2019",15 years and above,Rural+Urban,Female,2.8
India,Himachal Pradesh,"PLFS Year (Jul - Jun), 2019",15 years and above,Rural+Urban,Person,3.7
India,Himachal Pradesh,"PLFS Year (Jul - Jun), 2019",all ages,Rural,Male,4.4
India,Himachal Pradesh,"PLFS Year (Jul - Jun), 2019",all ages,Rural,Female,2.3
India,Himachal Pradesh,"PLFS Year (Jul - Jun), 2019",all ages,Rural,Person,3.4
India,Himachal Pradesh,"PLFS Year (Jul - Jun), 2019",all ages,Urban,Male,4.1
India,Himachal Pradesh,"PLFS Year (Jul - Jun), 2019",all ages,Urban,Female,9.7
India,Himachal Pradesh,"PLFS Year (Jul - Jun), 2019",all ages,Urban,Person,5.9
India,Himachal Pradesh,"PLFS Year (Jul - Jun), 2019",all ages,Rural+Urban,Male,4.4
India,Himachal Pradesh,"PLFS Year (Jul - Jun), 2019",all ages,Rural+Urban,Female,2.8
India,Himachal Pradesh,"PLFS Year (Jul - Jun), 2019",all ages,Rural+Urban,Person,3.7
India,Jammu and Kashmir,"PLFS Year (Jul - Jun), 2019",15-29,Rural,Male,11.5
India,Jammu and Kashmir,"PLFS Year (Jul - Jun), 2019",15-29,Rural,Female,23.1
India,Jammu and Kashmir,"PLFS Year (Jul - Jun), 2019",15-29,Rural,Person,15.5
India,Jammu and Kashmir,"PLFS Year (Jul - Jun), 2019",15-29,Urban,Male,20.6
India,Jammu and Kashmir,"PLFS Year (Jul - Jun), 2019",15-29,Urban,Female,48.7
India,Jammu and Kashmir,"PLFS Year (Jul - Jun), 2019",15-29,Urban,Person,30.0
India,Jammu and Kashmir,"PLFS Year (Jul - Jun), 2019",15-29,Rural+Urban,Male,13.3
India,Jammu and Kashmir,"PLFS Year (Jul - Jun), 2019",15-29,Rural+Urban,Female,27.9
India,Jammu and Kashmir,"PLFS Year (Jul - Jun), 2019",15-29,Rural+Urban,Person,18.3
India,Jammu and Kashmir,"PLFS Year (Jul - Jun), 2019",15-59,Rural,Male,3.9
India,Jammu and Kashmir,"PLFS Year (Jul - Jun), 2019",15-59,Rural,Female,8.8
India,Jammu and Kashmir,"PLFS Year (Jul - Jun), 2019",15-59,Rural,Person,5.6
India,Jammu and Kashmir,"PLFS Year (Jul - Jun), 2019",15-59,Urban,Male,7.8
India,Jammu and Kashmir,"PLFS Year (Jul - Jun), 2019",15-59,Urban,Female,30.9
India,Jammu and Kashmir,"PLFS Year (Jul - Jun), 2019",15-59,Urban,Person,14.1
India,Jammu and Kashmir,"PLFS Year (Jul - Jun), 2019",15-59,Rural+Urban,Male,4.7
India,Jammu and Kashmir,"PLFS Year (Jul - Jun), 2019",15-59,Rural+Urban,Female,12.2
India,Jammu and Kashmir,"PLFS Year (Jul - Jun), 2019",15-59,Rural+Urban,Person,7.2
India,Jammu and Kashmir,"PLFS Year (Jul - Jun), 2019",15 years and above,Rural,Male,3.5
India,Jammu and Kashmir,"PLFS Year (Jul - Jun), 2019",15 years and above,Rural,Female,8.4
India,Jammu and Kashmir,"PLFS Year (Jul - Jun), 2019",15 years and above,Rural,Person,5.2
India,Jammu and Kashmir,"PLFS Year (Jul - Jun), 2019",15 years and above,Urban,Male,7.1
India,Jammu and Kashmir,"PLFS Year (Jul - Jun), 2019",15 years and above,Urban,Female,29.9
India,Jammu and Kashmir,"PLFS Year (Jul - Jun), 2019",15 years and above,Urban,Person,13.0
India,Jammu and Kashmir,"PLFS Year (Jul - Jun), 2019",15 years and above,Rural+Urban,Male,4.2
India,Jammu and Kashmir,"PLFS Year (Jul - Jun), 2019",15 years and above,Rural+Urban,Female,11.6
India,Jammu and Kashmir,"PLFS Year (Jul - Jun), 2019",15 years and above,Rural+Urban,Person,6.7
India,Jammu and Kashmir,"PLFS Year (Jul - Jun), 2019",all ages,Rural,Male,3.5
India,Jammu and Kashmir,"PLFS Year (Jul - Jun), 2019",all ages,Rural,Female,8.4
India,Jammu and Kashmir,"PLFS Year (Jul - Jun), 2019",all ages,Rural,Person,5.2
India,Jammu and Kashmir,"PLFS Year (Jul - Jun), 2019",all ages,Urban,Male,7.2
India,Jammu and Kashmir,"PLFS Year (Jul - Jun), 2019",all ages,Urban,Female,29.9
India,Jammu and Kashmir,"PLFS Year (Jul - Jun), 2019",all ages,Urban,Person,13.2
India,Jammu and Kashmir,"PLFS Year (Jul - Jun), 2019",all ages,Rural+Urban,Male,4.3
India,Jammu and Kashmir,"PLFS Year (Jul - Jun), 2019",all ages,Rural+Urban,Female,11.6
India,Jammu and Kashmir,"PLFS Year (Jul - Jun), 2019",all ages,Rural+Urban,Person,6.7
India,Jharkhand,"PLFS Year (Jul - Jun), 2019",15-29,Rural,Male,12.6
India,Jharkhand,"PLFS Year (Jul - Jun), 2019",15-29,Rural,Female,1.4
India,Jharkhand,"PLFS Year (Jul - Jun), 2019",15-29,Rural,Person,8.8
India,Jharkhand,"PLFS Year (Jul - Jun), 2019",15-29,Urban,Male,21.4
India,Jharkhand,"PLFS Year (Jul - Jun), 2019",15-29,Urban,Female,24.8
India,Jharkhand,"PLFS Year (Jul - Jun), 2019",15-29,Urban,Person,22.0
India,Jharkhand,"PLFS Year (Jul - Jun), 2019",15-29,Rural+Urban,Male,14.8
India,Jharkhand,"PLFS Year (Jul - Jun), 2019",15-29,Rural+Urban,Female,4.4
India,Jharkhand,"PLFS Year (Jul - Jun), 2019",15-29,Rural+Urban,Person,11.6
India,Jharkhand,"PLFS Year (Jul - Jun), 2019",15-59,Rural,Male,5.0
India,Jharkhand,"PLFS Year (Jul - Jun), 2019",15-59,Rural,Female,0.4
India,Jharkhand,"PLFS Year (Jul - Jun), 2019",15-59,Rural,Person,3.3
India,Jharkhand,"PLFS Year (Jul - Jun), 2019",15-59,Urban,Male,10.2
India,Jharkhand,"PLFS Year (Jul - Jun), 2019",15-59,Urban,Female,9.9
India,Jharkhand,"PLFS Year (Jul - Jun), 2019",15-59,Urban,Person,10.2
India,Jharkhand,"PLFS Year (Jul - Jun), 2019",15-59,Rural+Urban,Male,6.2
India,Jharkhand,"PLFS Year (Jul - Jun), 2019",15-59,Rural+Urban,Female,1.3
India,Jharkhand,"PLFS Year (Jul - Jun), 2019",15-59,Rural+Urban,Person,4.6
India,Jharkhand,"PLFS Year (Jul - Jun), 2019",15 years and above,Rural,Male,4.5
India,Jharkhand,"PLFS Year (Jul - Jun), 2019",15 years and above,Rural,Female,0.4
India,Jharkhand,"PLFS Year (Jul - Jun), 2019",15 years and above,Rural,Person,3.1
India,Jharkhand,"PLFS Year (Jul - Jun), 2019",15 years and above,Urban,Male,9.6
India,Jharkhand,"PLFS Year (Jul - Jun), 2019",15 years and above,Urban,Female,9.8
India,Jharkhand,"PLFS Year (Jul - Jun), 2019",15 years and above,Urban,Person,9.7
India,Jharkhand,"PLFS Year (Jul - Jun), 2019",15 years and above,Rural+Urban,Male,5.7
India,Jharkhand,"PLFS Year (Jul - Jun), 2019",15 years and above,Rural+Urban,Female,1.3
India,Jharkhand,"PLFS Year (Jul - Jun), 2019",15 years and above,Rural+Urban,Person,4.2
India,Jharkhand,"PLFS Year (Jul - Jun), 2019",all ages,Rural,Male,4.5
India,Jharkhand,"PLFS Year (Jul - Jun), 2019",all ages,Rural,Female,0.4
India,Jharkhand,"PLFS Year (Jul - Jun), 2019",all ages,Rural,Person,3.0
India,Jharkhand,"PLFS Year (Jul - Jun), 2019",all ages,Urban,Male,9.6
India,Jharkhand,"PLFS Year (Jul - Jun), 2019",all ages,Urban,Female,9.5
India,Jharkhand,"PLFS Year (Jul - Jun), 2019",all ages,Urban,Person,9.6
India,Jharkhand,"PLFS Year (Jul - Jun), 2019",all ages,Rural+Urban,Male,5.6
India,Jharkhand,"PLFS Year (Jul - Jun), 2019",all ages,Rural+Urban,Female,1.3
India,Jharkhand,"PLFS Year (Jul - Jun), 2019",all ages,Rural+Urban,Person,4.2
India,Karnataka,"PLFS Year (Jul - Jun), 2019",15-29,Rural,Male,9.5
India,Karnataka,"PLFS Year (Jul - Jun), 2019",15-29,Rural,Female,9.1
India,Karnataka,"PLFS Year (Jul - Jun), 2019",15-29,Rural,Person,9.4
India,Karnataka,"PLFS Year (Jul - Jun), 2019",15-29,Urban,Male,12.8
India,Karnataka,"PLFS Year (Jul - Jun), 2019",15-29,Urban,Female,41.1
India,Karnataka,"PLFS Year (Jul - Jun), 2019",15-29,Urban,Person,22.1
India,Karnataka,"PLFS Year (Jul - Jun), 2019",15-29,Rural+Urban,Male,10.7
India,Karnataka,"PLFS Year (Jul - Jun), 2019",15-29,Rural+Urban,Female,22.0
India,Karnataka,"PLFS Year (Jul - Jun), 2019",15-29,Rural+Urban,Person,14.1
India,Karnataka,"PLFS Year (Jul - Jun), 2019",15-59,Rural,Male,3.3
India,Karnataka,"PLFS Year (Jul - Jun), 2019",15-59,Rural,Female,2.3
India,Karnataka,"PLFS Year (Jul - Jun), 2019",15-59,Rural,Person,3.0
India,Karnataka,"PLFS Year (Jul - Jun), 2019",15-59,Urban,Male,4.1
India,Karnataka,"PLFS Year (Jul - Jun), 2019",15-59,Urban,Female,16.0
India,Karnataka,"PLFS Year (Jul - Jun), 2019",15-59,Urban,Person,7.1
India,Karnataka,"PLFS Year (Jul - Jun), 2019",15-59,Rural+Urban,Male,3.7
India,Karnataka,"PLFS Year (Jul - Jun), 2019",15-59,Rural+Urban,Female,6.6
India,Karnataka,"PLFS Year (Jul - Jun), 2019",15-59,Rural+Urban,Person,4.6
India,Karnataka,"PLFS Year (Jul - Jun), 2019",15 years and above,Rural,Male,3.0
India,Karnataka,"PLFS Year (Jul - Jun), 2019",15 years and above,Rural,Female,2.2
India,Karnataka,"PLFS Year (Jul - Jun), 2019",15 years and above,Rural,Person,2.7
India,Karnataka,"PLFS Year (Jul - Jun), 2019",15 years and above,Urban,Male,3.9
India,Karnataka,"PLFS Year (Jul - Jun), 2019",15 years and above,Urban,Female,15.4
India,Karnataka,"PLFS Year (Jul - Jun), 2019",15 years and above,Urban,Person,6.9
India,Karnataka,"PLFS Year (Jul - Jun), 2019",15 years and above,Rural+Urban,Male,3.4
India,Karnataka,"PLFS Year (Jul - Jun), 2019",15 years and above,Rural+Urban,Female,6.2
India,Karnataka,"PLFS Year (Jul - Jun), 2019",15 years and above,Rural+Urban,Person,4.2
India,Karnataka,"PLFS Year (Jul - Jun), 2019",all ages,Rural,Male,3.0
India,Karnataka,"PLFS Year (Jul - Jun), 2019",all ages,Rural,Female,2.2
India,Karnataka,"PLFS Year (Jul - Jun), 2019",all ages,Rural,Person,2.7
India,Karnataka,"PLFS Year (Jul - Jun), 2019",all ages,Urban,Male,3.9
India,Karnataka,"PLFS Year (Jul - Jun), 2019",all ages,Urban,Female,15.4
India,Karnataka,"PLFS Year (Jul - Jun), 2019",all ages,Urban,Person,6.8
India,Karnataka,"PLFS Year (Jul - Jun), 2019",all ages,Rural+Urban,Male,3.4
India,Karnataka,"PLFS Year (Jul - Jun), 2019",all ages,Rural+Urban,Female,6.2
India,Karnataka,"PLFS Year (Jul - Jun), 2019",all ages,Rural+Urban,Person,4.2
India,Kerala,"PLFS Year (Jul - Jun), 2019",15-29,Rural,Male,26.8
India,Kerala,"PLFS Year (Jul - Jun), 2019",15-29,Rural,Female,58.3
India,Kerala,"PLFS Year (Jul - Jun), 2019",15-29,Rural,Person,36.9
India,Kerala,"PLFS Year (Jul - Jun), 2019",15-29,Urban,Male,26.2
India,Kerala,"PLFS Year (Jul - Jun), 2019",15-29,Urban,Female,48.9
India,Kerala,"PLFS Year (Jul - Jun), 2019",15-29,Urban,Person,33.8
India,Kerala,"PLFS Year (Jul - Jun), 2019",15-29,Rural+Urban,Male,26.5
India,Kerala,"PLFS Year (Jul - Jun), 2019",15-29,Rural+Urban,Female,53.7
India,Kerala,"PLFS Year (Jul - Jun), 2019",15-29,Rural+Urban,Person,35.4
India,Kerala,"PLFS Year (Jul - Jun), 2019",15-59,Rural,Male,8.9
India,Kerala,"PLFS Year (Jul - Jun), 2019",15-59,Rural,Female,15.9
India,Kerala,"PLFS Year (Jul - Jun), 2019",15-59,Rural,Person,11.5
India,Kerala,"PLFS Year (Jul - Jun), 2019",15-59,Urban,Male,8.5
India,Kerala,"PLFS Year (Jul - Jun), 2019",15-59,Urban,Female,18.5
India,Kerala,"PLFS Year (Jul - Jun), 2019",15-59,Urban,Person,11.8
India,Kerala,"PLFS Year (Jul - Jun), 2019",15-59,Rural+Urban,Male,8.7
India,Kerala,"PLFS Year (Jul - Jun), 2019",15-59,Rural+Urban,Female,17.1
India,Kerala,"PLFS Year (Jul - Jun), 2019",15-59,Rural+Urban,Person,11.6
India,Kerala,"PLFS Year (Jul - Jun), 2019",15 years and above,Rural,Male,7.3
India,Kerala,"PLFS Year (Jul - Jun), 2019",15 years and above,Rural,Female,13.8
India,Kerala,"PLFS Year (Jul - Jun), 2019",15 years and above,Rural,Person,9.7
India,Kerala,"PLFS Year (Jul - Jun), 2019",15 years and above,Urban,Male,7.4
India,Kerala,"PLFS Year (Jul - Jun), 2019",15 years and above,Urban,Female,16.7
India,Kerala,"PLFS Year (Jul - Jun), 2019",15 years and above,Urban,Person,10.4
India,Kerala,"PLFS Year (Jul - Jun), 2019",15 years and above,Rural+Urban,Male,7.4
India,Kerala,"PLFS Year (Jul - Jun), 2019",15 years and above,Rural+Urban,Female,15.1
India,Kerala,"PLFS Year (Jul - Jun), 2019",15 years and above,Rural+Urban,Person,10.0
India,Kerala,"PLFS Year (Jul - Jun), 2019",all ages,Rural,Male,7.3
India,Kerala,"PLFS Year (Jul - Jun), 2019",all ages,Rural,Female,13.8
India,Kerala,"PLFS Year (Jul - Jun), 2019",all ages,Rural,Person,9.7
India,Kerala,"PLFS Year (Jul - Jun), 2019",all ages,Urban,Male,7.5
India,Kerala,"PLFS Year (Jul - Jun), 2019",all ages,Urban,Female,16.7
India,Kerala,"PLFS Year (Jul - Jun), 2019",all ages,Urban,Person,10.4
India,Kerala,"PLFS Year (Jul - Jun), 2019",all ages,Rural+Urban,Male,7.4
India,Kerala,"PLFS Year (Jul - Jun), 2019",all ages,Rural+Urban,Female,15.1
India,Kerala,"PLFS Year (Jul - Jun), 2019",all ages,Rural+Urban,Person,10.0
India,Ladakh,"PLFS Year (Jul - Jun), 2019",15-29,Rural,Male,0.0
India,Ladakh,"PLFS Year (Jul - Jun), 2019",15-29,Rural,Female,0.0
India,Ladakh,"PLFS Year (Jul - Jun), 2019",15-29,Rural,Person,0.0
India,Ladakh,"PLFS Year (Jul - Jun), 2019",15-29,Urban,Male,0.0
India,Ladakh,"PLFS Year (Jul - Jun), 2019",15-29,Urban,Female,0.0
India,Ladakh,"PLFS Year (Jul - Jun), 2019",15-29,Urban,Person,0.0
India,Ladakh,"PLFS Year (Jul - Jun), 2019",15-29,Rural+Urban,Male,0.0
India,Ladakh,"PLFS Year (Jul - Jun), 2019",15-29,Rural+Urban,Female,0.0
India,Ladakh,"PLFS Year (Jul - Jun), 2019",15-29,Rural+Urban,Person,0.0
India,Ladakh,"PLFS Year (Jul - Jun), 2019",15-59,Rural,Male,0.0
India,Ladakh,"PLFS Year (Jul - Jun), 2019",15-59,Rural,Female,0.0
India,Ladakh,"PLFS Year (Jul - Jun), 2019",15-59,Rural,Person,0.0
India,Ladakh,"PLFS Year (Jul - Jun), 2019",15-59,Urban,Male,1.5
India,Ladakh,"PLFS Year (Jul - Jun), 2019",15-59,Urban,Female,0.0
India,Ladakh,"PLFS Year (Jul - Jun), 2019",15-59,Urban,Person,1.0
India,Ladakh,"PLFS Year (Jul - Jun), 2019",15-59,Rural+Urban,Male,0.2
India,Ladakh,"PLFS Year (Jul - Jun), 2019",15-59,Rural+Urban,Female,0.0
India,Ladakh,"PLFS Year (Jul - Jun), 2019",15-59,Rural+Urban,Person,0.1
India,Ladakh,"PLFS Year (Jul - Jun), 2019",15 years and above,Rural,Male,0.0
India,Ladakh,"PLFS Year (Jul - Jun), 2019",15 years and above,Rural,Female,0.0
India,Ladakh,"PLFS Year (Jul - Jun), 2019",15 years and above,Rural,Person,0.0
India,Ladakh,"PLFS Year (Jul - Jun), 2019",15 years and above,Urban,Male,1.5
India,Ladakh,"PLFS Year (Jul - Jun), 2019",15 years and above,Urban,Female,0.0
India,Ladakh,"PLFS Year (Jul - Jun), 2019",15 years and above,Urban,Person,1.0
India,Ladakh,"PLFS Year (Jul - Jun), 2019",15 years and above,Rural+Urban,Male,0.2
India,Ladakh,"PLFS Year (Jul - Jun), 2019",15 years and above,Rural+Urban,Female,0.0
India,Ladakh,"PLFS Year (Jul - Jun), 2019",15 years and above,Rural+Urban,Person,0.1
India,Ladakh,"PLFS Year (Jul - Jun), 2019",all ages,Rural,Male,0.0
India,Ladakh,"PLFS Year (Jul - Jun), 2019",all ages,Rural,Female,0.0
India,Ladakh,"PLFS Year (Jul - Jun), 2019",all ages,Rural,Person,0.0
India,Ladakh,"PLFS Year (Jul - Jun), 2019",all ages,Urban,Male,1.5
India,Ladakh,"PLFS Year (Jul - Jun), 2019",all ages,Urban,Female,0.0
India,Ladakh,"PLFS Year (Jul - Jun), 2019",all ages,Urban,Person,1.0
India,Ladakh,"PLFS Year (Jul - Jun), 2019",all ages,Rural+Urban,Male,0.2
India,Ladakh,"PLFS Year (Jul - Jun), 2019",all ages,Rural+Urban,Female,0.0
India,Ladakh,"PLFS Year (Jul - Jun), 2019",all ages,Rural+Urban,Person,0.1
India,Lakshadweep,"PLFS Year (Jul - Jun), 2019",15-29,Rural,Male,2.1
India,Lakshadweep,"PLFS Year (Jul - Jun), 2019",15-29,Rural,Female,96.4
India,Lakshadweep,"PLFS Year (Jul - Jun), 2019",15-29,Rural,Person,31.9
India,Lakshadweep,"PLFS Year (Jul - Jun), 2019",15-29,Urban,Male,32.4
India,Lakshadweep,"PLFS Year (Jul - Jun), 2019",15-29,Urban,Female,55.6
India,Lakshadweep,"PLFS Year (Jul - Jun), 2019",15-29,Urban,Person,37.8
India,Lakshadweep,"PLFS Year (Jul - Jun), 2019",15-29,Rural+Urban,Male,24.8
India,Lakshadweep,"PLFS Year (Jul - Jun), 2019",15-29,Rural+Urban,Female,69.5
India,Lakshadweep,"PLFS Year (Jul - Jun), 2019",15-29,Rural+Urban,Person,36.2
India,Lakshadweep,"PLFS Year (Jul - Jun), 2019",15-59,Rural,Male,0.7
India,Lakshadweep,"PLFS Year (Jul - Jun), 2019",15-59,Rural,Female,36.7
India,Lakshadweep,"PLFS Year (Jul - Jun), 2019",15-59,Rural,Person,10.8
India,Lakshadweep,"PLFS Year (Jul - Jun), 2019",15-59,Urban,Male,14.4
India,Lakshadweep,"PLFS Year (Jul - Jun), 2019",15-59,Urban,Female,17.0
India,Lakshadweep,"PLFS Year (Jul - Jun), 2019",15-59,Urban,Person,15.1
India,Lakshadweep,"PLFS Year (Jul - Jun), 2019",15-59,Rural+Urban,Male,11.0
India,Lakshadweep,"PLFS Year (Jul - Jun), 2019",15-59,Rural+Urban,Female,22.2
India,Lakshadweep,"PLFS Year (Jul - Jun), 2019",15-59,Rural+Urban,Person,14.0
India,Lakshadweep,"PLFS Year (Jul - Jun), 2019",15 years and above,Rural,Male,0.7
India,Lakshadweep,"PLFS Year (Jul - Jun), 2019",15 years and above,Rural,Female,36.7
India,Lakshadweep,"PLFS Year (Jul - Jun), 2019",15 years and above,Rural,Person,10.7
India,Lakshadweep,"PLFS Year (Jul - Jun), 2019",15 years and above,Urban,Male,13.9
India,Lakshadweep,"PLFS Year (Jul - Jun), 2019",15 years and above,Urban,Female,17.0
India,Lakshadweep,"PLFS Year (Jul - Jun), 2019",15 years and above,Urban,Person,14.7
India,Lakshadweep,"PLFS Year (Jul - Jun), 2019",15 years and above,Rural+Urban,Male,10.6
India,Lakshadweep,"PLFS Year (Jul - Jun), 2019",15 years and above,Rural+Urban,Female,22.2
India,Lakshadweep,"PLFS Year (Jul - Jun), 2019",15 years and above,Rural+Urban,Person,13.7
India,Lakshadweep,"PLFS Year (Jul - Jun), 2019",all ages,Rural,Male,0.7
India,Lakshadweep,"PLFS Year (Jul - Jun), 2019",all ages,Rural,Female,36.7
India,Lakshadweep,"PLFS Year (Jul - Jun), 2019",all ages,Rural,Person,10.7
India,Lakshadweep,"PLFS Year (Jul - Jun), 2019",all ages,Urban,Male,13.9
India,Lakshadweep,"PLFS Year (Jul - Jun), 2019",all ages,Urban,Female,17.0
India,Lakshadweep,"PLFS Year (Jul - Jun), 2019",all ages,Urban,Person,14.7
India,Lakshadweep,"PLFS Year (Jul - Jun), 2019",all ages,Rural+Urban,Male,10.6
India,Lakshadweep,"PLFS Year (Jul - Jun), 2019",all ages,Rural+Urban,Female,22.2
India,Lakshadweep,"PLFS Year (Jul - Jun), 2019",all ages,Rural+Urban,Person,13.7
India,Madhya Pradesh,"PLFS Year (Jul - Jun), 2019",15-29,Rural,Male,6.2
India,Madhya Pradesh,"PLFS Year (Jul - Jun), 2019",15-29,Rural,Female,2.2
India,Madhya Pradesh,"PLFS Year (Jul - Jun), 2019",15-29,Rural,Person,5.2
India,Madhya Pradesh,"PLFS Year (Jul - Jun), 2019",15-29,Urban,Male,18.3
India,Madhya Pradesh,"PLFS Year (Jul - Jun), 2019",15-29,Urban,Female,23.7
India,Madhya Pradesh,"PLFS Year (Jul - Jun), 2019",15-29,Urban,Person,19.2
India,Madhya Pradesh,"PLFS Year (Jul - Jun), 2019",15-29,Rural+Urban,Male,9.3
India,Madhya Pradesh,"PLFS Year (Jul - Jun), 2019",15-29,Rural+Urban,Female,5.6
India,Madhya Pradesh,"PLFS Year (Jul - Jun), 2019",15-29,Rural+Urban,Person,8.4
India,Madhya Pradesh,"PLFS Year (Jul - Jun), 2019",15-59,Rural,Male,2.6
India,Madhya Pradesh,"PLFS Year (Jul - Jun), 2019",15-59,Rural,Female,0.6
India,Madhya Pradesh,"PLFS Year (Jul - Jun), 2019",15-59,Rural,Person,1.9
India,Madhya Pradesh,"PLFS Year (Jul - Jun), 2019",15-59,Urban,Male,7.7
India,Madhya Pradesh,"PLFS Year (Jul - Jun), 2019",15-59,Urban,Female,5.6
India,Madhya Pradesh,"PLFS Year (Jul - Jun), 2019",15-59,Urban,Person,7.2
India,Madhya Pradesh,"PLFS Year (Jul - Jun), 2019",15-59,Rural+Urban,Male,4.0
India,Madhya Pradesh,"PLFS Year (Jul - Jun), 2019",15-59,Rural+Urban,Female,1.4
India,Madhya Pradesh,"PLFS Year (Jul - Jun), 2019",15-59,Rural+Urban,Person,3.2
India,Madhya Pradesh,"PLFS Year (Jul - Jun), 2019",15 years and above,Rural,Male,2.3
India,Madhya Pradesh,"PLFS Year (Jul - Jun), 2019",15 years and above,Rural,Female,0.5
India,Madhya Pradesh,"PLFS Year (Jul - Jun), 2019",15 years and above,Rural,Person,1.7
India,Madhya Pradesh,"PLFS Year (Jul - Jun), 2019",15 years and above,Urban,Male,7.4
India,Madhya Pradesh,"PLFS Year (Jul - Jun), 2019",15 years and above,Urban,Female,5.3
India,Madhya Pradesh,"PLFS Year (Jul - Jun), 2019",15 years and above,Urban,Person,6.9
India,Madhya Pradesh,"PLFS Year (Jul - Jun), 2019",15 years and above,Rural+Urban,Male,3.7
India,Madhya Pradesh,"PLFS Year (Jul - Jun), 2019",15 years and above,Rural+Urban,Female,1.4
India,Madhya Pradesh,"PLFS Year (Jul - Jun), 2019",15 years and above,Rural+Urban,Person,3.0
India,Madhya Pradesh,"PLFS Year (Jul - Jun), 2019",all ages,Rural,Male,2.3
India,Madhya Pradesh,"PLFS Year (Jul - Jun), 2019",all ages,Rural,Female,0.5
India,Madhya Pradesh,"PLFS Year (Jul - Jun), 2019",all ages,Rural,Person,1.7
India,Madhya Pradesh,"PLFS Year (Jul - Jun), 2019",all ages,Urban,Male,7.4
India,Madhya Pradesh,"PLFS Year (Jul - Jun), 2019",all ages,Urban,Female,5.5
India,Madhya Pradesh,"PLFS Year (Jul - Jun), 2019",all ages,Urban,Person,7.0
India,Madhya Pradesh,"PLFS Year (Jul - Jun), 2019",all ages,Rural+Urban,Male,3.7
India,Madhya Pradesh,"PLFS Year (Jul - Jun), 2019",all ages,Rural+Urban,Female,1.4
India,Madhya Pradesh,"PLFS Year (Jul - Jun), 2019",all ages,Rural+Urban,Person,3.0
India,Maharashtra,"PLFS Year (Jul - Jun), 2019",15-29,Rural,Male,10.2
India,Maharashtra,"PLFS Year (Jul - Jun), 2019",15-29,Rural,Female,6.0
India,Maharashtra,"PLFS Year (Jul - Jun), 2019",15-29,Rural,Person,9.1
India,Maharashtra,"PLFS Year (Jul - Jun), 2019",15-29,Urban,Male,11.7
India,Maharashtra,"PLFS Year (Jul - Jun), 2019",15-29,Urban,Female,15.4
India,Maharashtra,"PLFS Year (Jul - Jun), 2019",15-29,Urban,Person,12.7
India,Maharashtra,"PLFS Year (Jul - Jun), 2019",15-29,Rural+Urban,Male,10.8
India,Maharashtra,"PLFS Year (Jul - Jun), 2019",15-29,Rural+Urban,Female,10.0
India,Maharashtra,"PLFS Year (Jul - Jun), 2019",15-29,Rural+Urban,Person,10.6
India,Maharashtra,"PLFS Year (Jul - Jun), 2019",15-59,Rural,Male,3.6
India,Maharashtra,"PLFS Year (Jul - Jun), 2019",15-59,Rural,Female,1.3
India,Maharashtra,"PLFS Year (Jul - Jun), 2019",15-59,Rural,Person,2.7
India,Maharashtra,"PLFS Year (Jul - Jun), 2019",15-59,Urban,Male,4.3
India,Maharashtra,"PLFS Year (Jul - Jun), 2019",15-59,Urban,Female,5.9
India,Maharashtra,"PLFS Year (Jul - Jun), 2019",15-59,Urban,Person,4.7
India,Maharashtra,"PLFS Year (Jul - Jun), 2019",15-59,Rural+Urban,Male,3.9
India,Maharashtra,"PLFS Year (Jul - Jun), 2019",15-59,Rural+Urban,Female,2.6
India,Maharashtra,"PLFS Year (Jul - Jun), 2019",15-59,Rural+Urban,Person,3.5
India,Maharashtra,"PLFS Year (Jul - Jun), 2019",15 years and above,Rural,Male,3.2
India,Maharashtra,"PLFS Year (Jul - Jun), 2019",15 years and above,Rural,Female,1.1
India,Maharashtra,"PLFS Year (Jul - Jun), 2019",15 years and above,Rural,Person,2.4
India,Maharashtra,"PLFS Year (Jul - Jun), 2019",15 years and above,Urban,Male,4.0
India,Maharashtra,"PLFS Year (Jul - Jun), 2019",15 years and above,Urban,Female,5.6
India,Maharashtra,"PLFS Year (Jul - Jun), 2019",15 years and above,Urban,Person,4.4
India,Maharashtra,"PLFS Year (Jul - Jun), 2019",15 years and above,Rural+Urban,Male,3.5
India,Maharashtra,"PLFS Year (Jul - Jun), 2019",15 years and above,Rural+Urban,Female,2.4
India,Maharashtra,"PLFS Year (Jul - Jun), 2019",15 years and above,Rural+Urban,Person,3.2
India,Maharashtra,"PLFS Year (Jul - Jun), 2019",all ages,Rural,Male,3.2
India,Maharashtra,"PLFS Year (Jul - Jun), 2019",all ages,Rural,Female,1.1
India,Maharashtra,"PLFS Year (Jul - Jun), 2019",all ages,Rural,Person,2.5
India,Maharashtra,"PLFS Year (Jul - Jun), 2019",all ages,Urban,Male,4.0
India,Maharashtra,"PLFS Year (Jul - Jun), 2019",all ages,Urban,Female,5.6
India,Maharashtra,"PLFS Year (Jul - Jun), 2019",all ages,Urban,Person,4.4
India,Maharashtra,"PLFS Year (Jul - Jun), 2019",all ages,Rural+Urban,Male,3.5
India,Maharashtra,"PLFS Year (Jul - Jun), 2019",all ages,Rural+Urban,Female,2.4
India,Maharashtra,"PLFS Year (Jul - Jun), 2019",all ages,Rural+Urban,Person,3.2
India,Manipur,"PLFS Year (Jul - Jun), 2019",15-29,Rural,Male,28.7
India,Manipur,"PLFS Year (Jul - Jun), 2019",15-29,Rural,Female,38.7
India,Manipur,"PLFS Year (Jul - Jun), 2019",15-29,Rural,Person,32.0
India,Manipur,"PLFS Year (Jul - Jun), 2019",15-29,Urban,Male,36.9
India,Manipur,"PLFS Year (Jul - Jun), 2019",15-29,Urban,Female,33.5
India,Manipur,"PLFS Year (Jul - Jun), 2019",15-29,Urban,Person,35.7
India,Manipur,"PLFS Year (Jul - Jun), 2019",15-29,Rural+Urban,Male,31.0
India,Manipur,"PLFS Year (Jul - Jun), 2019",15-29,Rural+Urban,Female,37.1
India,Manipur,"PLFS Year (Jul - Jun), 2019",15-29,Rural+Urban,Person,33.1
India,Manipur,"PLFS Year (Jul - Jun), 2019",15-59,Rural,Male,8.9
India,Manipur,"PLFS Year (Jul - Jun), 2019",15-59,Rural,Female,12.1
India,Manipur,"PLFS Year (Jul - Jun), 2019",15-59,Rural,Person,9.8
India,Manipur,"PLFS Year (Jul - Jun), 2019",15-59,Urban,Male,11.9
India,Manipur,"PLFS Year (Jul - Jun), 2019",15-59,Urban,Female,9.4
India,Manipur,"PLFS Year (Jul - Jun), 2019",15-59,Urban,Person,11.0
India,Manipur,"PLFS Year (Jul - Jun), 2019",15-59,Rural+Urban,Male,9.7
India,Manipur,"PLFS Year (Jul - Jun), 2019",15-59,Rural+Urban,Female,11.2
India,Manipur,"PLFS Year (Jul - Jun), 2019",15-59,Rural+Urban,Person,10.1
India,Manipur,"PLFS Year (Jul - Jun), 2019",15 years and above,Rural,Male,8.3
India,Manipur,"PLFS Year (Jul - Jun), 2019",15 years and above,Rural,Female,11.3
India,Manipur,"PLFS Year (Jul - Jun), 2019",15 years and above,Rural,Person,9.2
India,Manipur,"PLFS Year (Jul - Jun), 2019",15 years and above,Urban,Male,11.0
India,Manipur,"PLFS Year (Jul - Jun), 2019",15 years and above,Urban,Female,8.8
India,Manipur,"PLFS Year (Jul - Jun), 2019",15 years and above,Urban,Person,10.2
India,Manipur,"PLFS Year (Jul - Jun), 2019",15 years and above,Rural+Urban,Male,9.1
India,Manipur,"PLFS Year (Jul - Jun), 2019",15 years and above,Rural+Urban,Female,10.4
India,Manipur,"PLFS Year (Jul - Jun), 2019",15 years and above,Rural+Urban,Person,9.5
India,Manipur,"PLFS Year (Jul - Jun), 2019",all ages,Rural,Male,8.4
India,Manipur,"PLFS Year (Jul - Jun), 2019",all ages,Rural,Female,12.3
India,Manipur,"PLFS Year (Jul - Jun), 2019",all ages,Rural,Person,9.5
India,Manipur,"PLFS Year (Jul - Jun), 2019",all ages,Urban,Male,11.0
India,Manipur,"PLFS Year (Jul - Jun), 2019",all ages,Urban,Female,8.8
India,Manipur,"PLFS Year (Jul - Jun), 2019",all ages,Urban,Person,10.2
India,Manipur,"PLFS Year (Jul - Jun), 2019",all ages,Rural+Urban,Male,9.1
India,Manipur,"PLFS Year (Jul - Jun), 2019",all ages,Rural+Urban,Female,11.1
India,Manipur,"PLFS Year (Jul - Jun), 2019",all ages,Rural+Urban,Person,9.7
India,Meghalaya,"PLFS Year (Jul - Jun), 2019",15-29,Rural,Male,3.3
India,Meghalaya,"PLFS Year (Jul - Jun), 2019",15-29,Rural,Female,6.7
India,Meghalaya,"PLFS Year (Jul - Jun), 2019",15-29,Rural,Person,4.4
India,Meghalaya,"PLFS Year (Jul - Jun), 2019",15-29,Urban,Male,19.9
India,Meghalaya,"PLFS Year (Jul - Jun), 2019",15-29,Urban,Female,52.4
India,Meghalaya,"PLFS Year (Jul - Jun), 2019",15-29,Urban,Person,30.7
India,Meghalaya,"PLFS Year (Jul - Jun), 2019",15-29,Rural+Urban,Male,6.1
India,Meghalaya,"PLFS Year (Jul - Jun), 2019",15-29,Rural+Urban,Female,15.1
India,Meghalaya,"PLFS Year (Jul - Jun), 2019",15-29,Rural+Urban,Person,8.9
India,Meghalaya,"PLFS Year (Jul - Jun), 2019",15-59,Rural,Male,1.0
India,Meghalaya,"PLFS Year (Jul - Jun), 2019",15-59,Rural,Female,1.5
India,Meghalaya,"PLFS Year (Jul - Jun), 2019",15-59,Rural,Person,1.2
India,Meghalaya,"PLFS Year (Jul - Jun), 2019",15-59,Urban,Male,7.9
India,Meghalaya,"PLFS Year (Jul - Jun), 2019",15-59,Urban,Female,18.6
India,Meghalaya,"PLFS Year (Jul - Jun), 2019",15-59,Urban,Person,11.3
India,Meghalaya,"PLFS Year (Jul - Jun), 2019",15-59,Rural+Urban,Male,2.2
India,Meghalaya,"PLFS Year (Jul - Jun), 2019",15-59,Rural+Urban,Female,3.7
India,Meghalaya,"PLFS Year (Jul - Jun), 2019",15-59,Rural+Urban,Person,2.8
India,Meghalaya,"PLFS Year (Jul - Jun), 2019",15 years and above,Rural,Male,0.9
India,Meghalaya,"PLFS Year (Jul - Jun), 2019",15 years and above,Rural,Female,1.4
India,Meghalaya,"PLFS Year (Jul - Jun), 2019",15 years and above,Rural,Person,1.1
India,Meghalaya,"PLFS Year (Jul - Jun), 2019",15 years and above,Urban,Male,7.5
India,Meghalaya,"PLFS Year (Jul - Jun), 2019",15 years and above,Urban,Female,18.3
India,Meghalaya,"PLFS Year (Jul - Jun), 2019",15 years and above,Urban,Person,10.9
India,Meghalaya,"PLFS Year (Jul - Jun), 2019",15 years and above,Rural+Urban,Male,2.1
India,Meghalaya,"PLFS Year (Jul - Jun), 2019",15 years and above,Rural+Urban,Female,3.6
India,Meghalaya,"PLFS Year (Jul - Jun), 2019",15 years and above,Rural+Urban,Person,2.7
India,Meghalaya,"PLFS Year (Jul - Jun), 2019",all ages,Rural,Male,1.0
India,Meghalaya,"PLFS Year (Jul - Jun), 2019",all ages,Rural,Female,1.4
India,Meghalaya,"PLFS Year (Jul - Jun), 2019",all ages,Rural,Person,1.1
India,Meghalaya,"PLFS Year (Jul - Jun), 2019",all ages,Urban,Male,7.5
India,Meghalaya,"PLFS Year (Jul - Jun), 2019",all ages,Urban,Female,18.3
India,Meghalaya,"PLFS Year (Jul - Jun), 2019",all ages,Urban,Person,10.9
India,Meghalaya,"PLFS Year (Jul - Jun), 2019",all ages,Rural+Urban,Male,2.1
India,Meghalaya,"PLFS Year (Jul - Jun), 2019",all ages,Rural+Urban,Female,3.6
India,Meghalaya,"PLFS Year (Jul - Jun), 2019",all ages,Rural+Urban,Person,2.7
India,Mizoram,"PLFS Year (Jul - Jun), 2019",15-29,Rural,Male,17.1
India,Mizoram,"PLFS Year (Jul - Jun), 2019",15-29,Rural,Female,9.5
India,Mizoram,"PLFS Year (Jul - Jun), 2019",15-29,Rural,Person,14.6
India,Mizoram,"PLFS Year (Jul - Jun), 2019",15-29,Urban,Male,29.4
India,Mizoram,"PLFS Year (Jul - Jun), 2019",15-29,Urban,Female,24.9
India,Mizoram,"PLFS Year (Jul - Jun), 2019",15-29,Urban,Person,27.4
India,Mizoram,"PLFS Year (Jul - Jun), 2019",15-29,Rural+Urban,Male,21.9
India,Mizoram,"PLFS Year (Jul - Jun), 2019",15-29,Rural+Urban,Female,17.5
India,Mizoram,"PLFS Year (Jul - Jun), 2019",15-29,Rural+Urban,Person,20.2
India,Mizoram,"PLFS Year (Jul - Jun), 2019",15-59,Rural,Male,5.0
India,Mizoram,"PLFS Year (Jul - Jun), 2019",15-59,Rural,Female,2.9
India,Mizoram,"PLFS Year (Jul - Jun), 2019",15-59,Rural,Person,4.4
India,Mizoram,"PLFS Year (Jul - Jun), 2019",15-59,Urban,Male,7.3
India,Mizoram,"PLFS Year (Jul - Jun), 2019",15-59,Urban,Female,9.1
India,Mizoram,"PLFS Year (Jul - Jun), 2019",15-59,Urban,Person,8.0
India,Mizoram,"PLFS Year (Jul - Jun), 2019",15-59,Rural+Urban,Male,6.0
India,Mizoram,"PLFS Year (Jul - Jun), 2019",15-59,Rural+Urban,Female,5.9
India,Mizoram,"PLFS Year (Jul - Jun), 2019",15-59,Rural+Urban,Person,6.0
India,Mizoram,"PLFS Year (Jul - Jun), 2019",15 years and above,Rural,Male,4.8
India,Mizoram,"PLFS Year (Jul - Jun), 2019",15 years and above,Rural,Female,2.8
India,Mizoram,"PLFS Year (Jul - Jun), 2019",15 years and above,Rural,Person,4.2
India,Mizoram,"PLFS Year (Jul - Jun), 2019",15 years and above,Urban,Male,7.1
India,Mizoram,"PLFS Year (Jul - Jun), 2019",15 years and above,Urban,Female,8.8
India,Mizoram,"PLFS Year (Jul - Jun), 2019",15 years and above,Urban,Person,7.7
India,Mizoram,"PLFS Year (Jul - Jun), 2019",15 years and above,Rural+Urban,Male,5.8
India,Mizoram,"PLFS Year (Jul - Jun), 2019",15 years and above,Rural+Urban,Female,5.6
India,Mizoram,"PLFS Year (Jul - Jun), 2019",15 years and above,Rural+Urban,Person,5.7
India,Mizoram,"PLFS Year (Jul - Jun), 2019",all ages,Rural,Male,4.8
India,Mizoram,"PLFS Year (Jul - Jun), 2019",all ages,Rural,Female,2.8
India,Mizoram,"PLFS Year (Jul - Jun), 2019",all ages,Rural,Person,4.2
India,Mizoram,"PLFS Year (Jul - Jun), 2019",all ages,Urban,Male,7.1
India,Mizoram,"PLFS Year (Jul - Jun), 2019",all ages,Urban,Female,8.8
India,Mizoram,"PLFS Year (Jul - Jun), 2019",all ages,Urban,Person,7.7
India,Mizoram,"PLFS Year (Jul - Jun), 2019",all ages,Rural+Urban,Male,5.8
India,Mizoram,"PLFS Year (Jul - Jun), 2019",all ages,Rural+Urban,Female,5.6
India,Mizoram,"PLFS Year (Jul - Jun), 2019",all ages,Rural+Urban,Person,5.7
India,Nagaland,"PLFS Year (Jul - Jun), 2019",15-29,Rural,Male,76.4
India,Nagaland,"PLFS Year (Jul - Jun), 2019",15-29,Rural,Female,66.7
India,Nagaland,"PLFS Year (Jul - Jun), 2019",15-29,Rural,Person,72.8
India,Nagaland,"PLFS Year (Jul - Jun), 2019",15-29,Urban,Male,55.4
India,Nagaland,"PLFS Year (Jul - Jun), 2019",15-29,Urban,Female,73.3
India,Nagaland,"PLFS Year (Jul - Jun), 2019",15-29,Urban,Person,61.6
India,Nagaland,"PLFS Year (Jul - Jun), 2019",15-29,Rural+Urban,Male,71.1
India,Nagaland,"PLFS Year (Jul - Jun), 2019",15-29,Rural+Urban,Female,68.2
India,Nagaland,"PLFS Year (Jul - Jun), 2019",15-29,Rural+Urban,Person,70.1
India,Nagaland,"PLFS Year (Jul - Jun), 2019",15-59,Rural,Male,27.5
India,Nagaland,"PLFS Year (Jul - Jun), 2019",15-59,Rural,Female,29.8
India,Nagaland,"PLFS Year (Jul - Jun), 2019",15-59,Rural,Person,28.3
India,Nagaland,"PLFS Year (Jul - Jun), 2019",15-59,Urban,Male,24.6
India,Nagaland,"PLFS Year (Jul - Jun), 2019",15-59,Urban,Female,31.1
India,Nagaland,"PLFS Year (Jul - Jun), 2019",15-59,Urban,Person,26.6
India,Nagaland,"PLFS Year (Jul - Jun), 2019",15-59,Rural+Urban,Male,26.7
India,Nagaland,"PLFS Year (Jul - Jun), 2019",15-59,Rural+Urban,Female,30.1
India,Nagaland,"PLFS Year (Jul - Jun), 2019",15-59,Rural+Urban,Person,27.8
India,Nagaland,"PLFS Year (Jul - Jun), 2019",15 years and above,Rural,Male,25.2
India,Nagaland,"PLFS Year (Jul - Jun), 2019",15 years and above,Rural,Female,26.8
India,Nagaland,"PLFS Year (Jul - Jun), 2019",15 years and above,Rural,Person,25.8
India,Nagaland,"PLFS Year (Jul - Jun), 2019",15 years and above,Urban,Male,23.5
India,Nagaland,"PLFS Year (Jul - Jun), 2019",15 years and above,Urban,Female,30.6
India,Nagaland,"PLFS Year (Jul - Jun), 2019",15 years and above,Urban,Person,25.7
India,Nagaland,"PLFS Year (Jul - Jun), 2019",15 years and above,Rural+Urban,Male,24.8
India,Nagaland,"PLFS Year (Jul - Jun), 2019",15 years and above,Rural+Urban,Female,27.6
India,Nagaland,"PLFS Year (Jul - Jun), 2019",15 years and above,Rural+Urban,Person,25.7
India,Nagaland,"PLFS Year (Jul - Jun), 2019",all ages,Rural,Male,25.2
India,Nagaland,"PLFS Year (Jul - Jun), 2019",all ages,Rural,Female,26.9
India,Nagaland,"PLFS Year (Jul - Jun), 2019",all ages,Rural,Person,25.8
India,Nagaland,"PLFS Year (Jul - Jun), 2019",all ages,Urban,Male,23.4
India,Nagaland,"PLFS Year (Jul - Jun), 2019",all ages,Urban,Female,30.9
India,Nagaland,"PLFS Year (Jul - Jun), 2019",all ages,Urban,Person,25.7
India,Nagaland,"PLFS Year (Jul - Jun), 2019",all ages,Rural+Urban,Male,24.8
India,Nagaland,"PLFS Year (Jul - Jun), 2019",all ages,Rural+Urban,Female,27.8
India,Nagaland,"PLFS Year (Jul - Jun), 2019",all ages,Rural+Urban,Person,25.8
India,Odisha,"PLFS Year (Jul - Jun), 2019",15-29,Rural,Male,22.7
India,Odisha,"PLFS Year (Jul - Jun), 2019",15-29,Rural,Female,11.1
India,Odisha,"PLFS Year (Jul - Jun), 2019",15-29,Rural,Person,18.8
India,Odisha,"PLFS Year (Jul - Jun), 2019",15-29,Urban,Male,24.3
India,Odisha,"PLFS Year (Jul - Jun), 2019",15-29,Urban,Female,27.4
India,Odisha,"PLFS Year (Jul - Jun), 2019",15-29,Urban,Person,25.0
India,Odisha,"PLFS Year (Jul - Jun), 2019",15-29,Rural+Urban,Male,22.9
India,Odisha,"PLFS Year (Jul - Jun), 2019",15-29,Rural+Urban,Female,12.8
India,Odisha,"PLFS Year (Jul - Jun), 2019",15-29,Rural+Urban,Person,19.6
India,Odisha,"PLFS Year (Jul - Jun), 2019",15-59,Rural,Male,7.8
India,Odisha,"PLFS Year (Jul - Jun), 2019",15-59,Rural,Female,3.8
India,Odisha,"PLFS Year (Jul - Jun), 2019",15-59,Rural,Person,6.5
India,Odisha,"PLFS Year (Jul - Jun), 2019",15-59,Urban,Male,8.0
India,Odisha,"PLFS Year (Jul - Jun), 2019",15-59,Urban,Female,8.3
India,Odisha,"PLFS Year (Jul - Jun), 2019",15-59,Urban,Person,8.1
India,Odisha,"PLFS Year (Jul - Jun), 2019",15-59,Rural+Urban,Male,7.9
India,Odisha,"PLFS Year (Jul - Jun), 2019",15-59,Rural+Urban,Female,4.3
India,Odisha,"PLFS Year (Jul - Jun), 2019",15-59,Rural+Urban,Person,6.7
India,Odisha,"PLFS Year (Jul - Jun), 2019",15 years and above,Rural,Male,7.0
India,Odisha,"PLFS Year (Jul - Jun), 2019",15 years and above,Rural,Female,3.6
India,Odisha,"PLFS Year (Jul - Jun), 2019",15 years and above,Rural,Person,6.0
India,Odisha,"PLFS Year (Jul - Jun), 2019",15 years and above,Urban,Male,7.6
India,Odisha,"PLFS Year (Jul - Jun), 2019",15 years and above,Urban,Female,8.0
India,Odisha,"PLFS Year (Jul - Jun), 2019",15 years and above,Urban,Person,7.7
India,Odisha,"PLFS Year (Jul - Jun), 2019",15 years and above,Rural+Urban,Male,7.1
India,Odisha,"PLFS Year (Jul - Jun), 2019",15 years and above,Rural+Urban,Female,4.1
India,Odisha,"PLFS Year (Jul - Jun), 2019",15 years and above,Rural+Urban,Person,6.2
India,Odisha,"PLFS Year (Jul - Jun), 2019",all ages,Rural,Male,7.3
India,Odisha,"PLFS Year (Jul - Jun), 2019",all ages,Rural,Female,3.6
India,Odisha,"PLFS Year (Jul - Jun), 2019",all ages,Rural,Person,6.1
India,Odisha,"PLFS Year (Jul - Jun), 2019",all ages,Urban,Male,7.6
India,Odisha,"PLFS Year (Jul - Jun), 2019",all ages,Urban,Female,8.0
India,Odisha,"PLFS Year (Jul - Jun), 2019",all ages,Urban,Person,7.7
India,Odisha,"PLFS Year (Jul - Jun), 2019",all ages,Rural+Urban,Male,7.3
India,Odisha,"PLFS Year (Jul - Jun), 2019",all ages,Rural+Urban,Female,4.1
India,Odisha,"PLFS Year (Jul - Jun), 2019",all ages,Rural+Urban,Person,6.3
India,Puducherry,"PLFS Year (Jul - Jun), 2019",15-29,Rural,Male,27.1
India,Puducherry,"PLFS Year (Jul - Jun), 2019",15-29,Rural,Female,29.4
India,Puducherry,"PLFS Year (Jul - Jun), 2019",15-29,Rural,Person,27.8
India,Puducherry,"PLFS Year (Jul - Jun), 2019",15-29,Urban,Male,23.4
India,Puducherry,"PLFS Year (Jul - Jun), 2019",15-29,Urban,Female,42.8
India,Puducherry,"PLFS Year (Jul - Jun), 2019",15-29,Urban,Person,29.2
India,Puducherry,"PLFS Year (Jul - Jun), 2019",15-29,Rural+Urban,Male,24.8
India,Puducherry,"PLFS Year (Jul - Jun), 2019",15-29,Rural+Urban,Female,37.3
India,Puducherry,"PLFS Year (Jul - Jun), 2019",15-29,Rural+Urban,Person,28.7
India,Puducherry,"PLFS Year (Jul - Jun), 2019",15-59,Rural,Male,7.6
India,Puducherry,"PLFS Year (Jul - Jun), 2019",15-59,Rural,Female,9.9
India,Puducherry,"PLFS Year (Jul - Jun), 2019",15-59,Rural,Person,8.4
India,Puducherry,"PLFS Year (Jul - Jun), 2019",15-59,Urban,Male,6.5
India,Puducherry,"PLFS Year (Jul - Jun), 2019",15-59,Urban,Female,11.5
India,Puducherry,"PLFS Year (Jul - Jun), 2019",15-59,Urban,Person,7.9
India,Puducherry,"PLFS Year (Jul - Jun), 2019",15-59,Rural+Urban,Male,6.8
India,Puducherry,"PLFS Year (Jul - Jun), 2019",15-59,Rural+Urban,Female,10.9
India,Puducherry,"PLFS Year (Jul - Jun), 2019",15-59,Rural+Urban,Person,8.1
India,Puducherry,"PLFS Year (Jul - Jun), 2019",15 years and above,Rural,Male,6.8
India,Puducherry,"PLFS Year (Jul - Jun), 2019",15 years and above,Rural,Female,9.2
India,Puducherry,"PLFS Year (Jul - Jun), 2019",15 years and above,Rural,Person,7.6
India,Puducherry,"PLFS Year (Jul - Jun), 2019",15 years and above,Urban,Male,6.2
India,Puducherry,"PLFS Year (Jul - Jun), 2019",15 years and above,Urban,Female,11.0
India,Puducherry,"PLFS Year (Jul - Jun), 2019",15 years and above,Urban,Person,7.6
India,Puducherry,"PLFS Year (Jul - Jun), 2019",15 years and above,Rural+Urban,Male,6.4
India,Puducherry,"PLFS Year (Jul - Jun), 2019",15 years and above,Rural+Urban,Female,10.3
India,Puducherry,"PLFS Year (Jul - Jun), 2019",15 years and above,Rural+Urban,Person,7.6
India,Puducherry,"PLFS Year (Jul - Jun), 2019",all ages,Rural,Male,6.8
India,Puducherry,"PLFS Year (Jul - Jun), 2019",all ages,Rural,Female,9.2
India,Puducherry,"PLFS Year (Jul - Jun), 2019",all ages,Rural,Person,7.6
India,Puducherry,"PLFS Year (Jul - Jun), 2019",all ages,Urban,Male,6.2
India,Puducherry,"PLFS Year (Jul - Jun), 2019",all ages,Urban,Female,11.0
India,Puducherry,"PLFS Year (Jul - Jun), 2019",all ages,Urban,Person,7.6
India,Puducherry,"PLFS Year (Jul - Jun), 2019",all ages,Rural+Urban,Male,6.4
India,Puducherry,"PLFS Year (Jul - Jun), 2019",all ages,Rural+Urban,Female,10.3
India,Puducherry,"PLFS Year (Jul - Jun), 2019",all ages,Rural+Urban,Person,7.6
India,Punjab,"PLFS Year (Jul - Jun), 2019",15-29,Rural,Male,18.1
India,Punjab,"PLFS Year (Jul - Jun), 2019",15-29,Rural,Female,17.2
India,Punjab,"PLFS Year (Jul - Jun), 2019",15-29,Rural,Person,17.9
India,Punjab,"PLFS Year (Jul - Jun), 2019",15-29,Urban,Male,18.8
India,Punjab,"PLFS Year (Jul - Jun), 2019",15-29,Urban,Female,24.3
India,Punjab,"PLFS Year (Jul - Jun), 2019",15-29,Urban,Person,20.1
India,Punjab,"PLFS Year (Jul - Jun), 2019",15-29,Rural+Urban,Male,18.4
India,Punjab,"PLFS Year (Jul - Jun), 2019",15-29,Rural+Urban,Female,19.7
India,Punjab,"PLFS Year (Jul - Jun), 2019",15-29,Rural+Urban,Person,18.7
India,Punjab,"PLFS Year (Jul - Jun), 2019",15-59,Rural,Male,8.1
India,Punjab,"PLFS Year (Jul - Jun), 2019",15-59,Rural,Female,6.5
India,Punjab,"PLFS Year (Jul - Jun), 2019",15-59,Rural,Person,7.7
India,Punjab,"PLFS Year (Jul - Jun), 2019",15-59,Urban,Male,6.9
India,Punjab,"PLFS Year (Jul - Jun), 2019",15-59,Urban,Female,12.0
India,Punjab,"PLFS Year (Jul - Jun), 2019",15-59,Urban,Person,8.0
India,Punjab,"PLFS Year (Jul - Jun), 2019",15-59,Rural+Urban,Male,7.6
India,Punjab,"PLFS Year (Jul - Jun), 2019",15-59,Rural+Urban,Female,8.4
India,Punjab,"PLFS Year (Jul - Jun), 2019",15-59,Rural+Urban,Person,7.8
India,Punjab,"PLFS Year (Jul - Jun), 2019",15 years and above,Rural,Male,7.4
India,Punjab,"PLFS Year (Jul - Jun), 2019",15 years and above,Rural,Female,6.1
India,Punjab,"PLFS Year (Jul - Jun), 2019",15 years and above,Rural,Person,7.1
India,Punjab,"PLFS Year (Jul - Jun), 2019",15 years and above,Urban,Male,6.5
India,Punjab,"PLFS Year (Jul - Jun), 2019",15 years and above,Urban,Female,11.7
India,Punjab,"PLFS Year (Jul - Jun), 2019",15 years and above,Urban,Person,7.5
India,Punjab,"PLFS Year (Jul - Jun), 2019",15 years and above,Rural+Urban,Male,7.1
India,Punjab,"PLFS Year (Jul - Jun), 2019",15 years and above,Rural+Urban,Female,8.0
India,Punjab,"PLFS Year (Jul - Jun), 2019",15 years and above,Rural+Urban,Person,7.3
India,Punjab,"PLFS Year (Jul - Jun), 2019",all ages,Rural,Male,7.4
India,Punjab,"PLFS Year (Jul - Jun), 2019",all ages,Rural,Female,6.4
India,Punjab,"PLFS Year (Jul - Jun), 2019",all ages,Rural,Person,7.2
India,Punjab,"PLFS Year (Jul - Jun), 2019",all ages,Urban,Male,6.6
India,Punjab,"PLFS Year (Jul - Jun), 2019",all ages,Urban,Female,11.6
India,Punjab,"PLFS Year (Jul - Jun), 2019",all ages,Urban,Person,7.7
India,Punjab,"PLFS Year (Jul - Jun), 2019",all ages,Rural+Urban,Male,7.1
India,Punjab,"PLFS Year (Jul - Jun), 2019",all ages,Rural+Urban,Female,8.2
India,Punjab,"PLFS Year (Jul - Jun), 2019",all ages,Rural+Urban,Person,7.4
India,Rajasthan,"PLFS Year (Jul - Jun), 2019",15-29,Rural,Male,11.4
India,Rajasthan,"PLFS Year (Jul - Jun), 2019",15-29,Rural,Female,6.6
India,Rajasthan,"PLFS Year (Jul - Jun), 2019",15-29,Rural,Person,9.9
India,Rajasthan,"PLFS Year (Jul - Jun), 2019",15-29,Urban,Male,24.1
India,Rajasthan,"PLFS Year (Jul - Jun), 2019",15-29,Urban,Female,24.9
India,Rajasthan,"PLFS Year (Jul - Jun), 2019",15-29,Urban,Person,24.3
India,Rajasthan,"PLFS Year (Jul - Jun), 2019",15-29,Rural+Urban,Male,14.7
India,Rajasthan,"PLFS Year (Jul - Jun), 2019",15-29,Rural+Urban,Female,9.1
India,Rajasthan,"PLFS Year (Jul - Jun), 2019",15-29,Rural+Urban,Person,13.1
India,Rajasthan,"PLFS Year (Jul - Jun), 2019",15-59,Rural,Male,4.6
India,Rajasthan,"PLFS Year (Jul - Jun), 2019",15-59,Rural,Female,2.0
India,Rajasthan,"PLFS Year (Jul - Jun), 2019",15-59,Rural,Person,3.6
India,Rajasthan,"PLFS Year (Jul - Jun), 2019",15-59,Urban,Male,10.2
India,Rajasthan,"PLFS Year (Jul - Jun), 2019",15-59,Urban,Female,7.9
India,Rajasthan,"PLFS Year (Jul - Jun), 2019",15-59,Urban,Person,9.8
India,Rajasthan,"PLFS Year (Jul - Jun), 2019",15-59,Rural+Urban,Male,6.1
India,Rajasthan,"PLFS Year (Jul - Jun), 2019",15-59,Rural+Urban,Female,2.8
India,Rajasthan,"PLFS Year (Jul - Jun), 2019",15-59,Rural+Urban,Person,5.0
India,Rajasthan,"PLFS Year (Jul - Jun), 2019",15 years and above,Rural,Male,4.0
India,Rajasthan,"PLFS Year (Jul - Jun), 2019",15 years and above,Rural,Female,1.8
India,Rajasthan,"PLFS Year (Jul - Jun), 2019",15 years and above,Rural,Person,3.2
India,Rajasthan,"PLFS Year (Jul - Jun), 2019",15 years and above,Urban,Male,9.4
India,Rajasthan,"PLFS Year (Jul - Jun), 2019",15 years and above,Urban,Female,7.4
India,Rajasthan,"PLFS Year (Jul - Jun), 2019",15 years and above,Urban,Person,9.0
India,Rajasthan,"PLFS Year (Jul - Jun), 2019",15 years and above,Rural+Urban,Male,5.5
India,Rajasthan,"PLFS Year (Jul - Jun), 2019",15 years and above,Rural+Urban,Female,2.5
India,Rajasthan,"PLFS Year (Jul - Jun), 2019",15 years and above,Rural+Urban,Person,4.5
India,Rajasthan,"PLFS Year (Jul - Jun), 2019",all ages,Rural,Male,4.1
India,Rajasthan,"PLFS Year (Jul - Jun), 2019",all ages,Rural,Female,1.8
India,Rajasthan,"PLFS Year (Jul - Jun), 2019",all ages,Rural,Person,3.2
India,Rajasthan,"PLFS Year (Jul - Jun), 2019",all ages,Urban,Male,9.4
India,Rajasthan,"PLFS Year (Jul - Jun), 2019",all ages,Urban,Female,7.4
India,Rajasthan,"PLFS Year (Jul - Jun), 2019",all ages,Urban,Person,9.0
India,Rajasthan,"PLFS Year (Jul - Jun), 2019",all ages,Rural+Urban,Male,5.5
India,Rajasthan,"PLFS Year (Jul - Jun), 2019",all ages,Rural+Urban,Female,2.5
India,Rajasthan,"PLFS Year (Jul - Jun), 2019",all ages,Rural+Urban,Person,4.5
India,Sikkim,"PLFS Year (Jul - Jun), 2019",15-29,Rural,Male,10.4
India,Sikkim,"PLFS Year (Jul - Jun), 2019",15-29,Rural,Female,4.2
India,Sikkim,"PLFS Year (Jul - Jun), 2019",15-29,Rural,Person,7.6
India,Sikkim,"PLFS Year (Jul - Jun), 2019",15-29,Urban,Male,5.6
India,Sikkim,"PLFS Year (Jul - Jun), 2019",15-29,Urban,Female,8.2
India,Sikkim,"PLFS Year (Jul - Jun), 2019",15-29,Urban,Person,6.5
India,Sikkim,"PLFS Year (Jul - Jun), 2019",15-29,Rural+Urban,Male,8.8
India,Sikkim,"PLFS Year (Jul - Jun), 2019",15-29,Rural+Urban,Female,5.1
India,Sikkim,"PLFS Year (Jul - Jun), 2019",15-29,Rural+Urban,Person,7.2
India,Sikkim,"PLFS Year (Jul - Jun), 2019",15-59,Rural,Male,2.8
India,Sikkim,"PLFS Year (Jul - Jun), 2019",15-59,Rural,Female,1.5
India,Sikkim,"PLFS Year (Jul - Jun), 2019",15-59,Rural,Person,2.3
India,Sikkim,"PLFS Year (Jul - Jun), 2019",15-59,Urban,Male,2.9
India,Sikkim,"PLFS Year (Jul - Jun), 2019",15-59,Urban,Female,3.0
India,Sikkim,"PLFS Year (Jul - Jun), 2019",15-59,Urban,Person,3.0
India,Sikkim,"PLFS Year (Jul - Jun), 2019",15-59,Rural+Urban,Male,2.9
India,Sikkim,"PLFS Year (Jul - Jun), 2019",15-59,Rural+Urban,Female,1.8
India,Sikkim,"PLFS Year (Jul - Jun), 2019",15-59,Rural+Urban,Person,2.4
India,Sikkim,"PLFS Year (Jul - Jun), 2019",15 years and above,Rural,Male,2.5
India,Sikkim,"PLFS Year (Jul - Jun), 2019",15 years and above,Rural,Female,1.4
India,Sikkim,"PLFS Year (Jul - Jun), 2019",15 years and above,Rural,Person,2.0
India,Sikkim,"PLFS Year (Jul - Jun), 2019",15 years and above,Urban,Male,2.8
India,Sikkim,"PLFS Year (Jul - Jun), 2019",15 years and above,Urban,Female,3.0
India,Sikkim,"PLFS Year (Jul - Jun), 2019",15 years and above,Urban,Person,2.9
India,Sikkim,"PLFS Year (Jul - Jun), 2019",15 years and above,Rural+Urban,Male,2.5
India,Sikkim,"PLFS Year (Jul - Jun), 2019",15 years and above,Rural+Urban,Female,1.7
India,Sikkim,"PLFS Year (Jul - Jun), 2019",15 years and above,Rural+Urban,Person,2.2
India,Sikkim,"PLFS Year (Jul - Jun), 2019",all ages,Rural,Male,2.5
India,Sikkim,"PLFS Year (Jul - Jun), 2019",all ages,Rural,Female,1.4
India,Sikkim,"PLFS Year (Jul - Jun), 2019",all ages,Rural,Person,2.0
India,Sikkim,"PLFS Year (Jul - Jun), 2019",all ages,Urban,Male,2.8
India,Sikkim,"PLFS Year (Jul - Jun), 2019",all ages,Urban,Female,3.0
India,Sikkim,"PLFS Year (Jul - Jun), 2019",all ages,Urban,Person,2.9
India,Sikkim,"PLFS Year (Jul - Jun), 2019",all ages,Rural+Urban,Male,2.5
India,Sikkim,"PLFS Year (Jul - Jun), 2019",all ages,Rural+Urban,Female,1.7
India,Sikkim,"PLFS Year (Jul - Jun), 2019",all ages,Rural+Urban,Person,2.2
India,Tamil Nadu,"PLFS Year (Jul - Jun), 2019",15-29,Rural,Male,23.3
India,Tamil Nadu,"PLFS Year (Jul - Jun), 2019",15-29,Rural,Female,20.5
India,Tamil Nadu,"PLFS Year (Jul - Jun), 2019",15-29,Rural,Person,22.5
India,Tamil Nadu,"PLFS Year (Jul - Jun), 2019",15-29,Urban,Male,18.0
India,Tamil Nadu,"PLFS Year (Jul - Jun), 2019",15-29,Urban,Female,21.7
India,Tamil Nadu,"PLFS Year (Jul - Jun), 2019",15-29,Urban,Person,19.2
India,Tamil Nadu,"PLFS Year (Jul - Jun), 2019",15-29,Rural+Urban,Male,20.8
India,Tamil Nadu,"PLFS Year (Jul - Jun), 2019",15-29,Rural+Urban,Female,21.2
India,Tamil Nadu,"PLFS Year (Jul - Jun), 2019",15-29,Rural+Urban,Person,20.9
India,Tamil Nadu,"PLFS Year (Jul - Jun), 2019",15-59,Rural,Male,6.8
India,Tamil Nadu,"PLFS Year (Jul - Jun), 2019",15-59,Rural,Female,3.8
India,Tamil Nadu,"PLFS Year (Jul - Jun), 2019",15-59,Rural,Person,5.6
India,Tamil Nadu,"PLFS Year (Jul - Jun), 2019",15-59,Urban,Male,5.7
India,Tamil Nadu,"PLFS Year (Jul - Jun), 2019",15-59,Urban,Female,7.4
India,Tamil Nadu,"PLFS Year (Jul - Jun), 2019",15-59,Urban,Person,6.2
India,Tamil Nadu,"PLFS Year (Jul - Jun), 2019",15-59,Rural+Urban,Male,6.3
India,Tamil Nadu,"PLFS Year (Jul - Jun), 2019",15-59,Rural+Urban,Female,5.2
India,Tamil Nadu,"PLFS Year (Jul - Jun), 2019",15-59,Rural+Urban,Person,5.9
India,Tamil Nadu,"PLFS Year (Jul - Jun), 2019",15 years and above,Rural,Male,6.0
India,Tamil Nadu,"PLFS Year (Jul - Jun), 2019",15 years and above,Rural,Female,3.4
India,Tamil Nadu,"PLFS Year (Jul - Jun), 2019",15 years and above,Rural,Person,5.0
India,Tamil Nadu,"PLFS Year (Jul - Jun), 2019",15 years and above,Urban,Male,5.3
India,Tamil Nadu,"PLFS Year (Jul - Jun), 2019",15 years and above,Urban,Female,6.9
India,Tamil Nadu,"PLFS Year (Jul - Jun), 2019",15 years and above,Urban,Person,5.8
India,Tamil Nadu,"PLFS Year (Jul - Jun), 2019",15 years and above,Rural+Urban,Male,5.7
India,Tamil Nadu,"PLFS Year (Jul - Jun), 2019",15 years and above,Rural+Urban,Female,4.7
India,Tamil Nadu,"PLFS Year (Jul - Jun), 2019",15 years and above,Rural+Urban,Person,5.3
India,Tamil Nadu,"PLFS Year (Jul - Jun), 2019",all ages,Rural,Male,6.0
India,Tamil Nadu,"PLFS Year (Jul - Jun), 2019",all ages,Rural,Female,3.4
India,Tamil Nadu,"PLFS Year (Jul - Jun), 2019",all ages,Rural,Person,5.0
India,Tamil Nadu,"PLFS Year (Jul - Jun), 2019",all ages,Urban,Male,5.3
India,Tamil Nadu,"PLFS Year (Jul - Jun), 2019",all ages,Urban,Female,6.9
India,Tamil Nadu,"PLFS Year (Jul - Jun), 2019",all ages,Urban,Person,5.8
India,Tamil Nadu,"PLFS Year (Jul - Jun), 2019",all ages,Rural+Urban,Male,5.7
India,Tamil Nadu,"PLFS Year (Jul - Jun), 2019",all ages,Rural+Urban,Female,4.7
India,Tamil Nadu,"PLFS Year (Jul - Jun), 2019",all ages,Rural+Urban,Person,5.3
India,Telangana,"PLFS Year (Jul - Jun), 2019",15-29,Rural,Male,24.5
India,Telangana,"PLFS Year (Jul - Jun), 2019",15-29,Rural,Female,18.9
India,Telangana,"PLFS Year (Jul - Jun), 2019",15-29,Rural,Person,22.4
India,Telangana,"PLFS Year (Jul - Jun), 2019",15-29,Urban,Male,26.6
India,Telangana,"PLFS Year (Jul - Jun), 2019",15-29,Urban,Female,26.6
India,Telangana,"PLFS Year (Jul - Jun), 2019",15-29,Urban,Person,26.6
India,Telangana,"PLFS Year (Jul - Jun), 2019",15-29,Rural+Urban,Male,25.4
India,Telangana,"PLFS Year (Jul - Jun), 2019",15-29,Rural+Urban,Female,21.5
India,Telangana,"PLFS Year (Jul - Jun), 2019",15-29,Rural+Urban,Person,24.2
India,Telangana,"PLFS Year (Jul - Jun), 2019",15-59,Rural,Male,7.2
India,Telangana,"PLFS Year (Jul - Jun), 2019",15-59,Rural,Female,4.0
India,Telangana,"PLFS Year (Jul - Jun), 2019",15-59,Rural,Person,5.7
India,Telangana,"PLFS Year (Jul - Jun), 2019",15-59,Urban,Male,10.0
India,Telangana,"PLFS Year (Jul - Jun), 2019",15-59,Urban,Female,12.4
India,Telangana,"PLFS Year (Jul - Jun), 2019",15-59,Urban,Person,10.7
India,Telangana,"PLFS Year (Jul - Jun), 2019",15-59,Rural+Urban,Male,8.4
India,Telangana,"PLFS Year (Jul - Jun), 2019",15-59,Rural+Urban,Female,6.1
India,Telangana,"PLFS Year (Jul - Jun), 2019",15-59,Rural+Urban,Person,7.5
India,Telangana,"PLFS Year (Jul - Jun), 2019",15 years and above,Rural,Male,6.3
India,Telangana,"PLFS Year (Jul - Jun), 2019",15 years and above,Rural,Female,3.7
India,Telangana,"PLFS Year (Jul - Jun), 2019",15 years and above,Rural,Person,5.2
India,Telangana,"PLFS Year (Jul - Jun), 2019",15 years and above,Urban,Male,9.6
India,Telangana,"PLFS Year (Jul - Jun), 2019",15 years and above,Urban,Female,12.0
India,Telangana,"PLFS Year (Jul - Jun), 2019",15 years and above,Urban,Person,10.2
India,Telangana,"PLFS Year (Jul - Jun), 2019",15 years and above,Rural+Urban,Male,7.6
India,Telangana,"PLFS Year (Jul - Jun), 2019",15 years and above,Rural+Urban,Female,5.8
India,Telangana,"PLFS Year (Jul - Jun), 2019",15 years and above,Rural+Urban,Person,7.0
India,Telangana,"PLFS Year (Jul - Jun), 2019",all ages,Rural,Male,6.3
India,Telangana,"PLFS Year (Jul - Jun), 2019",all ages,Rural,Female,3.7
India,Telangana,"PLFS Year (Jul - Jun), 2019",all ages,Rural,Person,5.2
India,Telangana,"PLFS Year (Jul - Jun), 2019",all ages,Urban,Male,9.7
India,Telangana,"PLFS Year (Jul - Jun), 2019",all ages,Urban,Female,12.0
India,Telangana,"PLFS Year (Jul - Jun), 2019",all ages,Urban,Person,10.3
India,Telangana,"PLFS Year (Jul - Jun), 2019",all ages,Rural+Urban,Male,7.7
India,Telangana,"PLFS Year (Jul - Jun), 2019",all ages,Rural+Urban,Female,5.8
India,Telangana,"PLFS Year (Jul - Jun), 2019",all ages,Rural+Urban,Person,7.0
India,The Dadra and Nagar Haveli and Daman and Diu,"PLFS Year (Jul - Jun), 2019",15-29,Rural,Male,6.150000000000000000000
India,The Dadra and Nagar Haveli and Daman and Diu,"PLFS Year (Jul - Jun), 2019",15-29,Rural,Female,0.000000000000000000000
India,The Dadra and Nagar Haveli and Daman and Diu,"PLFS Year (Jul - Jun), 2019",15-29,Rural,Person,5.250000000000000000000
India,The Dadra and Nagar Haveli and Daman and Diu,"PLFS Year (Jul - Jun), 2019",15-29,Urban,Male,8.200000000000000000000
India,The Dadra and Nagar Haveli and Daman and Diu,"PLFS Year (Jul - Jun), 2019",15-29,Urban,Female,5.400000000000000000000
India,The Dadra and Nagar Haveli and Daman and Diu,"PLFS Year (Jul - Jun), 2019",15-29,Urban,Person,7.900000000000000000000
India,The Dadra and Nagar Haveli and Daman and Diu,"PLFS Year (Jul - Jun), 2019",15-29,Rural+Urban,Male,6.750000000000000000000
India,The Dadra and Nagar Haveli and Daman and Diu,"PLFS Year (Jul - Jun), 2019",15-29,Rural+Urban,Female,4.800000000000000000000
India,The Dadra and Nagar Haveli and Daman and Diu,"PLFS Year (Jul - Jun), 2019",15-29,Rural+Urban,Person,6.150000000000000000000
India,The Dadra and Nagar Haveli and Daman and Diu,"PLFS Year (Jul - Jun), 2019",15-59,Rural,Male,3.250000000000000000000
India,The Dadra and Nagar Haveli and Daman and Diu,"PLFS Year (Jul - Jun), 2019",15-59,Rural,Female,0.000000000000000000000
India,The Dadra and Nagar Haveli and Daman and Diu,"PLFS Year (Jul - Jun), 2019",15-59,Rural,Person,2.200000000000000000000
India,The Dadra and Nagar Haveli and Daman and Diu,"PLFS Year (Jul - Jun), 2019",15-59,Urban,Male,4.250000000000000000000
India,The Dadra and Nagar Haveli and Daman and Diu,"PLFS Year (Jul - Jun), 2019",15-59,Urban,Female,1.850000000000000000000
India,The Dadra and Nagar Haveli and Daman and Diu,"PLFS Year (Jul - Jun), 2019",15-59,Urban,Person,4.000000000000000000000
India,The Dadra and Nagar Haveli and Daman and Diu,"PLFS Year (Jul - Jun), 2019",15-59,Rural+Urban,Male,3.650000000000000000000
India,The Dadra and Nagar Haveli and Daman and Diu,"PLFS Year (Jul - Jun), 2019",15-59,Rural+Urban,Female,1.450000000000000000000
India,The Dadra and Nagar Haveli and Daman and Diu,"PLFS Year (Jul - Jun), 2019",15-59,Rural+Urban,Person,3.000000000000000000000
India,The Dadra and Nagar Haveli and Daman and Diu,"PLFS Year (Jul - Jun), 2019",15 years and above,Rural,Male,3.000000000000000000000
India,The Dadra and Nagar Haveli and Daman and Diu,"PLFS Year (Jul - Jun), 2019",15 years and above,Rural,Female,0.000000000000000000000
India,The Dadra and Nagar Haveli and Daman and Diu,"PLFS Year (Jul - Jun), 2019",15 years and above,Rural,Person,2.100000000000000000000
India,The Dadra and Nagar Haveli and Daman and Diu,"PLFS Year (Jul - Jun), 2019",15 years and above,Urban,Male,4.150000000000000000000
India,The Dadra and Nagar Haveli and Daman and Diu,"PLFS Year (Jul - Jun), 2019",15 years and above,Urban,Female,1.850000000000000000000
India,The Dadra and Nagar Haveli and Daman and Diu,"PLFS Year (Jul - Jun), 2019",15 years and above,Urban,Person,3.900000000000000000000
India,The Dadra and Nagar Haveli and Daman and Diu,"PLFS Year (Jul - Jun), 2019",15 years and above,Rural+Urban,Male,3.500000000000000000000
India,The Dadra and Nagar Haveli and Daman and Diu,"PLFS Year (Jul - Jun), 2019",15 years and above,Rural+Urban,Female,1.400000000000000000000
India,The Dadra and Nagar Haveli and Daman and Diu,"PLFS Year (Jul - Jun), 2019",15 years and above,Rural+Urban,Person,2.950000000000000000000
India,The Dadra and Nagar Haveli and Daman and Diu,"PLFS Year (Jul - Jun), 2019",all ages,Rural,Male,3.000000000000000000000
India,The Dadra and Nagar Haveli and Daman and Diu,"PLFS Year (Jul - Jun), 2019",all ages,Rural,Female,0.000000000000000000000
India,The Dadra and Nagar Haveli and Daman and Diu,"PLFS Year (Jul - Jun), 2019",all ages,Rural,Person,2.100000000000000000000
India,The Dadra and Nagar Haveli and Daman and Diu,"PLFS Year (Jul - Jun), 2019",all ages,Urban,Male,4.150000000000000000000
India,The Dadra and Nagar Haveli and Daman and Diu,"PLFS Year (Jul - Jun), 2019",all ages,Urban,Female,1.850000000000000000000
India,The Dadra and Nagar Haveli and Daman and Diu,"PLFS Year (Jul - Jun), 2019",all ages,Urban,Person,3.900000000000000000000
India,The Dadra and Nagar Haveli and Daman and Diu,"PLFS Year (Jul - Jun), 2019",all ages,Rural+Urban,Male,3.500000000000000000000
India,The Dadra and Nagar Haveli and Daman and Diu,"PLFS Year (Jul - Jun), 2019",all ages,Rural+Urban,Female,1.400000000000000000000
India,The Dadra and Nagar Haveli and Daman and Diu,"PLFS Year (Jul - Jun), 2019",all ages,Rural+Urban,Person,2.950000000000000000000
India,Tripura,"PLFS Year (Jul - Jun), 2019",15-29,Rural,Male,9.1
India,Tripura,"PLFS Year (Jul - Jun), 2019",15-29,Rural,Female,12.7
India,Tripura,"PLFS Year (Jul - Jun), 2019",15-29,Rural,Person,9.8
India,Tripura,"PLFS Year (Jul - Jun), 2019",15-29,Urban,Male,15.7
India,Tripura,"PLFS Year (Jul - Jun), 2019",15-29,Urban,Female,18.1
India,Tripura,"PLFS Year (Jul - Jun), 2019",15-29,Urban,Person,16.2
India,Tripura,"PLFS Year (Jul - Jun), 2019",15-29,Rural+Urban,Male,10.3
India,Tripura,"PLFS Year (Jul - Jun), 2019",15-29,Rural+Urban,Female,13.6
India,Tripura,"PLFS Year (Jul - Jun), 2019",15-29,Rural+Urban,Person,10.8
India,Tripura,"PLFS Year (Jul - Jun), 2019",15-59,Rural,Male,3.3
India,Tripura,"PLFS Year (Jul - Jun), 2019",15-59,Rural,Female,2.6
India,Tripura,"PLFS Year (Jul - Jun), 2019",15-59,Rural,Person,3.1
India,Tripura,"PLFS Year (Jul - Jun), 2019",15-59,Urban,Male,5.1
India,Tripura,"PLFS Year (Jul - Jun), 2019",15-59,Urban,Female,4.5
India,Tripura,"PLFS Year (Jul - Jun), 2019",15-59,Urban,Person,4.9
India,Tripura,"PLFS Year (Jul - Jun), 2019",15-59,Rural+Urban,Male,3.6
India,Tripura,"PLFS Year (Jul - Jun), 2019",15-59,Rural+Urban,Female,2.9
India,Tripura,"PLFS Year (Jul - Jun), 2019",15-59,Rural+Urban,Person,3.5
India,Tripura,"PLFS Year (Jul - Jun), 2019",15 years and above,Rural,Male,3.0
India,Tripura,"PLFS Year (Jul - Jun), 2019",15 years and above,Rural,Female,2.4
India,Tripura,"PLFS Year (Jul - Jun), 2019",15 years and above,Rural,Person,2.8
India,Tripura,"PLFS Year (Jul - Jun), 2019",15 years and above,Urban,Male,4.7
India,Tripura,"PLFS Year (Jul - Jun), 2019",15 years and above,Urban,Female,4.2
India,Tripura,"PLFS Year (Jul - Jun), 2019",15 years and above,Urban,Person,4.6
India,Tripura,"PLFS Year (Jul - Jun), 2019",15 years and above,Rural+Urban,Male,3.3
India,Tripura,"PLFS Year (Jul - Jun), 2019",15 years and above,Rural+Urban,Female,2.8
India,Tripura,"PLFS Year (Jul - Jun), 2019",15 years and above,Rural+Urban,Person,3.2
India,Tripura,"PLFS Year (Jul - Jun), 2019",all ages,Rural,Male,3.0
India,Tripura,"PLFS Year (Jul - Jun), 2019",all ages,Rural,Female,2.5
India,Tripura,"PLFS Year (Jul - Jun), 2019",all ages,Rural,Person,2.8
India,Tripura,"PLFS Year (Jul - Jun), 2019",all ages,Urban,Male,4.7
India,Tripura,"PLFS Year (Jul - Jun), 2019",all ages,Urban,Female,4.2
India,Tripura,"PLFS Year (Jul - Jun), 2019",all ages,Urban,Person,4.6
India,Tripura,"PLFS Year (Jul - Jun), 2019",all ages,Rural+Urban,Male,3.3
India,Tripura,"PLFS Year (Jul - Jun), 2019",all ages,Rural+Urban,Female,2.8
India,Tripura,"PLFS Year (Jul - Jun), 2019",all ages,Rural+Urban,Person,3.2
India,Uttar Pradesh,"PLFS Year (Jul - Jun), 2019",15-29,Rural,Male,10.2
India,Uttar Pradesh,"PLFS Year (Jul - Jun), 2019",15-29,Rural,Female,5.3
India,Uttar Pradesh,"PLFS Year (Jul - Jun), 2019",15-29,Rural,Person,9.5
India,Uttar Pradesh,"PLFS Year (Jul - Jun), 2019",15-29,Urban,Male,21.6
India,Uttar Pradesh,"PLFS Year (Jul - Jun), 2019",15-29,Urban,Female,26.8
India,Uttar Pradesh,"PLFS Year (Jul - Jun), 2019",15-29,Urban,Person,22.3
India,Uttar Pradesh,"PLFS Year (Jul - Jun), 2019",15-29,Rural+Urban,Male,12.9
India,Uttar Pradesh,"PLFS Year (Jul - Jun), 2019",15-29,Rural+Urban,Female,10.6
India,Uttar Pradesh,"PLFS Year (Jul - Jun), 2019",15-29,Rural+Urban,Person,12.6
India,Uttar Pradesh,"PLFS Year (Jul - Jun), 2019",15-59,Rural,Male,4.0
India,Uttar Pradesh,"PLFS Year (Jul - Jun), 2019",15-59,Rural,Female,1.2
India,Uttar Pradesh,"PLFS Year (Jul - Jun), 2019",15-59,Rural,Person,3.4
India,Uttar Pradesh,"PLFS Year (Jul - Jun), 2019",15-59,Urban,Male,9.0
India,Uttar Pradesh,"PLFS Year (Jul - Jun), 2019",15-59,Urban,Female,11.0
India,Uttar Pradesh,"PLFS Year (Jul - Jun), 2019",15-59,Urban,Person,9.3
India,Uttar Pradesh,"PLFS Year (Jul - Jun), 2019",15-59,Rural+Urban,Male,5.2
India,Uttar Pradesh,"PLFS Year (Jul - Jun), 2019",15-59,Rural+Urban,Female,2.9
India,Uttar Pradesh,"PLFS Year (Jul - Jun), 2019",15-59,Rural+Urban,Person,4.8
India,Uttar Pradesh,"PLFS Year (Jul - Jun), 2019",15 years and above,Rural,Male,3.6
India,Uttar Pradesh,"PLFS Year (Jul - Jun), 2019",15 years and above,Rural,Female,1.1
India,Uttar Pradesh,"PLFS Year (Jul - Jun), 2019",15 years and above,Rural,Person,3.1
India,Uttar Pradesh,"PLFS Year (Jul - Jun), 2019",15 years and above,Urban,Male,8.6
India,Uttar Pradesh,"PLFS Year (Jul - Jun), 2019",15 years and above,Urban,Female,10.2
India,Uttar Pradesh,"PLFS Year (Jul - Jun), 2019",15 years and above,Urban,Person,8.8
India,Uttar Pradesh,"PLFS Year (Jul - Jun), 2019",15 years and above,Rural+Urban,Male,4.8
India,Uttar Pradesh,"PLFS Year (Jul - Jun), 2019",15 years and above,Rural+Urban,Female,2.7
India,Uttar Pradesh,"PLFS Year (Jul - Jun), 2019",15 years and above,Rural+Urban,Person,4.4
India,Uttar Pradesh,"PLFS Year (Jul - Jun), 2019",all ages,Rural,Male,3.8
India,Uttar Pradesh,"PLFS Year (Jul - Jun), 2019",all ages,Rural,Female,1.1
India,Uttar Pradesh,"PLFS Year (Jul - Jun), 2019",all ages,Rural,Person,3.2
India,Uttar Pradesh,"PLFS Year (Jul - Jun), 2019",all ages,Urban,Male,8.5
India,Uttar Pradesh,"PLFS Year (Jul - Jun), 2019",all ages,Urban,Female,10.2
India,Uttar Pradesh,"PLFS Year (Jul - Jun), 2019",all ages,Urban,Person,8.8
India,Uttar Pradesh,"PLFS Year (Jul - Jun), 2019",all ages,Rural+Urban,Male,4.9
India,Uttar Pradesh,"PLFS Year (Jul - Jun), 2019",all ages,Rural+Urban,Female,2.7
India,Uttar Pradesh,"PLFS Year (Jul - Jun), 2019",all ages,Rural+Urban,Person,4.5
India,Uttarakhand,"PLFS Year (Jul - Jun), 2019",15-29,Rural,Male,21.1
India,Uttarakhand,"PLFS Year (Jul - Jun), 2019",15-29,Rural,Female,13.8
India,Uttarakhand,"PLFS Year (Jul - Jun), 2019",15-29,Rural,Person,19.1
India,Uttarakhand,"PLFS Year (Jul - Jun), 2019",15-29,Urban,Male,18.1
India,Uttarakhand,"PLFS Year (Jul - Jun), 2019",15-29,Urban,Female,32.5
India,Uttarakhand,"PLFS Year (Jul - Jun), 2019",15-29,Urban,Person,21.3
India,Uttarakhand,"PLFS Year (Jul - Jun), 2019",15-29,Rural+Urban,Male,20.3
India,Uttarakhand,"PLFS Year (Jul - Jun), 2019",15-29,Rural+Urban,Female,17.9
India,Uttarakhand,"PLFS Year (Jul - Jun), 2019",15-29,Rural+Urban,Person,19.7
India,Uttarakhand,"PLFS Year (Jul - Jun), 2019",15-59,Rural,Male,8.7
India,Uttarakhand,"PLFS Year (Jul - Jun), 2019",15-59,Rural,Female,4.2
India,Uttarakhand,"PLFS Year (Jul - Jun), 2019",15-59,Rural,Person,7.2
India,Uttarakhand,"PLFS Year (Jul - Jun), 2019",15-59,Urban,Male,7.9
India,Uttarakhand,"PLFS Year (Jul - Jun), 2019",15-59,Urban,Female,15.5
India,Uttarakhand,"PLFS Year (Jul - Jun), 2019",15-59,Urban,Person,9.4
India,Uttarakhand,"PLFS Year (Jul - Jun), 2019",15-59,Rural+Urban,Male,8.5
India,Uttarakhand,"PLFS Year (Jul - Jun), 2019",15-59,Rural+Urban,Female,6.0
India,Uttarakhand,"PLFS Year (Jul - Jun), 2019",15-59,Rural+Urban,Person,7.7
India,Uttarakhand,"PLFS Year (Jul - Jun), 2019",15 years and above,Rural,Male,7.9
India,Uttarakhand,"PLFS Year (Jul - Jun), 2019",15 years and above,Rural,Female,3.9
India,Uttarakhand,"PLFS Year (Jul - Jun), 2019",15 years and above,Rural,Person,6.5
India,Uttarakhand,"PLFS Year (Jul - Jun), 2019",15 years and above,Urban,Male,7.6
India,Uttarakhand,"PLFS Year (Jul - Jun), 2019",15 years and above,Urban,Female,15.5
India,Uttarakhand,"PLFS Year (Jul - Jun), 2019",15 years and above,Urban,Person,9.1
India,Uttarakhand,"PLFS Year (Jul - Jun), 2019",15 years and above,Rural+Urban,Male,7.8
India,Uttarakhand,"PLFS Year (Jul - Jun), 2019",15 years and above,Rural+Urban,Female,5.6
India,Uttarakhand,"PLFS Year (Jul - Jun), 2019",15 years and above,Rural+Urban,Person,7.1
India,Uttarakhand,"PLFS Year (Jul - Jun), 2019",all ages,Rural,Male,7.8
India,Uttarakhand,"PLFS Year (Jul - Jun), 2019",all ages,Rural,Female,3.9
India,Uttarakhand,"PLFS Year (Jul - Jun), 2019",all ages,Rural,Person,6.5
India,Uttarakhand,"PLFS Year (Jul - Jun), 2019",all ages,Urban,Male,7.6
India,Uttarakhand,"PLFS Year (Jul - Jun), 2019",all ages,Urban,Female,15.5
India,Uttarakhand,"PLFS Year (Jul - Jun), 2019",all ages,Urban,Person,9.1
India,Uttarakhand,"PLFS Year (Jul - Jun), 2019",all ages,Rural+Urban,Male,7.8
India,Uttarakhand,"PLFS Year (Jul - Jun), 2019",all ages,Rural+Urban,Female,5.6
India,Uttarakhand,"PLFS Year (Jul - Jun), 2019",all ages,Rural+Urban,Person,7.1
India,West Bengal,"PLFS Year (Jul - Jun), 2019",15-29,Rural,Male,15.1
India,West Bengal,"PLFS Year (Jul - Jun), 2019",15-29,Rural,Female,7.8
India,West Bengal,"PLFS Year (Jul - Jun), 2019",15-29,Rural,Person,13.7
India,West Bengal,"PLFS Year (Jul - Jun), 2019",15-29,Urban,Male,16.2
India,West Bengal,"PLFS Year (Jul - Jun), 2019",15-29,Urban,Female,13.8
India,West Bengal,"PLFS Year (Jul - Jun), 2019",15-29,Urban,Person,15.4
India,West Bengal,"PLFS Year (Jul - Jun), 2019",15-29,Rural+Urban,Male,15.4
India,West Bengal,"PLFS Year (Jul - Jun), 2019",15-29,Rural+Urban,Female,10.1
India,West Bengal,"PLFS Year (Jul - Jun), 2019",15-29,Rural+Urban,Person,14.2
India,West Bengal,"PLFS Year (Jul - Jun), 2019",15-59,Rural,Male,5.4
India,West Bengal,"PLFS Year (Jul - Jun), 2019",15-59,Rural,Female,2.7
India,West Bengal,"PLFS Year (Jul - Jun), 2019",15-59,Rural,Person,4.8
India,West Bengal,"PLFS Year (Jul - Jun), 2019",15-59,Urban,Male,5.7
India,West Bengal,"PLFS Year (Jul - Jun), 2019",15-59,Urban,Female,5.4
India,West Bengal,"PLFS Year (Jul - Jun), 2019",15-59,Urban,Person,5.6
India,West Bengal,"PLFS Year (Jul - Jun), 2019",15-59,Rural+Urban,Male,5.5
India,West Bengal,"PLFS Year (Jul - Jun), 2019",15-59,Rural+Urban,Female,3.7
India,West Bengal,"PLFS Year (Jul - Jun), 2019",15-59,Rural+Urban,Person,5.0
India,West Bengal,"PLFS Year (Jul - Jun), 2019",15 years and above,Rural,Male,4.8
India,West Bengal,"PLFS Year (Jul - Jun), 2019",15 years and above,Rural,Female,2.8
India,West Bengal,"PLFS Year (Jul - Jun), 2019",15 years and above,Rural,Person,4.4
India,West Bengal,"PLFS Year (Jul - Jun), 2019",15 years and above,Urban,Male,5.2
India,West Bengal,"PLFS Year (Jul - Jun), 2019",15 years and above,Urban,Female,4.9
India,West Bengal,"PLFS Year (Jul - Jun), 2019",15 years and above,Urban,Person,5.1
India,West Bengal,"PLFS Year (Jul - Jun), 2019",15 years and above,Rural+Urban,Male,4.9
India,West Bengal,"PLFS Year (Jul - Jun), 2019",15 years and above,Rural+Urban,Female,3.6
India,West Bengal,"PLFS Year (Jul - Jun), 2019",15 years and above,Rural+Urban,Person,4.6
India,West Bengal,"PLFS Year (Jul - Jun), 2019",all ages,Rural,Male,4.8
India,West Bengal,"PLFS Year (Jul - Jun), 2019",all ages,Rural,Female,2.8
India,West Bengal,"PLFS Year (Jul - Jun), 2019",all ages,Rural,Person,4.4
India,West Bengal,"PLFS Year (Jul - Jun), 2019",all ages,Urban,Male,5.3
India,West Bengal,"PLFS Year (Jul - Jun), 2019",all ages,Urban,Female,4.9
India,West Bengal,"PLFS Year (Jul - Jun), 2019",all ages,Urban,Person,5.2
India,West Bengal,"PLFS Year (Jul - Jun), 2019",all ages,Rural+Urban,Male,5.0
India,West Bengal,"PLFS Year (Jul - Jun), 2019",all ages,Rural+Urban,Female,3.6
India,West Bengal,"PLFS Year (Jul - Jun), 2019",all ages,Rural+Urban,Person,4.6
India,Andaman and Nicobar Islands,"PLFS Year (Jul - Jun), 2018",15-29,Rural,Male,19.7
India,Andaman and Nicobar Islands,"PLFS Year (Jul - Jun), 2018",15-29,Rural,Female,63.1
India,Andaman and Nicobar Islands,"PLFS Year (Jul - Jun), 2018",15-29,Rural,Person,39.2
India,Andaman and Nicobar Islands,"PLFS Year (Jul - Jun), 2018",15-29,Urban,Male,11.8
India,Andaman and Nicobar Islands,"PLFS Year (Jul - Jun), 2018",15-29,Urban,Female,61.4
India,Andaman and Nicobar Islands,"PLFS Year (Jul - Jun), 2018",15-29,Urban,Person,26.4
India,Andaman and Nicobar Islands,"PLFS Year (Jul - Jun), 2018",15-29,Rural+Urban,Male,15.9
India,Andaman and Nicobar Islands,"PLFS Year (Jul - Jun), 2018",15-29,Rural+Urban,Female,62.6
India,Andaman and Nicobar Islands,"PLFS Year (Jul - Jun), 2018",15-29,Rural+Urban,Person,33.9
India,Andaman and Nicobar Islands,"PLFS Year (Jul - Jun), 2018",15-59,Rural,Male,6.9
India,Andaman and Nicobar Islands,"PLFS Year (Jul - Jun), 2018",15-59,Rural,Female,34.2
India,Andaman and Nicobar Islands,"PLFS Year (Jul - Jun), 2018",15-59,Rural,Person,15.0
India,Andaman and Nicobar Islands,"PLFS Year (Jul - Jun), 2018",15-59,Urban,Male,3.7
India,Andaman and Nicobar Islands,"PLFS Year (Jul - Jun), 2018",15-59,Urban,Female,38.2
India,Andaman and Nicobar Islands,"PLFS Year (Jul - Jun), 2018",15-59,Urban,Person,12.3
India,Andaman and Nicobar Islands,"PLFS Year (Jul - Jun), 2018",15-59,Rural+Urban,Male,5.5
India,Andaman and Nicobar Islands,"PLFS Year (Jul - Jun), 2018",15-59,Rural+Urban,Female,35.8
India,Andaman and Nicobar Islands,"PLFS Year (Jul - Jun), 2018",15-59,Rural+Urban,Person,13.8
India,Andaman and Nicobar Islands,"PLFS Year (Jul - Jun), 2018",15 years and above,Rural,Male,6.7
India,Andaman and Nicobar Islands,"PLFS Year (Jul - Jun), 2018",15 years and above,Rural,Female,34.2
India,Andaman and Nicobar Islands,"PLFS Year (Jul - Jun), 2018",15 years and above,Rural,Person,14.6
India,Andaman and Nicobar Islands,"PLFS Year (Jul - Jun), 2018",15 years and above,Urban,Male,3.5
India,Andaman and Nicobar Islands,"PLFS Year (Jul - Jun), 2018",15 years and above,Urban,Female,38.2
India,Andaman and Nicobar Islands,"PLFS Year (Jul - Jun), 2018",15 years and above,Urban,Person,12.0
India,Andaman and Nicobar Islands,"PLFS Year (Jul - Jun), 2018",15 years and above,Rural+Urban,Male,5.3
India,Andaman and Nicobar Islands,"PLFS Year (Jul - Jun), 2018",15 years and above,Rural+Urban,Female,35.7
India,Andaman and Nicobar Islands,"PLFS Year (Jul - Jun), 2018",15 years and above,Rural+Urban,Person,13.5
India,Andaman and Nicobar Islands,"PLFS Year (Jul - Jun), 2018",all ages,Rural,Male,6.7
India,Andaman and Nicobar Islands,"PLFS Year (Jul - Jun), 2018",all ages,Rural,Female,34.2
India,Andaman and Nicobar Islands,"PLFS Year (Jul - Jun), 2018",all ages,Rural,Person,14.6
India,Andaman and Nicobar Islands,"PLFS Year (Jul - Jun), 2018",all ages,Urban,Male,3.5
India,Andaman and Nicobar Islands,"PLFS Year (Jul - Jun), 2018",all ages,Urban,Female,38.2
India,Andaman and Nicobar Islands,"PLFS Year (Jul - Jun), 2018",all ages,Urban,Person,12.0
India,Andaman and Nicobar Islands,"PLFS Year (Jul - Jun), 2018",all ages,Rural+Urban,Male,5.3
India,Andaman and Nicobar Islands,"PLFS Year (Jul - Jun), 2018",all ages,Rural+Urban,Female,35.7
India,Andaman and Nicobar Islands,"PLFS Year (Jul - Jun), 2018",all ages,Rural+Urban,Person,13.5
India,Andhra Pradesh,"PLFS Year (Jul - Jun), 2018",15-29,Rural,Male,16.3
India,Andhra Pradesh,"PLFS Year (Jul - Jun), 2018",15-29,Rural,Female,15.2
India,Andhra Pradesh,"PLFS Year (Jul - Jun), 2018",15-29,Rural,Person,15.9
India,Andhra Pradesh,"PLFS Year (Jul - Jun), 2018",15-29,Urban,Male,23.0
India,Andhra Pradesh,"PLFS Year (Jul - Jun), 2018",15-29,Urban,Female,33.0
India,Andhra Pradesh,"PLFS Year (Jul - Jun), 2018",15-29,Urban,Person,26.0
India,Andhra Pradesh,"PLFS Year (Jul - Jun), 2018",15-29,Rural+Urban,Male,18.4
India,Andhra Pradesh,"PLFS Year (Jul - Jun), 2018",15-29,Rural+Urban,Female,19.9
India,Andhra Pradesh,"PLFS Year (Jul - Jun), 2018",15-29,Rural+Urban,Person,18.9
India,Andhra Pradesh,"PLFS Year (Jul - Jun), 2018",15-59,Rural,Male,5.3
India,Andhra Pradesh,"PLFS Year (Jul - Jun), 2018",15-59,Rural,Female,4.2
India,Andhra Pradesh,"PLFS Year (Jul - Jun), 2018",15-59,Rural,Person,4.9
India,Andhra Pradesh,"PLFS Year (Jul - Jun), 2018",15-59,Urban,Male,6.7
India,Andhra Pradesh,"PLFS Year (Jul - Jun), 2018",15-59,Urban,Female,10.6
India,Andhra Pradesh,"PLFS Year (Jul - Jun), 2018",15-59,Urban,Person,7.8
India,Andhra Pradesh,"PLFS Year (Jul - Jun), 2018",15-59,Rural+Urban,Male,5.8
India,Andhra Pradesh,"PLFS Year (Jul - Jun), 2018",15-59,Rural+Urban,Female,5.7
India,Andhra Pradesh,"PLFS Year (Jul - Jun), 2018",15-59,Rural+Urban,Person,5.7
India,Andhra Pradesh,"PLFS Year (Jul - Jun), 2018",15 years and above,Rural,Male,4.9
India,Andhra Pradesh,"PLFS Year (Jul - Jun), 2018",15 years and above,Rural,Female,3.9
India,Andhra Pradesh,"PLFS Year (Jul - Jun), 2018",15 years and above,Rural,Person,4.5
India,Andhra Pradesh,"PLFS Year (Jul - Jun), 2018",15 years and above,Urban,Male,6.2
India,Andhra Pradesh,"PLFS Year (Jul - Jun), 2018",15 years and above,Urban,Female,10.3
India,Andhra Pradesh,"PLFS Year (Jul - Jun), 2018",15 years and above,Urban,Person,7.3
India,Andhra Pradesh,"PLFS Year (Jul - Jun), 2018",15 years and above,Rural+Urban,Male,5.3
India,Andhra Pradesh,"PLFS Year (Jul - Jun), 2018",15 years and above,Rural+Urban,Female,5.3
India,Andhra Pradesh,"PLFS Year (Jul - Jun), 2018",15 years and above,Rural+Urban,Person,5.3
India,Andhra Pradesh,"PLFS Year (Jul - Jun), 2018",all ages,Rural,Male,4.9
India,Andhra Pradesh,"PLFS Year (Jul - Jun), 2018",all ages,Rural,Female,3.9
India,Andhra Pradesh,"PLFS Year (Jul - Jun), 2018",all ages,Rural,Person,4.5
India,Andhra Pradesh,"PLFS Year (Jul - Jun), 2018",all ages,Urban,Male,6.2
India,Andhra Pradesh,"PLFS Year (Jul - Jun), 2018",all ages,Urban,Female,10.2
India,Andhra Pradesh,"PLFS Year (Jul - Jun), 2018",all ages,Urban,Person,7.3
India,Andhra Pradesh,"PLFS Year (Jul - Jun), 2018",all ages,Rural+Urban,Male,5.3
India,Andhra Pradesh,"PLFS Year (Jul - Jun), 2018",all ages,Rural+Urban,Female,5.3
India,Andhra Pradesh,"PLFS Year (Jul - Jun), 2018",all ages,Rural+Urban,Person,5.3
India,Arunachal Pradesh,"PLFS Year (Jul - Jun), 2018",15-29,Rural,Male,28.9
India,Arunachal Pradesh,"PLFS Year (Jul - Jun), 2018",15-29,Rural,Female,38.1
India,Arunachal Pradesh,"PLFS Year (Jul - Jun), 2018",15-29,Rural,Person,31.1
India,Arunachal Pradesh,"PLFS Year (Jul - Jun), 2018",15-29,Urban,Male,33.3
India,Arunachal Pradesh,"PLFS Year (Jul - Jun), 2018",15-29,Urban,Female,64.2
India,Arunachal Pradesh,"PLFS Year (Jul - Jun), 2018",15-29,Urban,Person,43.5
India,Arunachal Pradesh,"PLFS Year (Jul - Jun), 2018",15-29,Rural+Urban,Male,29.5
India,Arunachal Pradesh,"PLFS Year (Jul - Jun), 2018",15-29,Rural+Urban,Female,43.5
India,Arunachal Pradesh,"PLFS Year (Jul - Jun), 2018",15-29,Rural+Urban,Person,33.1
India,Arunachal Pradesh,"PLFS Year (Jul - Jun), 2018",15-59,Rural,Male,6.0
India,Arunachal Pradesh,"PLFS Year (Jul - Jun), 2018",15-59,Rural,Female,12.3
India,Arunachal Pradesh,"PLFS Year (Jul - Jun), 2018",15-59,Rural,Person,7.1
India,Arunachal Pradesh,"PLFS Year (Jul - Jun), 2018",15-59,Urban,Male,7.6
India,Arunachal Pradesh,"PLFS Year (Jul - Jun), 2018",15-59,Urban,Female,28.9
India,Arunachal Pradesh,"PLFS Year (Jul - Jun), 2018",15-59,Urban,Person,11.3
India,Arunachal Pradesh,"PLFS Year (Jul - Jun), 2018",15-59,Rural+Urban,Male,6.2
India,Arunachal Pradesh,"PLFS Year (Jul - Jun), 2018",15-59,Rural+Urban,Female,14.9
India,Arunachal Pradesh,"PLFS Year (Jul - Jun), 2018",15-59,Rural+Urban,Person,7.7
India,Arunachal Pradesh,"PLFS Year (Jul - Jun), 2018",15 years and above,Rural,Male,6.1
India,Arunachal Pradesh,"PLFS Year (Jul - Jun), 2018",15 years and above,Rural,Female,12.2
India,Arunachal Pradesh,"PLFS Year (Jul - Jun), 2018",15 years and above,Rural,Person,7.1
India,Arunachal Pradesh,"PLFS Year (Jul - Jun), 2018",15 years and above,Urban,Male,7.4
India,Arunachal Pradesh,"PLFS Year (Jul - Jun), 2018",15 years and above,Urban,Female,28.4
India,Arunachal Pradesh,"PLFS Year (Jul - Jun), 2018",15 years and above,Urban,Person,11.0
India,Arunachal Pradesh,"PLFS Year (Jul - Jun), 2018",15 years and above,Rural+Urban,Male,6.3
India,Arunachal Pradesh,"PLFS Year (Jul - Jun), 2018",15 years and above,Rural+Urban,Female,14.8
India,Arunachal Pradesh,"PLFS Year (Jul - Jun), 2018",15 years and above,Rural+Urban,Person,7.7
India,Arunachal Pradesh,"PLFS Year (Jul - Jun), 2018",all ages,Rural,Male,6.1
India,Arunachal Pradesh,"PLFS Year (Jul - Jun), 2018",all ages,Rural,Female,12.7
India,Arunachal Pradesh,"PLFS Year (Jul - Jun), 2018",all ages,Rural,Person,7.3
India,Arunachal Pradesh,"PLFS Year (Jul - Jun), 2018",all ages,Urban,Male,7.4
India,Arunachal Pradesh,"PLFS Year (Jul - Jun), 2018",all ages,Urban,Female,29.0
India,Arunachal Pradesh,"PLFS Year (Jul - Jun), 2018",all ages,Urban,Person,11.1
India,Arunachal Pradesh,"PLFS Year (Jul - Jun), 2018",all ages,Rural+Urban,Male,6.3
India,Arunachal Pradesh,"PLFS Year (Jul - Jun), 2018",all ages,Rural+Urban,Female,15.3
India,Arunachal Pradesh,"PLFS Year (Jul - Jun), 2018",all ages,Rural+Urban,Person,7.9
India,Assam,"PLFS Year (Jul - Jun), 2018",15-29,Rural,Male,22.6
India,Assam,"PLFS Year (Jul - Jun), 2018",15-29,Rural,Female,21.4
India,Assam,"PLFS Year (Jul - Jun), 2018",15-29,Rural,Person,22.5
India,Assam,"PLFS Year (Jul - Jun), 2018",15-29,Urban,Male,29.2
India,Assam,"PLFS Year (Jul - Jun), 2018",15-29,Urban,Female,42.5
India,Assam,"PLFS Year (Jul - Jun), 2018",15-29,Urban,Person,31.8
India,Assam,"PLFS Year (Jul - Jun), 2018",15-29,Rural+Urban,Male,23.3
India,Assam,"PLFS Year (Jul - Jun), 2018",15-29,Rural+Urban,Female,24.9
India,Assam,"PLFS Year (Jul - Jun), 2018",15-29,Rural+Urban,Person,23.5
India,Assam,"PLFS Year (Jul - Jun), 2018",15-59,Rural,Male,6.5
India,Assam,"PLFS Year (Jul - Jun), 2018",15-59,Rural,Female,7.2
India,Assam,"PLFS Year (Jul - Jun), 2018",15-59,Rural,Person,6.6
India,Assam,"PLFS Year (Jul - Jun), 2018",15-59,Urban,Male,10.3
India,Assam,"PLFS Year (Jul - Jun), 2018",15-59,Urban,Female,15.6
India,Assam,"PLFS Year (Jul - Jun), 2018",15-59,Urban,Person,11.1
India,Assam,"PLFS Year (Jul - Jun), 2018",15-59,Rural+Urban,Male,6.9
India,Assam,"PLFS Year (Jul - Jun), 2018",15-59,Rural+Urban,Female,8.2
India,Assam,"PLFS Year (Jul - Jun), 2018",15-59,Rural+Urban,Person,7.1
India,Assam,"PLFS Year (Jul - Jun), 2018",15 years and above,Rural,Male,6.2
India,Assam,"PLFS Year (Jul - Jun), 2018",15 years and above,Rural,Female,6.8
India,Assam,"PLFS Year (Jul - Jun), 2018",15 years and above,Rural,Person,6.3
India,Assam,"PLFS Year (Jul - Jun), 2018",15 years and above,Urban,Male,9.9
India,Assam,"PLFS Year (Jul - Jun), 2018",15 years and above,Urban,Female,15.5
India,Assam,"PLFS Year (Jul - Jun), 2018",15 years and above,Urban,Person,10.7
India,Assam,"PLFS Year (Jul - Jun), 2018",15 years and above,Rural+Urban,Male,6.5
India,Assam,"PLFS Year (Jul - Jun), 2018",15 years and above,Rural+Urban,Female,7.8
India,Assam,"PLFS Year (Jul - Jun), 2018",15 years and above,Rural+Urban,Person,6.7
India,Assam,"PLFS Year (Jul - Jun), 2018",all ages,Rural,Male,6.2
India,Assam,"PLFS Year (Jul - Jun), 2018",all ages,Rural,Female,6.8
India,Assam,"PLFS Year (Jul - Jun), 2018",all ages,Rural,Person,6.3
India,Assam,"PLFS Year (Jul - Jun), 2018",all ages,Urban,Male,9.9
India,Assam,"PLFS Year (Jul - Jun), 2018",all ages,Urban,Female,15.5
India,Assam,"PLFS Year (Jul - Jun), 2018",all ages,Urban,Person,10.7
India,Assam,"PLFS Year (Jul - Jun), 2018",all ages,Rural+Urban,Male,6.5
India,Assam,"PLFS Year (Jul - Jun), 2018",all ages,Rural+Urban,Female,7.8
India,Assam,"PLFS Year (Jul - Jun), 2018",all ages,Rural+Urban,Person,6.7
India,Bihar,"PLFS Year (Jul - Jun), 2018",15-29,Rural,Male,31.3
India,Bihar,"PLFS Year (Jul - Jun), 2018",15-29,Rural,Female,10.5
India,Bihar,"PLFS Year (Jul - Jun), 2018",15-29,Rural,Person,30.8
India,Bihar,"PLFS Year (Jul - Jun), 2018",15-29,Urban,Male,30.3
India,Bihar,"PLFS Year (Jul - Jun), 2018",15-29,Urban,Female,47.2
India,Bihar,"PLFS Year (Jul - Jun), 2018",15-29,Urban,Person,31.5
India,Bihar,"PLFS Year (Jul - Jun), 2018",15-29,Rural+Urban,Male,31.2
India,Bihar,"PLFS Year (Jul - Jun), 2018",15-29,Rural+Urban,Female,19.1
India,Bihar,"PLFS Year (Jul - Jun), 2018",15-29,Rural+Urban,Person,30.9
India,Bihar,"PLFS Year (Jul - Jun), 2018",15-59,Rural,Male,11.1
India,Bihar,"PLFS Year (Jul - Jun), 2018",15-59,Rural,Female,1.4
India,Bihar,"PLFS Year (Jul - Jun), 2018",15-59,Rural,Person,10.6
India,Bihar,"PLFS Year (Jul - Jun), 2018",15-59,Urban,Male,11.0
India,Bihar,"PLFS Year (Jul - Jun), 2018",15-59,Urban,Female,12.3
India,Bihar,"PLFS Year (Jul - Jun), 2018",15-59,Urban,Person,11.1
India,Bihar,"PLFS Year (Jul - Jun), 2018",15-59,Rural+Urban,Male,11.0
India,Bihar,"PLFS Year (Jul - Jun), 2018",15-59,Rural+Urban,Female,3.1
India,Bihar,"PLFS Year (Jul - Jun), 2018",15-59,Rural+Urban,Person,10.6
India,Bihar,"PLFS Year (Jul - Jun), 2018",15 years and above,Rural,Male,10.2
India,Bihar,"PLFS Year (Jul - Jun), 2018",15 years and above,Rural,Female,1.4
India,Bihar,"PLFS Year (Jul - Jun), 2018",15 years and above,Rural,Person,9.8
India,Bihar,"PLFS Year (Jul - Jun), 2018",15 years and above,Urban,Male,10.3
India,Bihar,"PLFS Year (Jul - Jun), 2018",15 years and above,Urban,Female,11.9
India,Bihar,"PLFS Year (Jul - Jun), 2018",15 years and above,Urban,Person,10.4
India,Bihar,"PLFS Year (Jul - Jun), 2018",15 years and above,Rural+Urban,Male,10.2
India,Bihar,"PLFS Year (Jul - Jun), 2018",15 years and above,Rural+Urban,Female,3.0
India,Bihar,"PLFS Year (Jul - Jun), 2018",15 years and above,Rural+Urban,Person,9.8
India,Bihar,"PLFS Year (Jul - Jun), 2018",all ages,Rural,Male,10.6
India,Bihar,"PLFS Year (Jul - Jun), 2018",all ages,Rural,Female,1.7
India,Bihar,"PLFS Year (Jul - Jun), 2018",all ages,Rural,Person,10.2
India,Bihar,"PLFS Year (Jul - Jun), 2018",all ages,Urban,Male,10.4
India,Bihar,"PLFS Year (Jul - Jun), 2018",all ages,Urban,Female,12.3
India,Bihar,"PLFS Year (Jul - Jun), 2018",all ages,Urban,Person,10.5
India,Bihar,"PLFS Year (Jul - Jun), 2018",all ages,Rural+Urban,Male,10.6
India,Bihar,"PLFS Year (Jul - Jun), 2018",all ages,Rural+Urban,Female,3.3
India,Bihar,"PLFS Year (Jul - Jun), 2018",all ages,Rural+Urban,Person,10.2
India,Chandigarh,"PLFS Year (Jul - Jun), 2018",15-29,Rural,Male,0.0
India,Chandigarh,"PLFS Year (Jul - Jun), 2018",15-29,Rural,Female,15.5
India,Chandigarh,"PLFS Year (Jul - Jun), 2018",15-29,Rural,Person,3.4
India,Chandigarh,"PLFS Year (Jul - Jun), 2018",15-29,Urban,Male,19.6
India,Chandigarh,"PLFS Year (Jul - Jun), 2018",15-29,Urban,Female,19.0
India,Chandigarh,"PLFS Year (Jul - Jun), 2018",15-29,Urban,Person,19.5
India,Chandigarh,"PLFS Year (Jul - Jun), 2018",15-29,Rural+Urban,Male,18.1
India,Chandigarh,"PLFS Year (Jul - Jun), 2018",15-29,Rural+Urban,Female,18.8
India,Chandigarh,"PLFS Year (Jul - Jun), 2018",15-29,Rural+Urban,Person,18.2
India,Chandigarh,"PLFS Year (Jul - Jun), 2018",15-59,Rural,Male,0.0
India,Chandigarh,"PLFS Year (Jul - Jun), 2018",15-59,Rural,Female,9.6
India,Chandigarh,"PLFS Year (Jul - Jun), 2018",15-59,Rural,Person,1.7
India,Chandigarh,"PLFS Year (Jul - Jun), 2018",15-59,Urban,Male,7.5
India,Chandigarh,"PLFS Year (Jul - Jun), 2018",15-59,Urban,Female,10.0
India,Chandigarh,"PLFS Year (Jul - Jun), 2018",15-59,Urban,Person,8.1
India,Chandigarh,"PLFS Year (Jul - Jun), 2018",15-59,Rural+Urban,Male,7.1
India,Chandigarh,"PLFS Year (Jul - Jun), 2018",15-59,Rural+Urban,Female,10.0
India,Chandigarh,"PLFS Year (Jul - Jun), 2018",15-59,Rural+Urban,Person,7.8
India,Chandigarh,"PLFS Year (Jul - Jun), 2018",15 years and above,Rural,Male,0.0
India,Chandigarh,"PLFS Year (Jul - Jun), 2018",15 years and above,Rural,Female,9.4
India,Chandigarh,"PLFS Year (Jul - Jun), 2018",15 years and above,Rural,Person,1.6
India,Chandigarh,"PLFS Year (Jul - Jun), 2018",15 years and above,Urban,Male,6.9
India,Chandigarh,"PLFS Year (Jul - Jun), 2018",15 years and above,Urban,Female,9.7
India,Chandigarh,"PLFS Year (Jul - Jun), 2018",15 years and above,Urban,Person,7.6
India,Chandigarh,"PLFS Year (Jul - Jun), 2018",15 years and above,Rural+Urban,Male,6.6
India,Chandigarh,"PLFS Year (Jul - Jun), 2018",15 years and above,Rural+Urban,Female,9.7
India,Chandigarh,"PLFS Year (Jul - Jun), 2018",15 years and above,Rural+Urban,Person,7.3
India,Chandigarh,"PLFS Year (Jul - Jun), 2018",all ages,Rural,Male,0.0
India,Chandigarh,"PLFS Year (Jul - Jun), 2018",all ages,Rural,Female,9.1
India,Chandigarh,"PLFS Year (Jul - Jun), 2018",all ages,Rural,Person,1.6
India,Chandigarh,"PLFS Year (Jul - Jun), 2018",all ages,Urban,Male,7.7
India,Chandigarh,"PLFS Year (Jul - Jun), 2018",all ages,Urban,Female,9.7
India,Chandigarh,"PLFS Year (Jul - Jun), 2018",all ages,Urban,Person,8.2
India,Chandigarh,"PLFS Year (Jul - Jun), 2018",all ages,Rural+Urban,Male,7.3
India,Chandigarh,"PLFS Year (Jul - Jun), 2018",all ages,Rural+Urban,Female,9.7
India,Chandigarh,"PLFS Year (Jul - Jun), 2018",all ages,Rural+Urban,Person,7.9
India,Chhattisgarh,"PLFS Year (Jul - Jun), 2018",15-29,Rural,Male,9.9
India,Chhattisgarh,"PLFS Year (Jul - Jun), 2018",15-29,Rural,Female,3.0
India,Chhattisgarh,"PLFS Year (Jul - Jun), 2018",15-29,Rural,Person,7.3
India,Chhattisgarh,"PLFS Year (Jul - Jun), 2018",15-29,Urban,Male,14.9
India,Chhattisgarh,"PLFS Year (Jul - Jun), 2018",15-29,Urban,Female,21.1
India,Chhattisgarh,"PLFS Year (Jul - Jun), 2018",15-29,Urban,Person,16.7
India,Chhattisgarh,"PLFS Year (Jul - Jun), 2018",15-29,Rural+Urban,Male,10.9
India,Chhattisgarh,"PLFS Year (Jul - Jun), 2018",15-29,Rural+Urban,Female,5.6
India,Chhattisgarh,"PLFS Year (Jul - Jun), 2018",15-29,Rural+Urban,Person,9.0
India,Chhattisgarh,"PLFS Year (Jul - Jun), 2018",15-59,Rural,Male,2.7
India,Chhattisgarh,"PLFS Year (Jul - Jun), 2018",15-59,Rural,Female,0.8
India,Chhattisgarh,"PLFS Year (Jul - Jun), 2018",15-59,Rural,Person,1.9
India,Chhattisgarh,"PLFS Year (Jul - Jun), 2018",15-59,Urban,Male,4.9
India,Chhattisgarh,"PLFS Year (Jul - Jun), 2018",15-59,Urban,Female,7.8
India,Chhattisgarh,"PLFS Year (Jul - Jun), 2018",15-59,Urban,Person,5.7
India,Chhattisgarh,"PLFS Year (Jul - Jun), 2018",15-59,Rural+Urban,Male,3.1
India,Chhattisgarh,"PLFS Year (Jul - Jun), 2018",15-59,Rural+Urban,Female,1.6
India,Chhattisgarh,"PLFS Year (Jul - Jun), 2018",15-59,Rural+Urban,Person,2.6
India,Chhattisgarh,"PLFS Year (Jul - Jun), 2018",15 years and above,Rural,Male,2.6
India,Chhattisgarh,"PLFS Year (Jul - Jun), 2018",15 years and above,Rural,Female,0.7
India,Chhattisgarh,"PLFS Year (Jul - Jun), 2018",15 years and above,Rural,Person,1.8
India,Chhattisgarh,"PLFS Year (Jul - Jun), 2018",15 years and above,Urban,Male,4.6
India,Chhattisgarh,"PLFS Year (Jul - Jun), 2018",15 years and above,Urban,Female,7.4
India,Chhattisgarh,"PLFS Year (Jul - Jun), 2018",15 years and above,Urban,Person,5.4
India,Chhattisgarh,"PLFS Year (Jul - Jun), 2018",15 years and above,Rural+Urban,Male,3.0
India,Chhattisgarh,"PLFS Year (Jul - Jun), 2018",15 years and above,Rural+Urban,Female,1.5
India,Chhattisgarh,"PLFS Year (Jul - Jun), 2018",15 years and above,Rural+Urban,Person,2.4
India,Chhattisgarh,"PLFS Year (Jul - Jun), 2018",all ages,Rural,Male,2.6
India,Chhattisgarh,"PLFS Year (Jul - Jun), 2018",all ages,Rural,Female,0.7
India,Chhattisgarh,"PLFS Year (Jul - Jun), 2018",all ages,Rural,Person,1.8
India,Chhattisgarh,"PLFS Year (Jul - Jun), 2018",all ages,Urban,Male,4.6
India,Chhattisgarh,"PLFS Year (Jul - Jun), 2018",all ages,Urban,Female,7.8
India,Chhattisgarh,"PLFS Year (Jul - Jun), 2018",all ages,Urban,Person,5.5
India,Chhattisgarh,"PLFS Year (Jul - Jun), 2018",all ages,Rural+Urban,Male,3.0
India,Chhattisgarh,"PLFS Year (Jul - Jun), 2018",all ages,Rural+Urban,Female,1.6
India,Chhattisgarh,"PLFS Year (Jul - Jun), 2018",all ages,Rural+Urban,Person,2.4
India,Delhi,"PLFS Year (Jul - Jun), 2018",15-29,Rural,Male,1.5
India,Delhi,"PLFS Year (Jul - Jun), 2018",15-29,Rural,Female,0.0
India,Delhi,"PLFS Year (Jul - Jun), 2018",15-29,Rural,Person,1.0
India,Delhi,"PLFS Year (Jul - Jun), 2018",15-29,Urban,Male,22.6
India,Delhi,"PLFS Year (Jul - Jun), 2018",15-29,Urban,Female,28.8
India,Delhi,"PLFS Year (Jul - Jun), 2018",15-29,Urban,Person,23.5
India,Delhi,"PLFS Year (Jul - Jun), 2018",15-29,Rural+Urban,Male,21.9
India,Delhi,"PLFS Year (Jul - Jun), 2018",15-29,Rural+Urban,Female,26.3
India,Delhi,"PLFS Year (Jul - Jun), 2018",15-29,Rural+Urban,Person,22.5
India,Delhi,"PLFS Year (Jul - Jun), 2018",15-59,Rural,Male,0.6
India,Delhi,"PLFS Year (Jul - Jun), 2018",15-59,Rural,Female,0.0
India,Delhi,"PLFS Year (Jul - Jun), 2018",15-59,Rural,Person,0.5
India,Delhi,"PLFS Year (Jul - Jun), 2018",15-59,Urban,Male,11.2
India,Delhi,"PLFS Year (Jul - Jun), 2018",15-59,Urban,Female,10.1
India,Delhi,"PLFS Year (Jul - Jun), 2018",15-59,Urban,Person,11.1
India,Delhi,"PLFS Year (Jul - Jun), 2018",15-59,Rural+Urban,Male,10.9
India,Delhi,"PLFS Year (Jul - Jun), 2018",15-59,Rural+Urban,Female,9.8
India,Delhi,"PLFS Year (Jul - Jun), 2018",15-59,Rural+Urban,Person,10.7
India,Delhi,"PLFS Year (Jul - Jun), 2018",15 years and above,Rural,Male,0.6
India,Delhi,"PLFS Year (Jul - Jun), 2018",15 years and above,Rural,Female,0.0
India,Delhi,"PLFS Year (Jul - Jun), 2018",15 years and above,Rural,Person,0.5
India,Delhi,"PLFS Year (Jul - Jun), 2018",15 years and above,Urban,Male,10.9
India,Delhi,"PLFS Year (Jul - Jun), 2018",15 years and above,Urban,Female,9.9
India,Delhi,"PLFS Year (Jul - Jun), 2018",15 years and above,Urban,Person,10.8
India,Delhi,"PLFS Year (Jul - Jun), 2018",15 years and above,Rural+Urban,Male,10.6
India,Delhi,"PLFS Year (Jul - Jun), 2018",15 years and above,Rural+Urban,Female,9.6
India,Delhi,"PLFS Year (Jul - Jun), 2018",15 years and above,Rural+Urban,Person,10.4
India,Delhi,"PLFS Year (Jul - Jun), 2018",all ages,Rural,Male,0.6
India,Delhi,"PLFS Year (Jul - Jun), 2018",all ages,Rural,Female,0.0
India,Delhi,"PLFS Year (Jul - Jun), 2018",all ages,Rural,Person,0.5
India,Delhi,"PLFS Year (Jul - Jun), 2018",all ages,Urban,Male,10.9
India,Delhi,"PLFS Year (Jul - Jun), 2018",all ages,Urban,Female,9.9
India,Delhi,"PLFS Year (Jul - Jun), 2018",all ages,Urban,Person,10.8
India,Delhi,"PLFS Year (Jul - Jun), 2018",all ages,Rural+Urban,Male,10.6
India,Delhi,"PLFS Year (Jul - Jun), 2018",all ages,Rural+Urban,Female,9.6
India,Delhi,"PLFS Year (Jul - Jun), 2018",all ages,Rural+Urban,Person,10.4
India,Goa,"PLFS Year (Jul - Jun), 2018",15-29,Rural,Male,8.3
India,Goa,"PLFS Year (Jul - Jun), 2018",15-29,Rural,Female,30.6
India,Goa,"PLFS Year (Jul - Jun), 2018",15-29,Rural,Person,20.0
India,Goa,"PLFS Year (Jul - Jun), 2018",15-29,Urban,Male,23.4
India,Goa,"PLFS Year (Jul - Jun), 2018",15-29,Urban,Female,32.7
India,Goa,"PLFS Year (Jul - Jun), 2018",15-29,Urban,Person,26.3
India,Goa,"PLFS Year (Jul - Jun), 2018",15-29,Rural+Urban,Male,19.5
India,Goa,"PLFS Year (Jul - Jun), 2018",15-29,Rural+Urban,Female,31.7
India,Goa,"PLFS Year (Jul - Jun), 2018",15-29,Rural+Urban,Person,24.2
India,Goa,"PLFS Year (Jul - Jun), 2018",15-59,Rural,Male,2.5
India,Goa,"PLFS Year (Jul - Jun), 2018",15-59,Rural,Female,19.9
India,Goa,"PLFS Year (Jul - Jun), 2018",15-59,Rural,Person,8.3
India,Goa,"PLFS Year (Jul - Jun), 2018",15-59,Urban,Male,7.5
India,Goa,"PLFS Year (Jul - Jun), 2018",15-59,Urban,Female,15.8
India,Goa,"PLFS Year (Jul - Jun), 2018",15-59,Urban,Person,10.0
India,Goa,"PLFS Year (Jul - Jun), 2018",15-59,Rural+Urban,Male,5.8
India,Goa,"PLFS Year (Jul - Jun), 2018",15-59,Rural+Urban,Female,17.4
India,Goa,"PLFS Year (Jul - Jun), 2018",15-59,Rural+Urban,Person,9.4
India,Goa,"PLFS Year (Jul - Jun), 2018",15 years and above,Rural,Male,2.4
India,Goa,"PLFS Year (Jul - Jun), 2018",15 years and above,Rural,Female,19.7
India,Goa,"PLFS Year (Jul - Jun), 2018",15 years and above,Rural,Person,8.0
India,Goa,"PLFS Year (Jul - Jun), 2018",15 years and above,Urban,Male,6.9
India,Goa,"PLFS Year (Jul - Jun), 2018",15 years and above,Urban,Female,14.4
India,Goa,"PLFS Year (Jul - Jun), 2018",15 years and above,Urban,Person,9.1
India,Goa,"PLFS Year (Jul - Jun), 2018",15 years and above,Rural+Urban,Male,5.3
India,Goa,"PLFS Year (Jul - Jun), 2018",15 years and above,Rural+Urban,Female,16.4
India,Goa,"PLFS Year (Jul - Jun), 2018",15 years and above,Rural+Urban,Person,8.7
India,Goa,"PLFS Year (Jul - Jun), 2018",all ages,Rural,Male,2.4
India,Goa,"PLFS Year (Jul - Jun), 2018",all ages,Rural,Female,19.7
India,Goa,"PLFS Year (Jul - Jun), 2018",all ages,Rural,Person,8.0
India,Goa,"PLFS Year (Jul - Jun), 2018",all ages,Urban,Male,6.9
India,Goa,"PLFS Year (Jul - Jun), 2018",all ages,Urban,Female,14.4
India,Goa,"PLFS Year (Jul - Jun), 2018",all ages,Urban,Person,9.1
India,Goa,"PLFS Year (Jul - Jun), 2018",all ages,Rural+Urban,Male,5.3
India,Goa,"PLFS Year (Jul - Jun), 2018",all ages,Rural+Urban,Female,16.4
India,Goa,"PLFS Year (Jul - Jun), 2018",all ages,Rural+Urban,Person,8.7
India,Gujarat,"PLFS Year (Jul - Jun), 2018",15-29,Rural,Male,9.7
India,Gujarat,"PLFS Year (Jul - Jun), 2018",15-29,Rural,Female,7.1
India,Gujarat,"PLFS Year (Jul - Jun), 2018",15-29,Rural,Person,9.2
India,Gujarat,"PLFS Year (Jul - Jun), 2018",15-29,Urban,Male,7.6
India,Gujarat,"PLFS Year (Jul - Jun), 2018",15-29,Urban,Female,6.3
India,Gujarat,"PLFS Year (Jul - Jun), 2018",15-29,Urban,Person,7.4
India,Gujarat,"PLFS Year (Jul - Jun), 2018",15-29,Rural+Urban,Male,8.8
India,Gujarat,"PLFS Year (Jul - Jun), 2018",15-29,Rural+Urban,Female,6.8
India,Gujarat,"PLFS Year (Jul - Jun), 2018",15-29,Rural+Urban,Person,8.4
India,Gujarat,"PLFS Year (Jul - Jun), 2018",15-59,Rural,Male,3.9
India,Gujarat,"PLFS Year (Jul - Jun), 2018",15-59,Rural,Female,1.9
India,Gujarat,"PLFS Year (Jul - Jun), 2018",15-59,Rural,Person,3.5
India,Gujarat,"PLFS Year (Jul - Jun), 2018",15-59,Urban,Male,3.5
India,Gujarat,"PLFS Year (Jul - Jun), 2018",15-59,Urban,Female,2.6
India,Gujarat,"PLFS Year (Jul - Jun), 2018",15-59,Urban,Person,3.4
India,Gujarat,"PLFS Year (Jul - Jun), 2018",15-59,Rural+Urban,Male,3.7
India,Gujarat,"PLFS Year (Jul - Jun), 2018",15-59,Rural+Urban,Female,2.1
India,Gujarat,"PLFS Year (Jul - Jun), 2018",15-59,Rural+Urban,Person,3.4
India,Gujarat,"PLFS Year (Jul - Jun), 2018",15 years and above,Rural,Male,3.6
India,Gujarat,"PLFS Year (Jul - Jun), 2018",15 years and above,Rural,Female,1.8
India,Gujarat,"PLFS Year (Jul - Jun), 2018",15 years and above,Rural,Person,3.2
India,Gujarat,"PLFS Year (Jul - Jun), 2018",15 years and above,Urban,Male,3.4
India,Gujarat,"PLFS Year (Jul - Jun), 2018",15 years and above,Urban,Female,2.5
India,Gujarat,"PLFS Year (Jul - Jun), 2018",15 years and above,Urban,Person,3.2
India,Gujarat,"PLFS Year (Jul - Jun), 2018",15 years and above,Rural+Urban,Male,3.5
India,Gujarat,"PLFS Year (Jul - Jun), 2018",15 years and above,Rural+Urban,Female,2.0
India,Gujarat,"PLFS Year (Jul - Jun), 2018",15 years and above,Rural+Urban,Person,3.2
India,Gujarat,"PLFS Year (Jul - Jun), 2018",all ages,Rural,Male,3.8
India,Gujarat,"PLFS Year (Jul - Jun), 2018",all ages,Rural,Female,1.8
India,Gujarat,"PLFS Year (Jul - Jun), 2018",all ages,Rural,Person,3.3
India,Gujarat,"PLFS Year (Jul - Jun), 2018",all ages,Urban,Male,3.4
India,Gujarat,"PLFS Year (Jul - Jun), 2018",all ages,Urban,Female,2.5
India,Gujarat,"PLFS Year (Jul - Jun), 2018",all ages,Urban,Person,3.2
India,Gujarat,"PLFS Year (Jul - Jun), 2018",all ages,Rural+Urban,Male,3.6
India,Gujarat,"PLFS Year (Jul - Jun), 2018",all ages,Rural+Urban,Female,2.0
India,Gujarat,"PLFS Year (Jul - Jun), 2018",all ages,Rural+Urban,Person,3.3
India,Haryana,"PLFS Year (Jul - Jun), 2018",15-29,Rural,Male,25.3
India,Haryana,"PLFS Year (Jul - Jun), 2018",15-29,Rural,Female,22.9
India,Haryana,"PLFS Year (Jul - Jun), 2018",15-29,Rural,Person,25.1
India,Haryana,"PLFS Year (Jul - Jun), 2018",15-29,Urban,Male,15.9
India,Haryana,"PLFS Year (Jul - Jun), 2018",15-29,Urban,Female,19.4
India,Haryana,"PLFS Year (Jul - Jun), 2018",15-29,Urban,Person,16.5
India,Haryana,"PLFS Year (Jul - Jun), 2018",15-29,Rural+Urban,Male,22.2
India,Haryana,"PLFS Year (Jul - Jun), 2018",15-29,Rural+Urban,Female,21.2
India,Haryana,"PLFS Year (Jul - Jun), 2018",15-29,Rural+Urban,Person,22.1
India,Haryana,"PLFS Year (Jul - Jun), 2018",15-59,Rural,Male,10.7
India,Haryana,"PLFS Year (Jul - Jun), 2018",15-59,Rural,Female,7.3
India,Haryana,"PLFS Year (Jul - Jun), 2018",15-59,Rural,Person,10.2
India,Haryana,"PLFS Year (Jul - Jun), 2018",15-59,Urban,Male,9.0
India,Haryana,"PLFS Year (Jul - Jun), 2018",15-59,Urban,Female,9.0
India,Haryana,"PLFS Year (Jul - Jun), 2018",15-59,Urban,Person,9.0
India,Haryana,"PLFS Year (Jul - Jun), 2018",15-59,Rural+Urban,Male,10.1
India,Haryana,"PLFS Year (Jul - Jun), 2018",15-59,Rural+Urban,Female,8.0
India,Haryana,"PLFS Year (Jul - Jun), 2018",15-59,Rural+Urban,Person,9.8
India,Haryana,"PLFS Year (Jul - Jun), 2018",15 years and above,Rural,Male,10.0
India,Haryana,"PLFS Year (Jul - Jun), 2018",15 years and above,Rural,Female,6.7
India,Haryana,"PLFS Year (Jul - Jun), 2018",15 years and above,Rural,Person,9.6
India,Haryana,"PLFS Year (Jul - Jun), 2018",15 years and above,Urban,Male,8.7
India,Haryana,"PLFS Year (Jul - Jun), 2018",15 years and above,Urban,Female,8.9
India,Haryana,"PLFS Year (Jul - Jun), 2018",15 years and above,Urban,Person,8.7
India,Haryana,"PLFS Year (Jul - Jun), 2018",15 years and above,Rural+Urban,Male,9.6
India,Haryana,"PLFS Year (Jul - Jun), 2018",15 years and above,Rural+Urban,Female,7.6
India,Haryana,"PLFS Year (Jul - Jun), 2018",15 years and above,Rural+Urban,Person,9.3
India,Haryana,"PLFS Year (Jul - Jun), 2018",all ages,Rural,Male,10.0
India,Haryana,"PLFS Year (Jul - Jun), 2018",all ages,Rural,Female,6.7
India,Haryana,"PLFS Year (Jul - Jun), 2018",all ages,Rural,Person,9.5
India,Haryana,"PLFS Year (Jul - Jun), 2018",all ages,Urban,Male,8.6
India,Haryana,"PLFS Year (Jul - Jun), 2018",all ages,Urban,Female,8.9
India,Haryana,"PLFS Year (Jul - Jun), 2018",all ages,Urban,Person,8.7
India,Haryana,"PLFS Year (Jul - Jun), 2018",all ages,Rural+Urban,Male,9.6
India,Haryana,"PLFS Year (Jul - Jun), 2018",all ages,Rural+Urban,Female,7.6
India,Haryana,"PLFS Year (Jul - Jun), 2018",all ages,Rural+Urban,Person,9.2
India,Himachal Pradesh,"PLFS Year (Jul - Jun), 2018",15-29,Rural,Male,20.7
India,Himachal Pradesh,"PLFS Year (Jul - Jun), 2018",15-29,Rural,Female,15.9
India,Himachal Pradesh,"PLFS Year (Jul - Jun), 2018",15-29,Rural,Person,18.6
India,Himachal Pradesh,"PLFS Year (Jul - Jun), 2018",15-29,Urban,Male,15.2
India,Himachal Pradesh,"PLFS Year (Jul - Jun), 2018",15-29,Urban,Female,32.2
India,Himachal Pradesh,"PLFS Year (Jul - Jun), 2018",15-29,Urban,Person,19.6
India,Himachal Pradesh,"PLFS Year (Jul - Jun), 2018",15-29,Rural+Urban,Male,20.0
India,Himachal Pradesh,"PLFS Year (Jul - Jun), 2018",15-29,Rural+Urban,Female,17.0
India,Himachal Pradesh,"PLFS Year (Jul - Jun), 2018",15-29,Rural+Urban,Person,18.8
India,Himachal Pradesh,"PLFS Year (Jul - Jun), 2018",15-59,Rural,Male,6.1
India,Himachal Pradesh,"PLFS Year (Jul - Jun), 2018",15-59,Rural,Female,4.8
India,Himachal Pradesh,"PLFS Year (Jul - Jun), 2018",15-59,Rural,Person,5.5
India,Himachal Pradesh,"PLFS Year (Jul - Jun), 2018",15-59,Urban,Male,6.9
India,Himachal Pradesh,"PLFS Year (Jul - Jun), 2018",15-59,Urban,Female,15.7
India,Himachal Pradesh,"PLFS Year (Jul - Jun), 2018",15-59,Urban,Person,9.3
India,Himachal Pradesh,"PLFS Year (Jul - Jun), 2018",15-59,Rural+Urban,Male,6.2
India,Himachal Pradesh,"PLFS Year (Jul - Jun), 2018",15-59,Rural+Urban,Female,5.4
India,Himachal Pradesh,"PLFS Year (Jul - Jun), 2018",15-59,Rural+Urban,Person,5.8
India,Himachal Pradesh,"PLFS Year (Jul - Jun), 2018",15 years and above,Rural,Male,5.3
India,Himachal Pradesh,"PLFS Year (Jul - Jun), 2018",15 years and above,Rural,Female,4.3
India,Himachal Pradesh,"PLFS Year (Jul - Jun), 2018",15 years and above,Rural,Person,4.8
India,Himachal Pradesh,"PLFS Year (Jul - Jun), 2018",15 years and above,Urban,Male,6.5
India,Himachal Pradesh,"PLFS Year (Jul - Jun), 2018",15 years and above,Urban,Female,14.9
India,Himachal Pradesh,"PLFS Year (Jul - Jun), 2018",15 years and above,Urban,Person,8.8
India,Himachal Pradesh,"PLFS Year (Jul - Jun), 2018",15 years and above,Rural+Urban,Male,5.4
India,Himachal Pradesh,"PLFS Year (Jul - Jun), 2018",15 years and above,Rural+Urban,Female,4.8
India,Himachal Pradesh,"PLFS Year (Jul - Jun), 2018",15 years and above,Rural+Urban,Person,5.1
India,Himachal Pradesh,"PLFS Year (Jul - Jun), 2018",all ages,Rural,Male,5.3
India,Himachal Pradesh,"PLFS Year (Jul - Jun), 2018",all ages,Rural,Female,4.3
India,Himachal Pradesh,"PLFS Year (Jul - Jun), 2018",all ages,Rural,Person,4.8
India,Himachal Pradesh,"PLFS Year (Jul - Jun), 2018",all ages,Urban,Male,6.5
India,Himachal Pradesh,"PLFS Year (Jul - Jun), 2018",all ages,Urban,Female,14.9
India,Himachal Pradesh,"PLFS Year (Jul - Jun), 2018",all ages,Urban,Person,8.8
India,Himachal Pradesh,"PLFS Year (Jul - Jun), 2018",all ages,Rural+Urban,Male,5.4
India,Himachal Pradesh,"PLFS Year (Jul - Jun), 2018",all ages,Rural+Urban,Female,4.8
India,Himachal Pradesh,"PLFS Year (Jul - Jun), 2018",all ages,Rural+Urban,Person,5.2
India,Jammu and Kashmir,"PLFS Year (Jul - Jun), 2018",15-29,Rural,Male,8.2
India,Jammu and Kashmir,"PLFS Year (Jul - Jun), 2018",15-29,Rural,Female,15.2
India,Jammu and Kashmir,"PLFS Year (Jul - Jun), 2018",15-29,Rural,Person,10.4
India,Jammu and Kashmir,"PLFS Year (Jul - Jun), 2018",15-29,Urban,Male,20.8
India,Jammu and Kashmir,"PLFS Year (Jul - Jun), 2018",15-29,Urban,Female,50.2
India,Jammu and Kashmir,"PLFS Year (Jul - Jun), 2018",15-29,Urban,Person,29.7
India,Jammu and Kashmir,"PLFS Year (Jul - Jun), 2018",15-29,Rural+Urban,Male,10.4
India,Jammu and Kashmir,"PLFS Year (Jul - Jun), 2018",15-29,Rural+Urban,Female,21.0
India,Jammu and Kashmir,"PLFS Year (Jul - Jun), 2018",15-29,Rural+Urban,Person,13.8
India,Jammu and Kashmir,"PLFS Year (Jul - Jun), 2018",15-59,Rural,Male,3.3
India,Jammu and Kashmir,"PLFS Year (Jul - Jun), 2018",15-59,Rural,Female,6.5
India,Jammu and Kashmir,"PLFS Year (Jul - Jun), 2018",15-59,Rural,Person,4.3
India,Jammu and Kashmir,"PLFS Year (Jul - Jun), 2018",15-59,Urban,Male,6.0
India,Jammu and Kashmir,"PLFS Year (Jul - Jun), 2018",15-59,Urban,Female,27.7
India,Jammu and Kashmir,"PLFS Year (Jul - Jun), 2018",15-59,Urban,Person,10.8
India,Jammu and Kashmir,"PLFS Year (Jul - Jun), 2018",15-59,Rural+Urban,Male,3.8
India,Jammu and Kashmir,"PLFS Year (Jul - Jun), 2018",15-59,Rural+Urban,Female,9.4
India,Jammu and Kashmir,"PLFS Year (Jul - Jun), 2018",15-59,Rural+Urban,Person,5.6
India,Jammu and Kashmir,"PLFS Year (Jul - Jun), 2018",15 years and above,Rural,Male,2.9
India,Jammu and Kashmir,"PLFS Year (Jul - Jun), 2018",15 years and above,Rural,Female,6.2
India,Jammu and Kashmir,"PLFS Year (Jul - Jun), 2018",15 years and above,Rural,Person,4.0
India,Jammu and Kashmir,"PLFS Year (Jul - Jun), 2018",15 years and above,Urban,Male,5.6
India,Jammu and Kashmir,"PLFS Year (Jul - Jun), 2018",15 years and above,Urban,Female,27.0
India,Jammu and Kashmir,"PLFS Year (Jul - Jun), 2018",15 years and above,Urban,Person,10.1
India,Jammu and Kashmir,"PLFS Year (Jul - Jun), 2018",15 years and above,Rural+Urban,Male,3.5
India,Jammu and Kashmir,"PLFS Year (Jul - Jun), 2018",15 years and above,Rural+Urban,Female,8.9
India,Jammu and Kashmir,"PLFS Year (Jul - Jun), 2018",15 years and above,Rural+Urban,Person,5.1
India,Jammu and Kashmir,"PLFS Year (Jul - Jun), 2018",all ages,Rural,Male,2.9
India,Jammu and Kashmir,"PLFS Year (Jul - Jun), 2018",all ages,Rural,Female,6.0
India,Jammu and Kashmir,"PLFS Year (Jul - Jun), 2018",all ages,Rural,Person,3.9
India,Jammu and Kashmir,"PLFS Year (Jul - Jun), 2018",all ages,Urban,Male,5.6
India,Jammu and Kashmir,"PLFS Year (Jul - Jun), 2018",all ages,Urban,Female,27.2
India,Jammu and Kashmir,"PLFS Year (Jul - Jun), 2018",all ages,Urban,Person,10.1
India,Jammu and Kashmir,"PLFS Year (Jul - Jun), 2018",all ages,Rural+Urban,Male,3.5
India,Jammu and Kashmir,"PLFS Year (Jul - Jun), 2018",all ages,Rural+Urban,Female,8.8
India,Jammu and Kashmir,"PLFS Year (Jul - Jun), 2018",all ages,Rural+Urban,Person,5.1
India,Jharkhand,"PLFS Year (Jul - Jun), 2018",15-29,Rural,Male,15.1
India,Jharkhand,"PLFS Year (Jul - Jun), 2018",15-29,Rural,Female,1.9
India,Jharkhand,"PLFS Year (Jul - Jun), 2018",15-29,Rural,Person,11.9
India,Jharkhand,"PLFS Year (Jul - Jun), 2018",15-29,Urban,Male,22.0
India,Jharkhand,"PLFS Year (Jul - Jun), 2018",15-29,Urban,Female,28.0
India,Jharkhand,"PLFS Year (Jul - Jun), 2018",15-29,Urban,Person,22.8
India,Jharkhand,"PLFS Year (Jul - Jun), 2018",15-29,Rural+Urban,Male,16.6
India,Jharkhand,"PLFS Year (Jul - Jun), 2018",15-29,Rural+Urban,Female,5.1
India,Jharkhand,"PLFS Year (Jul - Jun), 2018",15-29,Rural+Urban,Person,14.0
India,Jharkhand,"PLFS Year (Jul - Jun), 2018",15-59,Rural,Male,6.1
India,Jharkhand,"PLFS Year (Jul - Jun), 2018",15-59,Rural,Female,0.6
India,Jharkhand,"PLFS Year (Jul - Jun), 2018",15-59,Rural,Person,4.7
India,Jharkhand,"PLFS Year (Jul - Jun), 2018",15-59,Urban,Male,9.0
India,Jharkhand,"PLFS Year (Jul - Jun), 2018",15-59,Urban,Female,8.7
India,Jharkhand,"PLFS Year (Jul - Jun), 2018",15-59,Urban,Person,9.0
India,Jharkhand,"PLFS Year (Jul - Jun), 2018",15-59,Rural+Urban,Male,6.7
India,Jharkhand,"PLFS Year (Jul - Jun), 2018",15-59,Rural+Urban,Female,1.7
India,Jharkhand,"PLFS Year (Jul - Jun), 2018",15-59,Rural+Urban,Person,5.5
India,Jharkhand,"PLFS Year (Jul - Jun), 2018",15 years and above,Rural,Male,5.5
India,Jharkhand,"PLFS Year (Jul - Jun), 2018",15 years and above,Rural,Female,0.6
India,Jharkhand,"PLFS Year (Jul - Jun), 2018",15 years and above,Rural,Person,4.3
India,Jharkhand,"PLFS Year (Jul - Jun), 2018",15 years and above,Urban,Male,8.7
India,Jharkhand,"PLFS Year (Jul - Jun), 2018",15 years and above,Urban,Female,8.4
India,Jharkhand,"PLFS Year (Jul - Jun), 2018",15 years and above,Urban,Person,8.7
India,Jharkhand,"PLFS Year (Jul - Jun), 2018",15 years and above,Rural+Urban,Male,6.2
India,Jharkhand,"PLFS Year (Jul - Jun), 2018",15 years and above,Rural+Urban,Female,1.6
India,Jharkhand,"PLFS Year (Jul - Jun), 2018",15 years and above,Rural+Urban,Person,5.2
India,Jharkhand,"PLFS Year (Jul - Jun), 2018",all ages,Rural,Male,5.8
India,Jharkhand,"PLFS Year (Jul - Jun), 2018",all ages,Rural,Female,0.6
India,Jharkhand,"PLFS Year (Jul - Jun), 2018",all ages,Rural,Person,4.5
India,Jharkhand,"PLFS Year (Jul - Jun), 2018",all ages,Urban,Male,8.7
India,Jharkhand,"PLFS Year (Jul - Jun), 2018",all ages,Urban,Female,8.4
India,Jharkhand,"PLFS Year (Jul - Jun), 2018",all ages,Urban,Person,8.7
India,Jharkhand,"PLFS Year (Jul - Jun), 2018",all ages,Rural+Urban,Male,6.4
India,Jharkhand,"PLFS Year (Jul - Jun), 2018",all ages,Rural+Urban,Female,1.6
India,Jharkhand,"PLFS Year (Jul - Jun), 2018",all ages,Rural+Urban,Person,5.3
India,Karnataka,"PLFS Year (Jul - Jun), 2018",15-29,Rural,Male,11.2
India,Karnataka,"PLFS Year (Jul - Jun), 2018",15-29,Rural,Female,4.9
India,Karnataka,"PLFS Year (Jul - Jun), 2018",15-29,Rural,Person,10.0
India,Karnataka,"PLFS Year (Jul - Jun), 2018",15-29,Urban,Male,13.5
India,Karnataka,"PLFS Year (Jul - Jun), 2018",15-29,Urban,Female,17.8
India,Karnataka,"PLFS Year (Jul - Jun), 2018",15-29,Urban,Person,14.4
India,Karnataka,"PLFS Year (Jul - Jun), 2018",15-29,Rural+Urban,Male,12.2
India,Karnataka,"PLFS Year (Jul - Jun), 2018",15-29,Rural+Urban,Female,10.5
India,Karnataka,"PLFS Year (Jul - Jun), 2018",15-29,Rural+Urban,Person,11.8
India,Karnataka,"PLFS Year (Jul - Jun), 2018",15-59,Rural,Male,3.5
India,Karnataka,"PLFS Year (Jul - Jun), 2018",15-59,Rural,Female,1.4
India,Karnataka,"PLFS Year (Jul - Jun), 2018",15-59,Rural,Person,3.0
India,Karnataka,"PLFS Year (Jul - Jun), 2018",15-59,Urban,Male,5.1
India,Karnataka,"PLFS Year (Jul - Jun), 2018",15-59,Urban,Female,6.2
India,Karnataka,"PLFS Year (Jul - Jun), 2018",15-59,Urban,Person,5.3
India,Karnataka,"PLFS Year (Jul - Jun), 2018",15-59,Rural+Urban,Male,4.1
India,Karnataka,"PLFS Year (Jul - Jun), 2018",15-59,Rural+Urban,Female,3.0
India,Karnataka,"PLFS Year (Jul - Jun), 2018",15-59,Rural+Urban,Person,3.9
India,Karnataka,"PLFS Year (Jul - Jun), 2018",15 years and above,Rural,Male,3.2
India,Karnataka,"PLFS Year (Jul - Jun), 2018",15 years and above,Rural,Female,1.4
India,Karnataka,"PLFS Year (Jul - Jun), 2018",15 years and above,Rural,Person,2.7
India,Karnataka,"PLFS Year (Jul - Jun), 2018",15 years and above,Urban,Male,4.9
India,Karnataka,"PLFS Year (Jul - Jun), 2018",15 years and above,Urban,Female,6.1
India,Karnataka,"PLFS Year (Jul - Jun), 2018",15 years and above,Urban,Person,5.1
India,Karnataka,"PLFS Year (Jul - Jun), 2018",15 years and above,Rural+Urban,Male,3.8
India,Karnataka,"PLFS Year (Jul - Jun), 2018",15 years and above,Rural+Urban,Female,2.8
India,Karnataka,"PLFS Year (Jul - Jun), 2018",15 years and above,Rural+Urban,Person,3.6
India,Karnataka,"PLFS Year (Jul - Jun), 2018",all ages,Rural,Male,3.2
India,Karnataka,"PLFS Year (Jul - Jun), 2018",all ages,Rural,Female,1.4
India,Karnataka,"PLFS Year (Jul - Jun), 2018",all ages,Rural,Person,2.7
India,Karnataka,"PLFS Year (Jul - Jun), 2018",all ages,Urban,Male,5.0
India,Karnataka,"PLFS Year (Jul - Jun), 2018",all ages,Urban,Female,6.1
India,Karnataka,"PLFS Year (Jul - Jun), 2018",all ages,Urban,Person,5.2
India,Karnataka,"PLFS Year (Jul - Jun), 2018",all ages,Rural+Urban,Male,3.9
India,Karnataka,"PLFS Year (Jul - Jun), 2018",all ages,Rural+Urban,Female,2.8
India,Karnataka,"PLFS Year (Jul - Jun), 2018",all ages,Rural+Urban,Person,3.6
India,Kerala,"PLFS Year (Jul - Jun), 2018",15-29,Rural,Male,23.4
India,Kerala,"PLFS Year (Jul - Jun), 2018",15-29,Rural,Female,57.8
India,Kerala,"PLFS Year (Jul - Jun), 2018",15-29,Rural,Person,35.8
India,Kerala,"PLFS Year (Jul - Jun), 2018",15-29,Urban,Male,23.1
India,Kerala,"PLFS Year (Jul - Jun), 2018",15-29,Urban,Female,53.1
India,Kerala,"PLFS Year (Jul - Jun), 2018",15-29,Urban,Person,34.6
India,Kerala,"PLFS Year (Jul - Jun), 2018",15-29,Rural+Urban,Male,23.3
India,Kerala,"PLFS Year (Jul - Jun), 2018",15-29,Rural+Urban,Female,55.4
India,Kerala,"PLFS Year (Jul - Jun), 2018",15-29,Rural+Urban,Person,35.2
India,Kerala,"PLFS Year (Jul - Jun), 2018",15-59,Rural,Male,5.6
India,Kerala,"PLFS Year (Jul - Jun), 2018",15-59,Rural,Female,17.8
India,Kerala,"PLFS Year (Jul - Jun), 2018",15-59,Rural,Person,9.9
India,Kerala,"PLFS Year (Jul - Jun), 2018",15-59,Urban,Male,6.0
India,Kerala,"PLFS Year (Jul - Jun), 2018",15-59,Urban,Female,20.7
India,Kerala,"PLFS Year (Jul - Jun), 2018",15-59,Urban,Person,11.0
India,Kerala,"PLFS Year (Jul - Jun), 2018",15-59,Rural+Urban,Male,5.8
India,Kerala,"PLFS Year (Jul - Jun), 2018",15-59,Rural+Urban,Female,19.1
India,Kerala,"PLFS Year (Jul - Jun), 2018",15-59,Rural+Urban,Person,10.4
India,Kerala,"PLFS Year (Jul - Jun), 2018",15 years and above,Rural,Male,4.7
India,Kerala,"PLFS Year (Jul - Jun), 2018",15 years and above,Rural,Female,15.6
India,Kerala,"PLFS Year (Jul - Jun), 2018",15 years and above,Rural,Person,8.4
India,Kerala,"PLFS Year (Jul - Jun), 2018",15 years and above,Urban,Male,5.2
India,Kerala,"PLFS Year (Jul - Jun), 2018",15 years and above,Urban,Female,18.8
India,Kerala,"PLFS Year (Jul - Jun), 2018",15 years and above,Urban,Person,9.7
India,Kerala,"PLFS Year (Jul - Jun), 2018",15 years and above,Rural+Urban,Male,4.9
India,Kerala,"PLFS Year (Jul - Jun), 2018",15 years and above,Rural+Urban,Female,17.0
India,Kerala,"PLFS Year (Jul - Jun), 2018",15 years and above,Rural+Urban,Person,9.0
India,Kerala,"PLFS Year (Jul - Jun), 2018",all ages,Rural,Male,4.7
India,Kerala,"PLFS Year (Jul - Jun), 2018",all ages,Rural,Female,15.6
India,Kerala,"PLFS Year (Jul - Jun), 2018",all ages,Rural,Person,8.4
India,Kerala,"PLFS Year (Jul - Jun), 2018",all ages,Urban,Male,5.2
India,Kerala,"PLFS Year (Jul - Jun), 2018",all ages,Urban,Female,18.8
India,Kerala,"PLFS Year (Jul - Jun), 2018",all ages,Urban,Person,9.7
India,Kerala,"PLFS Year (Jul - Jun), 2018",all ages,Rural+Urban,Male,5.0
India,Kerala,"PLFS Year (Jul - Jun), 2018",all ages,Rural+Urban,Female,17.1
India,Kerala,"PLFS Year (Jul - Jun), 2018",all ages,Rural+Urban,Person,9.0
India,Ladakh,"PLFS Year (Jul - Jun), 2018",15-29,Rural,Male,8.2
India,Ladakh,"PLFS Year (Jul - Jun), 2018",15-29,Rural,Female,15.2
India,Ladakh,"PLFS Year (Jul - Jun), 2018",15-29,Rural,Person,10.4
India,Ladakh,"PLFS Year (Jul - Jun), 2018",15-29,Urban,Male,20.8
India,Ladakh,"PLFS Year (Jul - Jun), 2018",15-29,Urban,Female,50.2
India,Ladakh,"PLFS Year (Jul - Jun), 2018",15-29,Urban,Person,29.7
India,Ladakh,"PLFS Year (Jul - Jun), 2018",15-29,Rural+Urban,Male,10.4
India,Ladakh,"PLFS Year (Jul - Jun), 2018",15-29,Rural+Urban,Female,21.0
India,Ladakh,"PLFS Year (Jul - Jun), 2018",15-29,Rural+Urban,Person,13.8
India,Ladakh,"PLFS Year (Jul - Jun), 2018",15-59,Rural,Male,3.3
India,Ladakh,"PLFS Year (Jul - Jun), 2018",15-59,Rural,Female,6.5
India,Ladakh,"PLFS Year (Jul - Jun), 2018",15-59,Rural,Person,4.3
India,Ladakh,"PLFS Year (Jul - Jun), 2018",15-59,Urban,Male,6.0
India,Ladakh,"PLFS Year (Jul - Jun), 2018",15-59,Urban,Female,27.7
India,Ladakh,"PLFS Year (Jul - Jun), 2018",15-59,Urban,Person,10.8
India,Ladakh,"PLFS Year (Jul - Jun), 2018",15-59,Rural+Urban,Male,3.8
India,Ladakh,"PLFS Year (Jul - Jun), 2018",15-59,Rural+Urban,Female,9.4
India,Ladakh,"PLFS Year (Jul - Jun), 2018",15-59,Rural+Urban,Person,5.6
India,Ladakh,"PLFS Year (Jul - Jun), 2018",15 years and above,Rural,Male,2.9
India,Ladakh,"PLFS Year (Jul - Jun), 2018",15 years and above,Rural,Female,6.2
India,Ladakh,"PLFS Year (Jul - Jun), 2018",15 years and above,Rural,Person,4.0
India,Ladakh,"PLFS Year (Jul - Jun), 2018",15 years and above,Urban,Male,5.6
India,Ladakh,"PLFS Year (Jul - Jun), 2018",15 years and above,Urban,Female,27.0
India,Ladakh,"PLFS Year (Jul - Jun), 2018",15 years and above,Urban,Person,10.1
India,Ladakh,"PLFS Year (Jul - Jun), 2018",15 years and above,Rural+Urban,Male,3.5
India,Ladakh,"PLFS Year (Jul - Jun), 2018",15 years and above,Rural+Urban,Female,8.9
India,Ladakh,"PLFS Year (Jul - Jun), 2018",15 years and above,Rural+Urban,Person,5.1
India,Ladakh,"PLFS Year (Jul - Jun), 2018",all ages,Rural,Male,2.9
India,Ladakh,"PLFS Year (Jul - Jun), 2018",all ages,Rural,Female,6.0
India,Ladakh,"PLFS Year (Jul - Jun), 2018",all ages,Rural,Person,3.9
India,Ladakh,"PLFS Year (Jul - Jun), 2018",all ages,Urban,Male,5.6
India,Ladakh,"PLFS Year (Jul - Jun), 2018",all ages,Urban,Female,27.2
India,Ladakh,"PLFS Year (Jul - Jun), 2018",all ages,Urban,Person,10.1
India,Ladakh,"PLFS Year (Jul - Jun), 2018",all ages,Rural+Urban,Male,3.5
India,Ladakh,"PLFS Year (Jul - Jun), 2018",all ages,Rural+Urban,Female,8.8
India,Ladakh,"PLFS Year (Jul - Jun), 2018",all ages,Rural+Urban,Person,5.1
India,Lakshadweep,"PLFS Year (Jul - Jun), 2018",15-29,Rural,Male,93.1
India,Lakshadweep,"PLFS Year (Jul - Jun), 2018",15-29,Rural,Female,49.5
India,Lakshadweep,"PLFS Year (Jul - Jun), 2018",15-29,Rural,Person,82.4
India,Lakshadweep,"PLFS Year (Jul - Jun), 2018",15-29,Urban,Male,50.4
India,Lakshadweep,"PLFS Year (Jul - Jun), 2018",15-29,Urban,Female,87.1
India,Lakshadweep,"PLFS Year (Jul - Jun), 2018",15-29,Urban,Person,64.7
India,Lakshadweep,"PLFS Year (Jul - Jun), 2018",15-29,Rural+Urban,Male,65.8
India,Lakshadweep,"PLFS Year (Jul - Jun), 2018",15-29,Rural+Urban,Female,78.6
India,Lakshadweep,"PLFS Year (Jul - Jun), 2018",15-29,Rural+Urban,Person,70.3
India,Lakshadweep,"PLFS Year (Jul - Jun), 2018",15-59,Rural,Male,39.4
India,Lakshadweep,"PLFS Year (Jul - Jun), 2018",15-59,Rural,Female,45.6
India,Lakshadweep,"PLFS Year (Jul - Jun), 2018",15-59,Rural,Person,40.2
India,Lakshadweep,"PLFS Year (Jul - Jun), 2018",15-59,Urban,Male,22.3
India,Lakshadweep,"PLFS Year (Jul - Jun), 2018",15-59,Urban,Female,48.7
India,Lakshadweep,"PLFS Year (Jul - Jun), 2018",15-59,Urban,Person,29.1
India,Lakshadweep,"PLFS Year (Jul - Jun), 2018",15-59,Rural+Urban,Male,27.4
India,Lakshadweep,"PLFS Year (Jul - Jun), 2018",15-59,Rural+Urban,Female,48.3
India,Lakshadweep,"PLFS Year (Jul - Jun), 2018",15-59,Rural+Urban,Person,32.0
India,Lakshadweep,"PLFS Year (Jul - Jun), 2018",15 years and above,Rural,Male,39.2
India,Lakshadweep,"PLFS Year (Jul - Jun), 2018",15 years and above,Rural,Female,45.6
India,Lakshadweep,"PLFS Year (Jul - Jun), 2018",15 years and above,Rural,Person,40.0
India,Lakshadweep,"PLFS Year (Jul - Jun), 2018",15 years and above,Urban,Male,21.8
India,Lakshadweep,"PLFS Year (Jul - Jun), 2018",15 years and above,Urban,Female,48.7
India,Lakshadweep,"PLFS Year (Jul - Jun), 2018",15 years and above,Urban,Person,28.6
India,Lakshadweep,"PLFS Year (Jul - Jun), 2018",15 years and above,Rural+Urban,Male,26.9
India,Lakshadweep,"PLFS Year (Jul - Jun), 2018",15 years and above,Rural+Urban,Female,48.3
India,Lakshadweep,"PLFS Year (Jul - Jun), 2018",15 years and above,Rural+Urban,Person,31.6
India,Lakshadweep,"PLFS Year (Jul - Jun), 2018",all ages,Rural,Male,39.2
India,Lakshadweep,"PLFS Year (Jul - Jun), 2018",all ages,Rural,Female,45.6
India,Lakshadweep,"PLFS Year (Jul - Jun), 2018",all ages,Rural,Person,40.0
India,Lakshadweep,"PLFS Year (Jul - Jun), 2018",all ages,Urban,Male,21.8
India,Lakshadweep,"PLFS Year (Jul - Jun), 2018",all ages,Urban,Female,48.7
India,Lakshadweep,"PLFS Year (Jul - Jun), 2018",all ages,Urban,Person,28.6
India,Lakshadweep,"PLFS Year (Jul - Jun), 2018",all ages,Rural+Urban,Male,26.9
India,Lakshadweep,"PLFS Year (Jul - Jun), 2018",all ages,Rural+Urban,Female,48.3
India,Lakshadweep,"PLFS Year (Jul - Jun), 2018",all ages,Rural+Urban,Person,31.6
India,Madhya Pradesh,"PLFS Year (Jul - Jun), 2018",15-29,Rural,Male,8.1
India,Madhya Pradesh,"PLFS Year (Jul - Jun), 2018",15-29,Rural,Female,2.6
India,Madhya Pradesh,"PLFS Year (Jul - Jun), 2018",15-29,Rural,Person,7.1
India,Madhya Pradesh,"PLFS Year (Jul - Jun), 2018",15-29,Urban,Male,21.9
India,Madhya Pradesh,"PLFS Year (Jul - Jun), 2018",15-29,Urban,Female,22.1
India,Madhya Pradesh,"PLFS Year (Jul - Jun), 2018",15-29,Urban,Person,21.9
India,Madhya Pradesh,"PLFS Year (Jul - Jun), 2018",15-29,Rural+Urban,Male,11.3
India,Madhya Pradesh,"PLFS Year (Jul - Jun), 2018",15-29,Rural+Urban,Female,6.4
India,Madhya Pradesh,"PLFS Year (Jul - Jun), 2018",15-29,Rural+Urban,Person,10.4
India,Madhya Pradesh,"PLFS Year (Jul - Jun), 2018",15-59,Rural,Male,3.2
India,Madhya Pradesh,"PLFS Year (Jul - Jun), 2018",15-59,Rural,Female,0.6
India,Madhya Pradesh,"PLFS Year (Jul - Jun), 2018",15-59,Rural,Person,2.5
India,Madhya Pradesh,"PLFS Year (Jul - Jun), 2018",15-59,Urban,Male,8.0
India,Madhya Pradesh,"PLFS Year (Jul - Jun), 2018",15-59,Urban,Female,6.4
India,Madhya Pradesh,"PLFS Year (Jul - Jun), 2018",15-59,Urban,Person,7.7
India,Madhya Pradesh,"PLFS Year (Jul - Jun), 2018",15-59,Rural+Urban,Male,4.4
India,Madhya Pradesh,"PLFS Year (Jul - Jun), 2018",15-59,Rural+Urban,Female,1.6
India,Madhya Pradesh,"PLFS Year (Jul - Jun), 2018",15-59,Rural+Urban,Person,3.7
India,Madhya Pradesh,"PLFS Year (Jul - Jun), 2018",15 years and above,Rural,Male,2.9
India,Madhya Pradesh,"PLFS Year (Jul - Jun), 2018",15 years and above,Rural,Female,0.5
India,Madhya Pradesh,"PLFS Year (Jul - Jun), 2018",15 years and above,Rural,Person,2.3
India,Madhya Pradesh,"PLFS Year (Jul - Jun), 2018",15 years and above,Urban,Male,7.6
India,Madhya Pradesh,"PLFS Year (Jul - Jun), 2018",15 years and above,Urban,Female,6.1
India,Madhya Pradesh,"PLFS Year (Jul - Jun), 2018",15 years and above,Urban,Person,7.3
India,Madhya Pradesh,"PLFS Year (Jul - Jun), 2018",15 years and above,Rural+Urban,Male,4.1
India,Madhya Pradesh,"PLFS Year (Jul - Jun), 2018",15 years and above,Rural+Urban,Female,1.5
India,Madhya Pradesh,"PLFS Year (Jul - Jun), 2018",15 years and above,Rural+Urban,Person,3.5
India,Madhya Pradesh,"PLFS Year (Jul - Jun), 2018",all ages,Rural,Male,3.0
India,Madhya Pradesh,"PLFS Year (Jul - Jun), 2018",all ages,Rural,Female,0.7
India,Madhya Pradesh,"PLFS Year (Jul - Jun), 2018",all ages,Rural,Person,2.4
India,Madhya Pradesh,"PLFS Year (Jul - Jun), 2018",all ages,Urban,Male,7.7
India,Madhya Pradesh,"PLFS Year (Jul - Jun), 2018",all ages,Urban,Female,6.2
India,Madhya Pradesh,"PLFS Year (Jul - Jun), 2018",all ages,Urban,Person,7.4
India,Madhya Pradesh,"PLFS Year (Jul - Jun), 2018",all ages,Rural+Urban,Male,4.2
India,Madhya Pradesh,"PLFS Year (Jul - Jun), 2018",all ages,Rural+Urban,Female,1.6
India,Madhya Pradesh,"PLFS Year (Jul - Jun), 2018",all ages,Rural+Urban,Person,3.5
India,Maharashtra,"PLFS Year (Jul - Jun), 2018",15-29,Rural,Male,13.6
India,Maharashtra,"PLFS Year (Jul - Jun), 2018",15-29,Rural,Female,17.0
India,Maharashtra,"PLFS Year (Jul - Jun), 2018",15-29,Rural,Person,14.4
India,Maharashtra,"PLFS Year (Jul - Jun), 2018",15-29,Urban,Male,13.9
India,Maharashtra,"PLFS Year (Jul - Jun), 2018",15-29,Urban,Female,21.5
India,Maharashtra,"PLFS Year (Jul - Jun), 2018",15-29,Urban,Person,15.7
India,Maharashtra,"PLFS Year (Jul - Jun), 2018",15-29,Rural+Urban,Male,13.7
India,Maharashtra,"PLFS Year (Jul - Jun), 2018",15-29,Rural+Urban,Female,19.0
India,Maharashtra,"PLFS Year (Jul - Jun), 2018",15-29,Rural+Urban,Person,14.9
India,Maharashtra,"PLFS Year (Jul - Jun), 2018",15-59,Rural,Male,5.1
India,Maharashtra,"PLFS Year (Jul - Jun), 2018",15-59,Rural,Female,3.6
India,Maharashtra,"PLFS Year (Jul - Jun), 2018",15-59,Rural,Person,4.6
India,Maharashtra,"PLFS Year (Jul - Jun), 2018",15-59,Urban,Male,5.4
India,Maharashtra,"PLFS Year (Jul - Jun), 2018",15-59,Urban,Female,10.5
India,Maharashtra,"PLFS Year (Jul - Jun), 2018",15-59,Urban,Person,6.6
India,Maharashtra,"PLFS Year (Jul - Jun), 2018",15-59,Rural+Urban,Male,5.2
India,Maharashtra,"PLFS Year (Jul - Jun), 2018",15-59,Rural+Urban,Female,5.7
India,Maharashtra,"PLFS Year (Jul - Jun), 2018",15-59,Rural+Urban,Person,5.4
India,Maharashtra,"PLFS Year (Jul - Jun), 2018",15 years and above,Rural,Male,4.6
India,Maharashtra,"PLFS Year (Jul - Jun), 2018",15 years and above,Rural,Female,3.3
India,Maharashtra,"PLFS Year (Jul - Jun), 2018",15 years and above,Rural,Person,4.2
India,Maharashtra,"PLFS Year (Jul - Jun), 2018",15 years and above,Urban,Male,5.2
India,Maharashtra,"PLFS Year (Jul - Jun), 2018",15 years and above,Urban,Female,10.2
India,Maharashtra,"PLFS Year (Jul - Jun), 2018",15 years and above,Urban,Person,6.3
India,Maharashtra,"PLFS Year (Jul - Jun), 2018",15 years and above,Rural+Urban,Male,4.9
India,Maharashtra,"PLFS Year (Jul - Jun), 2018",15 years and above,Rural+Urban,Female,5.4
India,Maharashtra,"PLFS Year (Jul - Jun), 2018",15 years and above,Rural+Urban,Person,5.0
India,Maharashtra,"PLFS Year (Jul - Jun), 2018",all ages,Rural,Male,4.6
India,Maharashtra,"PLFS Year (Jul - Jun), 2018",all ages,Rural,Female,3.3
India,Maharashtra,"PLFS Year (Jul - Jun), 2018",all ages,Rural,Person,4.2
India,Maharashtra,"PLFS Year (Jul - Jun), 2018",all ages,Urban,Male,5.2
India,Maharashtra,"PLFS Year (Jul - Jun), 2018",all ages,Urban,Female,10.6
India,Maharashtra,"PLFS Year (Jul - Jun), 2018",all ages,Urban,Person,6.4
India,Maharashtra,"PLFS Year (Jul - Jun), 2018",all ages,Rural+Urban,Male,4.9
India,Maharashtra,"PLFS Year (Jul - Jun), 2018",all ages,Rural+Urban,Female,5.5
India,Maharashtra,"PLFS Year (Jul - Jun), 2018",all ages,Rural+Urban,Person,5.0
India,Manipur,"PLFS Year (Jul - Jun), 2018",15-29,Rural,Male,26.8
India,Manipur,"PLFS Year (Jul - Jun), 2018",15-29,Rural,Female,47.6
India,Manipur,"PLFS Year (Jul - Jun), 2018",15-29,Rural,Person,33.2
India,Manipur,"PLFS Year (Jul - Jun), 2018",15-29,Urban,Male,32.8
India,Manipur,"PLFS Year (Jul - Jun), 2018",15-29,Urban,Female,28.9
India,Manipur,"PLFS Year (Jul - Jun), 2018",15-29,Urban,Person,31.6
India,Manipur,"PLFS Year (Jul - Jun), 2018",15-29,Rural+Urban,Male,28.4
India,Manipur,"PLFS Year (Jul - Jun), 2018",15-29,Rural+Urban,Female,42.6
India,Manipur,"PLFS Year (Jul - Jun), 2018",15-29,Rural+Urban,Person,32.8
India,Manipur,"PLFS Year (Jul - Jun), 2018",15-59,Rural,Male,7.9
India,Manipur,"PLFS Year (Jul - Jun), 2018",15-59,Rural,Female,16.5
India,Manipur,"PLFS Year (Jul - Jun), 2018",15-59,Rural,Person,10.2
India,Manipur,"PLFS Year (Jul - Jun), 2018",15-59,Urban,Male,10.5
India,Manipur,"PLFS Year (Jul - Jun), 2018",15-59,Urban,Female,8.0
India,Manipur,"PLFS Year (Jul - Jun), 2018",15-59,Urban,Person,9.7
India,Manipur,"PLFS Year (Jul - Jun), 2018",15-59,Rural+Urban,Male,8.7
India,Manipur,"PLFS Year (Jul - Jun), 2018",15-59,Rural+Urban,Female,13.9
India,Manipur,"PLFS Year (Jul - Jun), 2018",15-59,Rural+Urban,Person,10.1
India,Manipur,"PLFS Year (Jul - Jun), 2018",15 years and above,Rural,Male,7.4
India,Manipur,"PLFS Year (Jul - Jun), 2018",15 years and above,Rural,Female,15.5
India,Manipur,"PLFS Year (Jul - Jun), 2018",15 years and above,Rural,Person,9.5
India,Manipur,"PLFS Year (Jul - Jun), 2018",15 years and above,Urban,Male,9.8
India,Manipur,"PLFS Year (Jul - Jun), 2018",15 years and above,Urban,Female,7.4
India,Manipur,"PLFS Year (Jul - Jun), 2018",15 years and above,Urban,Person,9.1
India,Manipur,"PLFS Year (Jul - Jun), 2018",15 years and above,Rural+Urban,Male,8.1
India,Manipur,"PLFS Year (Jul - Jun), 2018",15 years and above,Rural+Urban,Female,13.0
India,Manipur,"PLFS Year (Jul - Jun), 2018",15 years and above,Rural+Urban,Person,9.4
India,Manipur,"PLFS Year (Jul - Jun), 2018",all ages,Rural,Male,7.7
India,Manipur,"PLFS Year (Jul - Jun), 2018",all ages,Rural,Female,15.6
India,Manipur,"PLFS Year (Jul - Jun), 2018",all ages,Rural,Person,9.8
India,Manipur,"PLFS Year (Jul - Jun), 2018",all ages,Urban,Male,9.8
India,Manipur,"PLFS Year (Jul - Jun), 2018",all ages,Urban,Female,7.7
India,Manipur,"PLFS Year (Jul - Jun), 2018",all ages,Urban,Person,9.2
India,Manipur,"PLFS Year (Jul - Jun), 2018",all ages,Rural+Urban,Male,8.3
India,Manipur,"PLFS Year (Jul - Jun), 2018",all ages,Rural+Urban,Female,13.1
India,Manipur,"PLFS Year (Jul - Jun), 2018",all ages,Rural+Urban,Person,9.6
India,Meghalaya,"PLFS Year (Jul - Jun), 2018",15-29,Rural,Male,6.1
India,Meghalaya,"PLFS Year (Jul - Jun), 2018",15-29,Rural,Female,8.1
India,Meghalaya,"PLFS Year (Jul - Jun), 2018",15-29,Rural,Person,6.8
India,Meghalaya,"PLFS Year (Jul - Jun), 2018",15-29,Urban,Male,15.5
India,Meghalaya,"PLFS Year (Jul - Jun), 2018",15-29,Urban,Female,34.4
India,Meghalaya,"PLFS Year (Jul - Jun), 2018",15-29,Urban,Person,23.1
India,Meghalaya,"PLFS Year (Jul - Jun), 2018",15-29,Rural+Urban,Male,7.2
India,Meghalaya,"PLFS Year (Jul - Jun), 2018",15-29,Rural+Urban,Female,11.8
India,Meghalaya,"PLFS Year (Jul - Jun), 2018",15-29,Rural+Urban,Person,8.9
India,Meghalaya,"PLFS Year (Jul - Jun), 2018",15-59,Rural,Male,2.0
India,Meghalaya,"PLFS Year (Jul - Jun), 2018",15-59,Rural,Female,2.2
India,Meghalaya,"PLFS Year (Jul - Jun), 2018",15-59,Rural,Person,2.1
India,Meghalaya,"PLFS Year (Jul - Jun), 2018",15-59,Urban,Male,4.8
India,Meghalaya,"PLFS Year (Jul - Jun), 2018",15-59,Urban,Female,14.0
India,Meghalaya,"PLFS Year (Jul - Jun), 2018",15-59,Urban,Person,7.9
India,Meghalaya,"PLFS Year (Jul - Jun), 2018",15-59,Rural+Urban,Male,2.4
India,Meghalaya,"PLFS Year (Jul - Jun), 2018",15-59,Rural+Urban,Female,3.4
India,Meghalaya,"PLFS Year (Jul - Jun), 2018",15-59,Rural+Urban,Person,2.8
India,Meghalaya,"PLFS Year (Jul - Jun), 2018",15 years and above,Rural,Male,1.9
India,Meghalaya,"PLFS Year (Jul - Jun), 2018",15 years and above,Rural,Female,2.1
India,Meghalaya,"PLFS Year (Jul - Jun), 2018",15 years and above,Rural,Person,2.0
India,Meghalaya,"PLFS Year (Jul - Jun), 2018",15 years and above,Urban,Male,4.6
India,Meghalaya,"PLFS Year (Jul - Jun), 2018",15 years and above,Urban,Female,13.3
India,Meghalaya,"PLFS Year (Jul - Jun), 2018",15 years and above,Urban,Person,7.5
India,Meghalaya,"PLFS Year (Jul - Jun), 2018",15 years and above,Rural+Urban,Male,2.3
India,Meghalaya,"PLFS Year (Jul - Jun), 2018",15 years and above,Rural+Urban,Female,3.3
India,Meghalaya,"PLFS Year (Jul - Jun), 2018",15 years and above,Rural+Urban,Person,2.7
India,Meghalaya,"PLFS Year (Jul - Jun), 2018",all ages,Rural,Male,1.9
India,Meghalaya,"PLFS Year (Jul - Jun), 2018",all ages,Rural,Female,2.1
India,Meghalaya,"PLFS Year (Jul - Jun), 2018",all ages,Rural,Person,2.0
India,Meghalaya,"PLFS Year (Jul - Jun), 2018",all ages,Urban,Male,4.6
India,Meghalaya,"PLFS Year (Jul - Jun), 2018",all ages,Urban,Female,13.3
India,Meghalaya,"PLFS Year (Jul - Jun), 2018",all ages,Urban,Person,7.5
India,Meghalaya,"PLFS Year (Jul - Jun), 2018",all ages,Rural+Urban,Male,2.3
India,Meghalaya,"PLFS Year (Jul - Jun), 2018",all ages,Rural+Urban,Female,3.3
India,Meghalaya,"PLFS Year (Jul - Jun), 2018",all ages,Rural+Urban,Person,2.7
India,Mizoram,"PLFS Year (Jul - Jun), 2018",15-29,Rural,Male,14.1
India,Mizoram,"PLFS Year (Jul - Jun), 2018",15-29,Rural,Female,25.9
India,Mizoram,"PLFS Year (Jul - Jun), 2018",15-29,Rural,Person,17.2
India,Mizoram,"PLFS Year (Jul - Jun), 2018",15-29,Urban,Male,29.9
India,Mizoram,"PLFS Year (Jul - Jun), 2018",15-29,Urban,Female,34.3
India,Mizoram,"PLFS Year (Jul - Jun), 2018",15-29,Urban,Person,31.9
India,Mizoram,"PLFS Year (Jul - Jun), 2018",15-29,Rural+Urban,Male,19.4
India,Mizoram,"PLFS Year (Jul - Jun), 2018",15-29,Rural+Urban,Female,30.4
India,Mizoram,"PLFS Year (Jul - Jun), 2018",15-29,Rural+Urban,Person,23.1
India,Mizoram,"PLFS Year (Jul - Jun), 2018",15-59,Rural,Male,4.4
India,Mizoram,"PLFS Year (Jul - Jun), 2018",15-59,Rural,Female,8.3
India,Mizoram,"PLFS Year (Jul - Jun), 2018",15-59,Rural,Person,5.4
India,Mizoram,"PLFS Year (Jul - Jun), 2018",15-59,Urban,Male,7.7
India,Mizoram,"PLFS Year (Jul - Jun), 2018",15-59,Urban,Female,13.2
India,Mizoram,"PLFS Year (Jul - Jun), 2018",15-59,Urban,Person,9.5
India,Mizoram,"PLFS Year (Jul - Jun), 2018",15-59,Rural+Urban,Male,5.8
India,Mizoram,"PLFS Year (Jul - Jun), 2018",15-59,Rural+Urban,Female,10.8
India,Mizoram,"PLFS Year (Jul - Jun), 2018",15-59,Rural+Urban,Person,7.3
India,Mizoram,"PLFS Year (Jul - Jun), 2018",15 years and above,Rural,Male,4.2
India,Mizoram,"PLFS Year (Jul - Jun), 2018",15 years and above,Rural,Female,7.9
India,Mizoram,"PLFS Year (Jul - Jun), 2018",15 years and above,Rural,Person,5.2
India,Mizoram,"PLFS Year (Jul - Jun), 2018",15 years and above,Urban,Male,7.4
India,Mizoram,"PLFS Year (Jul - Jun), 2018",15 years and above,Urban,Female,12.7
India,Mizoram,"PLFS Year (Jul - Jun), 2018",15 years and above,Urban,Person,9.1
India,Mizoram,"PLFS Year (Jul - Jun), 2018",15 years and above,Rural+Urban,Male,5.5
India,Mizoram,"PLFS Year (Jul - Jun), 2018",15 years and above,Rural+Urban,Female,10.3
India,Mizoram,"PLFS Year (Jul - Jun), 2018",15 years and above,Rural+Urban,Person,7.0
India,Mizoram,"PLFS Year (Jul - Jun), 2018",all ages,Rural,Male,4.2
India,Mizoram,"PLFS Year (Jul - Jun), 2018",all ages,Rural,Female,8.1
India,Mizoram,"PLFS Year (Jul - Jun), 2018",all ages,Rural,Person,5.2
India,Mizoram,"PLFS Year (Jul - Jun), 2018",all ages,Urban,Male,7.4
India,Mizoram,"PLFS Year (Jul - Jun), 2018",all ages,Urban,Female,12.7
India,Mizoram,"PLFS Year (Jul - Jun), 2018",all ages,Urban,Person,9.1
India,Mizoram,"PLFS Year (Jul - Jun), 2018",all ages,Rural+Urban,Male,5.6
India,Mizoram,"PLFS Year (Jul - Jun), 2018",all ages,Rural+Urban,Female,10.4
India,Mizoram,"PLFS Year (Jul - Jun), 2018",all ages,Rural+Urban,Person,7.0
India,Nagaland,"PLFS Year (Jul - Jun), 2018",15-29,Rural,Male,61.0
India,Nagaland,"PLFS Year (Jul - Jun), 2018",15-29,Rural,Female,58.2
India,Nagaland,"PLFS Year (Jul - Jun), 2018",15-29,Rural,Person,60.0
India,Nagaland,"PLFS Year (Jul - Jun), 2018",15-29,Urban,Male,53.0
India,Nagaland,"PLFS Year (Jul - Jun), 2018",15-29,Urban,Female,68.9
India,Nagaland,"PLFS Year (Jul - Jun), 2018",15-29,Urban,Person,58.6
India,Nagaland,"PLFS Year (Jul - Jun), 2018",15-29,Rural+Urban,Male,58.6
India,Nagaland,"PLFS Year (Jul - Jun), 2018",15-29,Rural+Urban,Female,61.2
India,Nagaland,"PLFS Year (Jul - Jun), 2018",15-29,Rural+Urban,Person,59.6
India,Nagaland,"PLFS Year (Jul - Jun), 2018",15-59,Rural,Male,15.5
India,Nagaland,"PLFS Year (Jul - Jun), 2018",15-59,Rural,Female,23.5
India,Nagaland,"PLFS Year (Jul - Jun), 2018",15-59,Rural,Person,17.5
India,Nagaland,"PLFS Year (Jul - Jun), 2018",15-59,Urban,Male,15.5
India,Nagaland,"PLFS Year (Jul - Jun), 2018",15-59,Urban,Female,42.3
India,Nagaland,"PLFS Year (Jul - Jun), 2018",15-59,Urban,Person,21.0
India,Nagaland,"PLFS Year (Jul - Jun), 2018",15-59,Rural+Urban,Male,15.5
India,Nagaland,"PLFS Year (Jul - Jun), 2018",15-59,Rural+Urban,Female,27.9
India,Nagaland,"PLFS Year (Jul - Jun), 2018",15-59,Rural+Urban,Person,18.5
India,Nagaland,"PLFS Year (Jul - Jun), 2018",15 years and above,Rural,Male,14.4
India,Nagaland,"PLFS Year (Jul - Jun), 2018",15 years and above,Rural,Female,21.4
India,Nagaland,"PLFS Year (Jul - Jun), 2018",15 years and above,Rural,Person,16.2
India,Nagaland,"PLFS Year (Jul - Jun), 2018",15 years and above,Urban,Male,15.3
India,Nagaland,"PLFS Year (Jul - Jun), 2018",15 years and above,Urban,Female,42.0
India,Nagaland,"PLFS Year (Jul - Jun), 2018",15 years and above,Urban,Person,20.8
India,Nagaland,"PLFS Year (Jul - Jun), 2018",15 years and above,Rural+Urban,Male,14.7
India,Nagaland,"PLFS Year (Jul - Jun), 2018",15 years and above,Rural+Urban,Female,25.9
India,Nagaland,"PLFS Year (Jul - Jun), 2018",15 years and above,Rural+Urban,Person,17.4
India,Nagaland,"PLFS Year (Jul - Jun), 2018",all ages,Rural,Male,14.4
India,Nagaland,"PLFS Year (Jul - Jun), 2018",all ages,Rural,Female,21.4
India,Nagaland,"PLFS Year (Jul - Jun), 2018",all ages,Rural,Person,16.2
India,Nagaland,"PLFS Year (Jul - Jun), 2018",all ages,Urban,Male,15.4
India,Nagaland,"PLFS Year (Jul - Jun), 2018",all ages,Urban,Female,42.9
India,Nagaland,"PLFS Year (Jul - Jun), 2018",all ages,Urban,Person,21.1
India,Nagaland,"PLFS Year (Jul - Jun), 2018",all ages,Rural+Urban,Male,14.7
India,Nagaland,"PLFS Year (Jul - Jun), 2018",all ages,Rural+Urban,Female,26.2
India,Nagaland,"PLFS Year (Jul - Jun), 2018",all ages,Rural+Urban,Person,17.5
India,Odisha,"PLFS Year (Jul - Jun), 2018",15-29,Rural,Male,22.0
India,Odisha,"PLFS Year (Jul - Jun), 2018",15-29,Rural,Female,16.8
India,Odisha,"PLFS Year (Jul - Jun), 2018",15-29,Rural,Person,20.8
India,Odisha,"PLFS Year (Jul - Jun), 2018",15-29,Urban,Male,26.4
India,Odisha,"PLFS Year (Jul - Jun), 2018",15-29,Urban,Female,46.9
India,Odisha,"PLFS Year (Jul - Jun), 2018",15-29,Urban,Person,32.6
India,Odisha,"PLFS Year (Jul - Jun), 2018",15-29,Rural+Urban,Male,22.7
India,Odisha,"PLFS Year (Jul - Jun), 2018",15-29,Rural+Urban,Female,23.0
India,Odisha,"PLFS Year (Jul - Jun), 2018",15-29,Rural+Urban,Person,22.8
India,Odisha,"PLFS Year (Jul - Jun), 2018",15-59,Rural,Male,7.3
India,Odisha,"PLFS Year (Jul - Jun), 2018",15-59,Rural,Female,4.4
India,Odisha,"PLFS Year (Jul - Jun), 2018",15-59,Rural,Person,6.6
India,Odisha,"PLFS Year (Jul - Jun), 2018",15-59,Urban,Male,10.7
India,Odisha,"PLFS Year (Jul - Jun), 2018",15-59,Urban,Female,22.5
India,Odisha,"PLFS Year (Jul - Jun), 2018",15-59,Urban,Person,13.3
India,Odisha,"PLFS Year (Jul - Jun), 2018",15-59,Rural+Urban,Male,7.9
India,Odisha,"PLFS Year (Jul - Jun), 2018",15-59,Rural+Urban,Female,6.9
India,Odisha,"PLFS Year (Jul - Jun), 2018",15-59,Rural+Urban,Person,7.6
India,Odisha,"PLFS Year (Jul - Jun), 2018",15 years and above,Rural,Male,6.6
India,Odisha,"PLFS Year (Jul - Jun), 2018",15 years and above,Rural,Female,4.2
India,Odisha,"PLFS Year (Jul - Jun), 2018",15 years and above,Rural,Person,6.0
India,Odisha,"PLFS Year (Jul - Jun), 2018",15 years and above,Urban,Male,10.1
India,Odisha,"PLFS Year (Jul - Jun), 2018",15 years and above,Urban,Female,21.9
India,Odisha,"PLFS Year (Jul - Jun), 2018",15 years and above,Urban,Person,12.7
India,Odisha,"PLFS Year (Jul - Jun), 2018",15 years and above,Rural+Urban,Male,7.1
India,Odisha,"PLFS Year (Jul - Jun), 2018",15 years and above,Rural+Urban,Female,6.6
India,Odisha,"PLFS Year (Jul - Jun), 2018",15 years and above,Rural+Urban,Person,7.0
India,Odisha,"PLFS Year (Jul - Jun), 2018",all ages,Rural,Male,6.6
India,Odisha,"PLFS Year (Jul - Jun), 2018",all ages,Rural,Female,4.2
India,Odisha,"PLFS Year (Jul - Jun), 2018",all ages,Rural,Person,6.1
India,Odisha,"PLFS Year (Jul - Jun), 2018",all ages,Urban,Male,10.1
India,Odisha,"PLFS Year (Jul - Jun), 2018",all ages,Urban,Female,21.9
India,Odisha,"PLFS Year (Jul - Jun), 2018",all ages,Urban,Person,12.7
India,Odisha,"PLFS Year (Jul - Jun), 2018",all ages,Rural+Urban,Male,7.2
India,Odisha,"PLFS Year (Jul - Jun), 2018",all ages,Rural+Urban,Female,6.6
India,Odisha,"PLFS Year (Jul - Jun), 2018",all ages,Rural+Urban,Person,7.0
India,Puducherry,"PLFS Year (Jul - Jun), 2018",15-29,Rural,Male,27.0
India,Puducherry,"PLFS Year (Jul - Jun), 2018",15-29,Rural,Female,27.8
India,Puducherry,"PLFS Year (Jul - Jun), 2018",15-29,Rural,Person,27.3
India,Puducherry,"PLFS Year (Jul - Jun), 2018",15-29,Urban,Male,24.2
India,Puducherry,"PLFS Year (Jul - Jun), 2018",15-29,Urban,Female,20.6
India,Puducherry,"PLFS Year (Jul - Jun), 2018",15-29,Urban,Person,23.1
India,Puducherry,"PLFS Year (Jul - Jun), 2018",15-29,Rural+Urban,Male,25.5
India,Puducherry,"PLFS Year (Jul - Jun), 2018",15-29,Rural+Urban,Female,24.4
India,Puducherry,"PLFS Year (Jul - Jun), 2018",15-29,Rural+Urban,Person,25.1
India,Puducherry,"PLFS Year (Jul - Jun), 2018",15-59,Rural,Male,13.1
India,Puducherry,"PLFS Year (Jul - Jun), 2018",15-59,Rural,Female,10.1
India,Puducherry,"PLFS Year (Jul - Jun), 2018",15-59,Rural,Person,12.0
India,Puducherry,"PLFS Year (Jul - Jun), 2018",15-59,Urban,Male,6.6
India,Puducherry,"PLFS Year (Jul - Jun), 2018",15-59,Urban,Female,5.5
India,Puducherry,"PLFS Year (Jul - Jun), 2018",15-59,Urban,Person,6.3
India,Puducherry,"PLFS Year (Jul - Jun), 2018",15-59,Rural+Urban,Male,9.1
India,Puducherry,"PLFS Year (Jul - Jun), 2018",15-59,Rural+Urban,Female,7.8
India,Puducherry,"PLFS Year (Jul - Jun), 2018",15-59,Rural+Urban,Person,8.7
India,Puducherry,"PLFS Year (Jul - Jun), 2018",15 years and above,Rural,Male,12.5
India,Puducherry,"PLFS Year (Jul - Jun), 2018",15 years and above,Rural,Female,10.0
India,Puducherry,"PLFS Year (Jul - Jun), 2018",15 years and above,Rural,Person,11.6
India,Puducherry,"PLFS Year (Jul - Jun), 2018",15 years and above,Urban,Male,6.3
India,Puducherry,"PLFS Year (Jul - Jun), 2018",15 years and above,Urban,Female,5.2
India,Puducherry,"PLFS Year (Jul - Jun), 2018",15 years and above,Urban,Person,6.0
India,Puducherry,"PLFS Year (Jul - Jun), 2018",15 years and above,Rural+Urban,Male,8.7
India,Puducherry,"PLFS Year (Jul - Jun), 2018",15 years and above,Rural+Urban,Female,7.6
India,Puducherry,"PLFS Year (Jul - Jun), 2018",15 years and above,Rural+Urban,Person,8.3
India,Puducherry,"PLFS Year (Jul - Jun), 2018",all ages,Rural,Male,12.5
India,Puducherry,"PLFS Year (Jul - Jun), 2018",all ages,Rural,Female,10.0
India,Puducherry,"PLFS Year (Jul - Jun), 2018",all ages,Rural,Person,11.6
India,Puducherry,"PLFS Year (Jul - Jun), 2018",all ages,Urban,Male,6.3
India,Puducherry,"PLFS Year (Jul - Jun), 2018",all ages,Urban,Female,5.2
India,Puducherry,"PLFS Year (Jul - Jun), 2018",all ages,Urban,Person,6.0
India,Puducherry,"PLFS Year (Jul - Jun), 2018",all ages,Rural+Urban,Male,8.7
India,Puducherry,"PLFS Year (Jul - Jun), 2018",all ages,Rural+Urban,Female,7.6
India,Puducherry,"PLFS Year (Jul - Jun), 2018",all ages,Rural+Urban,Person,8.3
India,Punjab,"PLFS Year (Jul - Jun), 2018",15-29,Rural,Male,21.3
India,Punjab,"PLFS Year (Jul - Jun), 2018",15-29,Rural,Female,34.3
India,Punjab,"PLFS Year (Jul - Jun), 2018",15-29,Rural,Person,23.4
India,Punjab,"PLFS Year (Jul - Jun), 2018",15-29,Urban,Male,15.7
India,Punjab,"PLFS Year (Jul - Jun), 2018",15-29,Urban,Female,25.2
India,Punjab,"PLFS Year (Jul - Jun), 2018",15-29,Urban,Person,17.5
India,Punjab,"PLFS Year (Jul - Jun), 2018",15-29,Rural+Urban,Male,19.0
India,Punjab,"PLFS Year (Jul - Jun), 2018",15-29,Rural+Urban,Female,30.2
India,Punjab,"PLFS Year (Jul - Jun), 2018",15-29,Rural+Urban,Person,21.0
India,Punjab,"PLFS Year (Jul - Jun), 2018",15-59,Rural,Male,8.3
India,Punjab,"PLFS Year (Jul - Jun), 2018",15-59,Rural,Female,8.9
India,Punjab,"PLFS Year (Jul - Jun), 2018",15-59,Rural,Person,8.4
India,Punjab,"PLFS Year (Jul - Jun), 2018",15-59,Urban,Male,6.4
India,Punjab,"PLFS Year (Jul - Jun), 2018",15-59,Urban,Female,11.8
India,Punjab,"PLFS Year (Jul - Jun), 2018",15-59,Urban,Person,7.4
India,Punjab,"PLFS Year (Jul - Jun), 2018",15-59,Rural+Urban,Male,7.5
India,Punjab,"PLFS Year (Jul - Jun), 2018",15-59,Rural+Urban,Female,10.0
India,Punjab,"PLFS Year (Jul - Jun), 2018",15-59,Rural+Urban,Person,8.0
India,Punjab,"PLFS Year (Jul - Jun), 2018",15 years and above,Rural,Male,7.6
India,Punjab,"PLFS Year (Jul - Jun), 2018",15 years and above,Rural,Female,8.3
India,Punjab,"PLFS Year (Jul - Jun), 2018",15 years and above,Rural,Person,7.7
India,Punjab,"PLFS Year (Jul - Jun), 2018",15 years and above,Urban,Male,6.0
India,Punjab,"PLFS Year (Jul - Jun), 2018",15 years and above,Urban,Female,11.3
India,Punjab,"PLFS Year (Jul - Jun), 2018",15 years and above,Urban,Person,7.0
India,Punjab,"PLFS Year (Jul - Jun), 2018",15 years and above,Rural+Urban,Male,6.9
India,Punjab,"PLFS Year (Jul - Jun), 2018",15 years and above,Rural+Urban,Female,9.4
India,Punjab,"PLFS Year (Jul - Jun), 2018",15 years and above,Rural+Urban,Person,7.4
India,Punjab,"PLFS Year (Jul - Jun), 2018",all ages,Rural,Male,7.6
India,Punjab,"PLFS Year (Jul - Jun), 2018",all ages,Rural,Female,8.3
India,Punjab,"PLFS Year (Jul - Jun), 2018",all ages,Rural,Person,7.7
India,Punjab,"PLFS Year (Jul - Jun), 2018",all ages,Urban,Male,6.1
India,Punjab,"PLFS Year (Jul - Jun), 2018",all ages,Urban,Female,11.3
India,Punjab,"PLFS Year (Jul - Jun), 2018",all ages,Urban,Person,7.0
India,Punjab,"PLFS Year (Jul - Jun), 2018",all ages,Rural+Urban,Male,7.0
India,Punjab,"PLFS Year (Jul - Jun), 2018",all ages,Rural+Urban,Female,9.4
India,Punjab,"PLFS Year (Jul - Jun), 2018",all ages,Rural+Urban,Person,7.4
India,Rajasthan,"PLFS Year (Jul - Jun), 2018",15-29,Rural,Male,16.7
India,Rajasthan,"PLFS Year (Jul - Jun), 2018",15-29,Rural,Female,6.5
India,Rajasthan,"PLFS Year (Jul - Jun), 2018",15-29,Rural,Person,13.9
India,Rajasthan,"PLFS Year (Jul - Jun), 2018",15-29,Urban,Male,22.9
India,Rajasthan,"PLFS Year (Jul - Jun), 2018",15-29,Urban,Female,39.1
India,Rajasthan,"PLFS Year (Jul - Jun), 2018",15-29,Urban,Person,25.7
India,Rajasthan,"PLFS Year (Jul - Jun), 2018",15-29,Rural+Urban,Male,18.3
India,Rajasthan,"PLFS Year (Jul - Jun), 2018",15-29,Rural+Urban,Female,11.7
India,Rajasthan,"PLFS Year (Jul - Jun), 2018",15-29,Rural+Urban,Person,16.6
India,Rajasthan,"PLFS Year (Jul - Jun), 2018",15-59,Rural,Male,6.5
India,Rajasthan,"PLFS Year (Jul - Jun), 2018",15-59,Rural,Female,2.2
India,Rajasthan,"PLFS Year (Jul - Jun), 2018",15-59,Rural,Person,5.1
India,Rajasthan,"PLFS Year (Jul - Jun), 2018",15-59,Urban,Male,8.8
India,Rajasthan,"PLFS Year (Jul - Jun), 2018",15-59,Urban,Female,14.8
India,Rajasthan,"PLFS Year (Jul - Jun), 2018",15-59,Urban,Person,9.9
India,Rajasthan,"PLFS Year (Jul - Jun), 2018",15-59,Rural+Urban,Male,7.1
India,Rajasthan,"PLFS Year (Jul - Jun), 2018",15-59,Rural+Urban,Female,3.9
India,Rajasthan,"PLFS Year (Jul - Jun), 2018",15-59,Rural+Urban,Person,6.2
India,Rajasthan,"PLFS Year (Jul - Jun), 2018",15 years and above,Rural,Male,5.9
India,Rajasthan,"PLFS Year (Jul - Jun), 2018",15 years and above,Rural,Female,2.0
India,Rajasthan,"PLFS Year (Jul - Jun), 2018",15 years and above,Rural,Person,4.6
India,Rajasthan,"PLFS Year (Jul - Jun), 2018",15 years and above,Urban,Male,8.5
India,Rajasthan,"PLFS Year (Jul - Jun), 2018",15 years and above,Urban,Female,14.2
India,Rajasthan,"PLFS Year (Jul - Jun), 2018",15 years and above,Urban,Person,9.5
India,Rajasthan,"PLFS Year (Jul - Jun), 2018",15 years and above,Rural+Urban,Male,6.6
India,Rajasthan,"PLFS Year (Jul - Jun), 2018",15 years and above,Rural+Urban,Female,3.7
India,Rajasthan,"PLFS Year (Jul - Jun), 2018",15 years and above,Rural+Urban,Person,5.7
India,Rajasthan,"PLFS Year (Jul - Jun), 2018",all ages,Rural,Male,5.9
India,Rajasthan,"PLFS Year (Jul - Jun), 2018",all ages,Rural,Female,2.1
India,Rajasthan,"PLFS Year (Jul - Jun), 2018",all ages,Rural,Person,4.6
India,Rajasthan,"PLFS Year (Jul - Jun), 2018",all ages,Urban,Male,8.5
India,Rajasthan,"PLFS Year (Jul - Jun), 2018",all ages,Urban,Female,14.2
India,Rajasthan,"PLFS Year (Jul - Jun), 2018",all ages,Urban,Person,9.5
India,Rajasthan,"PLFS Year (Jul - Jun), 2018",all ages,Rural+Urban,Male,6.6
India,Rajasthan,"PLFS Year (Jul - Jun), 2018",all ages,Rural+Urban,Female,3.7
India,Rajasthan,"PLFS Year (Jul - Jun), 2018",all ages,Rural+Urban,Person,5.7
India,Sikkim,"PLFS Year (Jul - Jun), 2018",15-29,Rural,Male,11.1
India,Sikkim,"PLFS Year (Jul - Jun), 2018",15-29,Rural,Female,6.6
India,Sikkim,"PLFS Year (Jul - Jun), 2018",15-29,Rural,Person,9.8
India,Sikkim,"PLFS Year (Jul - Jun), 2018",15-29,Urban,Male,11.1
India,Sikkim,"PLFS Year (Jul - Jun), 2018",15-29,Urban,Female,15.8
India,Sikkim,"PLFS Year (Jul - Jun), 2018",15-29,Urban,Person,12.6
India,Sikkim,"PLFS Year (Jul - Jun), 2018",15-29,Rural+Urban,Male,11.1
India,Sikkim,"PLFS Year (Jul - Jun), 2018",15-29,Rural+Urban,Female,9.9
India,Sikkim,"PLFS Year (Jul - Jun), 2018",15-29,Rural+Urban,Person,10.7
India,Sikkim,"PLFS Year (Jul - Jun), 2018",15-59,Rural,Male,3.2
India,Sikkim,"PLFS Year (Jul - Jun), 2018",15-59,Rural,Female,1.9
India,Sikkim,"PLFS Year (Jul - Jun), 2018",15-59,Rural,Person,2.7
India,Sikkim,"PLFS Year (Jul - Jun), 2018",15-59,Urban,Male,4.0
India,Sikkim,"PLFS Year (Jul - Jun), 2018",15-59,Urban,Female,7.7
India,Sikkim,"PLFS Year (Jul - Jun), 2018",15-59,Urban,Person,5.0
India,Sikkim,"PLFS Year (Jul - Jun), 2018",15-59,Rural+Urban,Male,3.4
India,Sikkim,"PLFS Year (Jul - Jun), 2018",15-59,Rural+Urban,Female,3.0
India,Sikkim,"PLFS Year (Jul - Jun), 2018",15-59,Rural+Urban,Person,3.3
India,Sikkim,"PLFS Year (Jul - Jun), 2018",15 years and above,Rural,Male,3.0
India,Sikkim,"PLFS Year (Jul - Jun), 2018",15 years and above,Rural,Female,1.8
India,Sikkim,"PLFS Year (Jul - Jun), 2018",15 years and above,Rural,Person,2.5
India,Sikkim,"PLFS Year (Jul - Jun), 2018",15 years and above,Urban,Male,3.9
India,Sikkim,"PLFS Year (Jul - Jun), 2018",15 years and above,Urban,Female,7.5
India,Sikkim,"PLFS Year (Jul - Jun), 2018",15 years and above,Urban,Person,4.9
India,Sikkim,"PLFS Year (Jul - Jun), 2018",15 years and above,Rural+Urban,Male,3.2
India,Sikkim,"PLFS Year (Jul - Jun), 2018",15 years and above,Rural+Urban,Female,2.8
India,Sikkim,"PLFS Year (Jul - Jun), 2018",15 years and above,Rural+Urban,Person,3.1
India,Sikkim,"PLFS Year (Jul - Jun), 2018",all ages,Rural,Male,3.0
India,Sikkim,"PLFS Year (Jul - Jun), 2018",all ages,Rural,Female,1.8
India,Sikkim,"PLFS Year (Jul - Jun), 2018",all ages,Rural,Person,2.5
India,Sikkim,"PLFS Year (Jul - Jun), 2018",all ages,Urban,Male,3.9
India,Sikkim,"PLFS Year (Jul - Jun), 2018",all ages,Urban,Female,7.5
India,Sikkim,"PLFS Year (Jul - Jun), 2018",all ages,Urban,Person,4.9
India,Sikkim,"PLFS Year (Jul - Jun), 2018",all ages,Rural+Urban,Male,3.2
India,Sikkim,"PLFS Year (Jul - Jun), 2018",all ages,Rural+Urban,Female,2.8
India,Sikkim,"PLFS Year (Jul - Jun), 2018",all ages,Rural+Urban,Person,3.1
India,Tamil Nadu,"PLFS Year (Jul - Jun), 2018",15-29,Rural,Male,26.3
India,Tamil Nadu,"PLFS Year (Jul - Jun), 2018",15-29,Rural,Female,29.1
India,Tamil Nadu,"PLFS Year (Jul - Jun), 2018",15-29,Rural,Person,27.1
India,Tamil Nadu,"PLFS Year (Jul - Jun), 2018",15-29,Urban,Male,18.7
India,Tamil Nadu,"PLFS Year (Jul - Jun), 2018",15-29,Urban,Female,26.2
India,Tamil Nadu,"PLFS Year (Jul - Jun), 2018",15-29,Urban,Person,20.7
India,Tamil Nadu,"PLFS Year (Jul - Jun), 2018",15-29,Rural+Urban,Male,22.5
India,Tamil Nadu,"PLFS Year (Jul - Jun), 2018",15-29,Rural+Urban,Female,27.8
India,Tamil Nadu,"PLFS Year (Jul - Jun), 2018",15-29,Rural+Urban,Person,24.0
India,Tamil Nadu,"PLFS Year (Jul - Jun), 2018",15-59,Rural,Male,7.9
India,Tamil Nadu,"PLFS Year (Jul - Jun), 2018",15-59,Rural,Female,6.3
India,Tamil Nadu,"PLFS Year (Jul - Jun), 2018",15-59,Rural,Person,7.3
India,Tamil Nadu,"PLFS Year (Jul - Jun), 2018",15-59,Urban,Male,6.4
India,Tamil Nadu,"PLFS Year (Jul - Jun), 2018",15-59,Urban,Female,9.1
India,Tamil Nadu,"PLFS Year (Jul - Jun), 2018",15-59,Urban,Person,7.2
India,Tamil Nadu,"PLFS Year (Jul - Jun), 2018",15-59,Rural+Urban,Male,7.2
India,Tamil Nadu,"PLFS Year (Jul - Jun), 2018",15-59,Rural+Urban,Female,7.3
India,Tamil Nadu,"PLFS Year (Jul - Jun), 2018",15-59,Rural+Urban,Person,7.2
India,Tamil Nadu,"PLFS Year (Jul - Jun), 2018",15 years and above,Rural,Male,7.0
India,Tamil Nadu,"PLFS Year (Jul - Jun), 2018",15 years and above,Rural,Female,5.5
India,Tamil Nadu,"PLFS Year (Jul - Jun), 2018",15 years and above,Rural,Person,6.4
India,Tamil Nadu,"PLFS Year (Jul - Jun), 2018",15 years and above,Urban,Male,6.0
India,Tamil Nadu,"PLFS Year (Jul - Jun), 2018",15 years and above,Urban,Female,8.4
India,Tamil Nadu,"PLFS Year (Jul - Jun), 2018",15 years and above,Urban,Person,6.7
India,Tamil Nadu,"PLFS Year (Jul - Jun), 2018",15 years and above,Rural+Urban,Male,6.6
India,Tamil Nadu,"PLFS Year (Jul - Jun), 2018",15 years and above,Rural+Urban,Female,6.5
India,Tamil Nadu,"PLFS Year (Jul - Jun), 2018",15 years and above,Rural+Urban,Person,6.6
India,Tamil Nadu,"PLFS Year (Jul - Jun), 2018",all ages,Rural,Male,7.0
India,Tamil Nadu,"PLFS Year (Jul - Jun), 2018",all ages,Rural,Female,5.5
India,Tamil Nadu,"PLFS Year (Jul - Jun), 2018",all ages,Rural,Person,6.4
India,Tamil Nadu,"PLFS Year (Jul - Jun), 2018",all ages,Urban,Male,6.0
India,Tamil Nadu,"PLFS Year (Jul - Jun), 2018",all ages,Urban,Female,8.4
India,Tamil Nadu,"PLFS Year (Jul - Jun), 2018",all ages,Urban,Person,6.7
India,Tamil Nadu,"PLFS Year (Jul - Jun), 2018",all ages,Rural+Urban,Male,6.6
India,Tamil Nadu,"PLFS Year (Jul - Jun), 2018",all ages,Rural+Urban,Female,6.5
India,Tamil Nadu,"PLFS Year (Jul - Jun), 2018",all ages,Rural+Urban,Person,6.6
India,Telangana,"PLFS Year (Jul - Jun), 2018",15-29,Rural,Male,28.9
India,Telangana,"PLFS Year (Jul - Jun), 2018",15-29,Rural,Female,20.6
India,Telangana,"PLFS Year (Jul - Jun), 2018",15-29,Rural,Person,25.9
India,Telangana,"PLFS Year (Jul - Jun), 2018",15-29,Urban,Male,26.3
India,Telangana,"PLFS Year (Jul - Jun), 2018",15-29,Urban,Female,38.3
India,Telangana,"PLFS Year (Jul - Jun), 2018",15-29,Urban,Person,29.4
India,Telangana,"PLFS Year (Jul - Jun), 2018",15-29,Rural+Urban,Male,27.6
India,Telangana,"PLFS Year (Jul - Jun), 2018",15-29,Rural+Urban,Female,27.1
India,Telangana,"PLFS Year (Jul - Jun), 2018",15-29,Rural+Urban,Person,27.4
India,Telangana,"PLFS Year (Jul - Jun), 2018",15-59,Rural,Male,8.6
India,Telangana,"PLFS Year (Jul - Jun), 2018",15-59,Rural,Female,5.1
India,Telangana,"PLFS Year (Jul - Jun), 2018",15-59,Rural,Person,7.2
India,Telangana,"PLFS Year (Jul - Jun), 2018",15-59,Urban,Male,9.4
India,Telangana,"PLFS Year (Jul - Jun), 2018",15-59,Urban,Female,17.8
India,Telangana,"PLFS Year (Jul - Jun), 2018",15-59,Urban,Person,11.5
India,Telangana,"PLFS Year (Jul - Jun), 2018",15-59,Rural+Urban,Male,8.9
India,Telangana,"PLFS Year (Jul - Jun), 2018",15-59,Rural+Urban,Female,8.6
India,Telangana,"PLFS Year (Jul - Jun), 2018",15-59,Rural+Urban,Person,8.8
India,Telangana,"PLFS Year (Jul - Jun), 2018",15 years and above,Rural,Male,7.9
India,Telangana,"PLFS Year (Jul - Jun), 2018",15 years and above,Rural,Female,4.7
India,Telangana,"PLFS Year (Jul - Jun), 2018",15 years and above,Rural,Person,6.6
India,Telangana,"PLFS Year (Jul - Jun), 2018",15 years and above,Urban,Male,9.0
India,Telangana,"PLFS Year (Jul - Jun), 2018",15 years and above,Urban,Female,17.3
India,Telangana,"PLFS Year (Jul - Jun), 2018",15 years and above,Urban,Person,11.0
India,Telangana,"PLFS Year (Jul - Jun), 2018",15 years and above,Rural+Urban,Male,8.4
India,Telangana,"PLFS Year (Jul - Jun), 2018",15 years and above,Rural+Urban,Female,8.0
India,Telangana,"PLFS Year (Jul - Jun), 2018",15 years and above,Rural+Urban,Person,8.3
India,Telangana,"PLFS Year (Jul - Jun), 2018",all ages,Rural,Male,8.2
India,Telangana,"PLFS Year (Jul - Jun), 2018",all ages,Rural,Female,4.7
India,Telangana,"PLFS Year (Jul - Jun), 2018",all ages,Rural,Person,6.8
India,Telangana,"PLFS Year (Jul - Jun), 2018",all ages,Urban,Male,9.0
India,Telangana,"PLFS Year (Jul - Jun), 2018",all ages,Urban,Female,17.7
India,Telangana,"PLFS Year (Jul - Jun), 2018",all ages,Urban,Person,11.2
India,Telangana,"PLFS Year (Jul - Jun), 2018",all ages,Rural+Urban,Male,8.6
India,Telangana,"PLFS Year (Jul - Jun), 2018",all ages,Rural+Urban,Female,8.1
India,Telangana,"PLFS Year (Jul - Jun), 2018",all ages,Rural+Urban,Person,8.4
India,The Dadra and Nagar Haveli and Daman and Diu,"PLFS Year (Jul - Jun), 2018",15-29,Rural,Male,2.250000000000000000000
India,The Dadra and Nagar Haveli and Daman and Diu,"PLFS Year (Jul - Jun), 2018",15-29,Rural,Female,0.000000000000000000000
India,The Dadra and Nagar Haveli and Daman and Diu,"PLFS Year (Jul - Jun), 2018",15-29,Rural,Person,1.400000000000000000000
India,The Dadra and Nagar Haveli and Daman and Diu,"PLFS Year (Jul - Jun), 2018",15-29,Urban,Male,1.650000000000000000000
India,The Dadra and Nagar Haveli and Daman and Diu,"PLFS Year (Jul - Jun), 2018",15-29,Urban,Female,10.500000000000000000000
India,The Dadra and Nagar Haveli and Daman and Diu,"PLFS Year (Jul - Jun), 2018",15-29,Urban,Person,2.350000000000000000000
India,The Dadra and Nagar Haveli and Daman and Diu,"PLFS Year (Jul - Jun), 2018",15-29,Rural+Urban,Male,1.900000000000000000000
India,The Dadra and Nagar Haveli and Daman and Diu,"PLFS Year (Jul - Jun), 2018",15-29,Rural+Urban,Female,1.700000000000000000000
India,The Dadra and Nagar Haveli and Daman and Diu,"PLFS Year (Jul - Jun), 2018",15-29,Rural+Urban,Person,1.900000000000000000000
India,The Dadra and Nagar Haveli and Daman and Diu,"PLFS Year (Jul - Jun), 2018",15-59,Rural,Male,0.900000000000000000000
India,The Dadra and Nagar Haveli and Daman and Diu,"PLFS Year (Jul - Jun), 2018",15-59,Rural,Female,0.000000000000000000000
India,The Dadra and Nagar Haveli and Daman and Diu,"PLFS Year (Jul - Jun), 2018",15-59,Rural,Person,0.600000000000000000000
India,The Dadra and Nagar Haveli and Daman and Diu,"PLFS Year (Jul - Jun), 2018",15-59,Urban,Male,0.700000000000000000000
India,The Dadra and Nagar Haveli and Daman and Diu,"PLFS Year (Jul - Jun), 2018",15-59,Urban,Female,2.700000000000000000000
India,The Dadra and Nagar Haveli and Daman and Diu,"PLFS Year (Jul - Jun), 2018",15-59,Urban,Person,0.950000000000000000000
India,The Dadra and Nagar Haveli and Daman and Diu,"PLFS Year (Jul - Jun), 2018",15-59,Rural+Urban,Male,0.800000000000000000000
India,The Dadra and Nagar Haveli and Daman and Diu,"PLFS Year (Jul - Jun), 2018",15-59,Rural+Urban,Female,0.650000000000000000000
India,The Dadra and Nagar Haveli and Daman and Diu,"PLFS Year (Jul - Jun), 2018",15-59,Rural+Urban,Person,0.750000000000000000000
India,The Dadra and Nagar Haveli and Daman and Diu,"PLFS Year (Jul - Jun), 2018",15 years and above,Rural,Male,0.900000000000000000000
India,The Dadra and Nagar Haveli and Daman and Diu,"PLFS Year (Jul - Jun), 2018",15 years and above,Rural,Female,0.000000000000000000000
India,The Dadra and Nagar Haveli and Daman and Diu,"PLFS Year (Jul - Jun), 2018",15 years and above,Rural,Person,0.550000000000000000000
India,The Dadra and Nagar Haveli and Daman and Diu,"PLFS Year (Jul - Jun), 2018",15 years and above,Urban,Male,0.650000000000000000000
India,The Dadra and Nagar Haveli and Daman and Diu,"PLFS Year (Jul - Jun), 2018",15 years and above,Urban,Female,2.700000000000000000000
India,The Dadra and Nagar Haveli and Daman and Diu,"PLFS Year (Jul - Jun), 2018",15 years and above,Urban,Person,0.900000000000000000000
India,The Dadra and Nagar Haveli and Daman and Diu,"PLFS Year (Jul - Jun), 2018",15 years and above,Rural+Urban,Male,0.750000000000000000000
India,The Dadra and Nagar Haveli and Daman and Diu,"PLFS Year (Jul - Jun), 2018",15 years and above,Rural+Urban,Female,0.650000000000000000000
India,The Dadra and Nagar Haveli and Daman and Diu,"PLFS Year (Jul - Jun), 2018",15 years and above,Rural+Urban,Person,0.750000000000000000000
India,The Dadra and Nagar Haveli and Daman and Diu,"PLFS Year (Jul - Jun), 2018",all ages,Rural,Male,0.900000000000000000000
India,The Dadra and Nagar Haveli and Daman and Diu,"PLFS Year (Jul - Jun), 2018",all ages,Rural,Female,0.000000000000000000000
India,The Dadra and Nagar Haveli and Daman and Diu,"PLFS Year (Jul - Jun), 2018",all ages,Rural,Person,0.550000000000000000000
India,The Dadra and Nagar Haveli and Daman and Diu,"PLFS Year (Jul - Jun), 2018",all ages,Urban,Male,0.650000000000000000000
India,The Dadra and Nagar Haveli and Daman and Diu,"PLFS Year (Jul - Jun), 2018",all ages,Urban,Female,2.700000000000000000000
India,The Dadra and Nagar Haveli and Daman and Diu,"PLFS Year (Jul - Jun), 2018",all ages,Urban,Person,0.900000000000000000000
India,The Dadra and Nagar Haveli and Daman and Diu,"PLFS Year (Jul - Jun), 2018",all ages,Rural+Urban,Male,0.750000000000000000000
India,The Dadra and Nagar Haveli and Daman and Diu,"PLFS Year (Jul - Jun), 2018",all ages,Rural+Urban,Female,0.650000000000000000000
India,The Dadra and Nagar Haveli and Daman and Diu,"PLFS Year (Jul - Jun), 2018",all ages,Rural+Urban,Person,0.750000000000000000000
India,Tripura,"PLFS Year (Jul - Jun), 2018",15-29,Rural,Male,20.5
India,Tripura,"PLFS Year (Jul - Jun), 2018",15-29,Rural,Female,61.5
India,Tripura,"PLFS Year (Jul - Jun), 2018",15-29,Rural,Person,28.5
India,Tripura,"PLFS Year (Jul - Jun), 2018",15-29,Urban,Male,32.7
India,Tripura,"PLFS Year (Jul - Jun), 2018",15-29,Urban,Female,60.8
India,Tripura,"PLFS Year (Jul - Jun), 2018",15-29,Urban,Person,42.0
India,Tripura,"PLFS Year (Jul - Jun), 2018",15-29,Rural+Urban,Male,22.2
India,Tripura,"PLFS Year (Jul - Jun), 2018",15-29,Rural+Urban,Female,61.3
India,Tripura,"PLFS Year (Jul - Jun), 2018",15-29,Rural+Urban,Person,30.7
India,Tripura,"PLFS Year (Jul - Jun), 2018",15-59,Rural,Male,5.8
India,Tripura,"PLFS Year (Jul - Jun), 2018",15-59,Rural,Female,29.1
India,Tripura,"PLFS Year (Jul - Jun), 2018",15-59,Rural,Person,9.8
India,Tripura,"PLFS Year (Jul - Jun), 2018",15-59,Urban,Male,8.9
India,Tripura,"PLFS Year (Jul - Jun), 2018",15-59,Urban,Female,30.6
India,Tripura,"PLFS Year (Jul - Jun), 2018",15-59,Urban,Person,14.0
India,Tripura,"PLFS Year (Jul - Jun), 2018",15-59,Rural+Urban,Male,6.4
India,Tripura,"PLFS Year (Jul - Jun), 2018",15-59,Rural+Urban,Female,29.5
India,Tripura,"PLFS Year (Jul - Jun), 2018",15-59,Rural+Urban,Person,10.5
India,Tripura,"PLFS Year (Jul - Jun), 2018",15 years and above,Rural,Male,5.5
India,Tripura,"PLFS Year (Jul - Jun), 2018",15 years and above,Rural,Female,28.3
India,Tripura,"PLFS Year (Jul - Jun), 2018",15 years and above,Rural,Person,9.3
India,Tripura,"PLFS Year (Jul - Jun), 2018",15 years and above,Urban,Male,8.3
India,Tripura,"PLFS Year (Jul - Jun), 2018",15 years and above,Urban,Female,30.1
India,Tripura,"PLFS Year (Jul - Jun), 2018",15 years and above,Urban,Person,13.2
India,Tripura,"PLFS Year (Jul - Jun), 2018",15 years and above,Rural+Urban,Male,6.0
India,Tripura,"PLFS Year (Jul - Jun), 2018",15 years and above,Rural+Urban,Female,28.8
India,Tripura,"PLFS Year (Jul - Jun), 2018",15 years and above,Rural+Urban,Person,10.0
India,Tripura,"PLFS Year (Jul - Jun), 2018",all ages,Rural,Male,5.5
India,Tripura,"PLFS Year (Jul - Jun), 2018",all ages,Rural,Female,28.3
India,Tripura,"PLFS Year (Jul - Jun), 2018",all ages,Rural,Person,9.3
India,Tripura,"PLFS Year (Jul - Jun), 2018",all ages,Urban,Male,8.7
India,Tripura,"PLFS Year (Jul - Jun), 2018",all ages,Urban,Female,30.1
India,Tripura,"PLFS Year (Jul - Jun), 2018",all ages,Urban,Person,13.5
India,Tripura,"PLFS Year (Jul - Jun), 2018",all ages,Rural+Urban,Male,6.1
India,Tripura,"PLFS Year (Jul - Jun), 2018",all ages,Rural+Urban,Female,28.7
India,Tripura,"PLFS Year (Jul - Jun), 2018",all ages,Rural+Urban,Person,10.1
India,Uttar Pradesh,"PLFS Year (Jul - Jun), 2018",15-29,Rural,Male,13.0
India,Uttar Pradesh,"PLFS Year (Jul - Jun), 2018",15-29,Rural,Female,8.7
India,Uttar Pradesh,"PLFS Year (Jul - Jun), 2018",15-29,Rural,Person,12.5
India,Uttar Pradesh,"PLFS Year (Jul - Jun), 2018",15-29,Urban,Male,22.9
India,Uttar Pradesh,"PLFS Year (Jul - Jun), 2018",15-29,Urban,Female,16.9
India,Uttar Pradesh,"PLFS Year (Jul - Jun), 2018",15-29,Urban,Person,22.3
India,Uttar Pradesh,"PLFS Year (Jul - Jun), 2018",15-29,Rural+Urban,Male,15.6
India,Uttar Pradesh,"PLFS Year (Jul - Jun), 2018",15-29,Rural+Urban,Female,10.5
India,Uttar Pradesh,"PLFS Year (Jul - Jun), 2018",15-29,Rural+Urban,Person,15.0
India,Uttar Pradesh,"PLFS Year (Jul - Jun), 2018",15-59,Rural,Male,5.3
India,Uttar Pradesh,"PLFS Year (Jul - Jun), 2018",15-59,Rural,Female,2.0
India,Uttar Pradesh,"PLFS Year (Jul - Jun), 2018",15-59,Rural,Person,4.7
India,Uttar Pradesh,"PLFS Year (Jul - Jun), 2018",15-59,Urban,Male,11.5
India,Uttar Pradesh,"PLFS Year (Jul - Jun), 2018",15-59,Urban,Female,6.2
India,Uttar Pradesh,"PLFS Year (Jul - Jun), 2018",15-59,Urban,Person,10.9
India,Uttar Pradesh,"PLFS Year (Jul - Jun), 2018",15-59,Rural+Urban,Male,6.9
India,Uttar Pradesh,"PLFS Year (Jul - Jun), 2018",15-59,Rural+Urban,Female,2.7
India,Uttar Pradesh,"PLFS Year (Jul - Jun), 2018",15-59,Rural+Urban,Person,6.2
India,Uttar Pradesh,"PLFS Year (Jul - Jun), 2018",15 years and above,Rural,Male,4.8
India,Uttar Pradesh,"PLFS Year (Jul - Jun), 2018",15 years and above,Rural,Female,1.8
India,Uttar Pradesh,"PLFS Year (Jul - Jun), 2018",15 years and above,Rural,Person,4.3
India,Uttar Pradesh,"PLFS Year (Jul - Jun), 2018",15 years and above,Urban,Male,10.9
India,Uttar Pradesh,"PLFS Year (Jul - Jun), 2018",15 years and above,Urban,Female,5.7
India,Uttar Pradesh,"PLFS Year (Jul - Jun), 2018",15 years and above,Urban,Person,10.3
India,Uttar Pradesh,"PLFS Year (Jul - Jun), 2018",15 years and above,Rural+Urban,Male,6.3
India,Uttar Pradesh,"PLFS Year (Jul - Jun), 2018",15 years and above,Rural+Urban,Female,2.5
India,Uttar Pradesh,"PLFS Year (Jul - Jun), 2018",15 years and above,Rural+Urban,Person,5.7
India,Uttar Pradesh,"PLFS Year (Jul - Jun), 2018",all ages,Rural,Male,4.8
India,Uttar Pradesh,"PLFS Year (Jul - Jun), 2018",all ages,Rural,Female,1.8
India,Uttar Pradesh,"PLFS Year (Jul - Jun), 2018",all ages,Rural,Person,4.3
India,Uttar Pradesh,"PLFS Year (Jul - Jun), 2018",all ages,Urban,Male,11.2
India,Uttar Pradesh,"PLFS Year (Jul - Jun), 2018",all ages,Urban,Female,6.1
India,Uttar Pradesh,"PLFS Year (Jul - Jun), 2018",all ages,Urban,Person,10.6
India,Uttar Pradesh,"PLFS Year (Jul - Jun), 2018",all ages,Rural+Urban,Male,6.3
India,Uttar Pradesh,"PLFS Year (Jul - Jun), 2018",all ages,Rural+Urban,Female,2.5
India,Uttar Pradesh,"PLFS Year (Jul - Jun), 2018",all ages,Rural+Urban,Person,5.7
India,Uttarakhand,"PLFS Year (Jul - Jun), 2018",15-29,Rural,Male,13.5
India,Uttarakhand,"PLFS Year (Jul - Jun), 2018",15-29,Rural,Female,41.3
India,Uttarakhand,"PLFS Year (Jul - Jun), 2018",15-29,Rural,Person,20.6
India,Uttarakhand,"PLFS Year (Jul - Jun), 2018",15-29,Urban,Male,22.9
India,Uttarakhand,"PLFS Year (Jul - Jun), 2018",15-29,Urban,Female,55.8
India,Uttarakhand,"PLFS Year (Jul - Jun), 2018",15-29,Urban,Person,29.2
India,Uttarakhand,"PLFS Year (Jul - Jun), 2018",15-29,Rural+Urban,Male,16.8
India,Uttarakhand,"PLFS Year (Jul - Jun), 2018",15-29,Rural+Urban,Female,45.3
India,Uttarakhand,"PLFS Year (Jul - Jun), 2018",15-29,Rural+Urban,Person,23.5
India,Uttarakhand,"PLFS Year (Jul - Jun), 2018",15-59,Rural,Male,5.7
India,Uttarakhand,"PLFS Year (Jul - Jun), 2018",15-59,Rural,Female,14.0
India,Uttarakhand,"PLFS Year (Jul - Jun), 2018",15-59,Rural,Person,7.8
India,Uttarakhand,"PLFS Year (Jul - Jun), 2018",15-59,Urban,Male,10.5
India,Uttarakhand,"PLFS Year (Jul - Jun), 2018",15-59,Urban,Female,30.2
India,Uttarakhand,"PLFS Year (Jul - Jun), 2018",15-59,Urban,Person,13.8
India,Uttarakhand,"PLFS Year (Jul - Jun), 2018",15-59,Rural+Urban,Male,7.2
India,Uttarakhand,"PLFS Year (Jul - Jun), 2018",15-59,Rural+Urban,Female,17.5
India,Uttarakhand,"PLFS Year (Jul - Jun), 2018",15-59,Rural+Urban,Person,9.5
India,Uttarakhand,"PLFS Year (Jul - Jun), 2018",15 years and above,Rural,Male,5.2
India,Uttarakhand,"PLFS Year (Jul - Jun), 2018",15 years and above,Rural,Female,13.3
India,Uttarakhand,"PLFS Year (Jul - Jun), 2018",15 years and above,Rural,Person,7.1
India,Uttarakhand,"PLFS Year (Jul - Jun), 2018",15 years and above,Urban,Male,10.2
India,Uttarakhand,"PLFS Year (Jul - Jun), 2018",15 years and above,Urban,Female,30.2
India,Uttarakhand,"PLFS Year (Jul - Jun), 2018",15 years and above,Urban,Person,13.4
India,Uttarakhand,"PLFS Year (Jul - Jun), 2018",15 years and above,Rural+Urban,Male,6.7
India,Uttarakhand,"PLFS Year (Jul - Jun), 2018",15 years and above,Rural+Urban,Female,16.8
India,Uttarakhand,"PLFS Year (Jul - Jun), 2018",15 years and above,Rural+Urban,Person,8.9
India,Uttarakhand,"PLFS Year (Jul - Jun), 2018",all ages,Rural,Male,5.3
India,Uttarakhand,"PLFS Year (Jul - Jun), 2018",all ages,Rural,Female,13.3
India,Uttarakhand,"PLFS Year (Jul - Jun), 2018",all ages,Rural,Person,7.2
India,Uttarakhand,"PLFS Year (Jul - Jun), 2018",all ages,Urban,Male,10.2
India,Uttarakhand,"PLFS Year (Jul - Jun), 2018",all ages,Urban,Female,30.0
India,Uttarakhand,"PLFS Year (Jul - Jun), 2018",all ages,Urban,Person,13.4
India,Uttarakhand,"PLFS Year (Jul - Jun), 2018",all ages,Rural+Urban,Male,6.7
India,Uttarakhand,"PLFS Year (Jul - Jun), 2018",all ages,Rural+Urban,Female,16.8
India,Uttarakhand,"PLFS Year (Jul - Jun), 2018",all ages,Rural+Urban,Person,8.9
India,West Bengal,"PLFS Year (Jul - Jun), 2018",15-29,Rural,Male,10.5
India,West Bengal,"PLFS Year (Jul - Jun), 2018",15-29,Rural,Female,5.4
India,West Bengal,"PLFS Year (Jul - Jun), 2018",15-29,Rural,Person,9.6
India,West Bengal,"PLFS Year (Jul - Jun), 2018",15-29,Urban,Male,15.6
India,West Bengal,"PLFS Year (Jul - Jun), 2018",15-29,Urban,Female,10.9
India,West Bengal,"PLFS Year (Jul - Jun), 2018",15-29,Urban,Person,14.4
India,West Bengal,"PLFS Year (Jul - Jun), 2018",15-29,Rural+Urban,Male,12.0
India,West Bengal,"PLFS Year (Jul - Jun), 2018",15-29,Rural+Urban,Female,7.6
India,West Bengal,"PLFS Year (Jul - Jun), 2018",15-29,Rural+Urban,Person,11.1
India,West Bengal,"PLFS Year (Jul - Jun), 2018",15-59,Rural,Male,4.1
India,West Bengal,"PLFS Year (Jul - Jun), 2018",15-59,Rural,Female,1.5
India,West Bengal,"PLFS Year (Jul - Jun), 2018",15-59,Rural,Person,3.6
India,West Bengal,"PLFS Year (Jul - Jun), 2018",15-59,Urban,Male,5.5
India,West Bengal,"PLFS Year (Jul - Jun), 2018",15-59,Urban,Female,4.0
India,West Bengal,"PLFS Year (Jul - Jun), 2018",15-59,Urban,Person,5.2
India,West Bengal,"PLFS Year (Jul - Jun), 2018",15-59,Rural+Urban,Male,4.6
India,West Bengal,"PLFS Year (Jul - Jun), 2018",15-59,Rural+Urban,Female,2.4
India,West Bengal,"PLFS Year (Jul - Jun), 2018",15-59,Rural+Urban,Person,4.1
India,West Bengal,"PLFS Year (Jul - Jun), 2018",15 years and above,Rural,Male,3.7
India,West Bengal,"PLFS Year (Jul - Jun), 2018",15 years and above,Rural,Female,1.4
India,West Bengal,"PLFS Year (Jul - Jun), 2018",15 years and above,Rural,Person,3.3
India,West Bengal,"PLFS Year (Jul - Jun), 2018",15 years and above,Urban,Male,5.2
India,West Bengal,"PLFS Year (Jul - Jun), 2018",15 years and above,Urban,Female,3.7
India,West Bengal,"PLFS Year (Jul - Jun), 2018",15 years and above,Urban,Person,4.9
India,West Bengal,"PLFS Year (Jul - Jun), 2018",15 years and above,Rural+Urban,Male,4.2
India,West Bengal,"PLFS Year (Jul - Jun), 2018",15 years and above,Rural+Urban,Female,2.3
India,West Bengal,"PLFS Year (Jul - Jun), 2018",15 years and above,Rural+Urban,Person,3.8
India,West Bengal,"PLFS Year (Jul - Jun), 2018",all ages,Rural,Male,4.0
India,West Bengal,"PLFS Year (Jul - Jun), 2018",all ages,Rural,Female,1.4
India,West Bengal,"PLFS Year (Jul - Jun), 2018",all ages,Rural,Person,3.5
India,West Bengal,"PLFS Year (Jul - Jun), 2018",all ages,Urban,Male,5.3
India,West Bengal,"PLFS Year (Jul - Jun), 2018",all ages,Urban,Female,3.7
India,West Bengal,"PLFS Year (Jul - Jun), 2018",all ages,Urban,Person,4.9
India,West Bengal,"PLFS Year (Jul - Jun), 2018",all ages,Rural+Urban,Male,4.4
India,West Bengal,"PLFS Year (Jul - Jun), 2018",all ages,Rural+Urban,Female,2.3
India,West Bengal,"PLFS Year (Jul - Jun), 2018",all ages,Rural+Urban,Person,3.9
India,Andaman and Nicobar Islands,"PLFS Year (Jul - Jun), 2017",15-29,Rural,Male,22.2
India,Andaman and Nicobar Islands,"PLFS Year (Jul - Jun), 2017",15-29,Rural,Female,78.6
India,Andaman and Nicobar Islands,"PLFS Year (Jul - Jun), 2017",15-29,Rural,Person,39.2
India,Andaman and Nicobar Islands,"PLFS Year (Jul - Jun), 2017",15-29,Urban,Male,10.0
India,Andaman and Nicobar Islands,"PLFS Year (Jul - Jun), 2017",15-29,Urban,Female,72.4
India,Andaman and Nicobar Islands,"PLFS Year (Jul - Jun), 2017",15-29,Urban,Person,34.1
India,Andaman and Nicobar Islands,"PLFS Year (Jul - Jun), 2017",15-29,Rural+Urban,Male,17.2
India,Andaman and Nicobar Islands,"PLFS Year (Jul - Jun), 2017",15-29,Rural+Urban,Female,75.5
India,Andaman and Nicobar Islands,"PLFS Year (Jul - Jun), 2017",15-29,Rural+Urban,Person,37.0
India,Andaman and Nicobar Islands,"PLFS Year (Jul - Jun), 2017",15-59,Rural,Male,6.8
India,Andaman and Nicobar Islands,"PLFS Year (Jul - Jun), 2017",15-59,Rural,Female,39.2
India,Andaman and Nicobar Islands,"PLFS Year (Jul - Jun), 2017",15-59,Rural,Person,15.1
India,Andaman and Nicobar Islands,"PLFS Year (Jul - Jun), 2017",15-59,Urban,Male,3.5
India,Andaman and Nicobar Islands,"PLFS Year (Jul - Jun), 2017",15-59,Urban,Female,47.6
India,Andaman and Nicobar Islands,"PLFS Year (Jul - Jun), 2017",15-59,Urban,Person,17.7
India,Andaman and Nicobar Islands,"PLFS Year (Jul - Jun), 2017",15-59,Rural+Urban,Male,5.5
India,Andaman and Nicobar Islands,"PLFS Year (Jul - Jun), 2017",15-59,Rural+Urban,Female,43.1
India,Andaman and Nicobar Islands,"PLFS Year (Jul - Jun), 2017",15-59,Rural+Urban,Person,16.2
India,Andaman and Nicobar Islands,"PLFS Year (Jul - Jun), 2017",15 years and above,Rural,Male,6.5
India,Andaman and Nicobar Islands,"PLFS Year (Jul - Jun), 2017",15 years and above,Rural,Female,39.0
India,Andaman and Nicobar Islands,"PLFS Year (Jul - Jun), 2017",15 years and above,Rural,Person,14.7
India,Andaman and Nicobar Islands,"PLFS Year (Jul - Jun), 2017",15 years and above,Urban,Male,3.4
India,Andaman and Nicobar Islands,"PLFS Year (Jul - Jun), 2017",15 years and above,Urban,Female,47.1
India,Andaman and Nicobar Islands,"PLFS Year (Jul - Jun), 2017",15 years and above,Urban,Person,17.4
India,Andaman and Nicobar Islands,"PLFS Year (Jul - Jun), 2017",15 years and above,Rural+Urban,Male,5.3
India,Andaman and Nicobar Islands,"PLFS Year (Jul - Jun), 2017",15 years and above,Rural+Urban,Female,42.8
India,Andaman and Nicobar Islands,"PLFS Year (Jul - Jun), 2017",15 years and above,Rural+Urban,Person,15.8
India,Andaman and Nicobar Islands,"PLFS Year (Jul - Jun), 2017",all ages,Rural,Male,6.5
India,Andaman and Nicobar Islands,"PLFS Year (Jul - Jun), 2017",all ages,Rural,Female,39.0
India,Andaman and Nicobar Islands,"PLFS Year (Jul - Jun), 2017",all ages,Rural,Person,14.7
India,Andaman and Nicobar Islands,"PLFS Year (Jul - Jun), 2017",all ages,Urban,Male,3.4
India,Andaman and Nicobar Islands,"PLFS Year (Jul - Jun), 2017",all ages,Urban,Female,47.1
India,Andaman and Nicobar Islands,"PLFS Year (Jul - Jun), 2017",all ages,Urban,Person,17.4
India,Andaman and Nicobar Islands,"PLFS Year (Jul - Jun), 2017",all ages,Rural+Urban,Male,5.3
India,Andaman and Nicobar Islands,"PLFS Year (Jul - Jun), 2017",all ages,Rural+Urban,Female,42.8
India,Andaman and Nicobar Islands,"PLFS Year (Jul - Jun), 2017",all ages,Rural+Urban,Person,15.8
India,Andhra Pradesh,"PLFS Year (Jul - Jun), 2017",15-29,Rural,Male,15.6
India,Andhra Pradesh,"PLFS Year (Jul - Jun), 2017",15-29,Rural,Female,9.3
India,Andhra Pradesh,"PLFS Year (Jul - Jun), 2017",15-29,Rural,Person,13.4
India,Andhra Pradesh,"PLFS Year (Jul - Jun), 2017",15-29,Urban,Male,20.4
India,Andhra Pradesh,"PLFS Year (Jul - Jun), 2017",15-29,Urban,Female,26.9
India,Andhra Pradesh,"PLFS Year (Jul - Jun), 2017",15-29,Urban,Person,22.8
India,Andhra Pradesh,"PLFS Year (Jul - Jun), 2017",15-29,Rural+Urban,Male,17.0
India,Andhra Pradesh,"PLFS Year (Jul - Jun), 2017",15-29,Rural+Urban,Female,14.5
India,Andhra Pradesh,"PLFS Year (Jul - Jun), 2017",15-29,Rural+Urban,Person,16.1
India,Andhra Pradesh,"PLFS Year (Jul - Jun), 2017",15-59,Rural,Male,5.1
India,Andhra Pradesh,"PLFS Year (Jul - Jun), 2017",15-59,Rural,Female,2.5
India,Andhra Pradesh,"PLFS Year (Jul - Jun), 2017",15-59,Rural,Person,4.0
India,Andhra Pradesh,"PLFS Year (Jul - Jun), 2017",15-59,Urban,Male,5.8
India,Andhra Pradesh,"PLFS Year (Jul - Jun), 2017",15-59,Urban,Female,9.4
India,Andhra Pradesh,"PLFS Year (Jul - Jun), 2017",15-59,Urban,Person,6.9
India,Andhra Pradesh,"PLFS Year (Jul - Jun), 2017",15-59,Rural+Urban,Male,5.3
India,Andhra Pradesh,"PLFS Year (Jul - Jun), 2017",15-59,Rural+Urban,Female,4.2
India,Andhra Pradesh,"PLFS Year (Jul - Jun), 2017",15-59,Rural+Urban,Person,4.9
India,Andhra Pradesh,"PLFS Year (Jul - Jun), 2017",15 years and above,Rural,Male,4.5
India,Andhra Pradesh,"PLFS Year (Jul - Jun), 2017",15 years and above,Rural,Female,2.3
India,Andhra Pradesh,"PLFS Year (Jul - Jun), 2017",15 years and above,Rural,Person,3.6
India,Andhra Pradesh,"PLFS Year (Jul - Jun), 2017",15 years and above,Urban,Male,5.5
India,Andhra Pradesh,"PLFS Year (Jul - Jun), 2017",15 years and above,Urban,Female,9.0
India,Andhra Pradesh,"PLFS Year (Jul - Jun), 2017",15 years and above,Urban,Person,6.6
India,Andhra Pradesh,"PLFS Year (Jul - Jun), 2017",15 years and above,Rural+Urban,Male,4.8
India,Andhra Pradesh,"PLFS Year (Jul - Jun), 2017",15 years and above,Rural+Urban,Female,3.9
India,Andhra Pradesh,"PLFS Year (Jul - Jun), 2017",15 years and above,Rural+Urban,Person,4.5
India,Andhra Pradesh,"PLFS Year (Jul - Jun), 2017",all ages,Rural,Male,4.5
India,Andhra Pradesh,"PLFS Year (Jul - Jun), 2017",all ages,Rural,Female,2.3
India,Andhra Pradesh,"PLFS Year (Jul - Jun), 2017",all ages,Rural,Person,3.6
India,Andhra Pradesh,"PLFS Year (Jul - Jun), 2017",all ages,Urban,Male,5.4
India,Andhra Pradesh,"PLFS Year (Jul - Jun), 2017",all ages,Urban,Female,9.1
India,Andhra Pradesh,"PLFS Year (Jul - Jun), 2017",all ages,Urban,Person,6.6
India,Andhra Pradesh,"PLFS Year (Jul - Jun), 2017",all ages,Rural+Urban,Male,4.8
India,Andhra Pradesh,"PLFS Year (Jul - Jun), 2017",all ages,Rural+Urban,Female,4.0
India,Andhra Pradesh,"PLFS Year (Jul - Jun), 2017",all ages,Rural+Urban,Person,4.5
India,Arunachal Pradesh,"PLFS Year (Jul - Jun), 2017",15-29,Rural,Male,21.6
India,Arunachal Pradesh,"PLFS Year (Jul - Jun), 2017",15-29,Rural,Female,29.8
India,Arunachal Pradesh,"PLFS Year (Jul - Jun), 2017",15-29,Rural,Person,23.6
India,Arunachal Pradesh,"PLFS Year (Jul - Jun), 2017",15-29,Urban,Male,38.1
India,Arunachal Pradesh,"PLFS Year (Jul - Jun), 2017",15-29,Urban,Female,48.8
India,Arunachal Pradesh,"PLFS Year (Jul - Jun), 2017",15-29,Urban,Person,40.8
India,Arunachal Pradesh,"PLFS Year (Jul - Jun), 2017",15-29,Rural+Urban,Male,23.9
India,Arunachal Pradesh,"PLFS Year (Jul - Jun), 2017",15-29,Rural+Urban,Female,32.7
India,Arunachal Pradesh,"PLFS Year (Jul - Jun), 2017",15-29,Rural+Urban,Person,26.1
India,Arunachal Pradesh,"PLFS Year (Jul - Jun), 2017",15-59,Rural,Male,4.5
India,Arunachal Pradesh,"PLFS Year (Jul - Jun), 2017",15-59,Rural,Female,10.3
India,Arunachal Pradesh,"PLFS Year (Jul - Jun), 2017",15-59,Rural,Person,5.4
India,Arunachal Pradesh,"PLFS Year (Jul - Jun), 2017",15-59,Urban,Male,8.0
India,Arunachal Pradesh,"PLFS Year (Jul - Jun), 2017",15-59,Urban,Female,20.6
India,Arunachal Pradesh,"PLFS Year (Jul - Jun), 2017",15-59,Urban,Person,9.7
India,Arunachal Pradesh,"PLFS Year (Jul - Jun), 2017",15-59,Rural+Urban,Male,5.0
India,Arunachal Pradesh,"PLFS Year (Jul - Jun), 2017",15-59,Rural+Urban,Female,11.7
India,Arunachal Pradesh,"PLFS Year (Jul - Jun), 2017",15-59,Rural+Urban,Person,6.0
India,Arunachal Pradesh,"PLFS Year (Jul - Jun), 2017",15 years and above,Rural,Male,4.3
India,Arunachal Pradesh,"PLFS Year (Jul - Jun), 2017",15 years and above,Rural,Female,10.2
India,Arunachal Pradesh,"PLFS Year (Jul - Jun), 2017",15 years and above,Rural,Person,5.2
India,Arunachal Pradesh,"PLFS Year (Jul - Jun), 2017",15 years and above,Urban,Male,8.0
India,Arunachal Pradesh,"PLFS Year (Jul - Jun), 2017",15 years and above,Urban,Female,20.6
India,Arunachal Pradesh,"PLFS Year (Jul - Jun), 2017",15 years and above,Urban,Person,9.6
India,Arunachal Pradesh,"PLFS Year (Jul - Jun), 2017",15 years and above,Rural+Urban,Male,4.9
India,Arunachal Pradesh,"PLFS Year (Jul - Jun), 2017",15 years and above,Rural+Urban,Female,11.5
India,Arunachal Pradesh,"PLFS Year (Jul - Jun), 2017",15 years and above,Rural+Urban,Person,5.8
India,Arunachal Pradesh,"PLFS Year (Jul - Jun), 2017",all ages,Rural,Male,4.3
India,Arunachal Pradesh,"PLFS Year (Jul - Jun), 2017",all ages,Rural,Female,10.7
India,Arunachal Pradesh,"PLFS Year (Jul - Jun), 2017",all ages,Rural,Person,5.3
India,Arunachal Pradesh,"PLFS Year (Jul - Jun), 2017",all ages,Urban,Male,8.2
India,Arunachal Pradesh,"PLFS Year (Jul - Jun), 2017",all ages,Urban,Female,20.6
India,Arunachal Pradesh,"PLFS Year (Jul - Jun), 2017",all ages,Urban,Person,9.9
India,Arunachal Pradesh,"PLFS Year (Jul - Jun), 2017",all ages,Rural+Urban,Male,4.9
India,Arunachal Pradesh,"PLFS Year (Jul - Jun), 2017",all ages,Rural+Urban,Female,12.0
India,Arunachal Pradesh,"PLFS Year (Jul - Jun), 2017",all ages,Rural+Urban,Person,5.9
India,Assam,"PLFS Year (Jul - Jun), 2017",15-29,Rural,Male,25.7
India,Assam,"PLFS Year (Jul - Jun), 2017",15-29,Rural,Female,38.5
India,Assam,"PLFS Year (Jul - Jun), 2017",15-29,Rural,Person,27.6
India,Assam,"PLFS Year (Jul - Jun), 2017",15-29,Urban,Male,18.6
India,Assam,"PLFS Year (Jul - Jun), 2017",15-29,Urban,Female,30.2
India,Assam,"PLFS Year (Jul - Jun), 2017",15-29,Urban,Person,21.1
India,Assam,"PLFS Year (Jul - Jun), 2017",15-29,Rural+Urban,Male,25.1
India,Assam,"PLFS Year (Jul - Jun), 2017",15-29,Rural+Urban,Female,37.3
India,Assam,"PLFS Year (Jul - Jun), 2017",15-29,Rural+Urban,Person,27.0
India,Assam,"PLFS Year (Jul - Jun), 2017",15-59,Rural,Male,7.8
India,Assam,"PLFS Year (Jul - Jun), 2017",15-59,Rural,Female,14.1
India,Assam,"PLFS Year (Jul - Jun), 2017",15-59,Rural,Person,8.6
India,Assam,"PLFS Year (Jul - Jun), 2017",15-59,Urban,Male,5.6
India,Assam,"PLFS Year (Jul - Jun), 2017",15-59,Urban,Female,11.8
India,Assam,"PLFS Year (Jul - Jun), 2017",15-59,Urban,Person,6.7
India,Assam,"PLFS Year (Jul - Jun), 2017",15-59,Rural+Urban,Male,7.6
India,Assam,"PLFS Year (Jul - Jun), 2017",15-59,Rural+Urban,Female,13.8
India,Assam,"PLFS Year (Jul - Jun), 2017",15-59,Rural+Urban,Person,8.4
India,Assam,"PLFS Year (Jul - Jun), 2017",15 years and above,Rural,Male,7.3
India,Assam,"PLFS Year (Jul - Jun), 2017",15 years and above,Rural,Female,14.0
India,Assam,"PLFS Year (Jul - Jun), 2017",15 years and above,Rural,Person,8.1
India,Assam,"PLFS Year (Jul - Jun), 2017",15 years and above,Urban,Male,5.3
India,Assam,"PLFS Year (Jul - Jun), 2017",15 years and above,Urban,Female,11.4
India,Assam,"PLFS Year (Jul - Jun), 2017",15 years and above,Urban,Person,6.3
India,Assam,"PLFS Year (Jul - Jun), 2017",15 years and above,Rural+Urban,Male,7.1
India,Assam,"PLFS Year (Jul - Jun), 2017",15 years and above,Rural+Urban,Female,13.6
India,Assam,"PLFS Year (Jul - Jun), 2017",15 years and above,Rural+Urban,Person,7.9
India,Assam,"PLFS Year (Jul - Jun), 2017",all ages,Rural,Male,7.4
India,Assam,"PLFS Year (Jul - Jun), 2017",all ages,Rural,Female,14.3
India,Assam,"PLFS Year (Jul - Jun), 2017",all ages,Rural,Person,8.3
India,Assam,"PLFS Year (Jul - Jun), 2017",all ages,Urban,Male,5.3
India,Assam,"PLFS Year (Jul - Jun), 2017",all ages,Urban,Female,11.4
India,Assam,"PLFS Year (Jul - Jun), 2017",all ages,Urban,Person,6.3
India,Assam,"PLFS Year (Jul - Jun), 2017",all ages,Rural+Urban,Male,7.2
India,Assam,"PLFS Year (Jul - Jun), 2017",all ages,Rural+Urban,Female,13.9
India,Assam,"PLFS Year (Jul - Jun), 2017",all ages,Rural+Urban,Person,8.1
India,Bihar,"PLFS Year (Jul - Jun), 2017",15-29,Rural,Male,22.5
India,Bihar,"PLFS Year (Jul - Jun), 2017",15-29,Rural,Female,11.8
India,Bihar,"PLFS Year (Jul - Jun), 2017",15-29,Rural,Person,22.2
India,Bihar,"PLFS Year (Jul - Jun), 2017",15-29,Urban,Male,28.4
India,Bihar,"PLFS Year (Jul - Jun), 2017",15-29,Urban,Female,38.2
India,Bihar,"PLFS Year (Jul - Jun), 2017",15-29,Urban,Person,28.9
India,Bihar,"PLFS Year (Jul - Jun), 2017",15-29,Rural+Urban,Male,23.0
India,Bihar,"PLFS Year (Jul - Jun), 2017",15-29,Rural+Urban,Female,15.7
India,Bihar,"PLFS Year (Jul - Jun), 2017",15-29,Rural+Urban,Person,22.8
India,Bihar,"PLFS Year (Jul - Jun), 2017",15-59,Rural,Male,7.7
India,Bihar,"PLFS Year (Jul - Jun), 2017",15-59,Rural,Female,2.0
India,Bihar,"PLFS Year (Jul - Jun), 2017",15-59,Rural,Person,7.4
India,Bihar,"PLFS Year (Jul - Jun), 2017",15-59,Urban,Male,9.9
India,Bihar,"PLFS Year (Jul - Jun), 2017",15-59,Urban,Female,6.4
India,Bihar,"PLFS Year (Jul - Jun), 2017",15-59,Urban,Person,9.6
India,Bihar,"PLFS Year (Jul - Jun), 2017",15-59,Rural+Urban,Male,7.9
India,Bihar,"PLFS Year (Jul - Jun), 2017",15-59,Rural+Urban,Female,2.6
India,Bihar,"PLFS Year (Jul - Jun), 2017",15-59,Rural+Urban,Person,7.6
India,Bihar,"PLFS Year (Jul - Jun), 2017",15 years and above,Rural,Male,7.0
India,Bihar,"PLFS Year (Jul - Jun), 2017",15 years and above,Rural,Female,2.3
India,Bihar,"PLFS Year (Jul - Jun), 2017",15 years and above,Rural,Person,6.8
India,Bihar,"PLFS Year (Jul - Jun), 2017",15 years and above,Urban,Male,9.3
India,Bihar,"PLFS Year (Jul - Jun), 2017",15 years and above,Urban,Female,6.2
India,Bihar,"PLFS Year (Jul - Jun), 2017",15 years and above,Urban,Person,9.0
India,Bihar,"PLFS Year (Jul - Jun), 2017",15 years and above,Rural+Urban,Male,7.2
India,Bihar,"PLFS Year (Jul - Jun), 2017",15 years and above,Rural+Urban,Female,2.8
India,Bihar,"PLFS Year (Jul - Jun), 2017",15 years and above,Rural+Urban,Person,7.0
India,Bihar,"PLFS Year (Jul - Jun), 2017",all ages,Rural,Male,7.2
India,Bihar,"PLFS Year (Jul - Jun), 2017",all ages,Rural,Female,2.3
India,Bihar,"PLFS Year (Jul - Jun), 2017",all ages,Rural,Person,7.0
India,Bihar,"PLFS Year (Jul - Jun), 2017",all ages,Urban,Male,9.2
India,Bihar,"PLFS Year (Jul - Jun), 2017",all ages,Urban,Female,6.2
India,Bihar,"PLFS Year (Jul - Jun), 2017",all ages,Urban,Person,9.0
India,Bihar,"PLFS Year (Jul - Jun), 2017",all ages,Rural+Urban,Male,7.4
India,Bihar,"PLFS Year (Jul - Jun), 2017",all ages,Rural+Urban,Female,2.8
India,Bihar,"PLFS Year (Jul - Jun), 2017",all ages,Rural+Urban,Person,7.2
India,Chandigarh,"PLFS Year (Jul - Jun), 2017",15-29,Rural,Male,17.2
India,Chandigarh,"PLFS Year (Jul - Jun), 2017",15-29,Rural,Female,4.9
India,Chandigarh,"PLFS Year (Jul - Jun), 2017",15-29,Rural,Person,15.3
India,Chandigarh,"PLFS Year (Jul - Jun), 2017",15-29,Urban,Male,10.0
India,Chandigarh,"PLFS Year (Jul - Jun), 2017",15-29,Urban,Female,24.1
India,Chandigarh,"PLFS Year (Jul - Jun), 2017",15-29,Urban,Person,14.1
India,Chandigarh,"PLFS Year (Jul - Jun), 2017",15-29,Rural+Urban,Male,10.2
India,Chandigarh,"PLFS Year (Jul - Jun), 2017",15-29,Rural+Urban,Female,23.9
India,Chandigarh,"PLFS Year (Jul - Jun), 2017",15-29,Rural+Urban,Person,14.1
India,Chandigarh,"PLFS Year (Jul - Jun), 2017",15-59,Rural,Male,3.9
India,Chandigarh,"PLFS Year (Jul - Jun), 2017",15-59,Rural,Female,1.3
India,Chandigarh,"PLFS Year (Jul - Jun), 2017",15-59,Rural,Person,3.5
India,Chandigarh,"PLFS Year (Jul - Jun), 2017",15-59,Urban,Male,5.6
India,Chandigarh,"PLFS Year (Jul - Jun), 2017",15-59,Urban,Female,21.6
India,Chandigarh,"PLFS Year (Jul - Jun), 2017",15-59,Urban,Person,9.7
India,Chandigarh,"PLFS Year (Jul - Jun), 2017",15-59,Rural+Urban,Male,5.5
India,Chandigarh,"PLFS Year (Jul - Jun), 2017",15-59,Rural+Urban,Female,21.2
India,Chandigarh,"PLFS Year (Jul - Jun), 2017",15-59,Rural+Urban,Person,9.5
India,Chandigarh,"PLFS Year (Jul - Jun), 2017",15 years and above,Rural,Male,3.9
India,Chandigarh,"PLFS Year (Jul - Jun), 2017",15 years and above,Rural,Female,1.3
India,Chandigarh,"PLFS Year (Jul - Jun), 2017",15 years and above,Rural,Person,3.5
India,Chandigarh,"PLFS Year (Jul - Jun), 2017",15 years and above,Urban,Male,5.2
India,Chandigarh,"PLFS Year (Jul - Jun), 2017",15 years and above,Urban,Female,21.2
India,Chandigarh,"PLFS Year (Jul - Jun), 2017",15 years and above,Urban,Person,9.2
India,Chandigarh,"PLFS Year (Jul - Jun), 2017",15 years and above,Rural+Urban,Male,5.2
India,Chandigarh,"PLFS Year (Jul - Jun), 2017",15 years and above,Rural+Urban,Female,20.8
India,Chandigarh,"PLFS Year (Jul - Jun), 2017",15 years and above,Rural+Urban,Person,9.0
India,Chandigarh,"PLFS Year (Jul - Jun), 2017",all ages,Rural,Male,3.9
India,Chandigarh,"PLFS Year (Jul - Jun), 2017",all ages,Rural,Female,1.3
India,Chandigarh,"PLFS Year (Jul - Jun), 2017",all ages,Rural,Person,3.5
India,Chandigarh,"PLFS Year (Jul - Jun), 2017",all ages,Urban,Male,5.2
India,Chandigarh,"PLFS Year (Jul - Jun), 2017",all ages,Urban,Female,21.2
India,Chandigarh,"PLFS Year (Jul - Jun), 2017",all ages,Urban,Person,9.2
India,Chandigarh,"PLFS Year (Jul - Jun), 2017",all ages,Rural+Urban,Male,5.2
India,Chandigarh,"PLFS Year (Jul - Jun), 2017",all ages,Rural+Urban,Female,20.8
India,Chandigarh,"PLFS Year (Jul - Jun), 2017",all ages,Rural+Urban,Person,9.0
India,Chhattisgarh,"PLFS Year (Jul - Jun), 2017",15-29,Rural,Male,8.9
India,Chhattisgarh,"PLFS Year (Jul - Jun), 2017",15-29,Rural,Female,5.9
India,Chhattisgarh,"PLFS Year (Jul - Jun), 2017",15-29,Rural,Person,7.8
India,Chhattisgarh,"PLFS Year (Jul - Jun), 2017",15-29,Urban,Male,17.6
India,Chhattisgarh,"PLFS Year (Jul - Jun), 2017",15-29,Urban,Female,31.8
India,Chhattisgarh,"PLFS Year (Jul - Jun), 2017",15-29,Urban,Person,21.1
India,Chhattisgarh,"PLFS Year (Jul - Jun), 2017",15-29,Rural+Urban,Male,10.6
India,Chhattisgarh,"PLFS Year (Jul - Jun), 2017",15-29,Rural+Urban,Female,9.1
India,Chhattisgarh,"PLFS Year (Jul - Jun), 2017",15-29,Rural+Urban,Person,10.1
India,Chhattisgarh,"PLFS Year (Jul - Jun), 2017",15-59,Rural,Male,2.8
India,Chhattisgarh,"PLFS Year (Jul - Jun), 2017",15-59,Rural,Female,2.2
India,Chhattisgarh,"PLFS Year (Jul - Jun), 2017",15-59,Rural,Person,2.6
India,Chhattisgarh,"PLFS Year (Jul - Jun), 2017",15-59,Urban,Male,6.3
India,Chhattisgarh,"PLFS Year (Jul - Jun), 2017",15-59,Urban,Female,12.2
India,Chhattisgarh,"PLFS Year (Jul - Jun), 2017",15-59,Urban,Person,8.0
India,Chhattisgarh,"PLFS Year (Jul - Jun), 2017",15-59,Rural+Urban,Male,3.5
India,Chhattisgarh,"PLFS Year (Jul - Jun), 2017",15-59,Rural+Urban,Female,3.4
India,Chhattisgarh,"PLFS Year (Jul - Jun), 2017",15-59,Rural+Urban,Person,3.5
India,Chhattisgarh,"PLFS Year (Jul - Jun), 2017",15 years and above,Rural,Male,2.7
India,Chhattisgarh,"PLFS Year (Jul - Jun), 2017",15 years and above,Rural,Female,2.1
India,Chhattisgarh,"PLFS Year (Jul - Jun), 2017",15 years and above,Rural,Person,2.5
India,Chhattisgarh,"PLFS Year (Jul - Jun), 2017",15 years and above,Urban,Male,5.9
India,Chhattisgarh,"PLFS Year (Jul - Jun), 2017",15 years and above,Urban,Female,11.4
India,Chhattisgarh,"PLFS Year (Jul - Jun), 2017",15 years and above,Urban,Person,7.5
India,Chhattisgarh,"PLFS Year (Jul - Jun), 2017",15 years and above,Rural+Urban,Male,3.3
India,Chhattisgarh,"PLFS Year (Jul - Jun), 2017",15 years and above,Rural+Urban,Female,3.3
India,Chhattisgarh,"PLFS Year (Jul - Jun), 2017",15 years and above,Rural+Urban,Person,3.3
India,Chhattisgarh,"PLFS Year (Jul - Jun), 2017",all ages,Rural,Male,2.7
India,Chhattisgarh,"PLFS Year (Jul - Jun), 2017",all ages,Rural,Female,2.1
India,Chhattisgarh,"PLFS Year (Jul - Jun), 2017",all ages,Rural,Person,2.5
India,Chhattisgarh,"PLFS Year (Jul - Jun), 2017",all ages,Urban,Male,5.9
India,Chhattisgarh,"PLFS Year (Jul - Jun), 2017",all ages,Urban,Female,11.4
India,Chhattisgarh,"PLFS Year (Jul - Jun), 2017",all ages,Urban,Person,7.5
India,Chhattisgarh,"PLFS Year (Jul - Jun), 2017",all ages,Rural+Urban,Male,3.3
India,Chhattisgarh,"PLFS Year (Jul - Jun), 2017",all ages,Rural+Urban,Female,3.3
India,Chhattisgarh,"PLFS Year (Jul - Jun), 2017",all ages,Rural+Urban,Person,3.3
India,Delhi,"PLFS Year (Jul - Jun), 2017",15-29,Rural,Male,10.6
India,Delhi,"PLFS Year (Jul - Jun), 2017",15-29,Rural,Female,0.0
India,Delhi,"PLFS Year (Jul - Jun), 2017",15-29,Rural,Person,10.5
India,Delhi,"PLFS Year (Jul - Jun), 2017",15-29,Urban,Male,22.4
India,Delhi,"PLFS Year (Jul - Jun), 2017",15-29,Urban,Female,23.6
India,Delhi,"PLFS Year (Jul - Jun), 2017",15-29,Urban,Person,22.5
India,Delhi,"PLFS Year (Jul - Jun), 2017",15-29,Rural+Urban,Male,22.1
India,Delhi,"PLFS Year (Jul - Jun), 2017",15-29,Rural+Urban,Female,23.5
India,Delhi,"PLFS Year (Jul - Jun), 2017",15-29,Rural+Urban,Person,22.2
India,Delhi,"PLFS Year (Jul - Jun), 2017",15-59,Rural,Male,3.7
India,Delhi,"PLFS Year (Jul - Jun), 2017",15-59,Rural,Female,0.0
India,Delhi,"PLFS Year (Jul - Jun), 2017",15-59,Rural,Person,3.6
India,Delhi,"PLFS Year (Jul - Jun), 2017",15-59,Urban,Male,9.7
India,Delhi,"PLFS Year (Jul - Jun), 2017",15-59,Urban,Female,11.2
India,Delhi,"PLFS Year (Jul - Jun), 2017",15-59,Urban,Person,9.9
India,Delhi,"PLFS Year (Jul - Jun), 2017",15-59,Rural+Urban,Male,9.6
India,Delhi,"PLFS Year (Jul - Jun), 2017",15-59,Rural+Urban,Female,11.2
India,Delhi,"PLFS Year (Jul - Jun), 2017",15-59,Rural+Urban,Person,9.8
India,Delhi,"PLFS Year (Jul - Jun), 2017",15 years and above,Rural,Male,3.6
India,Delhi,"PLFS Year (Jul - Jun), 2017",15 years and above,Rural,Female,0.0
India,Delhi,"PLFS Year (Jul - Jun), 2017",15 years and above,Rural,Person,3.5
India,Delhi,"PLFS Year (Jul - Jun), 2017",15 years and above,Urban,Male,9.4
India,Delhi,"PLFS Year (Jul - Jun), 2017",15 years and above,Urban,Female,10.7
India,Delhi,"PLFS Year (Jul - Jun), 2017",15 years and above,Urban,Person,9.5
India,Delhi,"PLFS Year (Jul - Jun), 2017",15 years and above,Rural+Urban,Male,9.2
India,Delhi,"PLFS Year (Jul - Jun), 2017",15 years and above,Rural+Urban,Female,10.7
India,Delhi,"PLFS Year (Jul - Jun), 2017",15 years and above,Rural+Urban,Person,9.4
India,Delhi,"PLFS Year (Jul - Jun), 2017",all ages,Rural,Male,3.6
India,Delhi,"PLFS Year (Jul - Jun), 2017",all ages,Rural,Female,0.0
India,Delhi,"PLFS Year (Jul - Jun), 2017",all ages,Rural,Person,3.5
India,Delhi,"PLFS Year (Jul - Jun), 2017",all ages,Urban,Male,9.6
India,Delhi,"PLFS Year (Jul - Jun), 2017",all ages,Urban,Female,11.4
India,Delhi,"PLFS Year (Jul - Jun), 2017",all ages,Urban,Person,9.8
India,Delhi,"PLFS Year (Jul - Jun), 2017",all ages,Rural+Urban,Male,9.4
India,Delhi,"PLFS Year (Jul - Jun), 2017",all ages,Rural+Urban,Female,11.4
India,Delhi,"PLFS Year (Jul - Jun), 2017",all ages,Rural+Urban,Person,9.7
India,Goa,"PLFS Year (Jul - Jun), 2017",15-29,Rural,Male,27.8
India,Goa,"PLFS Year (Jul - Jun), 2017",15-29,Rural,Female,42.0
India,Goa,"PLFS Year (Jul - Jun), 2017",15-29,Rural,Person,32.9
India,Goa,"PLFS Year (Jul - Jun), 2017",15-29,Urban,Male,14.3
India,Goa,"PLFS Year (Jul - Jun), 2017",15-29,Urban,Female,42.2
India,Goa,"PLFS Year (Jul - Jun), 2017",15-29,Urban,Person,25.0
India,Goa,"PLFS Year (Jul - Jun), 2017",15-29,Rural+Urban,Male,20.8
India,Goa,"PLFS Year (Jul - Jun), 2017",15-29,Rural+Urban,Female,42.1
India,Goa,"PLFS Year (Jul - Jun), 2017",15-29,Rural+Urban,Person,28.7
India,Goa,"PLFS Year (Jul - Jun), 2017",15-59,Rural,Male,11.3
India,Goa,"PLFS Year (Jul - Jun), 2017",15-59,Rural,Female,22.0
India,Goa,"PLFS Year (Jul - Jun), 2017",15-59,Rural,Person,14.6
India,Goa,"PLFS Year (Jul - Jun), 2017",15-59,Urban,Male,6.7
India,Goa,"PLFS Year (Jul - Jun), 2017",15-59,Urban,Female,30.6
India,Goa,"PLFS Year (Jul - Jun), 2017",15-59,Urban,Person,15.1
India,Goa,"PLFS Year (Jul - Jun), 2017",15-59,Rural+Urban,Male,8.9
India,Goa,"PLFS Year (Jul - Jun), 2017",15-59,Rural+Urban,Female,27.0
India,Goa,"PLFS Year (Jul - Jun), 2017",15-59,Rural+Urban,Person,14.9
India,Goa,"PLFS Year (Jul - Jun), 2017",15 years and above,Rural,Male,10.7
India,Goa,"PLFS Year (Jul - Jun), 2017",15 years and above,Rural,Female,21.0
India,Goa,"PLFS Year (Jul - Jun), 2017",15 years and above,Rural,Person,13.9
India,Goa,"PLFS Year (Jul - Jun), 2017",15 years and above,Urban,Male,6.0
India,Goa,"PLFS Year (Jul - Jun), 2017",15 years and above,Urban,Female,29.8
India,Goa,"PLFS Year (Jul - Jun), 2017",15 years and above,Urban,Person,13.8
India,Goa,"PLFS Year (Jul - Jun), 2017",15 years and above,Rural+Urban,Male,8.1
India,Goa,"PLFS Year (Jul - Jun), 2017",15 years and above,Rural+Urban,Female,26.0
India,Goa,"PLFS Year (Jul - Jun), 2017",15 years and above,Rural+Urban,Person,13.9
India,Goa,"PLFS Year (Jul - Jun), 2017",all ages,Rural,Male,10.7
India,Goa,"PLFS Year (Jul - Jun), 2017",all ages,Rural,Female,21.0
India,Goa,"PLFS Year (Jul - Jun), 2017",all ages,Rural,Person,13.9
India,Goa,"PLFS Year (Jul - Jun), 2017",all ages,Urban,Male,6.0
India,Goa,"PLFS Year (Jul - Jun), 2017",all ages,Urban,Female,29.8
India,Goa,"PLFS Year (Jul - Jun), 2017",all ages,Urban,Person,13.8
India,Goa,"PLFS Year (Jul - Jun), 2017",all ages,Rural+Urban,Male,8.1
India,Goa,"PLFS Year (Jul - Jun), 2017",all ages,Rural+Urban,Female,26.0
India,Goa,"PLFS Year (Jul - Jun), 2017",all ages,Rural+Urban,Person,13.9
India,Gujarat,"PLFS Year (Jul - Jun), 2017",15-29,Rural,Male,15.2
India,Gujarat,"PLFS Year (Jul - Jun), 2017",15-29,Rural,Female,13.6
India,Gujarat,"PLFS Year (Jul - Jun), 2017",15-29,Rural,Person,14.9
India,Gujarat,"PLFS Year (Jul - Jun), 2017",15-29,Urban,Male,10.9
India,Gujarat,"PLFS Year (Jul - Jun), 2017",15-29,Urban,Female,10.0
India,Gujarat,"PLFS Year (Jul - Jun), 2017",15-29,Urban,Person,10.7
India,Gujarat,"PLFS Year (Jul - Jun), 2017",15-29,Rural+Urban,Male,13.5
India,Gujarat,"PLFS Year (Jul - Jun), 2017",15-29,Rural+Urban,Female,12.0
India,Gujarat,"PLFS Year (Jul - Jun), 2017",15-29,Rural+Urban,Person,13.3
India,Gujarat,"PLFS Year (Jul - Jun), 2017",15-59,Rural,Male,5.8
India,Gujarat,"PLFS Year (Jul - Jun), 2017",15-59,Rural,Female,4.2
India,Gujarat,"PLFS Year (Jul - Jun), 2017",15-59,Rural,Person,5.5
India,Gujarat,"PLFS Year (Jul - Jun), 2017",15-59,Urban,Male,4.4
India,Gujarat,"PLFS Year (Jul - Jun), 2017",15-59,Urban,Female,4.5
India,Gujarat,"PLFS Year (Jul - Jun), 2017",15-59,Urban,Person,4.5
India,Gujarat,"PLFS Year (Jul - Jun), 2017",15-59,Rural+Urban,Male,5.3
India,Gujarat,"PLFS Year (Jul - Jun), 2017",15-59,Rural+Urban,Female,4.3
India,Gujarat,"PLFS Year (Jul - Jun), 2017",15-59,Rural+Urban,Person,5.1
India,Gujarat,"PLFS Year (Jul - Jun), 2017",15 years and above,Rural,Male,5.4
India,Gujarat,"PLFS Year (Jul - Jun), 2017",15 years and above,Rural,Female,4.1
India,Gujarat,"PLFS Year (Jul - Jun), 2017",15 years and above,Rural,Person,5.2
India,Gujarat,"PLFS Year (Jul - Jun), 2017",15 years and above,Urban,Male,4.2
India,Gujarat,"PLFS Year (Jul - Jun), 2017",15 years and above,Urban,Female,4.3
India,Gujarat,"PLFS Year (Jul - Jun), 2017",15 years and above,Urban,Person,4.2
India,Gujarat,"PLFS Year (Jul - Jun), 2017",15 years and above,Rural+Urban,Male,5.0
India,Gujarat,"PLFS Year (Jul - Jun), 2017",15 years and above,Rural+Urban,Female,4.1
India,Gujarat,"PLFS Year (Jul - Jun), 2017",15 years and above,Rural+Urban,Person,4.8
India,Gujarat,"PLFS Year (Jul - Jun), 2017",all ages,Rural,Male,5.5
India,Gujarat,"PLFS Year (Jul - Jun), 2017",all ages,Rural,Female,4.0
India,Gujarat,"PLFS Year (Jul - Jun), 2017",all ages,Rural,Person,5.2
India,Gujarat,"PLFS Year (Jul - Jun), 2017",all ages,Urban,Male,4.3
India,Gujarat,"PLFS Year (Jul - Jun), 2017",all ages,Urban,Female,4.3
India,Gujarat,"PLFS Year (Jul - Jun), 2017",all ages,Urban,Person,4.3
India,Gujarat,"PLFS Year (Jul - Jun), 2017",all ages,Rural+Urban,Male,5.0
India,Gujarat,"PLFS Year (Jul - Jun), 2017",all ages,Rural+Urban,Female,4.1
India,Gujarat,"PLFS Year (Jul - Jun), 2017",all ages,Rural+Urban,Person,4.8
India,Haryana,"PLFS Year (Jul - Jun), 2017",15-29,Rural,Male,22.0
India,Haryana,"PLFS Year (Jul - Jun), 2017",15-29,Rural,Female,29.4
India,Haryana,"PLFS Year (Jul - Jun), 2017",15-29,Rural,Person,23.1
India,Haryana,"PLFS Year (Jul - Jun), 2017",15-29,Urban,Male,13.1
India,Haryana,"PLFS Year (Jul - Jun), 2017",15-29,Urban,Female,36.1
India,Haryana,"PLFS Year (Jul - Jun), 2017",15-29,Urban,Person,16.3
India,Haryana,"PLFS Year (Jul - Jun), 2017",15-29,Rural+Urban,Male,18.9
India,Haryana,"PLFS Year (Jul - Jun), 2017",15-29,Rural+Urban,Female,31.6
India,Haryana,"PLFS Year (Jul - Jun), 2017",15-29,Rural+Urban,Person,20.7
India,Haryana,"PLFS Year (Jul - Jun), 2017",15-59,Rural,Male,9.5
India,Haryana,"PLFS Year (Jul - Jun), 2017",15-59,Rural,Female,10.3
India,Haryana,"PLFS Year (Jul - Jun), 2017",15-59,Rural,Person,9.7
India,Haryana,"PLFS Year (Jul - Jun), 2017",15-59,Urban,Male,6.2
India,Haryana,"PLFS Year (Jul - Jun), 2017",15-59,Urban,Female,12.2
India,Haryana,"PLFS Year (Jul - Jun), 2017",15-59,Urban,Person,7.1
India,Haryana,"PLFS Year (Jul - Jun), 2017",15-59,Rural+Urban,Male,8.4
India,Haryana,"PLFS Year (Jul - Jun), 2017",15-59,Rural+Urban,Female,11.0
India,Haryana,"PLFS Year (Jul - Jun), 2017",15-59,Rural+Urban,Person,8.8
India,Haryana,"PLFS Year (Jul - Jun), 2017",15 years and above,Rural,Male,9.0
India,Haryana,"PLFS Year (Jul - Jun), 2017",15 years and above,Rural,Female,9.9
India,Haryana,"PLFS Year (Jul - Jun), 2017",15 years and above,Rural,Person,9.2
India,Haryana,"PLFS Year (Jul - Jun), 2017",15 years and above,Urban,Male,6.0
India,Haryana,"PLFS Year (Jul - Jun), 2017",15 years and above,Urban,Female,12.0
India,Haryana,"PLFS Year (Jul - Jun), 2017",15 years and above,Urban,Person,6.9
India,Haryana,"PLFS Year (Jul - Jun), 2017",15 years and above,Rural+Urban,Male,8.0
India,Haryana,"PLFS Year (Jul - Jun), 2017",15 years and above,Rural+Urban,Female,10.6
India,Haryana,"PLFS Year (Jul - Jun), 2017",15 years and above,Rural+Urban,Person,8.4
India,Haryana,"PLFS Year (Jul - Jun), 2017",all ages,Rural,Male,9.0
India,Haryana,"PLFS Year (Jul - Jun), 2017",all ages,Rural,Female,11.0
India,Haryana,"PLFS Year (Jul - Jun), 2017",all ages,Rural,Person,9.3
India,Haryana,"PLFS Year (Jul - Jun), 2017",all ages,Urban,Male,6.5
India,Haryana,"PLFS Year (Jul - Jun), 2017",all ages,Urban,Female,12.0
India,Haryana,"PLFS Year (Jul - Jun), 2017",all ages,Urban,Person,7.3
India,Haryana,"PLFS Year (Jul - Jun), 2017",all ages,Rural+Urban,Male,8.1
India,Haryana,"PLFS Year (Jul - Jun), 2017",all ages,Rural+Urban,Female,11.4
India,Haryana,"PLFS Year (Jul - Jun), 2017",all ages,Rural+Urban,Person,8.6
India,Himachal Pradesh,"PLFS Year (Jul - Jun), 2017",15-29,Rural,Male,21.3
India,Himachal Pradesh,"PLFS Year (Jul - Jun), 2017",15-29,Rural,Female,12.7
India,Himachal Pradesh,"PLFS Year (Jul - Jun), 2017",15-29,Rural,Person,17.7
India,Himachal Pradesh,"PLFS Year (Jul - Jun), 2017",15-29,Urban,Male,18.6
India,Himachal Pradesh,"PLFS Year (Jul - Jun), 2017",15-29,Urban,Female,46.0
India,Himachal Pradesh,"PLFS Year (Jul - Jun), 2017",15-29,Urban,Person,22.9
India,Himachal Pradesh,"PLFS Year (Jul - Jun), 2017",15-29,Rural+Urban,Male,20.8
India,Himachal Pradesh,"PLFS Year (Jul - Jun), 2017",15-29,Rural+Urban,Female,14.4
India,Himachal Pradesh,"PLFS Year (Jul - Jun), 2017",15-29,Rural+Urban,Person,18.4
India,Himachal Pradesh,"PLFS Year (Jul - Jun), 2017",15-59,Rural,Male,7.0
India,Himachal Pradesh,"PLFS Year (Jul - Jun), 2017",15-59,Rural,Female,4.3
India,Himachal Pradesh,"PLFS Year (Jul - Jun), 2017",15-59,Rural,Person,5.9
India,Himachal Pradesh,"PLFS Year (Jul - Jun), 2017",15-59,Urban,Male,7.8
India,Himachal Pradesh,"PLFS Year (Jul - Jun), 2017",15-59,Urban,Female,14.5
India,Himachal Pradesh,"PLFS Year (Jul - Jun), 2017",15-59,Urban,Person,9.2
India,Himachal Pradesh,"PLFS Year (Jul - Jun), 2017",15-59,Rural+Urban,Male,7.1
India,Himachal Pradesh,"PLFS Year (Jul - Jun), 2017",15-59,Rural+Urban,Female,4.8
India,Himachal Pradesh,"PLFS Year (Jul - Jun), 2017",15-59,Rural+Urban,Person,6.2
India,Himachal Pradesh,"PLFS Year (Jul - Jun), 2017",15 years and above,Rural,Male,6.2
India,Himachal Pradesh,"PLFS Year (Jul - Jun), 2017",15 years and above,Rural,Female,3.9
India,Himachal Pradesh,"PLFS Year (Jul - Jun), 2017",15 years and above,Rural,Person,5.2
India,Himachal Pradesh,"PLFS Year (Jul - Jun), 2017",15 years and above,Urban,Male,7.4
India,Himachal Pradesh,"PLFS Year (Jul - Jun), 2017",15 years and above,Urban,Female,13.7
India,Himachal Pradesh,"PLFS Year (Jul - Jun), 2017",15 years and above,Urban,Person,8.7
India,Himachal Pradesh,"PLFS Year (Jul - Jun), 2017",15 years and above,Rural+Urban,Male,6.3
India,Himachal Pradesh,"PLFS Year (Jul - Jun), 2017",15 years and above,Rural+Urban,Female,4.3
India,Himachal Pradesh,"PLFS Year (Jul - Jun), 2017",15 years and above,Rural+Urban,Person,5.5
India,Himachal Pradesh,"PLFS Year (Jul - Jun), 2017",all ages,Rural,Male,6.2
India,Himachal Pradesh,"PLFS Year (Jul - Jun), 2017",all ages,Rural,Female,3.9
India,Himachal Pradesh,"PLFS Year (Jul - Jun), 2017",all ages,Rural,Person,5.2
India,Himachal Pradesh,"PLFS Year (Jul - Jun), 2017",all ages,Urban,Male,7.4
India,Himachal Pradesh,"PLFS Year (Jul - Jun), 2017",all ages,Urban,Female,13.7
India,Himachal Pradesh,"PLFS Year (Jul - Jun), 2017",all ages,Urban,Person,8.7
India,Himachal Pradesh,"PLFS Year (Jul - Jun), 2017",all ages,Rural+Urban,Male,6.4
India,Himachal Pradesh,"PLFS Year (Jul - Jun), 2017",all ages,Rural+Urban,Female,4.3
India,Himachal Pradesh,"PLFS Year (Jul - Jun), 2017",all ages,Rural+Urban,Person,5.5
India,Jammu and Kashmir,"PLFS Year (Jul - Jun), 2017",15-29,Rural,Male,11.6
India,Jammu and Kashmir,"PLFS Year (Jul - Jun), 2017",15-29,Rural,Female,15.1
India,Jammu and Kashmir,"PLFS Year (Jul - Jun), 2017",15-29,Rural,Person,12.6
India,Jammu and Kashmir,"PLFS Year (Jul - Jun), 2017",15-29,Urban,Male,18.6
India,Jammu and Kashmir,"PLFS Year (Jul - Jun), 2017",15-29,Urban,Female,38.7
India,Jammu and Kashmir,"PLFS Year (Jul - Jun), 2017",15-29,Urban,Person,24.4
India,Jammu and Kashmir,"PLFS Year (Jul - Jun), 2017",15-29,Rural+Urban,Male,13.1
India,Jammu and Kashmir,"PLFS Year (Jul - Jun), 2017",15-29,Rural+Urban,Female,20.2
India,Jammu and Kashmir,"PLFS Year (Jul - Jun), 2017",15-29,Rural+Urban,Person,15.0
India,Jammu and Kashmir,"PLFS Year (Jul - Jun), 2017",15-59,Rural,Male,4.1
India,Jammu and Kashmir,"PLFS Year (Jul - Jun), 2017",15-59,Rural,Female,5.9
India,Jammu and Kashmir,"PLFS Year (Jul - Jun), 2017",15-59,Rural,Person,4.6
India,Jammu and Kashmir,"PLFS Year (Jul - Jun), 2017",15-59,Urban,Male,6.5
India,Jammu and Kashmir,"PLFS Year (Jul - Jun), 2017",15-59,Urban,Female,23.8
India,Jammu and Kashmir,"PLFS Year (Jul - Jun), 2017",15-59,Urban,Person,10.6
India,Jammu and Kashmir,"PLFS Year (Jul - Jun), 2017",15-59,Rural+Urban,Male,4.6
India,Jammu and Kashmir,"PLFS Year (Jul - Jun), 2017",15-59,Rural+Urban,Female,9.0
India,Jammu and Kashmir,"PLFS Year (Jul - Jun), 2017",15-59,Rural+Urban,Person,5.8
India,Jammu and Kashmir,"PLFS Year (Jul - Jun), 2017",15 years and above,Rural,Male,3.8
India,Jammu and Kashmir,"PLFS Year (Jul - Jun), 2017",15 years and above,Rural,Female,5.6
India,Jammu and Kashmir,"PLFS Year (Jul - Jun), 2017",15 years and above,Rural,Person,4.3
India,Jammu and Kashmir,"PLFS Year (Jul - Jun), 2017",15 years and above,Urban,Male,6.0
India,Jammu and Kashmir,"PLFS Year (Jul - Jun), 2017",15 years and above,Urban,Female,22.8
India,Jammu and Kashmir,"PLFS Year (Jul - Jun), 2017",15 years and above,Urban,Person,9.9
India,Jammu and Kashmir,"PLFS Year (Jul - Jun), 2017",15 years and above,Rural+Urban,Male,4.2
India,Jammu and Kashmir,"PLFS Year (Jul - Jun), 2017",15 years and above,Rural+Urban,Female,8.5
India,Jammu and Kashmir,"PLFS Year (Jul - Jun), 2017",15 years and above,Rural+Urban,Person,5.4
India,Jammu and Kashmir,"PLFS Year (Jul - Jun), 2017",all ages,Rural,Male,3.7
India,Jammu and Kashmir,"PLFS Year (Jul - Jun), 2017",all ages,Rural,Female,5.4
India,Jammu and Kashmir,"PLFS Year (Jul - Jun), 2017",all ages,Rural,Person,4.2
India,Jammu and Kashmir,"PLFS Year (Jul - Jun), 2017",all ages,Urban,Male,6.1
India,Jammu and Kashmir,"PLFS Year (Jul - Jun), 2017",all ages,Urban,Female,22.9
India,Jammu and Kashmir,"PLFS Year (Jul - Jun), 2017",all ages,Urban,Person,10.0
India,Jammu and Kashmir,"PLFS Year (Jul - Jun), 2017",all ages,Rural+Urban,Male,4.2
India,Jammu and Kashmir,"PLFS Year (Jul - Jun), 2017",all ages,Rural+Urban,Female,8.4
India,Jammu and Kashmir,"PLFS Year (Jul - Jun), 2017",all ages,Rural+Urban,Person,5.3
India,Jharkhand,"PLFS Year (Jul - Jun), 2017",15-29,Rural,Male,19.6
India,Jharkhand,"PLFS Year (Jul - Jun), 2017",15-29,Rural,Female,11.5
India,Jharkhand,"PLFS Year (Jul - Jun), 2017",15-29,Rural,Person,18.4
India,Jharkhand,"PLFS Year (Jul - Jun), 2017",15-29,Urban,Male,30.9
India,Jharkhand,"PLFS Year (Jul - Jun), 2017",15-29,Urban,Female,31.5
India,Jharkhand,"PLFS Year (Jul - Jun), 2017",15-29,Urban,Person,31.0
India,Jharkhand,"PLFS Year (Jul - Jun), 2017",15-29,Rural+Urban,Male,21.3
India,Jharkhand,"PLFS Year (Jul - Jun), 2017",15-29,Rural+Urban,Female,15.5
India,Jharkhand,"PLFS Year (Jul - Jun), 2017",15-29,Rural+Urban,Person,20.4
India,Jharkhand,"PLFS Year (Jul - Jun), 2017",15-59,Rural,Male,8.1
India,Jharkhand,"PLFS Year (Jul - Jun), 2017",15-59,Rural,Female,4.0
India,Jharkhand,"PLFS Year (Jul - Jun), 2017",15-59,Rural,Person,7.4
India,Jharkhand,"PLFS Year (Jul - Jun), 2017",15-59,Urban,Male,10.6
India,Jharkhand,"PLFS Year (Jul - Jun), 2017",15-59,Urban,Female,12.2
India,Jharkhand,"PLFS Year (Jul - Jun), 2017",15-59,Urban,Person,10.9
India,Jharkhand,"PLFS Year (Jul - Jun), 2017",15-59,Rural+Urban,Male,8.6
India,Jharkhand,"PLFS Year (Jul - Jun), 2017",15-59,Rural+Urban,Female,5.6
India,Jharkhand,"PLFS Year (Jul - Jun), 2017",15-59,Rural+Urban,Person,8.1
India,Jharkhand,"PLFS Year (Jul - Jun), 2017",15 years and above,Rural,Male,7.4
India,Jharkhand,"PLFS Year (Jul - Jun), 2017",15 years and above,Rural,Female,3.7
India,Jharkhand,"PLFS Year (Jul - Jun), 2017",15 years and above,Rural,Person,6.8
India,Jharkhand,"PLFS Year (Jul - Jun), 2017",15 years and above,Urban,Male,10.2
India,Jharkhand,"PLFS Year (Jul - Jun), 2017",15 years and above,Urban,Female,11.5
India,Jharkhand,"PLFS Year (Jul - Jun), 2017",15 years and above,Urban,Person,10.4
India,Jharkhand,"PLFS Year (Jul - Jun), 2017",15 years and above,Rural+Urban,Male,7.9
India,Jharkhand,"PLFS Year (Jul - Jun), 2017",15 years and above,Rural+Urban,Female,5.2
India,Jharkhand,"PLFS Year (Jul - Jun), 2017",15 years and above,Rural+Urban,Person,7.5
India,Jharkhand,"PLFS Year (Jul - Jun), 2017",all ages,Rural,Male,7.8
India,Jharkhand,"PLFS Year (Jul - Jun), 2017",all ages,Rural,Female,3.7
India,Jharkhand,"PLFS Year (Jul - Jun), 2017",all ages,Rural,Person,7.1
India,Jharkhand,"PLFS Year (Jul - Jun), 2017",all ages,Urban,Male,10.4
India,Jharkhand,"PLFS Year (Jul - Jun), 2017",all ages,Urban,Female,11.5
India,Jharkhand,"PLFS Year (Jul - Jun), 2017",all ages,Urban,Person,10.5
India,Jharkhand,"PLFS Year (Jul - Jun), 2017",all ages,Rural+Urban,Male,8.2
India,Jharkhand,"PLFS Year (Jul - Jun), 2017",all ages,Rural+Urban,Female,5.2
India,Jharkhand,"PLFS Year (Jul - Jun), 2017",all ages,Rural+Urban,Person,7.7
India,Karnataka,"PLFS Year (Jul - Jun), 2017",15-29,Rural,Male,14.4
India,Karnataka,"PLFS Year (Jul - Jun), 2017",15-29,Rural,Female,16.8
India,Karnataka,"PLFS Year (Jul - Jun), 2017",15-29,Rural,Person,14.9
India,Karnataka,"PLFS Year (Jul - Jun), 2017",15-29,Urban,Male,16.5
India,Karnataka,"PLFS Year (Jul - Jun), 2017",15-29,Urban,Female,18.9
India,Karnataka,"PLFS Year (Jul - Jun), 2017",15-29,Urban,Person,17.1
India,Karnataka,"PLFS Year (Jul - Jun), 2017",15-29,Rural+Urban,Male,15.2
India,Karnataka,"PLFS Year (Jul - Jun), 2017",15-29,Rural+Urban,Female,17.8
India,Karnataka,"PLFS Year (Jul - Jun), 2017",15-29,Rural+Urban,Person,15.8
India,Karnataka,"PLFS Year (Jul - Jun), 2017",15-59,Rural,Male,4.5
India,Karnataka,"PLFS Year (Jul - Jun), 2017",15-59,Rural,Female,3.6
India,Karnataka,"PLFS Year (Jul - Jun), 2017",15-59,Rural,Person,4.2
India,Karnataka,"PLFS Year (Jul - Jun), 2017",15-59,Urban,Male,6.6
India,Karnataka,"PLFS Year (Jul - Jun), 2017",15-59,Urban,Female,7.5
India,Karnataka,"PLFS Year (Jul - Jun), 2017",15-59,Urban,Person,6.8
India,Karnataka,"PLFS Year (Jul - Jun), 2017",15-59,Rural+Urban,Male,5.3
India,Karnataka,"PLFS Year (Jul - Jun), 2017",15-59,Rural+Urban,Female,4.9
India,Karnataka,"PLFS Year (Jul - Jun), 2017",15-59,Rural+Urban,Person,5.2
India,Karnataka,"PLFS Year (Jul - Jun), 2017",15 years and above,Rural,Male,4.0
India,Karnataka,"PLFS Year (Jul - Jun), 2017",15 years and above,Rural,Female,3.4
India,Karnataka,"PLFS Year (Jul - Jun), 2017",15 years and above,Rural,Person,3.9
India,Karnataka,"PLFS Year (Jul - Jun), 2017",15 years and above,Urban,Male,6.3
India,Karnataka,"PLFS Year (Jul - Jun), 2017",15 years and above,Urban,Female,7.2
India,Karnataka,"PLFS Year (Jul - Jun), 2017",15 years and above,Urban,Person,6.5
India,Karnataka,"PLFS Year (Jul - Jun), 2017",15 years and above,Rural+Urban,Male,4.9
India,Karnataka,"PLFS Year (Jul - Jun), 2017",15 years and above,Rural+Urban,Female,4.7
India,Karnataka,"PLFS Year (Jul - Jun), 2017",15 years and above,Rural+Urban,Person,4.8
India,Karnataka,"PLFS Year (Jul - Jun), 2017",all ages,Rural,Male,4.0
India,Karnataka,"PLFS Year (Jul - Jun), 2017",all ages,Rural,Female,3.4
India,Karnataka,"PLFS Year (Jul - Jun), 2017",all ages,Rural,Person,3.9
India,Karnataka,"PLFS Year (Jul - Jun), 2017",all ages,Urban,Male,6.3
India,Karnataka,"PLFS Year (Jul - Jun), 2017",all ages,Urban,Female,7.2
India,Karnataka,"PLFS Year (Jul - Jun), 2017",all ages,Urban,Person,6.5
India,Karnataka,"PLFS Year (Jul - Jun), 2017",all ages,Rural+Urban,Male,4.9
India,Karnataka,"PLFS Year (Jul - Jun), 2017",all ages,Rural+Urban,Female,4.7
India,Karnataka,"PLFS Year (Jul - Jun), 2017",all ages,Rural+Urban,Person,4.8
India,Kerala,"PLFS Year (Jul - Jun), 2017",15-29,Rural,Male,20.5
India,Kerala,"PLFS Year (Jul - Jun), 2017",15-29,Rural,Female,61.7
India,Kerala,"PLFS Year (Jul - Jun), 2017",15-29,Rural,Person,32.5
India,Kerala,"PLFS Year (Jul - Jun), 2017",15-29,Urban,Male,27.4
India,Kerala,"PLFS Year (Jul - Jun), 2017",15-29,Urban,Female,65.2
India,Kerala,"PLFS Year (Jul - Jun), 2017",15-29,Urban,Person,41.5
India,Kerala,"PLFS Year (Jul - Jun), 2017",15-29,Rural+Urban,Male,23.3
India,Kerala,"PLFS Year (Jul - Jun), 2017",15-29,Rural+Urban,Female,63.4
India,Kerala,"PLFS Year (Jul - Jun), 2017",15-29,Rural+Urban,Person,36.3
India,Kerala,"PLFS Year (Jul - Jun), 2017",15-59,Rural,Male,6.6
India,Kerala,"PLFS Year (Jul - Jun), 2017",15-59,Rural,Female,21.3
India,Kerala,"PLFS Year (Jul - Jun), 2017",15-59,Rural,Person,11.2
India,Kerala,"PLFS Year (Jul - Jun), 2017",15-59,Urban,Male,7.5
India,Kerala,"PLFS Year (Jul - Jun), 2017",15-59,Urban,Female,29.0
India,Kerala,"PLFS Year (Jul - Jun), 2017",15-59,Urban,Person,14.7
India,Kerala,"PLFS Year (Jul - Jun), 2017",15-59,Rural+Urban,Male,7.0
India,Kerala,"PLFS Year (Jul - Jun), 2017",15-59,Rural+Urban,Female,24.8
India,Kerala,"PLFS Year (Jul - Jun), 2017",15-59,Rural+Urban,Person,12.7
India,Kerala,"PLFS Year (Jul - Jun), 2017",15 years and above,Rural,Male,5.9
India,Kerala,"PLFS Year (Jul - Jun), 2017",15 years and above,Rural,Female,19.6
India,Kerala,"PLFS Year (Jul - Jun), 2017",15 years and above,Rural,Person,10.0
India,Kerala,"PLFS Year (Jul - Jun), 2017",15 years and above,Urban,Male,6.6
India,Kerala,"PLFS Year (Jul - Jun), 2017",15 years and above,Urban,Female,27.4
India,Kerala,"PLFS Year (Jul - Jun), 2017",15 years and above,Urban,Person,13.2
India,Kerala,"PLFS Year (Jul - Jun), 2017",15 years and above,Rural+Urban,Male,6.2
India,Kerala,"PLFS Year (Jul - Jun), 2017",15 years and above,Rural+Urban,Female,23.2
India,Kerala,"PLFS Year (Jul - Jun), 2017",15 years and above,Rural+Urban,Person,11.4
India,Kerala,"PLFS Year (Jul - Jun), 2017",all ages,Rural,Male,5.9
India,Kerala,"PLFS Year (Jul - Jun), 2017",all ages,Rural,Female,19.6
India,Kerala,"PLFS Year (Jul - Jun), 2017",all ages,Rural,Person,10.0
India,Kerala,"PLFS Year (Jul - Jun), 2017",all ages,Urban,Male,6.6
India,Kerala,"PLFS Year (Jul - Jun), 2017",all ages,Urban,Female,27.5
India,Kerala,"PLFS Year (Jul - Jun), 2017",all ages,Urban,Person,13.2
India,Kerala,"PLFS Year (Jul - Jun), 2017",all ages,Rural+Urban,Male,6.2
India,Kerala,"PLFS Year (Jul - Jun), 2017",all ages,Rural+Urban,Female,23.2
India,Kerala,"PLFS Year (Jul - Jun), 2017",all ages,Rural+Urban,Person,11.4
India,Ladakh,"PLFS Year (Jul - Jun), 2017",15-29,Rural,Male,11.6
India,Ladakh,"PLFS Year (Jul - Jun), 2017",15-29,Rural,Female,15.1
India,Ladakh,"PLFS Year (Jul - Jun), 2017",15-29,Rural,Person,12.6
India,Ladakh,"PLFS Year (Jul - Jun), 2017",15-29,Urban,Male,18.6
India,Ladakh,"PLFS Year (Jul - Jun), 2017",15-29,Urban,Female,38.7
India,Ladakh,"PLFS Year (Jul - Jun), 2017",15-29,Urban,Person,24.4
India,Ladakh,"PLFS Year (Jul - Jun), 2017",15-29,Rural+Urban,Male,13.1
India,Ladakh,"PLFS Year (Jul - Jun), 2017",15-29,Rural+Urban,Female,20.2
India,Ladakh,"PLFS Year (Jul - Jun), 2017",15-29,Rural+Urban,Person,15.0
India,Ladakh,"PLFS Year (Jul - Jun), 2017",15-59,Rural,Male,4.1
India,Ladakh,"PLFS Year (Jul - Jun), 2017",15-59,Rural,Female,5.9
India,Ladakh,"PLFS Year (Jul - Jun), 2017",15-59,Rural,Person,4.6
India,Ladakh,"PLFS Year (Jul - Jun), 2017",15-59,Urban,Male,6.5
India,Ladakh,"PLFS Year (Jul - Jun), 2017",15-59,Urban,Female,23.8
India,Ladakh,"PLFS Year (Jul - Jun), 2017",15-59,Urban,Person,10.6
India,Ladakh,"PLFS Year (Jul - Jun), 2017",15-59,Rural+Urban,Male,4.6
India,Ladakh,"PLFS Year (Jul - Jun), 2017",15-59,Rural+Urban,Female,9.0
India,Ladakh,"PLFS Year (Jul - Jun), 2017",15-59,Rural+Urban,Person,5.8
India,Ladakh,"PLFS Year (Jul - Jun), 2017",15 years and above,Rural,Male,3.8
India,Ladakh,"PLFS Year (Jul - Jun), 2017",15 years and above,Rural,Female,5.6
India,Ladakh,"PLFS Year (Jul - Jun), 2017",15 years and above,Rural,Person,4.3
India,Ladakh,"PLFS Year (Jul - Jun), 2017",15 years and above,Urban,Male,6.0
India,Ladakh,"PLFS Year (Jul - Jun), 2017",15 years and above,Urban,Female,22.8
India,Ladakh,"PLFS Year (Jul - Jun), 2017",15 years and above,Urban,Person,9.9
India,Ladakh,"PLFS Year (Jul - Jun), 2017",15 years and above,Rural+Urban,Male,4.2
India,Ladakh,"PLFS Year (Jul - Jun), 2017",15 years and above,Rural+Urban,Female,8.5
India,Ladakh,"PLFS Year (Jul - Jun), 2017",15 years and above,Rural+Urban,Person,5.4
India,Ladakh,"PLFS Year (Jul - Jun), 2017",all ages,Rural,Male,3.7
India,Ladakh,"PLFS Year (Jul - Jun), 2017",all ages,Rural,Female,5.4
India,Ladakh,"PLFS Year (Jul - Jun), 2017",all ages,Rural,Person,4.2
India,Ladakh,"PLFS Year (Jul - Jun), 2017",all ages,Urban,Male,6.1
India,Ladakh,"PLFS Year (Jul - Jun), 2017",all ages,Urban,Female,22.9
India,Ladakh,"PLFS Year (Jul - Jun), 2017",all ages,Urban,Person,10.0
India,Ladakh,"PLFS Year (Jul - Jun), 2017",all ages,Rural+Urban,Male,4.2
India,Ladakh,"PLFS Year (Jul - Jun), 2017",all ages,Rural+Urban,Female,8.4
India,Ladakh,"PLFS Year (Jul - Jun), 2017",all ages,Rural+Urban,Person,5.3
India,Lakshadweep,"PLFS Year (Jul - Jun), 2017",15-29,Rural,Male,30.9
India,Lakshadweep,"PLFS Year (Jul - Jun), 2017",15-29,Rural,Female,28.3
India,Lakshadweep,"PLFS Year (Jul - Jun), 2017",15-29,Rural,Person,30.3
India,Lakshadweep,"PLFS Year (Jul - Jun), 2017",15-29,Urban,Male,47.6
India,Lakshadweep,"PLFS Year (Jul - Jun), 2017",15-29,Urban,Female,79.8
India,Lakshadweep,"PLFS Year (Jul - Jun), 2017",15-29,Urban,Person,65.2
India,Lakshadweep,"PLFS Year (Jul - Jun), 2017",15-29,Rural+Urban,Male,38.8
India,Lakshadweep,"PLFS Year (Jul - Jun), 2017",15-29,Rural+Urban,Female,67.2
India,Lakshadweep,"PLFS Year (Jul - Jun), 2017",15-29,Rural+Urban,Person,50.9
India,Lakshadweep,"PLFS Year (Jul - Jun), 2017",15-59,Rural,Male,11.4
India,Lakshadweep,"PLFS Year (Jul - Jun), 2017",15-59,Rural,Female,26.6
India,Lakshadweep,"PLFS Year (Jul - Jun), 2017",15-59,Rural,Person,13.5
India,Lakshadweep,"PLFS Year (Jul - Jun), 2017",15-59,Urban,Male,13.4
India,Lakshadweep,"PLFS Year (Jul - Jun), 2017",15-59,Urban,Female,56.5
India,Lakshadweep,"PLFS Year (Jul - Jun), 2017",15-59,Urban,Person,25.6
India,Lakshadweep,"PLFS Year (Jul - Jun), 2017",15-59,Rural+Urban,Male,12.7
India,Lakshadweep,"PLFS Year (Jul - Jun), 2017",15-59,Rural+Urban,Female,50.5
India,Lakshadweep,"PLFS Year (Jul - Jun), 2017",15-59,Rural+Urban,Person,21.6
India,Lakshadweep,"PLFS Year (Jul - Jun), 2017",15 years and above,Rural,Male,11.2
India,Lakshadweep,"PLFS Year (Jul - Jun), 2017",15 years and above,Rural,Female,26.6
India,Lakshadweep,"PLFS Year (Jul - Jun), 2017",15 years and above,Rural,Person,13.3
India,Lakshadweep,"PLFS Year (Jul - Jun), 2017",15 years and above,Urban,Male,13.2
India,Lakshadweep,"PLFS Year (Jul - Jun), 2017",15 years and above,Urban,Female,56.5
India,Lakshadweep,"PLFS Year (Jul - Jun), 2017",15 years and above,Urban,Person,25.3
India,Lakshadweep,"PLFS Year (Jul - Jun), 2017",15 years and above,Rural+Urban,Male,12.5
India,Lakshadweep,"PLFS Year (Jul - Jun), 2017",15 years and above,Rural+Urban,Female,50.5
India,Lakshadweep,"PLFS Year (Jul - Jun), 2017",15 years and above,Rural+Urban,Person,21.3
India,Lakshadweep,"PLFS Year (Jul - Jun), 2017",all ages,Rural,Male,11.2
India,Lakshadweep,"PLFS Year (Jul - Jun), 2017",all ages,Rural,Female,26.6
India,Lakshadweep,"PLFS Year (Jul - Jun), 2017",all ages,Rural,Person,13.3
India,Lakshadweep,"PLFS Year (Jul - Jun), 2017",all ages,Urban,Male,13.2
India,Lakshadweep,"PLFS Year (Jul - Jun), 2017",all ages,Urban,Female,56.5
India,Lakshadweep,"PLFS Year (Jul - Jun), 2017",all ages,Urban,Person,25.3
India,Lakshadweep,"PLFS Year (Jul - Jun), 2017",all ages,Rural+Urban,Male,12.5
India,Lakshadweep,"PLFS Year (Jul - Jun), 2017",all ages,Rural+Urban,Female,50.5
India,Lakshadweep,"PLFS Year (Jul - Jun), 2017",all ages,Rural+Urban,Person,21.3
India,Madhya Pradesh,"PLFS Year (Jul - Jun), 2017",15-29,Rural,Male,11.4
India,Madhya Pradesh,"PLFS Year (Jul - Jun), 2017",15-29,Rural,Female,4.8
India,Madhya Pradesh,"PLFS Year (Jul - Jun), 2017",15-29,Rural,Person,10.0
India,Madhya Pradesh,"PLFS Year (Jul - Jun), 2017",15-29,Urban,Male,18.4
India,Madhya Pradesh,"PLFS Year (Jul - Jun), 2017",15-29,Urban,Female,22.9
India,Madhya Pradesh,"PLFS Year (Jul - Jun), 2017",15-29,Urban,Person,19.3
India,Madhya Pradesh,"PLFS Year (Jul - Jun), 2017",15-29,Rural+Urban,Male,13.0
India,Madhya Pradesh,"PLFS Year (Jul - Jun), 2017",15-29,Rural+Urban,Female,8.4
India,Madhya Pradesh,"PLFS Year (Jul - Jun), 2017",15-29,Rural+Urban,Person,12.0
India,Madhya Pradesh,"PLFS Year (Jul - Jun), 2017",15-59,Rural,Male,4.6
India,Madhya Pradesh,"PLFS Year (Jul - Jun), 2017",15-59,Rural,Female,1.2
India,Madhya Pradesh,"PLFS Year (Jul - Jun), 2017",15-59,Rural,Person,3.6
India,Madhya Pradesh,"PLFS Year (Jul - Jun), 2017",15-59,Urban,Male,8.2
India,Madhya Pradesh,"PLFS Year (Jul - Jun), 2017",15-59,Urban,Female,7.3
India,Madhya Pradesh,"PLFS Year (Jul - Jun), 2017",15-59,Urban,Person,8.0
India,Madhya Pradesh,"PLFS Year (Jul - Jun), 2017",15-59,Rural+Urban,Male,5.5
India,Madhya Pradesh,"PLFS Year (Jul - Jun), 2017",15-59,Rural+Urban,Female,2.2
India,Madhya Pradesh,"PLFS Year (Jul - Jun), 2017",15-59,Rural+Urban,Person,4.6
India,Madhya Pradesh,"PLFS Year (Jul - Jun), 2017",15 years and above,Rural,Male,4.3
India,Madhya Pradesh,"PLFS Year (Jul - Jun), 2017",15 years and above,Rural,Female,1.2
India,Madhya Pradesh,"PLFS Year (Jul - Jun), 2017",15 years and above,Rural,Person,3.4
India,Madhya Pradesh,"PLFS Year (Jul - Jun), 2017",15 years and above,Urban,Male,7.8
India,Madhya Pradesh,"PLFS Year (Jul - Jun), 2017",15 years and above,Urban,Female,6.9
India,Madhya Pradesh,"PLFS Year (Jul - Jun), 2017",15 years and above,Urban,Person,7.6
India,Madhya Pradesh,"PLFS Year (Jul - Jun), 2017",15 years and above,Rural+Urban,Male,5.1
India,Madhya Pradesh,"PLFS Year (Jul - Jun), 2017",15 years and above,Rural+Urban,Female,2.1
India,Madhya Pradesh,"PLFS Year (Jul - Jun), 2017",15 years and above,Rural+Urban,Person,4.3
India,Madhya Pradesh,"PLFS Year (Jul - Jun), 2017",all ages,Rural,Male,4.5
India,Madhya Pradesh,"PLFS Year (Jul - Jun), 2017",all ages,Rural,Female,1.2
India,Madhya Pradesh,"PLFS Year (Jul - Jun), 2017",all ages,Rural,Person,3.6
India,Madhya Pradesh,"PLFS Year (Jul - Jun), 2017",all ages,Urban,Male,7.9
India,Madhya Pradesh,"PLFS Year (Jul - Jun), 2017",all ages,Urban,Female,6.9
India,Madhya Pradesh,"PLFS Year (Jul - Jun), 2017",all ages,Urban,Person,7.7
India,Madhya Pradesh,"PLFS Year (Jul - Jun), 2017",all ages,Rural+Urban,Male,5.3
India,Madhya Pradesh,"PLFS Year (Jul - Jun), 2017",all ages,Rural+Urban,Female,2.1
India,Madhya Pradesh,"PLFS Year (Jul - Jun), 2017",all ages,Rural+Urban,Person,4.5
India,Maharashtra,"PLFS Year (Jul - Jun), 2017",15-29,Rural,Male,12.1
India,Maharashtra,"PLFS Year (Jul - Jun), 2017",15-29,Rural,Female,12.3
India,Maharashtra,"PLFS Year (Jul - Jun), 2017",15-29,Rural,Person,12.1
India,Maharashtra,"PLFS Year (Jul - Jun), 2017",15-29,Urban,Male,17.0
India,Maharashtra,"PLFS Year (Jul - Jun), 2017",15-29,Urban,Female,24.6
India,Maharashtra,"PLFS Year (Jul - Jun), 2017",15-29,Urban,Person,18.9
India,Maharashtra,"PLFS Year (Jul - Jun), 2017",15-29,Rural+Urban,Male,14.2
India,Maharashtra,"PLFS Year (Jul - Jun), 2017",15-29,Rural+Urban,Female,17.1
India,Maharashtra,"PLFS Year (Jul - Jun), 2017",15-29,Rural+Urban,Person,15.0
India,Maharashtra,"PLFS Year (Jul - Jun), 2017",15-59,Rural,Male,3.8
India,Maharashtra,"PLFS Year (Jul - Jun), 2017",15-59,Rural,Female,3.0
India,Maharashtra,"PLFS Year (Jul - Jun), 2017",15-59,Rural,Person,3.6
India,Maharashtra,"PLFS Year (Jul - Jun), 2017",15-59,Urban,Male,6.5
India,Maharashtra,"PLFS Year (Jul - Jun), 2017",15-59,Urban,Female,11.9
India,Maharashtra,"PLFS Year (Jul - Jun), 2017",15-59,Urban,Person,7.7
India,Maharashtra,"PLFS Year (Jul - Jun), 2017",15-59,Rural+Urban,Male,5.0
India,Maharashtra,"PLFS Year (Jul - Jun), 2017",15-59,Rural+Urban,Female,5.7
India,Maharashtra,"PLFS Year (Jul - Jun), 2017",15-59,Rural+Urban,Person,5.2
India,Maharashtra,"PLFS Year (Jul - Jun), 2017",15 years and above,Rural,Male,3.4
India,Maharashtra,"PLFS Year (Jul - Jun), 2017",15 years and above,Rural,Female,2.8
India,Maharashtra,"PLFS Year (Jul - Jun), 2017",15 years and above,Rural,Person,3.2
India,Maharashtra,"PLFS Year (Jul - Jun), 2017",15 years and above,Urban,Male,6.2
India,Maharashtra,"PLFS Year (Jul - Jun), 2017",15 years and above,Urban,Female,11.4
India,Maharashtra,"PLFS Year (Jul - Jun), 2017",15 years and above,Urban,Person,7.4
India,Maharashtra,"PLFS Year (Jul - Jun), 2017",15 years and above,Rural+Urban,Male,4.6
India,Maharashtra,"PLFS Year (Jul - Jun), 2017",15 years and above,Rural+Urban,Female,5.4
India,Maharashtra,"PLFS Year (Jul - Jun), 2017",15 years and above,Rural+Urban,Person,4.8
India,Maharashtra,"PLFS Year (Jul - Jun), 2017",all ages,Rural,Male,3.5
India,Maharashtra,"PLFS Year (Jul - Jun), 2017",all ages,Rural,Female,2.8
India,Maharashtra,"PLFS Year (Jul - Jun), 2017",all ages,Rural,Person,3.3
India,Maharashtra,"PLFS Year (Jul - Jun), 2017",all ages,Urban,Male,6.2
India,Maharashtra,"PLFS Year (Jul - Jun), 2017",all ages,Urban,Female,11.5
India,Maharashtra,"PLFS Year (Jul - Jun), 2017",all ages,Urban,Person,7.4
India,Maharashtra,"PLFS Year (Jul - Jun), 2017",all ages,Rural+Urban,Male,4.7
India,Maharashtra,"PLFS Year (Jul - Jun), 2017",all ages,Rural+Urban,Female,5.4
India,Maharashtra,"PLFS Year (Jul - Jun), 2017",all ages,Rural+Urban,Person,4.9
India,Manipur,"PLFS Year (Jul - Jun), 2017",15-29,Rural,Male,33.2
India,Manipur,"PLFS Year (Jul - Jun), 2017",15-29,Rural,Female,40.6
India,Manipur,"PLFS Year (Jul - Jun), 2017",15-29,Rural,Person,35.3
India,Manipur,"PLFS Year (Jul - Jun), 2017",15-29,Urban,Male,37.9
India,Manipur,"PLFS Year (Jul - Jun), 2017",15-29,Urban,Female,34.5
India,Manipur,"PLFS Year (Jul - Jun), 2017",15-29,Urban,Person,36.8
India,Manipur,"PLFS Year (Jul - Jun), 2017",15-29,Rural+Urban,Male,34.2
India,Manipur,"PLFS Year (Jul - Jun), 2017",15-29,Rural+Urban,Female,39.0
India,Manipur,"PLFS Year (Jul - Jun), 2017",15-29,Rural+Urban,Person,35.7
India,Manipur,"PLFS Year (Jul - Jun), 2017",15-59,Rural,Male,10.6
India,Manipur,"PLFS Year (Jul - Jun), 2017",15-59,Rural,Female,17.9
India,Manipur,"PLFS Year (Jul - Jun), 2017",15-59,Rural,Person,12.2
India,Manipur,"PLFS Year (Jul - Jun), 2017",15-59,Urban,Male,11.9
India,Manipur,"PLFS Year (Jul - Jun), 2017",15-59,Urban,Female,13.5
India,Manipur,"PLFS Year (Jul - Jun), 2017",15-59,Urban,Person,12.4
India,Manipur,"PLFS Year (Jul - Jun), 2017",15-59,Rural+Urban,Male,10.9
India,Manipur,"PLFS Year (Jul - Jun), 2017",15-59,Rural+Urban,Female,16.5
India,Manipur,"PLFS Year (Jul - Jun), 2017",15-59,Rural+Urban,Person,12.3
India,Manipur,"PLFS Year (Jul - Jun), 2017",15 years and above,Rural,Male,9.8
India,Manipur,"PLFS Year (Jul - Jun), 2017",15 years and above,Rural,Female,17.5
India,Manipur,"PLFS Year (Jul - Jun), 2017",15 years and above,Rural,Person,11.5
India,Manipur,"PLFS Year (Jul - Jun), 2017",15 years and above,Urban,Male,11.1
India,Manipur,"PLFS Year (Jul - Jun), 2017",15 years and above,Urban,Female,12.3
India,Manipur,"PLFS Year (Jul - Jun), 2017",15 years and above,Urban,Person,11.4
India,Manipur,"PLFS Year (Jul - Jun), 2017",15 years and above,Rural+Urban,Male,10.2
India,Manipur,"PLFS Year (Jul - Jun), 2017",15 years and above,Rural+Urban,Female,15.7
India,Manipur,"PLFS Year (Jul - Jun), 2017",15 years and above,Rural+Urban,Person,11.5
India,Manipur,"PLFS Year (Jul - Jun), 2017",all ages,Rural,Male,9.9
India,Manipur,"PLFS Year (Jul - Jun), 2017",all ages,Rural,Female,17.8
India,Manipur,"PLFS Year (Jul - Jun), 2017",all ages,Rural,Person,11.6
India,Manipur,"PLFS Year (Jul - Jun), 2017",all ages,Urban,Male,11.1
India,Manipur,"PLFS Year (Jul - Jun), 2017",all ages,Urban,Female,12.3
India,Manipur,"PLFS Year (Jul - Jun), 2017",all ages,Urban,Person,11.4
India,Manipur,"PLFS Year (Jul - Jun), 2017",all ages,Rural+Urban,Male,10.2
India,Manipur,"PLFS Year (Jul - Jun), 2017",all ages,Rural+Urban,Female,15.9
India,Manipur,"PLFS Year (Jul - Jun), 2017",all ages,Rural+Urban,Person,11.6
India,Meghalaya,"PLFS Year (Jul - Jun), 2017",15-29,Rural,Male,1.0
India,Meghalaya,"PLFS Year (Jul - Jun), 2017",15-29,Rural,Female,3.3
India,Meghalaya,"PLFS Year (Jul - Jun), 2017",15-29,Rural,Person,2.0
India,Meghalaya,"PLFS Year (Jul - Jun), 2017",15-29,Urban,Male,17.6
India,Meghalaya,"PLFS Year (Jul - Jun), 2017",15-29,Urban,Female,25.8
India,Meghalaya,"PLFS Year (Jul - Jun), 2017",15-29,Urban,Person,20.6
India,Meghalaya,"PLFS Year (Jul - Jun), 2017",15-29,Rural+Urban,Male,4.1
India,Meghalaya,"PLFS Year (Jul - Jun), 2017",15-29,Rural+Urban,Female,6.5
India,Meghalaya,"PLFS Year (Jul - Jun), 2017",15-29,Rural+Urban,Person,5.1
India,Meghalaya,"PLFS Year (Jul - Jun), 2017",15-59,Rural,Male,0.3
India,Meghalaya,"PLFS Year (Jul - Jun), 2017",15-59,Rural,Female,1.0
India,Meghalaya,"PLFS Year (Jul - Jun), 2017",15-59,Rural,Person,0.6
India,Meghalaya,"PLFS Year (Jul - Jun), 2017",15-59,Urban,Male,5.7
India,Meghalaya,"PLFS Year (Jul - Jun), 2017",15-59,Urban,Female,9.0
India,Meghalaya,"PLFS Year (Jul - Jun), 2017",15-59,Urban,Person,6.8
India,Meghalaya,"PLFS Year (Jul - Jun), 2017",15-59,Rural+Urban,Male,1.3
India,Meghalaya,"PLFS Year (Jul - Jun), 2017",15-59,Rural+Urban,Female,2.0
India,Meghalaya,"PLFS Year (Jul - Jun), 2017",15-59,Rural+Urban,Person,1.6
India,Meghalaya,"PLFS Year (Jul - Jun), 2017",15 years and above,Rural,Male,0.3
India,Meghalaya,"PLFS Year (Jul - Jun), 2017",15 years and above,Rural,Female,0.9
India,Meghalaya,"PLFS Year (Jul - Jun), 2017",15 years and above,Rural,Person,0.6
India,Meghalaya,"PLFS Year (Jul - Jun), 2017",15 years and above,Urban,Male,5.6
India,Meghalaya,"PLFS Year (Jul - Jun), 2017",15 years and above,Urban,Female,8.9
India,Meghalaya,"PLFS Year (Jul - Jun), 2017",15 years and above,Urban,Person,6.7
India,Meghalaya,"PLFS Year (Jul - Jun), 2017",15 years and above,Rural+Urban,Male,1.3
India,Meghalaya,"PLFS Year (Jul - Jun), 2017",15 years and above,Rural+Urban,Female,1.9
India,Meghalaya,"PLFS Year (Jul - Jun), 2017",15 years and above,Rural+Urban,Person,1.6
India,Meghalaya,"PLFS Year (Jul - Jun), 2017",all ages,Rural,Male,0.3
India,Meghalaya,"PLFS Year (Jul - Jun), 2017",all ages,Rural,Female,0.9
India,Meghalaya,"PLFS Year (Jul - Jun), 2017",all ages,Rural,Person,0.6
India,Meghalaya,"PLFS Year (Jul - Jun), 2017",all ages,Urban,Male,5.6
India,Meghalaya,"PLFS Year (Jul - Jun), 2017",all ages,Urban,Female,8.9
India,Meghalaya,"PLFS Year (Jul - Jun), 2017",all ages,Urban,Person,6.7
India,Meghalaya,"PLFS Year (Jul - Jun), 2017",all ages,Rural+Urban,Male,1.3
India,Meghalaya,"PLFS Year (Jul - Jun), 2017",all ages,Rural+Urban,Female,1.9
India,Meghalaya,"PLFS Year (Jul - Jun), 2017",all ages,Rural+Urban,Person,1.5
India,Mizoram,"PLFS Year (Jul - Jun), 2017",15-29,Rural,Male,19.0
India,Mizoram,"PLFS Year (Jul - Jun), 2017",15-29,Rural,Female,20.7
India,Mizoram,"PLFS Year (Jul - Jun), 2017",15-29,Rural,Person,19.5
India,Mizoram,"PLFS Year (Jul - Jun), 2017",15-29,Urban,Male,35.7
India,Mizoram,"PLFS Year (Jul - Jun), 2017",15-29,Urban,Female,49.6
India,Mizoram,"PLFS Year (Jul - Jun), 2017",15-29,Urban,Person,40.8
India,Mizoram,"PLFS Year (Jul - Jun), 2017",15-29,Rural+Urban,Male,25.8
India,Mizoram,"PLFS Year (Jul - Jun), 2017",15-29,Rural+Urban,Female,34.2
India,Mizoram,"PLFS Year (Jul - Jun), 2017",15-29,Rural+Urban,Person,28.6
India,Mizoram,"PLFS Year (Jul - Jun), 2017",15-59,Rural,Male,6.4
India,Mizoram,"PLFS Year (Jul - Jun), 2017",15-59,Rural,Female,8.9
India,Mizoram,"PLFS Year (Jul - Jun), 2017",15-59,Rural,Person,7.0
India,Mizoram,"PLFS Year (Jul - Jun), 2017",15-59,Urban,Male,13.3
India,Mizoram,"PLFS Year (Jul - Jun), 2017",15-59,Urban,Female,18.5
India,Mizoram,"PLFS Year (Jul - Jun), 2017",15-59,Urban,Person,15.1
India,Mizoram,"PLFS Year (Jul - Jun), 2017",15-59,Rural+Urban,Male,9.4
India,Mizoram,"PLFS Year (Jul - Jun), 2017",15-59,Rural+Urban,Female,14.0
India,Mizoram,"PLFS Year (Jul - Jun), 2017",15-59,Rural+Urban,Person,10.8
India,Mizoram,"PLFS Year (Jul - Jun), 2017",15 years and above,Rural,Male,5.9
India,Mizoram,"PLFS Year (Jul - Jun), 2017",15 years and above,Rural,Female,8.4
India,Mizoram,"PLFS Year (Jul - Jun), 2017",15 years and above,Rural,Person,6.5
India,Mizoram,"PLFS Year (Jul - Jun), 2017",15 years and above,Urban,Male,12.7
India,Mizoram,"PLFS Year (Jul - Jun), 2017",15 years and above,Urban,Female,17.7
India,Mizoram,"PLFS Year (Jul - Jun), 2017",15 years and above,Urban,Person,14.3
India,Mizoram,"PLFS Year (Jul - Jun), 2017",15 years and above,Rural+Urban,Male,8.8
India,Mizoram,"PLFS Year (Jul - Jun), 2017",15 years and above,Rural+Urban,Female,13.3
India,Mizoram,"PLFS Year (Jul - Jun), 2017",15 years and above,Rural+Urban,Person,10.1
India,Mizoram,"PLFS Year (Jul - Jun), 2017",all ages,Rural,Male,5.9
India,Mizoram,"PLFS Year (Jul - Jun), 2017",all ages,Rural,Female,8.3
India,Mizoram,"PLFS Year (Jul - Jun), 2017",all ages,Rural,Person,6.5
India,Mizoram,"PLFS Year (Jul - Jun), 2017",all ages,Urban,Male,12.7
India,Mizoram,"PLFS Year (Jul - Jun), 2017",all ages,Urban,Female,17.7
India,Mizoram,"PLFS Year (Jul - Jun), 2017",all ages,Urban,Person,14.4
India,Mizoram,"PLFS Year (Jul - Jun), 2017",all ages,Rural+Urban,Male,8.8
India,Mizoram,"PLFS Year (Jul - Jun), 2017",all ages,Rural+Urban,Female,13.3
India,Mizoram,"PLFS Year (Jul - Jun), 2017",all ages,Rural+Urban,Person,10.1
India,Nagaland,"PLFS Year (Jul - Jun), 2017",15-29,Rural,Male,52.5
India,Nagaland,"PLFS Year (Jul - Jun), 2017",15-29,Rural,Female,68.6
India,Nagaland,"PLFS Year (Jul - Jun), 2017",15-29,Rural,Person,56.2
India,Nagaland,"PLFS Year (Jul - Jun), 2017",15-29,Urban,Male,48.6
India,Nagaland,"PLFS Year (Jul - Jun), 2017",15-29,Urban,Female,65.5
India,Nagaland,"PLFS Year (Jul - Jun), 2017",15-29,Urban,Person,55.2
India,Nagaland,"PLFS Year (Jul - Jun), 2017",15-29,Rural+Urban,Male,51.6
India,Nagaland,"PLFS Year (Jul - Jun), 2017",15-29,Rural+Urban,Female,67.5
India,Nagaland,"PLFS Year (Jul - Jun), 2017",15-29,Rural+Urban,Person,56.0
India,Nagaland,"PLFS Year (Jul - Jun), 2017",15-59,Rural,Male,20.9
India,Nagaland,"PLFS Year (Jul - Jun), 2017",15-59,Rural,Female,34.1
India,Nagaland,"PLFS Year (Jul - Jun), 2017",15-59,Rural,Person,23.4
India,Nagaland,"PLFS Year (Jul - Jun), 2017",15-59,Urban,Male,17.2
India,Nagaland,"PLFS Year (Jul - Jun), 2017",15-59,Urban,Female,36.6
India,Nagaland,"PLFS Year (Jul - Jun), 2017",15-59,Urban,Person,21.7
India,Nagaland,"PLFS Year (Jul - Jun), 2017",15-59,Rural+Urban,Male,19.8
India,Nagaland,"PLFS Year (Jul - Jun), 2017",15-59,Rural+Urban,Female,35.0
India,Nagaland,"PLFS Year (Jul - Jun), 2017",15-59,Rural+Urban,Person,22.9
India,Nagaland,"PLFS Year (Jul - Jun), 2017",15 years and above,Rural,Male,19.0
India,Nagaland,"PLFS Year (Jul - Jun), 2017",15 years and above,Rural,Female,33.3
India,Nagaland,"PLFS Year (Jul - Jun), 2017",15 years and above,Rural,Person,21.6
India,Nagaland,"PLFS Year (Jul - Jun), 2017",15 years and above,Urban,Male,16.5
India,Nagaland,"PLFS Year (Jul - Jun), 2017",15 years and above,Urban,Female,36.4
India,Nagaland,"PLFS Year (Jul - Jun), 2017",15 years and above,Urban,Person,21.1
India,Nagaland,"PLFS Year (Jul - Jun), 2017",15 years and above,Rural+Urban,Male,18.3
India,Nagaland,"PLFS Year (Jul - Jun), 2017",15 years and above,Rural+Urban,Female,34.3
India,Nagaland,"PLFS Year (Jul - Jun), 2017",15 years and above,Rural+Urban,Person,21.4
India,Nagaland,"PLFS Year (Jul - Jun), 2017",all ages,Rural,Male,19.0
India,Nagaland,"PLFS Year (Jul - Jun), 2017",all ages,Rural,Female,33.4
India,Nagaland,"PLFS Year (Jul - Jun), 2017",all ages,Rural,Person,21.6
India,Nagaland,"PLFS Year (Jul - Jun), 2017",all ages,Urban,Male,16.5
India,Nagaland,"PLFS Year (Jul - Jun), 2017",all ages,Urban,Female,36.4
India,Nagaland,"PLFS Year (Jul - Jun), 2017",all ages,Urban,Person,21.1
India,Nagaland,"PLFS Year (Jul - Jun), 2017",all ages,Rural+Urban,Male,18.3
India,Nagaland,"PLFS Year (Jul - Jun), 2017",all ages,Rural+Urban,Female,34.4
India,Nagaland,"PLFS Year (Jul - Jun), 2017",all ages,Rural+Urban,Person,21.4
India,Odisha,"PLFS Year (Jul - Jun), 2017",15-29,Rural,Male,25.3
India,Odisha,"PLFS Year (Jul - Jun), 2017",15-29,Rural,Female,16.7
India,Odisha,"PLFS Year (Jul - Jun), 2017",15-29,Rural,Person,23.3
India,Odisha,"PLFS Year (Jul - Jun), 2017",15-29,Urban,Male,21.9
India,Odisha,"PLFS Year (Jul - Jun), 2017",15-29,Urban,Female,35.3
India,Odisha,"PLFS Year (Jul - Jun), 2017",15-29,Urban,Person,25.2
India,Odisha,"PLFS Year (Jul - Jun), 2017",15-29,Rural+Urban,Male,24.8
India,Odisha,"PLFS Year (Jul - Jun), 2017",15-29,Rural+Urban,Female,19.5
India,Odisha,"PLFS Year (Jul - Jun), 2017",15-29,Rural+Urban,Person,23.6
India,Odisha,"PLFS Year (Jul - Jun), 2017",15-59,Rural,Male,8.1
India,Odisha,"PLFS Year (Jul - Jun), 2017",15-59,Rural,Female,5.5
India,Odisha,"PLFS Year (Jul - Jun), 2017",15-59,Rural,Person,7.5
India,Odisha,"PLFS Year (Jul - Jun), 2017",15-59,Urban,Male,7.8
India,Odisha,"PLFS Year (Jul - Jun), 2017",15-59,Urban,Female,13.4
India,Odisha,"PLFS Year (Jul - Jun), 2017",15-59,Urban,Person,8.9
India,Odisha,"PLFS Year (Jul - Jun), 2017",15-59,Rural+Urban,Male,8.1
India,Odisha,"PLFS Year (Jul - Jun), 2017",15-59,Rural+Urban,Female,6.5
India,Odisha,"PLFS Year (Jul - Jun), 2017",15-59,Rural+Urban,Person,7.7
India,Odisha,"PLFS Year (Jul - Jun), 2017",15 years and above,Rural,Male,7.3
India,Odisha,"PLFS Year (Jul - Jun), 2017",15 years and above,Rural,Female,5.3
India,Odisha,"PLFS Year (Jul - Jun), 2017",15 years and above,Rural,Person,6.9
India,Odisha,"PLFS Year (Jul - Jun), 2017",15 years and above,Urban,Male,7.3
India,Odisha,"PLFS Year (Jul - Jun), 2017",15 years and above,Urban,Female,12.7
India,Odisha,"PLFS Year (Jul - Jun), 2017",15 years and above,Urban,Person,8.4
India,Odisha,"PLFS Year (Jul - Jun), 2017",15 years and above,Rural+Urban,Male,7.3
India,Odisha,"PLFS Year (Jul - Jun), 2017",15 years and above,Rural+Urban,Female,6.3
India,Odisha,"PLFS Year (Jul - Jun), 2017",15 years and above,Rural+Urban,Person,7.1
India,Odisha,"PLFS Year (Jul - Jun), 2017",all ages,Rural,Male,7.4
India,Odisha,"PLFS Year (Jul - Jun), 2017",all ages,Rural,Female,5.3
India,Odisha,"PLFS Year (Jul - Jun), 2017",all ages,Rural,Person,6.9
India,Odisha,"PLFS Year (Jul - Jun), 2017",all ages,Urban,Male,7.3
India,Odisha,"PLFS Year (Jul - Jun), 2017",all ages,Urban,Female,12.7
India,Odisha,"PLFS Year (Jul - Jun), 2017",all ages,Urban,Person,8.3
India,Odisha,"PLFS Year (Jul - Jun), 2017",all ages,Rural+Urban,Male,7.3
India,Odisha,"PLFS Year (Jul - Jun), 2017",all ages,Rural+Urban,Female,6.3
India,Odisha,"PLFS Year (Jul - Jun), 2017",all ages,Rural+Urban,Person,7.1
India,Puducherry,"PLFS Year (Jul - Jun), 2017",15-29,Rural,Male,41.6
India,Puducherry,"PLFS Year (Jul - Jun), 2017",15-29,Rural,Female,68.7
India,Puducherry,"PLFS Year (Jul - Jun), 2017",15-29,Rural,Person,53.4
India,Puducherry,"PLFS Year (Jul - Jun), 2017",15-29,Urban,Male,22.0
India,Puducherry,"PLFS Year (Jul - Jun), 2017",15-29,Urban,Female,40.7
India,Puducherry,"PLFS Year (Jul - Jun), 2017",15-29,Urban,Person,28.0
India,Puducherry,"PLFS Year (Jul - Jun), 2017",15-29,Rural+Urban,Male,25.7
India,Puducherry,"PLFS Year (Jul - Jun), 2017",15-29,Rural+Urban,Female,48.4
India,Puducherry,"PLFS Year (Jul - Jun), 2017",15-29,Rural+Urban,Person,33.5
India,Puducherry,"PLFS Year (Jul - Jun), 2017",15-59,Rural,Male,5.9
India,Puducherry,"PLFS Year (Jul - Jun), 2017",15-59,Rural,Female,37.3
India,Puducherry,"PLFS Year (Jul - Jun), 2017",15-59,Rural,Person,10.5
India,Puducherry,"PLFS Year (Jul - Jun), 2017",15-59,Urban,Male,8.3
India,Puducherry,"PLFS Year (Jul - Jun), 2017",15-59,Urban,Female,17.8
India,Puducherry,"PLFS Year (Jul - Jun), 2017",15-59,Urban,Person,10.6
India,Puducherry,"PLFS Year (Jul - Jun), 2017",15-59,Rural+Urban,Male,7.5
India,Puducherry,"PLFS Year (Jul - Jun), 2017",15-59,Rural+Urban,Female,21.9
India,Puducherry,"PLFS Year (Jul - Jun), 2017",15-59,Rural+Urban,Person,10.6
India,Puducherry,"PLFS Year (Jul - Jun), 2017",15 years and above,Rural,Male,5.8
India,Puducherry,"PLFS Year (Jul - Jun), 2017",15 years and above,Rural,Female,37.3
India,Puducherry,"PLFS Year (Jul - Jun), 2017",15 years and above,Rural,Person,10.4
India,Puducherry,"PLFS Year (Jul - Jun), 2017",15 years and above,Urban,Male,8.0
India,Puducherry,"PLFS Year (Jul - Jun), 2017",15 years and above,Urban,Female,17.6
India,Puducherry,"PLFS Year (Jul - Jun), 2017",15 years and above,Urban,Person,10.3
India,Puducherry,"PLFS Year (Jul - Jun), 2017",15 years and above,Rural+Urban,Male,7.2
India,Puducherry,"PLFS Year (Jul - Jun), 2017",15 years and above,Rural+Urban,Female,21.7
India,Puducherry,"PLFS Year (Jul - Jun), 2017",15 years and above,Rural+Urban,Person,10.3
India,Puducherry,"PLFS Year (Jul - Jun), 2017",all ages,Rural,Male,5.8
India,Puducherry,"PLFS Year (Jul - Jun), 2017",all ages,Rural,Female,37.3
India,Puducherry,"PLFS Year (Jul - Jun), 2017",all ages,Rural,Person,10.4
India,Puducherry,"PLFS Year (Jul - Jun), 2017",all ages,Urban,Male,8.0
India,Puducherry,"PLFS Year (Jul - Jun), 2017",all ages,Urban,Female,17.6
India,Puducherry,"PLFS Year (Jul - Jun), 2017",all ages,Urban,Person,10.3
India,Puducherry,"PLFS Year (Jul - Jun), 2017",all ages,Rural+Urban,Male,7.2
India,Puducherry,"PLFS Year (Jul - Jun), 2017",all ages,Rural+Urban,Female,21.7
India,Puducherry,"PLFS Year (Jul - Jun), 2017",all ages,Rural+Urban,Person,10.3
India,Punjab,"PLFS Year (Jul - Jun), 2017",15-29,Rural,Male,20.5
India,Punjab,"PLFS Year (Jul - Jun), 2017",15-29,Rural,Female,43.5
India,Punjab,"PLFS Year (Jul - Jun), 2017",15-29,Rural,Person,23.1
India,Punjab,"PLFS Year (Jul - Jun), 2017",15-29,Urban,Male,16.6
India,Punjab,"PLFS Year (Jul - Jun), 2017",15-29,Urban,Female,32.2
India,Punjab,"PLFS Year (Jul - Jun), 2017",15-29,Urban,Person,19.5
India,Punjab,"PLFS Year (Jul - Jun), 2017",15-29,Rural+Urban,Male,18.9
India,Punjab,"PLFS Year (Jul - Jun), 2017",15-29,Rural+Urban,Female,37.4
India,Punjab,"PLFS Year (Jul - Jun), 2017",15-29,Rural+Urban,Person,21.6
India,Punjab,"PLFS Year (Jul - Jun), 2017",15-59,Rural,Male,7.9
India,Punjab,"PLFS Year (Jul - Jun), 2017",15-59,Rural,Female,11.0
India,Punjab,"PLFS Year (Jul - Jun), 2017",15-59,Rural,Person,8.4
India,Punjab,"PLFS Year (Jul - Jun), 2017",15-59,Urban,Male,6.9
India,Punjab,"PLFS Year (Jul - Jun), 2017",15-59,Urban,Female,14.2
India,Punjab,"PLFS Year (Jul - Jun), 2017",15-59,Urban,Person,8.2
India,Punjab,"PLFS Year (Jul - Jun), 2017",15-59,Rural+Urban,Male,7.5
India,Punjab,"PLFS Year (Jul - Jun), 2017",15-59,Rural+Urban,Female,12.4
India,Punjab,"PLFS Year (Jul - Jun), 2017",15-59,Rural+Urban,Person,8.3
India,Punjab,"PLFS Year (Jul - Jun), 2017",15 years and above,Rural,Male,7.2
India,Punjab,"PLFS Year (Jul - Jun), 2017",15 years and above,Rural,Female,10.3
India,Punjab,"PLFS Year (Jul - Jun), 2017",15 years and above,Rural,Person,7.6
India,Punjab,"PLFS Year (Jul - Jun), 2017",15 years and above,Urban,Male,6.5
India,Punjab,"PLFS Year (Jul - Jun), 2017",15 years and above,Urban,Female,13.5
India,Punjab,"PLFS Year (Jul - Jun), 2017",15 years and above,Urban,Person,7.7
India,Punjab,"PLFS Year (Jul - Jun), 2017",15 years and above,Rural+Urban,Male,6.9
India,Punjab,"PLFS Year (Jul - Jun), 2017",15 years and above,Rural+Urban,Female,11.7
India,Punjab,"PLFS Year (Jul - Jun), 2017",15 years and above,Rural+Urban,Person,7.7
India,Punjab,"PLFS Year (Jul - Jun), 2017",all ages,Rural,Male,7.4
India,Punjab,"PLFS Year (Jul - Jun), 2017",all ages,Rural,Female,10.3
India,Punjab,"PLFS Year (Jul - Jun), 2017",all ages,Rural,Person,7.8
India,Punjab,"PLFS Year (Jul - Jun), 2017",all ages,Urban,Male,6.5
India,Punjab,"PLFS Year (Jul - Jun), 2017",all ages,Urban,Female,13.5
India,Punjab,"PLFS Year (Jul - Jun), 2017",all ages,Urban,Person,7.7
India,Punjab,"PLFS Year (Jul - Jun), 2017",all ages,Rural+Urban,Male,7.0
India,Punjab,"PLFS Year (Jul - Jun), 2017",all ages,Rural+Urban,Female,11.7
India,Punjab,"PLFS Year (Jul - Jun), 2017",all ages,Rural+Urban,Person,7.8
India,Rajasthan,"PLFS Year (Jul - Jun), 2017",15-29,Rural,Male,16.1
India,Rajasthan,"PLFS Year (Jul - Jun), 2017",15-29,Rural,Female,3.9
India,Rajasthan,"PLFS Year (Jul - Jun), 2017",15-29,Rural,Person,13.0
India,Rajasthan,"PLFS Year (Jul - Jun), 2017",15-29,Urban,Male,16.1
India,Rajasthan,"PLFS Year (Jul - Jun), 2017",15-29,Urban,Female,33.8
India,Rajasthan,"PLFS Year (Jul - Jun), 2017",15-29,Urban,Person,18.5
India,Rajasthan,"PLFS Year (Jul - Jun), 2017",15-29,Rural+Urban,Male,16.1
India,Rajasthan,"PLFS Year (Jul - Jun), 2017",15-29,Rural+Urban,Female,8.1
India,Rajasthan,"PLFS Year (Jul - Jun), 2017",15-29,Rural+Urban,Person,14.3
India,Rajasthan,"PLFS Year (Jul - Jun), 2017",15-59,Rural,Male,6.2
India,Rajasthan,"PLFS Year (Jul - Jun), 2017",15-59,Rural,Female,1.3
India,Rajasthan,"PLFS Year (Jul - Jun), 2017",15-59,Rural,Person,4.7
India,Rajasthan,"PLFS Year (Jul - Jun), 2017",15-59,Urban,Male,7.1
India,Rajasthan,"PLFS Year (Jul - Jun), 2017",15-59,Urban,Female,10.4
India,Rajasthan,"PLFS Year (Jul - Jun), 2017",15-59,Urban,Person,7.6
India,Rajasthan,"PLFS Year (Jul - Jun), 2017",15-59,Rural+Urban,Male,6.4
India,Rajasthan,"PLFS Year (Jul - Jun), 2017",15-59,Rural+Urban,Female,2.5
India,Rajasthan,"PLFS Year (Jul - Jun), 2017",15-59,Rural+Urban,Person,5.4
India,Rajasthan,"PLFS Year (Jul - Jun), 2017",15 years and above,Rural,Male,5.6
India,Rajasthan,"PLFS Year (Jul - Jun), 2017",15 years and above,Rural,Female,1.2
India,Rajasthan,"PLFS Year (Jul - Jun), 2017",15 years and above,Rural,Person,4.4
India,Rajasthan,"PLFS Year (Jul - Jun), 2017",15 years and above,Urban,Male,6.7
India,Rajasthan,"PLFS Year (Jul - Jun), 2017",15 years and above,Urban,Female,9.9
India,Rajasthan,"PLFS Year (Jul - Jun), 2017",15 years and above,Urban,Person,7.2
India,Rajasthan,"PLFS Year (Jul - Jun), 2017",15 years and above,Rural+Urban,Male,5.9
India,Rajasthan,"PLFS Year (Jul - Jun), 2017",15 years and above,Rural+Urban,Female,2.3
India,Rajasthan,"PLFS Year (Jul - Jun), 2017",15 years and above,Rural+Urban,Person,5.0
India,Rajasthan,"PLFS Year (Jul - Jun), 2017",all ages,Rural,Male,5.8
India,Rajasthan,"PLFS Year (Jul - Jun), 2017",all ages,Rural,Female,1.2
India,Rajasthan,"PLFS Year (Jul - Jun), 2017",all ages,Rural,Person,4.5
India,Rajasthan,"PLFS Year (Jul - Jun), 2017",all ages,Urban,Male,6.8
India,Rajasthan,"PLFS Year (Jul - Jun), 2017",all ages,Urban,Female,9.9
India,Rajasthan,"PLFS Year (Jul - Jun), 2017",all ages,Urban,Person,7.2
India,Rajasthan,"PLFS Year (Jul - Jun), 2017",all ages,Rural+Urban,Male,6.0
India,Rajasthan,"PLFS Year (Jul - Jun), 2017",all ages,Rural+Urban,Female,2.3
India,Rajasthan,"PLFS Year (Jul - Jun), 2017",all ages,Rural+Urban,Person,5.0
India,Sikkim,"PLFS Year (Jul - Jun), 2017",15-29,Rural,Male,6.7
India,Sikkim,"PLFS Year (Jul - Jun), 2017",15-29,Rural,Female,15.9
India,Sikkim,"PLFS Year (Jul - Jun), 2017",15-29,Rural,Person,9.7
India,Sikkim,"PLFS Year (Jul - Jun), 2017",15-29,Urban,Male,10.5
India,Sikkim,"PLFS Year (Jul - Jun), 2017",15-29,Urban,Female,17.9
India,Sikkim,"PLFS Year (Jul - Jun), 2017",15-29,Urban,Person,12.8
India,Sikkim,"PLFS Year (Jul - Jun), 2017",15-29,Rural+Urban,Male,8.1
India,Sikkim,"PLFS Year (Jul - Jun), 2017",15-29,Rural+Urban,Female,16.6
India,Sikkim,"PLFS Year (Jul - Jun), 2017",15-29,Rural+Urban,Person,10.8
India,Sikkim,"PLFS Year (Jul - Jun), 2017",15-59,Rural,Male,2.1
India,Sikkim,"PLFS Year (Jul - Jun), 2017",15-59,Rural,Female,4.0
India,Sikkim,"PLFS Year (Jul - Jun), 2017",15-59,Rural,Person,2.8
India,Sikkim,"PLFS Year (Jul - Jun), 2017",15-59,Urban,Male,4.4
India,Sikkim,"PLFS Year (Jul - Jun), 2017",15-59,Urban,Female,10.0
India,Sikkim,"PLFS Year (Jul - Jun), 2017",15-59,Urban,Person,5.9
India,Sikkim,"PLFS Year (Jul - Jun), 2017",15-59,Rural+Urban,Male,2.8
India,Sikkim,"PLFS Year (Jul - Jun), 2017",15-59,Rural+Urban,Female,5.3
India,Sikkim,"PLFS Year (Jul - Jun), 2017",15-59,Rural+Urban,Person,3.6
India,Sikkim,"PLFS Year (Jul - Jun), 2017",15 years and above,Rural,Male,2.0
India,Sikkim,"PLFS Year (Jul - Jun), 2017",15 years and above,Rural,Female,3.9
India,Sikkim,"PLFS Year (Jul - Jun), 2017",15 years and above,Rural,Person,2.7
India,Sikkim,"PLFS Year (Jul - Jun), 2017",15 years and above,Urban,Male,4.2
India,Sikkim,"PLFS Year (Jul - Jun), 2017",15 years and above,Urban,Female,9.9
India,Sikkim,"PLFS Year (Jul - Jun), 2017",15 years and above,Urban,Person,5.8
India,Sikkim,"PLFS Year (Jul - Jun), 2017",15 years and above,Rural+Urban,Male,2.6
India,Sikkim,"PLFS Year (Jul - Jun), 2017",15 years and above,Rural+Urban,Female,5.2
India,Sikkim,"PLFS Year (Jul - Jun), 2017",15 years and above,Rural+Urban,Person,3.5
India,Sikkim,"PLFS Year (Jul - Jun), 2017",all ages,Rural,Male,2.0
India,Sikkim,"PLFS Year (Jul - Jun), 2017",all ages,Rural,Female,3.9
India,Sikkim,"PLFS Year (Jul - Jun), 2017",all ages,Rural,Person,2.7
India,Sikkim,"PLFS Year (Jul - Jun), 2017",all ages,Urban,Male,4.2
India,Sikkim,"PLFS Year (Jul - Jun), 2017",all ages,Urban,Female,9.9
India,Sikkim,"PLFS Year (Jul - Jun), 2017",all ages,Urban,Person,5.8
India,Sikkim,"PLFS Year (Jul - Jun), 2017",all ages,Rural+Urban,Male,2.6
India,Sikkim,"PLFS Year (Jul - Jun), 2017",all ages,Rural+Urban,Female,5.2
India,Sikkim,"PLFS Year (Jul - Jun), 2017",all ages,Rural+Urban,Person,3.5
India,Tamil Nadu,"PLFS Year (Jul - Jun), 2017",15-29,Rural,Male,30.3
India,Tamil Nadu,"PLFS Year (Jul - Jun), 2017",15-29,Rural,Female,26.7
India,Tamil Nadu,"PLFS Year (Jul - Jun), 2017",15-29,Rural,Person,29.3
India,Tamil Nadu,"PLFS Year (Jul - Jun), 2017",15-29,Urban,Male,19.6
India,Tamil Nadu,"PLFS Year (Jul - Jun), 2017",15-29,Urban,Female,25.6
India,Tamil Nadu,"PLFS Year (Jul - Jun), 2017",15-29,Urban,Person,21.4
India,Tamil Nadu,"PLFS Year (Jul - Jun), 2017",15-29,Rural+Urban,Male,25.4
India,Tamil Nadu,"PLFS Year (Jul - Jun), 2017",15-29,Rural+Urban,Female,26.2
India,Tamil Nadu,"PLFS Year (Jul - Jun), 2017",15-29,Rural+Urban,Person,25.6
India,Tamil Nadu,"PLFS Year (Jul - Jun), 2017",15-59,Rural,Male,9.7
India,Tamil Nadu,"PLFS Year (Jul - Jun), 2017",15-59,Rural,Female,6.8
India,Tamil Nadu,"PLFS Year (Jul - Jun), 2017",15-59,Rural,Person,8.7
India,Tamil Nadu,"PLFS Year (Jul - Jun), 2017",15-59,Urban,Male,6.5
India,Tamil Nadu,"PLFS Year (Jul - Jun), 2017",15-59,Urban,Female,9.6
India,Tamil Nadu,"PLFS Year (Jul - Jun), 2017",15-59,Urban,Person,7.4
India,Tamil Nadu,"PLFS Year (Jul - Jun), 2017",15-59,Rural+Urban,Male,8.2
India,Tamil Nadu,"PLFS Year (Jul - Jun), 2017",15-59,Rural+Urban,Female,7.9
India,Tamil Nadu,"PLFS Year (Jul - Jun), 2017",15-59,Rural+Urban,Person,8.1
India,Tamil Nadu,"PLFS Year (Jul - Jun), 2017",15 years and above,Rural,Male,8.8
India,Tamil Nadu,"PLFS Year (Jul - Jun), 2017",15 years and above,Rural,Female,6.0
India,Tamil Nadu,"PLFS Year (Jul - Jun), 2017",15 years and above,Rural,Person,7.9
India,Tamil Nadu,"PLFS Year (Jul - Jun), 2017",15 years and above,Urban,Male,6.2
India,Tamil Nadu,"PLFS Year (Jul - Jun), 2017",15 years and above,Urban,Female,9.0
India,Tamil Nadu,"PLFS Year (Jul - Jun), 2017",15 years and above,Urban,Person,6.9
India,Tamil Nadu,"PLFS Year (Jul - Jun), 2017",15 years and above,Rural+Urban,Male,7.6
India,Tamil Nadu,"PLFS Year (Jul - Jun), 2017",15 years and above,Rural+Urban,Female,7.1
India,Tamil Nadu,"PLFS Year (Jul - Jun), 2017",15 years and above,Rural+Urban,Person,7.5
India,Tamil Nadu,"PLFS Year (Jul - Jun), 2017",all ages,Rural,Male,8.8
India,Tamil Nadu,"PLFS Year (Jul - Jun), 2017",all ages,Rural,Female,6.1
India,Tamil Nadu,"PLFS Year (Jul - Jun), 2017",all ages,Rural,Person,7.9
India,Tamil Nadu,"PLFS Year (Jul - Jun), 2017",all ages,Urban,Male,6.5
India,Tamil Nadu,"PLFS Year (Jul - Jun), 2017",all ages,Urban,Female,9.0
India,Tamil Nadu,"PLFS Year (Jul - Jun), 2017",all ages,Urban,Person,7.2
India,Tamil Nadu,"PLFS Year (Jul - Jun), 2017",all ages,Rural+Urban,Male,7.8
India,Tamil Nadu,"PLFS Year (Jul - Jun), 2017",all ages,Rural+Urban,Female,7.2
India,Tamil Nadu,"PLFS Year (Jul - Jun), 2017",all ages,Rural+Urban,Person,7.6
India,Telangana,"PLFS Year (Jul - Jun), 2017",15-29,Rural,Male,20.6
India,Telangana,"PLFS Year (Jul - Jun), 2017",15-29,Rural,Female,21.1
India,Telangana,"PLFS Year (Jul - Jun), 2017",15-29,Rural,Person,20.8
India,Telangana,"PLFS Year (Jul - Jun), 2017",15-29,Urban,Male,26.2
India,Telangana,"PLFS Year (Jul - Jun), 2017",15-29,Urban,Female,29.2
India,Telangana,"PLFS Year (Jul - Jun), 2017",15-29,Urban,Person,27.0
India,Telangana,"PLFS Year (Jul - Jun), 2017",15-29,Rural+Urban,Male,22.8
India,Telangana,"PLFS Year (Jul - Jun), 2017",15-29,Rural+Urban,Female,24.5
India,Telangana,"PLFS Year (Jul - Jun), 2017",15-29,Rural+Urban,Person,23.3
India,Telangana,"PLFS Year (Jul - Jun), 2017",15-59,Rural,Male,7.6
India,Telangana,"PLFS Year (Jul - Jun), 2017",15-59,Rural,Female,5.3
India,Telangana,"PLFS Year (Jul - Jun), 2017",15-59,Rural,Person,6.8
India,Telangana,"PLFS Year (Jul - Jun), 2017",15-59,Urban,Male,8.8
India,Telangana,"PLFS Year (Jul - Jun), 2017",15-59,Urban,Female,12.9
India,Telangana,"PLFS Year (Jul - Jun), 2017",15-59,Urban,Person,9.8
India,Telangana,"PLFS Year (Jul - Jun), 2017",15-59,Rural+Urban,Male,8.1
India,Telangana,"PLFS Year (Jul - Jun), 2017",15-59,Rural+Urban,Female,7.5
India,Telangana,"PLFS Year (Jul - Jun), 2017",15-59,Rural+Urban,Person,7.9
India,Telangana,"PLFS Year (Jul - Jun), 2017",15 years and above,Rural,Male,7.2
India,Telangana,"PLFS Year (Jul - Jun), 2017",15 years and above,Rural,Female,5.0
India,Telangana,"PLFS Year (Jul - Jun), 2017",15 years and above,Rural,Person,6.5
India,Telangana,"PLFS Year (Jul - Jun), 2017",15 years and above,Urban,Male,8.5
India,Telangana,"PLFS Year (Jul - Jun), 2017",15 years and above,Urban,Female,12.6
India,Telangana,"PLFS Year (Jul - Jun), 2017",15 years and above,Urban,Person,9.4
India,Telangana,"PLFS Year (Jul - Jun), 2017",15 years and above,Rural+Urban,Male,7.7
India,Telangana,"PLFS Year (Jul - Jun), 2017",15 years and above,Rural+Urban,Female,7.2
India,Telangana,"PLFS Year (Jul - Jun), 2017",15 years and above,Rural+Urban,Person,7.6
India,Telangana,"PLFS Year (Jul - Jun), 2017",all ages,Rural,Male,7.2
India,Telangana,"PLFS Year (Jul - Jun), 2017",all ages,Rural,Female,5.0
India,Telangana,"PLFS Year (Jul - Jun), 2017",all ages,Rural,Person,6.5
India,Telangana,"PLFS Year (Jul - Jun), 2017",all ages,Urban,Male,8.5
India,Telangana,"PLFS Year (Jul - Jun), 2017",all ages,Urban,Female,12.6
India,Telangana,"PLFS Year (Jul - Jun), 2017",all ages,Urban,Person,9.4
India,Telangana,"PLFS Year (Jul - Jun), 2017",all ages,Rural+Urban,Male,7.7
India,Telangana,"PLFS Year (Jul - Jun), 2017",all ages,Rural+Urban,Female,7.2
India,Telangana,"PLFS Year (Jul - Jun), 2017",all ages,Rural+Urban,Person,7.6
India,The Dadra and Nagar Haveli and Daman and Diu,"PLFS Year (Jul - Jun), 2017",15-29,Rural,Male,14.550000000000000000000
India,The Dadra and Nagar Haveli and Daman and Diu,"PLFS Year (Jul - Jun), 2017",15-29,Rural,Female,0.000000000000000000000
India,The Dadra and Nagar Haveli and Daman and Diu,"PLFS Year (Jul - Jun), 2017",15-29,Rural,Person,11.150000000000000000000
India,The Dadra and Nagar Haveli and Daman and Diu,"PLFS Year (Jul - Jun), 2017",15-29,Urban,Male,2.350000000000000000000
India,The Dadra and Nagar Haveli and Daman and Diu,"PLFS Year (Jul - Jun), 2017",15-29,Urban,Female,50.000000000000000000000
India,The Dadra and Nagar Haveli and Daman and Diu,"PLFS Year (Jul - Jun), 2017",15-29,Urban,Person,2.850000000000000000000
India,The Dadra and Nagar Haveli and Daman and Diu,"PLFS Year (Jul - Jun), 2017",15-29,Rural+Urban,Male,3.750000000000000000000
India,The Dadra and Nagar Haveli and Daman and Diu,"PLFS Year (Jul - Jun), 2017",15-29,Rural+Urban,Female,18.150000000000000000000
India,The Dadra and Nagar Haveli and Daman and Diu,"PLFS Year (Jul - Jun), 2017",15-29,Rural+Urban,Person,3.950000000000000000000
India,The Dadra and Nagar Haveli and Daman and Diu,"PLFS Year (Jul - Jun), 2017",15-59,Rural,Male,4.900000000000000000000
India,The Dadra and Nagar Haveli and Daman and Diu,"PLFS Year (Jul - Jun), 2017",15-59,Rural,Female,0.000000000000000000000
India,The Dadra and Nagar Haveli and Daman and Diu,"PLFS Year (Jul - Jun), 2017",15-59,Rural,Person,3.550000000000000000000
India,The Dadra and Nagar Haveli and Daman and Diu,"PLFS Year (Jul - Jun), 2017",15-59,Urban,Male,1.200000000000000000000
India,The Dadra and Nagar Haveli and Daman and Diu,"PLFS Year (Jul - Jun), 2017",15-59,Urban,Female,2.150000000000000000000
India,The Dadra and Nagar Haveli and Daman and Diu,"PLFS Year (Jul - Jun), 2017",15-59,Urban,Person,1.350000000000000000000
India,The Dadra and Nagar Haveli and Daman and Diu,"PLFS Year (Jul - Jun), 2017",15-59,Rural+Urban,Male,1.800000000000000000000
India,The Dadra and Nagar Haveli and Daman and Diu,"PLFS Year (Jul - Jun), 2017",15-59,Rural+Urban,Female,1.650000000000000000000
India,The Dadra and Nagar Haveli and Daman and Diu,"PLFS Year (Jul - Jun), 2017",15-59,Rural+Urban,Person,1.750000000000000000000
India,The Dadra and Nagar Haveli and Daman and Diu,"PLFS Year (Jul - Jun), 2017",15 years and above,Rural,Male,4.750000000000000000000
India,The Dadra and Nagar Haveli and Daman and Diu,"PLFS Year (Jul - Jun), 2017",15 years and above,Rural,Female,0.000000000000000000000
India,The Dadra and Nagar Haveli and Daman and Diu,"PLFS Year (Jul - Jun), 2017",15 years and above,Rural,Person,3.450000000000000000000
India,The Dadra and Nagar Haveli and Daman and Diu,"PLFS Year (Jul - Jun), 2017",15 years and above,Urban,Male,1.200000000000000000000
India,The Dadra and Nagar Haveli and Daman and Diu,"PLFS Year (Jul - Jun), 2017",15 years and above,Urban,Female,2.150000000000000000000
India,The Dadra and Nagar Haveli and Daman and Diu,"PLFS Year (Jul - Jun), 2017",15 years and above,Urban,Person,1.350000000000000000000
India,The Dadra and Nagar Haveli and Daman and Diu,"PLFS Year (Jul - Jun), 2017",15 years and above,Rural+Urban,Male,1.800000000000000000000
India,The Dadra and Nagar Haveli and Daman and Diu,"PLFS Year (Jul - Jun), 2017",15 years and above,Rural+Urban,Female,1.650000000000000000000
India,The Dadra and Nagar Haveli and Daman and Diu,"PLFS Year (Jul - Jun), 2017",15 years and above,Rural+Urban,Person,1.750000000000000000000
India,The Dadra and Nagar Haveli and Daman and Diu,"PLFS Year (Jul - Jun), 2017",all ages,Rural,Male,4.750000000000000000000
India,The Dadra and Nagar Haveli and Daman and Diu,"PLFS Year (Jul - Jun), 2017",all ages,Rural,Female,0.000000000000000000000
India,The Dadra and Nagar Haveli and Daman and Diu,"PLFS Year (Jul - Jun), 2017",all ages,Rural,Person,3.450000000000000000000
India,The Dadra and Nagar Haveli and Daman and Diu,"PLFS Year (Jul - Jun), 2017",all ages,Urban,Male,1.200000000000000000000
India,The Dadra and Nagar Haveli and Daman and Diu,"PLFS Year (Jul - Jun), 2017",all ages,Urban,Female,2.150000000000000000000
India,The Dadra and Nagar Haveli and Daman and Diu,"PLFS Year (Jul - Jun), 2017",all ages,Urban,Person,1.350000000000000000000
India,The Dadra and Nagar Haveli and Daman and Diu,"PLFS Year (Jul - Jun), 2017",all ages,Rural+Urban,Male,1.800000000000000000000
India,The Dadra and Nagar Haveli and Daman and Diu,"PLFS Year (Jul - Jun), 2017",all ages,Rural+Urban,Female,1.650000000000000000000
India,The Dadra and Nagar Haveli and Daman and Diu,"PLFS Year (Jul - Jun), 2017",all ages,Rural+Urban,Person,1.750000000000000000000
India,Tripura,"PLFS Year (Jul - Jun), 2017",15-29,Rural,Male,18.4
India,Tripura,"PLFS Year (Jul - Jun), 2017",15-29,Rural,Female,23.5
India,Tripura,"PLFS Year (Jul - Jun), 2017",15-29,Rural,Person,18.9
India,Tripura,"PLFS Year (Jul - Jun), 2017",15-29,Urban,Male,16.7
India,Tripura,"PLFS Year (Jul - Jun), 2017",15-29,Urban,Female,45.9
India,Tripura,"PLFS Year (Jul - Jun), 2017",15-29,Urban,Person,24.2
India,Tripura,"PLFS Year (Jul - Jun), 2017",15-29,Rural+Urban,Male,18.2
India,Tripura,"PLFS Year (Jul - Jun), 2017",15-29,Rural+Urban,Female,33.1
India,Tripura,"PLFS Year (Jul - Jun), 2017",15-29,Rural+Urban,Person,19.9
India,Tripura,"PLFS Year (Jul - Jun), 2017",15-59,Rural,Male,6.5
India,Tripura,"PLFS Year (Jul - Jun), 2017",15-59,Rural,Female,7.9
India,Tripura,"PLFS Year (Jul - Jun), 2017",15-59,Rural,Person,6.7
India,Tripura,"PLFS Year (Jul - Jun), 2017",15-59,Urban,Male,6.3
India,Tripura,"PLFS Year (Jul - Jun), 2017",15-59,Urban,Female,20.4
India,Tripura,"PLFS Year (Jul - Jun), 2017",15-59,Urban,Person,9.2
India,Tripura,"PLFS Year (Jul - Jun), 2017",15-59,Rural+Urban,Male,6.5
India,Tripura,"PLFS Year (Jul - Jun), 2017",15-59,Rural+Urban,Female,11.7
India,Tripura,"PLFS Year (Jul - Jun), 2017",15-59,Rural+Urban,Person,7.2
India,Tripura,"PLFS Year (Jul - Jun), 2017",15 years and above,Rural,Male,6.1
India,Tripura,"PLFS Year (Jul - Jun), 2017",15 years and above,Rural,Female,7.9
India,Tripura,"PLFS Year (Jul - Jun), 2017",15 years and above,Rural,Person,6.3
India,Tripura,"PLFS Year (Jul - Jun), 2017",15 years and above,Urban,Male,6.0
India,Tripura,"PLFS Year (Jul - Jun), 2017",15 years and above,Urban,Female,19.8
India,Tripura,"PLFS Year (Jul - Jun), 2017",15 years and above,Urban,Person,8.7
India,Tripura,"PLFS Year (Jul - Jun), 2017",15 years and above,Rural+Urban,Male,6.1
India,Tripura,"PLFS Year (Jul - Jun), 2017",15 years and above,Rural+Urban,Female,11.6
India,Tripura,"PLFS Year (Jul - Jun), 2017",15 years and above,Rural+Urban,Person,6.8
India,Tripura,"PLFS Year (Jul - Jun), 2017",all ages,Rural,Male,6.1
India,Tripura,"PLFS Year (Jul - Jun), 2017",all ages,Rural,Female,7.9
India,Tripura,"PLFS Year (Jul - Jun), 2017",all ages,Rural,Person,6.3
India,Tripura,"PLFS Year (Jul - Jun), 2017",all ages,Urban,Male,6.0
India,Tripura,"PLFS Year (Jul - Jun), 2017",all ages,Urban,Female,19.7
India,Tripura,"PLFS Year (Jul - Jun), 2017",all ages,Urban,Person,8.7
India,Tripura,"PLFS Year (Jul - Jun), 2017",all ages,Rural+Urban,Male,6.1
India,Tripura,"PLFS Year (Jul - Jun), 2017",all ages,Rural+Urban,Female,11.6
India,Tripura,"PLFS Year (Jul - Jun), 2017",all ages,Rural+Urban,Person,6.8
India,Uttar Pradesh,"PLFS Year (Jul - Jun), 2017",15-29,Rural,Male,16.7
India,Uttar Pradesh,"PLFS Year (Jul - Jun), 2017",15-29,Rural,Female,5.9
India,Uttar Pradesh,"PLFS Year (Jul - Jun), 2017",15-29,Rural,Person,15.5
India,Uttar Pradesh,"PLFS Year (Jul - Jun), 2017",15-29,Urban,Male,19.8
India,Uttar Pradesh,"PLFS Year (Jul - Jun), 2017",15-29,Urban,Female,29.0
India,Uttar Pradesh,"PLFS Year (Jul - Jun), 2017",15-29,Urban,Person,20.9
India,Uttar Pradesh,"PLFS Year (Jul - Jun), 2017",15-29,Rural+Urban,Male,17.4
India,Uttar Pradesh,"PLFS Year (Jul - Jun), 2017",15-29,Rural+Urban,Female,11.2
India,Uttar Pradesh,"PLFS Year (Jul - Jun), 2017",15-29,Rural+Urban,Person,16.7
India,Uttar Pradesh,"PLFS Year (Jul - Jun), 2017",15-59,Rural,Male,6.8
India,Uttar Pradesh,"PLFS Year (Jul - Jun), 2017",15-59,Rural,Female,1.6
India,Uttar Pradesh,"PLFS Year (Jul - Jun), 2017",15-59,Rural,Person,6.0
India,Uttar Pradesh,"PLFS Year (Jul - Jun), 2017",15-59,Urban,Male,9.9
India,Uttar Pradesh,"PLFS Year (Jul - Jun), 2017",15-59,Urban,Female,11.1
India,Uttar Pradesh,"PLFS Year (Jul - Jun), 2017",15-59,Urban,Person,10.1
India,Uttar Pradesh,"PLFS Year (Jul - Jun), 2017",15-59,Rural+Urban,Male,7.5
India,Uttar Pradesh,"PLFS Year (Jul - Jun), 2017",15-59,Rural+Urban,Female,3.3
India,Uttar Pradesh,"PLFS Year (Jul - Jun), 2017",15-59,Rural+Urban,Person,6.9
India,Uttar Pradesh,"PLFS Year (Jul - Jun), 2017",15 years and above,Rural,Male,6.1
India,Uttar Pradesh,"PLFS Year (Jul - Jun), 2017",15 years and above,Rural,Female,1.5
India,Uttar Pradesh,"PLFS Year (Jul - Jun), 2017",15 years and above,Rural,Person,5.4
India,Uttar Pradesh,"PLFS Year (Jul - Jun), 2017",15 years and above,Urban,Male,9.4
India,Uttar Pradesh,"PLFS Year (Jul - Jun), 2017",15 years and above,Urban,Female,10.6
India,Uttar Pradesh,"PLFS Year (Jul - Jun), 2017",15 years and above,Urban,Person,9.5
India,Uttar Pradesh,"PLFS Year (Jul - Jun), 2017",15 years and above,Rural+Urban,Male,6.8
India,Uttar Pradesh,"PLFS Year (Jul - Jun), 2017",15 years and above,Rural+Urban,Female,3.1
India,Uttar Pradesh,"PLFS Year (Jul - Jun), 2017",15 years and above,Rural+Urban,Person,6.2
India,Uttar Pradesh,"PLFS Year (Jul - Jun), 2017",all ages,Rural,Male,6.2
India,Uttar Pradesh,"PLFS Year (Jul - Jun), 2017",all ages,Rural,Female,1.5
India,Uttar Pradesh,"PLFS Year (Jul - Jun), 2017",all ages,Rural,Person,5.5
India,Uttar Pradesh,"PLFS Year (Jul - Jun), 2017",all ages,Urban,Male,9.6
India,Uttar Pradesh,"PLFS Year (Jul - Jun), 2017",all ages,Urban,Female,10.5
India,Uttar Pradesh,"PLFS Year (Jul - Jun), 2017",all ages,Urban,Person,9.7
India,Uttar Pradesh,"PLFS Year (Jul - Jun), 2017",all ages,Rural+Urban,Male,6.9
India,Uttar Pradesh,"PLFS Year (Jul - Jun), 2017",all ages,Rural+Urban,Female,3.1
India,Uttar Pradesh,"PLFS Year (Jul - Jun), 2017",all ages,Rural+Urban,Person,6.4
India,Uttarakhand,"PLFS Year (Jul - Jun), 2017",15-29,Rural,Male,26.3
India,Uttarakhand,"PLFS Year (Jul - Jun), 2017",15-29,Rural,Female,30.8
India,Uttarakhand,"PLFS Year (Jul - Jun), 2017",15-29,Rural,Person,27.4
India,Uttarakhand,"PLFS Year (Jul - Jun), 2017",15-29,Urban,Male,22.4
India,Uttarakhand,"PLFS Year (Jul - Jun), 2017",15-29,Urban,Female,47.8
India,Uttarakhand,"PLFS Year (Jul - Jun), 2017",15-29,Urban,Person,27.7
India,Uttarakhand,"PLFS Year (Jul - Jun), 2017",15-29,Rural+Urban,Male,25.0
India,Uttarakhand,"PLFS Year (Jul - Jun), 2017",15-29,Rural+Urban,Female,36.1
India,Uttarakhand,"PLFS Year (Jul - Jun), 2017",15-29,Rural+Urban,Person,27.5
India,Uttarakhand,"PLFS Year (Jul - Jun), 2017",15-59,Rural,Male,7.2
India,Uttarakhand,"PLFS Year (Jul - Jun), 2017",15-59,Rural,Female,7.9
India,Uttarakhand,"PLFS Year (Jul - Jun), 2017",15-59,Rural,Person,7.4
India,Uttarakhand,"PLFS Year (Jul - Jun), 2017",15-59,Urban,Male,7.3
India,Uttarakhand,"PLFS Year (Jul - Jun), 2017",15-59,Urban,Female,23.9
India,Uttarakhand,"PLFS Year (Jul - Jun), 2017",15-59,Urban,Person,9.7
India,Uttarakhand,"PLFS Year (Jul - Jun), 2017",15-59,Rural+Urban,Male,7.2
India,Uttarakhand,"PLFS Year (Jul - Jun), 2017",15-59,Rural+Urban,Female,11.1
India,Uttarakhand,"PLFS Year (Jul - Jun), 2017",15-59,Rural+Urban,Person,8.0
India,Uttarakhand,"PLFS Year (Jul - Jun), 2017",15 years and above,Rural,Male,6.7
India,Uttarakhand,"PLFS Year (Jul - Jun), 2017",15 years and above,Rural,Female,7.6
India,Uttarakhand,"PLFS Year (Jul - Jun), 2017",15 years and above,Rural,Person,6.9
India,Uttarakhand,"PLFS Year (Jul - Jun), 2017",15 years and above,Urban,Male,7.1
India,Uttarakhand,"PLFS Year (Jul - Jun), 2017",15 years and above,Urban,Female,23.8
India,Uttarakhand,"PLFS Year (Jul - Jun), 2017",15 years and above,Urban,Person,9.5
India,Uttarakhand,"PLFS Year (Jul - Jun), 2017",15 years and above,Rural+Urban,Male,6.8
India,Uttarakhand,"PLFS Year (Jul - Jun), 2017",15 years and above,Rural+Urban,Female,10.7
India,Uttarakhand,"PLFS Year (Jul - Jun), 2017",15 years and above,Rural+Urban,Person,7.6
India,Uttarakhand,"PLFS Year (Jul - Jun), 2017",all ages,Rural,Male,6.7
India,Uttarakhand,"PLFS Year (Jul - Jun), 2017",all ages,Rural,Female,7.6
India,Uttarakhand,"PLFS Year (Jul - Jun), 2017",all ages,Rural,Person,6.9
India,Uttarakhand,"PLFS Year (Jul - Jun), 2017",all ages,Urban,Male,7.1
India,Uttarakhand,"PLFS Year (Jul - Jun), 2017",all ages,Urban,Female,23.8
India,Uttarakhand,"PLFS Year (Jul - Jun), 2017",all ages,Urban,Person,9.5
India,Uttarakhand,"PLFS Year (Jul - Jun), 2017",all ages,Rural+Urban,Male,6.8
India,Uttarakhand,"PLFS Year (Jul - Jun), 2017",all ages,Rural+Urban,Female,10.7
India,Uttarakhand,"PLFS Year (Jul - Jun), 2017",all ages,Rural+Urban,Person,7.6
India,West Bengal,"PLFS Year (Jul - Jun), 2017",15-29,Rural,Male,12.5
India,West Bengal,"PLFS Year (Jul - Jun), 2017",15-29,Rural,Female,4.6
India,West Bengal,"PLFS Year (Jul - Jun), 2017",15-29,Rural,Person,11.0
India,West Bengal,"PLFS Year (Jul - Jun), 2017",15-29,Urban,Male,18.3
India,West Bengal,"PLFS Year (Jul - Jun), 2017",15-29,Urban,Female,18.2
India,West Bengal,"PLFS Year (Jul - Jun), 2017",15-29,Urban,Person,18.3
India,West Bengal,"PLFS Year (Jul - Jun), 2017",15-29,Rural+Urban,Male,14.2
India,West Bengal,"PLFS Year (Jul - Jun), 2017",15-29,Rural+Urban,Female,9.3
India,West Bengal,"PLFS Year (Jul - Jun), 2017",15-29,Rural+Urban,Person,13.2
India,West Bengal,"PLFS Year (Jul - Jun), 2017",15-59,Rural,Male,4.8
India,West Bengal,"PLFS Year (Jul - Jun), 2017",15-59,Rural,Female,1.8
India,West Bengal,"PLFS Year (Jul - Jun), 2017",15-59,Rural,Person,4.2
India,West Bengal,"PLFS Year (Jul - Jun), 2017",15-59,Urban,Male,6.8
India,West Bengal,"PLFS Year (Jul - Jun), 2017",15-59,Urban,Female,6.3
India,West Bengal,"PLFS Year (Jul - Jun), 2017",15-59,Urban,Person,6.7
India,West Bengal,"PLFS Year (Jul - Jun), 2017",15-59,Rural+Urban,Male,5.4
India,West Bengal,"PLFS Year (Jul - Jun), 2017",15-59,Rural+Urban,Female,3.3
India,West Bengal,"PLFS Year (Jul - Jun), 2017",15-59,Rural+Urban,Person,4.9
India,West Bengal,"PLFS Year (Jul - Jun), 2017",15 years and above,Rural,Male,4.4
India,West Bengal,"PLFS Year (Jul - Jun), 2017",15 years and above,Rural,Female,1.7
India,West Bengal,"PLFS Year (Jul - Jun), 2017",15 years and above,Rural,Person,3.8
India,West Bengal,"PLFS Year (Jul - Jun), 2017",15 years and above,Urban,Male,6.6
India,West Bengal,"PLFS Year (Jul - Jun), 2017",15 years and above,Urban,Female,5.9
India,West Bengal,"PLFS Year (Jul - Jun), 2017",15 years and above,Urban,Person,6.4
India,West Bengal,"PLFS Year (Jul - Jun), 2017",15 years and above,Rural+Urban,Male,5.0
India,West Bengal,"PLFS Year (Jul - Jun), 2017",15 years and above,Rural+Urban,Female,3.1
India,West Bengal,"PLFS Year (Jul - Jun), 2017",15 years and above,Rural+Urban,Person,4.6
India,West Bengal,"PLFS Year (Jul - Jun), 2017",all ages,Rural,Male,4.3
India,West Bengal,"PLFS Year (Jul - Jun), 2017",all ages,Rural,Female,1.7
India,West Bengal,"PLFS Year (Jul - Jun), 2017",all ages,Rural,Person,3.8
India,West Bengal,"PLFS Year (Jul - Jun), 2017",all ages,Urban,Male,6.7
India,West Bengal,"PLFS Year (Jul - Jun), 2017",all ages,Urban,Female,6.0
India,West Bengal,"PLFS Year (Jul - Jun), 2017",all ages,Urban,Person,6.5
India,West Bengal,"PLFS Year (Jul - Jun), 2017",all ages,Rural+Urban,Male,5.0
India,West Bengal,"PLFS Year (Jul - Jun), 2017",all ages,Rural+Urban,Female,3.2
India,West Bengal,"PLFS Year (Jul - Jun), 2017",all ages,Rural+Urban,Person,4.6
