Country,State,Year,Type Of Areas,Age Group,Gender,"Labour Force Participation Rate According To Usual Status (Ps+Ss) (UOM:%(Percentage)), Scaling Factor:1","Worker Population Rate According To Usual Status (Ps+Ss) (UOM:%(Percentage)), Scaling Factor:1"," Unemployment Rate According To Usual Status (Ps+Ss) (UOM:%(Percentage)), Scaling Factor:1"
India,Andaman and Nicobar Islands,"PLFS Year (Jul - Jun), 2023",Rural,15-29 years,Male,72,51.8,28.1
India,Andaman and Nicobar Islands,"PLFS Year (Jul - Jun), 2023",Rural,15-29 years,Female,67.7,32.7,51.8
India,Andaman and Nicobar Islands,"PLFS Year (Jul - Jun), 2023",Rural,15-29 years,Persons,70.1,43.3,38.2
India,Andaman and Nicobar Islands,"PLFS Year (Jul - Jun), 2023",Rural,15-59 years,Male,89.9,83.2,7.5
India,Andaman and Nicobar Islands,"PLFS Year (Jul - Jun), 2023",Rural,15-59 years,Female,60.2,49.9,17
India,Andaman and Nicobar Islands,"PLFS Year (Jul - Jun), 2023",Rural,15-59 years,Persons,75.3,66.9,11.2
India,Andaman and Nicobar Islands,"PLFS Year (Jul - Jun), 2023",Rural,15 years and above,Male,84.2,78.4,6.9
India,Andaman and Nicobar Islands,"PLFS Year (Jul - Jun), 2023",Rural,15 years and above,Female,54,45,16.6
India,Andaman and Nicobar Islands,"PLFS Year (Jul - Jun), 2023",Rural,15 years and above,Persons,69.5,62.1,10.6
India,Andaman and Nicobar Islands,"PLFS Year (Jul - Jun), 2023",Rural,All Ages,Male,67.5,62.8,6.9
India,Andaman and Nicobar Islands,"PLFS Year (Jul - Jun), 2023",Rural,All Ages,Female,44.6,37.2,16.6
India,Andaman and Nicobar Islands,"PLFS Year (Jul - Jun), 2023",Rural,All Ages,Persons,56.5,50.5,10.6
India,Andaman and Nicobar Islands,"PLFS Year (Jul - Jun), 2023",Urban,15-29 years,Male,78.4,63,19.7
India,Andaman and Nicobar Islands,"PLFS Year (Jul - Jun), 2023",Urban,15-29 years,Female,39.6,21.5,45.8
India,Andaman and Nicobar Islands,"PLFS Year (Jul - Jun), 2023",Urban,15-29 years,Persons,59.9,43.2,28
India,Andaman and Nicobar Islands,"PLFS Year (Jul - Jun), 2023",Urban,15-59 years,Male,90.6,84.1,7.2
India,Andaman and Nicobar Islands,"PLFS Year (Jul - Jun), 2023",Urban,15-59 years,Female,41.8,29.5,29.5
India,Andaman and Nicobar Islands,"PLFS Year (Jul - Jun), 2023",Urban,15-59 years,Persons,67.3,57.9,13.8
India,Andaman and Nicobar Islands,"PLFS Year (Jul - Jun), 2023",Urban,15 years and above,Male,84.3,78.4,7
India,Andaman and Nicobar Islands,"PLFS Year (Jul - Jun), 2023",Urban,15 years and above,Female,36.9,26.3,28.6
India,Andaman and Nicobar Islands,"PLFS Year (Jul - Jun), 2023",Urban,15 years and above,Persons,60.9,52.7,13.5
India,Andaman and Nicobar Islands,"PLFS Year (Jul - Jun), 2023",Urban,All Ages,Male,67.9,63.1,7
India,Andaman and Nicobar Islands,"PLFS Year (Jul - Jun), 2023",Urban,All Ages,Female,30,21.4,28.6
India,Andaman and Nicobar Islands,"PLFS Year (Jul - Jun), 2023",Urban,All Ages,Persons,49.3,42.6,13.5
India,Andaman and Nicobar Islands,"PLFS Year (Jul - Jun), 2023",Rural + Urban,15-29 years,Male,75.1,57.1,24
India,Andaman and Nicobar Islands,"PLFS Year (Jul - Jun), 2023",Rural + Urban,15-29 years,Female,53.4,27,49.5
India,Andaman and Nicobar Islands,"PLFS Year (Jul - Jun), 2023",Rural + Urban,15-29 years,Persons,65.1,43.3,33.6
India,Andaman and Nicobar Islands,"PLFS Year (Jul - Jun), 2023",Rural + Urban,15-59 years,Male,90.2,83.6,7.4
India,Andaman and Nicobar Islands,"PLFS Year (Jul - Jun), 2023",Rural + Urban,15-59 years,Female,52.1,40.9,21.4
India,Andaman and Nicobar Islands,"PLFS Year (Jul - Jun), 2023",Rural + Urban,15-59 years,Persons,71.7,62.9,12.3
India,Andaman and Nicobar Islands,"PLFS Year (Jul - Jun), 2023",Rural + Urban,15 years and above,Male,84.3,78.4,7
India,Andaman and Nicobar Islands,"PLFS Year (Jul - Jun), 2023",Rural + Urban,15 years and above,Female,46.3,36.7,20.9
India,Andaman and Nicobar Islands,"PLFS Year (Jul - Jun), 2023",Rural + Urban,15 years and above,Persons,65.7,58,11.8
India,Andaman and Nicobar Islands,"PLFS Year (Jul - Jun), 2023",Rural + Urban,All Ages,Male,67.7,62.9,7
India,Andaman and Nicobar Islands,"PLFS Year (Jul - Jun), 2023",Rural + Urban,All Ages,Female,38,30.1,20.9
India,Andaman and Nicobar Islands,"PLFS Year (Jul - Jun), 2023",Rural + Urban,All Ages,Persons,53.3,47,11.8
India,Andhra Pradesh,"PLFS Year (Jul - Jun), 2023",Rural,15-29 years,Male,63,53.6,14.9
India,Andhra Pradesh,"PLFS Year (Jul - Jun), 2023",Rural,15-29 years,Female,33.6,28,16.6
India,Andhra Pradesh,"PLFS Year (Jul - Jun), 2023",Rural,15-29 years,Persons,48.6,41.1,15.5
India,Andhra Pradesh,"PLFS Year (Jul - Jun), 2023",Rural,15-59 years,Male,84.8,81.3,4.1
India,Andhra Pradesh,"PLFS Year (Jul - Jun), 2023",Rural,15-59 years,Female,59.1,57.3,3.1
India,Andhra Pradesh,"PLFS Year (Jul - Jun), 2023",Rural,15-59 years,Persons,71.8,69.1,3.7
India,Andhra Pradesh,"PLFS Year (Jul - Jun), 2023",Rural,15 years and above,Male,77.9,75,3.8
India,Andhra Pradesh,"PLFS Year (Jul - Jun), 2023",Rural,15 years and above,Female,51.2,49.7,2.9
India,Andhra Pradesh,"PLFS Year (Jul - Jun), 2023",Rural,15 years and above,Persons,64.2,62,3.4
India,Andhra Pradesh,"PLFS Year (Jul - Jun), 2023",Rural,All Ages,Male,59.7,57.4,3.8
India,Andhra Pradesh,"PLFS Year (Jul - Jun), 2023",Rural,All Ages,Female,40.7,39.6,2.9
India,Andhra Pradesh,"PLFS Year (Jul - Jun), 2023",Rural,All Ages,Persons,50.1,48.4,3.4
India,Andhra Pradesh,"PLFS Year (Jul - Jun), 2023",Urban,15-29 years,Male,57.2,45.7,20.1
India,Andhra Pradesh,"PLFS Year (Jul - Jun), 2023",Urban,15-29 years,Female,22.4,15.9,29.1
India,Andhra Pradesh,"PLFS Year (Jul - Jun), 2023",Urban,15-29 years,Persons,39.3,30.4,22.7
India,Andhra Pradesh,"PLFS Year (Jul - Jun), 2023",Urban,15-59 years,Male,81.1,76.3,5.8
India,Andhra Pradesh,"PLFS Year (Jul - Jun), 2023",Urban,15-59 years,Female,34.1,31.6,7.2
India,Andhra Pradesh,"PLFS Year (Jul - Jun), 2023",Urban,15-59 years,Persons,56.8,53.3,6.3
India,Andhra Pradesh,"PLFS Year (Jul - Jun), 2023",Urban,15 years and above,Male,73.9,69.8,5.5
India,Andhra Pradesh,"PLFS Year (Jul - Jun), 2023",Urban,15 years and above,Female,30.2,28.1,6.9
India,Andhra Pradesh,"PLFS Year (Jul - Jun), 2023",Urban,15 years and above,Persons,51.3,48.2,5.9
India,Andhra Pradesh,"PLFS Year (Jul - Jun), 2023",Urban,All Ages,Male,59.3,56,5.5
India,Andhra Pradesh,"PLFS Year (Jul - Jun), 2023",Urban,All Ages,Female,24.5,22.8,6.9
India,Andhra Pradesh,"PLFS Year (Jul - Jun), 2023",Urban,All Ages,Persons,41.3,38.9,5.9
India,Andhra Pradesh,"PLFS Year (Jul - Jun), 2023",Rural + Urban,15-29 years,Male,61.2,51.2,16.4
India,Andhra Pradesh,"PLFS Year (Jul - Jun), 2023",Rural + Urban,15-29 years,Female,29.9,24,19.7
India,Andhra Pradesh,"PLFS Year (Jul - Jun), 2023",Rural + Urban,15-29 years,Persons,45.6,37.7,17.5
India,Andhra Pradesh,"PLFS Year (Jul - Jun), 2023",Rural + Urban,15-59 years,Male,83.6,79.8,4.6
India,Andhra Pradesh,"PLFS Year (Jul - Jun), 2023",Rural + Urban,15-59 years,Female,51.3,49.2,4
India,Andhra Pradesh,"PLFS Year (Jul - Jun), 2023",Rural + Urban,15-59 years,Persons,67.1,64.2,4.4
India,Andhra Pradesh,"PLFS Year (Jul - Jun), 2023",Rural + Urban,15 years and above,Male,76.7,73.4,4.3
India,Andhra Pradesh,"PLFS Year (Jul - Jun), 2023",Rural + Urban,15 years and above,Female,44.8,43.1,3.7
India,Andhra Pradesh,"PLFS Year (Jul - Jun), 2023",Rural + Urban,15 years and above,Persons,60.2,57.8,4.1
India,Andhra Pradesh,"PLFS Year (Jul - Jun), 2023",Rural + Urban,All Ages,Male,59.5,57,4.3
India,Andhra Pradesh,"PLFS Year (Jul - Jun), 2023",Rural + Urban,All Ages,Female,35.8,34.5,3.7
India,Andhra Pradesh,"PLFS Year (Jul - Jun), 2023",Rural + Urban,All Ages,Persons,47.5,45.6,4.1
India,Arunachal Pradesh,"PLFS Year (Jul - Jun), 2023",Rural,15-29 years,Male,57,45.5,20
India,Arunachal Pradesh,"PLFS Year (Jul - Jun), 2023",Rural,15-29 years,Female,49.3,42.3,14.3
India,Arunachal Pradesh,"PLFS Year (Jul - Jun), 2023",Rural,15-29 years,Persons,53.2,43.9,17.4
India,Arunachal Pradesh,"PLFS Year (Jul - Jun), 2023",Rural,15-59 years,Male,82.5,77.7,5.8
India,Arunachal Pradesh,"PLFS Year (Jul - Jun), 2023",Rural,15-59 years,Female,73.3,69.8,4.8
India,Arunachal Pradesh,"PLFS Year (Jul - Jun), 2023",Rural,15-59 years,Persons,78,73.8,5.4
India,Arunachal Pradesh,"PLFS Year (Jul - Jun), 2023",Rural,15 years and above,Male,80,75.6,5.4
India,Arunachal Pradesh,"PLFS Year (Jul - Jun), 2023",Rural,15 years and above,Female,70.8,67.5,4.6
India,Arunachal Pradesh,"PLFS Year (Jul - Jun), 2023",Rural,15 years and above,Persons,75.5,71.7,5.1
India,Arunachal Pradesh,"PLFS Year (Jul - Jun), 2023",Rural,All Ages,Male,59.3,56,5.4
India,Arunachal Pradesh,"PLFS Year (Jul - Jun), 2023",Rural,All Ages,Female,53.1,50.7,4.6
India,Arunachal Pradesh,"PLFS Year (Jul - Jun), 2023",Rural,All Ages,Persons,56.3,53.5,5
India,Arunachal Pradesh,"PLFS Year (Jul - Jun), 2023",Urban,15-29 years,Male,44.3,29.2,34.2
India,Arunachal Pradesh,"PLFS Year (Jul - Jun), 2023",Urban,15-29 years,Female,32.5,15,53.8
India,Arunachal Pradesh,"PLFS Year (Jul - Jun), 2023",Urban,15-29 years,Persons,38.1,21.7,43
India,Arunachal Pradesh,"PLFS Year (Jul - Jun), 2023",Urban,15-59 years,Male,77.2,69.7,9.7
India,Arunachal Pradesh,"PLFS Year (Jul - Jun), 2023",Urban,15-59 years,Female,48.2,39.4,18.4
India,Arunachal Pradesh,"PLFS Year (Jul - Jun), 2023",Urban,15-59 years,Persons,62.5,54.4,13.1
India,Arunachal Pradesh,"PLFS Year (Jul - Jun), 2023",Urban,15 years and above,Male,75.1,68.1,9.4
India,Arunachal Pradesh,"PLFS Year (Jul - Jun), 2023",Urban,15 years and above,Female,46.4,38,18.1
India,Arunachal Pradesh,"PLFS Year (Jul - Jun), 2023",Urban,15 years and above,Persons,60.5,52.8,12.8
India,Arunachal Pradesh,"PLFS Year (Jul - Jun), 2023",Urban,All Ages,Male,56,50.8,9.4
India,Arunachal Pradesh,"PLFS Year (Jul - Jun), 2023",Urban,All Ages,Female,34.5,28.2,18.1
India,Arunachal Pradesh,"PLFS Year (Jul - Jun), 2023",Urban,All Ages,Persons,45.1,39.3,12.8
India,Arunachal Pradesh,"PLFS Year (Jul - Jun), 2023",Rural + Urban,15-29 years,Male,54.8,42.8,21.9
India,Arunachal Pradesh,"PLFS Year (Jul - Jun), 2023",Rural + Urban,15-29 years,Female,46.1,37.1,19.6
India,Arunachal Pradesh,"PLFS Year (Jul - Jun), 2023",Rural + Urban,15-29 years,Persons,50.5,40,20.9
India,Arunachal Pradesh,"PLFS Year (Jul - Jun), 2023",Rural + Urban,15-59 years,Male,81.6,76.4,6.4
India,Arunachal Pradesh,"PLFS Year (Jul - Jun), 2023",Rural + Urban,15-59 years,Female,68.9,64.4,6.5
India,Arunachal Pradesh,"PLFS Year (Jul - Jun), 2023",Rural + Urban,15-59 years,Persons,75.4,70.5,6.5
India,Arunachal Pradesh,"PLFS Year (Jul - Jun), 2023",Rural + Urban,15 years and above,Male,79.2,74.4,6.1
India,Arunachal Pradesh,"PLFS Year (Jul - Jun), 2023",Rural + Urban,15 years and above,Female,66.5,62.4,6.2
India,Arunachal Pradesh,"PLFS Year (Jul - Jun), 2023",Rural + Urban,15 years and above,Persons,73,68.5,6.1
India,Arunachal Pradesh,"PLFS Year (Jul - Jun), 2023",Rural + Urban,All Ages,Male,58.7,55.2,6
India,Arunachal Pradesh,"PLFS Year (Jul - Jun), 2023",Rural + Urban,All Ages,Female,49.9,46.8,6.2
India,Arunachal Pradesh,"PLFS Year (Jul - Jun), 2023",Rural + Urban,All Ages,Persons,54.4,51.1,6.1
India,Assam,"PLFS Year (Jul - Jun), 2023",Rural,15-29 years,Male,67.6,58.9,12.9
India,Assam,"PLFS Year (Jul - Jun), 2023",Rural,15-29 years,Female,36.2,31.5,13
India,Assam,"PLFS Year (Jul - Jun), 2023",Rural,15-29 years,Persons,51.9,45.2,12.9
India,Assam,"PLFS Year (Jul - Jun), 2023",Rural,15-59 years,Male,87.4,84,3.9
India,Assam,"PLFS Year (Jul - Jun), 2023",Rural,15-59 years,Female,55.3,53.2,3.8
India,Assam,"PLFS Year (Jul - Jun), 2023",Rural,15-59 years,Persons,71.5,68.7,3.9
India,Assam,"PLFS Year (Jul - Jun), 2023",Rural,15 years and above,Male,83.8,80.8,3.6
India,Assam,"PLFS Year (Jul - Jun), 2023",Rural,15 years and above,Female,52.8,50.9,3.5
India,Assam,"PLFS Year (Jul - Jun), 2023",Rural,15 years and above,Persons,68.5,66.1,3.5
India,Assam,"PLFS Year (Jul - Jun), 2023",Rural,All Ages,Male,60.7,58.5,3.6
India,Assam,"PLFS Year (Jul - Jun), 2023",Rural,All Ages,Female,38.2,36.9,3.5
India,Assam,"PLFS Year (Jul - Jun), 2023",Rural,All Ages,Persons,49.6,47.8,3.5
India,Assam,"PLFS Year (Jul - Jun), 2023",Urban,15-29 years,Male,65.2,51.5,21.1
India,Assam,"PLFS Year (Jul - Jun), 2023",Urban,15-29 years,Female,25.9,16.6,36
India,Assam,"PLFS Year (Jul - Jun), 2023",Urban,15-29 years,Persons,46,34.5,25.2
India,Assam,"PLFS Year (Jul - Jun), 2023",Urban,15-59 years,Male,86.7,81.4,6.2
India,Assam,"PLFS Year (Jul - Jun), 2023",Urban,15-59 years,Female,34.8,30.5,12.4
India,Assam,"PLFS Year (Jul - Jun), 2023",Urban,15-59 years,Persons,60.8,56,7.9
India,Assam,"PLFS Year (Jul - Jun), 2023",Urban,15 years and above,Male,80,75.4,5.7
India,Assam,"PLFS Year (Jul - Jun), 2023",Urban,15 years and above,Female,31.5,27.8,11.8
India,Assam,"PLFS Year (Jul - Jun), 2023",Urban,15 years and above,Persons,55.8,51.6,7.4
India,Assam,"PLFS Year (Jul - Jun), 2023",Urban,All Ages,Male,64.3,60.6,5.7
India,Assam,"PLFS Year (Jul - Jun), 2023",Urban,All Ages,Female,25.5,22.5,11.8
India,Assam,"PLFS Year (Jul - Jun), 2023",Urban,All Ages,Persons,45,41.7,7.4
India,Assam,"PLFS Year (Jul - Jun), 2023",Rural + Urban,15-29 years,Male,67.3,58.1,13.7
India,Assam,"PLFS Year (Jul - Jun), 2023",Rural + Urban,15-29 years,Female,35.1,30,14.7
India,Assam,"PLFS Year (Jul - Jun), 2023",Rural + Urban,15-29 years,Persons,51.3,44,14.1
India,Assam,"PLFS Year (Jul - Jun), 2023",Rural + Urban,15-59 years,Male,87.3,83.7,4.2
India,Assam,"PLFS Year (Jul - Jun), 2023",Rural + Urban,15-59 years,Female,52.8,50.5,4.4
India,Assam,"PLFS Year (Jul - Jun), 2023",Rural + Urban,15-59 years,Persons,70.2,67.2,4.3
India,Assam,"PLFS Year (Jul - Jun), 2023",Rural + Urban,15 years and above,Male,83.3,80.2,3.8
India,Assam,"PLFS Year (Jul - Jun), 2023",Rural + Urban,15 years and above,Female,50.2,48.1,4.1
India,Assam,"PLFS Year (Jul - Jun), 2023",Rural + Urban,15 years and above,Persons,66.9,64.3,3.9
India,Assam,"PLFS Year (Jul - Jun), 2023",Rural + Urban,All Ages,Male,61.1,58.8,3.8
India,Assam,"PLFS Year (Jul - Jun), 2023",Rural + Urban,All Ages,Female,36.8,35.3,4.1
India,Assam,"PLFS Year (Jul - Jun), 2023",Rural + Urban,All Ages,Persons,49.1,47.2,3.9
India,Bihar,"PLFS Year (Jul - Jun), 2023",Rural,15-29 years,Male,55.5,49.6,10.6
India,Bihar,"PLFS Year (Jul - Jun), 2023",Rural,15-29 years,Female,15.3,14.9,2.1
India,Bihar,"PLFS Year (Jul - Jun), 2023",Rural,15-29 years,Persons,35.4,32.3,8.8
India,Bihar,"PLFS Year (Jul - Jun), 2023",Rural,15-59 years,Male,79.2,76.3,3.7
India,Bihar,"PLFS Year (Jul - Jun), 2023",Rural,15-59 years,Female,33.5,33.1,1
India,Bihar,"PLFS Year (Jul - Jun), 2023",Rural,15-59 years,Persons,56,54.4,2.9
India,Bihar,"PLFS Year (Jul - Jun), 2023",Rural,15 years and above,Male,76.8,74.2,3.3
India,Bihar,"PLFS Year (Jul - Jun), 2023",Rural,15 years and above,Female,32,31.7,1
India,Bihar,"PLFS Year (Jul - Jun), 2023",Rural,15 years and above,Persons,54.3,52.8,2.6
India,Bihar,"PLFS Year (Jul - Jun), 2023",Rural,All Ages,Male,48.1,46.5,3.3
India,Bihar,"PLFS Year (Jul - Jun), 2023",Rural,All Ages,Female,21.1,20.9,0.9
India,Bihar,"PLFS Year (Jul - Jun), 2023",Rural,All Ages,Persons,34.9,34,2.6
India,Bihar,"PLFS Year (Jul - Jun), 2023",Urban,15-29 years,Male,42.1,33.5,20.3
India,Bihar,"PLFS Year (Jul - Jun), 2023",Urban,15-29 years,Female,10.7,7.3,31.1
India,Bihar,"PLFS Year (Jul - Jun), 2023",Urban,15-29 years,Persons,27.6,21.5,22.2
India,Bihar,"PLFS Year (Jul - Jun), 2023",Urban,15-59 years,Male,71.9,66.6,7.3
India,Bihar,"PLFS Year (Jul - Jun), 2023",Urban,15-59 years,Female,18,16.3,9.7
India,Bihar,"PLFS Year (Jul - Jun), 2023",Urban,15-59 years,Persons,46.3,42.7,7.7
India,Bihar,"PLFS Year (Jul - Jun), 2023",Urban,15 years and above,Male,67.8,63.1,6.8
India,Bihar,"PLFS Year (Jul - Jun), 2023",Urban,15 years and above,Female,16.7,15.1,9.2
India,Bihar,"PLFS Year (Jul - Jun), 2023",Urban,15 years and above,Persons,43.4,40.3,7.3
India,Bihar,"PLFS Year (Jul - Jun), 2023",Urban,All Ages,Male,48.2,44.8,6.9
India,Bihar,"PLFS Year (Jul - Jun), 2023",Urban,All Ages,Female,12,10.9,9.1
India,Bihar,"PLFS Year (Jul - Jun), 2023",Urban,All Ages,Persons,30.9,28.7,7.3
India,Bihar,"PLFS Year (Jul - Jun), 2023",Rural + Urban,15-29 years,Male,54.1,47.9,11.4
India,Bihar,"PLFS Year (Jul - Jun), 2023",Rural + Urban,15-29 years,Female,14.8,14.2,4
India,Bihar,"PLFS Year (Jul - Jun), 2023",Rural + Urban,15-29 years,Persons,34.6,31.2,9.9
India,Bihar,"PLFS Year (Jul - Jun), 2023",Rural + Urban,15-59 years,Male,78.5,75.3,4
India,Bihar,"PLFS Year (Jul - Jun), 2023",Rural + Urban,15-59 years,Female,32,31.5,1.5
India,Bihar,"PLFS Year (Jul - Jun), 2023",Rural + Urban,15-59 years,Persons,55,53.2,3.3
India,Bihar,"PLFS Year (Jul - Jun), 2023",Rural + Urban,15 years and above,Male,75.8,73.1,3.6
India,Bihar,"PLFS Year (Jul - Jun), 2023",Rural + Urban,15 years and above,Female,30.5,30.1,1.4
India,Bihar,"PLFS Year (Jul - Jun), 2023",Rural + Urban,15 years and above,Persons,53.2,51.6,3
India,Bihar,"PLFS Year (Jul - Jun), 2023",Rural + Urban,All Ages,Male,48.1,46.3,3.6
India,Bihar,"PLFS Year (Jul - Jun), 2023",Rural + Urban,All Ages,Female,20.3,20.1,1.4
India,Bihar,"PLFS Year (Jul - Jun), 2023",Rural + Urban,All Ages,Persons,34.5,33.5,3
India,Chandigarh,"PLFS Year (Jul - Jun), 2023",Rural,15-29 years,Male,,,
India,Chandigarh,"PLFS Year (Jul - Jun), 2023",Rural,15-29 years,Female,,,
India,Chandigarh,"PLFS Year (Jul - Jun), 2023",Rural,15-29 years,Persons,,,
India,Chandigarh,"PLFS Year (Jul - Jun), 2023",Rural,15-59 years,Male,,,
India,Chandigarh,"PLFS Year (Jul - Jun), 2023",Rural,15-59 years,Female,,,
India,Chandigarh,"PLFS Year (Jul - Jun), 2023",Rural,15-59 years,Persons,,,
India,Chandigarh,"PLFS Year (Jul - Jun), 2023",Rural,15 years and above,Male,,,
India,Chandigarh,"PLFS Year (Jul - Jun), 2023",Rural,15 years and above,Female,,,
India,Chandigarh,"PLFS Year (Jul - Jun), 2023",Rural,15 years and above,Persons,,,
India,Chandigarh,"PLFS Year (Jul - Jun), 2023",Rural,All Ages,Male,,,
India,Chandigarh,"PLFS Year (Jul - Jun), 2023",Rural,All Ages,Female,,,
India,Chandigarh,"PLFS Year (Jul - Jun), 2023",Rural,All Ages,Persons,,,
India,Chandigarh,"PLFS Year (Jul - Jun), 2023",Urban,15-29 years,Male,65.3,60.2,7.8
India,Chandigarh,"PLFS Year (Jul - Jun), 2023",Urban,15-29 years,Female,34.1,28.9,15.4
India,Chandigarh,"PLFS Year (Jul - Jun), 2023",Urban,15-29 years,Persons,50,44.9,10.3
India,Chandigarh,"PLFS Year (Jul - Jun), 2023",Urban,15-59 years,Male,86.2,82.7,4.1
India,Chandigarh,"PLFS Year (Jul - Jun), 2023",Urban,15-59 years,Female,36.4,30.7,15.7
India,Chandigarh,"PLFS Year (Jul - Jun), 2023",Urban,15-59 years,Persons,62.4,57.8,7.4
India,Chandigarh,"PLFS Year (Jul - Jun), 2023",Urban,15 years and above,Male,76.9,73.9,3.9
India,Chandigarh,"PLFS Year (Jul - Jun), 2023",Urban,15 years and above,Female,31,26.2,15.3
India,Chandigarh,"PLFS Year (Jul - Jun), 2023",Urban,15 years and above,Persons,54.7,50.9,7.1
India,Chandigarh,"PLFS Year (Jul - Jun), 2023",Urban,All Ages,Male,60.1,57.7,3.9
India,Chandigarh,"PLFS Year (Jul - Jun), 2023",Urban,All Ages,Female,25,21.2,15.3
India,Chandigarh,"PLFS Year (Jul - Jun), 2023",Urban,All Ages,Persons,43.5,40.4,7.1
India,Chandigarh,"PLFS Year (Jul - Jun), 2023",Rural + Urban,15-29 years,Male,65.3,60.2,7.8
India,Chandigarh,"PLFS Year (Jul - Jun), 2023",Rural + Urban,15-29 years,Female,34.1,28.9,15.4
India,Chandigarh,"PLFS Year (Jul - Jun), 2023",Rural + Urban,15-29 years,Persons,50,44.9,10.3
India,Chandigarh,"PLFS Year (Jul - Jun), 2023",Rural + Urban,15-59 years,Male,86.2,82.7,4.1
India,Chandigarh,"PLFS Year (Jul - Jun), 2023",Rural + Urban,15-59 years,Female,36.4,30.7,15.7
India,Chandigarh,"PLFS Year (Jul - Jun), 2023",Rural + Urban,15-59 years,Persons,62.4,57.8,7.4
India,Chandigarh,"PLFS Year (Jul - Jun), 2023",Rural + Urban,15 years and above,Male,76.9,73.9,3.9
India,Chandigarh,"PLFS Year (Jul - Jun), 2023",Rural + Urban,15 years and above,Female,31,26.2,15.3
India,Chandigarh,"PLFS Year (Jul - Jun), 2023",Rural + Urban,15 years and above,Persons,54.7,50.9,7.1
India,Chandigarh,"PLFS Year (Jul - Jun), 2023",Rural + Urban,All Ages,Male,60.1,57.7,3.9
India,Chandigarh,"PLFS Year (Jul - Jun), 2023",Rural + Urban,All Ages,Female,25,21.2,15.3
India,Chandigarh,"PLFS Year (Jul - Jun), 2023",Rural + Urban,All Ages,Persons,43.5,40.4,7.1
India,Chhattisgarh,"PLFS Year (Jul - Jun), 2023",Rural,15-29 years,Male,74.5,71,4.6
India,Chhattisgarh,"PLFS Year (Jul - Jun), 2023",Rural,15-29 years,Female,55.1,53.6,2.8
India,Chhattisgarh,"PLFS Year (Jul - Jun), 2023",Rural,15-29 years,Persons,65.2,62.7,3.9
India,Chhattisgarh,"PLFS Year (Jul - Jun), 2023",Rural,15-59 years,Male,87.7,86.2,1.8
India,Chhattisgarh,"PLFS Year (Jul - Jun), 2023",Rural,15-59 years,Female,70.5,69.5,1.4
India,Chhattisgarh,"PLFS Year (Jul - Jun), 2023",Rural,15-59 years,Persons,79.2,77.9,1.6
India,Chhattisgarh,"PLFS Year (Jul - Jun), 2023",Rural,15 years and above,Male,84.6,83.2,1.6
India,Chhattisgarh,"PLFS Year (Jul - Jun), 2023",Rural,15 years and above,Female,65.9,65,1.3
India,Chhattisgarh,"PLFS Year (Jul - Jun), 2023",Rural,15 years and above,Persons,75.2,74.1,1.5
India,Chhattisgarh,"PLFS Year (Jul - Jun), 2023",Rural,All Ages,Male,65.2,64.1,1.6
India,Chhattisgarh,"PLFS Year (Jul - Jun), 2023",Rural,All Ages,Female,50.4,49.7,1.3
India,Chhattisgarh,"PLFS Year (Jul - Jun), 2023",Rural,All Ages,Persons,57.8,56.9,1.5
India,Chhattisgarh,"PLFS Year (Jul - Jun), 2023",Urban,15-29 years,Male,60.9,50.3,17.4
India,Chhattisgarh,"PLFS Year (Jul - Jun), 2023",Urban,15-29 years,Female,32.3,23.7,26.7
India,Chhattisgarh,"PLFS Year (Jul - Jun), 2023",Urban,15-29 years,Persons,46.7,37.1,20.6
India,Chhattisgarh,"PLFS Year (Jul - Jun), 2023",Urban,15-59 years,Male,82.8,77.3,6.6
India,Chhattisgarh,"PLFS Year (Jul - Jun), 2023",Urban,15-59 years,Female,36.8,32.7,10.9
India,Chhattisgarh,"PLFS Year (Jul - Jun), 2023",Urban,15-59 years,Persons,60.6,55.8,7.9
India,Chhattisgarh,"PLFS Year (Jul - Jun), 2023",Urban,15 years and above,Male,78.8,73.7,6.4
India,Chhattisgarh,"PLFS Year (Jul - Jun), 2023",Urban,15 years and above,Female,34,30.4,10.6
India,Chhattisgarh,"PLFS Year (Jul - Jun), 2023",Urban,15 years and above,Persons,57,52.6,7.6
India,Chhattisgarh,"PLFS Year (Jul - Jun), 2023",Urban,All Ages,Male,63.6,59.5,6.5
India,Chhattisgarh,"PLFS Year (Jul - Jun), 2023",Urban,All Ages,Female,27.9,24.9,10.6
India,Chhattisgarh,"PLFS Year (Jul - Jun), 2023",Urban,All Ages,Persons,46.4,42.9,7.6
India,Chhattisgarh,"PLFS Year (Jul - Jun), 2023",Rural + Urban,15-29 years,Male,71.9,67.1,6.6
India,Chhattisgarh,"PLFS Year (Jul - Jun), 2023",Rural + Urban,15-29 years,Female,50.6,47.6,5.8
India,Chhattisgarh,"PLFS Year (Jul - Jun), 2023",Rural + Urban,15-29 years,Persons,61.7,57.8,6.3
India,Chhattisgarh,"PLFS Year (Jul - Jun), 2023",Rural + Urban,15-59 years,Male,86.7,84.3,2.8
India,Chhattisgarh,"PLFS Year (Jul - Jun), 2023",Rural + Urban,15-59 years,Female,63.6,62,2.5
India,Chhattisgarh,"PLFS Year (Jul - Jun), 2023",Rural + Urban,15-59 years,Persons,75.3,73.3,2.7
India,Chhattisgarh,"PLFS Year (Jul - Jun), 2023",Rural + Urban,15 years and above,Male,83.4,81.2,2.6
India,Chhattisgarh,"PLFS Year (Jul - Jun), 2023",Rural + Urban,15 years and above,Female,59.5,58.1,2.4
India,Chhattisgarh,"PLFS Year (Jul - Jun), 2023",Rural + Urban,15 years and above,Persons,71.5,69.7,2.5
India,Chhattisgarh,"PLFS Year (Jul - Jun), 2023",Rural + Urban,All Ages,Male,64.9,63.2,2.6
India,Chhattisgarh,"PLFS Year (Jul - Jun), 2023",Rural + Urban,All Ages,Female,46.1,45,2.4
India,Chhattisgarh,"PLFS Year (Jul - Jun), 2023",Rural + Urban,All Ages,Persons,55.5,54.2,2.5
India,Delhi,"PLFS Year (Jul - Jun), 2023",Rural,15-29 years,Male,63,57.4,8.8
India,Delhi,"PLFS Year (Jul - Jun), 2023",Rural,15-29 years,Female,11.9,0.1,99.2
India,Delhi,"PLFS Year (Jul - Jun), 2023",Rural,15-29 years,Persons,47,39.6,15.9
India,Delhi,"PLFS Year (Jul - Jun), 2023",Rural,15-59 years,Male,80.3,77.4,3.6
India,Delhi,"PLFS Year (Jul - Jun), 2023",Rural,15-59 years,Female,18.2,14.6,19.8
India,Delhi,"PLFS Year (Jul - Jun), 2023",Rural,15-59 years,Persons,53.1,49.9,6
India,Delhi,"PLFS Year (Jul - Jun), 2023",Rural,15 years and above,Male,79.9,77,3.6
India,Delhi,"PLFS Year (Jul - Jun), 2023",Rural,15 years and above,Female,17.9,14.5,19.5
India,Delhi,"PLFS Year (Jul - Jun), 2023",Rural,15 years and above,Persons,52.5,49.4,6
India,Delhi,"PLFS Year (Jul - Jun), 2023",Rural,All Ages,Male,54.7,52.8,3.6
India,Delhi,"PLFS Year (Jul - Jun), 2023",Rural,All Ages,Female,13.8,11.1,19.5
India,Delhi,"PLFS Year (Jul - Jun), 2023",Rural,All Ages,Persons,37.8,35.5,6
India,Delhi,"PLFS Year (Jul - Jun), 2023",Urban,15-29 years,Male,46.6,44.6,4.4
India,Delhi,"PLFS Year (Jul - Jun), 2023",Urban,15-29 years,Female,18.1,17.5,3.5
India,Delhi,"PLFS Year (Jul - Jun), 2023",Urban,15-29 years,Persons,34.6,33.1,4.2
India,Delhi,"PLFS Year (Jul - Jun), 2023",Urban,15-59 years,Male,76,74.3,2.3
India,Delhi,"PLFS Year (Jul - Jun), 2023",Urban,15-59 years,Female,21.3,21,1.1
India,Delhi,"PLFS Year (Jul - Jun), 2023",Urban,15-59 years,Persons,51.4,50.4,2
India,Delhi,"PLFS Year (Jul - Jun), 2023",Urban,15 years and above,Male,69.9,68.3,2.2
India,Delhi,"PLFS Year (Jul - Jun), 2023",Urban,15 years and above,Female,18.5,18.3,1.1
India,Delhi,"PLFS Year (Jul - Jun), 2023",Urban,15 years and above,Persons,46.3,45.4,2
India,Delhi,"PLFS Year (Jul - Jun), 2023",Urban,All Ages,Male,54,52.8,2.2
India,Delhi,"PLFS Year (Jul - Jun), 2023",Urban,All Ages,Female,14.5,14.3,1.1
India,Delhi,"PLFS Year (Jul - Jun), 2023",Urban,All Ages,Persons,35.9,35.2,2
India,Delhi,"PLFS Year (Jul - Jun), 2023",Rural + Urban,15-29 years,Male,47.1,45,4.6
India,Delhi,"PLFS Year (Jul - Jun), 2023",Rural + Urban,15-29 years,Female,18,17.2,4.8
India,Delhi,"PLFS Year (Jul - Jun), 2023",Rural + Urban,15-29 years,Persons,34.9,33.3,4.6
India,Delhi,"PLFS Year (Jul - Jun), 2023",Rural + Urban,15-59 years,Male,76.1,74.4,2.3
India,Delhi,"PLFS Year (Jul - Jun), 2023",Rural + Urban,15-59 years,Female,21.2,20.9,1.5
India,Delhi,"PLFS Year (Jul - Jun), 2023",Rural + Urban,15-59 years,Persons,51.5,50.4,2.1
India,Delhi,"PLFS Year (Jul - Jun), 2023",Rural + Urban,15 years and above,Male,70.1,68.6,2.2
India,Delhi,"PLFS Year (Jul - Jun), 2023",Rural + Urban,15 years and above,Female,18.5,18.3,1.5
India,Delhi,"PLFS Year (Jul - Jun), 2023",Rural + Urban,15 years and above,Persons,46.4,45.5,2.1
India,Delhi,"PLFS Year (Jul - Jun), 2023",Rural + Urban,All Ages,Male,54,52.8,2.2
India,Delhi,"PLFS Year (Jul - Jun), 2023",Rural + Urban,All Ages,Female,14.5,14.2,1.5
India,Delhi,"PLFS Year (Jul - Jun), 2023",Rural + Urban,All Ages,Persons,36,35.2,2.1
India,Goa,"PLFS Year (Jul - Jun), 2023",Rural,15-29 years,Male,62.7,53.6,14.5
India,Goa,"PLFS Year (Jul - Jun), 2023",Rural,15-29 years,Female,20.4,13.7,32.6
India,Goa,"PLFS Year (Jul - Jun), 2023",Rural,15-29 years,Persons,43.3,35.4,18.4
India,Goa,"PLFS Year (Jul - Jun), 2023",Rural,15-59 years,Male,83.8,77.4,7.6
India,Goa,"PLFS Year (Jul - Jun), 2023",Rural,15-59 years,Female,33.1,28.3,14.5
India,Goa,"PLFS Year (Jul - Jun), 2023",Rural,15-59 years,Persons,59.6,54,9.4
India,Goa,"PLFS Year (Jul - Jun), 2023",Rural,15 years and above,Male,75.9,70.5,7.1
India,Goa,"PLFS Year (Jul - Jun), 2023",Rural,15 years and above,Female,27.5,23.7,13.8
India,Goa,"PLFS Year (Jul - Jun), 2023",Rural,15 years and above,Persons,52,47.4,8.9
India,Goa,"PLFS Year (Jul - Jun), 2023",Rural,All Ages,Male,58.1,54,7.1
India,Goa,"PLFS Year (Jul - Jun), 2023",Rural,All Ages,Female,21.8,18.8,13.8
India,Goa,"PLFS Year (Jul - Jun), 2023",Rural,All Ages,Persons,40.5,36.9,8.9
India,Goa,"PLFS Year (Jul - Jun), 2023",Urban,15-29 years,Male,47.9,42.2,11.9
India,Goa,"PLFS Year (Jul - Jun), 2023",Urban,15-29 years,Female,32.9,22.9,30.3
India,Goa,"PLFS Year (Jul - Jun), 2023",Urban,15-29 years,Persons,40.2,32.3,19.7
India,Goa,"PLFS Year (Jul - Jun), 2023",Urban,15-59 years,Male,83.5,80.2,3.9
India,Goa,"PLFS Year (Jul - Jun), 2023",Urban,15-59 years,Female,37.7,30.5,19
India,Goa,"PLFS Year (Jul - Jun), 2023",Urban,15-59 years,Persons,61.2,56,8.5
India,Goa,"PLFS Year (Jul - Jun), 2023",Urban,15 years and above,Male,72.8,70,3.8
India,Goa,"PLFS Year (Jul - Jun), 2023",Urban,15 years and above,Female,30.5,24.9,18.6
India,Goa,"PLFS Year (Jul - Jun), 2023",Urban,15 years and above,Persons,51.6,47.4,8.2
India,Goa,"PLFS Year (Jul - Jun), 2023",Urban,All Ages,Male,54.9,52.8,3.8
India,Goa,"PLFS Year (Jul - Jun), 2023",Urban,All Ages,Female,23.7,19.3,18.6
India,Goa,"PLFS Year (Jul - Jun), 2023",Urban,All Ages,Persons,39.5,36.3,8.2
India,Goa,"PLFS Year (Jul - Jun), 2023",Rural + Urban,15-29 years,Male,54.4,47.2,13.2
India,Goa,"PLFS Year (Jul - Jun), 2023",Rural + Urban,15-29 years,Female,28.1,19.4,31
India,Goa,"PLFS Year (Jul - Jun), 2023",Rural + Urban,15-29 years,Persons,41.5,33.5,19.1
India,Goa,"PLFS Year (Jul - Jun), 2023",Rural + Urban,15-59 years,Male,83.6,79,5.5
India,Goa,"PLFS Year (Jul - Jun), 2023",Rural + Urban,15-59 years,Female,35.8,29.6,17.3
India,Goa,"PLFS Year (Jul - Jun), 2023",Rural + Urban,15-59 years,Persons,60.5,55.2,8.9
India,Goa,"PLFS Year (Jul - Jun), 2023",Rural + Urban,15 years and above,Male,74.1,70.2,5.2
India,Goa,"PLFS Year (Jul - Jun), 2023",Rural + Urban,15 years and above,Female,29.3,24.4,16.7
India,Goa,"PLFS Year (Jul - Jun), 2023",Rural + Urban,15 years and above,Persons,51.8,47.4,8.5
India,Goa,"PLFS Year (Jul - Jun), 2023",Rural + Urban,All Ages,Male,56.3,53.3,5.2
India,Goa,"PLFS Year (Jul - Jun), 2023",Rural + Urban,All Ages,Female,22.9,19.1,16.7
India,Goa,"PLFS Year (Jul - Jun), 2023",Rural + Urban,All Ages,Persons,39.9,36.5,8.5
India,Gujarat,"PLFS Year (Jul - Jun), 2023",Rural,15-29 years,Male,75.4,74.3,1.4
India,Gujarat,"PLFS Year (Jul - Jun), 2023",Rural,15-29 years,Female,49,48.7,0.7
India,Gujarat,"PLFS Year (Jul - Jun), 2023",Rural,15-29 years,Persons,62.7,62,1.2
India,Gujarat,"PLFS Year (Jul - Jun), 2023",Rural,15-59 years,Male,88.8,88.3,0.5
India,Gujarat,"PLFS Year (Jul - Jun), 2023",Rural,15-59 years,Female,63.8,63.6,0.2
India,Gujarat,"PLFS Year (Jul - Jun), 2023",Rural,15-59 years,Persons,76.7,76.3,0.4
India,Gujarat,"PLFS Year (Jul - Jun), 2023",Rural,15 years and above,Male,84.9,84.5,0.5
India,Gujarat,"PLFS Year (Jul - Jun), 2023",Rural,15 years and above,Female,57.9,57.8,0.2
India,Gujarat,"PLFS Year (Jul - Jun), 2023",Rural,15 years and above,Persons,71.5,71.3,0.4
India,Gujarat,"PLFS Year (Jul - Jun), 2023",Rural,All Ages,Male,62.8,62.5,0.5
India,Gujarat,"PLFS Year (Jul - Jun), 2023",Rural,All Ages,Female,44.3,44.2,0.2
India,Gujarat,"PLFS Year (Jul - Jun), 2023",Rural,All Ages,Persons,53.8,53.6,0.4
India,Gujarat,"PLFS Year (Jul - Jun), 2023",Urban,15-29 years,Male,68.6,64.5,5.9
India,Gujarat,"PLFS Year (Jul - Jun), 2023",Urban,15-29 years,Female,28.1,25.9,7.8
India,Gujarat,"PLFS Year (Jul - Jun), 2023",Urban,15-29 years,Persons,50.2,47,6.4
India,Gujarat,"PLFS Year (Jul - Jun), 2023",Urban,15-59 years,Male,84.6,82.9,2.1
India,Gujarat,"PLFS Year (Jul - Jun), 2023",Urban,15-59 years,Female,33.5,32.3,3.4
India,Gujarat,"PLFS Year (Jul - Jun), 2023",Urban,15-59 years,Persons,60.4,58.9,2.5
India,Gujarat,"PLFS Year (Jul - Jun), 2023",Urban,15 years and above,Male,79.3,77.7,2
India,Gujarat,"PLFS Year (Jul - Jun), 2023",Urban,15 years and above,Female,29.6,28.6,3.3
India,Gujarat,"PLFS Year (Jul - Jun), 2023",Urban,15 years and above,Persons,55.4,54.1,2.3
India,Gujarat,"PLFS Year (Jul - Jun), 2023",Urban,All Ages,Male,62,60.8,2
India,Gujarat,"PLFS Year (Jul - Jun), 2023",Urban,All Ages,Female,23.6,22.8,3.3
India,Gujarat,"PLFS Year (Jul - Jun), 2023",Urban,All Ages,Persons,43.7,42.7,2.3
India,Gujarat,"PLFS Year (Jul - Jun), 2023",Rural + Urban,15-29 years,Male,72.5,70.1,3.3
India,Gujarat,"PLFS Year (Jul - Jun), 2023",Rural + Urban,15-29 years,Female,40.6,39.5,2.7
India,Gujarat,"PLFS Year (Jul - Jun), 2023",Rural + Urban,15-29 years,Persons,57.5,55.8,3.1
India,Gujarat,"PLFS Year (Jul - Jun), 2023",Rural + Urban,15-59 years,Male,87,85.9,1.2
India,Gujarat,"PLFS Year (Jul - Jun), 2023",Rural + Urban,15-59 years,Female,50.9,50.3,1.1
India,Gujarat,"PLFS Year (Jul - Jun), 2023",Rural + Urban,15-59 years,Persons,69.6,68.8,1.2
India,Gujarat,"PLFS Year (Jul - Jun), 2023",Rural + Urban,15 years and above,Male,82.4,81.5,1.1
India,Gujarat,"PLFS Year (Jul - Jun), 2023",Rural + Urban,15 years and above,Female,46,45.6,1
India,Gujarat,"PLFS Year (Jul - Jun), 2023",Rural + Urban,15 years and above,Persons,64.6,63.9,1.1
India,Gujarat,"PLFS Year (Jul - Jun), 2023",Rural + Urban,All Ages,Male,62.5,61.8,1.1
India,Gujarat,"PLFS Year (Jul - Jun), 2023",Rural + Urban,All Ages,Female,35.8,35.4,1
India,Gujarat,"PLFS Year (Jul - Jun), 2023",Rural + Urban,All Ages,Persons,49.6,49.1,1.1
India,Haryana,"PLFS Year (Jul - Jun), 2023",Rural,15-29 years,Male,56.8,50,11.8
India,Haryana,"PLFS Year (Jul - Jun), 2023",Rural,15-29 years,Female,12.9,12.1,6.7
India,Haryana,"PLFS Year (Jul - Jun), 2023",Rural,15-29 years,Persons,37.3,33.2,11
India,Haryana,"PLFS Year (Jul - Jun), 2023",Rural,15-59 years,Male,78.2,75.2,3.8
India,Haryana,"PLFS Year (Jul - Jun), 2023",Rural,15-59 years,Female,30.4,29.8,1.8
India,Haryana,"PLFS Year (Jul - Jun), 2023",Rural,15-59 years,Persons,55.8,53.9,3.3
India,Haryana,"PLFS Year (Jul - Jun), 2023",Rural,15 years and above,Male,71.9,69.3,3.6
India,Haryana,"PLFS Year (Jul - Jun), 2023",Rural,15 years and above,Female,26.3,25.9,1.7
India,Haryana,"PLFS Year (Jul - Jun), 2023",Rural,15 years and above,Persons,50,48.5,3.1
India,Haryana,"PLFS Year (Jul - Jun), 2023",Rural,All Ages,Male,51.8,50,3.6
India,Haryana,"PLFS Year (Jul - Jun), 2023",Rural,All Ages,Female,20.2,19.9,1.7
India,Haryana,"PLFS Year (Jul - Jun), 2023",Rural,All Ages,Persons,37.1,36,3.1
India,Haryana,"PLFS Year (Jul - Jun), 2023",Urban,15-29 years,Male,59.6,53.7,9.8
India,Haryana,"PLFS Year (Jul - Jun), 2023",Urban,15-29 years,Female,17.4,15.4,11.5
India,Haryana,"PLFS Year (Jul - Jun), 2023",Urban,15-29 years,Persons,40.9,36.8,10.2
India,Haryana,"PLFS Year (Jul - Jun), 2023",Urban,15-59 years,Male,81,77.5,4.3
India,Haryana,"PLFS Year (Jul - Jun), 2023",Urban,15-59 years,Female,23.8,23,3.4
India,Haryana,"PLFS Year (Jul - Jun), 2023",Urban,15-59 years,Persons,54.1,51.8,4.1
India,Haryana,"PLFS Year (Jul - Jun), 2023",Urban,15 years and above,Male,73.9,70.9,4.1
India,Haryana,"PLFS Year (Jul - Jun), 2023",Urban,15 years and above,Female,20.8,20.1,3.3
India,Haryana,"PLFS Year (Jul - Jun), 2023",Urban,15 years and above,Persons,48.6,46.7,4
India,Haryana,"PLFS Year (Jul - Jun), 2023",Urban,All Ages,Male,56.3,53.9,4.1
India,Haryana,"PLFS Year (Jul - Jun), 2023",Urban,All Ages,Female,16.7,16.1,3.3
India,Haryana,"PLFS Year (Jul - Jun), 2023",Urban,All Ages,Persons,37.9,36.4,4
India,Haryana,"PLFS Year (Jul - Jun), 2023",Rural + Urban,15-29 years,Male,57.9,51.5,11
India,Haryana,"PLFS Year (Jul - Jun), 2023",Rural + Urban,15-29 years,Female,14.7,13.4,8.9
India,Haryana,"PLFS Year (Jul - Jun), 2023",Rural + Urban,15-29 years,Persons,38.7,34.6,10.7
India,Haryana,"PLFS Year (Jul - Jun), 2023",Rural + Urban,15-59 years,Male,79.3,76.1,4
India,Haryana,"PLFS Year (Jul - Jun), 2023",Rural + Urban,15-59 years,Female,27.7,27.1,2.3
India,Haryana,"PLFS Year (Jul - Jun), 2023",Rural + Urban,15-59 years,Persons,55.1,53.1,3.6
India,Haryana,"PLFS Year (Jul - Jun), 2023",Rural + Urban,15 years and above,Male,72.7,69.9,3.8
India,Haryana,"PLFS Year (Jul - Jun), 2023",Rural + Urban,15 years and above,Female,24.2,23.6,2.2
India,Haryana,"PLFS Year (Jul - Jun), 2023",Rural + Urban,15 years and above,Persons,49.5,47.8,3.4
India,Haryana,"PLFS Year (Jul - Jun), 2023",Rural + Urban,All Ages,Male,53.5,51.5,3.8
India,Haryana,"PLFS Year (Jul - Jun), 2023",Rural + Urban,All Ages,Female,18.8,18.4,2.2
India,Haryana,"PLFS Year (Jul - Jun), 2023",Rural + Urban,All Ages,Persons,37.4,36.1,3.4
India,Himachal Pradesh,"PLFS Year (Jul - Jun), 2023",Rural,15-29 years,Male,70.3,61.8,12.1
India,Himachal Pradesh,"PLFS Year (Jul - Jun), 2023",Rural,15-29 years,Female,60.3,48,20.4
India,Himachal Pradesh,"PLFS Year (Jul - Jun), 2023",Rural,15-29 years,Persons,65.3,54.8,16
India,Himachal Pradesh,"PLFS Year (Jul - Jun), 2023",Rural,15-59 years,Male,87.3,84.1,3.7
India,Himachal Pradesh,"PLFS Year (Jul - Jun), 2023",Rural,15-59 years,Female,76.8,70.8,7.8
India,Himachal Pradesh,"PLFS Year (Jul - Jun), 2023",Rural,15-59 years,Persons,81.8,77.1,5.7
India,Himachal Pradesh,"PLFS Year (Jul - Jun), 2023",Rural,15 years and above,Male,82.4,79.8,3.2
India,Himachal Pradesh,"PLFS Year (Jul - Jun), 2023",Rural,15 years and above,Female,70.2,65.3,7
India,Himachal Pradesh,"PLFS Year (Jul - Jun), 2023",Rural,15 years and above,Persons,76,72.2,5
India,Himachal Pradesh,"PLFS Year (Jul - Jun), 2023",Rural,All Ages,Male,64.9,62.8,3.2
India,Himachal Pradesh,"PLFS Year (Jul - Jun), 2023",Rural,All Ages,Female,58.7,54.6,7
India,Himachal Pradesh,"PLFS Year (Jul - Jun), 2023",Rural,All Ages,Persons,61.7,58.6,5
India,Himachal Pradesh,"PLFS Year (Jul - Jun), 2023",Urban,15-29 years,Male,62.1,56.1,9.6
India,Himachal Pradesh,"PLFS Year (Jul - Jun), 2023",Urban,15-29 years,Female,37.4,21.6,42.3
India,Himachal Pradesh,"PLFS Year (Jul - Jun), 2023",Urban,15-29 years,Persons,52.2,42.3,19
India,Himachal Pradesh,"PLFS Year (Jul - Jun), 2023",Urban,15-59 years,Male,81.6,77.3,5.2
India,Himachal Pradesh,"PLFS Year (Jul - Jun), 2023",Urban,15-59 years,Female,50.6,41.1,18.8
India,Himachal Pradesh,"PLFS Year (Jul - Jun), 2023",Urban,15-59 years,Persons,68.1,61.6,9.6
India,Himachal Pradesh,"PLFS Year (Jul - Jun), 2023",Urban,15 years and above,Male,77.5,73.8,4.8
India,Himachal Pradesh,"PLFS Year (Jul - Jun), 2023",Urban,15 years and above,Female,45.1,36.9,18.2
India,Himachal Pradesh,"PLFS Year (Jul - Jun), 2023",Urban,15 years and above,Persons,63.2,57.5,9
India,Himachal Pradesh,"PLFS Year (Jul - Jun), 2023",Urban,All Ages,Male,64.2,61.1,4.8
India,Himachal Pradesh,"PLFS Year (Jul - Jun), 2023",Urban,All Ages,Female,35.7,29.2,18.2
India,Himachal Pradesh,"PLFS Year (Jul - Jun), 2023",Urban,All Ages,Persons,51.4,46.7,9
India,Himachal Pradesh,"PLFS Year (Jul - Jun), 2023",Rural + Urban,15-29 years,Male,68.9,60.8,11.7
India,Himachal Pradesh,"PLFS Year (Jul - Jun), 2023",Rural + Urban,15-29 years,Female,57.5,44.8,22.1
India,Himachal Pradesh,"PLFS Year (Jul - Jun), 2023",Rural + Urban,15-29 years,Persons,63.3,52.9,16.3
India,Himachal Pradesh,"PLFS Year (Jul - Jun), 2023",Rural + Urban,15-59 years,Male,86.4,83,3.9
India,Himachal Pradesh,"PLFS Year (Jul - Jun), 2023",Rural + Urban,15-59 years,Female,73.9,67.5,8.6
India,Himachal Pradesh,"PLFS Year (Jul - Jun), 2023",Rural + Urban,15-59 years,Persons,80,75,6.2
India,Himachal Pradesh,"PLFS Year (Jul - Jun), 2023",Rural + Urban,15 years and above,Male,81.7,78.9,3.4
India,Himachal Pradesh,"PLFS Year (Jul - Jun), 2023",Rural + Urban,15 years and above,Female,67.6,62.3,7.8
India,Himachal Pradesh,"PLFS Year (Jul - Jun), 2023",Rural + Urban,15 years and above,Persons,74.4,70.3,5.5
India,Himachal Pradesh,"PLFS Year (Jul - Jun), 2023",Rural + Urban,All Ages,Male,64.8,62.6,3.4
India,Himachal Pradesh,"PLFS Year (Jul - Jun), 2023",Rural + Urban,All Ages,Female,56.2,51.8,7.8
India,Himachal Pradesh,"PLFS Year (Jul - Jun), 2023",Rural + Urban,All Ages,Persons,60.5,57.2,5.4
India,Jammu and Kashmir,"PLFS Year (Jul - Jun), 2023",Rural,15-29 years,Male,57.3,51.2,10.6
India,Jammu and Kashmir,"PLFS Year (Jul - Jun), 2023",Rural,15-29 years,Female,41.2,31.7,23
India,Jammu and Kashmir,"PLFS Year (Jul - Jun), 2023",Rural,15-29 years,Persons,49.8,42.2,15.3
India,Jammu and Kashmir,"PLFS Year (Jul - Jun), 2023",Rural,15-59 years,Male,79.9,76.8,3.9
India,Jammu and Kashmir,"PLFS Year (Jul - Jun), 2023",Rural,15-59 years,Female,60.5,55.8,7.7
India,Jammu and Kashmir,"PLFS Year (Jul - Jun), 2023",Rural,15-59 years,Persons,70.4,66.5,5.5
India,Jammu and Kashmir,"PLFS Year (Jul - Jun), 2023",Rural,15 years and above,Male,76,73.4,3.5
India,Jammu and Kashmir,"PLFS Year (Jul - Jun), 2023",Rural,15 years and above,Female,56.8,52.8,7.1
India,Jammu and Kashmir,"PLFS Year (Jul - Jun), 2023",Rural,15 years and above,Persons,66.7,63.4,5
India,Jammu and Kashmir,"PLFS Year (Jul - Jun), 2023",Rural,All Ages,Male,55.7,53.8,3.5
India,Jammu and Kashmir,"PLFS Year (Jul - Jun), 2023",Rural,All Ages,Female,41.9,38.9,7.1
India,Jammu and Kashmir,"PLFS Year (Jul - Jun), 2023",Rural,All Ages,Persons,49,46.6,5
India,Jammu and Kashmir,"PLFS Year (Jul - Jun), 2023",Urban,15-29 years,Male,52.8,43.4,17.7
India,Jammu and Kashmir,"PLFS Year (Jul - Jun), 2023",Urban,15-29 years,Female,31.9,16.1,49.6
India,Jammu and Kashmir,"PLFS Year (Jul - Jun), 2023",Urban,15-29 years,Persons,43.2,30.9,28.5
India,Jammu and Kashmir,"PLFS Year (Jul - Jun), 2023",Urban,15-59 years,Male,80.4,76.2,5.2
India,Jammu and Kashmir,"PLFS Year (Jul - Jun), 2023",Urban,15-59 years,Female,37.4,26.7,28.6
India,Jammu and Kashmir,"PLFS Year (Jul - Jun), 2023",Urban,15-59 years,Persons,59.8,52.5,12.2
India,Jammu and Kashmir,"PLFS Year (Jul - Jun), 2023",Urban,15 years and above,Male,74.6,71,4.8
India,Jammu and Kashmir,"PLFS Year (Jul - Jun), 2023",Urban,15 years and above,Female,33.1,24.1,27.2
India,Jammu and Kashmir,"PLFS Year (Jul - Jun), 2023",Urban,15 years and above,Persons,54.5,48.3,11.4
India,Jammu and Kashmir,"PLFS Year (Jul - Jun), 2023",Urban,All Ages,Male,58.2,55.4,4.8
India,Jammu and Kashmir,"PLFS Year (Jul - Jun), 2023",Urban,All Ages,Female,25.8,18.8,27.2
India,Jammu and Kashmir,"PLFS Year (Jul - Jun), 2023",Urban,All Ages,Persons,42.5,37.7,11.4
India,Jammu and Kashmir,"PLFS Year (Jul - Jun), 2023",Rural + Urban,15-29 years,Male,56.5,49.9,11.8
India,Jammu and Kashmir,"PLFS Year (Jul - Jun), 2023",Rural + Urban,15-29 years,Female,39.6,29,26.7
India,Jammu and Kashmir,"PLFS Year (Jul - Jun), 2023",Rural + Urban,15-29 years,Persons,48.7,40.2,17.4
India,Jammu and Kashmir,"PLFS Year (Jul - Jun), 2023",Rural + Urban,15-59 years,Male,80,76.7,4.2
India,Jammu and Kashmir,"PLFS Year (Jul - Jun), 2023",Rural + Urban,15-59 years,Female,56,50.2,10.4
India,Jammu and Kashmir,"PLFS Year (Jul - Jun), 2023",Rural + Urban,15-59 years,Persons,68.3,63.7,6.7
India,Jammu and Kashmir,"PLFS Year (Jul - Jun), 2023",Rural + Urban,15 years and above,Male,75.7,72.9,3.8
India,Jammu and Kashmir,"PLFS Year (Jul - Jun), 2023",Rural + Urban,15 years and above,Female,52.1,47.1,9.7
India,Jammu and Kashmir,"PLFS Year (Jul - Jun), 2023",Rural + Urban,15 years and above,Persons,64.3,60.4,6.1
India,Jammu and Kashmir,"PLFS Year (Jul - Jun), 2023",Rural + Urban,All Ages,Male,56.2,54.1,3.8
India,Jammu and Kashmir,"PLFS Year (Jul - Jun), 2023",Rural + Urban,All Ages,Female,38.8,35.1,9.7
India,Jammu and Kashmir,"PLFS Year (Jul - Jun), 2023",Rural + Urban,All Ages,Persons,47.8,44.9,6.1
India,Jharkhand,"PLFS Year (Jul - Jun), 2023",Rural,15-29 years,Male,67.9,66.2,2.5
India,Jharkhand,"PLFS Year (Jul - Jun), 2023",Rural,15-29 years,Female,43.4,43.4,0.2
India,Jharkhand,"PLFS Year (Jul - Jun), 2023",Rural,15-29 years,Persons,55.2,54.4,1.6
India,Jharkhand,"PLFS Year (Jul - Jun), 2023",Rural,15-59 years,Male,84.9,84.1,0.9
India,Jharkhand,"PLFS Year (Jul - Jun), 2023",Rural,15-59 years,Female,61.3,61.3,0.1
India,Jharkhand,"PLFS Year (Jul - Jun), 2023",Rural,15-59 years,Persons,72.7,72.3,0.6
India,Jharkhand,"PLFS Year (Jul - Jun), 2023",Rural,15 years and above,Male,80.9,80.2,0.8
India,Jharkhand,"PLFS Year (Jul - Jun), 2023",Rural,15 years and above,Female,57.3,57.2,0.1
India,Jharkhand,"PLFS Year (Jul - Jun), 2023",Rural,15 years and above,Persons,68.7,68.4,0.5
India,Jharkhand,"PLFS Year (Jul - Jun), 2023",Rural,All Ages,Male,53.1,52.7,0.8
India,Jharkhand,"PLFS Year (Jul - Jun), 2023",Rural,All Ages,Female,40.4,40.4,0
India,Jharkhand,"PLFS Year (Jul - Jun), 2023",Rural,All Ages,Persons,46.8,46.6,0.5
India,Jharkhand,"PLFS Year (Jul - Jun), 2023",Urban,15-29 years,Male,49.8,41.6,16.6
India,Jharkhand,"PLFS Year (Jul - Jun), 2023",Urban,15-29 years,Female,17.3,14.4,16.7
India,Jharkhand,"PLFS Year (Jul - Jun), 2023",Urban,15-29 years,Persons,34.4,28.7,16.6
India,Jharkhand,"PLFS Year (Jul - Jun), 2023",Urban,15-59 years,Male,75.3,70.7,6.1
India,Jharkhand,"PLFS Year (Jul - Jun), 2023",Urban,15-59 years,Female,21.5,20.2,6
India,Jharkhand,"PLFS Year (Jul - Jun), 2023",Urban,15-59 years,Persons,48.8,45.9,6.1
India,Jharkhand,"PLFS Year (Jul - Jun), 2023",Urban,15 years and above,Male,68.8,64.8,5.8
India,Jharkhand,"PLFS Year (Jul - Jun), 2023",Urban,15 years and above,Female,19.4,18.3,5.8
India,Jharkhand,"PLFS Year (Jul - Jun), 2023",Urban,15 years and above,Persons,44.5,41.9,5.8
India,Jharkhand,"PLFS Year (Jul - Jun), 2023",Urban,All Ages,Male,52.1,49.1,5.8
India,Jharkhand,"PLFS Year (Jul - Jun), 2023",Urban,All Ages,Female,15,14.1,5.8
India,Jharkhand,"PLFS Year (Jul - Jun), 2023",Urban,All Ages,Persons,34,32.1,5.8
India,Jharkhand,"PLFS Year (Jul - Jun), 2023",Rural + Urban,15-29 years,Male,64.1,61,4.8
India,Jharkhand,"PLFS Year (Jul - Jun), 2023",Rural + Urban,15-29 years,Female,38.6,38,1.5
India,Jharkhand,"PLFS Year (Jul - Jun), 2023",Rural + Urban,15-29 years,Persons,51.1,49.3,3.6
India,Jharkhand,"PLFS Year (Jul - Jun), 2023",Rural + Urban,15-59 years,Male,82.8,81.2,1.9
India,Jharkhand,"PLFS Year (Jul - Jun), 2023",Rural + Urban,15-59 years,Female,53.4,53.1,0.5
India,Jharkhand,"PLFS Year (Jul - Jun), 2023",Rural + Urban,15-59 years,Persons,67.8,66.9,1.4
India,Jharkhand,"PLFS Year (Jul - Jun), 2023",Rural + Urban,15 years and above,Male,78.3,76.9,1.8
India,Jharkhand,"PLFS Year (Jul - Jun), 2023",Rural + Urban,15 years and above,Female,49.8,49.6,0.5
India,Jharkhand,"PLFS Year (Jul - Jun), 2023",Rural + Urban,15 years and above,Persons,63.8,63,1.3
India,Jharkhand,"PLFS Year (Jul - Jun), 2023",Rural + Urban,All Ages,Male,52.9,52,1.8
India,Jharkhand,"PLFS Year (Jul - Jun), 2023",Rural + Urban,All Ages,Female,35.8,35.6,0.5
India,Jharkhand,"PLFS Year (Jul - Jun), 2023",Rural + Urban,All Ages,Persons,44.4,43.9,1.3
India,Karnataka,"PLFS Year (Jul - Jun), 2023",Rural,15-29 years,Male,62.4,56.8,9
India,Karnataka,"PLFS Year (Jul - Jun), 2023",Rural,15-29 years,Female,20,18.7,6.7
India,Karnataka,"PLFS Year (Jul - Jun), 2023",Rural,15-29 years,Persons,42.3,38.7,8.5
India,Karnataka,"PLFS Year (Jul - Jun), 2023",Rural,15-59 years,Male,83.7,81.3,2.8
India,Karnataka,"PLFS Year (Jul - Jun), 2023",Rural,15-59 years,Female,49.9,49.5,1
India,Karnataka,"PLFS Year (Jul - Jun), 2023",Rural,15-59 years,Persons,66.9,65.5,2.1
India,Karnataka,"PLFS Year (Jul - Jun), 2023",Rural,15 years and above,Male,76.3,74.4,2.5
India,Karnataka,"PLFS Year (Jul - Jun), 2023",Rural,15 years and above,Female,43.5,43.1,0.9
India,Karnataka,"PLFS Year (Jul - Jun), 2023",Rural,15 years and above,Persons,59.8,58.7,1.9
India,Karnataka,"PLFS Year (Jul - Jun), 2023",Rural,All Ages,Male,60,58.5,2.5
India,Karnataka,"PLFS Year (Jul - Jun), 2023",Rural,All Ages,Female,34.6,34.3,0.9
India,Karnataka,"PLFS Year (Jul - Jun), 2023",Rural,All Ages,Persons,47.3,46.4,1.9
India,Karnataka,"PLFS Year (Jul - Jun), 2023",Urban,15-29 years,Male,57.7,50.6,12.3
India,Karnataka,"PLFS Year (Jul - Jun), 2023",Urban,15-29 years,Female,25.9,22.5,13.1
India,Karnataka,"PLFS Year (Jul - Jun), 2023",Urban,15-29 years,Persons,42.6,37.2,12.6
India,Karnataka,"PLFS Year (Jul - Jun), 2023",Urban,15-59 years,Male,81.4,77.9,4.3
India,Karnataka,"PLFS Year (Jul - Jun), 2023",Urban,15-59 years,Female,33.5,32,4.5
India,Karnataka,"PLFS Year (Jul - Jun), 2023",Urban,15-59 years,Persons,58.2,55.6,4.4
India,Karnataka,"PLFS Year (Jul - Jun), 2023",Urban,15 years and above,Male,74.1,71.1,4.1
India,Karnataka,"PLFS Year (Jul - Jun), 2023",Urban,15 years and above,Female,28.8,27.5,4.4
India,Karnataka,"PLFS Year (Jul - Jun), 2023",Urban,15 years and above,Persons,51.7,49.6,4.2
India,Karnataka,"PLFS Year (Jul - Jun), 2023",Urban,All Ages,Male,59.8,57.4,4.1
India,Karnataka,"PLFS Year (Jul - Jun), 2023",Urban,All Ages,Female,23.6,22.5,4.4
India,Karnataka,"PLFS Year (Jul - Jun), 2023",Urban,All Ages,Persons,42.1,40.3,4.2
India,Karnataka,"PLFS Year (Jul - Jun), 2023",Rural + Urban,15-29 years,Male,60.5,54.2,10.3
India,Karnataka,"PLFS Year (Jul - Jun), 2023",Rural + Urban,15-29 years,Female,22.4,20.2,9.7
India,Karnataka,"PLFS Year (Jul - Jun), 2023",Rural + Urban,15-29 years,Persons,42.4,38.1,10.2
India,Karnataka,"PLFS Year (Jul - Jun), 2023",Rural + Urban,15-59 years,Male,82.8,80,3.4
India,Karnataka,"PLFS Year (Jul - Jun), 2023",Rural + Urban,15-59 years,Female,43.6,42.7,2
India,Karnataka,"PLFS Year (Jul - Jun), 2023",Rural + Urban,15-59 years,Persons,63.5,61.6,2.9
India,Karnataka,"PLFS Year (Jul - Jun), 2023",Rural + Urban,15 years and above,Male,75.5,73.1,3.1
India,Karnataka,"PLFS Year (Jul - Jun), 2023",Rural + Urban,15 years and above,Female,38,37.2,1.9
India,Karnataka,"PLFS Year (Jul - Jun), 2023",Rural + Urban,15 years and above,Persons,56.8,55.2,2.7
India,Karnataka,"PLFS Year (Jul - Jun), 2023",Rural + Urban,All Ages,Male,59.9,58.1,3.1
India,Karnataka,"PLFS Year (Jul - Jun), 2023",Rural + Urban,All Ages,Female,30.5,29.9,1.9
India,Karnataka,"PLFS Year (Jul - Jun), 2023",Rural + Urban,All Ages,Persons,45.4,44.1,2.7
India,Kerala,"PLFS Year (Jul - Jun), 2023",Rural,15-29 years,Male,51.5,40,22.2
India,Kerala,"PLFS Year (Jul - Jun), 2023",Rural,15-29 years,Female,30.5,13.2,56.6
India,Kerala,"PLFS Year (Jul - Jun), 2023",Rural,15-29 years,Persons,40.9,26.6,35.1
India,Kerala,"PLFS Year (Jul - Jun), 2023",Rural,15-59 years,Male,80.5,75.9,5.8
India,Kerala,"PLFS Year (Jul - Jun), 2023",Rural,15-59 years,Female,48.4,41.1,15
India,Kerala,"PLFS Year (Jul - Jun), 2023",Rural,15-59 years,Persons,63.3,57.3,9.6
India,Kerala,"PLFS Year (Jul - Jun), 2023",Rural,15 years and above,Male,75.3,71.8,4.6
India,Kerala,"PLFS Year (Jul - Jun), 2023",Rural,15 years and above,Female,44.2,38.8,12.1
India,Kerala,"PLFS Year (Jul - Jun), 2023",Rural,15 years and above,Persons,58.6,54.1,7.7
India,Kerala,"PLFS Year (Jul - Jun), 2023",Rural,All Ages,Male,59.7,57,4.6
India,Kerala,"PLFS Year (Jul - Jun), 2023",Rural,All Ages,Female,36.2,31.8,12.1
India,Kerala,"PLFS Year (Jul - Jun), 2023",Rural,All Ages,Persons,47.3,43.7,7.6
India,Kerala,"PLFS Year (Jul - Jun), 2023",Urban,15-29 years,Male,51,42.8,15.9
India,Kerala,"PLFS Year (Jul - Jun), 2023",Urban,15-29 years,Female,30.2,19,37
India,Kerala,"PLFS Year (Jul - Jun), 2023",Urban,15-29 years,Persons,40.3,30.6,24.1
India,Kerala,"PLFS Year (Jul - Jun), 2023",Urban,15-59 years,Male,80.3,76.3,5
India,Kerala,"PLFS Year (Jul - Jun), 2023",Urban,15-59 years,Female,43.4,37.9,12.6
India,Kerala,"PLFS Year (Jul - Jun), 2023",Urban,15-59 years,Persons,60.4,55.6,7.9
India,Kerala,"PLFS Year (Jul - Jun), 2023",Urban,15 years and above,Male,73.5,70.4,4.2
India,Kerala,"PLFS Year (Jul - Jun), 2023",Urban,15 years and above,Female,37,33,10.9
India,Kerala,"PLFS Year (Jul - Jun), 2023",Urban,15 years and above,Persons,53.7,50.1,6.7
India,Kerala,"PLFS Year (Jul - Jun), 2023",Urban,All Ages,Male,58.4,55.9,4.2
India,Kerala,"PLFS Year (Jul - Jun), 2023",Urban,All Ages,Female,30.3,27,10.9
India,Kerala,"PLFS Year (Jul - Jun), 2023",Urban,All Ages,Persons,43.3,40.4,6.7
India,Kerala,"PLFS Year (Jul - Jun), 2023",Rural + Urban,15-29 years,Male,51.2,41.3,19.3
India,Kerala,"PLFS Year (Jul - Jun), 2023",Rural + Urban,15-29 years,Female,30.3,16,47.1
India,Kerala,"PLFS Year (Jul - Jun), 2023",Rural + Urban,15-29 years,Persons,40.6,28.5,29.9
India,Kerala,"PLFS Year (Jul - Jun), 2023",Rural + Urban,15-59 years,Male,80.4,76.1,5.4
India,Kerala,"PLFS Year (Jul - Jun), 2023",Rural + Urban,15-59 years,Female,46,39.6,13.9
India,Kerala,"PLFS Year (Jul - Jun), 2023",Rural + Urban,15-59 years,Persons,61.9,56.5,8.8
India,Kerala,"PLFS Year (Jul - Jun), 2023",Rural + Urban,15 years and above,Male,74.4,71.1,4.4
India,Kerala,"PLFS Year (Jul - Jun), 2023",Rural + Urban,15 years and above,Female,40.8,36,11.6
India,Kerala,"PLFS Year (Jul - Jun), 2023",Rural + Urban,15 years and above,Persons,56.2,52.2,7.2
India,Kerala,"PLFS Year (Jul - Jun), 2023",Rural + Urban,All Ages,Male,59.1,56.5,4.4
India,Kerala,"PLFS Year (Jul - Jun), 2023",Rural + Urban,All Ages,Female,33.4,29.5,11.6
India,Kerala,"PLFS Year (Jul - Jun), 2023",Rural + Urban,All Ages,Persons,45.4,42.1,7.2
India,Ladakh,"PLFS Year (Jul - Jun), 2023",Rural,15-29 years,Male,45,40.4,10.1
India,Ladakh,"PLFS Year (Jul - Jun), 2023",Rural,15-29 years,Female,33,21.8,34
India,Ladakh,"PLFS Year (Jul - Jun), 2023",Rural,15-29 years,Persons,38.9,31.1,20.2
India,Ladakh,"PLFS Year (Jul - Jun), 2023",Rural,15-59 years,Male,79.1,77.3,2.3
India,Ladakh,"PLFS Year (Jul - Jun), 2023",Rural,15-59 years,Female,56.7,52.6,7.3
India,Ladakh,"PLFS Year (Jul - Jun), 2023",Rural,15-59 years,Persons,67.8,64.8,4.4
India,Ladakh,"PLFS Year (Jul - Jun), 2023",Rural,15 years and above,Male,72.5,71,2
India,Ladakh,"PLFS Year (Jul - Jun), 2023",Rural,15 years and above,Female,54.3,50.7,6.6
India,Ladakh,"PLFS Year (Jul - Jun), 2023",Rural,15 years and above,Persons,63.6,61.1,3.9
India,Ladakh,"PLFS Year (Jul - Jun), 2023",Rural,All Ages,Male,55.5,54.3,2
India,Ladakh,"PLFS Year (Jul - Jun), 2023",Rural,All Ages,Female,46.4,43.3,6.6
India,Ladakh,"PLFS Year (Jul - Jun), 2023",Rural,All Ages,Persons,51.3,49.3,3.9
India,Ladakh,"PLFS Year (Jul - Jun), 2023",Urban,15-29 years,Male,57.8,48.1,16.8
India,Ladakh,"PLFS Year (Jul - Jun), 2023",Urban,15-29 years,Female,28.8,7.2,75.1
India,Ladakh,"PLFS Year (Jul - Jun), 2023",Urban,15-29 years,Persons,45.3,30.4,32.9
India,Ladakh,"PLFS Year (Jul - Jun), 2023",Urban,15-59 years,Male,83.9,79.1,5.8
India,Ladakh,"PLFS Year (Jul - Jun), 2023",Urban,15-59 years,Female,35.7,23.2,35.1
India,Ladakh,"PLFS Year (Jul - Jun), 2023",Urban,15-59 years,Persons,61.5,53.1,13.7
India,Ladakh,"PLFS Year (Jul - Jun), 2023",Urban,15 years and above,Male,73.1,69,5.6
India,Ladakh,"PLFS Year (Jul - Jun), 2023",Urban,15 years and above,Female,33,21.7,34.4
India,Ladakh,"PLFS Year (Jul - Jun), 2023",Urban,15 years and above,Persons,55.1,47.7,13.4
India,Ladakh,"PLFS Year (Jul - Jun), 2023",Urban,All Ages,Male,61,57.5,5.6
India,Ladakh,"PLFS Year (Jul - Jun), 2023",Urban,All Ages,Female,26.3,17.3,34.4
India,Ladakh,"PLFS Year (Jul - Jun), 2023",Urban,All Ages,Persons,45,39,13.4
India,Ladakh,"PLFS Year (Jul - Jun), 2023",Rural + Urban,15-29 years,Male,46.9,41.6,11.4
India,Ladakh,"PLFS Year (Jul - Jun), 2023",Rural + Urban,15-29 years,Female,32.5,20,38.3
India,Ladakh,"PLFS Year (Jul - Jun), 2023",Rural + Urban,15-29 years,Persons,39.8,31,22.2
India,Ladakh,"PLFS Year (Jul - Jun), 2023",Rural + Urban,15-59 years,Male,79.8,77.6,2.9
India,Ladakh,"PLFS Year (Jul - Jun), 2023",Rural + Urban,15-59 years,Female,54,48.8,9.7
India,Ladakh,"PLFS Year (Jul - Jun), 2023",Rural + Urban,15-59 years,Persons,67,63.2,5.6
India,Ladakh,"PLFS Year (Jul - Jun), 2023",Rural + Urban,15 years and above,Male,72.5,70.7,2.6
India,Ladakh,"PLFS Year (Jul - Jun), 2023",Rural + Urban,15 years and above,Female,51.6,47.1,8.8
India,Ladakh,"PLFS Year (Jul - Jun), 2023",Rural + Urban,15 years and above,Persons,62.5,59.3,5.1
India,Ladakh,"PLFS Year (Jul - Jun), 2023",Rural + Urban,All Ages,Male,56.2,54.8,2.6
India,Ladakh,"PLFS Year (Jul - Jun), 2023",Rural + Urban,All Ages,Female,43.7,39.9,8.8
India,Ladakh,"PLFS Year (Jul - Jun), 2023",Rural + Urban,All Ages,Persons,50.5,47.9,5.1
India,Lakshadweep,"PLFS Year (Jul - Jun), 2023",Rural,15-29 years,Male,82.6,79.2,4.2
India,Lakshadweep,"PLFS Year (Jul - Jun), 2023",Rural,15-29 years,Female,41.8,7,83.2
India,Lakshadweep,"PLFS Year (Jul - Jun), 2023",Rural,15-29 years,Persons,66.2,50.2,24.2
India,Lakshadweep,"PLFS Year (Jul - Jun), 2023",Rural,15-59 years,Male,91,89.8,1.2
India,Lakshadweep,"PLFS Year (Jul - Jun), 2023",Rural,15-59 years,Female,25.5,13,49.1
India,Lakshadweep,"PLFS Year (Jul - Jun), 2023",Rural,15-59 years,Persons,65.5,60,8.5
India,Lakshadweep,"PLFS Year (Jul - Jun), 2023",Rural,15 years and above,Male,83,82,1.2
India,Lakshadweep,"PLFS Year (Jul - Jun), 2023",Rural,15 years and above,Female,20.4,10.4,49.1
India,Lakshadweep,"PLFS Year (Jul - Jun), 2023",Rural,15 years and above,Persons,57,52.3,8.3
India,Lakshadweep,"PLFS Year (Jul - Jun), 2023",Rural,All Ages,Male,73.3,72.4,1.2
India,Lakshadweep,"PLFS Year (Jul - Jun), 2023",Rural,All Ages,Female,14.5,7.4,49.1
India,Lakshadweep,"PLFS Year (Jul - Jun), 2023",Rural,All Ages,Persons,45.7,41.9,8.3
India,Lakshadweep,"PLFS Year (Jul - Jun), 2023",Urban,15-29 years,Male,60.1,36.9,38.7
India,Lakshadweep,"PLFS Year (Jul - Jun), 2023",Urban,15-29 years,Female,15.3,3.7,75.7
India,Lakshadweep,"PLFS Year (Jul - Jun), 2023",Urban,15-29 years,Persons,42.3,23.7,44
India,Lakshadweep,"PLFS Year (Jul - Jun), 2023",Urban,15-59 years,Male,80.7,71.4,11.5
India,Lakshadweep,"PLFS Year (Jul - Jun), 2023",Urban,15-59 years,Female,19.6,14.2,27.2
India,Lakshadweep,"PLFS Year (Jul - Jun), 2023",Urban,15-59 years,Persons,52.5,45.1,14.2
India,Lakshadweep,"PLFS Year (Jul - Jun), 2023",Urban,15 years and above,Male,71,63.1,11.1
India,Lakshadweep,"PLFS Year (Jul - Jun), 2023",Urban,15 years and above,Female,15.9,11.6,27.2
India,Lakshadweep,"PLFS Year (Jul - Jun), 2023",Urban,15 years and above,Persons,45,38.8,13.8
India,Lakshadweep,"PLFS Year (Jul - Jun), 2023",Urban,All Ages,Male,56.3,50.1,11.1
India,Lakshadweep,"PLFS Year (Jul - Jun), 2023",Urban,All Ages,Female,12.4,9,27.2
India,Lakshadweep,"PLFS Year (Jul - Jun), 2023",Urban,All Ages,Persons,35.4,30.5,13.8
India,Lakshadweep,"PLFS Year (Jul - Jun), 2023",Rural + Urban,15-29 years,Male,66.7,49.2,26.2
India,Lakshadweep,"PLFS Year (Jul - Jun), 2023",Rural + Urban,15-29 years,Female,23.1,4.7,79.7
India,Lakshadweep,"PLFS Year (Jul - Jun), 2023",Rural + Urban,15-29 years,Persons,49.3,31.4,36.2
India,Lakshadweep,"PLFS Year (Jul - Jun), 2023",Rural + Urban,15-59 years,Male,84,77.3,8
India,Lakshadweep,"PLFS Year (Jul - Jun), 2023",Rural + Urban,15-59 years,Female,21.1,13.9,34.1
India,Lakshadweep,"PLFS Year (Jul - Jun), 2023",Rural + Urban,15-59 years,Persons,56.3,49.4,12.3
India,Lakshadweep,"PLFS Year (Jul - Jun), 2023",Rural + Urban,15 years and above,Male,74.7,69,7.7
India,Lakshadweep,"PLFS Year (Jul - Jun), 2023",Rural + Urban,15 years and above,Female,17.1,11.3,34.1
India,Lakshadweep,"PLFS Year (Jul - Jun), 2023",Rural + Urban,15 years and above,Persons,48.5,42.7,11.9
India,Lakshadweep,"PLFS Year (Jul - Jun), 2023",Rural + Urban,All Ages,Male,61.2,56.5,7.7
India,Lakshadweep,"PLFS Year (Jul - Jun), 2023",Rural + Urban,All Ages,Female,13,8.6,34.1
India,Lakshadweep,"PLFS Year (Jul - Jun), 2023",Rural + Urban,All Ages,Persons,38.4,33.8,11.9
India,Madhya Pradesh,"PLFS Year (Jul - Jun), 2023",Rural,15-29 years,Male,80.3,79,1.6
India,Madhya Pradesh,"PLFS Year (Jul - Jun), 2023",Rural,15-29 years,Female,43.9,43.3,1.3
India,Madhya Pradesh,"PLFS Year (Jul - Jun), 2023",Rural,15-29 years,Persons,62.9,62,1.5
India,Madhya Pradesh,"PLFS Year (Jul - Jun), 2023",Rural,15-59 years,Male,90.7,90.1,0.6
India,Madhya Pradesh,"PLFS Year (Jul - Jun), 2023",Rural,15-59 years,Female,65,64.7,0.4
India,Madhya Pradesh,"PLFS Year (Jul - Jun), 2023",Rural,15-59 years,Persons,78.2,77.8,0.5
India,Madhya Pradesh,"PLFS Year (Jul - Jun), 2023",Rural,15 years and above,Male,87.3,86.8,0.6
India,Madhya Pradesh,"PLFS Year (Jul - Jun), 2023",Rural,15 years and above,Female,61.1,60.8,0.3
India,Madhya Pradesh,"PLFS Year (Jul - Jun), 2023",Rural,15 years and above,Persons,74.5,74.2,0.5
India,Madhya Pradesh,"PLFS Year (Jul - Jun), 2023",Rural,All Ages,Male,63.2,62.8,0.6
India,Madhya Pradesh,"PLFS Year (Jul - Jun), 2023",Rural,All Ages,Female,45.4,45.2,0.3
India,Madhya Pradesh,"PLFS Year (Jul - Jun), 2023",Rural,All Ages,Persons,54.6,54.3,0.5
India,Madhya Pradesh,"PLFS Year (Jul - Jun), 2023",Urban,15-29 years,Male,64.9,60.2,7.2
India,Madhya Pradesh,"PLFS Year (Jul - Jun), 2023",Urban,15-29 years,Female,21.7,20.3,6.5
India,Madhya Pradesh,"PLFS Year (Jul - Jun), 2023",Urban,15-29 years,Persons,43.9,40.9,7
India,Madhya Pradesh,"PLFS Year (Jul - Jun), 2023",Urban,15-59 years,Male,83.3,80.7,3.1
India,Madhya Pradesh,"PLFS Year (Jul - Jun), 2023",Urban,15-59 years,Female,31,30.2,2.8
India,Madhya Pradesh,"PLFS Year (Jul - Jun), 2023",Urban,15-59 years,Persons,57.4,55.7,3
India,Madhya Pradesh,"PLFS Year (Jul - Jun), 2023",Urban,15 years and above,Male,78.3,76,2.9
India,Madhya Pradesh,"PLFS Year (Jul - Jun), 2023",Urban,15 years and above,Female,28.5,27.7,2.6
India,Madhya Pradesh,"PLFS Year (Jul - Jun), 2023",Urban,15 years and above,Persons,53.4,51.9,2.8
India,Madhya Pradesh,"PLFS Year (Jul - Jun), 2023",Urban,All Ages,Male,58.7,57,2.9
India,Madhya Pradesh,"PLFS Year (Jul - Jun), 2023",Urban,All Ages,Female,22.3,21.7,2.6
India,Madhya Pradesh,"PLFS Year (Jul - Jun), 2023",Urban,All Ages,Persons,40.7,39.6,2.8
India,Madhya Pradesh,"PLFS Year (Jul - Jun), 2023",Rural + Urban,15-29 years,Male,76.4,74.3,2.8
India,Madhya Pradesh,"PLFS Year (Jul - Jun), 2023",Rural + Urban,15-29 years,Female,38.1,37.4,2.1
India,Madhya Pradesh,"PLFS Year (Jul - Jun), 2023",Rural + Urban,15-29 years,Persons,58.1,56.6,2.6
India,Madhya Pradesh,"PLFS Year (Jul - Jun), 2023",Rural + Urban,15-59 years,Male,88.8,87.7,1.2
India,Madhya Pradesh,"PLFS Year (Jul - Jun), 2023",Rural + Urban,15-59 years,Female,55.9,55.5,0.7
India,Madhya Pradesh,"PLFS Year (Jul - Jun), 2023",Rural + Urban,15-59 years,Persons,72.7,71.9,1
India,Madhya Pradesh,"PLFS Year (Jul - Jun), 2023",Rural + Urban,15 years and above,Male,85,84,1.1
India,Madhya Pradesh,"PLFS Year (Jul - Jun), 2023",Rural + Urban,15 years and above,Female,52.3,51.9,0.7
India,Madhya Pradesh,"PLFS Year (Jul - Jun), 2023",Rural + Urban,15 years and above,Persons,68.9,68.3,1
India,Madhya Pradesh,"PLFS Year (Jul - Jun), 2023",Rural + Urban,All Ages,Male,62,61.3,1.1
India,Madhya Pradesh,"PLFS Year (Jul - Jun), 2023",Rural + Urban,All Ages,Female,39.4,39.1,0.7
India,Madhya Pradesh,"PLFS Year (Jul - Jun), 2023",Rural + Urban,All Ages,Persons,51,50.6,0.9
India,Maharashtra,"PLFS Year (Jul - Jun), 2023",Rural,15-29 years,Male,57.6,51.7,10.1
India,Maharashtra,"PLFS Year (Jul - Jun), 2023",Rural,15-29 years,Female,25.5,23.5,7.5
India,Maharashtra,"PLFS Year (Jul - Jun), 2023",Rural,15-29 years,Persons,42.9,38.8,9.4
India,Maharashtra,"PLFS Year (Jul - Jun), 2023",Rural,15-59 years,Male,81.5,79,3.2
India,Maharashtra,"PLFS Year (Jul - Jun), 2023",Rural,15-59 years,Female,53.6,52.9,1.3
India,Maharashtra,"PLFS Year (Jul - Jun), 2023",Rural,15-59 years,Persons,68,66.3,2.4
India,Maharashtra,"PLFS Year (Jul - Jun), 2023",Rural,15 years and above,Male,77.8,75.7,2.8
India,Maharashtra,"PLFS Year (Jul - Jun), 2023",Rural,15 years and above,Female,48,47.4,1.1
India,Maharashtra,"PLFS Year (Jul - Jun), 2023",Rural,15 years and above,Persons,63,61.6,2.1
India,Maharashtra,"PLFS Year (Jul - Jun), 2023",Rural,All Ages,Male,61,59.3,2.8
India,Maharashtra,"PLFS Year (Jul - Jun), 2023",Rural,All Ages,Female,38,37.5,1.1
India,Maharashtra,"PLFS Year (Jul - Jun), 2023",Rural,All Ages,Persons,49.6,48.5,2.2
India,Maharashtra,"PLFS Year (Jul - Jun), 2023",Urban,15-29 years,Male,64.2,56,12.8
India,Maharashtra,"PLFS Year (Jul - Jun), 2023",Urban,15-29 years,Female,28,24.9,11.1
India,Maharashtra,"PLFS Year (Jul - Jun), 2023",Urban,15-29 years,Persons,47.6,41.7,12.4
India,Maharashtra,"PLFS Year (Jul - Jun), 2023",Urban,15-59 years,Male,83.1,78.9,5.1
India,Maharashtra,"PLFS Year (Jul - Jun), 2023",Urban,15-59 years,Female,32.7,30.6,6.3
India,Maharashtra,"PLFS Year (Jul - Jun), 2023",Urban,15-59 years,Persons,58.9,55.7,5.4
India,Maharashtra,"PLFS Year (Jul - Jun), 2023",Urban,15 years and above,Male,76.4,72.7,4.9
India,Maharashtra,"PLFS Year (Jul - Jun), 2023",Urban,15 years and above,Female,29.4,27.6,6
India,Maharashtra,"PLFS Year (Jul - Jun), 2023",Urban,15 years and above,Persons,53.6,50.9,5.2
India,Maharashtra,"PLFS Year (Jul - Jun), 2023",Urban,All Ages,Male,61,58.1,4.9
India,Maharashtra,"PLFS Year (Jul - Jun), 2023",Urban,All Ages,Female,23.7,22.3,6
India,Maharashtra,"PLFS Year (Jul - Jun), 2023",Urban,All Ages,Persons,43.1,40.9,5.2
India,Maharashtra,"PLFS Year (Jul - Jun), 2023",Rural + Urban,15-29 years,Male,60.5,53.6,11.4
India,Maharashtra,"PLFS Year (Jul - Jun), 2023",Rural + Urban,15-29 years,Female,26.6,24.1,9.2
India,Maharashtra,"PLFS Year (Jul - Jun), 2023",Rural + Urban,15-29 years,Persons,44.9,40.1,10.8
India,Maharashtra,"PLFS Year (Jul - Jun), 2023",Rural + Urban,15-59 years,Male,82.2,78.9,4
India,Maharashtra,"PLFS Year (Jul - Jun), 2023",Rural + Urban,15-59 years,Female,44.4,43.1,2.9
India,Maharashtra,"PLFS Year (Jul - Jun), 2023",Rural + Urban,15-59 years,Persons,63.9,61.6,3.6
India,Maharashtra,"PLFS Year (Jul - Jun), 2023",Rural + Urban,15 years and above,Male,77.2,74.4,3.7
India,Maharashtra,"PLFS Year (Jul - Jun), 2023",Rural + Urban,15 years and above,Female,40.1,39.1,2.7
India,Maharashtra,"PLFS Year (Jul - Jun), 2023",Rural + Urban,15 years and above,Persons,59,57,3.3
India,Maharashtra,"PLFS Year (Jul - Jun), 2023",Rural + Urban,All Ages,Male,61,58.8,3.7
India,Maharashtra,"PLFS Year (Jul - Jun), 2023",Rural + Urban,All Ages,Female,32,31.2,2.7
India,Maharashtra,"PLFS Year (Jul - Jun), 2023",Rural + Urban,All Ages,Persons,46.8,45.3,3.3
India,Manipur,"PLFS Year (Jul - Jun), 2023",Rural,15-29 years,Male,37.9,30.7,19
India,Manipur,"PLFS Year (Jul - Jun), 2023",Rural,15-29 years,Female,24.1,18.5,23.4
India,Manipur,"PLFS Year (Jul - Jun), 2023",Rural,15-29 years,Persons,30.8,24.4,20.8
India,Manipur,"PLFS Year (Jul - Jun), 2023",Rural,15-59 years,Male,76.4,72.5,5.1
India,Manipur,"PLFS Year (Jul - Jun), 2023",Rural,15-59 years,Female,52.9,49.2,7.1
India,Manipur,"PLFS Year (Jul - Jun), 2023",Rural,15-59 years,Persons,64.6,60.8,5.9
India,Manipur,"PLFS Year (Jul - Jun), 2023",Rural,15 years and above,Male,71.6,68.2,4.7
India,Manipur,"PLFS Year (Jul - Jun), 2023",Rural,15 years and above,Female,49.6,46.3,6.6
India,Manipur,"PLFS Year (Jul - Jun), 2023",Rural,15 years and above,Persons,60.5,57.2,5.5
India,Manipur,"PLFS Year (Jul - Jun), 2023",Rural,All Ages,Male,52.8,50.3,4.7
India,Manipur,"PLFS Year (Jul - Jun), 2023",Rural,All Ages,Female,36.5,34.1,6.6
India,Manipur,"PLFS Year (Jul - Jun), 2023",Rural,All Ages,Persons,44.6,42.2,5.5
India,Manipur,"PLFS Year (Jul - Jun), 2023",Urban,15-29 years,Male,39.9,31.2,21.7
India,Manipur,"PLFS Year (Jul - Jun), 2023",Urban,15-29 years,Female,26.5,16.7,37.1
India,Manipur,"PLFS Year (Jul - Jun), 2023",Urban,15-29 years,Persons,33.2,24,27.8
India,Manipur,"PLFS Year (Jul - Jun), 2023",Urban,15-59 years,Male,75.5,71,5.9
India,Manipur,"PLFS Year (Jul - Jun), 2023",Urban,15-59 years,Female,50.5,44.8,11.2
India,Manipur,"PLFS Year (Jul - Jun), 2023",Urban,15-59 years,Persons,62.8,57.7,8.1
India,Manipur,"PLFS Year (Jul - Jun), 2023",Urban,15 years and above,Male,68.8,65,5.6
India,Manipur,"PLFS Year (Jul - Jun), 2023",Urban,15 years and above,Female,46.6,41.8,10.3
India,Manipur,"PLFS Year (Jul - Jun), 2023",Urban,15 years and above,Persons,57.5,53.1,7.5
India,Manipur,"PLFS Year (Jul - Jun), 2023",Urban,All Ages,Male,52.4,49.5,5.6
India,Manipur,"PLFS Year (Jul - Jun), 2023",Urban,All Ages,Female,35.7,32.1,10.3
India,Manipur,"PLFS Year (Jul - Jun), 2023",Urban,All Ages,Persons,43.9,40.6,7.5
India,Manipur,"PLFS Year (Jul - Jun), 2023",Rural + Urban,15-29 years,Male,38.5,30.8,19.9
India,Manipur,"PLFS Year (Jul - Jun), 2023",Rural + Urban,15-29 years,Female,24.8,18,27.5
India,Manipur,"PLFS Year (Jul - Jun), 2023",Rural + Urban,15-29 years,Persons,31.5,24.3,22.9
India,Manipur,"PLFS Year (Jul - Jun), 2023",Rural + Urban,15-59 years,Male,76.1,72.1,5.3
India,Manipur,"PLFS Year (Jul - Jun), 2023",Rural + Urban,15-59 years,Female,52.2,47.9,8.3
India,Manipur,"PLFS Year (Jul - Jun), 2023",Rural + Urban,15-59 years,Persons,64.1,59.9,6.5
India,Manipur,"PLFS Year (Jul - Jun), 2023",Rural + Urban,15 years and above,Male,70.8,67.2,5
India,Manipur,"PLFS Year (Jul - Jun), 2023",Rural + Urban,15 years and above,Female,48.7,45,7.7
India,Manipur,"PLFS Year (Jul - Jun), 2023",Rural + Urban,15 years and above,Persons,59.6,56,6.1
India,Manipur,"PLFS Year (Jul - Jun), 2023",Rural + Urban,All Ages,Male,52.7,50.1,5
India,Manipur,"PLFS Year (Jul - Jun), 2023",Rural + Urban,All Ages,Female,36.3,33.5,7.7
India,Manipur,"PLFS Year (Jul - Jun), 2023",Rural + Urban,All Ages,Persons,44.4,41.7,6.1
India,Meghalaya,"PLFS Year (Jul - Jun), 2023",Rural,15-29 years,Male,70.4,64.9,7.8
India,Meghalaya,"PLFS Year (Jul - Jun), 2023",Rural,15-29 years,Female,61.8,52.1,15.8
India,Meghalaya,"PLFS Year (Jul - Jun), 2023",Rural,15-29 years,Persons,66.1,58.4,11.6
India,Meghalaya,"PLFS Year (Jul - Jun), 2023",Rural,15-59 years,Male,85.5,82.2,3.8
India,Meghalaya,"PLFS Year (Jul - Jun), 2023",Rural,15-59 years,Female,79.2,73.7,7
India,Meghalaya,"PLFS Year (Jul - Jun), 2023",Rural,15-59 years,Persons,82.3,77.9,5.4
India,Meghalaya,"PLFS Year (Jul - Jun), 2023",Rural,15 years and above,Male,84.8,81.8,3.6
India,Meghalaya,"PLFS Year (Jul - Jun), 2023",Rural,15 years and above,Female,76.9,71.9,6.6
India,Meghalaya,"PLFS Year (Jul - Jun), 2023",Rural,15 years and above,Persons,80.8,76.7,5
India,Meghalaya,"PLFS Year (Jul - Jun), 2023",Rural,All Ages,Male,54.8,52.8,3.7
India,Meghalaya,"PLFS Year (Jul - Jun), 2023",Rural,All Ages,Female,48.7,45.5,6.6
India,Meghalaya,"PLFS Year (Jul - Jun), 2023",Rural,All Ages,Persons,51.7,49,5.1
India,Meghalaya,"PLFS Year (Jul - Jun), 2023",Urban,15-29 years,Male,47.8,35.8,25.1
India,Meghalaya,"PLFS Year (Jul - Jun), 2023",Urban,15-29 years,Female,34.5,19.3,44
India,Meghalaya,"PLFS Year (Jul - Jun), 2023",Urban,15-29 years,Persons,41.1,27.5,33
India,Meghalaya,"PLFS Year (Jul - Jun), 2023",Urban,15-59 years,Male,72.1,65.5,9.2
India,Meghalaya,"PLFS Year (Jul - Jun), 2023",Urban,15-59 years,Female,50.9,40.1,21.2
India,Meghalaya,"PLFS Year (Jul - Jun), 2023",Urban,15-59 years,Persons,61,52.1,14.5
India,Meghalaya,"PLFS Year (Jul - Jun), 2023",Urban,15 years and above,Male,69.5,63.3,8.9
India,Meghalaya,"PLFS Year (Jul - Jun), 2023",Urban,15 years and above,Female,47.7,37.9,20.6
India,Meghalaya,"PLFS Year (Jul - Jun), 2023",Urban,15 years and above,Persons,57.9,49.8,14
India,Meghalaya,"PLFS Year (Jul - Jun), 2023",Urban,All Ages,Male,53.1,48.4,8.9
India,Meghalaya,"PLFS Year (Jul - Jun), 2023",Urban,All Ages,Female,37.8,30,20.6
India,Meghalaya,"PLFS Year (Jul - Jun), 2023",Urban,All Ages,Persons,45.1,38.8,14
India,Meghalaya,"PLFS Year (Jul - Jun), 2023",Rural + Urban,15-29 years,Male,66.5,59.9,9.9
India,Meghalaya,"PLFS Year (Jul - Jun), 2023",Rural + Urban,15-29 years,Female,57.2,46.5,18.7
India,Meghalaya,"PLFS Year (Jul - Jun), 2023",Rural + Urban,15-29 years,Persons,61.8,53.1,14
India,Meghalaya,"PLFS Year (Jul - Jun), 2023",Rural + Urban,15-59 years,Male,83.3,79.5,4.6
India,Meghalaya,"PLFS Year (Jul - Jun), 2023",Rural + Urban,15-59 years,Female,74.3,67.8,8.7
India,Meghalaya,"PLFS Year (Jul - Jun), 2023",Rural + Urban,15-59 years,Persons,78.7,73.5,6.6
India,Meghalaya,"PLFS Year (Jul - Jun), 2023",Rural + Urban,15 years and above,Male,82.3,78.7,4.3
India,Meghalaya,"PLFS Year (Jul - Jun), 2023",Rural + Urban,15 years and above,Female,71.8,65.9,8.2
India,Meghalaya,"PLFS Year (Jul - Jun), 2023",Rural + Urban,15 years and above,Persons,76.9,72.1,6.2
India,Meghalaya,"PLFS Year (Jul - Jun), 2023",Rural + Urban,All Ages,Male,54.6,52.2,4.4
India,Meghalaya,"PLFS Year (Jul - Jun), 2023",Rural + Urban,All Ages,Female,47.1,43.2,8.2
India,Meghalaya,"PLFS Year (Jul - Jun), 2023",Rural + Urban,All Ages,Persons,50.7,47.6,6.2
India,Mizoram,"PLFS Year (Jul - Jun), 2023",Rural,15-29 years,Male,32.4,29.3,9.7
India,Mizoram,"PLFS Year (Jul - Jun), 2023",Rural,15-29 years,Female,22.8,21.2,7
India,Mizoram,"PLFS Year (Jul - Jun), 2023",Rural,15-29 years,Persons,28.3,25.8,8.8
India,Mizoram,"PLFS Year (Jul - Jun), 2023",Rural,15-59 years,Male,74.1,72.9,1.6
India,Mizoram,"PLFS Year (Jul - Jun), 2023",Rural,15-59 years,Female,48.7,48.1,1.1
India,Mizoram,"PLFS Year (Jul - Jun), 2023",Rural,15-59 years,Persons,62.2,61.3,1.4
India,Mizoram,"PLFS Year (Jul - Jun), 2023",Rural,15 years and above,Male,67.4,66.3,1.5
India,Mizoram,"PLFS Year (Jul - Jun), 2023",Rural,15 years and above,Female,42.6,42.2,1
India,Mizoram,"PLFS Year (Jul - Jun), 2023",Rural,15 years and above,Persons,55.7,54.9,1.3
India,Mizoram,"PLFS Year (Jul - Jun), 2023",Rural,All Ages,Male,51.1,50.3,1.5
India,Mizoram,"PLFS Year (Jul - Jun), 2023",Rural,All Ages,Female,30.5,30.1,1
India,Mizoram,"PLFS Year (Jul - Jun), 2023",Rural,All Ages,Persons,41,40.5,1.3
India,Mizoram,"PLFS Year (Jul - Jun), 2023",Urban,15-29 years,Male,24.6,19.8,19.6
India,Mizoram,"PLFS Year (Jul - Jun), 2023",Urban,15-29 years,Female,21.8,17.5,19.6
India,Mizoram,"PLFS Year (Jul - Jun), 2023",Urban,15-29 years,Persons,23.3,18.7,19.6
India,Mizoram,"PLFS Year (Jul - Jun), 2023",Urban,15-59 years,Male,71.3,69,3.3
India,Mizoram,"PLFS Year (Jul - Jun), 2023",Urban,15-59 years,Female,45.3,43.4,4.1
India,Mizoram,"PLFS Year (Jul - Jun), 2023",Urban,15-59 years,Persons,58.4,56.3,3.6
India,Mizoram,"PLFS Year (Jul - Jun), 2023",Urban,15 years and above,Male,64.5,62.4,3.2
India,Mizoram,"PLFS Year (Jul - Jun), 2023",Urban,15 years and above,Female,40.6,39.1,3.9
India,Mizoram,"PLFS Year (Jul - Jun), 2023",Urban,15 years and above,Persons,52.5,50.7,3.4
India,Mizoram,"PLFS Year (Jul - Jun), 2023",Urban,All Ages,Male,49.2,47.7,3.2
India,Mizoram,"PLFS Year (Jul - Jun), 2023",Urban,All Ages,Female,30.2,29.1,3.9
India,Mizoram,"PLFS Year (Jul - Jun), 2023",Urban,All Ages,Persons,39.6,38.2,3.4
India,Mizoram,"PLFS Year (Jul - Jun), 2023",Rural + Urban,15-29 years,Male,29,25.1,13.4
India,Mizoram,"PLFS Year (Jul - Jun), 2023",Rural + Urban,15-29 years,Female,22.3,19.4,13
India,Mizoram,"PLFS Year (Jul - Jun), 2023",Rural + Urban,15-29 years,Persons,26,22.5,13.3
India,Mizoram,"PLFS Year (Jul - Jun), 2023",Rural + Urban,15-59 years,Male,72.9,71.2,2.3
India,Mizoram,"PLFS Year (Jul - Jun), 2023",Rural + Urban,15-59 years,Female,47.1,45.9,2.5
India,Mizoram,"PLFS Year (Jul - Jun), 2023",Rural + Urban,15-59 years,Persons,60.5,59,2.4
India,Mizoram,"PLFS Year (Jul - Jun), 2023",Rural + Urban,15 years and above,Male,66.1,64.6,2.2
India,Mizoram,"PLFS Year (Jul - Jun), 2023",Rural + Urban,15 years and above,Female,41.7,40.7,2.4
India,Mizoram,"PLFS Year (Jul - Jun), 2023",Rural + Urban,15 years and above,Persons,54.2,53,2.3
India,Mizoram,"PLFS Year (Jul - Jun), 2023",Rural + Urban,All Ages,Male,50.2,49.1,2.2
India,Mizoram,"PLFS Year (Jul - Jun), 2023",Rural + Urban,All Ages,Female,30.4,29.6,2.4
India,Mizoram,"PLFS Year (Jul - Jun), 2023",Rural + Urban,All Ages,Persons,40.4,39.5,2.3
India,Nagaland,"PLFS Year (Jul - Jun), 2023",Rural,15-29 years,Male,64.5,49.4,23.5
India,Nagaland,"PLFS Year (Jul - Jun), 2023",Rural,15-29 years,Female,49.4,38.2,22.8
India,Nagaland,"PLFS Year (Jul - Jun), 2023",Rural,15-29 years,Persons,56.5,43.4,23.1
India,Nagaland,"PLFS Year (Jul - Jun), 2023",Rural,15-59 years,Male,88.9,83.3,6.2
India,Nagaland,"PLFS Year (Jul - Jun), 2023",Rural,15-59 years,Female,71.3,66.6,6.5
India,Nagaland,"PLFS Year (Jul - Jun), 2023",Rural,15-59 years,Persons,79.9,74.9,6.4
India,Nagaland,"PLFS Year (Jul - Jun), 2023",Rural,15 years and above,Male,85.4,80.7,5.5
India,Nagaland,"PLFS Year (Jul - Jun), 2023",Rural,15 years and above,Female,69,65,5.8
India,Nagaland,"PLFS Year (Jul - Jun), 2023",Rural,15 years and above,Persons,77.1,72.7,5.7
India,Nagaland,"PLFS Year (Jul - Jun), 2023",Rural,All Ages,Male,57.3,54.1,5.5
India,Nagaland,"PLFS Year (Jul - Jun), 2023",Rural,All Ages,Female,45.2,42.6,5.8
India,Nagaland,"PLFS Year (Jul - Jun), 2023",Rural,All Ages,Persons,51.1,48.2,5.7
India,Nagaland,"PLFS Year (Jul - Jun), 2023",Urban,15-29 years,Male,47.7,29.1,39
India,Nagaland,"PLFS Year (Jul - Jun), 2023",Urban,15-29 years,Female,28.1,16.7,40.6
India,Nagaland,"PLFS Year (Jul - Jun), 2023",Urban,15-29 years,Persons,37.9,22.9,39.6
India,Nagaland,"PLFS Year (Jul - Jun), 2023",Urban,15-59 years,Male,79.4,70.2,11.6
India,Nagaland,"PLFS Year (Jul - Jun), 2023",Urban,15-59 years,Female,54.3,47.8,12
India,Nagaland,"PLFS Year (Jul - Jun), 2023",Urban,15-59 years,Persons,67,59.1,11.7
India,Nagaland,"PLFS Year (Jul - Jun), 2023",Urban,15 years and above,Male,75.3,66.9,11.1
India,Nagaland,"PLFS Year (Jul - Jun), 2023",Urban,15 years and above,Female,52.1,46.1,11.6
India,Nagaland,"PLFS Year (Jul - Jun), 2023",Urban,15 years and above,Persons,64,56.8,11.3
India,Nagaland,"PLFS Year (Jul - Jun), 2023",Urban,All Ages,Male,52,46.2,11.1
India,Nagaland,"PLFS Year (Jul - Jun), 2023",Urban,All Ages,Female,35.8,31.7,11.6
India,Nagaland,"PLFS Year (Jul - Jun), 2023",Urban,All Ages,Persons,44.1,39.1,11.3
India,Nagaland,"PLFS Year (Jul - Jun), 2023",Rural + Urban,15-29 years,Male,58.6,42.2,27.9
India,Nagaland,"PLFS Year (Jul - Jun), 2023",Rural + Urban,15-29 years,Female,42.5,31.2,26.6
India,Nagaland,"PLFS Year (Jul - Jun), 2023",Rural + Urban,15-29 years,Persons,50.2,36.5,27.4
India,Nagaland,"PLFS Year (Jul - Jun), 2023",Rural + Urban,15-59 years,Male,86,79.3,7.7
India,Nagaland,"PLFS Year (Jul - Jun), 2023",Rural + Urban,15-59 years,Female,66.3,61.1,7.8
India,Nagaland,"PLFS Year (Jul - Jun), 2023",Rural + Urban,15-59 years,Persons,76,70.1,7.8
India,Nagaland,"PLFS Year (Jul - Jun), 2023",Rural + Urban,15 years and above,Male,82.4,76.6,7
India,Nagaland,"PLFS Year (Jul - Jun), 2023",Rural + Urban,15 years and above,Female,64.3,59.7,7.1
India,Nagaland,"PLFS Year (Jul - Jun), 2023",Rural + Urban,15 years and above,Persons,73.3,68.1,7.1
India,Nagaland,"PLFS Year (Jul - Jun), 2023",Rural + Urban,All Ages,Male,55.7,51.8,7
India,Nagaland,"PLFS Year (Jul - Jun), 2023",Rural + Urban,All Ages,Female,42.7,39.6,7.1
India,Nagaland,"PLFS Year (Jul - Jun), 2023",Rural + Urban,All Ages,Persons,49.1,45.7,7.1
India,Odisha,"PLFS Year (Jul - Jun), 2023",Rural,15-29 years,Male,69.7,62.6,10.2
India,Odisha,"PLFS Year (Jul - Jun), 2023",Rural,15-29 years,Female,39.4,36.3,8
India,Odisha,"PLFS Year (Jul - Jun), 2023",Rural,15-29 years,Persons,54,48.9,9.3
India,Odisha,"PLFS Year (Jul - Jun), 2023",Rural,15-59 years,Male,87.2,84.3,3.3
India,Odisha,"PLFS Year (Jul - Jun), 2023",Rural,15-59 years,Female,57.1,55.9,2.2
India,Odisha,"PLFS Year (Jul - Jun), 2023",Rural,15-59 years,Persons,71.5,69.4,2.9
India,Odisha,"PLFS Year (Jul - Jun), 2023",Rural,15 years and above,Male,82.9,80.5,2.9
India,Odisha,"PLFS Year (Jul - Jun), 2023",Rural,15 years and above,Female,52.6,51.5,2
India,Odisha,"PLFS Year (Jul - Jun), 2023",Rural,15 years and above,Persons,67.1,65.4,2.6
India,Odisha,"PLFS Year (Jul - Jun), 2023",Rural,All Ages,Male,61.9,60.1,2.9
India,Odisha,"PLFS Year (Jul - Jun), 2023",Rural,All Ages,Female,40.3,39.4,2
India,Odisha,"PLFS Year (Jul - Jun), 2023",Rural,All Ages,Persons,50.8,49.5,2.6
India,Odisha,"PLFS Year (Jul - Jun), 2023",Urban,15-29 years,Male,55.9,45.3,18.9
India,Odisha,"PLFS Year (Jul - Jun), 2023",Urban,15-29 years,Female,27.6,18.8,31.9
India,Odisha,"PLFS Year (Jul - Jun), 2023",Urban,15-29 years,Persons,42.5,32.8,22.9
India,Odisha,"PLFS Year (Jul - Jun), 2023",Urban,15-59 years,Male,80.2,75.3,6.1
India,Odisha,"PLFS Year (Jul - Jun), 2023",Urban,15-59 years,Female,33.4,29.9,10.4
India,Odisha,"PLFS Year (Jul - Jun), 2023",Urban,15-59 years,Persons,57,52.8,7.3
India,Odisha,"PLFS Year (Jul - Jun), 2023",Urban,15 years and above,Male,75,70.8,5.6
India,Odisha,"PLFS Year (Jul - Jun), 2023",Urban,15 years and above,Female,30.8,27.8,9.7
India,Odisha,"PLFS Year (Jul - Jun), 2023",Urban,15 years and above,Persons,53.2,49.6,6.8
India,Odisha,"PLFS Year (Jul - Jun), 2023",Urban,All Ages,Male,59.1,55.8,5.6
India,Odisha,"PLFS Year (Jul - Jun), 2023",Urban,All Ages,Female,24.4,22,9.7
India,Odisha,"PLFS Year (Jul - Jun), 2023",Urban,All Ages,Persons,42,39.2,6.8
India,Odisha,"PLFS Year (Jul - Jun), 2023",Rural + Urban,15-29 years,Male,67.3,59.6,11.4
India,Odisha,"PLFS Year (Jul - Jun), 2023",Rural + Urban,15-29 years,Female,37.6,33.7,10.6
India,Odisha,"PLFS Year (Jul - Jun), 2023",Rural + Urban,15-29 years,Persons,52.1,46.3,11.1
India,Odisha,"PLFS Year (Jul - Jun), 2023",Rural + Urban,15-59 years,Male,86,82.8,3.8
India,Odisha,"PLFS Year (Jul - Jun), 2023",Rural + Urban,15-59 years,Female,53.5,51.9,3
India,Odisha,"PLFS Year (Jul - Jun), 2023",Rural + Urban,15-59 years,Persons,69.2,66.8,3.5
India,Odisha,"PLFS Year (Jul - Jun), 2023",Rural + Urban,15 years and above,Male,81.7,78.9,3.3
India,Odisha,"PLFS Year (Jul - Jun), 2023",Rural + Urban,15 years and above,Female,49.4,48,2.7
India,Odisha,"PLFS Year (Jul - Jun), 2023",Rural + Urban,15 years and above,Persons,64.9,62.9,3.1
India,Odisha,"PLFS Year (Jul - Jun), 2023",Rural + Urban,All Ages,Male,61.5,59.4,3.3
India,Odisha,"PLFS Year (Jul - Jun), 2023",Rural + Urban,All Ages,Female,38,36.9,2.7
India,Odisha,"PLFS Year (Jul - Jun), 2023",Rural + Urban,All Ages,Persons,49.4,47.9,3.1
India,Puducherry,"PLFS Year (Jul - Jun), 2023",Rural,15-29 years,Male,56.8,56.4,0.6
India,Puducherry,"PLFS Year (Jul - Jun), 2023",Rural,15-29 years,Female,28.3,21.2,25
India,Puducherry,"PLFS Year (Jul - Jun), 2023",Rural,15-29 years,Persons,42.3,38.5,8.9
India,Puducherry,"PLFS Year (Jul - Jun), 2023",Rural,15-59 years,Male,78.4,78.3,0.2
India,Puducherry,"PLFS Year (Jul - Jun), 2023",Rural,15-59 years,Female,46.3,44,5.1
India,Puducherry,"PLFS Year (Jul - Jun), 2023",Rural,15-59 years,Persons,61.6,60.3,2.1
India,Puducherry,"PLFS Year (Jul - Jun), 2023",Rural,15 years and above,Male,73.1,73,0.1
India,Puducherry,"PLFS Year (Jul - Jun), 2023",Rural,15 years and above,Female,42.5,40.5,4.7
India,Puducherry,"PLFS Year (Jul - Jun), 2023",Rural,15 years and above,Persons,57.3,56.2,1.9
India,Puducherry,"PLFS Year (Jul - Jun), 2023",Rural,All Ages,Male,58.6,58.5,0.1
India,Puducherry,"PLFS Year (Jul - Jun), 2023",Rural,All Ages,Female,37.1,35.4,4.7
India,Puducherry,"PLFS Year (Jul - Jun), 2023",Rural,All Ages,Persons,48,47.1,1.9
India,Puducherry,"PLFS Year (Jul - Jun), 2023",Urban,15-29 years,Male,62.2,51.7,17
India,Puducherry,"PLFS Year (Jul - Jun), 2023",Urban,15-29 years,Female,27.5,22.1,19.6
India,Puducherry,"PLFS Year (Jul - Jun), 2023",Urban,15-29 years,Persons,42.9,35.2,17.9
India,Puducherry,"PLFS Year (Jul - Jun), 2023",Urban,15-59 years,Male,83.4,77.7,6.8
India,Puducherry,"PLFS Year (Jul - Jun), 2023",Urban,15-59 years,Female,33.7,31.2,7.3
India,Puducherry,"PLFS Year (Jul - Jun), 2023",Urban,15-59 years,Persons,56.3,52.3,7
India,Puducherry,"PLFS Year (Jul - Jun), 2023",Urban,15 years and above,Male,73.4,68.8,6.3
India,Puducherry,"PLFS Year (Jul - Jun), 2023",Urban,15 years and above,Female,29.4,27.4,6.9
India,Puducherry,"PLFS Year (Jul - Jun), 2023",Urban,15 years and above,Persons,49.4,46.2,6.5
India,Puducherry,"PLFS Year (Jul - Jun), 2023",Urban,All Ages,Male,58.2,54.6,6.3
India,Puducherry,"PLFS Year (Jul - Jun), 2023",Urban,All Ages,Female,24.4,22.7,6.9
India,Puducherry,"PLFS Year (Jul - Jun), 2023",Urban,All Ages,Persons,40.2,37.6,6.5
India,Puducherry,"PLFS Year (Jul - Jun), 2023",Rural + Urban,15-29 years,Male,60.1,53.5,10.9
India,Puducherry,"PLFS Year (Jul - Jun), 2023",Rural + Urban,15-29 years,Female,27.8,21.8,21.6
India,Puducherry,"PLFS Year (Jul - Jun), 2023",Rural + Urban,15-29 years,Persons,42.7,36.5,14.6
India,Puducherry,"PLFS Year (Jul - Jun), 2023",Rural + Urban,15-59 years,Male,81.4,77.9,4.3
India,Puducherry,"PLFS Year (Jul - Jun), 2023",Rural + Urban,15-59 years,Female,38.4,36,6.3
India,Puducherry,"PLFS Year (Jul - Jun), 2023",Rural + Urban,15-59 years,Persons,58.3,55.4,5
India,Puducherry,"PLFS Year (Jul - Jun), 2023",Rural + Urban,15 years and above,Male,73.3,70.5,3.9
India,Puducherry,"PLFS Year (Jul - Jun), 2023",Rural + Urban,15 years and above,Female,34.2,32.2,5.9
India,Puducherry,"PLFS Year (Jul - Jun), 2023",Rural + Urban,15 years and above,Persons,52.4,50,4.6
India,Puducherry,"PLFS Year (Jul - Jun), 2023",Rural + Urban,All Ages,Male,58.4,56.1,3.9
India,Puducherry,"PLFS Year (Jul - Jun), 2023",Rural + Urban,All Ages,Female,28.9,27.2,5.9
India,Puducherry,"PLFS Year (Jul - Jun), 2023",Rural + Urban,All Ages,Persons,43.1,41.1,4.6
India,Punjab,"PLFS Year (Jul - Jun), 2023",Rural,15-29 years,Male,66.3,53.9,18.8
India,Punjab,"PLFS Year (Jul - Jun), 2023",Rural,15-29 years,Female,28.4,21.5,24.5
India,Punjab,"PLFS Year (Jul - Jun), 2023",Rural,15-29 years,Persons,47.6,37.9,20.5
India,Punjab,"PLFS Year (Jul - Jun), 2023",Rural,15-59 years,Male,85.3,80.4,5.7
India,Punjab,"PLFS Year (Jul - Jun), 2023",Rural,15-59 years,Female,39.2,36.5,6.8
India,Punjab,"PLFS Year (Jul - Jun), 2023",Rural,15-59 years,Persons,62.3,58.5,6.1
India,Punjab,"PLFS Year (Jul - Jun), 2023",Rural,15 years and above,Male,80.1,76,5.1
India,Punjab,"PLFS Year (Jul - Jun), 2023",Rural,15 years and above,Female,34.9,32.7,6.2
India,Punjab,"PLFS Year (Jul - Jun), 2023",Rural,15 years and above,Persons,57.4,54.3,5.4
India,Punjab,"PLFS Year (Jul - Jun), 2023",Rural,All Ages,Male,62.4,59.2,5.1
India,Punjab,"PLFS Year (Jul - Jun), 2023",Rural,All Ages,Female,27.7,26,6.2
India,Punjab,"PLFS Year (Jul - Jun), 2023",Rural,All Ages,Persons,45.2,42.7,5.4
India,Punjab,"PLFS Year (Jul - Jun), 2023",Urban,15-29 years,Male,66.1,56.9,13.9
India,Punjab,"PLFS Year (Jul - Jun), 2023",Urban,15-29 years,Female,22,16.6,24.7
India,Punjab,"PLFS Year (Jul - Jun), 2023",Urban,15-29 years,Persons,45.2,37.8,16.4
India,Punjab,"PLFS Year (Jul - Jun), 2023",Urban,15-59 years,Male,84.9,80.6,5.1
India,Punjab,"PLFS Year (Jul - Jun), 2023",Urban,15-59 years,Female,27.6,25.1,9
India,Punjab,"PLFS Year (Jul - Jun), 2023",Urban,15-59 years,Persons,57.4,53.9,6
India,Punjab,"PLFS Year (Jul - Jun), 2023",Urban,15 years and above,Male,79.4,75.7,4.7
India,Punjab,"PLFS Year (Jul - Jun), 2023",Urban,15 years and above,Female,24.6,22.4,8.6
India,Punjab,"PLFS Year (Jul - Jun), 2023",Urban,15 years and above,Persons,52.9,49.9,5.6
India,Punjab,"PLFS Year (Jul - Jun), 2023",Urban,All Ages,Male,62.6,59.6,4.8
India,Punjab,"PLFS Year (Jul - Jun), 2023",Urban,All Ages,Female,19,17.4,8.6
India,Punjab,"PLFS Year (Jul - Jun), 2023",Urban,All Ages,Persons,41.4,39,5.6
India,Punjab,"PLFS Year (Jul - Jun), 2023",Rural + Urban,15-29 years,Male,66.2,55.2,16.7
India,Punjab,"PLFS Year (Jul - Jun), 2023",Rural + Urban,15-29 years,Female,25.9,19.5,24.5
India,Punjab,"PLFS Year (Jul - Jun), 2023",Rural + Urban,15-29 years,Persons,46.6,37.8,18.8
India,Punjab,"PLFS Year (Jul - Jun), 2023",Rural + Urban,15-59 years,Male,85.1,80.5,5.5
India,Punjab,"PLFS Year (Jul - Jun), 2023",Rural + Urban,15-59 years,Female,34.8,32.2,7.5
India,Punjab,"PLFS Year (Jul - Jun), 2023",Rural + Urban,15-59 years,Persons,60.4,56.7,6
India,Punjab,"PLFS Year (Jul - Jun), 2023",Rural + Urban,15 years and above,Male,79.8,75.9,4.9
India,Punjab,"PLFS Year (Jul - Jun), 2023",Rural + Urban,15 years and above,Female,31.1,28.9,6.9
India,Punjab,"PLFS Year (Jul - Jun), 2023",Rural + Urban,15 years and above,Persons,55.7,52.7,5.5
India,Punjab,"PLFS Year (Jul - Jun), 2023",Rural + Urban,All Ages,Male,62.5,59.4,4.9
India,Punjab,"PLFS Year (Jul - Jun), 2023",Rural + Urban,All Ages,Female,24.4,22.8,6.9
India,Punjab,"PLFS Year (Jul - Jun), 2023",Rural + Urban,All Ages,Persons,43.7,41.3,5.5
India,Rajasthan,"PLFS Year (Jul - Jun), 2023",Rural,15-29 years,Male,66.5,60.1,9.6
India,Rajasthan,"PLFS Year (Jul - Jun), 2023",Rural,15-29 years,Female,40.5,36.8,9.1
India,Rajasthan,"PLFS Year (Jul - Jun), 2023",Rural,15-29 years,Persons,53.1,48.1,9.4
India,Rajasthan,"PLFS Year (Jul - Jun), 2023",Rural,15-59 years,Male,82.9,79.6,3.9
India,Rajasthan,"PLFS Year (Jul - Jun), 2023",Rural,15-59 years,Female,61.8,59.9,3.1
India,Rajasthan,"PLFS Year (Jul - Jun), 2023",Rural,15-59 years,Persons,72,69.4,3.6
India,Rajasthan,"PLFS Year (Jul - Jun), 2023",Rural,15 years and above,Male,80.2,77.5,3.5
India,Rajasthan,"PLFS Year (Jul - Jun), 2023",Rural,15 years and above,Female,58.7,57.1,2.7
India,Rajasthan,"PLFS Year (Jul - Jun), 2023",Rural,15 years and above,Persons,69.1,67,3.1
India,Rajasthan,"PLFS Year (Jul - Jun), 2023",Rural,All Ages,Male,56.4,54.4,3.5
India,Rajasthan,"PLFS Year (Jul - Jun), 2023",Rural,All Ages,Female,43,41.8,2.7
India,Rajasthan,"PLFS Year (Jul - Jun), 2023",Rural,All Ages,Persons,49.6,48,3.2
India,Rajasthan,"PLFS Year (Jul - Jun), 2023",Urban,15-29 years,Male,58.5,47.9,18.1
India,Rajasthan,"PLFS Year (Jul - Jun), 2023",Urban,15-29 years,Female,24.1,15.8,34.4
India,Rajasthan,"PLFS Year (Jul - Jun), 2023",Urban,15-29 years,Persons,43,33.4,22.3
India,Rajasthan,"PLFS Year (Jul - Jun), 2023",Urban,15-59 years,Male,77.9,72.4,7.1
India,Rajasthan,"PLFS Year (Jul - Jun), 2023",Urban,15-59 years,Female,33.5,29.6,11.4
India,Rajasthan,"PLFS Year (Jul - Jun), 2023",Urban,15-59 years,Persons,56.6,51.9,8.3
India,Rajasthan,"PLFS Year (Jul - Jun), 2023",Urban,15 years and above,Male,73.4,68.6,6.5
India,Rajasthan,"PLFS Year (Jul - Jun), 2023",Urban,15 years and above,Female,29.9,26.7,10.9
India,Rajasthan,"PLFS Year (Jul - Jun), 2023",Urban,15 years and above,Persons,52.4,48.3,7.7
India,Rajasthan,"PLFS Year (Jul - Jun), 2023",Urban,All Ages,Male,56.8,53.1,6.5
India,Rajasthan,"PLFS Year (Jul - Jun), 2023",Urban,All Ages,Female,23.5,21,10.9
India,Rajasthan,"PLFS Year (Jul - Jun), 2023",Urban,All Ages,Persons,40.9,37.7,7.7
India,Rajasthan,"PLFS Year (Jul - Jun), 2023",Rural + Urban,15-29 years,Male,64.2,56.5,11.9
India,Rajasthan,"PLFS Year (Jul - Jun), 2023",Rural + Urban,15-29 years,Female,36.5,31.7,13.2
India,Rajasthan,"PLFS Year (Jul - Jun), 2023",Rural + Urban,15-29 years,Persons,50.4,44.1,12.4
India,Rajasthan,"PLFS Year (Jul - Jun), 2023",Rural + Urban,15-59 years,Male,81.4,77.4,4.8
India,Rajasthan,"PLFS Year (Jul - Jun), 2023",Rural + Urban,15-59 years,Female,54.1,51.7,4.5
India,Rajasthan,"PLFS Year (Jul - Jun), 2023",Rural + Urban,15-59 years,Persons,67.6,64.4,4.7
India,Rajasthan,"PLFS Year (Jul - Jun), 2023",Rural + Urban,15 years and above,Male,78.2,74.8,4.3
India,Rajasthan,"PLFS Year (Jul - Jun), 2023",Rural + Urban,15 years and above,Female,50.9,48.9,4
India,Rajasthan,"PLFS Year (Jul - Jun), 2023",Rural + Urban,15 years and above,Persons,64.4,61.7,4.2
India,Rajasthan,"PLFS Year (Jul - Jun), 2023",Rural + Urban,All Ages,Male,56.5,54,4.3
India,Rajasthan,"PLFS Year (Jul - Jun), 2023",Rural + Urban,All Ages,Female,38,36.5,4
India,Rajasthan,"PLFS Year (Jul - Jun), 2023",Rural + Urban,All Ages,Persons,47.3,45.3,4.2
India,Sikkim,"PLFS Year (Jul - Jun), 2023",Rural,15-29 years,Male,67.2,60.4,10.1
India,Sikkim,"PLFS Year (Jul - Jun), 2023",Rural,15-29 years,Female,56.4,53.5,5.1
India,Sikkim,"PLFS Year (Jul - Jun), 2023",Rural,15-29 years,Persons,61.8,57,7.8
India,Sikkim,"PLFS Year (Jul - Jun), 2023",Rural,15-59 years,Male,87.3,84.6,3.1
India,Sikkim,"PLFS Year (Jul - Jun), 2023",Rural,15-59 years,Female,77.9,76.5,1.8
India,Sikkim,"PLFS Year (Jul - Jun), 2023",Rural,15-59 years,Persons,82.7,80.6,2.5
India,Sikkim,"PLFS Year (Jul - Jun), 2023",Rural,15 years and above,Male,85.7,83.4,2.7
India,Sikkim,"PLFS Year (Jul - Jun), 2023",Rural,15 years and above,Female,77.9,76.7,1.6
India,Sikkim,"PLFS Year (Jul - Jun), 2023",Rural,15 years and above,Persons,81.9,80.1,2.2
India,Sikkim,"PLFS Year (Jul - Jun), 2023",Rural,All Ages,Male,67.1,65.3,2.7
India,Sikkim,"PLFS Year (Jul - Jun), 2023",Rural,All Ages,Female,65.5,64.5,1.6
India,Sikkim,"PLFS Year (Jul - Jun), 2023",Rural,All Ages,Persons,66.4,64.9,2.2
India,Sikkim,"PLFS Year (Jul - Jun), 2023",Urban,15-29 years,Male,58.2,55.7,4.2
India,Sikkim,"PLFS Year (Jul - Jun), 2023",Urban,15-29 years,Female,25.7,21,18.3
India,Sikkim,"PLFS Year (Jul - Jun), 2023",Urban,15-29 years,Persons,45.5,42.2,7.3
India,Sikkim,"PLFS Year (Jul - Jun), 2023",Urban,15-59 years,Male,78.6,77.2,1.7
India,Sikkim,"PLFS Year (Jul - Jun), 2023",Urban,15-59 years,Female,34.6,32.2,6.9
India,Sikkim,"PLFS Year (Jul - Jun), 2023",Urban,15-59 years,Persons,59.6,57.7,3
India,Sikkim,"PLFS Year (Jul - Jun), 2023",Urban,15 years and above,Male,76.2,74.9,1.7
India,Sikkim,"PLFS Year (Jul - Jun), 2023",Urban,15 years and above,Female,32.2,30,6.9
India,Sikkim,"PLFS Year (Jul - Jun), 2023",Urban,15 years and above,Persons,57,55.3,3
India,Sikkim,"PLFS Year (Jul - Jun), 2023",Urban,All Ages,Male,61.1,60.1,1.7
India,Sikkim,"PLFS Year (Jul - Jun), 2023",Urban,All Ages,Female,26.2,24.4,6.9
India,Sikkim,"PLFS Year (Jul - Jun), 2023",Urban,All Ages,Persons,46,44.6,3
India,Sikkim,"PLFS Year (Jul - Jun), 2023",Rural + Urban,15-29 years,Male,64.1,58.8,8.3
India,Sikkim,"PLFS Year (Jul - Jun), 2023",Rural + Urban,15-29 years,Female,48.8,45.5,6.8
India,Sikkim,"PLFS Year (Jul - Jun), 2023",Rural + Urban,15-29 years,Persons,57,52.6,7.7
India,Sikkim,"PLFS Year (Jul - Jun), 2023",Rural + Urban,15-59 years,Male,85,82.6,2.8
India,Sikkim,"PLFS Year (Jul - Jun), 2023",Rural + Urban,15-59 years,Female,68.4,66.8,2.4
India,Sikkim,"PLFS Year (Jul - Jun), 2023",Rural + Urban,15-59 years,Persons,77.1,75.1,2.6
India,Sikkim,"PLFS Year (Jul - Jun), 2023",Rural + Urban,15 years and above,Male,83.4,81.3,2.5
India,Sikkim,"PLFS Year (Jul - Jun), 2023",Rural + Urban,15 years and above,Female,68.2,66.8,2.1
India,Sikkim,"PLFS Year (Jul - Jun), 2023",Rural + Urban,15 years and above,Persons,76.2,74.4,2.3
India,Sikkim,"PLFS Year (Jul - Jun), 2023",Rural + Urban,All Ages,Male,65.7,64.1,2.5
India,Sikkim,"PLFS Year (Jul - Jun), 2023",Rural + Urban,All Ages,Female,56.9,55.7,2.1
India,Sikkim,"PLFS Year (Jul - Jun), 2023",Rural + Urban,All Ages,Persons,61.7,60.2,2.3
India,Tamil Nadu,"PLFS Year (Jul - Jun), 2023",Rural,15-29 years,Male,60.2,51.7,14.1
India,Tamil Nadu,"PLFS Year (Jul - Jun), 2023",Rural,15-29 years,Female,24.7,19.8,19.8
India,Tamil Nadu,"PLFS Year (Jul - Jun), 2023",Rural,15-29 years,Persons,42.8,36.1,15.7
India,Tamil Nadu,"PLFS Year (Jul - Jun), 2023",Rural,15-59 years,Male,83.9,80.6,3.9
India,Tamil Nadu,"PLFS Year (Jul - Jun), 2023",Rural,15-59 years,Female,58.5,56.6,3.2
India,Tamil Nadu,"PLFS Year (Jul - Jun), 2023",Rural,15-59 years,Persons,70.8,68.3,3.6
India,Tamil Nadu,"PLFS Year (Jul - Jun), 2023",Rural,15 years and above,Male,77,74.3,3.5
India,Tamil Nadu,"PLFS Year (Jul - Jun), 2023",Rural,15 years and above,Female,54.2,52.7,2.7
India,Tamil Nadu,"PLFS Year (Jul - Jun), 2023",Rural,15 years and above,Persons,65.2,63.1,3.1
India,Tamil Nadu,"PLFS Year (Jul - Jun), 2023",Rural,All Ages,Male,60.4,58.3,3.5
India,Tamil Nadu,"PLFS Year (Jul - Jun), 2023",Rural,All Ages,Female,44.5,43.3,2.7
India,Tamil Nadu,"PLFS Year (Jul - Jun), 2023",Rural,All Ages,Persons,52.3,50.7,3.1
India,Tamil Nadu,"PLFS Year (Jul - Jun), 2023",Urban,15-29 years,Male,57.4,51.2,10.9
India,Tamil Nadu,"PLFS Year (Jul - Jun), 2023",Urban,15-29 years,Female,22.9,17.4,24.2
India,Tamil Nadu,"PLFS Year (Jul - Jun), 2023",Urban,15-29 years,Persons,39.6,33.7,14.9
India,Tamil Nadu,"PLFS Year (Jul - Jun), 2023",Urban,15-59 years,Male,82.5,79.7,3.4
India,Tamil Nadu,"PLFS Year (Jul - Jun), 2023",Urban,15-59 years,Female,33.6,31.4,6.5
India,Tamil Nadu,"PLFS Year (Jul - Jun), 2023",Urban,15-59 years,Persons,57.4,54.9,4.3
India,Tamil Nadu,"PLFS Year (Jul - Jun), 2023",Urban,15 years and above,Male,74.2,71.8,3.2
India,Tamil Nadu,"PLFS Year (Jul - Jun), 2023",Urban,15 years and above,Female,30.2,28.4,6
India,Tamil Nadu,"PLFS Year (Jul - Jun), 2023",Urban,15 years and above,Persons,51.3,49.2,4.1
India,Tamil Nadu,"PLFS Year (Jul - Jun), 2023",Urban,All Ages,Male,59.2,57.3,3.2
India,Tamil Nadu,"PLFS Year (Jul - Jun), 2023",Urban,All Ages,Female,24.4,22.9,6
India,Tamil Nadu,"PLFS Year (Jul - Jun), 2023",Urban,All Ages,Persons,41.3,39.6,4.1
India,Tamil Nadu,"PLFS Year (Jul - Jun), 2023",Rural + Urban,15-29 years,Male,59,51.5,12.7
India,Tamil Nadu,"PLFS Year (Jul - Jun), 2023",Rural + Urban,15-29 years,Female,23.8,18.6,21.9
India,Tamil Nadu,"PLFS Year (Jul - Jun), 2023",Rural + Urban,15-29 years,Persons,41.3,35,15.3
India,Tamil Nadu,"PLFS Year (Jul - Jun), 2023",Rural + Urban,15-59 years,Male,83.3,80.2,3.7
India,Tamil Nadu,"PLFS Year (Jul - Jun), 2023",Rural + Urban,15-59 years,Female,47,44.9,4.3
India,Tamil Nadu,"PLFS Year (Jul - Jun), 2023",Rural + Urban,15-59 years,Persons,64.6,62.1,3.9
India,Tamil Nadu,"PLFS Year (Jul - Jun), 2023",Rural + Urban,15 years and above,Male,75.7,73.2,3.4
India,Tamil Nadu,"PLFS Year (Jul - Jun), 2023",Rural + Urban,15 years and above,Female,43.2,41.5,3.8
India,Tamil Nadu,"PLFS Year (Jul - Jun), 2023",Rural + Urban,15 years and above,Persons,58.8,56.8,3.5
India,Tamil Nadu,"PLFS Year (Jul - Jun), 2023",Rural + Urban,All Ages,Male,59.8,57.8,3.4
India,Tamil Nadu,"PLFS Year (Jul - Jun), 2023",Rural + Urban,All Ages,Female,35.2,33.9,3.8
India,Tamil Nadu,"PLFS Year (Jul - Jun), 2023",Rural + Urban,All Ages,Persons,47.2,45.6,3.5
India,Telangana,"PLFS Year (Jul - Jun), 2023",Rural,15-29 years,Male,67.7,59.6,12
India,Telangana,"PLFS Year (Jul - Jun), 2023",Rural,15-29 years,Female,35.5,29.4,17.2
India,Telangana,"PLFS Year (Jul - Jun), 2023",Rural,15-29 years,Persons,51.7,44.5,13.8
India,Telangana,"PLFS Year (Jul - Jun), 2023",Rural,15-59 years,Male,86.8,83.3,4.1
India,Telangana,"PLFS Year (Jul - Jun), 2023",Rural,15-59 years,Female,64,61.9,3.3
India,Telangana,"PLFS Year (Jul - Jun), 2023",Rural,15-59 years,Persons,75,72.2,3.8
India,Telangana,"PLFS Year (Jul - Jun), 2023",Rural,15 years and above,Male,79.5,76.6,3.7
India,Telangana,"PLFS Year (Jul - Jun), 2023",Rural,15 years and above,Female,55.7,54,3.1
India,Telangana,"PLFS Year (Jul - Jun), 2023",Rural,15 years and above,Persons,67.1,64.8,3.5
India,Telangana,"PLFS Year (Jul - Jun), 2023",Rural,All Ages,Male,61.4,59.1,3.7
India,Telangana,"PLFS Year (Jul - Jun), 2023",Rural,All Ages,Female,44,42.6,3.1
India,Telangana,"PLFS Year (Jul - Jun), 2023",Rural,All Ages,Persons,52.4,50.6,3.5
India,Telangana,"PLFS Year (Jul - Jun), 2023",Urban,15-29 years,Male,61.9,51.6,16.7
India,Telangana,"PLFS Year (Jul - Jun), 2023",Urban,15-29 years,Female,27.4,19,30.7
India,Telangana,"PLFS Year (Jul - Jun), 2023",Urban,15-29 years,Persons,45,35.6,20.9
India,Telangana,"PLFS Year (Jul - Jun), 2023",Urban,15-59 years,Male,83.1,77.9,6.3
India,Telangana,"PLFS Year (Jul - Jun), 2023",Urban,15-59 years,Female,35.3,31.5,10.7
India,Telangana,"PLFS Year (Jul - Jun), 2023",Urban,15-59 years,Persons,59.5,55,7.6
India,Telangana,"PLFS Year (Jul - Jun), 2023",Urban,15 years and above,Male,76.9,72.2,6
India,Telangana,"PLFS Year (Jul - Jun), 2023",Urban,15 years and above,Female,31.8,28.5,10.4
India,Telangana,"PLFS Year (Jul - Jun), 2023",Urban,15 years and above,Persons,54.4,50.4,7.3
India,Telangana,"PLFS Year (Jul - Jun), 2023",Urban,All Ages,Male,57.5,54,6
India,Telangana,"PLFS Year (Jul - Jun), 2023",Urban,All Ages,Female,24.5,21.9,10.4
India,Telangana,"PLFS Year (Jul - Jun), 2023",Urban,All Ages,Persons,41.3,38.3,7.3
India,Telangana,"PLFS Year (Jul - Jun), 2023",Rural + Urban,15-29 years,Male,65.2,56.1,13.9
India,Telangana,"PLFS Year (Jul - Jun), 2023",Rural + Urban,15-29 years,Female,32.1,25,22.1
India,Telangana,"PLFS Year (Jul - Jun), 2023",Rural + Urban,15-29 years,Persons,48.8,40.7,16.6
India,Telangana,"PLFS Year (Jul - Jun), 2023",Rural + Urban,15-59 years,Male,85.3,81,5
India,Telangana,"PLFS Year (Jul - Jun), 2023",Rural + Urban,15-59 years,Female,52.7,49.9,5.3
India,Telangana,"PLFS Year (Jul - Jun), 2023",Rural + Urban,15-59 years,Persons,68.7,65.2,5.1
India,Telangana,"PLFS Year (Jul - Jun), 2023",Rural + Urban,15 years and above,Male,78.5,74.8,4.6
India,Telangana,"PLFS Year (Jul - Jun), 2023",Rural + Urban,15 years and above,Female,46.7,44.3,5
India,Telangana,"PLFS Year (Jul - Jun), 2023",Rural + Urban,15 years and above,Persons,62.2,59.2,4.8
India,Telangana,"PLFS Year (Jul - Jun), 2023",Rural + Urban,All Ages,Male,59.8,57,4.6
India,Telangana,"PLFS Year (Jul - Jun), 2023",Rural + Urban,All Ages,Female,36.5,34.7,5
India,Telangana,"PLFS Year (Jul - Jun), 2023",Rural + Urban,All Ages,Persons,48,45.7,4.8
India,The Dadra and Nagar Haveli and Daman and Diu,"PLFS Year (Jul - Jun), 2023",Rural,15-29 years,Male,72,63.5,11.8
India,The Dadra and Nagar Haveli and Daman and Diu,"PLFS Year (Jul - Jun), 2023",Rural,15-29 years,Female,65.5,65.5,0
India,The Dadra and Nagar Haveli and Daman and Diu,"PLFS Year (Jul - Jun), 2023",Rural,15-29 years,Persons,69.1,64.4,6.8
India,The Dadra and Nagar Haveli and Daman and Diu,"PLFS Year (Jul - Jun), 2023",Rural,15-59 years,Male,86.8,82.9,4.5
India,The Dadra and Nagar Haveli and Daman and Diu,"PLFS Year (Jul - Jun), 2023",Rural,15-59 years,Female,73.3,73.3,0
India,The Dadra and Nagar Haveli and Daman and Diu,"PLFS Year (Jul - Jun), 2023",Rural,15-59 years,Persons,80.4,78.3,2.6
India,The Dadra and Nagar Haveli and Daman and Diu,"PLFS Year (Jul - Jun), 2023",Rural,15 years and above,Male,85.8,82.2,4.2
India,The Dadra and Nagar Haveli and Daman and Diu,"PLFS Year (Jul - Jun), 2023",Rural,15 years and above,Female,72.3,72.3,0
India,The Dadra and Nagar Haveli and Daman and Diu,"PLFS Year (Jul - Jun), 2023",Rural,15 years and above,Persons,79.2,77.4,2.3
India,The Dadra and Nagar Haveli and Daman and Diu,"PLFS Year (Jul - Jun), 2023",Rural,All Ages,Male,62.1,59.5,4.2
India,The Dadra and Nagar Haveli and Daman and Diu,"PLFS Year (Jul - Jun), 2023",Rural,All Ages,Female,54.3,54.3,0
India,The Dadra and Nagar Haveli and Daman and Diu,"PLFS Year (Jul - Jun), 2023",Rural,All Ages,Persons,58.3,57,2.3
India,The Dadra and Nagar Haveli and Daman and Diu,"PLFS Year (Jul - Jun), 2023",Urban,15-29 years,Male,80.1,76.1,5
India,The Dadra and Nagar Haveli and Daman and Diu,"PLFS Year (Jul - Jun), 2023",Urban,15-29 years,Female,17.7,15,15.6
India,The Dadra and Nagar Haveli and Daman and Diu,"PLFS Year (Jul - Jun), 2023",Urban,15-29 years,Persons,54.4,50.9,6.4
India,The Dadra and Nagar Haveli and Daman and Diu,"PLFS Year (Jul - Jun), 2023",Urban,15-59 years,Male,92.2,90.4,2
India,The Dadra and Nagar Haveli and Daman and Diu,"PLFS Year (Jul - Jun), 2023",Urban,15-59 years,Female,26.4,25.4,4
India,The Dadra and Nagar Haveli and Daman and Diu,"PLFS Year (Jul - Jun), 2023",Urban,15-59 years,Persons,65.4,63.9,2.3
India,The Dadra and Nagar Haveli and Daman and Diu,"PLFS Year (Jul - Jun), 2023",Urban,15 years and above,Male,89.1,87.3,2
India,The Dadra and Nagar Haveli and Daman and Diu,"PLFS Year (Jul - Jun), 2023",Urban,15 years and above,Female,24.8,23.9,3.8
India,The Dadra and Nagar Haveli and Daman and Diu,"PLFS Year (Jul - Jun), 2023",Urban,15 years and above,Persons,62.4,61,2.3
India,The Dadra and Nagar Haveli and Daman and Diu,"PLFS Year (Jul - Jun), 2023",Urban,All Ages,Male,69.9,68.5,2
India,The Dadra and Nagar Haveli and Daman and Diu,"PLFS Year (Jul - Jun), 2023",Urban,All Ages,Female,18.5,17.8,3.8
India,The Dadra and Nagar Haveli and Daman and Diu,"PLFS Year (Jul - Jun), 2023",Urban,All Ages,Persons,47.9,46.8,2.3
India,The Dadra and Nagar Haveli and Daman and Diu,"PLFS Year (Jul - Jun), 2023",Rural + Urban,15-29 years,Male,76.6,70.7,7.8
India,The Dadra and Nagar Haveli and Daman and Diu,"PLFS Year (Jul - Jun), 2023",Rural + Urban,15-29 years,Female,40.1,38.6,3.7
India,The Dadra and Nagar Haveli and Daman and Diu,"PLFS Year (Jul - Jun), 2023",Rural + Urban,15-29 years,Persons,61,56.9,6.6
India,The Dadra and Nagar Haveli and Daman and Diu,"PLFS Year (Jul - Jun), 2023",Rural + Urban,15-59 years,Male,90.2,87.5,2.9
India,The Dadra and Nagar Haveli and Daman and Diu,"PLFS Year (Jul - Jun), 2023",Rural + Urban,15-59 years,Female,47.4,46.8,1.2
India,The Dadra and Nagar Haveli and Daman and Diu,"PLFS Year (Jul - Jun), 2023",Rural + Urban,15-59 years,Persons,71.5,69.8,2.4
India,The Dadra and Nagar Haveli and Daman and Diu,"PLFS Year (Jul - Jun), 2023",Rural + Urban,15 years and above,Male,87.8,85.3,2.9
India,The Dadra and Nagar Haveli and Daman and Diu,"PLFS Year (Jul - Jun), 2023",Rural + Urban,15 years and above,Female,46.5,46,1.1
India,The Dadra and Nagar Haveli and Daman and Diu,"PLFS Year (Jul - Jun), 2023",Rural + Urban,15 years and above,Persons,69.4,67.8,2.3
India,The Dadra and Nagar Haveli and Daman and Diu,"PLFS Year (Jul - Jun), 2023",Rural + Urban,All Ages,Male,66.7,64.8,2.9
India,The Dadra and Nagar Haveli and Daman and Diu,"PLFS Year (Jul - Jun), 2023",Rural + Urban,All Ages,Female,34.7,34.4,1.1
India,The Dadra and Nagar Haveli and Daman and Diu,"PLFS Year (Jul - Jun), 2023",Rural + Urban,All Ages,Persons,52.3,51.1,2.3
India,Tripura,"PLFS Year (Jul - Jun), 2023",Rural,15-29 years,Male,64.3,60.5,6
India,Tripura,"PLFS Year (Jul - Jun), 2023",Rural,15-29 years,Female,32.3,30.8,4.5
India,Tripura,"PLFS Year (Jul - Jun), 2023",Rural,15-29 years,Persons,49.8,47,5.6
India,Tripura,"PLFS Year (Jul - Jun), 2023",Rural,15-59 years,Male,85.5,84,1.8
India,Tripura,"PLFS Year (Jul - Jun), 2023",Rural,15-59 years,Female,56.8,56.1,1.3
India,Tripura,"PLFS Year (Jul - Jun), 2023",Rural,15-59 years,Persons,71.4,70.3,1.6
India,Tripura,"PLFS Year (Jul - Jun), 2023",Rural,15 years and above,Male,81,79.7,1.6
India,Tripura,"PLFS Year (Jul - Jun), 2023",Rural,15 years and above,Female,50.7,50.1,1.2
India,Tripura,"PLFS Year (Jul - Jun), 2023",Rural,15 years and above,Persons,66,65.1,1.4
India,Tripura,"PLFS Year (Jul - Jun), 2023",Rural,All Ages,Male,64.8,63.8,1.6
India,Tripura,"PLFS Year (Jul - Jun), 2023",Rural,All Ages,Female,39.1,38.7,1.2
India,Tripura,"PLFS Year (Jul - Jun), 2023",Rural,All Ages,Persons,51.9,51.1,1.4
India,Tripura,"PLFS Year (Jul - Jun), 2023",Urban,15-29 years,Male,47.1,40.8,13.2
India,Tripura,"PLFS Year (Jul - Jun), 2023",Urban,15-29 years,Female,20.1,15.5,23.2
India,Tripura,"PLFS Year (Jul - Jun), 2023",Urban,15-29 years,Persons,33.4,28,16.3
India,Tripura,"PLFS Year (Jul - Jun), 2023",Urban,15-59 years,Male,81.1,78.7,2.9
India,Tripura,"PLFS Year (Jul - Jun), 2023",Urban,15-59 years,Female,36.1,34.4,4.6
India,Tripura,"PLFS Year (Jul - Jun), 2023",Urban,15-59 years,Persons,57.6,55.6,3.5
India,Tripura,"PLFS Year (Jul - Jun), 2023",Urban,15 years and above,Male,69.2,67.4,2.7
India,Tripura,"PLFS Year (Jul - Jun), 2023",Urban,15 years and above,Female,31.4,30,4.4
India,Tripura,"PLFS Year (Jul - Jun), 2023",Urban,15 years and above,Persons,49.9,48.3,3.2
India,Tripura,"PLFS Year (Jul - Jun), 2023",Urban,All Ages,Male,57.3,55.8,2.7
India,Tripura,"PLFS Year (Jul - Jun), 2023",Urban,All Ages,Female,25.9,24.8,4.4
India,Tripura,"PLFS Year (Jul - Jun), 2023",Urban,All Ages,Persons,41.3,39.9,3.2
India,Tripura,"PLFS Year (Jul - Jun), 2023",Rural + Urban,15-29 years,Male,61.7,57.5,6.8
India,Tripura,"PLFS Year (Jul - Jun), 2023",Rural + Urban,15-29 years,Female,30.1,28.1,6.7
India,Tripura,"PLFS Year (Jul - Jun), 2023",Rural + Urban,15-29 years,Persons,47.1,43.9,6.8
India,Tripura,"PLFS Year (Jul - Jun), 2023",Rural + Urban,15-59 years,Male,84.7,83.1,1.9
India,Tripura,"PLFS Year (Jul - Jun), 2023",Rural + Urban,15-59 years,Female,52.9,52,1.7
India,Tripura,"PLFS Year (Jul - Jun), 2023",Rural + Urban,15-59 years,Persons,69,67.7,1.8
India,Tripura,"PLFS Year (Jul - Jun), 2023",Rural + Urban,15 years and above,Male,78.9,77.5,1.7
India,Tripura,"PLFS Year (Jul - Jun), 2023",Rural + Urban,15 years and above,Female,47.1,46.3,1.6
India,Tripura,"PLFS Year (Jul - Jun), 2023",Rural + Urban,15 years and above,Persons,63,62,1.7
India,Tripura,"PLFS Year (Jul - Jun), 2023",Rural + Urban,All Ages,Male,63.5,62.4,1.7
India,Tripura,"PLFS Year (Jul - Jun), 2023",Rural + Urban,All Ages,Female,36.8,36.2,1.6
India,Tripura,"PLFS Year (Jul - Jun), 2023",Rural + Urban,All Ages,Persons,50,49.2,1.7
India,Uttar Pradesh,"PLFS Year (Jul - Jun), 2023",Rural,15-29 years,Male,65,60,7.7
India,Uttar Pradesh,"PLFS Year (Jul - Jun), 2023",Rural,15-29 years,Female,23.5,22.4,5
India,Uttar Pradesh,"PLFS Year (Jul - Jun), 2023",Rural,15-29 years,Persons,44,40.9,6.9
India,Uttar Pradesh,"PLFS Year (Jul - Jun), 2023",Rural,15-59 years,Male,82.6,80.2,2.9
India,Uttar Pradesh,"PLFS Year (Jul - Jun), 2023",Rural,15-59 years,Female,40.4,39.7,1.6
India,Uttar Pradesh,"PLFS Year (Jul - Jun), 2023",Rural,15-59 years,Persons,60.9,59.4,2.5
India,Uttar Pradesh,"PLFS Year (Jul - Jun), 2023",Rural,15 years and above,Male,80.5,78.4,2.6
India,Uttar Pradesh,"PLFS Year (Jul - Jun), 2023",Rural,15 years and above,Female,39.1,38.5,1.5
India,Uttar Pradesh,"PLFS Year (Jul - Jun), 2023",Rural,15 years and above,Persons,59.5,58.1,2.2
India,Uttar Pradesh,"PLFS Year (Jul - Jun), 2023",Rural,All Ages,Male,54.7,53.3,2.6
India,Uttar Pradesh,"PLFS Year (Jul - Jun), 2023",Rural,All Ages,Female,28.1,27.7,1.5
India,Uttar Pradesh,"PLFS Year (Jul - Jun), 2023",Rural,All Ages,Persons,41.5,40.6,2.2
India,Uttar Pradesh,"PLFS Year (Jul - Jun), 2023",Urban,15-29 years,Male,60.3,50.9,15.5
India,Uttar Pradesh,"PLFS Year (Jul - Jun), 2023",Urban,15-29 years,Female,15,10.5,29.9
India,Uttar Pradesh,"PLFS Year (Jul - Jun), 2023",Urban,15-29 years,Persons,38.9,31.8,18.1
India,Uttar Pradesh,"PLFS Year (Jul - Jun), 2023",Urban,15-59 years,Male,81,76.1,6.1
India,Uttar Pradesh,"PLFS Year (Jul - Jun), 2023",Urban,15-59 years,Female,18.8,16.6,11.6
India,Uttar Pradesh,"PLFS Year (Jul - Jun), 2023",Urban,15-59 years,Persons,50.8,47.2,7.1
India,Uttar Pradesh,"PLFS Year (Jul - Jun), 2023",Urban,15 years and above,Male,76.2,71.8,5.7
India,Uttar Pradesh,"PLFS Year (Jul - Jun), 2023",Urban,15 years and above,Female,17.5,15.6,11
India,Uttar Pradesh,"PLFS Year (Jul - Jun), 2023",Urban,15 years and above,Persons,47.7,44.5,6.7
India,Uttar Pradesh,"PLFS Year (Jul - Jun), 2023",Urban,All Ages,Male,56.9,53.7,5.7
India,Uttar Pradesh,"PLFS Year (Jul - Jun), 2023",Urban,All Ages,Female,13.5,12.1,11
India,Uttar Pradesh,"PLFS Year (Jul - Jun), 2023",Urban,All Ages,Persons,36.2,33.8,6.7
India,Uttar Pradesh,"PLFS Year (Jul - Jun), 2023",Rural + Urban,15-29 years,Male,64,58,9.3
India,Uttar Pradesh,"PLFS Year (Jul - Jun), 2023",Rural + Urban,15-29 years,Female,21.8,20,8.5
India,Uttar Pradesh,"PLFS Year (Jul - Jun), 2023",Rural + Urban,15-29 years,Persons,42.9,39,9.1
India,Uttar Pradesh,"PLFS Year (Jul - Jun), 2023",Rural + Urban,15-59 years,Male,82.2,79.2,3.6
India,Uttar Pradesh,"PLFS Year (Jul - Jun), 2023",Rural + Urban,15-59 years,Female,35.8,34.8,2.8
India,Uttar Pradesh,"PLFS Year (Jul - Jun), 2023",Rural + Urban,15-59 years,Persons,58.6,56.6,3.4
India,Uttar Pradesh,"PLFS Year (Jul - Jun), 2023",Rural + Urban,15 years and above,Male,79.5,76.9,3.3
India,Uttar Pradesh,"PLFS Year (Jul - Jun), 2023",Rural + Urban,15 years and above,Female,34.5,33.6,2.5
India,Uttar Pradesh,"PLFS Year (Jul - Jun), 2023",Rural + Urban,15 years and above,Persons,56.9,55.1,3.1
India,Uttar Pradesh,"PLFS Year (Jul - Jun), 2023",Rural + Urban,All Ages,Male,55.2,53.4,3.3
India,Uttar Pradesh,"PLFS Year (Jul - Jun), 2023",Rural + Urban,All Ages,Female,25.2,24.6,2.5
India,Uttar Pradesh,"PLFS Year (Jul - Jun), 2023",Rural + Urban,All Ages,Persons,40.4,39.2,3
India,Uttarakhand,"PLFS Year (Jul - Jun), 2023",Rural,15-29 years,Male,62.7,57.9,7.5
India,Uttarakhand,"PLFS Year (Jul - Jun), 2023",Rural,15-29 years,Female,43,39.1,9.1
India,Uttarakhand,"PLFS Year (Jul - Jun), 2023",Rural,15-29 years,Persons,52.8,48.4,8.2
India,Uttarakhand,"PLFS Year (Jul - Jun), 2023",Rural,15-59 years,Male,82.2,77.7,5.5
India,Uttarakhand,"PLFS Year (Jul - Jun), 2023",Rural,15-59 years,Female,55.4,53.6,3.1
India,Uttarakhand,"PLFS Year (Jul - Jun), 2023",Rural,15-59 years,Persons,68.4,65.3,4.5
India,Uttarakhand,"PLFS Year (Jul - Jun), 2023",Rural,15 years and above,Male,76.9,73.2,4.8
India,Uttarakhand,"PLFS Year (Jul - Jun), 2023",Rural,15 years and above,Female,52.6,51.2,2.7
India,Uttarakhand,"PLFS Year (Jul - Jun), 2023",Rural,15 years and above,Persons,64.5,61.9,3.9
India,Uttarakhand,"PLFS Year (Jul - Jun), 2023",Rural,All Ages,Male,56.6,53.9,4.8
India,Uttarakhand,"PLFS Year (Jul - Jun), 2023",Rural,All Ages,Female,41.8,40.7,2.7
India,Uttarakhand,"PLFS Year (Jul - Jun), 2023",Rural,All Ages,Persons,49.3,47.3,3.9
India,Uttarakhand,"PLFS Year (Jul - Jun), 2023",Urban,15-29 years,Male,57.7,51.6,10.7
India,Uttarakhand,"PLFS Year (Jul - Jun), 2023",Urban,15-29 years,Female,20.5,14.3,30.2
India,Uttarakhand,"PLFS Year (Jul - Jun), 2023",Urban,15-29 years,Persons,38.5,32.4,16
India,Uttarakhand,"PLFS Year (Jul - Jun), 2023",Urban,15-59 years,Male,81,78.1,3.7
India,Uttarakhand,"PLFS Year (Jul - Jun), 2023",Urban,15-59 years,Female,26.3,22.8,13.5
India,Uttarakhand,"PLFS Year (Jul - Jun), 2023",Urban,15-59 years,Persons,53.4,50.1,6.1
India,Uttarakhand,"PLFS Year (Jul - Jun), 2023",Urban,15 years and above,Male,75,72.4,3.5
India,Uttarakhand,"PLFS Year (Jul - Jun), 2023",Urban,15 years and above,Female,24.4,21.2,13
India,Uttarakhand,"PLFS Year (Jul - Jun), 2023",Urban,15 years and above,Persons,49.5,46.6,5.8
India,Uttarakhand,"PLFS Year (Jul - Jun), 2023",Urban,All Ages,Male,55.6,53.7,3.5
India,Uttarakhand,"PLFS Year (Jul - Jun), 2023",Urban,All Ages,Female,18.6,16.2,13
India,Uttarakhand,"PLFS Year (Jul - Jun), 2023",Urban,All Ages,Persons,37.2,35.1,5.8
India,Uttarakhand,"PLFS Year (Jul - Jun), 2023",Rural + Urban,15-29 years,Male,61.4,56.3,8.3
India,Uttarakhand,"PLFS Year (Jul - Jun), 2023",Rural + Urban,15-29 years,Female,36.9,32.4,12.3
India,Uttarakhand,"PLFS Year (Jul - Jun), 2023",Rural + Urban,15-29 years,Persons,49,44.2,9.8
India,Uttarakhand,"PLFS Year (Jul - Jun), 2023",Rural + Urban,15-59 years,Male,81.9,77.8,5
India,Uttarakhand,"PLFS Year (Jul - Jun), 2023",Rural + Urban,15-59 years,Female,47.7,45.5,4.6
India,Uttarakhand,"PLFS Year (Jul - Jun), 2023",Rural + Urban,15-59 years,Persons,64.4,61.2,4.9
India,Uttarakhand,"PLFS Year (Jul - Jun), 2023",Rural + Urban,15 years and above,Male,76.4,73,4.5
India,Uttarakhand,"PLFS Year (Jul - Jun), 2023",Rural + Urban,15 years and above,Female,45.6,43.7,4.1
India,Uttarakhand,"PLFS Year (Jul - Jun), 2023",Rural + Urban,15 years and above,Persons,60.7,58.1,4.3
India,Uttarakhand,"PLFS Year (Jul - Jun), 2023",Rural + Urban,All Ages,Male,56.4,53.8,4.5
India,Uttarakhand,"PLFS Year (Jul - Jun), 2023",Rural + Urban,All Ages,Female,35.9,34.4,4
India,Uttarakhand,"PLFS Year (Jul - Jun), 2023",Rural + Urban,All Ages,Persons,46.2,44.2,4.3
India,West Bengal,"PLFS Year (Jul - Jun), 2023",Rural,15-29 years,Male,70.3,64.3,8.5
India,West Bengal,"PLFS Year (Jul - Jun), 2023",Rural,15-29 years,Female,31.5,28.8,8.6
India,West Bengal,"PLFS Year (Jul - Jun), 2023",Rural,15-29 years,Persons,49.7,45.4,8.5
India,West Bengal,"PLFS Year (Jul - Jun), 2023",Rural,15-59 years,Male,88.5,86.3,2.5
India,West Bengal,"PLFS Year (Jul - Jun), 2023",Rural,15-59 years,Female,48,46.9,2.4
India,West Bengal,"PLFS Year (Jul - Jun), 2023",Rural,15-59 years,Persons,67.9,66.2,2.5
India,West Bengal,"PLFS Year (Jul - Jun), 2023",Rural,15 years and above,Male,84,82.1,2.2
India,West Bengal,"PLFS Year (Jul - Jun), 2023",Rural,15 years and above,Female,43.9,42.9,2.3
India,West Bengal,"PLFS Year (Jul - Jun), 2023",Rural,15 years and above,Persons,63.7,62.2,2.2
India,West Bengal,"PLFS Year (Jul - Jun), 2023",Rural,All Ages,Male,63.6,62.1,2.3
India,West Bengal,"PLFS Year (Jul - Jun), 2023",Rural,All Ages,Female,33.7,33,2.3
India,West Bengal,"PLFS Year (Jul - Jun), 2023",Rural,All Ages,Persons,48.6,47.5,2.3
India,West Bengal,"PLFS Year (Jul - Jun), 2023",Urban,15-29 years,Male,66.5,60.9,8.5
India,West Bengal,"PLFS Year (Jul - Jun), 2023",Urban,15-29 years,Female,30.4,26.3,13.6
India,West Bengal,"PLFS Year (Jul - Jun), 2023",Urban,15-29 years,Persons,47.3,42.4,10.3
India,West Bengal,"PLFS Year (Jul - Jun), 2023",Urban,15-59 years,Male,87.5,85.1,2.8
India,West Bengal,"PLFS Year (Jul - Jun), 2023",Urban,15-59 years,Female,36.8,34.8,5.3
India,West Bengal,"PLFS Year (Jul - Jun), 2023",Urban,15-59 years,Persons,61.8,59.6,3.6
India,West Bengal,"PLFS Year (Jul - Jun), 2023",Urban,15 years and above,Male,79,76.9,2.6
India,West Bengal,"PLFS Year (Jul - Jun), 2023",Urban,15 years and above,Female,32.4,30.8,5
India,West Bengal,"PLFS Year (Jul - Jun), 2023",Urban,15 years and above,Persons,55.4,53.5,3.3
India,West Bengal,"PLFS Year (Jul - Jun), 2023",Urban,All Ages,Male,64.3,62.6,2.6
India,West Bengal,"PLFS Year (Jul - Jun), 2023",Urban,All Ages,Female,26.8,25.4,5
India,West Bengal,"PLFS Year (Jul - Jun), 2023",Urban,All Ages,Persons,45.4,43.9,3.3
India,West Bengal,"PLFS Year (Jul - Jun), 2023",Rural + Urban,15-29 years,Male,69.2,63.4,8.5
India,West Bengal,"PLFS Year (Jul - Jun), 2023",Rural + Urban,15-29 years,Female,31.2,28.1,10
India,West Bengal,"PLFS Year (Jul - Jun), 2023",Rural + Urban,15-29 years,Persons,49,44.6,9
India,West Bengal,"PLFS Year (Jul - Jun), 2023",Rural + Urban,15-59 years,Male,88.2,86,2.6
India,West Bengal,"PLFS Year (Jul - Jun), 2023",Rural + Urban,15-59 years,Female,44.7,43.3,3.1
India,West Bengal,"PLFS Year (Jul - Jun), 2023",Rural + Urban,15-59 years,Persons,66,64.2,2.8
India,West Bengal,"PLFS Year (Jul - Jun), 2023",Rural + Urban,15 years and above,Male,82.4,80.5,2.3
India,West Bengal,"PLFS Year (Jul - Jun), 2023",Rural + Urban,15 years and above,Female,40.4,39.2,3
India,West Bengal,"PLFS Year (Jul - Jun), 2023",Rural + Urban,15 years and above,Persons,61.1,59.6,2.5
India,West Bengal,"PLFS Year (Jul - Jun), 2023",Rural + Urban,All Ages,Male,63.8,62.2,2.4
India,West Bengal,"PLFS Year (Jul - Jun), 2023",Rural + Urban,All Ages,Female,31.7,30.8,3
India,West Bengal,"PLFS Year (Jul - Jun), 2023",Rural + Urban,All Ages,Persons,47.7,46.4,2.6
India,Andaman and Nicobar Islands,"PLFS Year (Jul - Jun), 2022",Rural,15-29 years,Male,73.8,69,6.5
India,Andaman and Nicobar Islands,"PLFS Year (Jul - Jun), 2022",Rural,15-29 years,Female,54,33.9,37.2
India,Andaman and Nicobar Islands,"PLFS Year (Jul - Jun), 2022",Rural,15-29 years,Persons,64,51.7,19.3
India,Andaman and Nicobar Islands,"PLFS Year (Jul - Jun), 2022",Rural,15-59 years,Male,89.9,87.6,2.5
India,Andaman and Nicobar Islands,"PLFS Year (Jul - Jun), 2022",Rural,15-59 years,Female,56.1,47.9,14.5
India,Andaman and Nicobar Islands,"PLFS Year (Jul - Jun), 2022",Rural,15-59 years,Persons,73.2,68,7.1
India,Andaman and Nicobar Islands,"PLFS Year (Jul - Jun), 2022",Rural,15 years and above,Male,83.1,81.2,2.3
India,Andaman and Nicobar Islands,"PLFS Year (Jul - Jun), 2022",Rural,15 years and above,Female,52.5,45.2,13.9
India,Andaman and Nicobar Islands,"PLFS Year (Jul - Jun), 2022",Rural,15 years and above,Persons,68.5,64,6.6
India,Andaman and Nicobar Islands,"PLFS Year (Jul - Jun), 2022",Rural,All Ages,Male,67.7,66.1,2.3
India,Andaman and Nicobar Islands,"PLFS Year (Jul - Jun), 2022",Rural,All Ages,Female,41.8,36,13.9
India,Andaman and Nicobar Islands,"PLFS Year (Jul - Jun), 2022",Rural,All Ages,Persons,55.2,51.5,6.6
India,Andaman and Nicobar Islands,"PLFS Year (Jul - Jun), 2022",Urban,15-29 years,Male,64.8,53.7,17.1
India,Andaman and Nicobar Islands,"PLFS Year (Jul - Jun), 2022",Urban,15-29 years,Female,49.9,25.7,48.6
India,Andaman and Nicobar Islands,"PLFS Year (Jul - Jun), 2022",Urban,15-29 years,Persons,56.9,38.7,31.9
India,Andaman and Nicobar Islands,"PLFS Year (Jul - Jun), 2022",Urban,15-59 years,Male,87.3,81.5,6.6
India,Andaman and Nicobar Islands,"PLFS Year (Jul - Jun), 2022",Urban,15-59 years,Female,50.2,36,28.3
India,Andaman and Nicobar Islands,"PLFS Year (Jul - Jun), 2022",Urban,15-59 years,Persons,68.8,58.8,14.5
India,Andaman and Nicobar Islands,"PLFS Year (Jul - Jun), 2022",Urban,15 years and above,Male,81.4,76.4,6.3
India,Andaman and Nicobar Islands,"PLFS Year (Jul - Jun), 2022",Urban,15 years and above,Female,45.9,33,28.1
India,Andaman and Nicobar Islands,"PLFS Year (Jul - Jun), 2022",Urban,15 years and above,Persons,63.9,55,14
India,Andaman and Nicobar Islands,"PLFS Year (Jul - Jun), 2022",Urban,All Ages,Male,65.8,61.7,6.3
India,Andaman and Nicobar Islands,"PLFS Year (Jul - Jun), 2022",Urban,All Ages,Female,38.5,27.7,28.1
India,Andaman and Nicobar Islands,"PLFS Year (Jul - Jun), 2022",Urban,All Ages,Persons,52.6,45.2,14
India,Andaman and Nicobar Islands,"PLFS Year (Jul - Jun), 2022",Rural + Urban,15-29 years,Male,69.9,62.4,10.7
India,Andaman and Nicobar Islands,"PLFS Year (Jul - Jun), 2022",Rural + Urban,15-29 years,Female,52.1,30,42.3
India,Andaman and Nicobar Islands,"PLFS Year (Jul - Jun), 2022",Rural + Urban,15-29 years,Persons,60.8,45.9,24.6
India,Andaman and Nicobar Islands,"PLFS Year (Jul - Jun), 2022",Rural + Urban,15-59 years,Male,88.7,84.9,4.3
India,Andaman and Nicobar Islands,"PLFS Year (Jul - Jun), 2022",Rural + Urban,15-59 years,Female,53.5,42.6,20.3
India,Andaman and Nicobar Islands,"PLFS Year (Jul - Jun), 2022",Rural + Urban,15-59 years,Persons,71.2,63.9,10.3
India,Andaman and Nicobar Islands,"PLFS Year (Jul - Jun), 2022",Rural + Urban,15 years and above,Male,82.4,79.1,4
India,Andaman and Nicobar Islands,"PLFS Year (Jul - Jun), 2022",Rural + Urban,15 years and above,Female,49.6,39.8,19.8
India,Andaman and Nicobar Islands,"PLFS Year (Jul - Jun), 2022",Rural + Urban,15 years and above,Persons,66.5,60,9.7
India,Andaman and Nicobar Islands,"PLFS Year (Jul - Jun), 2022",Rural + Urban,All Ages,Male,66.8,64.2,4
India,Andaman and Nicobar Islands,"PLFS Year (Jul - Jun), 2022",Rural + Urban,All Ages,Female,40.4,32.4,19.8
India,Andaman and Nicobar Islands,"PLFS Year (Jul - Jun), 2022",Rural + Urban,All Ages,Persons,54,48.8,9.7
India,Andhra Pradesh,"PLFS Year (Jul - Jun), 2022",Rural,15-29 years,Male,65.7,57.7,12.3
India,Andhra Pradesh,"PLFS Year (Jul - Jun), 2022",Rural,15-29 years,Female,34.4,29,15.7
India,Andhra Pradesh,"PLFS Year (Jul - Jun), 2022",Rural,15-29 years,Persons,50.5,43.8,13.4
India,Andhra Pradesh,"PLFS Year (Jul - Jun), 2022",Rural,15-59 years,Male,85.1,81.8,3.8
India,Andhra Pradesh,"PLFS Year (Jul - Jun), 2022",Rural,15-59 years,Female,58.5,56.6,3.2
India,Andhra Pradesh,"PLFS Year (Jul - Jun), 2022",Rural,15-59 years,Persons,71.6,69.1,3.6
India,Andhra Pradesh,"PLFS Year (Jul - Jun), 2022",Rural,15 years and above,Male,78.7,76,3.5
India,Andhra Pradesh,"PLFS Year (Jul - Jun), 2022",Rural,15 years and above,Female,51.8,50.2,3
India,Andhra Pradesh,"PLFS Year (Jul - Jun), 2022",Rural,15 years and above,Persons,64.9,62.8,3.3
India,Andhra Pradesh,"PLFS Year (Jul - Jun), 2022",Rural,All Ages,Male,61.9,59.8,3.5
India,Andhra Pradesh,"PLFS Year (Jul - Jun), 2022",Rural,All Ages,Female,41.2,40,3
India,Andhra Pradesh,"PLFS Year (Jul - Jun), 2022",Rural,All Ages,Persons,51.4,49.7,3.3
India,Andhra Pradesh,"PLFS Year (Jul - Jun), 2022",Urban,15-29 years,Male,57.9,46.7,19.4
India,Andhra Pradesh,"PLFS Year (Jul - Jun), 2022",Urban,15-29 years,Female,28.1,20.9,25.7
India,Andhra Pradesh,"PLFS Year (Jul - Jun), 2022",Urban,15-29 years,Persons,43.1,33.9,21.4
India,Andhra Pradesh,"PLFS Year (Jul - Jun), 2022",Urban,15-59 years,Male,80.3,75.1,6.4
India,Andhra Pradesh,"PLFS Year (Jul - Jun), 2022",Urban,15-59 years,Female,36.1,33.3,7.8
India,Andhra Pradesh,"PLFS Year (Jul - Jun), 2022",Urban,15-59 years,Persons,57.5,53.6,6.9
India,Andhra Pradesh,"PLFS Year (Jul - Jun), 2022",Urban,15 years and above,Male,73.6,69.2,6
India,Andhra Pradesh,"PLFS Year (Jul - Jun), 2022",Urban,15 years and above,Female,32.3,29.9,7.5
India,Andhra Pradesh,"PLFS Year (Jul - Jun), 2022",Urban,15 years and above,Persons,52.3,48.9,6.5
India,Andhra Pradesh,"PLFS Year (Jul - Jun), 2022",Urban,All Ages,Male,58,54.5,6
India,Andhra Pradesh,"PLFS Year (Jul - Jun), 2022",Urban,All Ages,Female,26.6,24.6,7.5
India,Andhra Pradesh,"PLFS Year (Jul - Jun), 2022",Urban,All Ages,Persons,42.2,39.4,6.5
India,Andhra Pradesh,"PLFS Year (Jul - Jun), 2022",Rural + Urban,15-29 years,Male,63.3,54.3,14.3
India,Andhra Pradesh,"PLFS Year (Jul - Jun), 2022",Rural + Urban,15-29 years,Female,32.4,26.4,18.5
India,Andhra Pradesh,"PLFS Year (Jul - Jun), 2022",Rural + Urban,15-29 years,Persons,48.2,40.7,15.7
India,Andhra Pradesh,"PLFS Year (Jul - Jun), 2022",Rural + Urban,15-59 years,Male,83.6,79.8,4.6
India,Andhra Pradesh,"PLFS Year (Jul - Jun), 2022",Rural + Urban,15-59 years,Female,51.5,49.4,4.2
India,Andhra Pradesh,"PLFS Year (Jul - Jun), 2022",Rural + Urban,15-59 years,Persons,67.3,64.3,4.4
India,Andhra Pradesh,"PLFS Year (Jul - Jun), 2022",Rural + Urban,15 years and above,Male,77.2,73.9,4.2
India,Andhra Pradesh,"PLFS Year (Jul - Jun), 2022",Rural + Urban,15 years and above,Female,45.8,44,4
India,Andhra Pradesh,"PLFS Year (Jul - Jun), 2022",Rural + Urban,15 years and above,Persons,61.1,58.6,4.1
India,Andhra Pradesh,"PLFS Year (Jul - Jun), 2022",Rural + Urban,All Ages,Male,60.7,58.2,4.2
India,Andhra Pradesh,"PLFS Year (Jul - Jun), 2022",Rural + Urban,All Ages,Female,36.9,35.4,4
India,Andhra Pradesh,"PLFS Year (Jul - Jun), 2022",Rural + Urban,All Ages,Persons,48.6,46.6,4.1
India,Arunachal Pradesh,"PLFS Year (Jul - Jun), 2022",Rural,15-29 years,Male,51.6,42.4,17.7
India,Arunachal Pradesh,"PLFS Year (Jul - Jun), 2022",Rural,15-29 years,Female,38,34.4,9.4
India,Arunachal Pradesh,"PLFS Year (Jul - Jun), 2022",Rural,15-29 years,Persons,45.1,38.6,14.4
India,Arunachal Pradesh,"PLFS Year (Jul - Jun), 2022",Rural,15-59 years,Male,80,76.2,4.8
India,Arunachal Pradesh,"PLFS Year (Jul - Jun), 2022",Rural,15-59 years,Female,64.7,62.6,3.2
India,Arunachal Pradesh,"PLFS Year (Jul - Jun), 2022",Rural,15-59 years,Persons,72.6,69.6,4.1
India,Arunachal Pradesh,"PLFS Year (Jul - Jun), 2022",Rural,15 years and above,Male,78,74.5,4.5
India,Arunachal Pradesh,"PLFS Year (Jul - Jun), 2022",Rural,15 years and above,Female,62.7,60.8,3.1
India,Arunachal Pradesh,"PLFS Year (Jul - Jun), 2022",Rural,15 years and above,Persons,70.6,67.9,3.9
India,Arunachal Pradesh,"PLFS Year (Jul - Jun), 2022",Rural,All Ages,Male,58.1,55.5,4.5
India,Arunachal Pradesh,"PLFS Year (Jul - Jun), 2022",Rural,All Ages,Female,44.3,43,3.1
India,Arunachal Pradesh,"PLFS Year (Jul - Jun), 2022",Rural,All Ages,Persons,51.3,49.3,3.9
India,Arunachal Pradesh,"PLFS Year (Jul - Jun), 2022",Urban,15-29 years,Male,38.4,25,34.9
India,Arunachal Pradesh,"PLFS Year (Jul - Jun), 2022",Urban,15-29 years,Female,23.5,12.5,46.6
India,Arunachal Pradesh,"PLFS Year (Jul - Jun), 2022",Urban,15-29 years,Persons,30.7,18.5,39.6
India,Arunachal Pradesh,"PLFS Year (Jul - Jun), 2022",Urban,15-59 years,Male,73.8,67.8,8.1
India,Arunachal Pradesh,"PLFS Year (Jul - Jun), 2022",Urban,15-59 years,Female,38.6,32,17.2
India,Arunachal Pradesh,"PLFS Year (Jul - Jun), 2022",Urban,15-59 years,Persons,56.5,50.2,11.2
India,Arunachal Pradesh,"PLFS Year (Jul - Jun), 2022",Urban,15 years and above,Male,72.4,66.7,7.9
India,Arunachal Pradesh,"PLFS Year (Jul - Jun), 2022",Urban,15 years and above,Female,37.4,31.1,16.9
India,Arunachal Pradesh,"PLFS Year (Jul - Jun), 2022",Urban,15 years and above,Persons,55.1,49.1,10.9
India,Arunachal Pradesh,"PLFS Year (Jul - Jun), 2022",Urban,All Ages,Male,54,49.8,7.9
India,Arunachal Pradesh,"PLFS Year (Jul - Jun), 2022",Urban,All Ages,Female,28.4,23.6,16.9
India,Arunachal Pradesh,"PLFS Year (Jul - Jun), 2022",Urban,All Ages,Persons,41.5,37,10.9
India,Arunachal Pradesh,"PLFS Year (Jul - Jun), 2022",Rural + Urban,15-29 years,Male,49.4,39.6,19.9
India,Arunachal Pradesh,"PLFS Year (Jul - Jun), 2022",Rural + Urban,15-29 years,Female,35.3,30.3,14.1
India,Arunachal Pradesh,"PLFS Year (Jul - Jun), 2022",Rural + Urban,15-29 years,Persons,42.5,35.1,17.6
India,Arunachal Pradesh,"PLFS Year (Jul - Jun), 2022",Rural + Urban,15-59 years,Male,79,74.8,5.3
India,Arunachal Pradesh,"PLFS Year (Jul - Jun), 2022",Rural + Urban,15-59 years,Female,60.3,57.5,4.7
India,Arunachal Pradesh,"PLFS Year (Jul - Jun), 2022",Rural + Urban,15-59 years,Persons,70,66.4,5.1
India,Arunachal Pradesh,"PLFS Year (Jul - Jun), 2022",Rural + Urban,15 years and above,Male,77.2,73.3,5
India,Arunachal Pradesh,"PLFS Year (Jul - Jun), 2022",Rural + Urban,15 years and above,Female,58.7,56,4.5
India,Arunachal Pradesh,"PLFS Year (Jul - Jun), 2022",Rural + Urban,15 years and above,Persons,68.2,64.9,4.8
India,Arunachal Pradesh,"PLFS Year (Jul - Jun), 2022",Rural + Urban,All Ages,Male,57.5,54.6,5
India,Arunachal Pradesh,"PLFS Year (Jul - Jun), 2022",Rural + Urban,All Ages,Female,41.9,40,4.5
India,Arunachal Pradesh,"PLFS Year (Jul - Jun), 2022",Rural + Urban,All Ages,Persons,49.8,47.4,4.8
India,Assam,"PLFS Year (Jul - Jun), 2022",Rural,15-29 years,Male,85.2,82.7,2.9
India,Assam,"PLFS Year (Jul - Jun), 2022",Rural,15-29 years,Female,10.8,9.7,10.2
India,Assam,"PLFS Year (Jul - Jun), 2022",Rural,15-29 years,Persons,46.8,45,3.8
India,Assam,"PLFS Year (Jul - Jun), 2022",Rural,15-59 years,Male,93.2,92,1.3
India,Assam,"PLFS Year (Jul - Jun), 2022",Rural,15-59 years,Female,20,19.4,2.8
India,Assam,"PLFS Year (Jul - Jun), 2022",Rural,15-59 years,Persons,56.8,55.9,1.5
India,Assam,"PLFS Year (Jul - Jun), 2022",Rural,15 years and above,Male,90.8,89.7,1.2
India,Assam,"PLFS Year (Jul - Jun), 2022",Rural,15 years and above,Female,19.8,19.3,2.7
India,Assam,"PLFS Year (Jul - Jun), 2022",Rural,15 years and above,Persons,55.5,54.7,1.5
India,Assam,"PLFS Year (Jul - Jun), 2022",Rural,All Ages,Male,41.5,41,1.2
India,Assam,"PLFS Year (Jul - Jun), 2022",Rural,All Ages,Female,13.5,13.1,2.7
India,Assam,"PLFS Year (Jul - Jun), 2022",Rural,All Ages,Persons,30.4,29.9,1.5
India,Assam,"PLFS Year (Jul - Jun), 2022",Urban,15-29 years,Male,56,48,14.3
India,Assam,"PLFS Year (Jul - Jun), 2022",Urban,15-29 years,Female,27.4,18.1,33.8
India,Assam,"PLFS Year (Jul - Jun), 2022",Urban,15-29 years,Persons,42.1,33.5,20.5
India,Assam,"PLFS Year (Jul - Jun), 2022",Urban,15-59 years,Male,81.7,78.6,3.8
India,Assam,"PLFS Year (Jul - Jun), 2022",Urban,15-59 years,Female,32.7,28.4,13.2
India,Assam,"PLFS Year (Jul - Jun), 2022",Urban,15-59 years,Persons,57.5,53.7,6.5
India,Assam,"PLFS Year (Jul - Jun), 2022",Urban,15 years and above,Male,75.6,72.9,3.6
India,Assam,"PLFS Year (Jul - Jun), 2022",Urban,15 years and above,Female,29,25.3,12.7
India,Assam,"PLFS Year (Jul - Jun), 2022",Urban,15 years and above,Persons,52.4,49.2,6.1
India,Assam,"PLFS Year (Jul - Jun), 2022",Urban,All Ages,Male,58.8,56.7,3.6
India,Assam,"PLFS Year (Jul - Jun), 2022",Urban,All Ages,Female,24.3,21.2,12.7
India,Assam,"PLFS Year (Jul - Jun), 2022",Urban,All Ages,Persons,42.2,39.6,6.1
India,Assam,"PLFS Year (Jul - Jun), 2022",Rural + Urban,15-29 years,Male,84,81.3,3.2
India,Assam,"PLFS Year (Jul - Jun), 2022",Rural + Urban,15-29 years,Female,11.4,10,12.1
India,Assam,"PLFS Year (Jul - Jun), 2022",Rural + Urban,15-29 years,Persons,46.6,44.6,4.3
India,Assam,"PLFS Year (Jul - Jun), 2022",Rural + Urban,15-59 years,Male,92.7,91.4,1.3
India,Assam,"PLFS Year (Jul - Jun), 2022",Rural + Urban,15-59 years,Female,20.5,19.8,3.5
India,Assam,"PLFS Year (Jul - Jun), 2022",Rural + Urban,15-59 years,Persons,56.8,55.8,1.7
India,Assam,"PLFS Year (Jul - Jun), 2022",Rural + Urban,15 years and above,Male,90.1,88.9,1.3
India,Assam,"PLFS Year (Jul - Jun), 2022",Rural + Urban,15 years and above,Female,20.3,19.6,3.4
India,Assam,"PLFS Year (Jul - Jun), 2022",Rural + Urban,15 years and above,Persons,55.4,54.5,1.7
India,Assam,"PLFS Year (Jul - Jun), 2022",Rural + Urban,All Ages,Male,42,41.5,1.3
India,Assam,"PLFS Year (Jul - Jun), 2022",Rural + Urban,All Ages,Female,13.9,13.5,3.4
India,Assam,"PLFS Year (Jul - Jun), 2022",Rural + Urban,All Ages,Persons,30.8,30.2,1.7
India,Bihar,"PLFS Year (Jul - Jun), 2022",Rural,15-29 years,Male,51.4,43.7,14.9
India,Bihar,"PLFS Year (Jul - Jun), 2022",Rural,15-29 years,Female,12,11.3,5.7
India,Bihar,"PLFS Year (Jul - Jun), 2022",Rural,15-29 years,Persons,31.7,27.5,13.2
India,Bihar,"PLFS Year (Jul - Jun), 2022",Rural,15-59 years,Male,78.1,74.3,4.8
India,Bihar,"PLFS Year (Jul - Jun), 2022",Rural,15-59 years,Female,24.8,24.5,1.2
India,Bihar,"PLFS Year (Jul - Jun), 2022",Rural,15-59 years,Persons,51.5,49.5,4
India,Bihar,"PLFS Year (Jul - Jun), 2022",Rural,15 years and above,Male,75.3,72,4.4
India,Bihar,"PLFS Year (Jul - Jun), 2022",Rural,15 years and above,Female,23.3,23,1.1
India,Bihar,"PLFS Year (Jul - Jun), 2022",Rural,15 years and above,Persons,49.6,47.8,3.6
India,Bihar,"PLFS Year (Jul - Jun), 2022",Rural,All Ages,Male,46.8,44.8,4.4
India,Bihar,"PLFS Year (Jul - Jun), 2022",Rural,All Ages,Female,15.1,15,1.2
India,Bihar,"PLFS Year (Jul - Jun), 2022",Rural,All Ages,Persons,31.5,30.4,3.6
India,Bihar,"PLFS Year (Jul - Jun), 2022",Urban,15-29 years,Male,45.1,35.8,20.6
India,Bihar,"PLFS Year (Jul - Jun), 2022",Urban,15-29 years,Female,7.3,5,31
India,Bihar,"PLFS Year (Jul - Jun), 2022",Urban,15-29 years,Persons,28.1,22,21.9
India,Bihar,"PLFS Year (Jul - Jun), 2022",Urban,15-59 years,Male,72.9,67.1,7.9
India,Bihar,"PLFS Year (Jul - Jun), 2022",Urban,15-59 years,Female,13.8,12.4,10.1
India,Bihar,"PLFS Year (Jul - Jun), 2022",Urban,15-59 years,Persons,44.8,41.2,8.2
India,Bihar,"PLFS Year (Jul - Jun), 2022",Urban,15 years and above,Male,68.2,63.2,7.4
India,Bihar,"PLFS Year (Jul - Jun), 2022",Urban,15 years and above,Female,12.6,11.4,9.8
India,Bihar,"PLFS Year (Jul - Jun), 2022",Urban,15 years and above,Persons,41.9,38.7,7.7
India,Bihar,"PLFS Year (Jul - Jun), 2022",Urban,All Ages,Male,48.7,45.1,7.3
India,Bihar,"PLFS Year (Jul - Jun), 2022",Urban,All Ages,Female,9.2,8.3,9.7
India,Bihar,"PLFS Year (Jul - Jun), 2022",Urban,All Ages,Persons,30.2,27.9,7.7
India,Bihar,"PLFS Year (Jul - Jun), 2022",Rural + Urban,15-29 years,Male,50.8,42.9,15.4
India,Bihar,"PLFS Year (Jul - Jun), 2022",Rural + Urban,15-29 years,Female,11.6,10.8,7
India,Bihar,"PLFS Year (Jul - Jun), 2022",Rural + Urban,15-29 years,Persons,31.4,27,13.9
India,Bihar,"PLFS Year (Jul - Jun), 2022",Rural + Urban,15-59 years,Male,77.6,73.7,5.1
India,Bihar,"PLFS Year (Jul - Jun), 2022",Rural + Urban,15-59 years,Female,23.9,23.5,1.6
India,Bihar,"PLFS Year (Jul - Jun), 2022",Rural + Urban,15-59 years,Persons,50.9,48.7,4.3
India,Bihar,"PLFS Year (Jul - Jun), 2022",Rural + Urban,15 years and above,Male,74.6,71.2,4.6
India,Bihar,"PLFS Year (Jul - Jun), 2022",Rural + Urban,15 years and above,Female,22.4,22,1.6
India,Bihar,"PLFS Year (Jul - Jun), 2022",Rural + Urban,15 years and above,Persons,48.9,47,3.9
India,Bihar,"PLFS Year (Jul - Jun), 2022",Rural + Urban,All Ages,Male,47,44.8,4.6
India,Bihar,"PLFS Year (Jul - Jun), 2022",Rural + Urban,All Ages,Female,14.7,14.5,1.6
India,Bihar,"PLFS Year (Jul - Jun), 2022",Rural + Urban,All Ages,Persons,31.4,30.2,3.9
India,Chandigarh,"PLFS Year (Jul - Jun), 2022",Rural,15-29 years,Male,79.9,78.5,1.8
India,Chandigarh,"PLFS Year (Jul - Jun), 2022",Rural,15-29 years,Female,32.5,26.9,17.2
India,Chandigarh,"PLFS Year (Jul - Jun), 2022",Rural,15-29 years,Persons,53.6,49.8,7
India,Chandigarh,"PLFS Year (Jul - Jun), 2022",Rural,15-59 years,Male,88,87.3,0.8
India,Chandigarh,"PLFS Year (Jul - Jun), 2022",Rural,15-59 years,Female,30.1,26.8,10.7
India,Chandigarh,"PLFS Year (Jul - Jun), 2022",Rural,15-59 years,Persons,58.1,56.1,3.5
India,Chandigarh,"PLFS Year (Jul - Jun), 2022",Rural,15 years and above,Male,88.9,88.3,0.7
India,Chandigarh,"PLFS Year (Jul - Jun), 2022",Rural,15 years and above,Female,29.3,26.1,10.7
India,Chandigarh,"PLFS Year (Jul - Jun), 2022",Rural,15 years and above,Persons,59,57.1,3.2
India,Chandigarh,"PLFS Year (Jul - Jun), 2022",Rural,All Ages,Male,61.6,61.2,0.7
India,Chandigarh,"PLFS Year (Jul - Jun), 2022",Rural,All Ages,Female,21.9,19.6,10.7
India,Chandigarh,"PLFS Year (Jul - Jun), 2022",Rural,All Ages,Persons,42.5,41.1,3.2
India,Chandigarh,"PLFS Year (Jul - Jun), 2022",Urban,15-29 years,Male,52.6,47.6,9.3
India,Chandigarh,"PLFS Year (Jul - Jun), 2022",Urban,15-29 years,Female,19.3,19,1.7
India,Chandigarh,"PLFS Year (Jul - Jun), 2022",Urban,15-29 years,Persons,35.7,33.1,7.3
India,Chandigarh,"PLFS Year (Jul - Jun), 2022",Urban,15-59 years,Male,81,77.3,4.6
India,Chandigarh,"PLFS Year (Jul - Jun), 2022",Urban,15-59 years,Female,24.6,24,2.4
India,Chandigarh,"PLFS Year (Jul - Jun), 2022",Urban,15-59 years,Persons,53.8,51.6,4.1
India,Chandigarh,"PLFS Year (Jul - Jun), 2022",Urban,15 years and above,Male,71.6,68.4,4.5
India,Chandigarh,"PLFS Year (Jul - Jun), 2022",Urban,15 years and above,Female,21,20.5,2.4
India,Chandigarh,"PLFS Year (Jul - Jun), 2022",Urban,15 years and above,Persons,46.9,45,4
India,Chandigarh,"PLFS Year (Jul - Jun), 2022",Urban,All Ages,Male,57.7,55.1,4.5
India,Chandigarh,"PLFS Year (Jul - Jun), 2022",Urban,All Ages,Female,17.1,16.7,2.4
India,Chandigarh,"PLFS Year (Jul - Jun), 2022",Urban,All Ages,Persons,38,36.4,4
India,Chandigarh,"PLFS Year (Jul - Jun), 2022",Rural + Urban,15-29 years,Male,54.4,49.7,8.6
India,Chandigarh,"PLFS Year (Jul - Jun), 2022",Rural + Urban,15-29 years,Female,20.4,19.6,3.7
India,Chandigarh,"PLFS Year (Jul - Jun), 2022",Rural + Urban,15-29 years,Persons,37,34.3,7.2
India,Chandigarh,"PLFS Year (Jul - Jun), 2022",Rural + Urban,15-59 years,Male,81.3,77.7,4.4
India,Chandigarh,"PLFS Year (Jul - Jun), 2022",Rural + Urban,15-59 years,Female,24.9,24.2,3
India,Chandigarh,"PLFS Year (Jul - Jun), 2022",Rural + Urban,15-59 years,Persons,54,51.8,4.1
India,Chandigarh,"PLFS Year (Jul - Jun), 2022",Rural + Urban,15 years and above,Male,72.3,69.2,4.3
India,Chandigarh,"PLFS Year (Jul - Jun), 2022",Rural + Urban,15 years and above,Female,21.4,20.8,2.9
India,Chandigarh,"PLFS Year (Jul - Jun), 2022",Rural + Urban,15 years and above,Persons,47.5,45.6,4
India,Chandigarh,"PLFS Year (Jul - Jun), 2022",Rural + Urban,All Ages,Male,57.9,55.4,4.3
India,Chandigarh,"PLFS Year (Jul - Jun), 2022",Rural + Urban,All Ages,Female,17.3,16.8,2.9
India,Chandigarh,"PLFS Year (Jul - Jun), 2022",Rural + Urban,All Ages,Persons,38.2,36.7,4
India,Chhattisgarh,"PLFS Year (Jul - Jun), 2022",Rural,15-29 years,Male,74.8,70.6,5.6
India,Chhattisgarh,"PLFS Year (Jul - Jun), 2022",Rural,15-29 years,Female,50.8,49.2,3.1
India,Chhattisgarh,"PLFS Year (Jul - Jun), 2022",Rural,15-29 years,Persons,63.4,60.4,4.7
India,Chhattisgarh,"PLFS Year (Jul - Jun), 2022",Rural,15-59 years,Male,87.6,85.8,2.1
India,Chhattisgarh,"PLFS Year (Jul - Jun), 2022",Rural,15-59 years,Female,71.1,70.5,1
India,Chhattisgarh,"PLFS Year (Jul - Jun), 2022",Rural,15-59 years,Persons,79.6,78.3,1.6
India,Chhattisgarh,"PLFS Year (Jul - Jun), 2022",Rural,15 years and above,Male,84.7,83.2,1.9
India,Chhattisgarh,"PLFS Year (Jul - Jun), 2022",Rural,15 years and above,Female,66.4,65.8,0.9
India,Chhattisgarh,"PLFS Year (Jul - Jun), 2022",Rural,15 years and above,Persons,75.8,74.7,1.4
India,Chhattisgarh,"PLFS Year (Jul - Jun), 2022",Rural,All Ages,Male,62.7,61.5,1.9
India,Chhattisgarh,"PLFS Year (Jul - Jun), 2022",Rural,All Ages,Female,48.9,48.5,0.9
India,Chhattisgarh,"PLFS Year (Jul - Jun), 2022",Rural,All Ages,Persons,55.9,55.1,1.5
India,Chhattisgarh,"PLFS Year (Jul - Jun), 2022",Urban,15-29 years,Male,64.3,52.5,18.4
India,Chhattisgarh,"PLFS Year (Jul - Jun), 2022",Urban,15-29 years,Female,27,19.7,27.2
India,Chhattisgarh,"PLFS Year (Jul - Jun), 2022",Urban,15-29 years,Persons,45.2,35.7,21.1
India,Chhattisgarh,"PLFS Year (Jul - Jun), 2022",Urban,15-59 years,Male,83.1,76.9,7.4
India,Chhattisgarh,"PLFS Year (Jul - Jun), 2022",Urban,15-59 years,Female,37,32.9,10.9
India,Chhattisgarh,"PLFS Year (Jul - Jun), 2022",Urban,15-59 years,Persons,59.5,54.4,8.5
India,Chhattisgarh,"PLFS Year (Jul - Jun), 2022",Urban,15 years and above,Male,78.3,73,6.8
India,Chhattisgarh,"PLFS Year (Jul - Jun), 2022",Urban,15 years and above,Female,34.4,30.9,10.2
India,Chhattisgarh,"PLFS Year (Jul - Jun), 2022",Urban,15 years and above,Persons,56,51.6,7.8
India,Chhattisgarh,"PLFS Year (Jul - Jun), 2022",Urban,All Ages,Male,62,57.8,6.8
India,Chhattisgarh,"PLFS Year (Jul - Jun), 2022",Urban,All Ages,Female,27.9,25.1,10.2
India,Chhattisgarh,"PLFS Year (Jul - Jun), 2022",Urban,All Ages,Persons,44.9,41.4,7.8
India,Chhattisgarh,"PLFS Year (Jul - Jun), 2022",Rural + Urban,15-29 years,Male,72.8,67.2,7.7
India,Chhattisgarh,"PLFS Year (Jul - Jun), 2022",Rural + Urban,15-29 years,Female,45.9,43.1,6.1
India,Chhattisgarh,"PLFS Year (Jul - Jun), 2022",Rural + Urban,15-29 years,Persons,59.8,55.6,7.1
India,Chhattisgarh,"PLFS Year (Jul - Jun), 2022",Rural + Urban,15-59 years,Male,86.8,84.1,3
India,Chhattisgarh,"PLFS Year (Jul - Jun), 2022",Rural + Urban,15-59 years,Female,64.1,62.7,2.1
India,Chhattisgarh,"PLFS Year (Jul - Jun), 2022",Rural + Urban,15-59 years,Persons,75.6,73.6,2.7
India,Chhattisgarh,"PLFS Year (Jul - Jun), 2022",Rural + Urban,15 years and above,Male,83.5,81.2,2.8
India,Chhattisgarh,"PLFS Year (Jul - Jun), 2022",Rural + Urban,15 years and above,Female,59.8,58.6,2
India,Chhattisgarh,"PLFS Year (Jul - Jun), 2022",Rural + Urban,15 years and above,Persons,71.8,70.1,2.4
India,Chhattisgarh,"PLFS Year (Jul - Jun), 2022",Rural + Urban,All Ages,Male,62.6,60.8,2.8
India,Chhattisgarh,"PLFS Year (Jul - Jun), 2022",Rural + Urban,All Ages,Female,44.9,44,2
India,Chhattisgarh,"PLFS Year (Jul - Jun), 2022",Rural + Urban,All Ages,Persons,53.9,52.6,2.5
India,Delhi,"PLFS Year (Jul - Jun), 2022",Rural,15-29 years,Male,58.5,38,35.1
India,Delhi,"PLFS Year (Jul - Jun), 2022",Rural,15-29 years,Female,7.8,7.8,0
India,Delhi,"PLFS Year (Jul - Jun), 2022",Rural,15-29 years,Persons,33.2,22.9,31
India,Delhi,"PLFS Year (Jul - Jun), 2022",Rural,15-59 years,Male,80,71.4,10.7
India,Delhi,"PLFS Year (Jul - Jun), 2022",Rural,15-59 years,Female,4.3,4.3,0
India,Delhi,"PLFS Year (Jul - Jun), 2022",Rural,15-59 years,Persons,43.6,39.1,10.2
India,Delhi,"PLFS Year (Jul - Jun), 2022",Rural,15 years and above,Male,73.5,65.6,10.7
India,Delhi,"PLFS Year (Jul - Jun), 2022",Rural,15 years and above,Female,3.9,3.9,0
India,Delhi,"PLFS Year (Jul - Jun), 2022",Rural,15 years and above,Persons,39.7,35.7,10.2
India,Delhi,"PLFS Year (Jul - Jun), 2022",Rural,All Ages,Male,57.6,51.4,10.7
India,Delhi,"PLFS Year (Jul - Jun), 2022",Rural,All Ages,Female,2.9,2.9,0
India,Delhi,"PLFS Year (Jul - Jun), 2022",Rural,All Ages,Persons,30.5,27.4,10.2
India,Delhi,"PLFS Year (Jul - Jun), 2022",Urban,15-29 years,Male,53.2,50.4,5.3
India,Delhi,"PLFS Year (Jul - Jun), 2022",Urban,15-29 years,Female,14.4,13.5,6.3
India,Delhi,"PLFS Year (Jul - Jun), 2022",Urban,15-29 years,Persons,35.5,33.6,5.4
India,Delhi,"PLFS Year (Jul - Jun), 2022",Urban,15-59 years,Male,79,77.7,1.7
India,Delhi,"PLFS Year (Jul - Jun), 2022",Urban,15-59 years,Female,16.7,16.3,2.3
India,Delhi,"PLFS Year (Jul - Jun), 2022",Urban,15-59 years,Persons,50.6,49.7,1.8
India,Delhi,"PLFS Year (Jul - Jun), 2022",Urban,15 years and above,Male,74.5,73.3,1.6
India,Delhi,"PLFS Year (Jul - Jun), 2022",Urban,15 years and above,Female,15.1,14.8,2.2
India,Delhi,"PLFS Year (Jul - Jun), 2022",Urban,15 years and above,Persons,46.9,46.1,1.7
India,Delhi,"PLFS Year (Jul - Jun), 2022",Urban,All Ages,Male,57,56.1,1.6
India,Delhi,"PLFS Year (Jul - Jun), 2022",Urban,All Ages,Female,11.6,11.3,2.2
India,Delhi,"PLFS Year (Jul - Jun), 2022",Urban,All Ages,Persons,35.9,35.3,1.7
India,Delhi,"PLFS Year (Jul - Jun), 2022",Rural + Urban,15-29 years,Male,53.4,50.1,6.1
India,Delhi,"PLFS Year (Jul - Jun), 2022",Rural + Urban,15-29 years,Female,14.2,13.3,6.2
India,Delhi,"PLFS Year (Jul - Jun), 2022",Rural + Urban,15-29 years,Persons,35.4,33.2,6.1
India,Delhi,"PLFS Year (Jul - Jun), 2022",Rural + Urban,15-59 years,Male,79,77.5,1.9
India,Delhi,"PLFS Year (Jul - Jun), 2022",Rural + Urban,15-59 years,Female,16.3,16,2.3
India,Delhi,"PLFS Year (Jul - Jun), 2022",Rural + Urban,15-59 years,Persons,50.4,49.4,2
India,Delhi,"PLFS Year (Jul - Jun), 2022",Rural + Urban,15 years and above,Male,74.4,73.1,1.8
India,Delhi,"PLFS Year (Jul - Jun), 2022",Rural + Urban,15 years and above,Female,14.8,14.5,2.2
India,Delhi,"PLFS Year (Jul - Jun), 2022",Rural + Urban,15 years and above,Persons,46.7,45.8,1.9
India,Delhi,"PLFS Year (Jul - Jun), 2022",Rural + Urban,All Ages,Male,57.1,56,1.8
India,Delhi,"PLFS Year (Jul - Jun), 2022",Rural + Urban,All Ages,Female,11.3,11.1,2.2
India,Delhi,"PLFS Year (Jul - Jun), 2022",Rural + Urban,All Ages,Persons,35.7,35,1.9
India,Goa,"PLFS Year (Jul - Jun), 2022",Rural,15-29 years,Male,52.9,38.3,27.7
India,Goa,"PLFS Year (Jul - Jun), 2022",Rural,15-29 years,Female,29.2,11.7,59.9
India,Goa,"PLFS Year (Jul - Jun), 2022",Rural,15-29 years,Persons,41.2,25.2,38.9
India,Goa,"PLFS Year (Jul - Jun), 2022",Rural,15-59 years,Male,79.7,73.1,8.3
India,Goa,"PLFS Year (Jul - Jun), 2022",Rural,15-59 years,Female,31.5,25.6,18.7
India,Goa,"PLFS Year (Jul - Jun), 2022",Rural,15-59 years,Persons,54.4,48.1,11.5
India,Goa,"PLFS Year (Jul - Jun), 2022",Rural,15 years and above,Male,71.8,65.5,8.7
India,Goa,"PLFS Year (Jul - Jun), 2022",Rural,15 years and above,Female,26.3,21.7,17.7
India,Goa,"PLFS Year (Jul - Jun), 2022",Rural,15 years and above,Persons,47.8,42.4,11.3
India,Goa,"PLFS Year (Jul - Jun), 2022",Rural,All Ages,Male,57.7,52.6,8.7
India,Goa,"PLFS Year (Jul - Jun), 2022",Rural,All Ages,Female,21.5,17.7,17.7
India,Goa,"PLFS Year (Jul - Jun), 2022",Rural,All Ages,Persons,38.7,34.4,11.3
India,Goa,"PLFS Year (Jul - Jun), 2022",Urban,15-29 years,Male,66.4,55.8,15.9
India,Goa,"PLFS Year (Jul - Jun), 2022",Urban,15-29 years,Female,45,30.5,32.1
India,Goa,"PLFS Year (Jul - Jun), 2022",Urban,15-29 years,Persons,56.8,44.5,21.6
India,Goa,"PLFS Year (Jul - Jun), 2022",Urban,15-59 years,Male,84.4,78.1,7.5
India,Goa,"PLFS Year (Jul - Jun), 2022",Urban,15-59 years,Female,36.5,31.7,12.9
India,Goa,"PLFS Year (Jul - Jun), 2022",Urban,15-59 years,Persons,61.2,55.7,9.1
India,Goa,"PLFS Year (Jul - Jun), 2022",Urban,15 years and above,Male,72.8,67.6,7.1
India,Goa,"PLFS Year (Jul - Jun), 2022",Urban,15 years and above,Female,29.4,25.6,12.7
India,Goa,"PLFS Year (Jul - Jun), 2022",Urban,15 years and above,Persons,51.5,47,8.7
India,Goa,"PLFS Year (Jul - Jun), 2022",Urban,All Ages,Male,60.4,56.1,7.1
India,Goa,"PLFS Year (Jul - Jun), 2022",Urban,All Ages,Female,24.1,21,12.7
India,Goa,"PLFS Year (Jul - Jun), 2022",Urban,All Ages,Persons,42.5,38.8,8.7
India,Goa,"PLFS Year (Jul - Jun), 2022",Rural + Urban,15-29 years,Male,61.1,49,19.8
India,Goa,"PLFS Year (Jul - Jun), 2022",Rural + Urban,15-29 years,Female,38.1,22.4,41.3
India,Goa,"PLFS Year (Jul - Jun), 2022",Rural + Urban,15-29 years,Persons,50.4,36.6,27.4
India,Goa,"PLFS Year (Jul - Jun), 2022",Rural + Urban,15-59 years,Male,82.6,76.2,7.8
India,Goa,"PLFS Year (Jul - Jun), 2022",Rural + Urban,15-59 years,Female,34.4,29.1,15.2
India,Goa,"PLFS Year (Jul - Jun), 2022",Rural + Urban,15-59 years,Persons,58.5,52.6,10
India,Goa,"PLFS Year (Jul - Jun), 2022",Rural + Urban,15 years and above,Male,72.4,66.8,7.7
India,Goa,"PLFS Year (Jul - Jun), 2022",Rural + Urban,15 years and above,Female,28.1,24,14.7
India,Goa,"PLFS Year (Jul - Jun), 2022",Rural + Urban,15 years and above,Persons,50,45.1,9.7
India,Goa,"PLFS Year (Jul - Jun), 2022",Rural + Urban,All Ages,Male,59.3,54.7,7.7
India,Goa,"PLFS Year (Jul - Jun), 2022",Rural + Urban,All Ages,Female,23,19.6,14.7
India,Goa,"PLFS Year (Jul - Jun), 2022",Rural + Urban,All Ages,Persons,40.9,37,9.7
India,Gujarat,"PLFS Year (Jul - Jun), 2022",Rural,15-29 years,Male,73.8,69.5,5.8
India,Gujarat,"PLFS Year (Jul - Jun), 2022",Rural,15-29 years,Female,41.9,41,2.3
India,Gujarat,"PLFS Year (Jul - Jun), 2022",Rural,15-29 years,Persons,58.2,55.5,4.6
India,Gujarat,"PLFS Year (Jul - Jun), 2022",Rural,15-59 years,Male,88.2,86.3,2.1
India,Gujarat,"PLFS Year (Jul - Jun), 2022",Rural,15-59 years,Female,58.9,58.5,0.7
India,Gujarat,"PLFS Year (Jul - Jun), 2022",Rural,15-59 years,Persons,73.9,72.7,1.6
India,Gujarat,"PLFS Year (Jul - Jun), 2022",Rural,15 years and above,Male,84.9,83.3,1.9
India,Gujarat,"PLFS Year (Jul - Jun), 2022",Rural,15 years and above,Female,54.5,54.2,0.6
India,Gujarat,"PLFS Year (Jul - Jun), 2022",Rural,15 years and above,Persons,69.9,68.9,1.4
India,Gujarat,"PLFS Year (Jul - Jun), 2022",Rural,All Ages,Male,64,62.8,1.9
India,Gujarat,"PLFS Year (Jul - Jun), 2022",Rural,All Ages,Female,41.5,41.3,0.6
India,Gujarat,"PLFS Year (Jul - Jun), 2022",Rural,All Ages,Persons,53,52.2,1.4
India,Gujarat,"PLFS Year (Jul - Jun), 2022",Urban,15-29 years,Male,66.9,63.9,4.6
India,Gujarat,"PLFS Year (Jul - Jun), 2022",Urban,15-29 years,Female,21.7,19.4,10.7
India,Gujarat,"PLFS Year (Jul - Jun), 2022",Urban,15-29 years,Persons,46.1,43.4,5.9
India,Gujarat,"PLFS Year (Jul - Jun), 2022",Urban,15-59 years,Male,84.4,82.7,1.9
India,Gujarat,"PLFS Year (Jul - Jun), 2022",Urban,15-59 years,Female,29.5,28.5,3.5
India,Gujarat,"PLFS Year (Jul - Jun), 2022",Urban,15-59 years,Persons,58.2,56.9,2.3
India,Gujarat,"PLFS Year (Jul - Jun), 2022",Urban,15 years and above,Male,78.3,76.9,1.9
India,Gujarat,"PLFS Year (Jul - Jun), 2022",Urban,15 years and above,Female,26.4,25.5,3.4
India,Gujarat,"PLFS Year (Jul - Jun), 2022",Urban,15 years and above,Persons,53.3,52.1,2.2
India,Gujarat,"PLFS Year (Jul - Jun), 2022",Urban,All Ages,Male,60.8,59.7,1.9
India,Gujarat,"PLFS Year (Jul - Jun), 2022",Urban,All Ages,Female,20.8,20.1,3.3
India,Gujarat,"PLFS Year (Jul - Jun), 2022",Urban,All Ages,Persons,41.6,40.7,2.2
India,Gujarat,"PLFS Year (Jul - Jun), 2022",Rural + Urban,15-29 years,Male,70.8,67,5.3
India,Gujarat,"PLFS Year (Jul - Jun), 2022",Rural + Urban,15-29 years,Female,33.5,31.9,4.5
India,Gujarat,"PLFS Year (Jul - Jun), 2022",Rural + Urban,15-29 years,Persons,52.9,50.3,5.1
India,Gujarat,"PLFS Year (Jul - Jun), 2022",Rural + Urban,15-59 years,Male,86.5,84.7,2.1
India,Gujarat,"PLFS Year (Jul - Jun), 2022",Rural + Urban,15-59 years,Female,46.2,45.5,1.4
India,Gujarat,"PLFS Year (Jul - Jun), 2022",Rural + Urban,15-59 years,Persons,67,65.8,1.8
India,Gujarat,"PLFS Year (Jul - Jun), 2022",Rural + Urban,15 years and above,Male,82,80.4,1.9
India,Gujarat,"PLFS Year (Jul - Jun), 2022",Rural + Urban,15 years and above,Female,42.3,41.7,1.3
India,Gujarat,"PLFS Year (Jul - Jun), 2022",Rural + Urban,15 years and above,Persons,62.6,61.5,1.7
India,Gujarat,"PLFS Year (Jul - Jun), 2022",Rural + Urban,All Ages,Male,62.6,61.4,1.9
India,Gujarat,"PLFS Year (Jul - Jun), 2022",Rural + Urban,All Ages,Female,32.7,32.2,1.3
India,Gujarat,"PLFS Year (Jul - Jun), 2022",Rural + Urban,All Ages,Persons,48.1,47.2,1.7
India,Haryana,"PLFS Year (Jul - Jun), 2022",Rural,15-29 years,Male,59.2,49.4,16.5
India,Haryana,"PLFS Year (Jul - Jun), 2022",Rural,15-29 years,Female,10.2,8.4,17.3
India,Haryana,"PLFS Year (Jul - Jun), 2022",Rural,15-29 years,Persons,36.6,30.6,16.6
India,Haryana,"PLFS Year (Jul - Jun), 2022",Rural,15-59 years,Male,79,73.4,7
India,Haryana,"PLFS Year (Jul - Jun), 2022",Rural,15-59 years,Female,24,23.2,3.1
India,Haryana,"PLFS Year (Jul - Jun), 2022",Rural,15-59 years,Persons,52.4,49.2,6.2
India,Haryana,"PLFS Year (Jul - Jun), 2022",Rural,15 years and above,Male,73,68.1,6.6
India,Haryana,"PLFS Year (Jul - Jun), 2022",Rural,15 years and above,Female,21.1,20.5,3
India,Haryana,"PLFS Year (Jul - Jun), 2022",Rural,15 years and above,Persons,47.5,44.7,5.8
India,Haryana,"PLFS Year (Jul - Jun), 2022",Rural,All Ages,Male,53.6,50.1,6.6
India,Haryana,"PLFS Year (Jul - Jun), 2022",Rural,All Ages,Female,16.1,15.6,3
India,Haryana,"PLFS Year (Jul - Jun), 2022",Rural,All Ages,Persons,35.5,33.4,5.8
India,Haryana,"PLFS Year (Jul - Jun), 2022",Urban,15-29 years,Male,54.3,44.8,17.4
India,Haryana,"PLFS Year (Jul - Jun), 2022",Urban,15-29 years,Female,17.6,12.9,26.5
India,Haryana,"PLFS Year (Jul - Jun), 2022",Urban,15-29 years,Persons,38.6,31.2,19.2
India,Haryana,"PLFS Year (Jul - Jun), 2022",Urban,15-59 years,Male,79.1,74.1,6.3
India,Haryana,"PLFS Year (Jul - Jun), 2022",Urban,15-59 years,Female,22.5,20.6,8.5
India,Haryana,"PLFS Year (Jul - Jun), 2022",Urban,15-59 years,Persons,53.4,49.9,6.7
India,Haryana,"PLFS Year (Jul - Jun), 2022",Urban,15 years and above,Male,72.9,68.4,6.1
India,Haryana,"PLFS Year (Jul - Jun), 2022",Urban,15 years and above,Female,19.9,18.2,8.3
India,Haryana,"PLFS Year (Jul - Jun), 2022",Urban,15 years and above,Persons,48.5,45.3,6.5
India,Haryana,"PLFS Year (Jul - Jun), 2022",Urban,All Ages,Male,56.9,53.4,6.1
India,Haryana,"PLFS Year (Jul - Jun), 2022",Urban,All Ages,Female,15.6,14.3,8.2
India,Haryana,"PLFS Year (Jul - Jun), 2022",Urban,All Ages,Persons,37.9,35.5,6.5
India,Haryana,"PLFS Year (Jul - Jun), 2022",Rural + Urban,15-29 years,Male,57.5,47.9,16.8
India,Haryana,"PLFS Year (Jul - Jun), 2022",Rural + Urban,15-29 years,Female,12.5,9.8,21.3
India,Haryana,"PLFS Year (Jul - Jun), 2022",Rural + Urban,15-29 years,Persons,37.3,30.8,17.5
India,Haryana,"PLFS Year (Jul - Jun), 2022",Rural + Urban,15-59 years,Male,79,73.7,6.8
India,Haryana,"PLFS Year (Jul - Jun), 2022",Rural + Urban,15-59 years,Female,23.5,22.3,4.9
India,Haryana,"PLFS Year (Jul - Jun), 2022",Rural + Urban,15-59 years,Persons,52.8,49.4,6.4
India,Haryana,"PLFS Year (Jul - Jun), 2022",Rural + Urban,15 years and above,Male,72.9,68.2,6.4
India,Haryana,"PLFS Year (Jul - Jun), 2022",Rural + Urban,15 years and above,Female,20.7,19.7,4.7
India,Haryana,"PLFS Year (Jul - Jun), 2022",Rural + Urban,15 years and above,Persons,47.9,44.9,6.1
India,Haryana,"PLFS Year (Jul - Jun), 2022",Rural + Urban,All Ages,Male,54.8,51.3,6.4
India,Haryana,"PLFS Year (Jul - Jun), 2022",Rural + Urban,All Ages,Female,15.9,15.2,4.7
India,Haryana,"PLFS Year (Jul - Jun), 2022",Rural + Urban,All Ages,Persons,36.3,34.1,6.1
India,Himachal Pradesh,"PLFS Year (Jul - Jun), 2022",Rural,15-29 years,Male,67.7,60.4,10.8
India,Himachal Pradesh,"PLFS Year (Jul - Jun), 2022",Rural,15-29 years,Female,61.8,55.4,10.4
India,Himachal Pradesh,"PLFS Year (Jul - Jun), 2022",Rural,15-29 years,Persons,64.9,58,10.6
India,Himachal Pradesh,"PLFS Year (Jul - Jun), 2022",Rural,15-59 years,Male,86.9,83.4,4
India,Himachal Pradesh,"PLFS Year (Jul - Jun), 2022",Rural,15-59 years,Female,80,76.5,4.3
India,Himachal Pradesh,"PLFS Year (Jul - Jun), 2022",Rural,15-59 years,Persons,83.4,79.9,4.1
India,Himachal Pradesh,"PLFS Year (Jul - Jun), 2022",Rural,15 years and above,Male,83.8,81.1,3.3
India,Himachal Pradesh,"PLFS Year (Jul - Jun), 2022",Rural,15 years and above,Female,74.8,72,3.8
India,Himachal Pradesh,"PLFS Year (Jul - Jun), 2022",Rural,15 years and above,Persons,79.2,76.5,3.5
India,Himachal Pradesh,"PLFS Year (Jul - Jun), 2022",Rural,All Ages,Male,65.4,63.3,3.3
India,Himachal Pradesh,"PLFS Year (Jul - Jun), 2022",Rural,All Ages,Female,60.6,58.3,3.8
India,Himachal Pradesh,"PLFS Year (Jul - Jun), 2022",Rural,All Ages,Persons,63,60.8,3.5
India,Himachal Pradesh,"PLFS Year (Jul - Jun), 2022",Urban,15-29 years,Male,55.5,46.3,16.5
India,Himachal Pradesh,"PLFS Year (Jul - Jun), 2022",Urban,15-29 years,Female,36.5,17.8,51.2
India,Himachal Pradesh,"PLFS Year (Jul - Jun), 2022",Urban,15-29 years,Persons,45.2,30.8,31.7
India,Himachal Pradesh,"PLFS Year (Jul - Jun), 2022",Urban,15-59 years,Male,80.2,75.8,5.5
India,Himachal Pradesh,"PLFS Year (Jul - Jun), 2022",Urban,15-59 years,Female,47,32.4,31.1
India,Himachal Pradesh,"PLFS Year (Jul - Jun), 2022",Urban,15-59 years,Persons,63.6,54.1,15
India,Himachal Pradesh,"PLFS Year (Jul - Jun), 2022",Urban,15 years and above,Male,76.6,72.7,5.1
India,Himachal Pradesh,"PLFS Year (Jul - Jun), 2022",Urban,15 years and above,Female,40.7,28.5,29.9
India,Himachal Pradesh,"PLFS Year (Jul - Jun), 2022",Urban,15 years and above,Persons,58,49.8,14.1
India,Himachal Pradesh,"PLFS Year (Jul - Jun), 2022",Urban,All Ages,Male,58.5,54.8,6.3
India,Himachal Pradesh,"PLFS Year (Jul - Jun), 2022",Urban,All Ages,Female,33.8,23.5,30.6
India,Himachal Pradesh,"PLFS Year (Jul - Jun), 2022",Urban,All Ages,Persons,46.3,39.3,15.1
India,Himachal Pradesh,"PLFS Year (Jul - Jun), 2022",Rural + Urban,15-29 years,Male,66.4,58.8,11.4
India,Himachal Pradesh,"PLFS Year (Jul - Jun), 2022",Rural + Urban,15-29 years,Female,58.4,50.3,13.9
India,Himachal Pradesh,"PLFS Year (Jul - Jun), 2022",Rural + Urban,15-29 years,Persons,62.4,54.6,12.5
India,Himachal Pradesh,"PLFS Year (Jul - Jun), 2022",Rural + Urban,15-59 years,Male,86.2,82.6,4.1
India,Himachal Pradesh,"PLFS Year (Jul - Jun), 2022",Rural + Urban,15-59 years,Female,76.6,72,6
India,Himachal Pradesh,"PLFS Year (Jul - Jun), 2022",Rural + Urban,15-59 years,Persons,81.3,77.2,5
India,Himachal Pradesh,"PLFS Year (Jul - Jun), 2022",Rural + Urban,15 years and above,Male,83.1,80.3,3.4
India,Himachal Pradesh,"PLFS Year (Jul - Jun), 2022",Rural + Urban,15 years and above,Female,71.4,67.6,5.3
India,Himachal Pradesh,"PLFS Year (Jul - Jun), 2022",Rural + Urban,15 years and above,Persons,77.1,73.8,4.3
India,Himachal Pradesh,"PLFS Year (Jul - Jun), 2022",Rural + Urban,All Ages,Male,64.7,62.4,3.5
India,Himachal Pradesh,"PLFS Year (Jul - Jun), 2022",Rural + Urban,All Ages,Female,57.9,54.8,5.3
India,Himachal Pradesh,"PLFS Year (Jul - Jun), 2022",Rural + Urban,All Ages,Persons,61.3,58.6,4.4
India,Jammu and Kashmir,"PLFS Year (Jul - Jun), 2022",Rural,15-29 years,Male,56.7,51.5,9.1
India,Jammu and Kashmir,"PLFS Year (Jul - Jun), 2022",Rural,15-29 years,Female,42.1,36.3,14
India,Jammu and Kashmir,"PLFS Year (Jul - Jun), 2022",Rural,15-29 years,Persons,49.4,43.9,11.2
India,Jammu and Kashmir,"PLFS Year (Jul - Jun), 2022",Rural,15-59 years,Male,81.4,79.2,2.7
India,Jammu and Kashmir,"PLFS Year (Jul - Jun), 2022",Rural,15-59 years,Female,58.6,55.6,5.1
India,Jammu and Kashmir,"PLFS Year (Jul - Jun), 2022",Rural,15-59 years,Persons,70,67.4,3.7
India,Jammu and Kashmir,"PLFS Year (Jul - Jun), 2022",Rural,15 years and above,Male,77.5,75.6,2.4
India,Jammu and Kashmir,"PLFS Year (Jul - Jun), 2022",Rural,15 years and above,Female,55.1,52.5,4.7
India,Jammu and Kashmir,"PLFS Year (Jul - Jun), 2022",Rural,15 years and above,Persons,66.4,64.2,3.4
India,Jammu and Kashmir,"PLFS Year (Jul - Jun), 2022",Rural,All Ages,Male,56.2,54.8,2.4
India,Jammu and Kashmir,"PLFS Year (Jul - Jun), 2022",Rural,All Ages,Female,40.8,38.9,4.7
India,Jammu and Kashmir,"PLFS Year (Jul - Jun), 2022",Rural,All Ages,Persons,48.7,47,3.4
India,Jammu and Kashmir,"PLFS Year (Jul - Jun), 2022",Urban,15-29 years,Male,52.2,42.3,18.9
India,Jammu and Kashmir,"PLFS Year (Jul - Jun), 2022",Urban,15-29 years,Female,25.4,12.1,52.6
India,Jammu and Kashmir,"PLFS Year (Jul - Jun), 2022",Urban,15-29 years,Persons,39.7,28.2,29
India,Jammu and Kashmir,"PLFS Year (Jul - Jun), 2022",Urban,15-59 years,Male,79.4,74.7,5.9
India,Jammu and Kashmir,"PLFS Year (Jul - Jun), 2022",Urban,15-59 years,Female,31.4,23.8,24.2
India,Jammu and Kashmir,"PLFS Year (Jul - Jun), 2022",Urban,15-59 years,Persons,56.2,50.1,10.8
India,Jammu and Kashmir,"PLFS Year (Jul - Jun), 2022",Urban,15 years and above,Male,72.1,68.2,5.5
India,Jammu and Kashmir,"PLFS Year (Jul - Jun), 2022",Urban,15 years and above,Female,27.4,21,23.5
India,Jammu and Kashmir,"PLFS Year (Jul - Jun), 2022",Urban,15 years and above,Persons,50.5,45.4,10.2
India,Jammu and Kashmir,"PLFS Year (Jul - Jun), 2022",Urban,All Ages,Male,56.2,53.1,5.5
India,Jammu and Kashmir,"PLFS Year (Jul - Jun), 2022",Urban,All Ages,Female,22,16.8,23.5
India,Jammu and Kashmir,"PLFS Year (Jul - Jun), 2022",Urban,All Ages,Persons,39.9,35.9,10.2
India,Jammu and Kashmir,"PLFS Year (Jul - Jun), 2022",Rural + Urban,15-29 years,Male,55.9,49.9,10.7
India,Jammu and Kashmir,"PLFS Year (Jul - Jun), 2022",Rural + Urban,15-29 years,Female,39.5,32.4,18
India,Jammu and Kashmir,"PLFS Year (Jul - Jun), 2022",Rural + Urban,15-29 years,Persons,47.7,41.2,13.7
India,Jammu and Kashmir,"PLFS Year (Jul - Jun), 2022",Rural + Urban,15-59 years,Male,81.1,78.4,3.3
India,Jammu and Kashmir,"PLFS Year (Jul - Jun), 2022",Rural + Urban,15-59 years,Female,53.8,50,7
India,Jammu and Kashmir,"PLFS Year (Jul - Jun), 2022",Rural + Urban,15-59 years,Persons,67.6,64.3,4.8
India,Jammu and Kashmir,"PLFS Year (Jul - Jun), 2022",Rural + Urban,15 years and above,Male,76.5,74.2,3
India,Jammu and Kashmir,"PLFS Year (Jul - Jun), 2022",Rural + Urban,15 years and above,Female,50.2,46.9,6.5
India,Jammu and Kashmir,"PLFS Year (Jul - Jun), 2022",Rural + Urban,15 years and above,Persons,63.5,60.7,4.4
India,Jammu and Kashmir,"PLFS Year (Jul - Jun), 2022",Rural + Urban,All Ages,Male,56.2,54.5,3
India,Jammu and Kashmir,"PLFS Year (Jul - Jun), 2022",Rural + Urban,All Ages,Female,37.7,35.3,6.5
India,Jammu and Kashmir,"PLFS Year (Jul - Jun), 2022",Rural + Urban,All Ages,Persons,47.2,45.1,4.4
India,Jharkhand,"PLFS Year (Jul - Jun), 2022",Rural,15-29 years,Male,68.1,65.2,4.2
India,Jharkhand,"PLFS Year (Jul - Jun), 2022",Rural,15-29 years,Female,39.7,39.6,0.2
India,Jharkhand,"PLFS Year (Jul - Jun), 2022",Rural,15-29 years,Persons,53,51.6,2.6
India,Jharkhand,"PLFS Year (Jul - Jun), 2022",Rural,15-59 years,Male,84.5,83.1,1.7
India,Jharkhand,"PLFS Year (Jul - Jun), 2022",Rural,15-59 years,Female,56.7,56.6,0.1
India,Jharkhand,"PLFS Year (Jul - Jun), 2022",Rural,15-59 years,Persons,70.1,69.4,1
India,Jharkhand,"PLFS Year (Jul - Jun), 2022",Rural,15 years and above,Male,80.7,79.5,1.5
India,Jharkhand,"PLFS Year (Jul - Jun), 2022",Rural,15 years and above,Female,52.4,52.3,0.1
India,Jharkhand,"PLFS Year (Jul - Jun), 2022",Rural,15 years and above,Persons,66.2,65.6,0.9
India,Jharkhand,"PLFS Year (Jul - Jun), 2022",Rural,All Ages,Male,53.4,52.6,1.5
India,Jharkhand,"PLFS Year (Jul - Jun), 2022",Rural,All Ages,Female,35.9,35.8,0.1
India,Jharkhand,"PLFS Year (Jul - Jun), 2022",Rural,All Ages,Persons,44.6,44.1,0.9
India,Jharkhand,"PLFS Year (Jul - Jun), 2022",Urban,15-29 years,Male,49.8,40.4,19
India,Jharkhand,"PLFS Year (Jul - Jun), 2022",Urban,15-29 years,Female,12.4,9.5,23
India,Jharkhand,"PLFS Year (Jul - Jun), 2022",Urban,15-29 years,Persons,31.6,25.4,19.8
India,Jharkhand,"PLFS Year (Jul - Jun), 2022",Urban,15-59 years,Male,75.3,70.4,6.5
India,Jharkhand,"PLFS Year (Jul - Jun), 2022",Urban,15-59 years,Female,18.7,17.4,6.7
India,Jharkhand,"PLFS Year (Jul - Jun), 2022",Urban,15-59 years,Persons,47.3,44.2,6.6
India,Jharkhand,"PLFS Year (Jul - Jun), 2022",Urban,15 years and above,Male,70,65.6,6.2
India,Jharkhand,"PLFS Year (Jul - Jun), 2022",Urban,15 years and above,Female,16.8,15.7,6.6
India,Jharkhand,"PLFS Year (Jul - Jun), 2022",Urban,15 years and above,Persons,43.7,40.9,6.3
India,Jharkhand,"PLFS Year (Jul - Jun), 2022",Urban,All Ages,Male,51.4,48.2,6.2
India,Jharkhand,"PLFS Year (Jul - Jun), 2022",Urban,All Ages,Female,13.1,12.3,6.6
India,Jharkhand,"PLFS Year (Jul - Jun), 2022",Urban,All Ages,Persons,33.1,31,6.3
India,Jharkhand,"PLFS Year (Jul - Jun), 2022",Rural + Urban,15-29 years,Male,64.4,60.2,6.5
India,Jharkhand,"PLFS Year (Jul - Jun), 2022",Rural + Urban,15-29 years,Female,34.9,34.4,1.6
India,Jharkhand,"PLFS Year (Jul - Jun), 2022",Rural + Urban,15-29 years,Persons,49,46.7,4.7
India,Jharkhand,"PLFS Year (Jul - Jun), 2022",Rural + Urban,15-59 years,Male,82.7,80.5,2.6
India,Jharkhand,"PLFS Year (Jul - Jun), 2022",Rural + Urban,15-59 years,Female,49.5,49.3,0.6
India,Jharkhand,"PLFS Year (Jul - Jun), 2022",Rural + Urban,15-59 years,Persons,65.7,64.5,1.8
India,Jharkhand,"PLFS Year (Jul - Jun), 2022",Rural + Urban,15 years and above,Male,78.6,76.8,2.3
India,Jharkhand,"PLFS Year (Jul - Jun), 2022",Rural + Urban,15 years and above,Female,45.8,45.5,0.6
India,Jharkhand,"PLFS Year (Jul - Jun), 2022",Rural + Urban,15 years and above,Persons,61.9,60.9,1.7
India,Jharkhand,"PLFS Year (Jul - Jun), 2022",Rural + Urban,All Ages,Male,53,51.8,2.3
India,Jharkhand,"PLFS Year (Jul - Jun), 2022",Rural + Urban,All Ages,Female,32.1,31.9,0.6
India,Jharkhand,"PLFS Year (Jul - Jun), 2022",Rural + Urban,All Ages,Persons,42.6,41.9,1.7
India,Karnataka,"PLFS Year (Jul - Jun), 2022",Rural,15-29 years,Male,63.9,60.3,5.6
India,Karnataka,"PLFS Year (Jul - Jun), 2022",Rural,15-29 years,Female,23.7,22,7.3
India,Karnataka,"PLFS Year (Jul - Jun), 2022",Rural,15-29 years,Persons,45.2,42.5,6
India,Karnataka,"PLFS Year (Jul - Jun), 2022",Rural,15-59 years,Male,83.4,81.9,1.9
India,Karnataka,"PLFS Year (Jul - Jun), 2022",Rural,15-59 years,Female,48.6,47.9,1.3
India,Karnataka,"PLFS Year (Jul - Jun), 2022",Rural,15-59 years,Persons,66.2,65.1,1.7
India,Karnataka,"PLFS Year (Jul - Jun), 2022",Rural,15 years and above,Male,77.2,75.9,1.7
India,Karnataka,"PLFS Year (Jul - Jun), 2022",Rural,15 years and above,Female,42.5,42,1.3
India,Karnataka,"PLFS Year (Jul - Jun), 2022",Rural,15 years and above,Persons,59.9,59,1.5
India,Karnataka,"PLFS Year (Jul - Jun), 2022",Rural,All Ages,Male,59.7,58.7,1.7
India,Karnataka,"PLFS Year (Jul - Jun), 2022",Rural,All Ages,Female,33.3,32.9,1.3
India,Karnataka,"PLFS Year (Jul - Jun), 2022",Rural,All Ages,Persons,46.6,45.9,1.5
India,Karnataka,"PLFS Year (Jul - Jun), 2022",Urban,15-29 years,Male,56.3,49.7,11.8
India,Karnataka,"PLFS Year (Jul - Jun), 2022",Urban,15-29 years,Female,28.1,24,14.3
India,Karnataka,"PLFS Year (Jul - Jun), 2022",Urban,15-29 years,Persons,42.8,37.4,12.6
India,Karnataka,"PLFS Year (Jul - Jun), 2022",Urban,15-59 years,Male,79.1,76,3.9
India,Karnataka,"PLFS Year (Jul - Jun), 2022",Urban,15-59 years,Female,34.2,32.4,5.2
India,Karnataka,"PLFS Year (Jul - Jun), 2022",Urban,15-59 years,Persons,57.3,54.9,4.3
India,Karnataka,"PLFS Year (Jul - Jun), 2022",Urban,15 years and above,Male,72.6,69.8,3.8
India,Karnataka,"PLFS Year (Jul - Jun), 2022",Urban,15 years and above,Female,30.3,28.8,5.1
India,Karnataka,"PLFS Year (Jul - Jun), 2022",Urban,15 years and above,Persons,52,49.8,4.2
India,Karnataka,"PLFS Year (Jul - Jun), 2022",Urban,All Ages,Male,58.4,56.1,3.8
India,Karnataka,"PLFS Year (Jul - Jun), 2022",Urban,All Ages,Female,24.8,23.5,5.1
India,Karnataka,"PLFS Year (Jul - Jun), 2022",Urban,All Ages,Persons,42.2,40.4,4.2
India,Karnataka,"PLFS Year (Jul - Jun), 2022",Rural + Urban,15-29 years,Male,61,56.2,7.8
India,Karnataka,"PLFS Year (Jul - Jun), 2022",Rural + Urban,15-29 years,Female,25.4,22.8,10.4
India,Karnataka,"PLFS Year (Jul - Jun), 2022",Rural + Urban,15-29 years,Persons,44.3,40.5,8.5
India,Karnataka,"PLFS Year (Jul - Jun), 2022",Rural + Urban,15-59 years,Male,81.8,79.6,2.6
India,Karnataka,"PLFS Year (Jul - Jun), 2022",Rural + Urban,15-59 years,Female,43.2,42.1,2.5
India,Karnataka,"PLFS Year (Jul - Jun), 2022",Rural + Urban,15-59 years,Persons,62.9,61.2,2.6
India,Karnataka,"PLFS Year (Jul - Jun), 2022",Rural + Urban,15 years and above,Male,75.4,73.6,2.5
India,Karnataka,"PLFS Year (Jul - Jun), 2022",Rural + Urban,15 years and above,Female,38.1,37.2,2.4
India,Karnataka,"PLFS Year (Jul - Jun), 2022",Rural + Urban,15 years and above,Persons,57,55.6,2.4
India,Karnataka,"PLFS Year (Jul - Jun), 2022",Rural + Urban,All Ages,Male,59.2,57.7,2.5
India,Karnataka,"PLFS Year (Jul - Jun), 2022",Rural + Urban,All Ages,Female,30.3,29.5,2.4
India,Karnataka,"PLFS Year (Jul - Jun), 2022",Rural + Urban,All Ages,Persons,45,43.9,2.4
India,Kerala,"PLFS Year (Jul - Jun), 2022",Rural,15-29 years,Male,57.7,45.2,21.7
India,Kerala,"PLFS Year (Jul - Jun), 2022",Rural,15-29 years,Female,26.8,14.8,44.7
India,Kerala,"PLFS Year (Jul - Jun), 2022",Rural,15-29 years,Persons,41.6,29.4,29.4
India,Kerala,"PLFS Year (Jul - Jun), 2022",Rural,15-59 years,Male,82.5,77.7,5.8
India,Kerala,"PLFS Year (Jul - Jun), 2022",Rural,15-59 years,Female,45.8,40.7,11.1
India,Kerala,"PLFS Year (Jul - Jun), 2022",Rural,15-59 years,Persons,62.8,57.8,7.9
India,Kerala,"PLFS Year (Jul - Jun), 2022",Rural,15 years and above,Male,76.2,72.6,4.7
India,Kerala,"PLFS Year (Jul - Jun), 2022",Rural,15 years and above,Female,40.8,37,9.2
India,Kerala,"PLFS Year (Jul - Jun), 2022",Rural,15 years and above,Persons,57.1,53.4,6.5
India,Kerala,"PLFS Year (Jul - Jun), 2022",Rural,All Ages,Male,60.7,57.9,4.7
India,Kerala,"PLFS Year (Jul - Jun), 2022",Rural,All Ages,Female,34.1,30.9,9.2
India,Kerala,"PLFS Year (Jul - Jun), 2022",Rural,All Ages,Persons,46.6,43.6,6.5
India,Kerala,"PLFS Year (Jul - Jun), 2022",Urban,15-29 years,Male,50.5,40.8,19.3
India,Kerala,"PLFS Year (Jul - Jun), 2022",Urban,15-29 years,Female,28.4,16.2,42.8
India,Kerala,"PLFS Year (Jul - Jun), 2022",Urban,15-29 years,Persons,39.4,28.4,27.9
India,Kerala,"PLFS Year (Jul - Jun), 2022",Urban,15-59 years,Male,78.2,73.7,5.7
India,Kerala,"PLFS Year (Jul - Jun), 2022",Urban,15-59 years,Female,39.3,33.6,14.6
India,Kerala,"PLFS Year (Jul - Jun), 2022",Urban,15-59 years,Persons,57.4,52.2,9
India,Kerala,"PLFS Year (Jul - Jun), 2022",Urban,15 years and above,Male,70.8,67.5,4.8
India,Kerala,"PLFS Year (Jul - Jun), 2022",Urban,15 years and above,Female,33.6,29.3,12.9
India,Kerala,"PLFS Year (Jul - Jun), 2022",Urban,15 years and above,Persons,51.1,47.2,7.6
India,Kerala,"PLFS Year (Jul - Jun), 2022",Urban,All Ages,Male,56.2,53.5,4.8
India,Kerala,"PLFS Year (Jul - Jun), 2022",Urban,All Ages,Female,28,24.4,12.9
India,Kerala,"PLFS Year (Jul - Jun), 2022",Urban,All Ages,Persons,41.6,38.4,7.6
India,Kerala,"PLFS Year (Jul - Jun), 2022",Rural + Urban,15-29 years,Male,54.2,43,20.6
India,Kerala,"PLFS Year (Jul - Jun), 2022",Rural + Urban,15-29 years,Female,27.5,15.5,43.8
India,Kerala,"PLFS Year (Jul - Jun), 2022",Rural + Urban,15-29 years,Persons,40.6,28.9,28.7
India,Kerala,"PLFS Year (Jul - Jun), 2022",Rural + Urban,15-59 years,Male,80.5,75.8,5.8
India,Kerala,"PLFS Year (Jul - Jun), 2022",Rural + Urban,15-59 years,Female,42.8,37.4,12.6
India,Kerala,"PLFS Year (Jul - Jun), 2022",Rural + Urban,15-59 years,Persons,60.3,55.2,8.4
India,Kerala,"PLFS Year (Jul - Jun), 2022",Rural + Urban,15 years and above,Male,73.7,70.2,4.8
India,Kerala,"PLFS Year (Jul - Jun), 2022",Rural + Urban,15 years and above,Female,37.5,33.5,10.7
India,Kerala,"PLFS Year (Jul - Jun), 2022",Rural + Urban,15 years and above,Persons,54.3,50.5,7
India,Kerala,"PLFS Year (Jul - Jun), 2022",Rural + Urban,All Ages,Male,58.6,55.8,4.8
India,Kerala,"PLFS Year (Jul - Jun), 2022",Rural + Urban,All Ages,Female,31.3,27.9,10.7
India,Kerala,"PLFS Year (Jul - Jun), 2022",Rural + Urban,All Ages,Persons,44.3,41.2,7
India,Ladakh,"PLFS Year (Jul - Jun), 2022",Rural,15-29 years,Male,38,29.5,22.3
India,Ladakh,"PLFS Year (Jul - Jun), 2022",Rural,15-29 years,Female,28,18,35.8
India,Ladakh,"PLFS Year (Jul - Jun), 2022",Rural,15-29 years,Persons,33.8,24.7,27
India,Ladakh,"PLFS Year (Jul - Jun), 2022",Rural,15-59 years,Male,68.7,64.5,6.2
India,Ladakh,"PLFS Year (Jul - Jun), 2022",Rural,15-59 years,Female,62.3,58.4,6.4
India,Ladakh,"PLFS Year (Jul - Jun), 2022",Rural,15-59 years,Persons,65.7,61.6,6.3
India,Ladakh,"PLFS Year (Jul - Jun), 2022",Rural,15 years and above,Male,61.5,57.8,6
India,Ladakh,"PLFS Year (Jul - Jun), 2022",Rural,15 years and above,Female,60.5,57.2,5.4
India,Ladakh,"PLFS Year (Jul - Jun), 2022",Rural,15 years and above,Persons,61,57.5,5.7
India,Ladakh,"PLFS Year (Jul - Jun), 2022",Rural,All Ages,Male,46.4,43.6,6
India,Ladakh,"PLFS Year (Jul - Jun), 2022",Rural,All Ages,Female,47.2,44.7,5.4
India,Ladakh,"PLFS Year (Jul - Jun), 2022",Rural,All Ages,Persons,46.8,44.1,5.7
India,Ladakh,"PLFS Year (Jul - Jun), 2022",Urban,15-29 years,Male,57.7,42,27.1
India,Ladakh,"PLFS Year (Jul - Jun), 2022",Urban,15-29 years,Female,28.9,10.8,62.6
India,Ladakh,"PLFS Year (Jul - Jun), 2022",Urban,15-29 years,Persons,45.4,28.8,36.7
India,Ladakh,"PLFS Year (Jul - Jun), 2022",Urban,15-59 years,Male,79.5,72.2,9.2
India,Ladakh,"PLFS Year (Jul - Jun), 2022",Urban,15-59 years,Female,47.4,39.9,15.9
India,Ladakh,"PLFS Year (Jul - Jun), 2022",Urban,15-59 years,Persons,64.8,57.3,11.5
India,Ladakh,"PLFS Year (Jul - Jun), 2022",Urban,15 years and above,Male,69.2,63.1,8.8
India,Ladakh,"PLFS Year (Jul - Jun), 2022",Urban,15 years and above,Female,44.8,38.2,14.7
India,Ladakh,"PLFS Year (Jul - Jun), 2022",Urban,15 years and above,Persons,58.3,52,10.8
India,Ladakh,"PLFS Year (Jul - Jun), 2022",Urban,All Ages,Male,54.4,49.6,8.8
India,Ladakh,"PLFS Year (Jul - Jun), 2022",Urban,All Ages,Female,35.4,30.2,14.7
India,Ladakh,"PLFS Year (Jul - Jun), 2022",Urban,All Ages,Persons,45.9,40.9,10.8
India,Ladakh,"PLFS Year (Jul - Jun), 2022",Rural + Urban,15-29 years,Male,39.5,30.5,22.9
India,Ladakh,"PLFS Year (Jul - Jun), 2022",Rural + Urban,15-29 years,Female,28.1,17.4,38
India,Ladakh,"PLFS Year (Jul - Jun), 2022",Rural + Urban,15-29 years,Persons,34.7,25,28.1
India,Ladakh,"PLFS Year (Jul - Jun), 2022",Rural + Urban,15-59 years,Male,69.7,65.2,6.5
India,Ladakh,"PLFS Year (Jul - Jun), 2022",Rural + Urban,15-59 years,Female,61,56.7,7
India,Ladakh,"PLFS Year (Jul - Jun), 2022",Rural + Urban,15-59 years,Persons,65.6,61.2,6.7
India,Ladakh,"PLFS Year (Jul - Jun), 2022",Rural + Urban,15 years and above,Male,62.2,58.3,6.3
India,Ladakh,"PLFS Year (Jul - Jun), 2022",Rural + Urban,15 years and above,Female,59.1,55.6,6
India,Ladakh,"PLFS Year (Jul - Jun), 2022",Rural + Urban,15 years and above,Persons,60.7,57,6.1
India,Ladakh,"PLFS Year (Jul - Jun), 2022",Rural + Urban,All Ages,Male,47.1,44.2,6.3
India,Ladakh,"PLFS Year (Jul - Jun), 2022",Rural + Urban,All Ages,Female,46.2,43.4,6
India,Ladakh,"PLFS Year (Jul - Jun), 2022",Rural + Urban,All Ages,Persons,46.7,43.8,6.1
India,Lakshadweep,"PLFS Year (Jul - Jun), 2022",Rural,15-29 years,Male,47.9,37,22.8
India,Lakshadweep,"PLFS Year (Jul - Jun), 2022",Rural,15-29 years,Female,8.7,4.3,51.3
India,Lakshadweep,"PLFS Year (Jul - Jun), 2022",Rural,15-29 years,Persons,22.7,16,29.8
India,Lakshadweep,"PLFS Year (Jul - Jun), 2022",Rural,15-59 years,Male,86.5,83.7,3.2
India,Lakshadweep,"PLFS Year (Jul - Jun), 2022",Rural,15-59 years,Female,12.9,10.2,20.9
India,Lakshadweep,"PLFS Year (Jul - Jun), 2022",Rural,15-59 years,Persons,45.7,43,6
India,Lakshadweep,"PLFS Year (Jul - Jun), 2022",Rural,15 years and above,Male,81.2,78.8,3
India,Lakshadweep,"PLFS Year (Jul - Jun), 2022",Rural,15 years and above,Female,11.3,8.9,20.9
India,Lakshadweep,"PLFS Year (Jul - Jun), 2022",Rural,15 years and above,Persons,42.7,40.3,5.6
India,Lakshadweep,"PLFS Year (Jul - Jun), 2022",Rural,All Ages,Male,59.8,58,3
India,Lakshadweep,"PLFS Year (Jul - Jun), 2022",Rural,All Ages,Female,7.7,6.1,20.9
India,Lakshadweep,"PLFS Year (Jul - Jun), 2022",Rural,All Ages,Persons,30.2,28.5,5.6
India,Lakshadweep,"PLFS Year (Jul - Jun), 2022",Urban,15-29 years,Male,57.6,31.3,45.6
India,Lakshadweep,"PLFS Year (Jul - Jun), 2022",Urban,15-29 years,Female,23.1,14.1,38.9
India,Lakshadweep,"PLFS Year (Jul - Jun), 2022",Urban,15-29 years,Persons,39.8,22.4,43.6
India,Lakshadweep,"PLFS Year (Jul - Jun), 2022",Urban,15-59 years,Male,80,69.6,13
India,Lakshadweep,"PLFS Year (Jul - Jun), 2022",Urban,15-59 years,Female,22.1,19,14
India,Lakshadweep,"PLFS Year (Jul - Jun), 2022",Urban,15-59 years,Persons,46.6,40.4,13.3
India,Lakshadweep,"PLFS Year (Jul - Jun), 2022",Urban,15 years and above,Male,65.6,57.4,12.6
India,Lakshadweep,"PLFS Year (Jul - Jun), 2022",Urban,15 years and above,Female,19,16.5,13.3
India,Lakshadweep,"PLFS Year (Jul - Jun), 2022",Urban,15 years and above,Persons,39.1,34.1,12.8
India,Lakshadweep,"PLFS Year (Jul - Jun), 2022",Urban,All Ages,Male,49.1,42.9,12.6
India,Lakshadweep,"PLFS Year (Jul - Jun), 2022",Urban,All Ages,Female,15.3,13.3,13.3
India,Lakshadweep,"PLFS Year (Jul - Jun), 2022",Urban,All Ages,Persons,30.5,26.6,12.8
India,Lakshadweep,"PLFS Year (Jul - Jun), 2022",Rural + Urban,15-29 years,Male,55.8,32.4,42
India,Lakshadweep,"PLFS Year (Jul - Jun), 2022",Rural + Urban,15-29 years,Female,19.2,11.5,40.4
India,Lakshadweep,"PLFS Year (Jul - Jun), 2022",Rural + Urban,15-29 years,Persons,35.9,21,41.6
India,Lakshadweep,"PLFS Year (Jul - Jun), 2022",Rural + Urban,15-59 years,Male,81.6,73,10.5
India,Lakshadweep,"PLFS Year (Jul - Jun), 2022",Rural + Urban,15-59 years,Female,20,17,15
India,Lakshadweep,"PLFS Year (Jul - Jun), 2022",Rural + Urban,15-59 years,Persons,46.4,41,11.6
India,Lakshadweep,"PLFS Year (Jul - Jun), 2022",Rural + Urban,15 years and above,Male,69.2,62.3,10
India,Lakshadweep,"PLFS Year (Jul - Jun), 2022",Rural + Urban,15 years and above,Female,17.3,14.8,14.4
India,Lakshadweep,"PLFS Year (Jul - Jun), 2022",Rural + Urban,15 years and above,Persons,39.9,35.5,11.1
India,Lakshadweep,"PLFS Year (Jul - Jun), 2022",Rural + Urban,All Ages,Male,51.5,46.4,10
India,Lakshadweep,"PLFS Year (Jul - Jun), 2022",Rural + Urban,All Ages,Female,13.5,11.5,14.4
India,Lakshadweep,"PLFS Year (Jul - Jun), 2022",Rural + Urban,All Ages,Persons,30.5,27.1,11.1
India,Madhya Pradesh,"PLFS Year (Jul - Jun), 2022",Rural,15-29 years,Male,76.6,74.7,2.5
India,Madhya Pradesh,"PLFS Year (Jul - Jun), 2022",Rural,15-29 years,Female,34.4,33.7,2
India,Madhya Pradesh,"PLFS Year (Jul - Jun), 2022",Rural,15-29 years,Persons,56.6,55.2,2.3
India,Madhya Pradesh,"PLFS Year (Jul - Jun), 2022",Rural,15-59 years,Male,88.6,87.7,1
India,Madhya Pradesh,"PLFS Year (Jul - Jun), 2022",Rural,15-59 years,Female,55.9,55.6,0.5
India,Madhya Pradesh,"PLFS Year (Jul - Jun), 2022",Rural,15-59 years,Persons,72.9,72.3,0.8
India,Madhya Pradesh,"PLFS Year (Jul - Jun), 2022",Rural,15 years and above,Male,85.6,84.8,0.9
India,Madhya Pradesh,"PLFS Year (Jul - Jun), 2022",Rural,15 years and above,Female,52.3,52,0.5
India,Madhya Pradesh,"PLFS Year (Jul - Jun), 2022",Rural,15 years and above,Persons,69.5,69,0.8
India,Madhya Pradesh,"PLFS Year (Jul - Jun), 2022",Rural,All Ages,Male,63.3,62.7,0.9
India,Madhya Pradesh,"PLFS Year (Jul - Jun), 2022",Rural,All Ages,Female,38.9,38.7,0.5
India,Madhya Pradesh,"PLFS Year (Jul - Jun), 2022",Rural,All Ages,Persons,51.5,51.1,0.8
India,Madhya Pradesh,"PLFS Year (Jul - Jun), 2022",Urban,15-29 years,Male,62.1,54.6,12.1
India,Madhya Pradesh,"PLFS Year (Jul - Jun), 2022",Urban,15-29 years,Female,14,11.5,17.6
India,Madhya Pradesh,"PLFS Year (Jul - Jun), 2022",Urban,15-29 years,Persons,39.1,34,13.1
India,Madhya Pradesh,"PLFS Year (Jul - Jun), 2022",Urban,15-59 years,Male,81.7,77.8,4.8
India,Madhya Pradesh,"PLFS Year (Jul - Jun), 2022",Urban,15-59 years,Female,23.5,22.1,6.1
India,Madhya Pradesh,"PLFS Year (Jul - Jun), 2022",Urban,15-59 years,Persons,53.2,50.5,5.1
India,Madhya Pradesh,"PLFS Year (Jul - Jun), 2022",Urban,15 years and above,Male,77.1,73.6,4.5
India,Madhya Pradesh,"PLFS Year (Jul - Jun), 2022",Urban,15 years and above,Female,21.8,20.6,5.8
India,Madhya Pradesh,"PLFS Year (Jul - Jun), 2022",Urban,15 years and above,Persons,50,47.6,4.8
India,Madhya Pradesh,"PLFS Year (Jul - Jun), 2022",Urban,All Ages,Male,59.4,56.7,4.5
India,Madhya Pradesh,"PLFS Year (Jul - Jun), 2022",Urban,All Ages,Female,17.1,16.2,5.8
India,Madhya Pradesh,"PLFS Year (Jul - Jun), 2022",Urban,All Ages,Persons,38.9,37,4.8
India,Madhya Pradesh,"PLFS Year (Jul - Jun), 2022",Rural + Urban,15-29 years,Male,72.9,69.6,4.6
India,Madhya Pradesh,"PLFS Year (Jul - Jun), 2022",Rural + Urban,15-29 years,Female,29.2,28,3.9
India,Madhya Pradesh,"PLFS Year (Jul - Jun), 2022",Rural + Urban,15-29 years,Persons,52.1,49.8,4.4
India,Madhya Pradesh,"PLFS Year (Jul - Jun), 2022",Rural + Urban,15-59 years,Male,86.8,85.2,1.9
India,Madhya Pradesh,"PLFS Year (Jul - Jun), 2022",Rural + Urban,15-59 years,Female,47.5,46.9,1.3
India,Madhya Pradesh,"PLFS Year (Jul - Jun), 2022",Rural + Urban,15-59 years,Persons,67.8,66.6,1.7
India,Madhya Pradesh,"PLFS Year (Jul - Jun), 2022",Rural + Urban,15 years and above,Male,83.4,81.9,1.8
India,Madhya Pradesh,"PLFS Year (Jul - Jun), 2022",Rural + Urban,15 years and above,Female,44.3,43.8,1.2
India,Madhya Pradesh,"PLFS Year (Jul - Jun), 2022",Rural + Urban,15 years and above,Persons,64.5,63.4,1.6
India,Madhya Pradesh,"PLFS Year (Jul - Jun), 2022",Rural + Urban,All Ages,Male,62.3,61.2,1.8
India,Madhya Pradesh,"PLFS Year (Jul - Jun), 2022",Rural + Urban,All Ages,Female,33.4,33,1.2
India,Madhya Pradesh,"PLFS Year (Jul - Jun), 2022",Rural + Urban,All Ages,Persons,48.4,47.6,1.6
India,Maharashtra,"PLFS Year (Jul - Jun), 2022",Rural,15-29 years,Male,59.6,52.6,11.7
India,Maharashtra,"PLFS Year (Jul - Jun), 2022",Rural,15-29 years,Female,28.6,27.4,4.2
India,Maharashtra,"PLFS Year (Jul - Jun), 2022",Rural,15-29 years,Persons,45.1,40.8,9.5
India,Maharashtra,"PLFS Year (Jul - Jun), 2022",Rural,15-59 years,Male,82.6,79.6,3.5
India,Maharashtra,"PLFS Year (Jul - Jun), 2022",Rural,15-59 years,Female,55.6,55.1,0.8
India,Maharashtra,"PLFS Year (Jul - Jun), 2022",Rural,15-59 years,Persons,69.3,67.6,2.5
India,Maharashtra,"PLFS Year (Jul - Jun), 2022",Rural,15 years and above,Male,78.5,76.1,3.1
India,Maharashtra,"PLFS Year (Jul - Jun), 2022",Rural,15 years and above,Female,50.2,49.8,0.7
India,Maharashtra,"PLFS Year (Jul - Jun), 2022",Rural,15 years and above,Persons,64.6,63.2,2.2
India,Maharashtra,"PLFS Year (Jul - Jun), 2022",Rural,All Ages,Male,61.1,59.3,3.1
India,Maharashtra,"PLFS Year (Jul - Jun), 2022",Rural,All Ages,Female,39.1,38.8,0.7
India,Maharashtra,"PLFS Year (Jul - Jun), 2022",Rural,All Ages,Persons,50.3,49.2,2.2
India,Maharashtra,"PLFS Year (Jul - Jun), 2022",Urban,15-29 years,Male,60.6,53.6,11.5
India,Maharashtra,"PLFS Year (Jul - Jun), 2022",Urban,15-29 years,Female,24,19.9,16.7
India,Maharashtra,"PLFS Year (Jul - Jun), 2022",Urban,15-29 years,Persons,43.6,38,12.8
India,Maharashtra,"PLFS Year (Jul - Jun), 2022",Urban,15-59 years,Male,82.3,78.8,4.3
India,Maharashtra,"PLFS Year (Jul - Jun), 2022",Urban,15-59 years,Female,30.9,28.8,6.5
India,Maharashtra,"PLFS Year (Jul - Jun), 2022",Urban,15-59 years,Persons,57.5,54.7,4.9
India,Maharashtra,"PLFS Year (Jul - Jun), 2022",Urban,15 years and above,Male,75.9,72.8,4
India,Maharashtra,"PLFS Year (Jul - Jun), 2022",Urban,15 years and above,Female,27.6,25.9,6.2
India,Maharashtra,"PLFS Year (Jul - Jun), 2022",Urban,15 years and above,Persons,52.4,50,4.6
India,Maharashtra,"PLFS Year (Jul - Jun), 2022",Urban,All Ages,Male,60.2,57.8,4
India,Maharashtra,"PLFS Year (Jul - Jun), 2022",Urban,All Ages,Female,22.1,20.7,6.2
India,Maharashtra,"PLFS Year (Jul - Jun), 2022",Urban,All Ages,Persons,41.7,39.8,4.6
India,Maharashtra,"PLFS Year (Jul - Jun), 2022",Rural + Urban,15-29 years,Male,60,53.1,11.6
India,Maharashtra,"PLFS Year (Jul - Jun), 2022",Rural + Urban,15-29 years,Female,26.6,24.2,9.1
India,Maharashtra,"PLFS Year (Jul - Jun), 2022",Rural + Urban,15-29 years,Persons,44.4,39.6,10.9
India,Maharashtra,"PLFS Year (Jul - Jun), 2022",Rural + Urban,15-59 years,Male,82.4,79.3,3.9
India,Maharashtra,"PLFS Year (Jul - Jun), 2022",Rural + Urban,15-59 years,Female,44.9,43.8,2.5
India,Maharashtra,"PLFS Year (Jul - Jun), 2022",Rural + Urban,15-59 years,Persons,64.2,62,3.4
India,Maharashtra,"PLFS Year (Jul - Jun), 2022",Rural + Urban,15 years and above,Male,77.4,74.7,3.5
India,Maharashtra,"PLFS Year (Jul - Jun), 2022",Rural + Urban,15 years and above,Female,40.7,39.8,2.3
India,Maharashtra,"PLFS Year (Jul - Jun), 2022",Rural + Urban,15 years and above,Persons,59.4,57.6,3.1
India,Maharashtra,"PLFS Year (Jul - Jun), 2022",Rural + Urban,All Ages,Male,60.7,58.6,3.5
India,Maharashtra,"PLFS Year (Jul - Jun), 2022",Rural + Urban,All Ages,Female,32,31.3,2.3
India,Maharashtra,"PLFS Year (Jul - Jun), 2022",Rural + Urban,All Ages,Persons,46.7,45.3,3.1
India,Manipur,"PLFS Year (Jul - Jun), 2022",Rural,15-29 years,Male,48,39.5,17.6
India,Manipur,"PLFS Year (Jul - Jun), 2022",Rural,15-29 years,Female,19.3,15,22.3
India,Manipur,"PLFS Year (Jul - Jun), 2022",Rural,15-29 years,Persons,33.7,27.3,18.9
India,Manipur,"PLFS Year (Jul - Jun), 2022",Rural,15-59 years,Male,78.2,74.6,4.7
India,Manipur,"PLFS Year (Jul - Jun), 2022",Rural,15-59 years,Female,32.7,31,5.2
India,Manipur,"PLFS Year (Jul - Jun), 2022",Rural,15-59 years,Persons,55.5,52.8,4.8
India,Manipur,"PLFS Year (Jul - Jun), 2022",Rural,15 years and above,Male,72.4,69.3,4.3
India,Manipur,"PLFS Year (Jul - Jun), 2022",Rural,15 years and above,Female,30.2,28.7,4.9
India,Manipur,"PLFS Year (Jul - Jun), 2022",Rural,15 years and above,Persons,51.5,49.1,4.5
India,Manipur,"PLFS Year (Jul - Jun), 2022",Rural,All Ages,Male,52.7,50.5,4.3
India,Manipur,"PLFS Year (Jul - Jun), 2022",Rural,All Ages,Female,21.3,20.3,4.9
India,Manipur,"PLFS Year (Jul - Jun), 2022",Rural,All Ages,Persons,36.9,35.3,4.5
India,Manipur,"PLFS Year (Jul - Jun), 2022",Urban,15-29 years,Male,37.5,28.9,22.8
India,Manipur,"PLFS Year (Jul - Jun), 2022",Urban,15-29 years,Female,21,16.5,21.2
India,Manipur,"PLFS Year (Jul - Jun), 2022",Urban,15-29 years,Persons,30.3,23.5,22.3
India,Manipur,"PLFS Year (Jul - Jun), 2022",Urban,15-59 years,Male,72.3,67.7,6.5
India,Manipur,"PLFS Year (Jul - Jun), 2022",Urban,15-59 years,Female,39.1,37.6,3.8
India,Manipur,"PLFS Year (Jul - Jun), 2022",Urban,15-59 years,Persons,56.2,53,5.6
India,Manipur,"PLFS Year (Jul - Jun), 2022",Urban,15 years and above,Male,66.2,62.1,6.2
India,Manipur,"PLFS Year (Jul - Jun), 2022",Urban,15 years and above,Female,34.2,33,3.6
India,Manipur,"PLFS Year (Jul - Jun), 2022",Urban,15 years and above,Persons,50.3,47.7,5.3
India,Manipur,"PLFS Year (Jul - Jun), 2022",Urban,All Ages,Male,51.1,47.9,6.2
India,Manipur,"PLFS Year (Jul - Jun), 2022",Urban,All Ages,Female,25.5,24.6,3.6
India,Manipur,"PLFS Year (Jul - Jun), 2022",Urban,All Ages,Persons,38.1,36.1,5.3
India,Manipur,"PLFS Year (Jul - Jun), 2022",Rural + Urban,15-29 years,Male,45,36.5,18.8
India,Manipur,"PLFS Year (Jul - Jun), 2022",Rural + Urban,15-29 years,Female,19.7,15.3,22
India,Manipur,"PLFS Year (Jul - Jun), 2022",Rural + Urban,15-29 years,Persons,32.8,26.3,19.7
India,Manipur,"PLFS Year (Jul - Jun), 2022",Rural + Urban,15-59 years,Male,76.5,72.6,5.2
India,Manipur,"PLFS Year (Jul - Jun), 2022",Rural + Urban,15-59 years,Female,34.5,32.9,4.7
India,Manipur,"PLFS Year (Jul - Jun), 2022",Rural + Urban,15-59 years,Persons,55.7,52.9,5
India,Manipur,"PLFS Year (Jul - Jun), 2022",Rural + Urban,15 years and above,Male,70.6,67.2,4.8
India,Manipur,"PLFS Year (Jul - Jun), 2022",Rural + Urban,15 years and above,Female,31.3,29.9,4.5
India,Manipur,"PLFS Year (Jul - Jun), 2022",Rural + Urban,15 years and above,Persons,51.1,48.7,4.7
India,Manipur,"PLFS Year (Jul - Jun), 2022",Rural + Urban,All Ages,Male,52.3,49.8,4.8
India,Manipur,"PLFS Year (Jul - Jun), 2022",Rural + Urban,All Ages,Female,22.5,21.5,4.5
India,Manipur,"PLFS Year (Jul - Jun), 2022",Rural + Urban,All Ages,Persons,37.3,35.5,4.7
India,Meghalaya,"PLFS Year (Jul - Jun), 2022",Rural,15-29 years,Male,59,52.7,10.6
India,Meghalaya,"PLFS Year (Jul - Jun), 2022",Rural,15-29 years,Female,47.7,37.8,20.8
India,Meghalaya,"PLFS Year (Jul - Jun), 2022",Rural,15-29 years,Persons,53.2,45,15.3
India,Meghalaya,"PLFS Year (Jul - Jun), 2022",Rural,15-59 years,Male,82.1,79.1,3.6
India,Meghalaya,"PLFS Year (Jul - Jun), 2022",Rural,15-59 years,Female,67.4,62.8,6.9
India,Meghalaya,"PLFS Year (Jul - Jun), 2022",Rural,15-59 years,Persons,74.8,71,5.1
India,Meghalaya,"PLFS Year (Jul - Jun), 2022",Rural,15 years and above,Male,81.4,78.5,3.5
India,Meghalaya,"PLFS Year (Jul - Jun), 2022",Rural,15 years and above,Female,66,61.6,6.7
India,Meghalaya,"PLFS Year (Jul - Jun), 2022",Rural,15 years and above,Persons,73.6,69.9,5
India,Meghalaya,"PLFS Year (Jul - Jun), 2022",Rural,All Ages,Male,49.2,47.4,3.5
India,Meghalaya,"PLFS Year (Jul - Jun), 2022",Rural,All Ages,Female,39.6,37,6.7
India,Meghalaya,"PLFS Year (Jul - Jun), 2022",Rural,All Ages,Persons,44.3,42.1,5
India,Meghalaya,"PLFS Year (Jul - Jun), 2022",Urban,15-29 years,Male,47.9,34.9,27.2
India,Meghalaya,"PLFS Year (Jul - Jun), 2022",Urban,15-29 years,Female,33.1,19.5,41.2
India,Meghalaya,"PLFS Year (Jul - Jun), 2022",Urban,15-29 years,Persons,39.7,26.3,33.7
India,Meghalaya,"PLFS Year (Jul - Jun), 2022",Urban,15-59 years,Male,73.9,67.5,8.6
India,Meghalaya,"PLFS Year (Jul - Jun), 2022",Urban,15-59 years,Female,43.9,35.9,18.3
India,Meghalaya,"PLFS Year (Jul - Jun), 2022",Urban,15-59 years,Persons,57.4,50.1,12.7
India,Meghalaya,"PLFS Year (Jul - Jun), 2022",Urban,15 years and above,Male,71.1,65.3,8.2
India,Meghalaya,"PLFS Year (Jul - Jun), 2022",Urban,15 years and above,Female,40.3,33.1,18
India,Meghalaya,"PLFS Year (Jul - Jun), 2022",Urban,15 years and above,Persons,54.1,47.5,12.3
India,Meghalaya,"PLFS Year (Jul - Jun), 2022",Urban,All Ages,Male,51.2,47,8.2
India,Meghalaya,"PLFS Year (Jul - Jun), 2022",Urban,All Ages,Female,31.6,25.9,18
India,Meghalaya,"PLFS Year (Jul - Jun), 2022",Urban,All Ages,Persons,40.8,35.8,12.3
India,Meghalaya,"PLFS Year (Jul - Jun), 2022",Rural + Urban,15-29 years,Male,57.1,49.7,13
India,Meghalaya,"PLFS Year (Jul - Jun), 2022",Rural + Urban,15-29 years,Female,44.9,34.2,23.8
India,Meghalaya,"PLFS Year (Jul - Jun), 2022",Rural + Urban,15-29 years,Persons,50.7,41.6,18
India,Meghalaya,"PLFS Year (Jul - Jun), 2022",Rural + Urban,15-59 years,Male,80.8,77.3,4.4
India,Meghalaya,"PLFS Year (Jul - Jun), 2022",Rural + Urban,15-59 years,Female,63,57.7,8.4
India,Meghalaya,"PLFS Year (Jul - Jun), 2022",Rural + Urban,15-59 years,Persons,71.7,67.3,6.2
India,Meghalaya,"PLFS Year (Jul - Jun), 2022",Rural + Urban,15 years and above,Male,79.6,76.3,4.3
India,Meghalaya,"PLFS Year (Jul - Jun), 2022",Rural + Urban,15 years and above,Female,60.9,56,8.2
India,Meghalaya,"PLFS Year (Jul - Jun), 2022",Rural + Urban,15 years and above,Persons,70,65.8,6
India,Meghalaya,"PLFS Year (Jul - Jun), 2022",Rural + Urban,All Ages,Male,49.5,47.4,4.2
India,Meghalaya,"PLFS Year (Jul - Jun), 2022",Rural + Urban,All Ages,Female,38.4,35.2,8.2
India,Meghalaya,"PLFS Year (Jul - Jun), 2022",Rural + Urban,All Ages,Persons,43.8,41.2,6
India,Mizoram,"PLFS Year (Jul - Jun), 2022",Rural,15-29 years,Male,34,32.7,3.9
India,Mizoram,"PLFS Year (Jul - Jun), 2022",Rural,15-29 years,Female,26.8,24.2,9.9
India,Mizoram,"PLFS Year (Jul - Jun), 2022",Rural,15-29 years,Persons,31.1,29.2,6
India,Mizoram,"PLFS Year (Jul - Jun), 2022",Rural,15-59 years,Male,74.3,73.5,1
India,Mizoram,"PLFS Year (Jul - Jun), 2022",Rural,15-59 years,Female,52.3,51.5,1.5
India,Mizoram,"PLFS Year (Jul - Jun), 2022",Rural,15-59 years,Persons,63.9,63.1,1.2
India,Mizoram,"PLFS Year (Jul - Jun), 2022",Rural,15 years and above,Male,68.7,68,1
India,Mizoram,"PLFS Year (Jul - Jun), 2022",Rural,15 years and above,Female,48,47.3,1.5
India,Mizoram,"PLFS Year (Jul - Jun), 2022",Rural,15 years and above,Persons,58.9,58.2,1.2
India,Mizoram,"PLFS Year (Jul - Jun), 2022",Rural,All Ages,Male,51.6,51.1,1
India,Mizoram,"PLFS Year (Jul - Jun), 2022",Rural,All Ages,Female,34.3,33.8,1.5
India,Mizoram,"PLFS Year (Jul - Jun), 2022",Rural,All Ages,Persons,43.1,42.6,1.2
India,Mizoram,"PLFS Year (Jul - Jun), 2022",Urban,15-29 years,Male,27.2,22.5,17.1
India,Mizoram,"PLFS Year (Jul - Jun), 2022",Urban,15-29 years,Female,23.6,18.1,23.4
India,Mizoram,"PLFS Year (Jul - Jun), 2022",Urban,15-29 years,Persons,25.5,20.4,20
India,Mizoram,"PLFS Year (Jul - Jun), 2022",Urban,15-59 years,Male,73,71,2.7
India,Mizoram,"PLFS Year (Jul - Jun), 2022",Urban,15-59 years,Female,46.4,44.1,5.1
India,Mizoram,"PLFS Year (Jul - Jun), 2022",Urban,15-59 years,Persons,59.6,57.4,3.7
India,Mizoram,"PLFS Year (Jul - Jun), 2022",Urban,15 years and above,Male,65.3,63.6,2.6
India,Mizoram,"PLFS Year (Jul - Jun), 2022",Urban,15 years and above,Female,42.1,40,4.9
India,Mizoram,"PLFS Year (Jul - Jun), 2022",Urban,15 years and above,Persons,53.6,51.8,3.5
India,Mizoram,"PLFS Year (Jul - Jun), 2022",Urban,All Ages,Male,49.3,48,2.6
India,Mizoram,"PLFS Year (Jul - Jun), 2022",Urban,All Ages,Female,30.9,29.4,4.9
India,Mizoram,"PLFS Year (Jul - Jun), 2022",Urban,All Ages,Persons,39.9,38.5,3.5
India,Mizoram,"PLFS Year (Jul - Jun), 2022",Rural + Urban,15-29 years,Male,31.1,28.3,8.9
India,Mizoram,"PLFS Year (Jul - Jun), 2022",Rural + Urban,15-29 years,Female,25.2,21.1,16.4
India,Mizoram,"PLFS Year (Jul - Jun), 2022",Rural + Urban,15-29 years,Persons,28.4,25.1,11.9
India,Mizoram,"PLFS Year (Jul - Jun), 2022",Rural + Urban,15-59 years,Male,73.7,72.4,1.8
India,Mizoram,"PLFS Year (Jul - Jun), 2022",Rural + Urban,15-59 years,Female,49.5,47.9,3.1
India,Mizoram,"PLFS Year (Jul - Jun), 2022",Rural + Urban,15-59 years,Persons,61.9,60.5,2.3
India,Mizoram,"PLFS Year (Jul - Jun), 2022",Rural + Urban,15 years and above,Male,67.2,66,1.7
India,Mizoram,"PLFS Year (Jul - Jun), 2022",Rural + Urban,15 years and above,Female,45.1,43.8,3
India,Mizoram,"PLFS Year (Jul - Jun), 2022",Rural + Urban,15 years and above,Persons,56.4,55.2,2.2
India,Mizoram,"PLFS Year (Jul - Jun), 2022",Rural + Urban,All Ages,Male,50.6,49.7,1.7
India,Mizoram,"PLFS Year (Jul - Jun), 2022",Rural + Urban,All Ages,Female,32.7,31.7,3
India,Mizoram,"PLFS Year (Jul - Jun), 2022",Rural + Urban,All Ages,Persons,41.7,40.7,2.2
India,Nagaland,"PLFS Year (Jul - Jun), 2022",Rural,15-29 years,Male,56.8,48,15.4
India,Nagaland,"PLFS Year (Jul - Jun), 2022",Rural,15-29 years,Female,46.4,41.9,9.9
India,Nagaland,"PLFS Year (Jul - Jun), 2022",Rural,15-29 years,Persons,51.9,45.1,13.1
India,Nagaland,"PLFS Year (Jul - Jun), 2022",Rural,15-59 years,Male,84.4,81.1,3.9
India,Nagaland,"PLFS Year (Jul - Jun), 2022",Rural,15-59 years,Female,71.8,70.3,2.2
India,Nagaland,"PLFS Year (Jul - Jun), 2022",Rural,15-59 years,Persons,78.3,75.8,3.2
India,Nagaland,"PLFS Year (Jul - Jun), 2022",Rural,15 years and above,Male,82.3,79.3,3.6
India,Nagaland,"PLFS Year (Jul - Jun), 2022",Rural,15 years and above,Female,71.1,69.6,2
India,Nagaland,"PLFS Year (Jul - Jun), 2022",Rural,15 years and above,Persons,76.9,74.7,2.9
India,Nagaland,"PLFS Year (Jul - Jun), 2022",Rural,All Ages,Male,56.5,54.4,3.6
India,Nagaland,"PLFS Year (Jul - Jun), 2022",Rural,All Ages,Female,42.1,41.2,2
India,Nagaland,"PLFS Year (Jul - Jun), 2022",Rural,All Ages,Persons,49.1,47.6,2.9
India,Nagaland,"PLFS Year (Jul - Jun), 2022",Urban,15-29 years,Male,40.6,24.9,38.7
India,Nagaland,"PLFS Year (Jul - Jun), 2022",Urban,15-29 years,Female,35.7,24.2,32.2
India,Nagaland,"PLFS Year (Jul - Jun), 2022",Urban,15-29 years,Persons,38.2,24.5,35.7
India,Nagaland,"PLFS Year (Jul - Jun), 2022",Urban,15-59 years,Male,76.2,69.4,8.9
India,Nagaland,"PLFS Year (Jul - Jun), 2022",Urban,15-59 years,Female,51.7,47,9.2
India,Nagaland,"PLFS Year (Jul - Jun), 2022",Urban,15-59 years,Persons,64.2,58.4,9
India,Nagaland,"PLFS Year (Jul - Jun), 2022",Urban,15 years and above,Male,71.6,65.5,8.5
India,Nagaland,"PLFS Year (Jul - Jun), 2022",Urban,15 years and above,Female,50.2,45.8,8.7
India,Nagaland,"PLFS Year (Jul - Jun), 2022",Urban,15 years and above,Persons,61.2,56,8.6
India,Nagaland,"PLFS Year (Jul - Jun), 2022",Urban,All Ages,Male,54.1,49.5,8.5
India,Nagaland,"PLFS Year (Jul - Jun), 2022",Urban,All Ages,Female,34.7,31.7,8.7
India,Nagaland,"PLFS Year (Jul - Jun), 2022",Urban,All Ages,Persons,44.3,40.5,8.6
India,Nagaland,"PLFS Year (Jul - Jun), 2022",Rural + Urban,15-29 years,Male,52,41.2,20.8
India,Nagaland,"PLFS Year (Jul - Jun), 2022",Rural + Urban,15-29 years,Female,43.1,36.4,15.6
India,Nagaland,"PLFS Year (Jul - Jun), 2022",Rural + Urban,15-29 years,Persons,47.8,38.9,18.5
India,Nagaland,"PLFS Year (Jul - Jun), 2022",Rural + Urban,15-59 years,Male,82.1,77.8,5.2
India,Nagaland,"PLFS Year (Jul - Jun), 2022",Rural + Urban,15-59 years,Female,66.2,63.7,3.8
India,Nagaland,"PLFS Year (Jul - Jun), 2022",Rural + Urban,15-59 years,Persons,74.4,70.9,4.6
India,Nagaland,"PLFS Year (Jul - Jun), 2022",Rural + Urban,15 years and above,Male,79.3,75.4,4.9
India,Nagaland,"PLFS Year (Jul - Jun), 2022",Rural + Urban,15 years and above,Female,65.2,62.9,3.5
India,Nagaland,"PLFS Year (Jul - Jun), 2022",Rural + Urban,15 years and above,Persons,72.5,69.4,4.3
India,Nagaland,"PLFS Year (Jul - Jun), 2022",Rural + Urban,All Ages,Male,55.9,53.2,4.9
India,Nagaland,"PLFS Year (Jul - Jun), 2022",Rural + Urban,All Ages,Female,40.2,38.8,3.5
India,Nagaland,"PLFS Year (Jul - Jun), 2022",Rural + Urban,All Ages,Persons,47.8,45.8,4.3
India,Odisha,"PLFS Year (Jul - Jun), 2022",Rural,15-29 years,Male,64,53.6,16.3
India,Odisha,"PLFS Year (Jul - Jun), 2022",Rural,15-29 years,Female,38.5,35.7,7
India,Odisha,"PLFS Year (Jul - Jun), 2022",Rural,15-29 years,Persons,50.8,44.4,12.7
India,Odisha,"PLFS Year (Jul - Jun), 2022",Rural,15-59 years,Male,85.5,81.2,5.1
India,Odisha,"PLFS Year (Jul - Jun), 2022",Rural,15-59 years,Female,52.5,51.4,2.2
India,Odisha,"PLFS Year (Jul - Jun), 2022",Rural,15-59 years,Persons,68.5,65.8,3.9
India,Odisha,"PLFS Year (Jul - Jun), 2022",Rural,15 years and above,Male,79.1,75.5,4.5
India,Odisha,"PLFS Year (Jul - Jun), 2022",Rural,15 years and above,Female,47.5,46.5,2
India,Odisha,"PLFS Year (Jul - Jun), 2022",Rural,15 years and above,Persons,63,60.7,3.6
India,Odisha,"PLFS Year (Jul - Jun), 2022",Rural,All Ages,Male,58.7,56,4.5
India,Odisha,"PLFS Year (Jul - Jun), 2022",Rural,All Ages,Female,35.9,35.2,2
India,Odisha,"PLFS Year (Jul - Jun), 2022",Rural,All Ages,Persons,47.2,45.5,3.6
India,Odisha,"PLFS Year (Jul - Jun), 2022",Urban,15-29 years,Male,53.5,42.3,20.8
India,Odisha,"PLFS Year (Jul - Jun), 2022",Urban,15-29 years,Female,21.9,16.6,24.5
India,Odisha,"PLFS Year (Jul - Jun), 2022",Urban,15-29 years,Persons,38.8,30.4,21.8
India,Odisha,"PLFS Year (Jul - Jun), 2022",Urban,15-59 years,Male,80,74.8,6.5
India,Odisha,"PLFS Year (Jul - Jun), 2022",Urban,15-59 years,Female,30.8,28.6,7.1
India,Odisha,"PLFS Year (Jul - Jun), 2022",Urban,15-59 years,Persons,56.2,52.5,6.6
India,Odisha,"PLFS Year (Jul - Jun), 2022",Urban,15 years and above,Male,73.2,68.8,6
India,Odisha,"PLFS Year (Jul - Jun), 2022",Urban,15 years and above,Female,27.8,25.9,6.8
India,Odisha,"PLFS Year (Jul - Jun), 2022",Urban,15 years and above,Persons,51.5,48.3,6.2
India,Odisha,"PLFS Year (Jul - Jun), 2022",Urban,All Ages,Male,57.6,54.2,6
India,Odisha,"PLFS Year (Jul - Jun), 2022",Urban,All Ages,Female,21.8,20.4,6.8
India,Odisha,"PLFS Year (Jul - Jun), 2022",Urban,All Ages,Persons,40.5,38,6.2
India,Odisha,"PLFS Year (Jul - Jun), 2022",Rural + Urban,15-29 years,Male,62.2,51.7,16.9
India,Odisha,"PLFS Year (Jul - Jun), 2022",Rural + Urban,15-29 years,Female,36.1,33,8.6
India,Odisha,"PLFS Year (Jul - Jun), 2022",Rural + Urban,15-29 years,Persons,48.9,42.2,13.8
India,Odisha,"PLFS Year (Jul - Jun), 2022",Rural + Urban,15-59 years,Male,84.6,80.1,5.3
India,Odisha,"PLFS Year (Jul - Jun), 2022",Rural + Urban,15-59 years,Female,49.4,48.1,2.6
India,Odisha,"PLFS Year (Jul - Jun), 2022",Rural + Urban,15-59 years,Persons,66.6,63.8,4.3
India,Odisha,"PLFS Year (Jul - Jun), 2022",Rural + Urban,15 years and above,Male,78.1,74.4,4.7
India,Odisha,"PLFS Year (Jul - Jun), 2022",Rural + Urban,15 years and above,Female,44.7,43.6,2.4
India,Odisha,"PLFS Year (Jul - Jun), 2022",Rural + Urban,15 years and above,Persons,61.3,58.9,3.9
India,Odisha,"PLFS Year (Jul - Jun), 2022",Rural + Urban,All Ages,Male,58.5,55.8,4.7
India,Odisha,"PLFS Year (Jul - Jun), 2022",Rural + Urban,All Ages,Female,34,33.2,2.4
India,Odisha,"PLFS Year (Jul - Jun), 2022",Rural + Urban,All Ages,Persons,46.2,44.4,3.9
India,Puducherry,"PLFS Year (Jul - Jun), 2022",Rural,15-29 years,Male,64.1,49.7,22.5
India,Puducherry,"PLFS Year (Jul - Jun), 2022",Rural,15-29 years,Female,29,21.4,26.4
India,Puducherry,"PLFS Year (Jul - Jun), 2022",Rural,15-29 years,Persons,46.9,35.8,23.7
India,Puducherry,"PLFS Year (Jul - Jun), 2022",Rural,15-59 years,Male,80.5,74.1,7.9
India,Puducherry,"PLFS Year (Jul - Jun), 2022",Rural,15-59 years,Female,54.7,52,4.9
India,Puducherry,"PLFS Year (Jul - Jun), 2022",Rural,15-59 years,Persons,66.6,62.2,6.5
India,Puducherry,"PLFS Year (Jul - Jun), 2022",Rural,15 years and above,Male,80.2,74.9,6.6
India,Puducherry,"PLFS Year (Jul - Jun), 2022",Rural,15 years and above,Female,49.4,47,4.7
India,Puducherry,"PLFS Year (Jul - Jun), 2022",Rural,15 years and above,Persons,63.9,60.1,5.9
India,Puducherry,"PLFS Year (Jul - Jun), 2022",Rural,All Ages,Male,62.2,58.1,6.6
India,Puducherry,"PLFS Year (Jul - Jun), 2022",Rural,All Ages,Female,41.7,39.7,4.7
India,Puducherry,"PLFS Year (Jul - Jun), 2022",Rural,All Ages,Persons,51.8,48.7,5.9
India,Puducherry,"PLFS Year (Jul - Jun), 2022",Urban,15-29 years,Male,53.5,42.2,21
India,Puducherry,"PLFS Year (Jul - Jun), 2022",Urban,15-29 years,Female,22.7,16.8,26.1
India,Puducherry,"PLFS Year (Jul - Jun), 2022",Urban,15-29 years,Persons,36.9,28.5,22.7
India,Puducherry,"PLFS Year (Jul - Jun), 2022",Urban,15-59 years,Male,82,77.8,5.1
India,Puducherry,"PLFS Year (Jul - Jun), 2022",Urban,15-59 years,Female,29.4,27.3,7.3
India,Puducherry,"PLFS Year (Jul - Jun), 2022",Urban,15-59 years,Persons,53.1,50.1,5.8
India,Puducherry,"PLFS Year (Jul - Jun), 2022",Urban,15 years and above,Male,71.5,68.2,4.7
India,Puducherry,"PLFS Year (Jul - Jun), 2022",Urban,15 years and above,Female,24.8,23.1,7
India,Puducherry,"PLFS Year (Jul - Jun), 2022",Urban,15 years and above,Persons,46.1,43.6,5.4
India,Puducherry,"PLFS Year (Jul - Jun), 2022",Urban,All Ages,Male,56.4,53.8,4.7
India,Puducherry,"PLFS Year (Jul - Jun), 2022",Urban,All Ages,Female,20.5,19,7
India,Puducherry,"PLFS Year (Jul - Jun), 2022",Urban,All Ages,Persons,37.2,35.2,5.4
India,Puducherry,"PLFS Year (Jul - Jun), 2022",Rural + Urban,15-29 years,Male,58.2,45.5,21.7
India,Puducherry,"PLFS Year (Jul - Jun), 2022",Rural + Urban,15-29 years,Female,25.2,18.6,26.2
India,Puducherry,"PLFS Year (Jul - Jun), 2022",Rural + Urban,15-29 years,Persons,41.1,31.6,23.2
India,Puducherry,"PLFS Year (Jul - Jun), 2022",Rural + Urban,15-59 years,Male,81.4,76.4,6.2
India,Puducherry,"PLFS Year (Jul - Jun), 2022",Rural + Urban,15-59 years,Female,38.9,36.5,6
India,Puducherry,"PLFS Year (Jul - Jun), 2022",Rural + Urban,15-59 years,Persons,58.2,54.7,6.1
India,Puducherry,"PLFS Year (Jul - Jun), 2022",Rural + Urban,15 years and above,Male,74.8,70.7,5.5
India,Puducherry,"PLFS Year (Jul - Jun), 2022",Rural + Urban,15 years and above,Female,33.6,31.6,5.8
India,Puducherry,"PLFS Year (Jul - Jun), 2022",Rural + Urban,15 years and above,Persons,52.5,49.6,5.6
India,Puducherry,"PLFS Year (Jul - Jun), 2022",Rural + Urban,All Ages,Male,58.6,55.4,5.5
India,Puducherry,"PLFS Year (Jul - Jun), 2022",Rural + Urban,All Ages,Female,27.9,26.3,5.8
India,Puducherry,"PLFS Year (Jul - Jun), 2022",Rural + Urban,All Ages,Persons,42.5,40.1,5.6
India,Punjab,"PLFS Year (Jul - Jun), 2022",Rural,15-29 years,Male,67.5,56.6,16.2
India,Punjab,"PLFS Year (Jul - Jun), 2022",Rural,15-29 years,Female,24.3,17.9,26.5
India,Punjab,"PLFS Year (Jul - Jun), 2022",Rural,15-29 years,Persons,47.2,38.3,18.7
India,Punjab,"PLFS Year (Jul - Jun), 2022",Rural,15-59 years,Male,83.1,78.1,6
India,Punjab,"PLFS Year (Jul - Jun), 2022",Rural,15-59 years,Female,31.7,28.8,9.3
India,Punjab,"PLFS Year (Jul - Jun), 2022",Rural,15-59 years,Persons,57.8,53.8,6.9
India,Punjab,"PLFS Year (Jul - Jun), 2022",Rural,15 years and above,Male,78.9,74.7,5.3
India,Punjab,"PLFS Year (Jul - Jun), 2022",Rural,15 years and above,Female,28.8,26.3,8.7
India,Punjab,"PLFS Year (Jul - Jun), 2022",Rural,15 years and above,Persons,54.1,50.8,6.2
India,Punjab,"PLFS Year (Jul - Jun), 2022",Rural,All Ages,Male,61.8,58.6,5.3
India,Punjab,"PLFS Year (Jul - Jun), 2022",Rural,All Ages,Female,22.7,20.7,8.7
India,Punjab,"PLFS Year (Jul - Jun), 2022",Rural,All Ages,Persons,42.5,39.9,6.2
India,Punjab,"PLFS Year (Jul - Jun), 2022",Urban,15-29 years,Male,66.3,57.3,13.6
India,Punjab,"PLFS Year (Jul - Jun), 2022",Urban,15-29 years,Female,25.1,19.9,20.9
India,Punjab,"PLFS Year (Jul - Jun), 2022",Urban,15-29 years,Persons,48.1,40.7,15.3
India,Punjab,"PLFS Year (Jul - Jun), 2022",Urban,15-59 years,Male,83.8,79.3,5.4
India,Punjab,"PLFS Year (Jul - Jun), 2022",Urban,15-59 years,Female,29.3,26.6,9.2
India,Punjab,"PLFS Year (Jul - Jun), 2022",Urban,15-59 years,Persons,58,54.4,6.3
India,Punjab,"PLFS Year (Jul - Jun), 2022",Urban,15 years and above,Male,77.2,73.3,5.1
India,Punjab,"PLFS Year (Jul - Jun), 2022",Urban,15 years and above,Female,25.5,23.2,8.8
India,Punjab,"PLFS Year (Jul - Jun), 2022",Urban,15 years and above,Persons,52.3,49.2,6
India,Punjab,"PLFS Year (Jul - Jun), 2022",Urban,All Ages,Male,62.3,59.1,5.1
India,Punjab,"PLFS Year (Jul - Jun), 2022",Urban,All Ages,Female,20.2,18.4,8.8
India,Punjab,"PLFS Year (Jul - Jun), 2022",Urban,All Ages,Persons,41.9,39.4,6
India,Punjab,"PLFS Year (Jul - Jun), 2022",Rural + Urban,15-29 years,Male,67.1,56.8,15.3
India,Punjab,"PLFS Year (Jul - Jun), 2022",Rural + Urban,15-29 years,Female,24.6,18.6,24.5
India,Punjab,"PLFS Year (Jul - Jun), 2022",Rural + Urban,15-29 years,Persons,47.5,39.2,17.5
India,Punjab,"PLFS Year (Jul - Jun), 2022",Rural + Urban,15-59 years,Male,83.4,78.6,5.7
India,Punjab,"PLFS Year (Jul - Jun), 2022",Rural + Urban,15-59 years,Female,30.9,28,9.3
India,Punjab,"PLFS Year (Jul - Jun), 2022",Rural + Urban,15-59 years,Persons,57.9,54,6.7
India,Punjab,"PLFS Year (Jul - Jun), 2022",Rural + Urban,15 years and above,Male,78.3,74.2,5.2
India,Punjab,"PLFS Year (Jul - Jun), 2022",Rural + Urban,15 years and above,Female,27.6,25.2,8.7
India,Punjab,"PLFS Year (Jul - Jun), 2022",Rural + Urban,15 years and above,Persons,53.5,50.2,6.1
India,Punjab,"PLFS Year (Jul - Jun), 2022",Rural + Urban,All Ages,Male,62,58.8,5.2
India,Punjab,"PLFS Year (Jul - Jun), 2022",Rural + Urban,All Ages,Female,21.8,19.9,8.7
India,Punjab,"PLFS Year (Jul - Jun), 2022",Rural + Urban,All Ages,Persons,42.3,39.7,6.1
India,Rajasthan,"PLFS Year (Jul - Jun), 2022",Rural,15-29 years,Male,59.7,52.5,12.1
India,Rajasthan,"PLFS Year (Jul - Jun), 2022",Rural,15-29 years,Female,39.4,37.2,5.7
India,Rajasthan,"PLFS Year (Jul - Jun), 2022",Rural,15-29 years,Persons,49.8,45,9.6
India,Rajasthan,"PLFS Year (Jul - Jun), 2022",Rural,15-59 years,Male,79.2,75,5.2
India,Rajasthan,"PLFS Year (Jul - Jun), 2022",Rural,15-59 years,Female,58.7,57.5,2
India,Rajasthan,"PLFS Year (Jul - Jun), 2022",Rural,15-59 years,Persons,68.9,66.3,3.8
India,Rajasthan,"PLFS Year (Jul - Jun), 2022",Rural,15 years and above,Male,75.9,72.4,4.6
India,Rajasthan,"PLFS Year (Jul - Jun), 2022",Rural,15 years and above,Female,55.8,54.8,1.7
India,Rajasthan,"PLFS Year (Jul - Jun), 2022",Rural,15 years and above,Persons,65.8,63.6,3.4
India,Rajasthan,"PLFS Year (Jul - Jun), 2022",Rural,All Ages,Male,54.2,51.7,4.6
India,Rajasthan,"PLFS Year (Jul - Jun), 2022",Rural,All Ages,Female,41,40.3,1.7
India,Rajasthan,"PLFS Year (Jul - Jun), 2022",Rural,All Ages,Persons,47.7,46.1,3.4
India,Rajasthan,"PLFS Year (Jul - Jun), 2022",Urban,15-29 years,Male,55.5,43.6,21.5
India,Rajasthan,"PLFS Year (Jul - Jun), 2022",Urban,15-29 years,Female,17.7,11.7,34.1
India,Rajasthan,"PLFS Year (Jul - Jun), 2022",Urban,15-29 years,Persons,38.5,29.3,24.1
India,Rajasthan,"PLFS Year (Jul - Jun), 2022",Urban,15-59 years,Male,77,70.7,8.1
India,Rajasthan,"PLFS Year (Jul - Jun), 2022",Urban,15-59 years,Female,25.9,22.8,11.9
India,Rajasthan,"PLFS Year (Jul - Jun), 2022",Urban,15-59 years,Persons,52.8,48.1,9
India,Rajasthan,"PLFS Year (Jul - Jun), 2022",Urban,15 years and above,Male,71.8,66.2,7.7
India,Rajasthan,"PLFS Year (Jul - Jun), 2022",Urban,15 years and above,Female,23.6,20.9,11.3
India,Rajasthan,"PLFS Year (Jul - Jun), 2022",Urban,15 years and above,Persons,48.8,44.6,8.5
India,Rajasthan,"PLFS Year (Jul - Jun), 2022",Urban,All Ages,Male,55.2,50.9,7.7
India,Rajasthan,"PLFS Year (Jul - Jun), 2022",Urban,All Ages,Female,18.6,16.5,11.3
India,Rajasthan,"PLFS Year (Jul - Jun), 2022",Urban,All Ages,Persons,37.9,34.7,8.5
India,Rajasthan,"PLFS Year (Jul - Jun), 2022",Rural + Urban,15-29 years,Male,58.6,50.2,14.4
India,Rajasthan,"PLFS Year (Jul - Jun), 2022",Rural + Urban,15-29 years,Female,34.5,31.4,9
India,Rajasthan,"PLFS Year (Jul - Jun), 2022",Rural + Urban,15-29 years,Persons,47,41.1,12.5
India,Rajasthan,"PLFS Year (Jul - Jun), 2022",Rural + Urban,15-59 years,Male,78.6,73.9,6
India,Rajasthan,"PLFS Year (Jul - Jun), 2022",Rural + Urban,15-59 years,Female,50.5,48.9,3.2
India,Rajasthan,"PLFS Year (Jul - Jun), 2022",Rural + Urban,15-59 years,Persons,64.8,61.6,4.9
India,Rajasthan,"PLFS Year (Jul - Jun), 2022",Rural + Urban,15 years and above,Male,74.8,70.8,5.4
India,Rajasthan,"PLFS Year (Jul - Jun), 2022",Rural + Urban,15 years and above,Female,47.9,46.5,2.9
India,Rajasthan,"PLFS Year (Jul - Jun), 2022",Rural + Urban,15 years and above,Persons,61.5,58.8,4.4
India,Rajasthan,"PLFS Year (Jul - Jun), 2022",Rural + Urban,All Ages,Male,54.5,51.5,5.4
India,Rajasthan,"PLFS Year (Jul - Jun), 2022",Rural + Urban,All Ages,Female,35.8,34.8,2.9
India,Rajasthan,"PLFS Year (Jul - Jun), 2022",Rural + Urban,All Ages,Persons,45.4,43.4,4.4
India,Sikkim,"PLFS Year (Jul - Jun), 2022",Rural,15-29 years,Male,53,49.6,6.5
India,Sikkim,"PLFS Year (Jul - Jun), 2022",Rural,15-29 years,Female,55.3,46.4,16
India,Sikkim,"PLFS Year (Jul - Jun), 2022",Rural,15-29 years,Persons,54.1,48,11.2
India,Sikkim,"PLFS Year (Jul - Jun), 2022",Rural,15-59 years,Male,85.1,83.7,1.6
India,Sikkim,"PLFS Year (Jul - Jun), 2022",Rural,15-59 years,Female,79.6,76.9,3.3
India,Sikkim,"PLFS Year (Jul - Jun), 2022",Rural,15-59 years,Persons,82.4,80.4,2.4
India,Sikkim,"PLFS Year (Jul - Jun), 2022",Rural,15 years and above,Male,82.6,81.4,1.4
India,Sikkim,"PLFS Year (Jul - Jun), 2022",Rural,15 years and above,Female,76.5,74.1,3.1
India,Sikkim,"PLFS Year (Jul - Jun), 2022",Rural,15 years and above,Persons,79.6,77.9,2.2
India,Sikkim,"PLFS Year (Jul - Jun), 2022",Rural,All Ages,Male,68.9,67.9,1.4
India,Sikkim,"PLFS Year (Jul - Jun), 2022",Rural,All Ages,Female,63.1,61.2,3.1
India,Sikkim,"PLFS Year (Jul - Jun), 2022",Rural,All Ages,Persons,66.1,64.6,2.2
India,Sikkim,"PLFS Year (Jul - Jun), 2022",Urban,15-29 years,Male,58.8,55.5,5.6
India,Sikkim,"PLFS Year (Jul - Jun), 2022",Urban,15-29 years,Female,35.1,31.6,10
India,Sikkim,"PLFS Year (Jul - Jun), 2022",Urban,15-29 years,Persons,48.3,44.9,7
India,Sikkim,"PLFS Year (Jul - Jun), 2022",Urban,15-59 years,Male,82.9,81.4,1.7
India,Sikkim,"PLFS Year (Jul - Jun), 2022",Urban,15-59 years,Female,36.1,34.7,3.9
India,Sikkim,"PLFS Year (Jul - Jun), 2022",Urban,15-59 years,Persons,62.5,61.1,2.3
India,Sikkim,"PLFS Year (Jul - Jun), 2022",Urban,15 years and above,Male,80.3,79,1.7
India,Sikkim,"PLFS Year (Jul - Jun), 2022",Urban,15 years and above,Female,34.4,33,3.9
India,Sikkim,"PLFS Year (Jul - Jun), 2022",Urban,15 years and above,Persons,60.1,58.8,2.2
India,Sikkim,"PLFS Year (Jul - Jun), 2022",Urban,All Ages,Male,64.7,63.6,1.7
India,Sikkim,"PLFS Year (Jul - Jun), 2022",Urban,All Ages,Female,27.1,26.1,3.9
India,Sikkim,"PLFS Year (Jul - Jun), 2022",Urban,All Ages,Persons,48,46.9,2.2
India,Sikkim,"PLFS Year (Jul - Jun), 2022",Rural + Urban,15-29 years,Male,54.6,51.2,6.2
India,Sikkim,"PLFS Year (Jul - Jun), 2022",Rural + Urban,15-29 years,Female,50.3,42.7,15
India,Sikkim,"PLFS Year (Jul - Jun), 2022",Rural + Urban,15-29 years,Persons,52.6,47.2,10.2
India,Sikkim,"PLFS Year (Jul - Jun), 2022",Rural + Urban,15-59 years,Male,84.6,83.2,1.6
India,Sikkim,"PLFS Year (Jul - Jun), 2022",Rural + Urban,15-59 years,Female,71.1,68.7,3.4
India,Sikkim,"PLFS Year (Jul - Jun), 2022",Rural + Urban,15-59 years,Persons,78.1,76.2,2.4
India,Sikkim,"PLFS Year (Jul - Jun), 2022",Rural + Urban,15 years and above,Male,82.1,80.9,1.5
India,Sikkim,"PLFS Year (Jul - Jun), 2022",Rural + Urban,15 years and above,Female,68.6,66.4,3.1
India,Sikkim,"PLFS Year (Jul - Jun), 2022",Rural + Urban,15 years and above,Persons,75.7,74,2.2
India,Sikkim,"PLFS Year (Jul - Jun), 2022",Rural + Urban,All Ages,Male,68,66.9,1.5
India,Sikkim,"PLFS Year (Jul - Jun), 2022",Rural + Urban,All Ages,Female,56.1,54.4,3.1
India,Sikkim,"PLFS Year (Jul - Jun), 2022",Rural + Urban,All Ages,Persons,62.3,60.9,2.2
India,Tamil Nadu,"PLFS Year (Jul - Jun), 2022",Rural,15-29 years,Male,51.7,43.1,16.7
India,Tamil Nadu,"PLFS Year (Jul - Jun), 2022",Rural,15-29 years,Female,23.9,17.7,25.9
India,Tamil Nadu,"PLFS Year (Jul - Jun), 2022",Rural,15-29 years,Persons,38.3,30.9,19.5
India,Tamil Nadu,"PLFS Year (Jul - Jun), 2022",Rural,15-59 years,Male,80.7,77.1,4.4
India,Tamil Nadu,"PLFS Year (Jul - Jun), 2022",Rural,15-59 years,Female,52.4,50.1,4.2
India,Tamil Nadu,"PLFS Year (Jul - Jun), 2022",Rural,15-59 years,Persons,66.3,63.4,4.3
India,Tamil Nadu,"PLFS Year (Jul - Jun), 2022",Rural,15 years and above,Male,75.4,72.4,4
India,Tamil Nadu,"PLFS Year (Jul - Jun), 2022",Rural,15 years and above,Female,49.3,47.5,3.7
India,Tamil Nadu,"PLFS Year (Jul - Jun), 2022",Rural,15 years and above,Persons,62,59.6,3.8
India,Tamil Nadu,"PLFS Year (Jul - Jun), 2022",Rural,All Ages,Male,58.1,55.8,4
India,Tamil Nadu,"PLFS Year (Jul - Jun), 2022",Rural,All Ages,Female,40.3,38.8,3.7
India,Tamil Nadu,"PLFS Year (Jul - Jun), 2022",Rural,All Ages,Persons,49.2,47.3,3.8
India,Tamil Nadu,"PLFS Year (Jul - Jun), 2022",Urban,15-29 years,Male,59.7,51.6,13.5
India,Tamil Nadu,"PLFS Year (Jul - Jun), 2022",Urban,15-29 years,Female,21.7,17.2,21
India,Tamil Nadu,"PLFS Year (Jul - Jun), 2022",Urban,15-29 years,Persons,41.8,35.4,15.3
India,Tamil Nadu,"PLFS Year (Jul - Jun), 2022",Urban,15-59 years,Male,81.8,77.9,4.7
India,Tamil Nadu,"PLFS Year (Jul - Jun), 2022",Urban,15-59 years,Female,32.4,29.9,7.7
India,Tamil Nadu,"PLFS Year (Jul - Jun), 2022",Urban,15-59 years,Persons,57.1,53.9,5.6
India,Tamil Nadu,"PLFS Year (Jul - Jun), 2022",Urban,15 years and above,Male,73.3,70.1,4.3
India,Tamil Nadu,"PLFS Year (Jul - Jun), 2022",Urban,15 years and above,Female,28.8,26.8,7
India,Tamil Nadu,"PLFS Year (Jul - Jun), 2022",Urban,15 years and above,Persons,50.9,48.3,5.1
India,Tamil Nadu,"PLFS Year (Jul - Jun), 2022",Urban,All Ages,Male,60,57.4,4.3
India,Tamil Nadu,"PLFS Year (Jul - Jun), 2022",Urban,All Ages,Female,23.7,22,7
India,Tamil Nadu,"PLFS Year (Jul - Jun), 2022",Urban,All Ages,Persons,41.7,39.6,5.1
India,Tamil Nadu,"PLFS Year (Jul - Jun), 2022",Rural + Urban,15-29 years,Male,55.3,46.9,15.1
India,Tamil Nadu,"PLFS Year (Jul - Jun), 2022",Rural + Urban,15-29 years,Female,22.9,17.5,23.8
India,Tamil Nadu,"PLFS Year (Jul - Jun), 2022",Rural + Urban,15-29 years,Persons,39.9,32.9,17.5
India,Tamil Nadu,"PLFS Year (Jul - Jun), 2022",Rural + Urban,15-59 years,Male,81.2,77.5,4.5
India,Tamil Nadu,"PLFS Year (Jul - Jun), 2022",Rural + Urban,15-59 years,Female,43.9,41.5,5.3
India,Tamil Nadu,"PLFS Year (Jul - Jun), 2022",Rural + Urban,15-59 years,Persons,62.3,59.3,4.8
India,Tamil Nadu,"PLFS Year (Jul - Jun), 2022",Rural + Urban,15 years and above,Male,74.5,71.4,4.1
India,Tamil Nadu,"PLFS Year (Jul - Jun), 2022",Rural + Urban,15 years and above,Female,40.5,38.6,4.7
India,Tamil Nadu,"PLFS Year (Jul - Jun), 2022",Rural + Urban,15 years and above,Persons,57.1,54.7,4.3
India,Tamil Nadu,"PLFS Year (Jul - Jun), 2022",Rural + Urban,All Ages,Male,58.9,56.5,4.1
India,Tamil Nadu,"PLFS Year (Jul - Jun), 2022",Rural + Urban,All Ages,Female,33.2,31.6,4.7
India,Tamil Nadu,"PLFS Year (Jul - Jun), 2022",Rural + Urban,All Ages,Persons,46,44,4.3
India,Telangana,"PLFS Year (Jul - Jun), 2022",Rural,15-29 years,Male,59.9,54.1,9.7
India,Telangana,"PLFS Year (Jul - Jun), 2022",Rural,15-29 years,Female,30.7,27.7,9.8
India,Telangana,"PLFS Year (Jul - Jun), 2022",Rural,15-29 years,Persons,46.4,41.9,9.7
India,Telangana,"PLFS Year (Jul - Jun), 2022",Rural,15-59 years,Male,83.4,80.4,3.5
India,Telangana,"PLFS Year (Jul - Jun), 2022",Rural,15-59 years,Female,62.4,61,2.2
India,Telangana,"PLFS Year (Jul - Jun), 2022",Rural,15-59 years,Persons,73.1,71,3
India,Telangana,"PLFS Year (Jul - Jun), 2022",Rural,15 years and above,Male,77.2,74.7,3.3
India,Telangana,"PLFS Year (Jul - Jun), 2022",Rural,15 years and above,Female,54.8,53.7,2.1
India,Telangana,"PLFS Year (Jul - Jun), 2022",Rural,15 years and above,Persons,66,64.1,2.8
India,Telangana,"PLFS Year (Jul - Jun), 2022",Rural,All Ages,Male,60.5,58.5,3.3
India,Telangana,"PLFS Year (Jul - Jun), 2022",Rural,All Ages,Female,42.7,41.8,2.1
India,Telangana,"PLFS Year (Jul - Jun), 2022",Rural,All Ages,Persons,51.6,50.1,2.8
India,Telangana,"PLFS Year (Jul - Jun), 2022",Urban,15-29 years,Male,52.8,40.3,23.6
India,Telangana,"PLFS Year (Jul - Jun), 2022",Urban,15-29 years,Female,20.5,14.2,30.5
India,Telangana,"PLFS Year (Jul - Jun), 2022",Urban,15-29 years,Persons,37.4,27.9,25.4
India,Telangana,"PLFS Year (Jul - Jun), 2022",Urban,15-59 years,Male,79.2,73.4,7.4
India,Telangana,"PLFS Year (Jul - Jun), 2022",Urban,15-59 years,Female,30.8,27.8,9.8
India,Telangana,"PLFS Year (Jul - Jun), 2022",Urban,15-59 years,Persons,55.6,51.1,8
India,Telangana,"PLFS Year (Jul - Jun), 2022",Urban,15 years and above,Male,73,67.7,7.1
India,Telangana,"PLFS Year (Jul - Jun), 2022",Urban,15 years and above,Female,27.6,24.9,9.6
India,Telangana,"PLFS Year (Jul - Jun), 2022",Urban,15 years and above,Persons,50.7,46.8,7.8
India,Telangana,"PLFS Year (Jul - Jun), 2022",Urban,All Ages,Male,57.1,53,7.1
India,Telangana,"PLFS Year (Jul - Jun), 2022",Urban,All Ages,Female,21.6,19.5,9.6
India,Telangana,"PLFS Year (Jul - Jun), 2022",Urban,All Ages,Persons,39.7,36.6,7.8
India,Telangana,"PLFS Year (Jul - Jun), 2022",Rural + Urban,15-29 years,Male,57.1,48.7,14.7
India,Telangana,"PLFS Year (Jul - Jun), 2022",Rural + Urban,15-29 years,Female,26.6,22.3,16.2
India,Telangana,"PLFS Year (Jul - Jun), 2022",Rural + Urban,15-29 years,Persons,42.8,36.3,15.1
India,Telangana,"PLFS Year (Jul - Jun), 2022",Rural + Urban,15-59 years,Male,81.8,77.7,4.9
India,Telangana,"PLFS Year (Jul - Jun), 2022",Rural + Urban,15-59 years,Female,50.4,48.4,4
India,Telangana,"PLFS Year (Jul - Jun), 2022",Rural + Urban,15-59 years,Persons,66.5,63.4,4.6
India,Telangana,"PLFS Year (Jul - Jun), 2022",Rural + Urban,15 years and above,Male,75.6,72,4.7
India,Telangana,"PLFS Year (Jul - Jun), 2022",Rural + Urban,15 years and above,Female,44.8,43.1,3.8
India,Telangana,"PLFS Year (Jul - Jun), 2022",Rural + Urban,15 years and above,Persons,60.3,57.7,4.4
India,Telangana,"PLFS Year (Jul - Jun), 2022",Rural + Urban,All Ages,Male,59.2,56.4,4.7
India,Telangana,"PLFS Year (Jul - Jun), 2022",Rural + Urban,All Ages,Female,35,33.6,3.8
India,Telangana,"PLFS Year (Jul - Jun), 2022",Rural + Urban,All Ages,Persons,47.1,45.1,4.4
India,The Dadra and Nagar Haveli and Daman and Diu,"PLFS Year (Jul - Jun), 2022",Rural,15-29 years,Male,81.2,79,2.7
India,The Dadra and Nagar Haveli and Daman and Diu,"PLFS Year (Jul - Jun), 2022",Rural,15-29 years,Female,55.7,47.8,14.2
India,The Dadra and Nagar Haveli and Daman and Diu,"PLFS Year (Jul - Jun), 2022",Rural,15-29 years,Persons,70.7,66.1,6.5
India,The Dadra and Nagar Haveli and Daman and Diu,"PLFS Year (Jul - Jun), 2022",Rural,15-59 years,Male,88.3,85.2,3.5
India,The Dadra and Nagar Haveli and Daman and Diu,"PLFS Year (Jul - Jun), 2022",Rural,15-59 years,Female,60.3,56.2,6.8
India,The Dadra and Nagar Haveli and Daman and Diu,"PLFS Year (Jul - Jun), 2022",Rural,15-59 years,Persons,75.9,72.4,4.6
India,The Dadra and Nagar Haveli and Daman and Diu,"PLFS Year (Jul - Jun), 2022",Rural,15 years and above,Male,88.4,85.6,3.1
India,The Dadra and Nagar Haveli and Daman and Diu,"PLFS Year (Jul - Jun), 2022",Rural,15 years and above,Female,55.6,52.2,6
India,The Dadra and Nagar Haveli and Daman and Diu,"PLFS Year (Jul - Jun), 2022",Rural,15 years and above,Persons,73.2,70.1,4.1
India,The Dadra and Nagar Haveli and Daman and Diu,"PLFS Year (Jul - Jun), 2022",Rural,All Ages,Male,69.2,67.1,3.1
India,The Dadra and Nagar Haveli and Daman and Diu,"PLFS Year (Jul - Jun), 2022",Rural,All Ages,Female,40,37.6,6
India,The Dadra and Nagar Haveli and Daman and Diu,"PLFS Year (Jul - Jun), 2022",Rural,All Ages,Persons,55,52.7,4.1
India,The Dadra and Nagar Haveli and Daman and Diu,"PLFS Year (Jul - Jun), 2022",Urban,15-29 years,Male,80.5,79.4,1.4
India,The Dadra and Nagar Haveli and Daman and Diu,"PLFS Year (Jul - Jun), 2022",Urban,15-29 years,Female,33.2,30.5,8.1
India,The Dadra and Nagar Haveli and Daman and Diu,"PLFS Year (Jul - Jun), 2022",Urban,15-29 years,Persons,59.8,58,3
India,The Dadra and Nagar Haveli and Daman and Diu,"PLFS Year (Jul - Jun), 2022",Urban,15-59 years,Male,91.9,91.5,0.5
India,The Dadra and Nagar Haveli and Daman and Diu,"PLFS Year (Jul - Jun), 2022",Urban,15-59 years,Female,27,25.5,5.7
India,The Dadra and Nagar Haveli and Daman and Diu,"PLFS Year (Jul - Jun), 2022",Urban,15-59 years,Persons,64.4,63.6,1.4
India,The Dadra and Nagar Haveli and Daman and Diu,"PLFS Year (Jul - Jun), 2022",Urban,15 years and above,Male,89.6,89.2,0.5
India,The Dadra and Nagar Haveli and Daman and Diu,"PLFS Year (Jul - Jun), 2022",Urban,15 years and above,Female,26,24.6,5.6
India,The Dadra and Nagar Haveli and Daman and Diu,"PLFS Year (Jul - Jun), 2022",Urban,15 years and above,Persons,62.8,62,1.4
India,The Dadra and Nagar Haveli and Daman and Diu,"PLFS Year (Jul - Jun), 2022",Urban,All Ages,Male,67.9,67.6,0.5
India,The Dadra and Nagar Haveli and Daman and Diu,"PLFS Year (Jul - Jun), 2022",Urban,All Ages,Female,17.5,16.5,5.6
India,The Dadra and Nagar Haveli and Daman and Diu,"PLFS Year (Jul - Jun), 2022",Urban,All Ages,Persons,45.1,44.5,1.4
India,The Dadra and Nagar Haveli and Daman and Diu,"PLFS Year (Jul - Jun), 2022",Rural + Urban,15-29 years,Male,80.8,79.3,1.9
India,The Dadra and Nagar Haveli and Daman and Diu,"PLFS Year (Jul - Jun), 2022",Rural + Urban,15-29 years,Female,41.1,36.5,11
India,The Dadra and Nagar Haveli and Daman and Diu,"PLFS Year (Jul - Jun), 2022",Rural + Urban,15-29 years,Persons,63.7,60.9,4.4
India,The Dadra and Nagar Haveli and Daman and Diu,"PLFS Year (Jul - Jun), 2022",Rural + Urban,15-59 years,Male,90.7,89.4,1.4
India,The Dadra and Nagar Haveli and Daman and Diu,"PLFS Year (Jul - Jun), 2022",Rural + Urban,15-59 years,Female,38.8,36.4,6.3
India,The Dadra and Nagar Haveli and Daman and Diu,"PLFS Year (Jul - Jun), 2022",Rural + Urban,15-59 years,Persons,68.4,66.6,2.6
India,The Dadra and Nagar Haveli and Daman and Diu,"PLFS Year (Jul - Jun), 2022",Rural + Urban,15 years and above,Male,89.2,88,1.4
India,The Dadra and Nagar Haveli and Daman and Diu,"PLFS Year (Jul - Jun), 2022",Rural + Urban,15 years and above,Female,37.6,35.4,5.9
India,The Dadra and Nagar Haveli and Daman and Diu,"PLFS Year (Jul - Jun), 2022",Rural + Urban,15 years and above,Persons,66.6,65,2.5
India,The Dadra and Nagar Haveli and Daman and Diu,"PLFS Year (Jul - Jun), 2022",Rural + Urban,All Ages,Male,68.3,67.4,1.4
India,The Dadra and Nagar Haveli and Daman and Diu,"PLFS Year (Jul - Jun), 2022",Rural + Urban,All Ages,Female,25.9,24.4,5.9
India,The Dadra and Nagar Haveli and Daman and Diu,"PLFS Year (Jul - Jun), 2022",Rural + Urban,All Ages,Persons,48.7,47.5,2.5
India,Tripura,"PLFS Year (Jul - Jun), 2022",Rural,15-29 years,Male,56.4,53.4,5.4
India,Tripura,"PLFS Year (Jul - Jun), 2022",Rural,15-29 years,Female,20.6,19.8,3.9
India,Tripura,"PLFS Year (Jul - Jun), 2022",Rural,15-29 years,Persons,39.7,37.7,5
India,Tripura,"PLFS Year (Jul - Jun), 2022",Rural,15-59 years,Male,81.6,80.4,1.5
India,Tripura,"PLFS Year (Jul - Jun), 2022",Rural,15-59 years,Female,40.8,40.5,0.7
India,Tripura,"PLFS Year (Jul - Jun), 2022",Rural,15-59 years,Persons,61.3,60.6,1.2
India,Tripura,"PLFS Year (Jul - Jun), 2022",Rural,15 years and above,Male,75.2,74.2,1.3
India,Tripura,"PLFS Year (Jul - Jun), 2022",Rural,15 years and above,Female,36.9,36.6,0.6
India,Tripura,"PLFS Year (Jul - Jun), 2022",Rural,15 years and above,Persons,56.2,55.6,1.1
India,Tripura,"PLFS Year (Jul - Jun), 2022",Rural,All Ages,Male,60.2,59.4,1.3
India,Tripura,"PLFS Year (Jul - Jun), 2022",Rural,All Ages,Female,29.5,29.4,0.6
India,Tripura,"PLFS Year (Jul - Jun), 2022",Rural,All Ages,Persons,45,44.5,1.1
India,Tripura,"PLFS Year (Jul - Jun), 2022",Urban,15-29 years,Male,52.2,46.3,11.2
India,Tripura,"PLFS Year (Jul - Jun), 2022",Urban,15-29 years,Female,15.5,13,15.9
India,Tripura,"PLFS Year (Jul - Jun), 2022",Urban,15-29 years,Persons,33.9,29.8,12.3
India,Tripura,"PLFS Year (Jul - Jun), 2022",Urban,15-59 years,Male,80.7,78.4,2.9
India,Tripura,"PLFS Year (Jul - Jun), 2022",Urban,15-59 years,Female,32.2,30.9,4
India,Tripura,"PLFS Year (Jul - Jun), 2022",Urban,15-59 years,Persons,56.1,54.3,3.2
India,Tripura,"PLFS Year (Jul - Jun), 2022",Urban,15 years and above,Male,73.2,71.3,2.6
India,Tripura,"PLFS Year (Jul - Jun), 2022",Urban,15 years and above,Female,27.8,26.8,3.8
India,Tripura,"PLFS Year (Jul - Jun), 2022",Urban,15 years and above,Persons,50,48.5,3
India,Tripura,"PLFS Year (Jul - Jun), 2022",Urban,All Ages,Male,62.4,60.8,2.6
India,Tripura,"PLFS Year (Jul - Jun), 2022",Urban,All Ages,Female,23.4,22.5,3.8
India,Tripura,"PLFS Year (Jul - Jun), 2022",Urban,All Ages,Persons,42.4,41.1,3
India,Tripura,"PLFS Year (Jul - Jun), 2022",Rural + Urban,15-29 years,Male,55.8,52.3,6.3
India,Tripura,"PLFS Year (Jul - Jun), 2022",Rural + Urban,15-29 years,Female,19.7,18.6,5.6
India,Tripura,"PLFS Year (Jul - Jun), 2022",Rural + Urban,15-29 years,Persons,38.7,36.4,6.1
India,Tripura,"PLFS Year (Jul - Jun), 2022",Rural + Urban,15-59 years,Male,81.4,80,1.7
India,Tripura,"PLFS Year (Jul - Jun), 2022",Rural + Urban,15-59 years,Female,39.2,38.8,1.2
India,Tripura,"PLFS Year (Jul - Jun), 2022",Rural + Urban,15-59 years,Persons,60.4,59.4,1.5
India,Tripura,"PLFS Year (Jul - Jun), 2022",Rural + Urban,15 years and above,Male,74.9,73.7,1.5
India,Tripura,"PLFS Year (Jul - Jun), 2022",Rural + Urban,15 years and above,Female,35.2,34.8,1.1
India,Tripura,"PLFS Year (Jul - Jun), 2022",Rural + Urban,15 years and above,Persons,55.1,54.3,1.4
India,Tripura,"PLFS Year (Jul - Jun), 2022",Rural + Urban,All Ages,Male,60.6,59.7,1.5
India,Tripura,"PLFS Year (Jul - Jun), 2022",Rural + Urban,All Ages,Female,28.5,28.1,1.1
India,Tripura,"PLFS Year (Jul - Jun), 2022",Rural + Urban,All Ages,Persons,44.5,43.9,1.4
India,Uttar Pradesh,"PLFS Year (Jul - Jun), 2022",Rural,15-29 years,Male,66,62.6,5.2
India,Uttar Pradesh,"PLFS Year (Jul - Jun), 2022",Rural,15-29 years,Female,18.7,18.1,3.3
India,Uttar Pradesh,"PLFS Year (Jul - Jun), 2022",Rural,15-29 years,Persons,42.4,40.4,4.8
India,Uttar Pradesh,"PLFS Year (Jul - Jun), 2022",Rural,15-59 years,Male,83,81.3,2
India,Uttar Pradesh,"PLFS Year (Jul - Jun), 2022",Rural,15-59 years,Female,36.5,36.1,1
India,Uttar Pradesh,"PLFS Year (Jul - Jun), 2022",Rural,15-59 years,Persons,59.3,58.3,1.7
India,Uttar Pradesh,"PLFS Year (Jul - Jun), 2022",Rural,15 years and above,Male,80.7,79.2,1.8
India,Uttar Pradesh,"PLFS Year (Jul - Jun), 2022",Rural,15 years and above,Female,35.5,35.2,0.9
India,Uttar Pradesh,"PLFS Year (Jul - Jun), 2022",Rural,15 years and above,Persons,57.9,57,1.5
India,Uttar Pradesh,"PLFS Year (Jul - Jun), 2022",Rural,All Ages,Male,54.8,53.7,1.9
India,Uttar Pradesh,"PLFS Year (Jul - Jun), 2022",Rural,All Ages,Female,25,24.7,0.9
India,Uttar Pradesh,"PLFS Year (Jul - Jun), 2022",Rural,All Ages,Persons,40,39.3,1.6
India,Uttar Pradesh,"PLFS Year (Jul - Jun), 2022",Urban,15-29 years,Male,59,50.4,14.6
India,Uttar Pradesh,"PLFS Year (Jul - Jun), 2022",Urban,15-29 years,Female,12.4,9.1,26.8
India,Uttar Pradesh,"PLFS Year (Jul - Jun), 2022",Urban,15-29 years,Persons,37.3,31.2,16.5
India,Uttar Pradesh,"PLFS Year (Jul - Jun), 2022",Urban,15-59 years,Male,79,74.2,6.1
India,Uttar Pradesh,"PLFS Year (Jul - Jun), 2022",Urban,15-59 years,Female,15.2,13.6,11
India,Uttar Pradesh,"PLFS Year (Jul - Jun), 2022",Urban,15-59 years,Persons,48.1,44.8,6.9
India,Uttar Pradesh,"PLFS Year (Jul - Jun), 2022",Urban,15 years and above,Male,74.1,69.7,5.8
India,Uttar Pradesh,"PLFS Year (Jul - Jun), 2022",Urban,15 years and above,Female,14.1,12.6,10.6
India,Uttar Pradesh,"PLFS Year (Jul - Jun), 2022",Urban,15 years and above,Persons,45,42,6.5
India,Uttar Pradesh,"PLFS Year (Jul - Jun), 2022",Urban,All Ages,Male,54.7,51.5,5.8
India,Uttar Pradesh,"PLFS Year (Jul - Jun), 2022",Urban,All Ages,Female,10.7,9.5,10.6
India,Uttar Pradesh,"PLFS Year (Jul - Jun), 2022",Urban,All Ages,Persons,33.6,31.4,6.5
India,Uttar Pradesh,"PLFS Year (Jul - Jun), 2022",Rural + Urban,15-29 years,Male,64.5,59.9,7.1
India,Uttar Pradesh,"PLFS Year (Jul - Jun), 2022",Rural + Urban,15-29 years,Female,17.5,16.3,6.6
India,Uttar Pradesh,"PLFS Year (Jul - Jun), 2022",Rural + Urban,15-29 years,Persons,41.4,38.5,7
India,Uttar Pradesh,"PLFS Year (Jul - Jun), 2022",Rural + Urban,15-59 years,Male,82.2,79.8,2.9
India,Uttar Pradesh,"PLFS Year (Jul - Jun), 2022",Rural + Urban,15-59 years,Female,32.1,31.5,1.9
India,Uttar Pradesh,"PLFS Year (Jul - Jun), 2022",Rural + Urban,15-59 years,Persons,56.9,55.4,2.6
India,Uttar Pradesh,"PLFS Year (Jul - Jun), 2022",Rural + Urban,15 years and above,Male,79.3,77.2,2.6
India,Uttar Pradesh,"PLFS Year (Jul - Jun), 2022",Rural + Urban,15 years and above,Female,31.2,30.6,1.8
India,Uttar Pradesh,"PLFS Year (Jul - Jun), 2022",Rural + Urban,15 years and above,Persons,55.2,53.9,2.4
India,Uttar Pradesh,"PLFS Year (Jul - Jun), 2022",Rural + Urban,All Ages,Male,54.8,53.3,2.7
India,Uttar Pradesh,"PLFS Year (Jul - Jun), 2022",Rural + Urban,All Ages,Female,22.2,21.8,1.8
India,Uttar Pradesh,"PLFS Year (Jul - Jun), 2022",Rural + Urban,All Ages,Persons,38.7,37.8,2.4
India,Uttarakhand,"PLFS Year (Jul - Jun), 2022",Rural,15-29 years,Male,56.6,48.9,13.6
India,Uttarakhand,"PLFS Year (Jul - Jun), 2022",Rural,15-29 years,Female,35.9,31.3,12.6
India,Uttarakhand,"PLFS Year (Jul - Jun), 2022",Rural,15-29 years,Persons,46.1,40,13.2
India,Uttarakhand,"PLFS Year (Jul - Jun), 2022",Rural,15-59 years,Male,79.4,75.8,4.6
India,Uttarakhand,"PLFS Year (Jul - Jun), 2022",Rural,15-59 years,Female,49,47,4
India,Uttarakhand,"PLFS Year (Jul - Jun), 2022",Rural,15-59 years,Persons,64,61.2,4.3
India,Uttarakhand,"PLFS Year (Jul - Jun), 2022",Rural,15 years and above,Male,73.8,70.7,4.1
India,Uttarakhand,"PLFS Year (Jul - Jun), 2022",Rural,15 years and above,Female,45.7,44.1,3.5
India,Uttarakhand,"PLFS Year (Jul - Jun), 2022",Rural,15 years and above,Persons,59.4,57.1,3.9
India,Uttarakhand,"PLFS Year (Jul - Jun), 2022",Rural,All Ages,Male,56,53.7,4.1
India,Uttarakhand,"PLFS Year (Jul - Jun), 2022",Rural,All Ages,Female,35,33.8,3.5
India,Uttarakhand,"PLFS Year (Jul - Jun), 2022",Rural,All Ages,Persons,45.3,43.5,3.9
India,Uttarakhand,"PLFS Year (Jul - Jun), 2022",Urban,15-29 years,Male,55.6,47,15.5
India,Uttarakhand,"PLFS Year (Jul - Jun), 2022",Urban,15-29 years,Female,13.6,9.8,28
India,Uttarakhand,"PLFS Year (Jul - Jun), 2022",Urban,15-29 years,Persons,37,30.5,17.5
India,Uttarakhand,"PLFS Year (Jul - Jun), 2022",Urban,15-59 years,Male,78.1,73.3,6.2
India,Uttarakhand,"PLFS Year (Jul - Jun), 2022",Urban,15-59 years,Female,18.2,16.4,10.3
India,Uttarakhand,"PLFS Year (Jul - Jun), 2022",Urban,15-59 years,Persons,49.6,46.2,6.9
India,Uttarakhand,"PLFS Year (Jul - Jun), 2022",Urban,15 years and above,Male,72.8,68.6,5.8
India,Uttarakhand,"PLFS Year (Jul - Jun), 2022",Urban,15 years and above,Female,16.8,15.1,10.2
India,Uttarakhand,"PLFS Year (Jul - Jun), 2022",Urban,15 years and above,Persons,46.2,43.2,6.6
India,Uttarakhand,"PLFS Year (Jul - Jun), 2022",Urban,All Ages,Male,55,51.6,6.2
India,Uttarakhand,"PLFS Year (Jul - Jun), 2022",Urban,All Ages,Female,12.5,11.2,10.2
India,Uttarakhand,"PLFS Year (Jul - Jun), 2022",Urban,All Ages,Persons,34.7,32.3,6.9
India,Uttarakhand,"PLFS Year (Jul - Jun), 2022",Rural + Urban,15-29 years,Male,56.3,48.3,14.2
India,Uttarakhand,"PLFS Year (Jul - Jun), 2022",Rural + Urban,15-29 years,Female,30.5,26.1,14.3
India,Uttarakhand,"PLFS Year (Jul - Jun), 2022",Rural + Urban,15-29 years,Persons,43.7,37.5,14.2
India,Uttarakhand,"PLFS Year (Jul - Jun), 2022",Rural + Urban,15-59 years,Male,79,75.1,5
India,Uttarakhand,"PLFS Year (Jul - Jun), 2022",Rural + Urban,15-59 years,Female,41.1,39.2,4.7
India,Uttarakhand,"PLFS Year (Jul - Jun), 2022",Rural + Urban,15-59 years,Persons,60.1,57.2,4.9
India,Uttarakhand,"PLFS Year (Jul - Jun), 2022",Rural + Urban,15 years and above,Male,73.5,70.1,4.6
India,Uttarakhand,"PLFS Year (Jul - Jun), 2022",Rural + Urban,15 years and above,Female,38.7,37,4.2
India,Uttarakhand,"PLFS Year (Jul - Jun), 2022",Rural + Urban,15 years and above,Persons,56,53.5,4.5
India,Uttarakhand,"PLFS Year (Jul - Jun), 2022",Rural + Urban,All Ages,Male,55.7,53.1,4.7
India,Uttarakhand,"PLFS Year (Jul - Jun), 2022",Rural + Urban,All Ages,Female,29.4,28.2,4.2
India,Uttarakhand,"PLFS Year (Jul - Jun), 2022",Rural + Urban,All Ages,Persons,42.5,40.6,4.5
India,West Bengal,"PLFS Year (Jul - Jun), 2022",Rural,15-29 years,Male,70.2,66.1,5.9
India,West Bengal,"PLFS Year (Jul - Jun), 2022",Rural,15-29 years,Female,25.6,24.7,3.6
India,West Bengal,"PLFS Year (Jul - Jun), 2022",Rural,15-29 years,Persons,47.6,45.1,5.2
India,West Bengal,"PLFS Year (Jul - Jun), 2022",Rural,15-59 years,Male,87.6,85.9,1.9
India,West Bengal,"PLFS Year (Jul - Jun), 2022",Rural,15-59 years,Female,39.4,38.9,1.1
India,West Bengal,"PLFS Year (Jul - Jun), 2022",Rural,15-59 years,Persons,63.3,62.2,1.7
India,West Bengal,"PLFS Year (Jul - Jun), 2022",Rural,15 years and above,Male,82.4,81,1.7
India,West Bengal,"PLFS Year (Jul - Jun), 2022",Rural,15 years and above,Female,36.5,36.2,1.1
India,West Bengal,"PLFS Year (Jul - Jun), 2022",Rural,15 years and above,Persons,59.5,58.6,1.5
India,West Bengal,"PLFS Year (Jul - Jun), 2022",Rural,All Ages,Male,63,61.9,1.7
India,West Bengal,"PLFS Year (Jul - Jun), 2022",Rural,All Ages,Female,28.3,28,1.1
India,West Bengal,"PLFS Year (Jul - Jun), 2022",Rural,All Ages,Persons,45.8,45.1,1.5
India,West Bengal,"PLFS Year (Jul - Jun), 2022",Urban,15-29 years,Male,62.5,54.6,12.6
India,West Bengal,"PLFS Year (Jul - Jun), 2022",Urban,15-29 years,Female,24.7,21.5,13.1
India,West Bengal,"PLFS Year (Jul - Jun), 2022",Urban,15-29 years,Persons,43.5,38,12.7
India,West Bengal,"PLFS Year (Jul - Jun), 2022",Urban,15-59 years,Male,85.5,82.2,3.8
India,West Bengal,"PLFS Year (Jul - Jun), 2022",Urban,15-59 years,Female,30.8,29.2,5.1
India,West Bengal,"PLFS Year (Jul - Jun), 2022",Urban,15-59 years,Persons,58,55.6,4.1
India,West Bengal,"PLFS Year (Jul - Jun), 2022",Urban,15 years and above,Male,77,74.3,3.5
India,West Bengal,"PLFS Year (Jul - Jun), 2022",Urban,15 years and above,Female,27.4,26.1,4.8
India,West Bengal,"PLFS Year (Jul - Jun), 2022",Urban,15 years and above,Persons,52.2,50.2,3.8
India,West Bengal,"PLFS Year (Jul - Jun), 2022",Urban,All Ages,Male,63.4,61.2,3.5
India,West Bengal,"PLFS Year (Jul - Jun), 2022",Urban,All Ages,Female,22.9,21.8,4.7
India,West Bengal,"PLFS Year (Jul - Jun), 2022",Urban,All Ages,Persons,43.3,41.7,3.8
India,West Bengal,"PLFS Year (Jul - Jun), 2022",Rural + Urban,15-29 years,Male,68.2,63.1,7.5
India,West Bengal,"PLFS Year (Jul - Jun), 2022",Rural + Urban,15-29 years,Female,25.4,23.9,6
India,West Bengal,"PLFS Year (Jul - Jun), 2022",Rural + Urban,15-29 years,Persons,46.6,43.3,7.1
India,West Bengal,"PLFS Year (Jul - Jun), 2022",Rural + Urban,15-59 years,Male,87,84.8,2.5
India,West Bengal,"PLFS Year (Jul - Jun), 2022",Rural + Urban,15-59 years,Female,36.9,36.1,2.1
India,West Bengal,"PLFS Year (Jul - Jun), 2022",Rural + Urban,15-59 years,Persons,61.8,60.3,2.3
India,West Bengal,"PLFS Year (Jul - Jun), 2022",Rural + Urban,15 years and above,Male,80.8,79,2.2
India,West Bengal,"PLFS Year (Jul - Jun), 2022",Rural + Urban,15 years and above,Female,33.8,33.1,2
India,West Bengal,"PLFS Year (Jul - Jun), 2022",Rural + Urban,15 years and above,Persons,57.3,56.1,2.2
India,West Bengal,"PLFS Year (Jul - Jun), 2022",Rural + Urban,All Ages,Male,63.1,61.7,2.2
India,West Bengal,"PLFS Year (Jul - Jun), 2022",Rural + Urban,All Ages,Female,26.8,26.3,2
India,West Bengal,"PLFS Year (Jul - Jun), 2022",Rural + Urban,All Ages,Persons,45.1,44.1,2.2
India,Andaman and Nicobar Islands,"PLFS Year (Jul - Jun), 2021",Rural,15-29 years,Male,64,54.9,14.2
India,Andaman and Nicobar Islands,"PLFS Year (Jul - Jun), 2021",Rural,15-29 years,Female,34.6,23.5,32.2
India,Andaman and Nicobar Islands,"PLFS Year (Jul - Jun), 2021",Rural,15-29 years,Persons,50.2,40.1,20
India,Andaman and Nicobar Islands,"PLFS Year (Jul - Jun), 2021",Rural,15-59 years,Male,88.4,85.4,3.4
India,Andaman and Nicobar Islands,"PLFS Year (Jul - Jun), 2021",Rural,15-59 years,Female,55.1,49.3,10.5
India,Andaman and Nicobar Islands,"PLFS Year (Jul - Jun), 2021",Rural,15-59 years,Persons,71.8,67.5,6.1
India,Andaman and Nicobar Islands,"PLFS Year (Jul - Jun), 2021",Rural,15 years and above,Male,83.4,80.7,3.2
India,Andaman and Nicobar Islands,"PLFS Year (Jul - Jun), 2021",Rural,15 years and above,Female,50.9,45.6,10.3
India,Andaman and Nicobar Islands,"PLFS Year (Jul - Jun), 2021",Rural,15 years and above,Persons,67.2,63.2,5.9
India,Andaman and Nicobar Islands,"PLFS Year (Jul - Jun), 2021",Rural,All Ages,Male,63.7,61.7,3.2
India,Andaman and Nicobar Islands,"PLFS Year (Jul - Jun), 2021",Rural,All Ages,Female,39.5,35.4,10.3
India,Andaman and Nicobar Islands,"PLFS Year (Jul - Jun), 2021",Rural,All Ages,Persons,51.8,48.7,5.9
India,Andaman and Nicobar Islands,"PLFS Year (Jul - Jun), 2021",Urban,15-29 years,Male,69,56.9,17.5
India,Andaman and Nicobar Islands,"PLFS Year (Jul - Jun), 2021",Urban,15-29 years,Female,38.1,19.4,49
India,Andaman and Nicobar Islands,"PLFS Year (Jul - Jun), 2021",Urban,15-29 years,Persons,53.7,38.3,28.6
India,Andaman and Nicobar Islands,"PLFS Year (Jul - Jun), 2021",Urban,15-59 years,Male,87.4,82.5,5.7
India,Andaman and Nicobar Islands,"PLFS Year (Jul - Jun), 2021",Urban,15-59 years,Female,43,34.4,19.9
India,Andaman and Nicobar Islands,"PLFS Year (Jul - Jun), 2021",Urban,15-59 years,Persons,65.8,59,10.2
India,Andaman and Nicobar Islands,"PLFS Year (Jul - Jun), 2021",Urban,15 years and above,Male,80.7,76.3,5.5
India,Andaman and Nicobar Islands,"PLFS Year (Jul - Jun), 2021",Urban,15 years and above,Female,40.2,32.5,19.2
India,Andaman and Nicobar Islands,"PLFS Year (Jul - Jun), 2021",Urban,15 years and above,Persons,61,55,9.9
India,Andaman and Nicobar Islands,"PLFS Year (Jul - Jun), 2021",Urban,All Ages,Male,65,61.5,5.5
India,Andaman and Nicobar Islands,"PLFS Year (Jul - Jun), 2021",Urban,All Ages,Female,31.8,25.7,19.2
India,Andaman and Nicobar Islands,"PLFS Year (Jul - Jun), 2021",Urban,All Ages,Persons,48.7,43.9,9.9
India,Andaman and Nicobar Islands,"PLFS Year (Jul - Jun), 2021",Rural + Urban,15-29 years,Male,66.5,55.9,16
India,Andaman and Nicobar Islands,"PLFS Year (Jul - Jun), 2021",Rural + Urban,15-29 years,Female,36.5,21.3,41.6
India,Andaman and Nicobar Islands,"PLFS Year (Jul - Jun), 2021",Rural + Urban,15-29 years,Persons,52,39.2,24.7
India,Andaman and Nicobar Islands,"PLFS Year (Jul - Jun), 2021",Rural + Urban,15-59 years,Male,87.9,83.9,4.5
India,Andaman and Nicobar Islands,"PLFS Year (Jul - Jun), 2021",Rural + Urban,15-59 years,Female,49.2,42.1,14.5
India,Andaman and Nicobar Islands,"PLFS Year (Jul - Jun), 2021",Rural + Urban,15-59 years,Persons,68.9,63.3,8
India,Andaman and Nicobar Islands,"PLFS Year (Jul - Jun), 2021",Rural + Urban,15 years and above,Male,82,78.5,4.3
India,Andaman and Nicobar Islands,"PLFS Year (Jul - Jun), 2021",Rural + Urban,15 years and above,Female,45.7,39.2,14.1
India,Andaman and Nicobar Islands,"PLFS Year (Jul - Jun), 2021",Rural + Urban,15 years and above,Persons,64.1,59.2,7.8
India,Andaman and Nicobar Islands,"PLFS Year (Jul - Jun), 2021",Rural + Urban,All Ages,Male,64.4,61.6,4.3
India,Andaman and Nicobar Islands,"PLFS Year (Jul - Jun), 2021",Rural + Urban,All Ages,Female,35.8,30.7,14.1
India,Andaman and Nicobar Islands,"PLFS Year (Jul - Jun), 2021",Rural + Urban,All Ages,Persons,50.3,46.4,7.8
India,Andhra Pradesh,"PLFS Year (Jul - Jun), 2021",Rural,15-29 years,Male,69.3,59.5,14.1
India,Andhra Pradesh,"PLFS Year (Jul - Jun), 2021",Rural,15-29 years,Female,33.2,29.5,11.2
India,Andhra Pradesh,"PLFS Year (Jul - Jun), 2021",Rural,15-29 years,Persons,51.1,44.4,13.2
India,Andhra Pradesh,"PLFS Year (Jul - Jun), 2021",Rural,15-59 years,Male,86.2,82.2,4.7
India,Andhra Pradesh,"PLFS Year (Jul - Jun), 2021",Rural,15-59 years,Female,54.6,53.2,2.7
India,Andhra Pradesh,"PLFS Year (Jul - Jun), 2021",Rural,15-59 years,Persons,69.8,67.1,3.9
India,Andhra Pradesh,"PLFS Year (Jul - Jun), 2021",Rural,15 years and above,Male,79.6,76.4,4.1
India,Andhra Pradesh,"PLFS Year (Jul - Jun), 2021",Rural,15 years and above,Female,49.4,48.1,2.5
India,Andhra Pradesh,"PLFS Year (Jul - Jun), 2021",Rural,15 years and above,Persons,64.2,62,3.5
India,Andhra Pradesh,"PLFS Year (Jul - Jun), 2021",Rural,All Ages,Male,64.2,61.6,4.1
India,Andhra Pradesh,"PLFS Year (Jul - Jun), 2021",Rural,All Ages,Female,39.8,38.8,2.5
India,Andhra Pradesh,"PLFS Year (Jul - Jun), 2021",Rural,All Ages,Persons,51.8,50,3.5
India,Andhra Pradesh,"PLFS Year (Jul - Jun), 2021",Urban,15-29 years,Male,58.5,47.1,19.6
India,Andhra Pradesh,"PLFS Year (Jul - Jun), 2021",Urban,15-29 years,Female,24.5,18.3,25.3
India,Andhra Pradesh,"PLFS Year (Jul - Jun), 2021",Urban,15-29 years,Persons,40.8,32.1,21.4
India,Andhra Pradesh,"PLFS Year (Jul - Jun), 2021",Urban,15-59 years,Male,82.1,76.8,6.4
India,Andhra Pradesh,"PLFS Year (Jul - Jun), 2021",Urban,15-59 years,Female,32.5,30.1,7.5
India,Andhra Pradesh,"PLFS Year (Jul - Jun), 2021",Urban,15-59 years,Persons,56.3,52.5,6.7
India,Andhra Pradesh,"PLFS Year (Jul - Jun), 2021",Urban,15 years and above,Male,74.9,70.4,6
India,Andhra Pradesh,"PLFS Year (Jul - Jun), 2021",Urban,15 years and above,Female,29.4,27.3,7.2
India,Andhra Pradesh,"PLFS Year (Jul - Jun), 2021",Urban,15 years and above,Persons,51.3,48.1,6.3
India,Andhra Pradesh,"PLFS Year (Jul - Jun), 2021",Urban,All Ages,Male,58.3,54.9,6
India,Andhra Pradesh,"PLFS Year (Jul - Jun), 2021",Urban,All Ages,Female,23.1,21.5,7.2
India,Andhra Pradesh,"PLFS Year (Jul - Jun), 2021",Urban,All Ages,Persons,40.2,37.6,6.3
India,Andhra Pradesh,"PLFS Year (Jul - Jun), 2021",Rural + Urban,15-29 years,Male,66,55.7,15.6
India,Andhra Pradesh,"PLFS Year (Jul - Jun), 2021",Rural + Urban,15-29 years,Female,30.5,26,14.8
India,Andhra Pradesh,"PLFS Year (Jul - Jun), 2021",Rural + Urban,15-29 years,Persons,47.9,40.6,15.3
India,Andhra Pradesh,"PLFS Year (Jul - Jun), 2021",Rural + Urban,15-59 years,Male,85,80.6,5.2
India,Andhra Pradesh,"PLFS Year (Jul - Jun), 2021",Rural + Urban,15-59 years,Female,47.9,46.1,3.7
India,Andhra Pradesh,"PLFS Year (Jul - Jun), 2021",Rural + Urban,15-59 years,Persons,65.7,62.7,4.6
India,Andhra Pradesh,"PLFS Year (Jul - Jun), 2021",Rural + Urban,15 years and above,Male,78.2,74.6,4.6
India,Andhra Pradesh,"PLFS Year (Jul - Jun), 2021",Rural + Urban,15 years and above,Female,43.3,41.8,3.5
India,Andhra Pradesh,"PLFS Year (Jul - Jun), 2021",Rural + Urban,15 years and above,Persons,60.4,57.8,4.2
India,Andhra Pradesh,"PLFS Year (Jul - Jun), 2021",Rural + Urban,All Ages,Male,62.5,59.6,4.6
India,Andhra Pradesh,"PLFS Year (Jul - Jun), 2021",Rural + Urban,All Ages,Female,34.7,33.5,3.5
India,Andhra Pradesh,"PLFS Year (Jul - Jun), 2021",Rural + Urban,All Ages,Persons,48.3,46.2,4.2
India,Arunachal Pradesh,"PLFS Year (Jul - Jun), 2021",Rural,15-29 years,Male,39.6,29.7,25
India,Arunachal Pradesh,"PLFS Year (Jul - Jun), 2021",Rural,15-29 years,Female,18.4,12.3,33
India,Arunachal Pradesh,"PLFS Year (Jul - Jun), 2021",Rural,15-29 years,Persons,29.3,21.2,27.5
India,Arunachal Pradesh,"PLFS Year (Jul - Jun), 2021",Rural,15-59 years,Male,72.9,67.9,6.9
India,Arunachal Pradesh,"PLFS Year (Jul - Jun), 2021",Rural,15-59 years,Female,33.7,30.9,8.3
India,Arunachal Pradesh,"PLFS Year (Jul - Jun), 2021",Rural,15-59 years,Persons,53.9,49.9,7.3
India,Arunachal Pradesh,"PLFS Year (Jul - Jun), 2021",Rural,15 years and above,Male,70.3,65.7,6.5
India,Arunachal Pradesh,"PLFS Year (Jul - Jun), 2021",Rural,15 years and above,Female,32.4,29.9,7.9
India,Arunachal Pradesh,"PLFS Year (Jul - Jun), 2021",Rural,15 years and above,Persons,52,48.4,6.9
India,Arunachal Pradesh,"PLFS Year (Jul - Jun), 2021",Rural,All Ages,Male,51.9,48.6,6.5
India,Arunachal Pradesh,"PLFS Year (Jul - Jun), 2021",Rural,All Ages,Female,23.3,21.4,7.9
India,Arunachal Pradesh,"PLFS Year (Jul - Jun), 2021",Rural,All Ages,Persons,37.9,35.3,6.9
India,Arunachal Pradesh,"PLFS Year (Jul - Jun), 2021",Urban,15-29 years,Male,31.1,20.3,34.9
India,Arunachal Pradesh,"PLFS Year (Jul - Jun), 2021",Urban,15-29 years,Female,17.3,7.6,56.2
India,Arunachal Pradesh,"PLFS Year (Jul - Jun), 2021",Urban,15-29 years,Persons,24.6,14.2,42
India,Arunachal Pradesh,"PLFS Year (Jul - Jun), 2021",Urban,15-59 years,Male,67.6,61.1,9.6
India,Arunachal Pradesh,"PLFS Year (Jul - Jun), 2021",Urban,15-59 years,Female,25.9,20.9,19.6
India,Arunachal Pradesh,"PLFS Year (Jul - Jun), 2021",Urban,15-59 years,Persons,47.7,41.9,12.2
India,Arunachal Pradesh,"PLFS Year (Jul - Jun), 2021",Urban,15 years and above,Male,66,59.7,9.5
India,Arunachal Pradesh,"PLFS Year (Jul - Jun), 2021",Urban,15 years and above,Female,25.1,20.2,19.5
India,Arunachal Pradesh,"PLFS Year (Jul - Jun), 2021",Urban,15 years and above,Persons,46.4,40.8,12.1
India,Arunachal Pradesh,"PLFS Year (Jul - Jun), 2021",Urban,All Ages,Male,49.6,44.9,9.5
India,Arunachal Pradesh,"PLFS Year (Jul - Jun), 2021",Urban,All Ages,Female,18.1,14.6,19.3
India,Arunachal Pradesh,"PLFS Year (Jul - Jun), 2021",Urban,All Ages,Persons,34.2,30.1,12
India,Arunachal Pradesh,"PLFS Year (Jul - Jun), 2021",Rural + Urban,15-29 years,Male,38,27.9,26.5
India,Arunachal Pradesh,"PLFS Year (Jul - Jun), 2021",Rural + Urban,15-29 years,Female,18.2,11.5,36.9
India,Arunachal Pradesh,"PLFS Year (Jul - Jun), 2021",Rural + Urban,15-29 years,Persons,28.4,20,29.7
India,Arunachal Pradesh,"PLFS Year (Jul - Jun), 2021",Rural + Urban,15-59 years,Male,72,66.7,7.4
India,Arunachal Pradesh,"PLFS Year (Jul - Jun), 2021",Rural + Urban,15-59 years,Female,32.3,29.1,9.9
India,Arunachal Pradesh,"PLFS Year (Jul - Jun), 2021",Rural + Urban,15-59 years,Persons,52.8,48.5,8.1
India,Arunachal Pradesh,"PLFS Year (Jul - Jun), 2021",Rural + Urban,15 years and above,Male,69.5,64.7,7
India,Arunachal Pradesh,"PLFS Year (Jul - Jun), 2021",Rural + Urban,15 years and above,Female,31.2,28.2,9.5
India,Arunachal Pradesh,"PLFS Year (Jul - Jun), 2021",Rural + Urban,15 years and above,Persons,51.1,47.1,7.7
India,Arunachal Pradesh,"PLFS Year (Jul - Jun), 2021",Rural + Urban,All Ages,Male,51.5,47.9,7
India,Arunachal Pradesh,"PLFS Year (Jul - Jun), 2021",Rural + Urban,All Ages,Female,22.4,20.3,9.4
India,Arunachal Pradesh,"PLFS Year (Jul - Jun), 2021",Rural + Urban,All Ages,Persons,37.3,34.4,7.7
India,Assam,"PLFS Year (Jul - Jun), 2021",Rural,15-29 years,Male,64.2,57.5,10.5
India,Assam,"PLFS Year (Jul - Jun), 2021",Rural,15-29 years,Female,22.4,20,11.1
India,Assam,"PLFS Year (Jul - Jun), 2021",Rural,15-29 years,Persons,43,38.4,10.6
India,Assam,"PLFS Year (Jul - Jun), 2021",Rural,15-59 years,Male,84.9,82.1,3.3
India,Assam,"PLFS Year (Jul - Jun), 2021",Rural,15-59 years,Female,31.5,30.3,3.7
India,Assam,"PLFS Year (Jul - Jun), 2021",Rural,15-59 years,Persons,58.7,56.7,3.4
India,Assam,"PLFS Year (Jul - Jun), 2021",Rural,15 years and above,Male,80.1,77.6,3.1
India,Assam,"PLFS Year (Jul - Jun), 2021",Rural,15 years and above,Female,29,27.9,3.5
India,Assam,"PLFS Year (Jul - Jun), 2021",Rural,15 years and above,Persons,54.9,53.1,3.2
India,Assam,"PLFS Year (Jul - Jun), 2021",Rural,All Ages,Male,56.3,54.6,3.1
India,Assam,"PLFS Year (Jul - Jun), 2021",Rural,All Ages,Female,21.3,20.6,3.5
India,Assam,"PLFS Year (Jul - Jun), 2021",Rural,All Ages,Persons,39.4,38.1,3.2
India,Assam,"PLFS Year (Jul - Jun), 2021",Urban,15-29 years,Male,59.3,47.4,20
India,Assam,"PLFS Year (Jul - Jun), 2021",Urban,15-29 years,Female,23.7,12.3,48.3
India,Assam,"PLFS Year (Jul - Jun), 2021",Urban,15-29 years,Persons,41.9,30.3,27.7
India,Assam,"PLFS Year (Jul - Jun), 2021",Urban,15-59 years,Male,82,76.4,6.8
India,Assam,"PLFS Year (Jul - Jun), 2021",Urban,15-59 years,Female,25.7,20.6,19.9
India,Assam,"PLFS Year (Jul - Jun), 2021",Urban,15-59 years,Persons,54.1,48.7,9.9
India,Assam,"PLFS Year (Jul - Jun), 2021",Urban,15 years and above,Male,74.9,70.1,6.4
India,Assam,"PLFS Year (Jul - Jun), 2021",Urban,15 years and above,Female,22.5,18.1,19.6
India,Assam,"PLFS Year (Jul - Jun), 2021",Urban,15 years and above,Persons,48.9,44.3,9.4
India,Assam,"PLFS Year (Jul - Jun), 2021",Urban,All Ages,Male,59,55.2,6.4
India,Assam,"PLFS Year (Jul - Jun), 2021",Urban,All Ages,Female,18.4,14.8,19.6
India,Assam,"PLFS Year (Jul - Jun), 2021",Urban,All Ages,Persons,39.3,35.6,9.4
India,Assam,"PLFS Year (Jul - Jun), 2021",Rural + Urban,15-29 years,Male,63.7,56.4,11.4
India,Assam,"PLFS Year (Jul - Jun), 2021",Rural + Urban,15-29 years,Female,22.6,19.2,15
India,Assam,"PLFS Year (Jul - Jun), 2021",Rural + Urban,15-29 years,Persons,42.9,37.6,12.4
India,Assam,"PLFS Year (Jul - Jun), 2021",Rural + Urban,15-59 years,Male,84.6,81.5,3.7
India,Assam,"PLFS Year (Jul - Jun), 2021",Rural + Urban,15-59 years,Female,30.9,29.3,5.2
India,Assam,"PLFS Year (Jul - Jun), 2021",Rural + Urban,15-59 years,Persons,58.2,55.8,4.1
India,Assam,"PLFS Year (Jul - Jun), 2021",Rural + Urban,15 years and above,Male,79.5,76.8,3.5
India,Assam,"PLFS Year (Jul - Jun), 2021",Rural + Urban,15 years and above,Female,28.2,26.8,5
India,Assam,"PLFS Year (Jul - Jun), 2021",Rural + Urban,15 years and above,Persons,54.2,52.1,3.9
India,Assam,"PLFS Year (Jul - Jun), 2021",Rural + Urban,All Ages,Male,56.6,54.6,3.5
India,Assam,"PLFS Year (Jul - Jun), 2021",Rural + Urban,All Ages,Female,21,20,4.9
India,Assam,"PLFS Year (Jul - Jun), 2021",Rural + Urban,All Ages,Persons,39.4,37.8,3.8
India,Bihar,"PLFS Year (Jul - Jun), 2021",Rural,15-29 years,Male,49,39.3,19.8
India,Bihar,"PLFS Year (Jul - Jun), 2021",Rural,15-29 years,Female,3.8,3.4,11.7
India,Bihar,"PLFS Year (Jul - Jun), 2021",Rural,15-29 years,Persons,27,21.8,19.2
India,Bihar,"PLFS Year (Jul - Jun), 2021",Rural,15-59 years,Male,75.9,70.8,6.7
India,Bihar,"PLFS Year (Jul - Jun), 2021",Rural,15-59 years,Female,11,10.8,2
India,Bihar,"PLFS Year (Jul - Jun), 2021",Rural,15-59 years,Persons,43.7,41.1,6.1
India,Bihar,"PLFS Year (Jul - Jun), 2021",Rural,15 years and above,Male,72.6,68.2,6
India,Bihar,"PLFS Year (Jul - Jun), 2021",Rural,15 years and above,Female,10.1,10,1.8
India,Bihar,"PLFS Year (Jul - Jun), 2021",Rural,15 years and above,Persons,41.9,39.6,5.5
India,Bihar,"PLFS Year (Jul - Jun), 2021",Rural,All Ages,Male,46.3,43.5,6
India,Bihar,"PLFS Year (Jul - Jun), 2021",Rural,All Ages,Female,6.6,6.5,1.8
India,Bihar,"PLFS Year (Jul - Jun), 2021",Rural,All Ages,Persons,27,25.5,5.5
India,Bihar,"PLFS Year (Jul - Jun), 2021",Urban,15-29 years,Male,48.1,35,27.3
India,Bihar,"PLFS Year (Jul - Jun), 2021",Urban,15-29 years,Female,8.5,5.7,32.6
India,Bihar,"PLFS Year (Jul - Jun), 2021",Urban,15-29 years,Persons,30.1,21.7,27.9
India,Bihar,"PLFS Year (Jul - Jun), 2021",Urban,15-59 years,Male,73.6,65.7,10.7
India,Bihar,"PLFS Year (Jul - Jun), 2021",Urban,15-59 years,Female,11.5,9.9,13.5
India,Bihar,"PLFS Year (Jul - Jun), 2021",Urban,15-59 years,Persons,44.1,39.2,11.1
India,Bihar,"PLFS Year (Jul - Jun), 2021",Urban,15 years and above,Male,68.7,61.8,10
India,Bihar,"PLFS Year (Jul - Jun), 2021",Urban,15 years and above,Female,10.4,9.1,12.8
India,Bihar,"PLFS Year (Jul - Jun), 2021",Urban,15 years and above,Persons,41.1,36.8,10.3
India,Bihar,"PLFS Year (Jul - Jun), 2021",Urban,All Ages,Male,48.7,43.9,10
India,Bihar,"PLFS Year (Jul - Jun), 2021",Urban,All Ages,Female,7.5,6.5,12.8
India,Bihar,"PLFS Year (Jul - Jun), 2021",Urban,All Ages,Persons,29.3,26.3,10.3
India,Bihar,"PLFS Year (Jul - Jun), 2021",Rural + Urban,15-29 years,Male,48.9,38.9,20.5
India,Bihar,"PLFS Year (Jul - Jun), 2021",Rural + Urban,15-29 years,Female,4.2,3.6,15.3
India,Bihar,"PLFS Year (Jul - Jun), 2021",Rural + Urban,15-29 years,Persons,27.3,21.8,20.1
India,Bihar,"PLFS Year (Jul - Jun), 2021",Rural + Urban,15-59 years,Male,75.6,70.3,7
India,Bihar,"PLFS Year (Jul - Jun), 2021",Rural + Urban,15-59 years,Female,11,10.7,3
India,Bihar,"PLFS Year (Jul - Jun), 2021",Rural + Urban,15-59 years,Persons,43.8,40.9,6.5
India,Bihar,"PLFS Year (Jul - Jun), 2021",Rural + Urban,15 years and above,Male,72.2,67.7,6.4
India,Bihar,"PLFS Year (Jul - Jun), 2021",Rural + Urban,15 years and above,Female,10.2,9.9,2.8
India,Bihar,"PLFS Year (Jul - Jun), 2021",Rural + Urban,15 years and above,Persons,41.8,39.3,5.9
India,Bihar,"PLFS Year (Jul - Jun), 2021",Rural + Urban,All Ages,Male,46.5,43.5,6.4
India,Bihar,"PLFS Year (Jul - Jun), 2021",Rural + Urban,All Ages,Female,6.7,6.5,2.8
India,Bihar,"PLFS Year (Jul - Jun), 2021",Rural + Urban,All Ages,Persons,27.2,25.6,6
India,Chandigarh,"PLFS Year (Jul - Jun), 2021",Rural,15-29 years,Male,64.1,55.2,13.9
India,Chandigarh,"PLFS Year (Jul - Jun), 2021",Rural,15-29 years,Female,21.7,21.3,1.8
India,Chandigarh,"PLFS Year (Jul - Jun), 2021",Rural,15-29 years,Persons,45,40,11.3
India,Chandigarh,"PLFS Year (Jul - Jun), 2021",Rural,15-59 years,Male,81.2,76.3,6
India,Chandigarh,"PLFS Year (Jul - Jun), 2021",Rural,15-59 years,Female,17,16.8,1
India,Chandigarh,"PLFS Year (Jul - Jun), 2021",Rural,15-59 years,Persons,50.3,47.7,5.2
India,Chandigarh,"PLFS Year (Jul - Jun), 2021",Rural,15 years and above,Male,75.8,71.5,5.7
India,Chandigarh,"PLFS Year (Jul - Jun), 2021",Rural,15 years and above,Female,15.6,15.5,1
India,Chandigarh,"PLFS Year (Jul - Jun), 2021",Rural,15 years and above,Persons,47.4,45,5
India,Chandigarh,"PLFS Year (Jul - Jun), 2021",Rural,All Ages,Male,55.9,52.7,5.7
India,Chandigarh,"PLFS Year (Jul - Jun), 2021",Rural,All Ages,Female,11.1,11,1
India,Chandigarh,"PLFS Year (Jul - Jun), 2021",Rural,All Ages,Persons,34.4,32.7,5
India,Chandigarh,"PLFS Year (Jul - Jun), 2021",Urban,15-29 years,Male,51.4,43.2,15.9
India,Chandigarh,"PLFS Year (Jul - Jun), 2021",Urban,15-29 years,Female,14.8,11.7,21.4
India,Chandigarh,"PLFS Year (Jul - Jun), 2021",Urban,15-29 years,Persons,34.9,29,17
India,Chandigarh,"PLFS Year (Jul - Jun), 2021",Urban,15-59 years,Male,76.1,71.4,6.2
India,Chandigarh,"PLFS Year (Jul - Jun), 2021",Urban,15-59 years,Female,19,17.4,8.3
India,Chandigarh,"PLFS Year (Jul - Jun), 2021",Urban,15-59 years,Persons,49.1,45.9,6.6
India,Chandigarh,"PLFS Year (Jul - Jun), 2021",Urban,15 years and above,Male,70.2,66,5.9
India,Chandigarh,"PLFS Year (Jul - Jun), 2021",Urban,15 years and above,Female,16.8,15.5,8.3
India,Chandigarh,"PLFS Year (Jul - Jun), 2021",Urban,15 years and above,Persons,44.9,42.1,6.3
India,Chandigarh,"PLFS Year (Jul - Jun), 2021",Urban,All Ages,Male,54.7,51.5,5.9
India,Chandigarh,"PLFS Year (Jul - Jun), 2021",Urban,All Ages,Female,13.7,12.6,8.2
India,Chandigarh,"PLFS Year (Jul - Jun), 2021",Urban,All Ages,Persons,35.5,33.3,6.3
India,Chandigarh,"PLFS Year (Jul - Jun), 2021",Rural + Urban,15-29 years,Male,52,43.8,15.8
India,Chandigarh,"PLFS Year (Jul - Jun), 2021",Rural + Urban,15-29 years,Female,15.2,12.2,19.9
India,Chandigarh,"PLFS Year (Jul - Jun), 2021",Rural + Urban,15-29 years,Persons,35.5,29.6,16.6
India,Chandigarh,"PLFS Year (Jul - Jun), 2021",Rural + Urban,15-59 years,Male,76.3,71.6,6.2
India,Chandigarh,"PLFS Year (Jul - Jun), 2021",Rural + Urban,15-59 years,Female,18.9,17.4,8
India,Chandigarh,"PLFS Year (Jul - Jun), 2021",Rural + Urban,15-59 years,Persons,49.2,46,6.5
India,Chandigarh,"PLFS Year (Jul - Jun), 2021",Rural + Urban,15 years and above,Male,70.4,66.3,5.9
India,Chandigarh,"PLFS Year (Jul - Jun), 2021",Rural + Urban,15 years and above,Female,16.8,15.5,8
India,Chandigarh,"PLFS Year (Jul - Jun), 2021",Rural + Urban,15 years and above,Persons,45.1,42.2,6.3
India,Chandigarh,"PLFS Year (Jul - Jun), 2021",Rural + Urban,All Ages,Male,54.8,51.5,5.9
India,Chandigarh,"PLFS Year (Jul - Jun), 2021",Rural + Urban,All Ages,Female,13.5,12.5,7.9
India,Chandigarh,"PLFS Year (Jul - Jun), 2021",Rural + Urban,All Ages,Persons,35.5,33.3,6.3
India,Chhattisgarh,"PLFS Year (Jul - Jun), 2021",Rural,15-29 years,Male,68,64.3,5.5
India,Chhattisgarh,"PLFS Year (Jul - Jun), 2021",Rural,15-29 years,Female,38.6,37.4,3.1
India,Chhattisgarh,"PLFS Year (Jul - Jun), 2021",Rural,15-29 years,Persons,52.5,50.1,4.6
India,Chhattisgarh,"PLFS Year (Jul - Jun), 2021",Rural,15-59 years,Male,85.6,83.8,2.1
India,Chhattisgarh,"PLFS Year (Jul - Jun), 2021",Rural,15-59 years,Female,60.2,59.7,0.9
India,Chhattisgarh,"PLFS Year (Jul - Jun), 2021",Rural,15-59 years,Persons,72.7,71.6,1.6
India,Chhattisgarh,"PLFS Year (Jul - Jun), 2021",Rural,15 years and above,Male,82.4,80.9,1.9
India,Chhattisgarh,"PLFS Year (Jul - Jun), 2021",Rural,15 years and above,Female,55.8,55.3,0.8
India,Chhattisgarh,"PLFS Year (Jul - Jun), 2021",Rural,15 years and above,Persons,68.8,67.8,1.5
India,Chhattisgarh,"PLFS Year (Jul - Jun), 2021",Rural,All Ages,Male,60.4,59.2,1.9
India,Chhattisgarh,"PLFS Year (Jul - Jun), 2021",Rural,All Ages,Female,42.2,41.7,1.2
India,Chhattisgarh,"PLFS Year (Jul - Jun), 2021",Rural,All Ages,Persons,51.2,50.4,1.6
India,Chhattisgarh,"PLFS Year (Jul - Jun), 2021",Urban,15-29 years,Male,64.7,54,16.5
India,Chhattisgarh,"PLFS Year (Jul - Jun), 2021",Urban,15-29 years,Female,25.9,20.1,22.2
India,Chhattisgarh,"PLFS Year (Jul - Jun), 2021",Urban,15-29 years,Persons,46.2,37.8,18
India,Chhattisgarh,"PLFS Year (Jul - Jun), 2021",Urban,15-59 years,Male,83.7,77.8,7
India,Chhattisgarh,"PLFS Year (Jul - Jun), 2021",Urban,15-59 years,Female,36.1,32.8,9.1
India,Chhattisgarh,"PLFS Year (Jul - Jun), 2021",Urban,15-59 years,Persons,60.1,55.6,7.6
India,Chhattisgarh,"PLFS Year (Jul - Jun), 2021",Urban,15 years and above,Male,79.5,74.2,6.6
India,Chhattisgarh,"PLFS Year (Jul - Jun), 2021",Urban,15 years and above,Female,33.3,30.4,8.8
India,Chhattisgarh,"PLFS Year (Jul - Jun), 2021",Urban,15 years and above,Persons,56.5,52.4,7.2
India,Chhattisgarh,"PLFS Year (Jul - Jun), 2021",Urban,All Ages,Male,61.3,57.3,6.6
India,Chhattisgarh,"PLFS Year (Jul - Jun), 2021",Urban,All Ages,Female,25.8,23.5,8.7
India,Chhattisgarh,"PLFS Year (Jul - Jun), 2021",Urban,All Ages,Persons,43.6,40.5,7.2
India,Chhattisgarh,"PLFS Year (Jul - Jun), 2021",Rural + Urban,15-29 years,Male,67.3,62.3,7.6
India,Chhattisgarh,"PLFS Year (Jul - Jun), 2021",Rural + Urban,15-29 years,Female,36.5,34.5,5.4
India,Chhattisgarh,"PLFS Year (Jul - Jun), 2021",Rural + Urban,15-29 years,Persons,51.4,47.9,6.7
India,Chhattisgarh,"PLFS Year (Jul - Jun), 2021",Rural + Urban,15-59 years,Male,85.2,82.6,3
India,Chhattisgarh,"PLFS Year (Jul - Jun), 2021",Rural + Urban,15-59 years,Female,55.6,54.5,1.9
India,Chhattisgarh,"PLFS Year (Jul - Jun), 2021",Rural + Urban,15-59 years,Persons,70.3,68.4,2.6
India,Chhattisgarh,"PLFS Year (Jul - Jun), 2021",Rural + Urban,15 years and above,Male,81.9,79.6,2.8
India,Chhattisgarh,"PLFS Year (Jul - Jun), 2021",Rural + Urban,15 years and above,Female,51.6,50.6,1.8
India,Chhattisgarh,"PLFS Year (Jul - Jun), 2021",Rural + Urban,15 years and above,Persons,66.5,64.9,2.4
India,Chhattisgarh,"PLFS Year (Jul - Jun), 2021",Rural + Urban,All Ages,Male,60.5,58.8,2.8
India,Chhattisgarh,"PLFS Year (Jul - Jun), 2021",Rural + Urban,All Ages,Female,39.2,38.3,2.1
India,Chhattisgarh,"PLFS Year (Jul - Jun), 2021",Rural + Urban,All Ages,Persons,49.8,48.5,2.5
India,Delhi,"PLFS Year (Jul - Jun), 2021",Rural,15-29 years,Male,76.6,68.9,10.1
India,Delhi,"PLFS Year (Jul - Jun), 2021",Rural,15-29 years,Female,13.7,13.7,0
India,Delhi,"PLFS Year (Jul - Jun), 2021",Rural,15-29 years,Persons,52.8,48,9.1
India,Delhi,"PLFS Year (Jul - Jun), 2021",Rural,15-59 years,Male,83.4,79.8,4.3
India,Delhi,"PLFS Year (Jul - Jun), 2021",Rural,15-59 years,Female,9.4,9.4,0
India,Delhi,"PLFS Year (Jul - Jun), 2021",Rural,15-59 years,Persons,50.6,48.6,3.9
India,Delhi,"PLFS Year (Jul - Jun), 2021",Rural,15 years and above,Male,78.7,75.3,4.3
India,Delhi,"PLFS Year (Jul - Jun), 2021",Rural,15 years and above,Female,8.8,8.8,0
India,Delhi,"PLFS Year (Jul - Jun), 2021",Rural,15 years and above,Persons,47.4,45.6,3.9
India,Delhi,"PLFS Year (Jul - Jun), 2021",Rural,All Ages,Male,63.7,61,4.3
India,Delhi,"PLFS Year (Jul - Jun), 2021",Rural,All Ages,Female,6,6,0
India,Delhi,"PLFS Year (Jul - Jun), 2021",Rural,All Ages,Persons,35.6,34.2,3.9
India,Delhi,"PLFS Year (Jul - Jun), 2021",Urban,15-29 years,Male,57,51.5,9.7
India,Delhi,"PLFS Year (Jul - Jun), 2021",Urban,15-29 years,Female,13.4,11.8,11.4
India,Delhi,"PLFS Year (Jul - Jun), 2021",Urban,15-29 years,Persons,37.4,33.7,10
India,Delhi,"PLFS Year (Jul - Jun), 2021",Urban,15-59 years,Male,79.3,75.1,5.3
India,Delhi,"PLFS Year (Jul - Jun), 2021",Urban,15-59 years,Female,14.3,13.4,6.2
India,Delhi,"PLFS Year (Jul - Jun), 2021",Urban,15-59 years,Persons,49.7,47,5.4
India,Delhi,"PLFS Year (Jul - Jun), 2021",Urban,15 years and above,Male,72.4,68.7,5.2
India,Delhi,"PLFS Year (Jul - Jun), 2021",Urban,15 years and above,Female,12.3,11.6,6.2
India,Delhi,"PLFS Year (Jul - Jun), 2021",Urban,15 years and above,Persons,44.5,42.2,5.3
India,Delhi,"PLFS Year (Jul - Jun), 2021",Urban,All Ages,Male,57.2,54.3,5.2
India,Delhi,"PLFS Year (Jul - Jun), 2021",Urban,All Ages,Female,9.5,8.9,6.2
India,Delhi,"PLFS Year (Jul - Jun), 2021",Urban,All Ages,Persons,34.8,32.9,5.3
India,Delhi,"PLFS Year (Jul - Jun), 2021",Rural + Urban,15-29 years,Male,57.8,52.1,9.7
India,Delhi,"PLFS Year (Jul - Jun), 2021",Rural + Urban,15-29 years,Female,13.4,11.9,11
India,Delhi,"PLFS Year (Jul - Jun), 2021",Rural + Urban,15-29 years,Persons,37.9,34.1,9.9
India,Delhi,"PLFS Year (Jul - Jun), 2021",Rural + Urban,15-59 years,Male,79.5,75.3,5.3
India,Delhi,"PLFS Year (Jul - Jun), 2021",Rural + Urban,15-59 years,Female,14.2,13.3,6
India,Delhi,"PLFS Year (Jul - Jun), 2021",Rural + Urban,15-59 years,Persons,49.7,47.1,5.4
India,Delhi,"PLFS Year (Jul - Jun), 2021",Rural + Urban,15 years and above,Male,72.6,68.9,5.1
India,Delhi,"PLFS Year (Jul - Jun), 2021",Rural + Urban,15 years and above,Female,12.2,11.5,6
India,Delhi,"PLFS Year (Jul - Jun), 2021",Rural + Urban,15 years and above,Persons,44.6,42.3,5.3
India,Delhi,"PLFS Year (Jul - Jun), 2021",Rural + Urban,All Ages,Male,57.5,54.5,5.1
India,Delhi,"PLFS Year (Jul - Jun), 2021",Rural + Urban,All Ages,Female,9.4,8.8,6
India,Delhi,"PLFS Year (Jul - Jun), 2021",Rural + Urban,All Ages,Persons,34.8,33,5.3
India,Goa,"PLFS Year (Jul - Jun), 2021",Rural,15-29 years,Male,66.4,47.4,28.6
India,Goa,"PLFS Year (Jul - Jun), 2021",Rural,15-29 years,Female,28,15.9,43.3
India,Goa,"PLFS Year (Jul - Jun), 2021",Rural,15-29 years,Persons,45.4,30.2,33.6
India,Goa,"PLFS Year (Jul - Jun), 2021",Rural,15-59 years,Male,87.6,77.7,11.2
India,Goa,"PLFS Year (Jul - Jun), 2021",Rural,15-59 years,Female,24.1,19.4,19.4
India,Goa,"PLFS Year (Jul - Jun), 2021",Rural,15-59 years,Persons,56,48.7,13
India,Goa,"PLFS Year (Jul - Jun), 2021",Rural,15 years and above,Male,75.3,67.3,10.7
India,Goa,"PLFS Year (Jul - Jun), 2021",Rural,15 years and above,Female,19.6,15.8,19
India,Goa,"PLFS Year (Jul - Jun), 2021",Rural,15 years and above,Persons,47.2,41.3,12.5
India,Goa,"PLFS Year (Jul - Jun), 2021",Rural,All Ages,Male,62.1,55.4,10.7
India,Goa,"PLFS Year (Jul - Jun), 2021",Rural,All Ages,Female,16.2,13.1,19
India,Goa,"PLFS Year (Jul - Jun), 2021",Rural,All Ages,Persons,39,34.1,12.5
India,Goa,"PLFS Year (Jul - Jun), 2021",Urban,15-29 years,Male,56.5,45,20.4
India,Goa,"PLFS Year (Jul - Jun), 2021",Urban,15-29 years,Female,24.1,11.9,50.7
India,Goa,"PLFS Year (Jul - Jun), 2021",Urban,15-29 years,Persons,41.9,30.1,28.2
India,Goa,"PLFS Year (Jul - Jun), 2021",Urban,15-59 years,Male,83.4,75.4,9.6
India,Goa,"PLFS Year (Jul - Jun), 2021",Urban,15-59 years,Female,26.8,21.3,20.3
India,Goa,"PLFS Year (Jul - Jun), 2021",Urban,15-59 years,Persons,56.3,49.5,12.1
India,Goa,"PLFS Year (Jul - Jun), 2021",Urban,15 years and above,Male,72.5,65.8,9.3
India,Goa,"PLFS Year (Jul - Jun), 2021",Urban,15 years and above,Female,21.4,17.1,20.1
India,Goa,"PLFS Year (Jul - Jun), 2021",Urban,15 years and above,Persons,47.3,41.8,11.7
India,Goa,"PLFS Year (Jul - Jun), 2021",Urban,All Ages,Male,56.9,51.6,9.2
India,Goa,"PLFS Year (Jul - Jun), 2021",Urban,All Ages,Female,17.5,14,20.1
India,Goa,"PLFS Year (Jul - Jun), 2021",Urban,All Ages,Persons,37.9,33.5,11.6
India,Goa,"PLFS Year (Jul - Jun), 2021",Rural + Urban,15-29 years,Male,60,45.8,23.6
India,Goa,"PLFS Year (Jul - Jun), 2021",Rural + Urban,15-29 years,Female,25.8,13.7,47.1
India,Goa,"PLFS Year (Jul - Jun), 2021",Rural + Urban,15-29 years,Persons,43.3,30.1,30.5
India,Goa,"PLFS Year (Jul - Jun), 2021",Rural + Urban,15-59 years,Male,85,76.3,10.3
India,Goa,"PLFS Year (Jul - Jun), 2021",Rural + Urban,15-59 years,Female,25.7,20.6,20
India,Goa,"PLFS Year (Jul - Jun), 2021",Rural + Urban,15-59 years,Persons,56.2,49.2,12.4
India,Goa,"PLFS Year (Jul - Jun), 2021",Rural + Urban,15 years and above,Male,73.6,66.3,9.9
India,Goa,"PLFS Year (Jul - Jun), 2021",Rural + Urban,15 years and above,Female,20.7,16.6,19.7
India,Goa,"PLFS Year (Jul - Jun), 2021",Rural + Urban,15 years and above,Persons,47.3,41.6,12
India,Goa,"PLFS Year (Jul - Jun), 2021",Rural + Urban,All Ages,Male,58.8,53.1,9.8
India,Goa,"PLFS Year (Jul - Jun), 2021",Rural + Urban,All Ages,Female,17,13.6,19.7
India,Goa,"PLFS Year (Jul - Jun), 2021",Rural + Urban,All Ages,Persons,38.3,33.8,12
India,Gujarat,"PLFS Year (Jul - Jun), 2021",Rural,15-29 years,Male,69,65.3,5.3
India,Gujarat,"PLFS Year (Jul - Jun), 2021",Rural,15-29 years,Female,34.6,33.8,2.3
India,Gujarat,"PLFS Year (Jul - Jun), 2021",Rural,15-29 years,Persons,52.8,50.4,4.4
India,Gujarat,"PLFS Year (Jul - Jun), 2021",Rural,15-59 years,Male,84.7,82.9,2.1
India,Gujarat,"PLFS Year (Jul - Jun), 2021",Rural,15-59 years,Female,47.6,47.2,0.7
India,Gujarat,"PLFS Year (Jul - Jun), 2021",Rural,15-59 years,Persons,66.7,65.7,1.6
India,Gujarat,"PLFS Year (Jul - Jun), 2021",Rural,15 years and above,Male,80.4,78.9,1.9
India,Gujarat,"PLFS Year (Jul - Jun), 2021",Rural,15 years and above,Female,43.7,43.4,0.7
India,Gujarat,"PLFS Year (Jul - Jun), 2021",Rural,15 years and above,Persons,62.5,61.6,1.5
India,Gujarat,"PLFS Year (Jul - Jun), 2021",Rural,All Ages,Male,61.9,60.8,1.9
India,Gujarat,"PLFS Year (Jul - Jun), 2021",Rural,All Ages,Female,34.1,33.9,0.7
India,Gujarat,"PLFS Year (Jul - Jun), 2021",Rural,All Ages,Persons,48.5,47.8,1.5
India,Gujarat,"PLFS Year (Jul - Jun), 2021",Urban,15-29 years,Male,68.7,63.6,7.5
India,Gujarat,"PLFS Year (Jul - Jun), 2021",Urban,15-29 years,Female,20,18.8,6.2
India,Gujarat,"PLFS Year (Jul - Jun), 2021",Urban,15-29 years,Persons,46.6,43.3,7.3
India,Gujarat,"PLFS Year (Jul - Jun), 2021",Urban,15-59 years,Male,84.8,82.3,3
India,Gujarat,"PLFS Year (Jul - Jun), 2021",Urban,15-59 years,Female,24.1,23.4,2.9
India,Gujarat,"PLFS Year (Jul - Jun), 2021",Urban,15-59 years,Persons,56.5,54.8,3
India,Gujarat,"PLFS Year (Jul - Jun), 2021",Urban,15 years and above,Male,79.2,77,2.8
India,Gujarat,"PLFS Year (Jul - Jun), 2021",Urban,15 years and above,Female,21.7,21.1,2.9
India,Gujarat,"PLFS Year (Jul - Jun), 2021",Urban,15 years and above,Persons,52,50.5,2.8
India,Gujarat,"PLFS Year (Jul - Jun), 2021",Urban,All Ages,Male,61.5,59.8,2.8
India,Gujarat,"PLFS Year (Jul - Jun), 2021",Urban,All Ages,Female,17.3,16.8,2.9
India,Gujarat,"PLFS Year (Jul - Jun), 2021",Urban,All Ages,Persons,40.8,39.6,2.8
India,Gujarat,"PLFS Year (Jul - Jun), 2021",Rural + Urban,15-29 years,Male,68.9,64.6,6.3
India,Gujarat,"PLFS Year (Jul - Jun), 2021",Rural + Urban,15-29 years,Female,28.5,27.5,3.5
India,Gujarat,"PLFS Year (Jul - Jun), 2021",Rural + Urban,15-29 years,Persons,50.1,47.3,5.6
India,Gujarat,"PLFS Year (Jul - Jun), 2021",Rural + Urban,15-59 years,Male,84.7,82.6,2.5
India,Gujarat,"PLFS Year (Jul - Jun), 2021",Rural + Urban,15-59 years,Female,37.5,37.1,1.3
India,Gujarat,"PLFS Year (Jul - Jun), 2021",Rural + Urban,15-59 years,Persons,62.2,60.9,2.1
India,Gujarat,"PLFS Year (Jul - Jun), 2021",Rural + Urban,15 years and above,Male,79.9,78.1,2.3
India,Gujarat,"PLFS Year (Jul - Jun), 2021",Rural + Urban,15 years and above,Female,34.4,33.9,1.3
India,Gujarat,"PLFS Year (Jul - Jun), 2021",Rural + Urban,15 years and above,Persons,58,56.8,2
India,Gujarat,"PLFS Year (Jul - Jun), 2021",Rural + Urban,All Ages,Male,61.7,60.3,2.3
India,Gujarat,"PLFS Year (Jul - Jun), 2021",Rural + Urban,All Ages,Female,27,26.7,1.3
India,Gujarat,"PLFS Year (Jul - Jun), 2021",Rural + Urban,All Ages,Persons,45.2,44.3,2
India,Haryana,"PLFS Year (Jul - Jun), 2021",Rural,15-29 years,Male,56.5,43.8,22.5
India,Haryana,"PLFS Year (Jul - Jun), 2021",Rural,15-29 years,Female,12.5,8.3,33.5
India,Haryana,"PLFS Year (Jul - Jun), 2021",Rural,15-29 years,Persons,37,28.1,24.1
India,Haryana,"PLFS Year (Jul - Jun), 2021",Rural,15-59 years,Male,76.6,69.3,9.5
India,Haryana,"PLFS Year (Jul - Jun), 2021",Rural,15-59 years,Female,21,19.1,9.2
India,Haryana,"PLFS Year (Jul - Jun), 2021",Rural,15-59 years,Persons,50.8,46,9.5
India,Haryana,"PLFS Year (Jul - Jun), 2021",Rural,15 years and above,Male,71.6,65.1,9.1
India,Haryana,"PLFS Year (Jul - Jun), 2021",Rural,15 years and above,Female,18.7,17.1,8.8
India,Haryana,"PLFS Year (Jul - Jun), 2021",Rural,15 years and above,Persons,46.5,42.3,9
India,Haryana,"PLFS Year (Jul - Jun), 2021",Rural,All Ages,Male,53.5,48.6,9.1
India,Haryana,"PLFS Year (Jul - Jun), 2021",Rural,All Ages,Female,14.3,13,8.8
India,Haryana,"PLFS Year (Jul - Jun), 2021",Rural,All Ages,Persons,35,31.9,9
India,Haryana,"PLFS Year (Jul - Jun), 2021",Urban,15-29 years,Male,56.6,45.3,19.9
India,Haryana,"PLFS Year (Jul - Jun), 2021",Urban,15-29 years,Female,15.6,11,29.7
India,Haryana,"PLFS Year (Jul - Jun), 2021",Urban,15-29 years,Persons,38.3,30,21.7
India,Haryana,"PLFS Year (Jul - Jun), 2021",Urban,15-59 years,Male,77.5,70.6,8.9
India,Haryana,"PLFS Year (Jul - Jun), 2021",Urban,15-59 years,Female,21.9,19.8,9.7
India,Haryana,"PLFS Year (Jul - Jun), 2021",Urban,15-59 years,Persons,51.3,46.7,9
India,Haryana,"PLFS Year (Jul - Jun), 2021",Urban,15 years and above,Male,71.2,65,8.7
India,Haryana,"PLFS Year (Jul - Jun), 2021",Urban,15 years and above,Female,19.7,17.9,9.5
India,Haryana,"PLFS Year (Jul - Jun), 2021",Urban,15 years and above,Persons,47,42.8,8.9
India,Haryana,"PLFS Year (Jul - Jun), 2021",Urban,All Ages,Male,54.7,50,8.7
India,Haryana,"PLFS Year (Jul - Jun), 2021",Urban,All Ages,Female,15.3,13.8,9.4
India,Haryana,"PLFS Year (Jul - Jun), 2021",Urban,All Ages,Persons,36.2,33,8.9
India,Haryana,"PLFS Year (Jul - Jun), 2021",Rural + Urban,15-29 years,Male,56.6,44.3,21.6
India,Haryana,"PLFS Year (Jul - Jun), 2021",Rural + Urban,15-29 years,Female,13.5,9.2,32
India,Haryana,"PLFS Year (Jul - Jun), 2021",Rural + Urban,15-29 years,Persons,37.4,28.7,23.3
India,Haryana,"PLFS Year (Jul - Jun), 2021",Rural + Urban,15-59 years,Male,76.9,69.8,9.3
India,Haryana,"PLFS Year (Jul - Jun), 2021",Rural + Urban,15-59 years,Female,21.4,19.3,9.4
India,Haryana,"PLFS Year (Jul - Jun), 2021",Rural + Urban,15-59 years,Persons,51,46.2,9.3
India,Haryana,"PLFS Year (Jul - Jun), 2021",Rural + Urban,15 years and above,Male,71.4,65,8.9
India,Haryana,"PLFS Year (Jul - Jun), 2021",Rural + Urban,15 years and above,Female,19.1,17.4,9.1
India,Haryana,"PLFS Year (Jul - Jun), 2021",Rural + Urban,15 years and above,Persons,46.7,42.5,9
India,Haryana,"PLFS Year (Jul - Jun), 2021",Rural + Urban,All Ages,Male,53.9,49.1,8.9
India,Haryana,"PLFS Year (Jul - Jun), 2021",Rural + Urban,All Ages,Female,14.6,13.3,9.1
India,Haryana,"PLFS Year (Jul - Jun), 2021",Rural + Urban,All Ages,Persons,35.4,32.3,9
India,Himachal Pradesh,"PLFS Year (Jul - Jun), 2021",Rural,15-29 years,Male,69.7,59.2,15
India,Himachal Pradesh,"PLFS Year (Jul - Jun), 2021",Rural,15-29 years,Female,51.5,47.7,7.4
India,Himachal Pradesh,"PLFS Year (Jul - Jun), 2021",Rural,15-29 years,Persons,60.5,53.4,11.8
India,Himachal Pradesh,"PLFS Year (Jul - Jun), 2021",Rural,15-59 years,Male,86.8,82.2,5.3
India,Himachal Pradesh,"PLFS Year (Jul - Jun), 2021",Rural,15-59 years,Female,74.2,72,2.9
India,Himachal Pradesh,"PLFS Year (Jul - Jun), 2021",Rural,15-59 years,Persons,80.3,76.9,4.2
India,Himachal Pradesh,"PLFS Year (Jul - Jun), 2021",Rural,15 years and above,Male,83.5,79.7,4.5
India,Himachal Pradesh,"PLFS Year (Jul - Jun), 2021",Rural,15 years and above,Female,68.8,67,2.6
India,Himachal Pradesh,"PLFS Year (Jul - Jun), 2021",Rural,15 years and above,Persons,75.9,73.1,3.6
India,Himachal Pradesh,"PLFS Year (Jul - Jun), 2021",Rural,All Ages,Male,64.6,61.6,4.5
India,Himachal Pradesh,"PLFS Year (Jul - Jun), 2021",Rural,All Ages,Female,54.3,52.8,2.6
India,Himachal Pradesh,"PLFS Year (Jul - Jun), 2021",Rural,All Ages,Persons,59.3,57.1,3.6
India,Himachal Pradesh,"PLFS Year (Jul - Jun), 2021",Urban,15-29 years,Male,60.3,50.8,15.7
India,Himachal Pradesh,"PLFS Year (Jul - Jun), 2021",Urban,15-29 years,Female,29.8,17.9,40
India,Himachal Pradesh,"PLFS Year (Jul - Jun), 2021",Urban,15-29 years,Persons,45.9,35.3,23.1
India,Himachal Pradesh,"PLFS Year (Jul - Jun), 2021",Urban,15-59 years,Male,83.1,78.8,5.2
India,Himachal Pradesh,"PLFS Year (Jul - Jun), 2021",Urban,15-59 years,Female,42.6,35.1,17.7
India,Himachal Pradesh,"PLFS Year (Jul - Jun), 2021",Urban,15-59 years,Persons,64.2,58.4,9
India,Himachal Pradesh,"PLFS Year (Jul - Jun), 2021",Urban,15 years and above,Male,76.4,72.7,4.9
India,Himachal Pradesh,"PLFS Year (Jul - Jun), 2021",Urban,15 years and above,Female,38.8,32.1,17.3
India,Himachal Pradesh,"PLFS Year (Jul - Jun), 2021",Urban,15 years and above,Persons,58.9,53.8,8.7
India,Himachal Pradesh,"PLFS Year (Jul - Jun), 2021",Urban,All Ages,Male,61,58,4.9
India,Himachal Pradesh,"PLFS Year (Jul - Jun), 2021",Urban,All Ages,Female,31.5,26.1,17.3
India,Himachal Pradesh,"PLFS Year (Jul - Jun), 2021",Urban,All Ages,Persons,47.4,43.3,8.7
India,Himachal Pradesh,"PLFS Year (Jul - Jun), 2021",Rural + Urban,15-29 years,Male,68.5,58.2,15.1
India,Himachal Pradesh,"PLFS Year (Jul - Jun), 2021",Rural + Urban,15-29 years,Female,49.2,44.5,9.5
India,Himachal Pradesh,"PLFS Year (Jul - Jun), 2021",Rural + Urban,15-29 years,Persons,58.9,51.3,12.8
India,Himachal Pradesh,"PLFS Year (Jul - Jun), 2021",Rural + Urban,15-59 years,Male,86.4,81.8,5.3
India,Himachal Pradesh,"PLFS Year (Jul - Jun), 2021",Rural + Urban,15-59 years,Female,71.2,68.5,3.8
India,Himachal Pradesh,"PLFS Year (Jul - Jun), 2021",Rural + Urban,15-59 years,Persons,78.6,75,4.6
India,Himachal Pradesh,"PLFS Year (Jul - Jun), 2021",Rural + Urban,15 years and above,Male,82.7,78.9,4.6
India,Himachal Pradesh,"PLFS Year (Jul - Jun), 2021",Rural + Urban,15 years and above,Female,66.1,63.8,3.4
India,Himachal Pradesh,"PLFS Year (Jul - Jun), 2021",Rural + Urban,15 years and above,Persons,74.2,71.2,4
India,Himachal Pradesh,"PLFS Year (Jul - Jun), 2021",Rural + Urban,All Ages,Male,64.2,61.2,4.6
India,Himachal Pradesh,"PLFS Year (Jul - Jun), 2021",Rural + Urban,All Ages,Female,52.3,50.5,3.4
India,Himachal Pradesh,"PLFS Year (Jul - Jun), 2021",Rural + Urban,All Ages,Persons,58.1,55.8,4
India,Jammu and Kashmir,"PLFS Year (Jul - Jun), 2021",Rural,15-29 years,Male,59.4,54.6,8.1
India,Jammu and Kashmir,"PLFS Year (Jul - Jun), 2021",Rural,15-29 years,Female,35.2,29.3,16.8
India,Jammu and Kashmir,"PLFS Year (Jul - Jun), 2021",Rural,15-29 years,Persons,47.5,42.2,11.2
India,Jammu and Kashmir,"PLFS Year (Jul - Jun), 2021",Rural,15-59 years,Male,81.3,79.2,2.7
India,Jammu and Kashmir,"PLFS Year (Jul - Jun), 2021",Rural,15-59 years,Female,51.5,48.3,6.2
India,Jammu and Kashmir,"PLFS Year (Jul - Jun), 2021",Rural,15-59 years,Persons,66.7,64,4
India,Jammu and Kashmir,"PLFS Year (Jul - Jun), 2021",Rural,15 years and above,Male,78.3,76.4,2.4
India,Jammu and Kashmir,"PLFS Year (Jul - Jun), 2021",Rural,15 years and above,Female,48.5,45.7,5.8
India,Jammu and Kashmir,"PLFS Year (Jul - Jun), 2021",Rural,15 years and above,Persons,63.9,61.6,3.7
India,Jammu and Kashmir,"PLFS Year (Jul - Jun), 2021",Rural,All Ages,Male,58,56.6,2.4
India,Jammu and Kashmir,"PLFS Year (Jul - Jun), 2021",Rural,All Ages,Female,36.6,34.4,5.8
India,Jammu and Kashmir,"PLFS Year (Jul - Jun), 2021",Rural,All Ages,Persons,47.7,45.9,3.7
India,Jammu and Kashmir,"PLFS Year (Jul - Jun), 2021",Urban,15-29 years,Male,54.8,42,23.3
India,Jammu and Kashmir,"PLFS Year (Jul - Jun), 2021",Urban,15-29 years,Female,33.5,20.2,39.7
India,Jammu and Kashmir,"PLFS Year (Jul - Jun), 2021",Urban,15-29 years,Persons,44.9,31.8,29
India,Jammu and Kashmir,"PLFS Year (Jul - Jun), 2021",Urban,15-59 years,Male,79.2,72.6,8.3
India,Jammu and Kashmir,"PLFS Year (Jul - Jun), 2021",Urban,15-59 years,Female,34,25,26.6
India,Jammu and Kashmir,"PLFS Year (Jul - Jun), 2021",Urban,15-59 years,Persons,57.2,49.5,13.5
India,Jammu and Kashmir,"PLFS Year (Jul - Jun), 2021",Urban,15 years and above,Male,72.3,66.7,7.8
India,Jammu and Kashmir,"PLFS Year (Jul - Jun), 2021",Urban,15 years and above,Female,30.4,22.5,25.8
India,Jammu and Kashmir,"PLFS Year (Jul - Jun), 2021",Urban,15 years and above,Persons,52,45.3,12.9
India,Jammu and Kashmir,"PLFS Year (Jul - Jun), 2021",Urban,All Ages,Male,57.4,53,7.8
India,Jammu and Kashmir,"PLFS Year (Jul - Jun), 2021",Urban,All Ages,Female,23.9,17.7,25.8
India,Jammu and Kashmir,"PLFS Year (Jul - Jun), 2021",Urban,All Ages,Persons,41.1,35.8,12.9
India,Jammu and Kashmir,"PLFS Year (Jul - Jun), 2021",Rural + Urban,15-29 years,Male,58.5,52.1,10.9
India,Jammu and Kashmir,"PLFS Year (Jul - Jun), 2021",Rural + Urban,15-29 years,Female,34.9,27.6,20.8
India,Jammu and Kashmir,"PLFS Year (Jul - Jun), 2021",Rural + Urban,15-29 years,Persons,47,40.2,14.4
India,Jammu and Kashmir,"PLFS Year (Jul - Jun), 2021",Rural + Urban,15-59 years,Male,80.9,77.9,3.8
India,Jammu and Kashmir,"PLFS Year (Jul - Jun), 2021",Rural + Urban,15-59 years,Female,48.1,43.7,9
India,Jammu and Kashmir,"PLFS Year (Jul - Jun), 2021",Rural + Urban,15-59 years,Persons,64.8,61.1,5.7
India,Jammu and Kashmir,"PLFS Year (Jul - Jun), 2021",Rural + Urban,15 years and above,Male,77.1,74.5,3.4
India,Jammu and Kashmir,"PLFS Year (Jul - Jun), 2021",Rural + Urban,15 years and above,Female,44.9,41.1,8.5
India,Jammu and Kashmir,"PLFS Year (Jul - Jun), 2021",Rural + Urban,15 years and above,Persons,61.5,58.3,5.2
India,Jammu and Kashmir,"PLFS Year (Jul - Jun), 2021",Rural + Urban,All Ages,Male,57.9,55.9,3.4
India,Jammu and Kashmir,"PLFS Year (Jul - Jun), 2021",Rural + Urban,All Ages,Female,34.1,31.2,8.5
India,Jammu and Kashmir,"PLFS Year (Jul - Jun), 2021",Rural + Urban,All Ages,Persons,46.4,44,5.2
India,Jharkhand,"PLFS Year (Jul - Jun), 2021",Rural,15-29 years,Male,69.3,66.6,3.8
India,Jharkhand,"PLFS Year (Jul - Jun), 2021",Rural,15-29 years,Female,41.8,41.7,0.3
India,Jharkhand,"PLFS Year (Jul - Jun), 2021",Rural,15-29 years,Persons,55.1,53.8,2.4
India,Jharkhand,"PLFS Year (Jul - Jun), 2021",Rural,15-59 years,Male,84.7,82.8,2.2
India,Jharkhand,"PLFS Year (Jul - Jun), 2021",Rural,15-59 years,Female,54.6,54.5,0.1
India,Jharkhand,"PLFS Year (Jul - Jun), 2021",Rural,15-59 years,Persons,69.3,68.4,1.4
India,Jharkhand,"PLFS Year (Jul - Jun), 2021",Rural,15 years and above,Male,81.4,79.7,2
India,Jharkhand,"PLFS Year (Jul - Jun), 2021",Rural,15 years and above,Female,51.9,51.9,0.1
India,Jharkhand,"PLFS Year (Jul - Jun), 2021",Rural,15 years and above,Persons,66.3,65.5,1.2
India,Jharkhand,"PLFS Year (Jul - Jun), 2021",Rural,All Ages,Male,56,54.9,2
India,Jharkhand,"PLFS Year (Jul - Jun), 2021",Rural,All Ages,Female,36.8,36.8,0.1
India,Jharkhand,"PLFS Year (Jul - Jun), 2021",Rural,All Ages,Persons,46.3,45.8,1.2
India,Jharkhand,"PLFS Year (Jul - Jun), 2021",Urban,15-29 years,Male,54.8,47.6,13.1
India,Jharkhand,"PLFS Year (Jul - Jun), 2021",Urban,15-29 years,Female,18.5,15.6,15.7
India,Jharkhand,"PLFS Year (Jul - Jun), 2021",Urban,15-29 years,Persons,36,31.1,13.8
India,Jharkhand,"PLFS Year (Jul - Jun), 2021",Urban,15-59 years,Male,77.8,73.1,6
India,Jharkhand,"PLFS Year (Jul - Jun), 2021",Urban,15-59 years,Female,22.3,20.5,8.1
India,Jharkhand,"PLFS Year (Jul - Jun), 2021",Urban,15-59 years,Persons,49.4,46.2,6.5
India,Jharkhand,"PLFS Year (Jul - Jun), 2021",Urban,15 years and above,Male,71.8,67.8,5.6
India,Jharkhand,"PLFS Year (Jul - Jun), 2021",Urban,15 years and above,Female,20.2,18.6,8
India,Jharkhand,"PLFS Year (Jul - Jun), 2021",Urban,15 years and above,Persons,45.7,42.9,6.1
India,Jharkhand,"PLFS Year (Jul - Jun), 2021",Urban,All Ages,Male,53,50,5.6
India,Jharkhand,"PLFS Year (Jul - Jun), 2021",Urban,All Ages,Female,16,14.7,8
India,Jharkhand,"PLFS Year (Jul - Jun), 2021",Urban,All Ages,Persons,34.9,32.7,6.1
India,Jharkhand,"PLFS Year (Jul - Jun), 2021",Rural + Urban,15-29 years,Male,66.3,62.8,5.4
India,Jharkhand,"PLFS Year (Jul - Jun), 2021",Rural + Urban,15-29 years,Female,37.1,36.4,1.9
India,Jharkhand,"PLFS Year (Jul - Jun), 2021",Rural + Urban,15-29 years,Persons,51.2,49.2,4.1
India,Jharkhand,"PLFS Year (Jul - Jun), 2021",Rural + Urban,15-59 years,Male,83.2,80.8,3
India,Jharkhand,"PLFS Year (Jul - Jun), 2021",Rural + Urban,15-59 years,Female,47.7,47.2,0.9
India,Jharkhand,"PLFS Year (Jul - Jun), 2021",Rural + Urban,15-59 years,Persons,65.1,63.6,2.2
India,Jharkhand,"PLFS Year (Jul - Jun), 2021",Rural + Urban,15 years and above,Male,79.3,77.2,2.7
India,Jharkhand,"PLFS Year (Jul - Jun), 2021",Rural + Urban,15 years and above,Female,45.2,44.8,0.8
India,Jharkhand,"PLFS Year (Jul - Jun), 2021",Rural + Urban,15 years and above,Persons,61.9,60.7,2
India,Jharkhand,"PLFS Year (Jul - Jun), 2021",Rural + Urban,All Ages,Male,55.4,53.9,2.7
India,Jharkhand,"PLFS Year (Jul - Jun), 2021",Rural + Urban,All Ages,Female,32.8,32.5,0.8
India,Jharkhand,"PLFS Year (Jul - Jun), 2021",Rural + Urban,All Ages,Persons,44.1,43.2,2
India,Karnataka,"PLFS Year (Jul - Jun), 2021",Rural,15-29 years,Male,65.3,58.9,9.7
India,Karnataka,"PLFS Year (Jul - Jun), 2021",Rural,15-29 years,Female,19.3,18,6.6
India,Karnataka,"PLFS Year (Jul - Jun), 2021",Rural,15-29 years,Persons,42.6,38.8,9
India,Karnataka,"PLFS Year (Jul - Jun), 2021",Rural,15-59 years,Male,85.5,82.9,3.1
India,Karnataka,"PLFS Year (Jul - Jun), 2021",Rural,15-59 years,Female,40,39.6,1.2
India,Karnataka,"PLFS Year (Jul - Jun), 2021",Rural,15-59 years,Persons,63.1,61.5,2.5
India,Karnataka,"PLFS Year (Jul - Jun), 2021",Rural,15 years and above,Male,78.6,76.4,2.8
India,Karnataka,"PLFS Year (Jul - Jun), 2021",Rural,15 years and above,Female,36.3,35.9,1.1
India,Karnataka,"PLFS Year (Jul - Jun), 2021",Rural,15 years and above,Persons,57.7,56.4,2.3
India,Karnataka,"PLFS Year (Jul - Jun), 2021",Rural,All Ages,Male,61.9,60.2,2.8
India,Karnataka,"PLFS Year (Jul - Jun), 2021",Rural,All Ages,Female,28.2,27.9,1.1
India,Karnataka,"PLFS Year (Jul - Jun), 2021",Rural,All Ages,Persons,45.1,44.1,2.3
India,Karnataka,"PLFS Year (Jul - Jun), 2021",Urban,15-29 years,Male,58.5,50.6,13.4
India,Karnataka,"PLFS Year (Jul - Jun), 2021",Urban,15-29 years,Female,20.7,17.1,17.3
India,Karnataka,"PLFS Year (Jul - Jun), 2021",Urban,15-29 years,Persons,40,34.3,14.4
India,Karnataka,"PLFS Year (Jul - Jun), 2021",Urban,15-59 years,Male,81.8,77.8,4.8
India,Karnataka,"PLFS Year (Jul - Jun), 2021",Urban,15-59 years,Female,27.1,25.4,6.5
India,Karnataka,"PLFS Year (Jul - Jun), 2021",Urban,15-59 years,Persons,55.1,52.2,5.2
India,Karnataka,"PLFS Year (Jul - Jun), 2021",Urban,15 years and above,Male,74.7,71.3,4.6
India,Karnataka,"PLFS Year (Jul - Jun), 2021",Urban,15 years and above,Female,23.7,22.2,6.3
India,Karnataka,"PLFS Year (Jul - Jun), 2021",Urban,15 years and above,Persons,49.6,47.1,5
India,Karnataka,"PLFS Year (Jul - Jun), 2021",Urban,All Ages,Male,59.8,57.1,4.6
India,Karnataka,"PLFS Year (Jul - Jun), 2021",Urban,All Ages,Female,18.7,17.5,6.3
India,Karnataka,"PLFS Year (Jul - Jun), 2021",Urban,All Ages,Persons,39.4,37.4,5
India,Karnataka,"PLFS Year (Jul - Jun), 2021",Rural + Urban,15-29 years,Male,62.7,55.8,11
India,Karnataka,"PLFS Year (Jul - Jun), 2021",Rural + Urban,15-29 years,Female,19.8,17.7,10.8
India,Karnataka,"PLFS Year (Jul - Jun), 2021",Rural + Urban,15-29 years,Persons,41.7,37.1,10.9
India,Karnataka,"PLFS Year (Jul - Jun), 2021",Rural + Urban,15-59 years,Male,84.1,81,3.7
India,Karnataka,"PLFS Year (Jul - Jun), 2021",Rural + Urban,15-59 years,Female,35.3,34.3,2.7
India,Karnataka,"PLFS Year (Jul - Jun), 2021",Rural + Urban,15-59 years,Persons,60.1,58.1,3.4
India,Karnataka,"PLFS Year (Jul - Jun), 2021",Rural + Urban,15 years and above,Male,77.2,74.6,3.4
India,Karnataka,"PLFS Year (Jul - Jun), 2021",Rural + Urban,15 years and above,Female,31.8,31,2.5
India,Karnataka,"PLFS Year (Jul - Jun), 2021",Rural + Urban,15 years and above,Persons,54.7,53,3.2
India,Karnataka,"PLFS Year (Jul - Jun), 2021",Rural + Urban,All Ages,Male,61.2,59.1,3.4
India,Karnataka,"PLFS Year (Jul - Jun), 2021",Rural + Urban,All Ages,Female,24.8,24.2,2.5
India,Karnataka,"PLFS Year (Jul - Jun), 2021",Rural + Urban,All Ages,Persons,43.1,41.7,3.2
India,Kerala,"PLFS Year (Jul - Jun), 2021",Rural,15-29 years,Male,57,43,24.6
India,Kerala,"PLFS Year (Jul - Jun), 2021",Rural,15-29 years,Female,26.3,14.4,45.2
India,Kerala,"PLFS Year (Jul - Jun), 2021",Rural,15-29 years,Persons,42.1,29.1,30.9
India,Kerala,"PLFS Year (Jul - Jun), 2021",Rural,15-59 years,Male,81.2,74.5,8.3
India,Kerala,"PLFS Year (Jul - Jun), 2021",Rural,15-59 years,Female,45.7,39,14.7
India,Kerala,"PLFS Year (Jul - Jun), 2021",Rural,15-59 years,Persons,62.6,55.8,10.7
India,Kerala,"PLFS Year (Jul - Jun), 2021",Rural,15 years and above,Male,75.2,70,6.9
India,Kerala,"PLFS Year (Jul - Jun), 2021",Rural,15 years and above,Female,40.4,35.4,12.4
India,Kerala,"PLFS Year (Jul - Jun), 2021",Rural,15 years and above,Persons,56.6,51.5,9
India,Kerala,"PLFS Year (Jul - Jun), 2021",Rural,All Ages,Male,61.1,56.8,6.9
India,Kerala,"PLFS Year (Jul - Jun), 2021",Rural,All Ages,Female,33.4,29.3,12.4
India,Kerala,"PLFS Year (Jul - Jun), 2021",Rural,All Ages,Persons,46.4,42.2,9
India,Kerala,"PLFS Year (Jul - Jun), 2021",Urban,15-29 years,Male,55.6,42.6,23.4
India,Kerala,"PLFS Year (Jul - Jun), 2021",Urban,15-29 years,Female,27.5,14.8,46.1
India,Kerala,"PLFS Year (Jul - Jun), 2021",Urban,15-29 years,Persons,41.6,28.8,30.9
India,Kerala,"PLFS Year (Jul - Jun), 2021",Urban,15-59 years,Male,80.5,73.3,8.9
India,Kerala,"PLFS Year (Jul - Jun), 2021",Urban,15-59 years,Female,38.5,31.9,17.1
India,Kerala,"PLFS Year (Jul - Jun), 2021",Urban,15-59 years,Persons,58.4,51.6,11.7
India,Kerala,"PLFS Year (Jul - Jun), 2021",Urban,15 years and above,Male,71.6,66,7.9
India,Kerala,"PLFS Year (Jul - Jun), 2021",Urban,15 years and above,Female,33.5,28.5,15
India,Kerala,"PLFS Year (Jul - Jun), 2021",Urban,15 years and above,Persons,51.5,46.1,10.3
India,Kerala,"PLFS Year (Jul - Jun), 2021",Urban,All Ages,Male,57.1,52.6,7.9
India,Kerala,"PLFS Year (Jul - Jun), 2021",Urban,All Ages,Female,27.2,23.1,15
India,Kerala,"PLFS Year (Jul - Jun), 2021",Urban,All Ages,Persons,41.4,37.2,10.3
India,Kerala,"PLFS Year (Jul - Jun), 2021",Rural + Urban,15-29 years,Male,56.4,42.8,24
India,Kerala,"PLFS Year (Jul - Jun), 2021",Rural + Urban,15-29 years,Female,26.9,14.6,45.7
India,Kerala,"PLFS Year (Jul - Jun), 2021",Rural + Urban,15-29 years,Persons,41.9,28.9,30.9
India,Kerala,"PLFS Year (Jul - Jun), 2021",Rural + Urban,15-59 years,Male,80.9,73.9,8.6
India,Kerala,"PLFS Year (Jul - Jun), 2021",Rural + Urban,15-59 years,Female,42.1,35.5,15.8
India,Kerala,"PLFS Year (Jul - Jun), 2021",Rural + Urban,15-59 years,Persons,60.5,53.7,11.2
India,Kerala,"PLFS Year (Jul - Jun), 2021",Rural + Urban,15 years and above,Male,73.4,68,7.4
India,Kerala,"PLFS Year (Jul - Jun), 2021",Rural + Urban,15 years and above,Female,37,32,13.5
India,Kerala,"PLFS Year (Jul - Jun), 2021",Rural + Urban,15 years and above,Persons,54,48.8,9.6
India,Kerala,"PLFS Year (Jul - Jun), 2021",Rural + Urban,All Ages,Male,59.1,54.7,7.4
India,Kerala,"PLFS Year (Jul - Jun), 2021",Rural + Urban,All Ages,Female,30.3,26.2,13.5
India,Kerala,"PLFS Year (Jul - Jun), 2021",Rural + Urban,All Ages,Persons,43.9,39.7,9.6
India,Ladakh,"PLFS Year (Jul - Jun), 2021",Rural,15-29 years,Male,38.5,28,27.2
India,Ladakh,"PLFS Year (Jul - Jun), 2021",Rural,15-29 years,Female,32.1,32.1,0
India,Ladakh,"PLFS Year (Jul - Jun), 2021",Rural,15-29 years,Persons,35,30.3,13.4
India,Ladakh,"PLFS Year (Jul - Jun), 2021",Rural,15-59 years,Male,77.6,74,4.6
India,Ladakh,"PLFS Year (Jul - Jun), 2021",Rural,15-59 years,Female,46.5,46.2,0.7
India,Ladakh,"PLFS Year (Jul - Jun), 2021",Rural,15-59 years,Persons,62.2,60.2,3.2
India,Ladakh,"PLFS Year (Jul - Jun), 2021",Rural,15 years and above,Male,75,71.9,4.1
India,Ladakh,"PLFS Year (Jul - Jun), 2021",Rural,15 years and above,Female,48,47.7,0.6
India,Ladakh,"PLFS Year (Jul - Jun), 2021",Rural,15 years and above,Persons,61.6,59.9,2.7
India,Ladakh,"PLFS Year (Jul - Jun), 2021",Rural,All Ages,Male,54,51.8,4.1
India,Ladakh,"PLFS Year (Jul - Jun), 2021",Rural,All Ages,Female,36.6,36.4,0.6
India,Ladakh,"PLFS Year (Jul - Jun), 2021",Rural,All Ages,Persons,45.6,44.4,2.7
India,Ladakh,"PLFS Year (Jul - Jun), 2021",Urban,15-29 years,Male,34.1,30,12.2
India,Ladakh,"PLFS Year (Jul - Jun), 2021",Urban,15-29 years,Female,19.3,8.5,55.8
India,Ladakh,"PLFS Year (Jul - Jun), 2021",Urban,15-29 years,Persons,27.4,20.3,26.1
India,Ladakh,"PLFS Year (Jul - Jun), 2021",Urban,15-59 years,Male,68.3,62.8,8.1
India,Ladakh,"PLFS Year (Jul - Jun), 2021",Urban,15-59 years,Female,39.8,34.3,13.8
India,Ladakh,"PLFS Year (Jul - Jun), 2021",Urban,15-59 years,Persons,54.1,48.6,10.2
India,Ladakh,"PLFS Year (Jul - Jun), 2021",Urban,15 years and above,Male,62.3,57.6,7.5
India,Ladakh,"PLFS Year (Jul - Jun), 2021",Urban,15 years and above,Female,34.5,29.8,13.7
India,Ladakh,"PLFS Year (Jul - Jun), 2021",Urban,15 years and above,Persons,48.5,43.8,9.7
India,Ladakh,"PLFS Year (Jul - Jun), 2021",Urban,All Ages,Male,52.2,48.3,7.5
India,Ladakh,"PLFS Year (Jul - Jun), 2021",Urban,All Ages,Female,26.7,23,13.7
India,Ladakh,"PLFS Year (Jul - Jun), 2021",Urban,All Ages,Persons,39,35.3,9.7
India,Ladakh,"PLFS Year (Jul - Jun), 2021",Rural + Urban,15-29 years,Male,37.9,28.3,25.4
India,Ladakh,"PLFS Year (Jul - Jun), 2021",Rural + Urban,15-29 years,Female,30.9,29.8,3.4
India,Ladakh,"PLFS Year (Jul - Jun), 2021",Rural + Urban,15-29 years,Persons,34.1,29.1,14.6
India,Ladakh,"PLFS Year (Jul - Jun), 2021",Rural + Urban,15-59 years,Male,76.6,72.8,5
India,Ladakh,"PLFS Year (Jul - Jun), 2021",Rural + Urban,15-59 years,Female,45.8,44.9,1.9
India,Ladakh,"PLFS Year (Jul - Jun), 2021",Rural + Urban,15-59 years,Persons,61.3,59,3.8
India,Ladakh,"PLFS Year (Jul - Jun), 2021",Rural + Urban,15 years and above,Male,73.6,70.3,4.4
India,Ladakh,"PLFS Year (Jul - Jun), 2021",Rural + Urban,15 years and above,Female,46.5,45.8,1.6
India,Ladakh,"PLFS Year (Jul - Jun), 2021",Rural + Urban,15 years and above,Persons,60.1,58.1,3.3
India,Ladakh,"PLFS Year (Jul - Jun), 2021",Rural + Urban,All Ages,Male,53.9,51.5,4.4
India,Ladakh,"PLFS Year (Jul - Jun), 2021",Rural + Urban,All Ages,Female,35.5,34.9,1.6
India,Ladakh,"PLFS Year (Jul - Jun), 2021",Rural + Urban,All Ages,Persons,44.9,43.4,3.3
India,Lakshadweep,"PLFS Year (Jul - Jun), 2021",Rural,15-29 years,Male,60,50.7,15.4
India,Lakshadweep,"PLFS Year (Jul - Jun), 2021",Rural,15-29 years,Female,5.6,0.7,86.7
India,Lakshadweep,"PLFS Year (Jul - Jun), 2021",Rural,15-29 years,Persons,26.3,19.8,24.7
India,Lakshadweep,"PLFS Year (Jul - Jun), 2021",Rural,15-59 years,Male,91.2,86.1,5.6
India,Lakshadweep,"PLFS Year (Jul - Jun), 2021",Rural,15-59 years,Female,17.2,15.3,11.2
India,Lakshadweep,"PLFS Year (Jul - Jun), 2021",Rural,15-59 years,Persons,50.9,47.5,6.6
India,Lakshadweep,"PLFS Year (Jul - Jun), 2021",Rural,15 years and above,Male,82.4,77.8,5.6
India,Lakshadweep,"PLFS Year (Jul - Jun), 2021",Rural,15 years and above,Female,15.6,13.8,11.2
India,Lakshadweep,"PLFS Year (Jul - Jun), 2021",Rural,15 years and above,Persons,46.1,43,6.6
India,Lakshadweep,"PLFS Year (Jul - Jun), 2021",Rural,All Ages,Male,60.3,56.9,5.6
India,Lakshadweep,"PLFS Year (Jul - Jun), 2021",Rural,All Ages,Female,12.1,10.8,11.2
India,Lakshadweep,"PLFS Year (Jul - Jun), 2021",Rural,All Ages,Persons,34.8,32.5,6.6
India,Lakshadweep,"PLFS Year (Jul - Jun), 2021",Urban,15-29 years,Male,47.5,27.7,41.7
India,Lakshadweep,"PLFS Year (Jul - Jun), 2021",Urban,15-29 years,Female,30.4,8.4,72.5
India,Lakshadweep,"PLFS Year (Jul - Jun), 2021",Urban,15-29 years,Persons,40,19.3,51.9
India,Lakshadweep,"PLFS Year (Jul - Jun), 2021",Urban,15-59 years,Male,77.7,65.2,16.1
India,Lakshadweep,"PLFS Year (Jul - Jun), 2021",Urban,15-59 years,Female,19.6,11,43.9
India,Lakshadweep,"PLFS Year (Jul - Jun), 2021",Urban,15-59 years,Persons,49.6,39,21.4
India,Lakshadweep,"PLFS Year (Jul - Jun), 2021",Urban,15 years and above,Male,70.2,59.1,15.8
India,Lakshadweep,"PLFS Year (Jul - Jun), 2021",Urban,15 years and above,Female,17.3,9.7,43.9
India,Lakshadweep,"PLFS Year (Jul - Jun), 2021",Urban,15 years and above,Persons,44.5,35.1,21.1
India,Lakshadweep,"PLFS Year (Jul - Jun), 2021",Urban,All Ages,Male,54.9,46.3,15.8
India,Lakshadweep,"PLFS Year (Jul - Jun), 2021",Urban,All Ages,Female,13.8,7.7,43.9
India,Lakshadweep,"PLFS Year (Jul - Jun), 2021",Urban,All Ages,Persons,35.2,27.8,21.1
India,Lakshadweep,"PLFS Year (Jul - Jun), 2021",Rural + Urban,15-29 years,Male,49.2,31,37.1
India,Lakshadweep,"PLFS Year (Jul - Jun), 2021",Rural + Urban,15-29 years,Female,24,6.4,73.4
India,Lakshadweep,"PLFS Year (Jul - Jun), 2021",Rural + Urban,15-29 years,Persons,37.3,19.4,48.1
India,Lakshadweep,"PLFS Year (Jul - Jun), 2021",Rural + Urban,15-59 years,Male,81,70.3,13.2
India,Lakshadweep,"PLFS Year (Jul - Jun), 2021",Rural + Urban,15-59 years,Female,18.9,12.3,35.2
India,Lakshadweep,"PLFS Year (Jul - Jun), 2021",Rural + Urban,15-59 years,Persons,50,41.3,17.4
India,Lakshadweep,"PLFS Year (Jul - Jun), 2021",Rural + Urban,15 years and above,Male,73.2,63.7,13
India,Lakshadweep,"PLFS Year (Jul - Jun), 2021",Rural + Urban,15 years and above,Female,16.8,10.9,35.2
India,Lakshadweep,"PLFS Year (Jul - Jun), 2021",Rural + Urban,15 years and above,Persons,44.9,37.2,17.2
India,Lakshadweep,"PLFS Year (Jul - Jun), 2021",Rural + Urban,All Ages,Male,56.3,49,13
India,Lakshadweep,"PLFS Year (Jul - Jun), 2021",Rural + Urban,All Ages,Female,13.3,8.6,35.2
India,Lakshadweep,"PLFS Year (Jul - Jun), 2021",Rural + Urban,All Ages,Persons,35.1,29.1,17.2
India,Madhya Pradesh,"PLFS Year (Jul - Jun), 2021",Rural,15-29 years,Male,73.1,69.4,5.1
India,Madhya Pradesh,"PLFS Year (Jul - Jun), 2021",Rural,15-29 years,Female,26.7,26.5,0.9
India,Madhya Pradesh,"PLFS Year (Jul - Jun), 2021",Rural,15-29 years,Persons,50.8,48.8,4
India,Madhya Pradesh,"PLFS Year (Jul - Jun), 2021",Rural,15-59 years,Male,87.3,85.5,2.1
India,Madhya Pradesh,"PLFS Year (Jul - Jun), 2021",Rural,15-59 years,Female,50.4,50.3,0.3
India,Madhya Pradesh,"PLFS Year (Jul - Jun), 2021",Rural,15-59 years,Persons,69.4,68.4,1.4
India,Madhya Pradesh,"PLFS Year (Jul - Jun), 2021",Rural,15 years and above,Male,84.8,83.2,1.9
India,Madhya Pradesh,"PLFS Year (Jul - Jun), 2021",Rural,15 years and above,Female,46.9,46.8,0.3
India,Madhya Pradesh,"PLFS Year (Jul - Jun), 2021",Rural,15 years and above,Persons,66.3,65.4,1.3
India,Madhya Pradesh,"PLFS Year (Jul - Jun), 2021",Rural,All Ages,Male,62.3,61.2,1.9
India,Madhya Pradesh,"PLFS Year (Jul - Jun), 2021",Rural,All Ages,Female,34.1,34,0.3
India,Madhya Pradesh,"PLFS Year (Jul - Jun), 2021",Rural,All Ages,Persons,48.5,47.8,1.3
India,Madhya Pradesh,"PLFS Year (Jul - Jun), 2021",Urban,15-29 years,Male,55.5,47.7,14
India,Madhya Pradesh,"PLFS Year (Jul - Jun), 2021",Urban,15-29 years,Female,14.8,12.3,16.8
India,Madhya Pradesh,"PLFS Year (Jul - Jun), 2021",Urban,15-29 years,Persons,37.5,32.1,14.5
India,Madhya Pradesh,"PLFS Year (Jul - Jun), 2021",Urban,15-59 years,Male,78.8,74.7,5.3
India,Madhya Pradesh,"PLFS Year (Jul - Jun), 2021",Urban,15-59 years,Female,24.9,23.7,5.1
India,Madhya Pradesh,"PLFS Year (Jul - Jun), 2021",Urban,15-59 years,Persons,53.1,50.4,5.2
India,Madhya Pradesh,"PLFS Year (Jul - Jun), 2021",Urban,15 years and above,Male,73.5,69.9,4.9
India,Madhya Pradesh,"PLFS Year (Jul - Jun), 2021",Urban,15 years and above,Female,23.2,22.1,4.8
India,Madhya Pradesh,"PLFS Year (Jul - Jun), 2021",Urban,15 years and above,Persons,49.4,47,4.9
India,Madhya Pradesh,"PLFS Year (Jul - Jun), 2021",Urban,All Ages,Male,57.1,54.3,4.9
India,Madhya Pradesh,"PLFS Year (Jul - Jun), 2021",Urban,All Ages,Female,18,17.1,4.8
India,Madhya Pradesh,"PLFS Year (Jul - Jun), 2021",Urban,All Ages,Persons,38.4,36.5,4.9
India,Madhya Pradesh,"PLFS Year (Jul - Jun), 2021",Rural + Urban,15-29 years,Male,68.6,63.9,6.9
India,Madhya Pradesh,"PLFS Year (Jul - Jun), 2021",Rural + Urban,15-29 years,Female,24,23.3,3.1
India,Madhya Pradesh,"PLFS Year (Jul - Jun), 2021",Rural + Urban,15-29 years,Persons,47.6,44.7,6
India,Madhya Pradesh,"PLFS Year (Jul - Jun), 2021",Rural + Urban,15-59 years,Male,85.2,82.8,2.8
India,Madhya Pradesh,"PLFS Year (Jul - Jun), 2021",Rural + Urban,15-59 years,Female,44.1,43.7,1
India,Madhya Pradesh,"PLFS Year (Jul - Jun), 2021",Rural + Urban,15-59 years,Persons,65.3,63.9,2.2
India,Madhya Pradesh,"PLFS Year (Jul - Jun), 2021",Rural + Urban,15 years and above,Male,81.9,79.7,2.6
India,Madhya Pradesh,"PLFS Year (Jul - Jun), 2021",Rural + Urban,15 years and above,Female,41,40.6,0.9
India,Madhya Pradesh,"PLFS Year (Jul - Jun), 2021",Rural + Urban,15 years and above,Persons,62,60.7,2.1
India,Madhya Pradesh,"PLFS Year (Jul - Jun), 2021",Rural + Urban,All Ages,Male,61,59.5,2.6
India,Madhya Pradesh,"PLFS Year (Jul - Jun), 2021",Rural + Urban,All Ages,Female,30.2,30,0.9
India,Madhya Pradesh,"PLFS Year (Jul - Jun), 2021",Rural + Urban,All Ages,Persons,46,45.1,2.1
India,Maharashtra,"PLFS Year (Jul - Jun), 2021",Rural,15-29 years,Male,59.1,53.5,9.5
India,Maharashtra,"PLFS Year (Jul - Jun), 2021",Rural,15-29 years,Female,22.9,20.3,11.2
India,Maharashtra,"PLFS Year (Jul - Jun), 2021",Rural,15-29 years,Persons,42.7,38.5,9.9
India,Maharashtra,"PLFS Year (Jul - Jun), 2021",Rural,15-59 years,Male,81.4,78.7,3.3
India,Maharashtra,"PLFS Year (Jul - Jun), 2021",Rural,15-59 years,Female,51,50,1.9
India,Maharashtra,"PLFS Year (Jul - Jun), 2021",Rural,15-59 years,Persons,66.8,64.9,2.8
India,Maharashtra,"PLFS Year (Jul - Jun), 2021",Rural,15 years and above,Male,77.4,75.1,3
India,Maharashtra,"PLFS Year (Jul - Jun), 2021",Rural,15 years and above,Female,46.7,45.9,1.7
India,Maharashtra,"PLFS Year (Jul - Jun), 2021",Rural,15 years and above,Persons,62.5,60.9,2.5
India,Maharashtra,"PLFS Year (Jul - Jun), 2021",Rural,All Ages,Male,59.6,57.8,3
India,Maharashtra,"PLFS Year (Jul - Jun), 2021",Rural,All Ages,Female,36.4,35.8,1.7
India,Maharashtra,"PLFS Year (Jul - Jun), 2021",Rural,All Ages,Persons,48.3,47.1,2.5
India,Maharashtra,"PLFS Year (Jul - Jun), 2021",Urban,15-29 years,Male,58.9,52,11.8
India,Maharashtra,"PLFS Year (Jul - Jun), 2021",Urban,15-29 years,Female,24.7,21.2,14.5
India,Maharashtra,"PLFS Year (Jul - Jun), 2021",Urban,15-29 years,Persons,42.8,37.5,12.5
India,Maharashtra,"PLFS Year (Jul - Jun), 2021",Urban,15-59 years,Male,81.6,77.6,5
India,Maharashtra,"PLFS Year (Jul - Jun), 2021",Urban,15-59 years,Female,30.6,28.9,5.7
India,Maharashtra,"PLFS Year (Jul - Jun), 2021",Urban,15-59 years,Persons,57,54,5.2
India,Maharashtra,"PLFS Year (Jul - Jun), 2021",Urban,15 years and above,Male,75.2,71.6,4.8
India,Maharashtra,"PLFS Year (Jul - Jun), 2021",Urban,15 years and above,Female,27.6,26.1,5.5
India,Maharashtra,"PLFS Year (Jul - Jun), 2021",Urban,15 years and above,Persons,52,49.4,5
India,Maharashtra,"PLFS Year (Jul - Jun), 2021",Urban,All Ages,Male,59.5,56.6,4.8
India,Maharashtra,"PLFS Year (Jul - Jun), 2021",Urban,All Ages,Female,21.7,20.5,5.5
India,Maharashtra,"PLFS Year (Jul - Jun), 2021",Urban,All Ages,Persons,41,39,5
India,Maharashtra,"PLFS Year (Jul - Jun), 2021",Rural + Urban,15-29 years,Male,59,52.8,10.5
India,Maharashtra,"PLFS Year (Jul - Jun), 2021",Rural + Urban,15-29 years,Female,23.7,20.7,12.7
India,Maharashtra,"PLFS Year (Jul - Jun), 2021",Rural + Urban,15-29 years,Persons,42.8,38,11.1
India,Maharashtra,"PLFS Year (Jul - Jun), 2021",Rural + Urban,15-59 years,Male,81.5,78.2,4.1
India,Maharashtra,"PLFS Year (Jul - Jun), 2021",Rural + Urban,15-59 years,Female,41.9,40.6,3.2
India,Maharashtra,"PLFS Year (Jul - Jun), 2021",Rural + Urban,15-59 years,Persons,62.4,60.1,3.8
India,Maharashtra,"PLFS Year (Jul - Jun), 2021",Rural + Urban,15 years and above,Male,76.4,73.6,3.7
India,Maharashtra,"PLFS Year (Jul - Jun), 2021",Rural + Urban,15 years and above,Female,38.4,37.3,2.9
India,Maharashtra,"PLFS Year (Jul - Jun), 2021",Rural + Urban,15 years and above,Persons,57.9,55.9,3.5
India,Maharashtra,"PLFS Year (Jul - Jun), 2021",Rural + Urban,All Ages,Male,59.5,57.3,3.7
India,Maharashtra,"PLFS Year (Jul - Jun), 2021",Rural + Urban,All Ages,Female,30,29.2,2.9
India,Maharashtra,"PLFS Year (Jul - Jun), 2021",Rural + Urban,All Ages,Persons,45.2,43.6,3.5
India,Manipur,"PLFS Year (Jul - Jun), 2021",Rural,15-29 years,Male,37.6,28,25.5
India,Manipur,"PLFS Year (Jul - Jun), 2021",Rural,15-29 years,Female,17.4,10.6,38.7
India,Manipur,"PLFS Year (Jul - Jun), 2021",Rural,15-29 years,Persons,27.6,19.4,29.6
India,Manipur,"PLFS Year (Jul - Jun), 2021",Rural,15-59 years,Male,72.3,66.3,8.4
India,Manipur,"PLFS Year (Jul - Jun), 2021",Rural,15-59 years,Female,24.7,20.9,15.2
India,Manipur,"PLFS Year (Jul - Jun), 2021",Rural,15-59 years,Persons,48.5,43.6,10.1
India,Manipur,"PLFS Year (Jul - Jun), 2021",Rural,15 years and above,Male,65.8,60.6,7.8
India,Manipur,"PLFS Year (Jul - Jun), 2021",Rural,15 years and above,Female,22.7,19.4,14.4
India,Manipur,"PLFS Year (Jul - Jun), 2021",Rural,15 years and above,Persons,44.5,40.3,9.5
India,Manipur,"PLFS Year (Jul - Jun), 2021",Rural,All Ages,Male,47.3,43.6,7.8
India,Manipur,"PLFS Year (Jul - Jun), 2021",Rural,All Ages,Female,16.6,14.2,14.4
India,Manipur,"PLFS Year (Jul - Jun), 2021",Rural,All Ages,Persons,32.4,29.3,9.5
India,Manipur,"PLFS Year (Jul - Jun), 2021",Urban,15-29 years,Male,32.4,23.1,28.7
India,Manipur,"PLFS Year (Jul - Jun), 2021",Urban,15-29 years,Female,16.3,9.4,42.3
India,Manipur,"PLFS Year (Jul - Jun), 2021",Urban,15-29 years,Persons,24.6,16.5,33.1
India,Manipur,"PLFS Year (Jul - Jun), 2021",Urban,15-59 years,Male,71.2,66,7.3
India,Manipur,"PLFS Year (Jul - Jun), 2021",Urban,15-59 years,Female,27.1,24.2,10.6
India,Manipur,"PLFS Year (Jul - Jun), 2021",Urban,15-59 years,Persons,49,45,8.2
India,Manipur,"PLFS Year (Jul - Jun), 2021",Urban,15 years and above,Male,64.9,60.5,6.8
India,Manipur,"PLFS Year (Jul - Jun), 2021",Urban,15 years and above,Female,25.2,22.7,9.8
India,Manipur,"PLFS Year (Jul - Jun), 2021",Urban,15 years and above,Persons,44.9,41.5,7.6
India,Manipur,"PLFS Year (Jul - Jun), 2021",Urban,All Ages,Male,48.1,44.8,6.8
India,Manipur,"PLFS Year (Jul - Jun), 2021",Urban,All Ages,Female,19.3,17.4,9.8
India,Manipur,"PLFS Year (Jul - Jun), 2021",Urban,All Ages,Persons,33.9,31.3,7.7
India,Manipur,"PLFS Year (Jul - Jun), 2021",Rural + Urban,15-29 years,Male,36.3,26.8,26.2
India,Manipur,"PLFS Year (Jul - Jun), 2021",Rural + Urban,15-29 years,Female,17.1,10.3,39.6
India,Manipur,"PLFS Year (Jul - Jun), 2021",Rural + Urban,15-29 years,Persons,26.9,18.7,30.4
India,Manipur,"PLFS Year (Jul - Jun), 2021",Rural + Urban,15-59 years,Male,72,66.2,8.1
India,Manipur,"PLFS Year (Jul - Jun), 2021",Rural + Urban,15-59 years,Female,25.3,21.8,13.9
India,Manipur,"PLFS Year (Jul - Jun), 2021",Rural + Urban,15-59 years,Persons,48.6,44,9.6
India,Manipur,"PLFS Year (Jul - Jun), 2021",Rural + Urban,15 years and above,Male,65.5,60.6,7.6
India,Manipur,"PLFS Year (Jul - Jun), 2021",Rural + Urban,15 years and above,Female,23.4,20.3,13
India,Manipur,"PLFS Year (Jul - Jun), 2021",Rural + Urban,15 years and above,Persons,44.7,40.6,9
India,Manipur,"PLFS Year (Jul - Jun), 2021",Rural + Urban,All Ages,Male,47.5,44,7.6
India,Manipur,"PLFS Year (Jul - Jun), 2021",Rural + Urban,All Ages,Female,17.4,15.1,13
India,Manipur,"PLFS Year (Jul - Jun), 2021",Rural + Urban,All Ages,Persons,32.8,29.8,9
India,Meghalaya,"PLFS Year (Jul - Jun), 2021",Rural,15-29 years,Male,51.9,50.3,3.1
India,Meghalaya,"PLFS Year (Jul - Jun), 2021",Rural,15-29 years,Female,35.2,32.5,7.7
India,Meghalaya,"PLFS Year (Jul - Jun), 2021",Rural,15-29 years,Persons,43.5,41.3,5
India,Meghalaya,"PLFS Year (Jul - Jun), 2021",Rural,15-59 years,Male,77,76.2,1
India,Meghalaya,"PLFS Year (Jul - Jun), 2021",Rural,15-59 years,Female,53.5,52.1,2.5
India,Meghalaya,"PLFS Year (Jul - Jun), 2021",Rural,15-59 years,Persons,65.2,64.1,1.6
India,Meghalaya,"PLFS Year (Jul - Jun), 2021",Rural,15 years and above,Male,76,75.3,0.9
India,Meghalaya,"PLFS Year (Jul - Jun), 2021",Rural,15 years and above,Female,53,51.7,2.4
India,Meghalaya,"PLFS Year (Jul - Jun), 2021",Rural,15 years and above,Persons,64.4,63.4,1.5
India,Meghalaya,"PLFS Year (Jul - Jun), 2021",Rural,All Ages,Male,46.9,46.4,0.9
India,Meghalaya,"PLFS Year (Jul - Jun), 2021",Rural,All Ages,Female,32.9,32.1,2.4
India,Meghalaya,"PLFS Year (Jul - Jun), 2021",Rural,All Ages,Persons,39.8,39.2,1.5
India,Meghalaya,"PLFS Year (Jul - Jun), 2021",Urban,15-29 years,Male,40.9,33.1,19
India,Meghalaya,"PLFS Year (Jul - Jun), 2021",Urban,15-29 years,Female,26.9,18.2,32.2
India,Meghalaya,"PLFS Year (Jul - Jun), 2021",Urban,15-29 years,Persons,33.9,25.7,24.3
India,Meghalaya,"PLFS Year (Jul - Jun), 2021",Urban,15-59 years,Male,70,65.1,7
India,Meghalaya,"PLFS Year (Jul - Jun), 2021",Urban,15-59 years,Female,39.4,34.4,12.7
India,Meghalaya,"PLFS Year (Jul - Jun), 2021",Urban,15-59 years,Persons,54.2,49.2,9.2
India,Meghalaya,"PLFS Year (Jul - Jun), 2021",Urban,15 years and above,Male,66.1,61.6,6.9
India,Meghalaya,"PLFS Year (Jul - Jun), 2021",Urban,15 years and above,Female,37,32.4,12.3
India,Meghalaya,"PLFS Year (Jul - Jun), 2021",Urban,15 years and above,Persons,51,46.5,8.9
India,Meghalaya,"PLFS Year (Jul - Jun), 2021",Urban,All Ages,Male,49.3,45.9,6.9
India,Meghalaya,"PLFS Year (Jul - Jun), 2021",Urban,All Ages,Female,28.2,24.7,12.3
India,Meghalaya,"PLFS Year (Jul - Jun), 2021",Urban,All Ages,Persons,38.5,35,8.9
India,Meghalaya,"PLFS Year (Jul - Jun), 2021",Rural + Urban,15-29 years,Male,50.1,47.5,5.2
India,Meghalaya,"PLFS Year (Jul - Jun), 2021",Rural + Urban,15-29 years,Female,33.9,30.2,10.8
India,Meghalaya,"PLFS Year (Jul - Jun), 2021",Rural + Urban,15-29 years,Persons,41.9,38.8,7.5
India,Meghalaya,"PLFS Year (Jul - Jun), 2021",Rural + Urban,15-59 years,Male,75.8,74.4,1.9
India,Meghalaya,"PLFS Year (Jul - Jun), 2021",Rural + Urban,15-59 years,Female,51.1,49.2,3.8
India,Meghalaya,"PLFS Year (Jul - Jun), 2021",Rural + Urban,15-59 years,Persons,63.4,61.7,2.7
India,Meghalaya,"PLFS Year (Jul - Jun), 2021",Rural + Urban,15 years and above,Male,74.4,73,1.8
India,Meghalaya,"PLFS Year (Jul - Jun), 2021",Rural + Urban,15 years and above,Female,50.2,48.4,3.7
India,Meghalaya,"PLFS Year (Jul - Jun), 2021",Rural + Urban,15 years and above,Persons,62.1,60.5,2.6
India,Meghalaya,"PLFS Year (Jul - Jun), 2021",Rural + Urban,All Ages,Male,47.2,46.4,1.8
India,Meghalaya,"PLFS Year (Jul - Jun), 2021",Rural + Urban,All Ages,Female,32.2,31,3.7
India,Meghalaya,"PLFS Year (Jul - Jun), 2021",Rural + Urban,All Ages,Persons,39.6,38.6,2.6
India,Mizoram,"PLFS Year (Jul - Jun), 2021",Rural,15-29 years,Male,45,40,11.1
India,Mizoram,"PLFS Year (Jul - Jun), 2021",Rural,15-29 years,Female,25.2,18.5,26.7
India,Mizoram,"PLFS Year (Jul - Jun), 2021",Rural,15-29 years,Persons,36.4,30.6,15.8
India,Mizoram,"PLFS Year (Jul - Jun), 2021",Rural,15-59 years,Male,75.3,73,3.1
India,Mizoram,"PLFS Year (Jul - Jun), 2021",Rural,15-59 years,Female,39.7,37,6.7
India,Mizoram,"PLFS Year (Jul - Jun), 2021",Rural,15-59 years,Persons,58.5,56,4.3
India,Mizoram,"PLFS Year (Jul - Jun), 2021",Rural,15 years and above,Male,69.7,67.7,2.9
India,Mizoram,"PLFS Year (Jul - Jun), 2021",Rural,15 years and above,Female,37.2,34.9,6.1
India,Mizoram,"PLFS Year (Jul - Jun), 2021",Rural,15 years and above,Persons,54.3,52.2,4
India,Mizoram,"PLFS Year (Jul - Jun), 2021",Rural,All Ages,Male,53.1,51.6,2.9
India,Mizoram,"PLFS Year (Jul - Jun), 2021",Rural,All Ages,Female,26.5,24.8,6.1
India,Mizoram,"PLFS Year (Jul - Jun), 2021",Rural,All Ages,Persons,40,38.4,4
India,Mizoram,"PLFS Year (Jul - Jun), 2021",Urban,15-29 years,Male,29,21.1,27.3
India,Mizoram,"PLFS Year (Jul - Jun), 2021",Urban,15-29 years,Female,23.9,15.4,35.4
India,Mizoram,"PLFS Year (Jul - Jun), 2021",Urban,15-29 years,Persons,26.6,18.4,30.7
India,Mizoram,"PLFS Year (Jul - Jun), 2021",Urban,15-59 years,Male,71.1,66.9,5.9
India,Mizoram,"PLFS Year (Jul - Jun), 2021",Urban,15-59 years,Female,35.1,31.4,10.7
India,Mizoram,"PLFS Year (Jul - Jun), 2021",Urban,15-59 years,Persons,53.6,49.6,7.4
India,Mizoram,"PLFS Year (Jul - Jun), 2021",Urban,15 years and above,Male,64.7,61,5.7
India,Mizoram,"PLFS Year (Jul - Jun), 2021",Urban,15 years and above,Female,32,28.7,10.1
India,Mizoram,"PLFS Year (Jul - Jun), 2021",Urban,15 years and above,Persons,48.7,45.2,7.1
India,Mizoram,"PLFS Year (Jul - Jun), 2021",Urban,All Ages,Male,51.7,48.7,5.8
India,Mizoram,"PLFS Year (Jul - Jun), 2021",Urban,All Ages,Female,23.8,21.4,10.1
India,Mizoram,"PLFS Year (Jul - Jun), 2021",Urban,All Ages,Persons,37.6,34.9,7.2
India,Mizoram,"PLFS Year (Jul - Jun), 2021",Rural + Urban,15-29 years,Male,37.9,31.7,16.6
India,Mizoram,"PLFS Year (Jul - Jun), 2021",Rural + Urban,15-29 years,Female,24.6,17,30.7
India,Mizoram,"PLFS Year (Jul - Jun), 2021",Rural + Urban,15-29 years,Persons,31.9,25,21.5
India,Mizoram,"PLFS Year (Jul - Jun), 2021",Rural + Urban,15-59 years,Male,73.4,70.2,4.4
India,Mizoram,"PLFS Year (Jul - Jun), 2021",Rural + Urban,15-59 years,Female,37.5,34.3,8.5
India,Mizoram,"PLFS Year (Jul - Jun), 2021",Rural + Urban,15-59 years,Persons,56.2,53,5.7
India,Mizoram,"PLFS Year (Jul - Jun), 2021",Rural + Urban,15 years and above,Male,67.4,64.6,4.1
India,Mizoram,"PLFS Year (Jul - Jun), 2021",Rural + Urban,15 years and above,Female,34.7,32,7.9
India,Mizoram,"PLFS Year (Jul - Jun), 2021",Rural + Urban,15 years and above,Persons,51.6,48.9,5.4
India,Mizoram,"PLFS Year (Jul - Jun), 2021",Rural + Urban,All Ages,Male,52.5,50.3,4.2
India,Mizoram,"PLFS Year (Jul - Jun), 2021",Rural + Urban,All Ages,Female,25.2,23.2,7.9
India,Mizoram,"PLFS Year (Jul - Jun), 2021",Rural + Urban,All Ages,Persons,38.9,36.8,5.4
India,Nagaland,"PLFS Year (Jul - Jun), 2021",Rural,15-29 years,Male,53.9,37.4,30.6
India,Nagaland,"PLFS Year (Jul - Jun), 2021",Rural,15-29 years,Female,44.3,33.8,23.7
India,Nagaland,"PLFS Year (Jul - Jun), 2021",Rural,15-29 years,Persons,49.3,35.7,27.7
India,Nagaland,"PLFS Year (Jul - Jun), 2021",Rural,15-59 years,Male,83.4,76.5,8.3
India,Nagaland,"PLFS Year (Jul - Jun), 2021",Rural,15-59 years,Female,58.3,53.7,8
India,Nagaland,"PLFS Year (Jul - Jun), 2021",Rural,15-59 years,Persons,71.4,65.6,8.2
India,Nagaland,"PLFS Year (Jul - Jun), 2021",Rural,15 years and above,Male,78.1,72.1,7.7
India,Nagaland,"PLFS Year (Jul - Jun), 2021",Rural,15 years and above,Female,56.5,52.3,7.3
India,Nagaland,"PLFS Year (Jul - Jun), 2021",Rural,15 years and above,Persons,67.9,62.8,7.5
India,Nagaland,"PLFS Year (Jul - Jun), 2021",Rural,All Ages,Male,56,51.7,7.7
India,Nagaland,"PLFS Year (Jul - Jun), 2021",Rural,All Ages,Female,36.9,34.2,7.3
India,Nagaland,"PLFS Year (Jul - Jun), 2021",Rural,All Ages,Persons,46.5,43,7.5
India,Nagaland,"PLFS Year (Jul - Jun), 2021",Urban,15-29 years,Male,39.9,28.2,29.2
India,Nagaland,"PLFS Year (Jul - Jun), 2021",Urban,15-29 years,Female,30.1,14,53.6
India,Nagaland,"PLFS Year (Jul - Jun), 2021",Urban,15-29 years,Persons,34.7,20.7,40.4
India,Nagaland,"PLFS Year (Jul - Jun), 2021",Urban,15-59 years,Male,75.5,66.4,12.1
India,Nagaland,"PLFS Year (Jul - Jun), 2021",Urban,15-59 years,Female,39.2,31.1,20.7
India,Nagaland,"PLFS Year (Jul - Jun), 2021",Urban,15-59 years,Persons,57.4,48.8,15
India,Nagaland,"PLFS Year (Jul - Jun), 2021",Urban,15 years and above,Male,69.2,61,11.8
India,Nagaland,"PLFS Year (Jul - Jun), 2021",Urban,15 years and above,Female,37.7,30.3,19.8
India,Nagaland,"PLFS Year (Jul - Jun), 2021",Urban,15 years and above,Persons,53.8,45.9,14.6
India,Nagaland,"PLFS Year (Jul - Jun), 2021",Urban,All Ages,Male,51.1,45.1,11.8
India,Nagaland,"PLFS Year (Jul - Jun), 2021",Urban,All Ages,Female,27.2,21.8,19.8
India,Nagaland,"PLFS Year (Jul - Jun), 2021",Urban,All Ages,Persons,39.2,33.5,14.6
India,Nagaland,"PLFS Year (Jul - Jun), 2021",Rural + Urban,15-29 years,Male,50.1,34.9,30.3
India,Nagaland,"PLFS Year (Jul - Jun), 2021",Rural + Urban,15-29 years,Female,39.9,27.6,30.8
India,Nagaland,"PLFS Year (Jul - Jun), 2021",Rural + Urban,15-29 years,Persons,45.1,31.3,30.5
India,Nagaland,"PLFS Year (Jul - Jun), 2021",Rural + Urban,15-59 years,Male,81.4,73.9,9.2
India,Nagaland,"PLFS Year (Jul - Jun), 2021",Rural + Urban,15-59 years,Female,53.1,47.5,10.6
India,Nagaland,"PLFS Year (Jul - Jun), 2021",Rural + Urban,15-59 years,Persons,67.7,61.1,9.7
India,Nagaland,"PLFS Year (Jul - Jun), 2021",Rural + Urban,15 years and above,Male,75.8,69.3,8.6
India,Nagaland,"PLFS Year (Jul - Jun), 2021",Rural + Urban,15 years and above,Female,51.5,46.4,9.8
India,Nagaland,"PLFS Year (Jul - Jun), 2021",Rural + Urban,15 years and above,Persons,64.2,58.4,9.1
India,Nagaland,"PLFS Year (Jul - Jun), 2021",Rural + Urban,All Ages,Male,54.8,50.1,8.6
India,Nagaland,"PLFS Year (Jul - Jun), 2021",Rural + Urban,All Ages,Female,34.5,31.1,9.8
India,Nagaland,"PLFS Year (Jul - Jun), 2021",Rural + Urban,All Ages,Persons,44.7,40.6,9.1
India,Odisha,"PLFS Year (Jul - Jun), 2021",Rural,15-29 years,Male,67,52.6,21.4
India,Odisha,"PLFS Year (Jul - Jun), 2021",Rural,15-29 years,Female,27,24.1,10.8
India,Odisha,"PLFS Year (Jul - Jun), 2021",Rural,15-29 years,Persons,46.1,37.7,18.2
India,Odisha,"PLFS Year (Jul - Jun), 2021",Rural,15-59 years,Male,85.1,79.1,7.1
India,Odisha,"PLFS Year (Jul - Jun), 2021",Rural,15-59 years,Female,38.4,37.2,3.1
India,Odisha,"PLFS Year (Jul - Jun), 2021",Rural,15-59 years,Persons,61.3,57.7,5.8
India,Odisha,"PLFS Year (Jul - Jun), 2021",Rural,15 years and above,Male,79.5,74.5,6.4
India,Odisha,"PLFS Year (Jul - Jun), 2021",Rural,15 years and above,Female,34.7,33.6,3
India,Odisha,"PLFS Year (Jul - Jun), 2021",Rural,15 years and above,Persons,56.9,53.9,5.4
India,Odisha,"PLFS Year (Jul - Jun), 2021",Rural,All Ages,Male,58.7,54.9,6.4
India,Odisha,"PLFS Year (Jul - Jun), 2021",Rural,All Ages,Female,26.4,25.6,3
India,Odisha,"PLFS Year (Jul - Jun), 2021",Rural,All Ages,Persons,42.6,40.3,5.4
India,Odisha,"PLFS Year (Jul - Jun), 2021",Urban,15-29 years,Male,59.3,44.7,24.7
India,Odisha,"PLFS Year (Jul - Jun), 2021",Urban,15-29 years,Female,21,11.4,45.5
India,Odisha,"PLFS Year (Jul - Jun), 2021",Urban,15-29 years,Persons,40.3,28.2,30.1
India,Odisha,"PLFS Year (Jul - Jun), 2021",Urban,15-59 years,Male,81.2,73.8,9.1
India,Odisha,"PLFS Year (Jul - Jun), 2021",Urban,15-59 years,Female,24.4,20.1,17.9
India,Odisha,"PLFS Year (Jul - Jun), 2021",Urban,15-59 years,Persons,53.3,47.3,11.1
India,Odisha,"PLFS Year (Jul - Jun), 2021",Urban,15 years and above,Male,75.2,68.7,8.6
India,Odisha,"PLFS Year (Jul - Jun), 2021",Urban,15 years and above,Female,22.2,18.4,17.2
India,Odisha,"PLFS Year (Jul - Jun), 2021",Urban,15 years and above,Persons,49.1,43.9,10.5
India,Odisha,"PLFS Year (Jul - Jun), 2021",Urban,All Ages,Male,59.3,54.2,8.6
India,Odisha,"PLFS Year (Jul - Jun), 2021",Urban,All Ages,Female,17.8,14.8,17.1
India,Odisha,"PLFS Year (Jul - Jun), 2021",Urban,All Ages,Persons,39,34.9,10.5
India,Odisha,"PLFS Year (Jul - Jun), 2021",Rural + Urban,15-29 years,Male,65.7,51.3,21.9
India,Odisha,"PLFS Year (Jul - Jun), 2021",Rural + Urban,15-29 years,Female,26.1,22.2,14.9
India,Odisha,"PLFS Year (Jul - Jun), 2021",Rural + Urban,15-29 years,Persons,45.2,36.3,19.8
India,Odisha,"PLFS Year (Jul - Jun), 2021",Rural + Urban,15-59 years,Male,84.5,78.3,7.4
India,Odisha,"PLFS Year (Jul - Jun), 2021",Rural + Urban,15-59 years,Female,36.4,34.7,4.6
India,Odisha,"PLFS Year (Jul - Jun), 2021",Rural + Urban,15-59 years,Persons,60.1,56.2,6.5
India,Odisha,"PLFS Year (Jul - Jun), 2021",Rural + Urban,15 years and above,Male,78.9,73.6,6.7
India,Odisha,"PLFS Year (Jul - Jun), 2021",Rural + Urban,15 years and above,Female,32.9,31.4,4.4
India,Odisha,"PLFS Year (Jul - Jun), 2021",Rural + Urban,15 years and above,Persons,55.8,52.4,6
India,Odisha,"PLFS Year (Jul - Jun), 2021",Rural + Urban,All Ages,Male,58.8,54.8,6.7
India,Odisha,"PLFS Year (Jul - Jun), 2021",Rural + Urban,All Ages,Female,25.2,24.1,4.4
India,Odisha,"PLFS Year (Jul - Jun), 2021",Rural + Urban,All Ages,Persons,42.1,39.5,6
India,Puducherry,"PLFS Year (Jul - Jun), 2021",Rural,15-29 years,Male,59.9,44.8,25.3
India,Puducherry,"PLFS Year (Jul - Jun), 2021",Rural,15-29 years,Female,34.8,27.7,20.5
India,Puducherry,"PLFS Year (Jul - Jun), 2021",Rural,15-29 years,Persons,49.8,37.9,23.9
India,Puducherry,"PLFS Year (Jul - Jun), 2021",Rural,15-59 years,Male,80.9,71.5,11.6
India,Puducherry,"PLFS Year (Jul - Jun), 2021",Rural,15-59 years,Female,56.1,54.4,3
India,Puducherry,"PLFS Year (Jul - Jun), 2021",Rural,15-59 years,Persons,68.7,63.1,8.2
India,Puducherry,"PLFS Year (Jul - Jun), 2021",Rural,15 years and above,Male,76.7,68.3,10.9
India,Puducherry,"PLFS Year (Jul - Jun), 2021",Rural,15 years and above,Female,51.8,50.4,2.7
India,Puducherry,"PLFS Year (Jul - Jun), 2021",Rural,15 years and above,Persons,63.9,59.2,7.5
India,Puducherry,"PLFS Year (Jul - Jun), 2021",Rural,All Ages,Male,59.8,53.3,10.9
India,Puducherry,"PLFS Year (Jul - Jun), 2021",Rural,All Ages,Female,38.4,37.4,2.7
India,Puducherry,"PLFS Year (Jul - Jun), 2021",Rural,All Ages,Persons,48.6,45,7.5
India,Puducherry,"PLFS Year (Jul - Jun), 2021",Urban,15-29 years,Male,60.8,49.9,17.9
India,Puducherry,"PLFS Year (Jul - Jun), 2021",Urban,15-29 years,Female,24.2,21,13.1
India,Puducherry,"PLFS Year (Jul - Jun), 2021",Urban,15-29 years,Persons,41.6,34.8,16.4
India,Puducherry,"PLFS Year (Jul - Jun), 2021",Urban,15-59 years,Male,84.2,80.2,4.7
India,Puducherry,"PLFS Year (Jul - Jun), 2021",Urban,15-59 years,Female,31.8,30.2,5
India,Puducherry,"PLFS Year (Jul - Jun), 2021",Urban,15-59 years,Persons,56.8,54.1,4.8
India,Puducherry,"PLFS Year (Jul - Jun), 2021",Urban,15 years and above,Male,73,69.8,4.4
India,Puducherry,"PLFS Year (Jul - Jun), 2021",Urban,15 years and above,Female,26.9,25.6,4.8
India,Puducherry,"PLFS Year (Jul - Jun), 2021",Urban,15 years and above,Persons,49,46.8,4.5
India,Puducherry,"PLFS Year (Jul - Jun), 2021",Urban,All Ages,Male,57.4,54.9,4.4
India,Puducherry,"PLFS Year (Jul - Jun), 2021",Urban,All Ages,Female,22.1,21.1,4.8
India,Puducherry,"PLFS Year (Jul - Jun), 2021",Urban,All Ages,Persons,39.5,37.7,4.5
India,Puducherry,"PLFS Year (Jul - Jun), 2021",Rural + Urban,15-29 years,Male,60.4,47.9,20.7
India,Puducherry,"PLFS Year (Jul - Jun), 2021",Rural + Urban,15-29 years,Female,27.2,22.9,15.8
India,Puducherry,"PLFS Year (Jul - Jun), 2021",Rural + Urban,15-29 years,Persons,44.4,35.8,19.3
India,Puducherry,"PLFS Year (Jul - Jun), 2021",Rural + Urban,15-59 years,Male,82.9,76.9,7.3
India,Puducherry,"PLFS Year (Jul - Jun), 2021",Rural + Urban,15-59 years,Female,40.5,38.8,4
India,Puducherry,"PLFS Year (Jul - Jun), 2021",Rural + Urban,15-59 years,Persons,61.2,57.4,6.2
India,Puducherry,"PLFS Year (Jul - Jun), 2021",Rural + Urban,15 years and above,Male,74.3,69.2,6.8
India,Puducherry,"PLFS Year (Jul - Jun), 2021",Rural + Urban,15 years and above,Female,35.7,34.4,3.7
India,Puducherry,"PLFS Year (Jul - Jun), 2021",Rural + Urban,15 years and above,Persons,54.4,51.2,5.8
India,Puducherry,"PLFS Year (Jul - Jun), 2021",Rural + Urban,All Ages,Male,58.3,54.3,6.8
India,Puducherry,"PLFS Year (Jul - Jun), 2021",Rural + Urban,All Ages,Female,28.3,27.2,3.7
India,Puducherry,"PLFS Year (Jul - Jun), 2021",Rural + Urban,All Ages,Persons,42.9,40.4,5.8
India,Punjab,"PLFS Year (Jul - Jun), 2021",Rural,15-29 years,Male,67.2,55.9,16.8
India,Punjab,"PLFS Year (Jul - Jun), 2021",Rural,15-29 years,Female,19.8,13.3,33.1
India,Punjab,"PLFS Year (Jul - Jun), 2021",Rural,15-29 years,Persons,46,36.8,20
India,Punjab,"PLFS Year (Jul - Jun), 2021",Rural,15-59 years,Male,81.8,76.5,6.6
India,Punjab,"PLFS Year (Jul - Jun), 2021",Rural,15-59 years,Female,27.2,24.6,9.7
India,Punjab,"PLFS Year (Jul - Jun), 2021",Rural,15-59 years,Persons,55.6,51.5,7.3
India,Punjab,"PLFS Year (Jul - Jun), 2021",Rural,15 years and above,Male,77.2,72.6,5.9
India,Punjab,"PLFS Year (Jul - Jun), 2021",Rural,15 years and above,Female,24.7,22.5,8.9
India,Punjab,"PLFS Year (Jul - Jun), 2021",Rural,15 years and above,Persons,51.8,48.4,6.6
India,Punjab,"PLFS Year (Jul - Jun), 2021",Rural,All Ages,Male,60.6,57,5.9
India,Punjab,"PLFS Year (Jul - Jun), 2021",Rural,All Ages,Female,20,18.2,8.9
India,Punjab,"PLFS Year (Jul - Jun), 2021",Rural,All Ages,Persons,41.2,38.5,6.6
India,Punjab,"PLFS Year (Jul - Jun), 2021",Urban,15-29 years,Male,63.1,53,16
India,Punjab,"PLFS Year (Jul - Jun), 2021",Urban,15-29 years,Female,21.4,16.3,23.6
India,Punjab,"PLFS Year (Jul - Jun), 2021",Urban,15-29 years,Persons,45.6,37.6,17.5
India,Punjab,"PLFS Year (Jul - Jun), 2021",Urban,15-59 years,Male,82.9,77.9,6
India,Punjab,"PLFS Year (Jul - Jun), 2021",Urban,15-59 years,Female,25.7,23.5,8.7
India,Punjab,"PLFS Year (Jul - Jun), 2021",Urban,15-59 years,Persons,56.7,53,6.5
India,Punjab,"PLFS Year (Jul - Jun), 2021",Urban,15 years and above,Male,77.4,73.1,5.5
India,Punjab,"PLFS Year (Jul - Jun), 2021",Urban,15 years and above,Female,22.4,20.6,8.3
India,Punjab,"PLFS Year (Jul - Jun), 2021",Urban,15 years and above,Persons,51.8,48.7,6.1
India,Punjab,"PLFS Year (Jul - Jun), 2021",Urban,All Ages,Male,62.2,58.8,5.5
India,Punjab,"PLFS Year (Jul - Jun), 2021",Urban,All Ages,Female,17.8,16.3,8.2
India,Punjab,"PLFS Year (Jul - Jun), 2021",Urban,All Ages,Persons,41.3,38.8,6.1
India,Punjab,"PLFS Year (Jul - Jun), 2021",Rural + Urban,15-29 years,Male,65.9,54.9,16.6
India,Punjab,"PLFS Year (Jul - Jun), 2021",Rural + Urban,15-29 years,Female,20.3,14.2,30.1
India,Punjab,"PLFS Year (Jul - Jun), 2021",Rural + Urban,15-29 years,Persons,45.8,37,19.2
India,Punjab,"PLFS Year (Jul - Jun), 2021",Rural + Urban,15-59 years,Male,82.2,77,6.4
India,Punjab,"PLFS Year (Jul - Jun), 2021",Rural + Urban,15-59 years,Female,26.7,24.2,9.4
India,Punjab,"PLFS Year (Jul - Jun), 2021",Rural + Urban,15-59 years,Persons,56,52,7
India,Punjab,"PLFS Year (Jul - Jun), 2021",Rural + Urban,15 years and above,Male,77.2,72.8,5.7
India,Punjab,"PLFS Year (Jul - Jun), 2021",Rural + Urban,15 years and above,Female,24,21.9,8.7
India,Punjab,"PLFS Year (Jul - Jun), 2021",Rural + Urban,15 years and above,Persons,51.8,48.5,6.4
India,Punjab,"PLFS Year (Jul - Jun), 2021",Rural + Urban,All Ages,Male,61.1,57.6,5.8
India,Punjab,"PLFS Year (Jul - Jun), 2021",Rural + Urban,All Ages,Female,19.3,17.6,8.7
India,Punjab,"PLFS Year (Jul - Jun), 2021",Rural + Urban,All Ages,Persons,41.3,38.6,6.4
India,Rajasthan,"PLFS Year (Jul - Jun), 2021",Rural,15-29 years,Male,59.1,52.4,11.3
India,Rajasthan,"PLFS Year (Jul - Jun), 2021",Rural,15-29 years,Female,31,29.9,3.5
India,Rajasthan,"PLFS Year (Jul - Jun), 2021",Rural,15-29 years,Persons,45.4,41.4,8.7
India,Rajasthan,"PLFS Year (Jul - Jun), 2021",Rural,15-59 years,Male,78.3,74.6,4.8
India,Rajasthan,"PLFS Year (Jul - Jun), 2021",Rural,15-59 years,Female,51.4,50.8,1
India,Rajasthan,"PLFS Year (Jul - Jun), 2021",Rural,15-59 years,Persons,65,62.8,3.3
India,Rajasthan,"PLFS Year (Jul - Jun), 2021",Rural,15 years and above,Male,75.4,72.2,4.2
India,Rajasthan,"PLFS Year (Jul - Jun), 2021",Rural,15 years and above,Female,47.4,46.9,0.9
India,Rajasthan,"PLFS Year (Jul - Jun), 2021",Rural,15 years and above,Persons,61.3,59.5,3
India,Rajasthan,"PLFS Year (Jul - Jun), 2021",Rural,All Ages,Male,54.6,52.3,4.2
India,Rajasthan,"PLFS Year (Jul - Jun), 2021",Rural,All Ages,Female,34.9,34.6,0.9
India,Rajasthan,"PLFS Year (Jul - Jun), 2021",Rural,All Ages,Persons,44.8,43.5,2.9
India,Rajasthan,"PLFS Year (Jul - Jun), 2021",Urban,15-29 years,Male,56.1,41.6,25.9
India,Rajasthan,"PLFS Year (Jul - Jun), 2021",Urban,15-29 years,Female,14.3,8.3,42
India,Rajasthan,"PLFS Year (Jul - Jun), 2021",Urban,15-29 years,Persons,36.6,26,28.8
India,Rajasthan,"PLFS Year (Jul - Jun), 2021",Urban,15-59 years,Male,78.6,70.3,10.5
India,Rajasthan,"PLFS Year (Jul - Jun), 2021",Urban,15-59 years,Female,21.8,18.8,13.6
India,Rajasthan,"PLFS Year (Jul - Jun), 2021",Urban,15-59 years,Persons,51.3,45.6,11.1
India,Rajasthan,"PLFS Year (Jul - Jun), 2021",Urban,15 years and above,Male,72.5,65.2,10.1
India,Rajasthan,"PLFS Year (Jul - Jun), 2021",Urban,15 years and above,Female,19.4,16.9,13.2
India,Rajasthan,"PLFS Year (Jul - Jun), 2021",Urban,15 years and above,Persons,46.7,41.7,10.8
India,Rajasthan,"PLFS Year (Jul - Jun), 2021",Urban,All Ages,Male,55.2,49.6,10.2
India,Rajasthan,"PLFS Year (Jul - Jun), 2021",Urban,All Ages,Female,15.4,13.4,13.1
India,Rajasthan,"PLFS Year (Jul - Jun), 2021",Urban,All Ages,Persons,36.2,32.3,10.8
India,Rajasthan,"PLFS Year (Jul - Jun), 2021",Rural + Urban,15-29 years,Male,58.3,49.6,14.9
India,Rajasthan,"PLFS Year (Jul - Jun), 2021",Rural + Urban,15-29 years,Female,26.9,24.7,8.4
India,Rajasthan,"PLFS Year (Jul - Jun), 2021",Rural + Urban,15-29 years,Persons,43.2,37.6,13
India,Rajasthan,"PLFS Year (Jul - Jun), 2021",Rural + Urban,15-59 years,Male,78.4,73.4,6.4
India,Rajasthan,"PLFS Year (Jul - Jun), 2021",Rural + Urban,15-59 years,Female,43.3,42.2,2.7
India,Rajasthan,"PLFS Year (Jul - Jun), 2021",Rural + Urban,15-59 years,Persons,61.2,58,5.1
India,Rajasthan,"PLFS Year (Jul - Jun), 2021",Rural + Urban,15 years and above,Male,74.6,70.2,5.8
India,Rajasthan,"PLFS Year (Jul - Jun), 2021",Rural + Urban,15 years and above,Female,40,39,2.5
India,Rajasthan,"PLFS Year (Jul - Jun), 2021",Rural + Urban,15 years and above,Persons,57.4,54.7,4.7
India,Rajasthan,"PLFS Year (Jul - Jun), 2021",Rural + Urban,All Ages,Male,54.8,51.6,5.8
India,Rajasthan,"PLFS Year (Jul - Jun), 2021",Rural + Urban,All Ages,Female,30,29.3,2.5
India,Rajasthan,"PLFS Year (Jul - Jun), 2021",Rural + Urban,All Ages,Persons,42.6,40.6,4.7
India,Sikkim,"PLFS Year (Jul - Jun), 2021",Rural,15-29 years,Male,66.7,64.1,4
India,Sikkim,"PLFS Year (Jul - Jun), 2021",Rural,15-29 years,Female,43.2,40.2,7.1
India,Sikkim,"PLFS Year (Jul - Jun), 2021",Rural,15-29 years,Persons,54.5,51.6,5.3
India,Sikkim,"PLFS Year (Jul - Jun), 2021",Rural,15-59 years,Male,87.9,87,1
India,Sikkim,"PLFS Year (Jul - Jun), 2021",Rural,15-59 years,Female,68.4,67,2
India,Sikkim,"PLFS Year (Jul - Jun), 2021",Rural,15-59 years,Persons,78.4,77.2,1.4
India,Sikkim,"PLFS Year (Jul - Jun), 2021",Rural,15 years and above,Male,84.2,83.4,0.9
India,Sikkim,"PLFS Year (Jul - Jun), 2021",Rural,15 years and above,Female,63.9,62.6,1.9
India,Sikkim,"PLFS Year (Jul - Jun), 2021",Rural,15 years and above,Persons,74.3,73.3,1.3
India,Sikkim,"PLFS Year (Jul - Jun), 2021",Rural,All Ages,Male,69.2,68.5,0.9
India,Sikkim,"PLFS Year (Jul - Jun), 2021",Rural,All Ages,Female,52.4,51.4,1.9
India,Sikkim,"PLFS Year (Jul - Jun), 2021",Rural,All Ages,Persons,61,60.2,1.3
India,Sikkim,"PLFS Year (Jul - Jun), 2021",Urban,15-29 years,Male,67.7,65.5,3.3
India,Sikkim,"PLFS Year (Jul - Jun), 2021",Urban,15-29 years,Female,27.5,22.1,19.7
India,Sikkim,"PLFS Year (Jul - Jun), 2021",Urban,15-29 years,Persons,49.3,45.6,7.5
India,Sikkim,"PLFS Year (Jul - Jun), 2021",Urban,15-59 years,Male,84.3,82.7,1.9
India,Sikkim,"PLFS Year (Jul - Jun), 2021",Urban,15-59 years,Female,36.2,34.1,6
India,Sikkim,"PLFS Year (Jul - Jun), 2021",Urban,15-59 years,Persons,61.5,59.6,3
India,Sikkim,"PLFS Year (Jul - Jun), 2021",Urban,15 years and above,Male,81,79.5,1.9
India,Sikkim,"PLFS Year (Jul - Jun), 2021",Urban,15 years and above,Female,34.3,32.3,5.7
India,Sikkim,"PLFS Year (Jul - Jun), 2021",Urban,15 years and above,Persons,58.4,56.7,3
India,Sikkim,"PLFS Year (Jul - Jun), 2021",Urban,All Ages,Male,62.4,61.3,1.9
India,Sikkim,"PLFS Year (Jul - Jun), 2021",Urban,All Ages,Female,28.2,26.6,5.7
India,Sikkim,"PLFS Year (Jul - Jun), 2021",Urban,All Ages,Persons,46.4,45.1,3
India,Sikkim,"PLFS Year (Jul - Jun), 2021",Rural + Urban,15-29 years,Male,67,64.4,3.8
India,Sikkim,"PLFS Year (Jul - Jun), 2021",Rural + Urban,15-29 years,Female,39.8,36.2,9
India,Sikkim,"PLFS Year (Jul - Jun), 2021",Rural + Urban,15-29 years,Persons,53.2,50.2,5.8
India,Sikkim,"PLFS Year (Jul - Jun), 2021",Rural + Urban,15-59 years,Male,87.1,86.1,1.2
India,Sikkim,"PLFS Year (Jul - Jun), 2021",Rural + Urban,15-59 years,Female,61.6,60.1,2.5
India,Sikkim,"PLFS Year (Jul - Jun), 2021",Rural + Urban,15-59 years,Persons,74.7,73.4,1.7
India,Sikkim,"PLFS Year (Jul - Jun), 2021",Rural + Urban,15 years and above,Male,83.5,82.6,1.1
India,Sikkim,"PLFS Year (Jul - Jun), 2021",Rural + Urban,15 years and above,Female,57.8,56.5,2.3
India,Sikkim,"PLFS Year (Jul - Jun), 2021",Rural + Urban,15 years and above,Persons,71,69.9,1.6
India,Sikkim,"PLFS Year (Jul - Jun), 2021",Rural + Urban,All Ages,Male,67.7,67,1.1
India,Sikkim,"PLFS Year (Jul - Jun), 2021",Rural + Urban,All Ages,Female,47.5,46.4,2.3
India,Sikkim,"PLFS Year (Jul - Jun), 2021",Rural + Urban,All Ages,Persons,58,57,1.6
India,Tamil Nadu,"PLFS Year (Jul - Jun), 2021",Rural,15-29 years,Male,60.9,48.8,19.9
India,Tamil Nadu,"PLFS Year (Jul - Jun), 2021",Rural,15-29 years,Female,24.1,18.9,21.5
India,Tamil Nadu,"PLFS Year (Jul - Jun), 2021",Rural,15-29 years,Persons,41.9,33.4,20.4
India,Tamil Nadu,"PLFS Year (Jul - Jun), 2021",Rural,15-59 years,Male,84.3,79.7,5.5
India,Tamil Nadu,"PLFS Year (Jul - Jun), 2021",Rural,15-59 years,Female,53.2,51.3,3.6
India,Tamil Nadu,"PLFS Year (Jul - Jun), 2021",Rural,15-59 years,Persons,68.2,65,4.7
India,Tamil Nadu,"PLFS Year (Jul - Jun), 2021",Rural,15 years and above,Male,78.5,74.7,4.9
India,Tamil Nadu,"PLFS Year (Jul - Jun), 2021",Rural,15 years and above,Female,49.5,48,3.1
India,Tamil Nadu,"PLFS Year (Jul - Jun), 2021",Rural,15 years and above,Persons,63.4,60.8,4.2
India,Tamil Nadu,"PLFS Year (Jul - Jun), 2021",Rural,All Ages,Male,60.6,57.6,4.9
India,Tamil Nadu,"PLFS Year (Jul - Jun), 2021",Rural,All Ages,Female,39.4,38.2,3.1
India,Tamil Nadu,"PLFS Year (Jul - Jun), 2021",Rural,All Ages,Persons,49.7,47.6,4.2
India,Tamil Nadu,"PLFS Year (Jul - Jun), 2021",Urban,15-29 years,Male,62.6,50.8,18.8
India,Tamil Nadu,"PLFS Year (Jul - Jun), 2021",Urban,15-29 years,Female,25,19.6,21.6
India,Tamil Nadu,"PLFS Year (Jul - Jun), 2021",Urban,15-29 years,Persons,44.6,35.9,19.5
India,Tamil Nadu,"PLFS Year (Jul - Jun), 2021",Urban,15-59 years,Male,83.8,78.8,6.1
India,Tamil Nadu,"PLFS Year (Jul - Jun), 2021",Urban,15-59 years,Female,33.3,31.2,6.3
India,Tamil Nadu,"PLFS Year (Jul - Jun), 2021",Urban,15-59 years,Persons,58.8,55.1,6.1
India,Tamil Nadu,"PLFS Year (Jul - Jun), 2021",Urban,15 years and above,Male,76.3,72,5.6
India,Tamil Nadu,"PLFS Year (Jul - Jun), 2021",Urban,15 years and above,Female,29.4,27.7,5.8
India,Tamil Nadu,"PLFS Year (Jul - Jun), 2021",Urban,15 years and above,Persons,52.7,49.7,5.7
India,Tamil Nadu,"PLFS Year (Jul - Jun), 2021",Urban,All Ages,Male,61.8,58.3,5.6
India,Tamil Nadu,"PLFS Year (Jul - Jun), 2021",Urban,All Ages,Female,24.4,23,5.8
India,Tamil Nadu,"PLFS Year (Jul - Jun), 2021",Urban,All Ages,Persons,43.2,40.8,5.7
India,Tamil Nadu,"PLFS Year (Jul - Jun), 2021",Rural + Urban,15-29 years,Male,61.7,49.8,19.4
India,Tamil Nadu,"PLFS Year (Jul - Jun), 2021",Rural + Urban,15-29 years,Female,24.5,19.2,21.6
India,Tamil Nadu,"PLFS Year (Jul - Jun), 2021",Rural + Urban,15-29 years,Persons,43.1,34.5,20
India,Tamil Nadu,"PLFS Year (Jul - Jun), 2021",Rural + Urban,15-59 years,Male,84.1,79.2,5.8
India,Tamil Nadu,"PLFS Year (Jul - Jun), 2021",Rural + Urban,15-59 years,Female,44.4,42.4,4.5
India,Tamil Nadu,"PLFS Year (Jul - Jun), 2021",Rural + Urban,15-59 years,Persons,63.9,60.5,5.3
India,Tamil Nadu,"PLFS Year (Jul - Jun), 2021",Rural + Urban,15 years and above,Male,77.5,73.5,5.2
India,Tamil Nadu,"PLFS Year (Jul - Jun), 2021",Rural + Urban,15 years and above,Female,40.7,39.1,4
India,Tamil Nadu,"PLFS Year (Jul - Jun), 2021",Rural + Urban,15 years and above,Persons,58.6,55.8,4.8
India,Tamil Nadu,"PLFS Year (Jul - Jun), 2021",Rural + Urban,All Ages,Male,61.1,57.9,5.2
India,Tamil Nadu,"PLFS Year (Jul - Jun), 2021",Rural + Urban,All Ages,Female,33,31.7,4
India,Tamil Nadu,"PLFS Year (Jul - Jun), 2021",Rural + Urban,All Ages,Persons,46.9,44.6,4.8
India,Telangana,"PLFS Year (Jul - Jun), 2021",Rural,15-29 years,Male,61.5,55.3,10.1
India,Telangana,"PLFS Year (Jul - Jun), 2021",Rural,15-29 years,Female,31.7,27,14.6
India,Telangana,"PLFS Year (Jul - Jun), 2021",Rural,15-29 years,Persons,46.8,41.4,11.6
India,Telangana,"PLFS Year (Jul - Jun), 2021",Rural,15-59 years,Male,83.7,80.8,3.4
India,Telangana,"PLFS Year (Jul - Jun), 2021",Rural,15-59 years,Female,60.3,58.5,3.1
India,Telangana,"PLFS Year (Jul - Jun), 2021",Rural,15-59 years,Persons,72,69.6,3.3
India,Telangana,"PLFS Year (Jul - Jun), 2021",Rural,15 years and above,Male,77.7,75.3,3.1
India,Telangana,"PLFS Year (Jul - Jun), 2021",Rural,15 years and above,Female,53.6,52,3
India,Telangana,"PLFS Year (Jul - Jun), 2021",Rural,15 years and above,Persons,65.6,63.6,3.1
India,Telangana,"PLFS Year (Jul - Jun), 2021",Rural,All Ages,Male,58.9,57,3.1
India,Telangana,"PLFS Year (Jul - Jun), 2021",Rural,All Ages,Female,43.3,41.9,3.1
India,Telangana,"PLFS Year (Jul - Jun), 2021",Rural,All Ages,Persons,51.3,49.7,3.1
India,Telangana,"PLFS Year (Jul - Jun), 2021",Urban,15-29 years,Male,56.6,47.5,16.2
India,Telangana,"PLFS Year (Jul - Jun), 2021",Urban,15-29 years,Female,23.3,17,27.1
India,Telangana,"PLFS Year (Jul - Jun), 2021",Urban,15-29 years,Persons,40.5,32.7,19.2
India,Telangana,"PLFS Year (Jul - Jun), 2021",Urban,15-59 years,Male,80.9,76.5,5.4
India,Telangana,"PLFS Year (Jul - Jun), 2021",Urban,15-59 years,Female,30.9,27.3,11.5
India,Telangana,"PLFS Year (Jul - Jun), 2021",Urban,15-59 years,Persons,56.3,52.3,7.1
India,Telangana,"PLFS Year (Jul - Jun), 2021",Urban,15 years and above,Male,74.6,70.6,5.4
India,Telangana,"PLFS Year (Jul - Jun), 2021",Urban,15 years and above,Female,27.9,24.8,11.3
India,Telangana,"PLFS Year (Jul - Jun), 2021",Urban,15 years and above,Persons,51.5,47.9,6.9
India,Telangana,"PLFS Year (Jul - Jun), 2021",Urban,All Ages,Male,57.6,54.6,5.3
India,Telangana,"PLFS Year (Jul - Jun), 2021",Urban,All Ages,Female,21.8,19.4,11.3
India,Telangana,"PLFS Year (Jul - Jun), 2021",Urban,All Ages,Persons,40.1,37.3,6.9
India,Telangana,"PLFS Year (Jul - Jun), 2021",Rural + Urban,15-29 years,Male,59.7,52.3,12.3
India,Telangana,"PLFS Year (Jul - Jun), 2021",Rural + Urban,15-29 years,Female,28.6,23.4,18.3
India,Telangana,"PLFS Year (Jul - Jun), 2021",Rural + Urban,15-29 years,Persons,44.5,38.2,14.2
India,Telangana,"PLFS Year (Jul - Jun), 2021",Rural + Urban,15-59 years,Male,82.7,79.2,4.1
India,Telangana,"PLFS Year (Jul - Jun), 2021",Rural + Urban,15-59 years,Female,49.8,47.4,5
India,Telangana,"PLFS Year (Jul - Jun), 2021",Rural + Urban,15-59 years,Persons,66.3,63.4,4.5
India,Telangana,"PLFS Year (Jul - Jun), 2021",Rural + Urban,15 years and above,Male,76.6,73.6,3.9
India,Telangana,"PLFS Year (Jul - Jun), 2021",Rural + Urban,15 years and above,Female,44.7,42.6,4.8
India,Telangana,"PLFS Year (Jul - Jun), 2021",Rural + Urban,15 years and above,Persons,60.7,58.1,4.2
India,Telangana,"PLFS Year (Jul - Jun), 2021",Rural + Urban,All Ages,Male,58.4,56.2,3.9
India,Telangana,"PLFS Year (Jul - Jun), 2021",Rural + Urban,All Ages,Female,35.7,34,4.8
India,Telangana,"PLFS Year (Jul - Jun), 2021",Rural + Urban,All Ages,Persons,47.3,45.3,4.2
India,The Dadra and Nagar Haveli and Daman and Diu,"PLFS Year (Jul - Jun), 2021",Rural,15-29 years,Male,81.5,73.5,9.7
India,The Dadra and Nagar Haveli and Daman and Diu,"PLFS Year (Jul - Jun), 2021",Rural,15-29 years,Female,53.2,45.6,14.2
India,The Dadra and Nagar Haveli and Daman and Diu,"PLFS Year (Jul - Jun), 2021",Rural,15-29 years,Persons,71.2,63.4,11
India,The Dadra and Nagar Haveli and Daman and Diu,"PLFS Year (Jul - Jun), 2021",Rural,15-59 years,Male,88.1,82.3,6.6
India,The Dadra and Nagar Haveli and Daman and Diu,"PLFS Year (Jul - Jun), 2021",Rural,15-59 years,Female,62.2,58.9,5.3
India,The Dadra and Nagar Haveli and Daman and Diu,"PLFS Year (Jul - Jun), 2021",Rural,15-59 years,Persons,76.4,71.7,6.1
India,The Dadra and Nagar Haveli and Daman and Diu,"PLFS Year (Jul - Jun), 2021",Rural,15 years and above,Male,88.9,83.5,6.1
India,The Dadra and Nagar Haveli and Daman and Diu,"PLFS Year (Jul - Jun), 2021",Rural,15 years and above,Female,57.6,54.7,5.1
India,The Dadra and Nagar Haveli and Daman and Diu,"PLFS Year (Jul - Jun), 2021",Rural,15 years and above,Persons,74.4,70.1,5.7
India,The Dadra and Nagar Haveli and Daman and Diu,"PLFS Year (Jul - Jun), 2021",Rural,All Ages,Male,73.9,69.4,6.1
India,The Dadra and Nagar Haveli and Daman and Diu,"PLFS Year (Jul - Jun), 2021",Rural,All Ages,Female,47.7,45.3,5.1
India,The Dadra and Nagar Haveli and Daman and Diu,"PLFS Year (Jul - Jun), 2021",Rural,All Ages,Persons,61.7,58.2,5.7
India,The Dadra and Nagar Haveli and Daman and Diu,"PLFS Year (Jul - Jun), 2021",Urban,15-29 years,Male,82.7,78.3,5.3
India,The Dadra and Nagar Haveli and Daman and Diu,"PLFS Year (Jul - Jun), 2021",Urban,15-29 years,Female,17.4,14.9,14.7
India,The Dadra and Nagar Haveli and Daman and Diu,"PLFS Year (Jul - Jun), 2021",Urban,15-29 years,Persons,57.9,54.3,6.4
India,The Dadra and Nagar Haveli and Daman and Diu,"PLFS Year (Jul - Jun), 2021",Urban,15-59 years,Male,90.7,88.2,2.8
India,The Dadra and Nagar Haveli and Daman and Diu,"PLFS Year (Jul - Jun), 2021",Urban,15-59 years,Female,32.5,28.1,13.7
India,The Dadra and Nagar Haveli and Daman and Diu,"PLFS Year (Jul - Jun), 2021",Urban,15-59 years,Persons,68.1,64.8,4.8
India,The Dadra and Nagar Haveli and Daman and Diu,"PLFS Year (Jul - Jun), 2021",Urban,15 years and above,Male,88.3,85.9,2.7
India,The Dadra and Nagar Haveli and Daman and Diu,"PLFS Year (Jul - Jun), 2021",Urban,15 years and above,Female,31.1,26.8,13.7
India,The Dadra and Nagar Haveli and Daman and Diu,"PLFS Year (Jul - Jun), 2021",Urban,15 years and above,Persons,66,62.9,4.7
India,The Dadra and Nagar Haveli and Daman and Diu,"PLFS Year (Jul - Jun), 2021",Urban,All Ages,Male,68,66.1,2.7
India,The Dadra and Nagar Haveli and Daman and Diu,"PLFS Year (Jul - Jun), 2021",Urban,All Ages,Female,22.7,19.6,13.7
India,The Dadra and Nagar Haveli and Daman and Diu,"PLFS Year (Jul - Jun), 2021",Urban,All Ages,Persons,49.8,47.4,4.7
India,The Dadra and Nagar Haveli and Daman and Diu,"PLFS Year (Jul - Jun), 2021",Rural + Urban,15-29 years,Male,82.2,76.3,7.1
India,The Dadra and Nagar Haveli and Daman and Diu,"PLFS Year (Jul - Jun), 2021",Rural + Urban,15-29 years,Female,31.6,27,14.4
India,The Dadra and Nagar Haveli and Daman and Diu,"PLFS Year (Jul - Jun), 2021",Rural + Urban,15-29 years,Persons,63.3,57.9,8.5
India,The Dadra and Nagar Haveli and Daman and Diu,"PLFS Year (Jul - Jun), 2021",Rural + Urban,15-59 years,Male,89.7,86,4.2
India,The Dadra and Nagar Haveli and Daman and Diu,"PLFS Year (Jul - Jun), 2021",Rural + Urban,15-59 years,Female,45.4,41.4,8.7
India,The Dadra and Nagar Haveli and Daman and Diu,"PLFS Year (Jul - Jun), 2021",Rural + Urban,15-59 years,Persons,71.4,67.5,5.4
India,The Dadra and Nagar Haveli and Daman and Diu,"PLFS Year (Jul - Jun), 2021",Rural + Urban,15 years and above,Male,88.5,85,4
India,The Dadra and Nagar Haveli and Daman and Diu,"PLFS Year (Jul - Jun), 2021",Rural + Urban,15 years and above,Female,43,39.4,8.5
India,The Dadra and Nagar Haveli and Daman and Diu,"PLFS Year (Jul - Jun), 2021",Rural + Urban,15 years and above,Persons,69.4,65.8,5.2
India,The Dadra and Nagar Haveli and Daman and Diu,"PLFS Year (Jul - Jun), 2021",Rural + Urban,All Ages,Male,70.1,67.3,4
India,The Dadra and Nagar Haveli and Daman and Diu,"PLFS Year (Jul - Jun), 2021",Rural + Urban,All Ages,Female,33.2,30.4,8.5
India,The Dadra and Nagar Haveli and Daman and Diu,"PLFS Year (Jul - Jun), 2021",Rural + Urban,All Ages,Persons,54.4,51.6,5.2
India,Tripura,"PLFS Year (Jul - Jun), 2021",Rural,15-29 years,Male,61.9,57.2,7.6
India,Tripura,"PLFS Year (Jul - Jun), 2021",Rural,15-29 years,Female,16.4,12.5,23.5
India,Tripura,"PLFS Year (Jul - Jun), 2021",Rural,15-29 years,Persons,40,35.7,10.7
India,Tripura,"PLFS Year (Jul - Jun), 2021",Rural,15-59 years,Male,84.4,82.4,2.3
India,Tripura,"PLFS Year (Jul - Jun), 2021",Rural,15-59 years,Female,31.3,29.8,4.8
India,Tripura,"PLFS Year (Jul - Jun), 2021",Rural,15-59 years,Persons,58.3,56.5,3
India,Tripura,"PLFS Year (Jul - Jun), 2021",Rural,15 years and above,Male,77.4,75.8,2.1
India,Tripura,"PLFS Year (Jul - Jun), 2021",Rural,15 years and above,Female,28.7,27.4,4.5
India,Tripura,"PLFS Year (Jul - Jun), 2021",Rural,15 years and above,Persons,53.6,52.2,2.7
India,Tripura,"PLFS Year (Jul - Jun), 2021",Rural,All Ages,Male,60.9,59.3,2.6
India,Tripura,"PLFS Year (Jul - Jun), 2021",Rural,All Ages,Female,22.8,21.8,4.5
India,Tripura,"PLFS Year (Jul - Jun), 2021",Rural,All Ages,Persons,42.5,41.2,3.1
India,Tripura,"PLFS Year (Jul - Jun), 2021",Urban,15-29 years,Male,52.4,44.4,15.2
India,Tripura,"PLFS Year (Jul - Jun), 2021",Urban,15-29 years,Female,10.3,7.3,28.4
India,Tripura,"PLFS Year (Jul - Jun), 2021",Urban,15-29 years,Persons,31.3,25.8,17.4
India,Tripura,"PLFS Year (Jul - Jun), 2021",Urban,15-59 years,Male,82.4,78.7,4.5
India,Tripura,"PLFS Year (Jul - Jun), 2021",Urban,15-59 years,Female,22.1,21,5.1
India,Tripura,"PLFS Year (Jul - Jun), 2021",Urban,15-59 years,Persons,51.8,49.4,4.6
India,Tripura,"PLFS Year (Jul - Jun), 2021",Urban,15 years and above,Male,73.7,70.7,4.1
India,Tripura,"PLFS Year (Jul - Jun), 2021",Urban,15 years and above,Female,18.6,17.7,4.9
India,Tripura,"PLFS Year (Jul - Jun), 2021",Urban,15 years and above,Persons,45.7,43.7,4.3
India,Tripura,"PLFS Year (Jul - Jun), 2021",Urban,All Ages,Male,59.8,57.3,4.1
India,Tripura,"PLFS Year (Jul - Jun), 2021",Urban,All Ages,Female,15.5,14.7,4.9
India,Tripura,"PLFS Year (Jul - Jun), 2021",Urban,All Ages,Persons,37.6,36,4.3
India,Tripura,"PLFS Year (Jul - Jun), 2021",Rural + Urban,15-29 years,Male,60.5,55.3,8.6
India,Tripura,"PLFS Year (Jul - Jun), 2021",Rural + Urban,15-29 years,Female,15.4,11.7,24
India,Tripura,"PLFS Year (Jul - Jun), 2021",Rural + Urban,15-29 years,Persons,38.7,34.2,11.5
India,Tripura,"PLFS Year (Jul - Jun), 2021",Rural + Urban,15-59 years,Male,84,81.8,2.7
India,Tripura,"PLFS Year (Jul - Jun), 2021",Rural + Urban,15-59 years,Female,29.6,28.2,4.9
India,Tripura,"PLFS Year (Jul - Jun), 2021",Rural + Urban,15-59 years,Persons,57.1,55.3,3.2
India,Tripura,"PLFS Year (Jul - Jun), 2021",Rural + Urban,15 years and above,Male,76.7,74.9,2.5
India,Tripura,"PLFS Year (Jul - Jun), 2021",Rural + Urban,15 years and above,Female,26.7,25.5,4.5
India,Tripura,"PLFS Year (Jul - Jun), 2021",Rural + Urban,15 years and above,Persons,52.2,50.6,3
India,Tripura,"PLFS Year (Jul - Jun), 2021",Rural + Urban,All Ages,Male,60.7,59,2.8
India,Tripura,"PLFS Year (Jul - Jun), 2021",Rural + Urban,All Ages,Female,21.5,20.5,4.5
India,Tripura,"PLFS Year (Jul - Jun), 2021",Rural + Urban,All Ages,Persons,41.6,40.2,3.3
India,Uttar Pradesh,"PLFS Year (Jul - Jun), 2021",Rural,15-29 years,Male,60.3,56.2,6.9
India,Uttar Pradesh,"PLFS Year (Jul - Jun), 2021",Rural,15-29 years,Female,15.7,15.1,4.1
India,Uttar Pradesh,"PLFS Year (Jul - Jun), 2021",Rural,15-29 years,Persons,38.2,35.8,6.3
India,Uttar Pradesh,"PLFS Year (Jul - Jun), 2021",Rural,15-59 years,Male,79.4,77.2,2.8
India,Uttar Pradesh,"PLFS Year (Jul - Jun), 2021",Rural,15-59 years,Female,30.6,30.3,1.1
India,Uttar Pradesh,"PLFS Year (Jul - Jun), 2021",Rural,15-59 years,Persons,54.7,53.4,2.3
India,Uttar Pradesh,"PLFS Year (Jul - Jun), 2021",Rural,15 years and above,Male,77.9,75.9,2.5
India,Uttar Pradesh,"PLFS Year (Jul - Jun), 2021",Rural,15 years and above,Female,29.5,29.2,1
India,Uttar Pradesh,"PLFS Year (Jul - Jun), 2021",Rural,15 years and above,Persons,53.4,52.3,2.1
India,Uttar Pradesh,"PLFS Year (Jul - Jun), 2021",Rural,All Ages,Male,52.8,51.5,2.5
India,Uttar Pradesh,"PLFS Year (Jul - Jun), 2021",Rural,All Ages,Female,20.8,20.6,1
India,Uttar Pradesh,"PLFS Year (Jul - Jun), 2021",Rural,All Ages,Persons,37,36.2,2.1
India,Uttar Pradesh,"PLFS Year (Jul - Jun), 2021",Urban,15-29 years,Male,56.3,47.5,15.5
India,Uttar Pradesh,"PLFS Year (Jul - Jun), 2021",Urban,15-29 years,Female,13.5,10.9,19.7
India,Uttar Pradesh,"PLFS Year (Jul - Jun), 2021",Urban,15-29 years,Persons,36.1,30.2,16.3
India,Uttar Pradesh,"PLFS Year (Jul - Jun), 2021",Urban,15-59 years,Male,78.6,73.4,6.6
India,Uttar Pradesh,"PLFS Year (Jul - Jun), 2021",Urban,15-59 years,Female,14.7,13.3,9.3
India,Uttar Pradesh,"PLFS Year (Jul - Jun), 2021",Urban,15-59 years,Persons,47.6,44.2,7
India,Uttar Pradesh,"PLFS Year (Jul - Jun), 2021",Urban,15 years and above,Male,73.6,69,6.3
India,Uttar Pradesh,"PLFS Year (Jul - Jun), 2021",Urban,15 years and above,Female,13.5,12.3,8.9
India,Uttar Pradesh,"PLFS Year (Jul - Jun), 2021",Urban,15 years and above,Persons,44.4,41.4,6.7
India,Uttar Pradesh,"PLFS Year (Jul - Jun), 2021",Urban,All Ages,Male,54.1,50.7,6.3
India,Uttar Pradesh,"PLFS Year (Jul - Jun), 2021",Urban,All Ages,Female,10.1,9.3,8.8
India,Uttar Pradesh,"PLFS Year (Jul - Jun), 2021",Urban,All Ages,Persons,32.9,30.7,6.7
India,Uttar Pradesh,"PLFS Year (Jul - Jun), 2021",Rural + Urban,15-29 years,Male,59.5,54.4,8.6
India,Uttar Pradesh,"PLFS Year (Jul - Jun), 2021",Rural + Urban,15-29 years,Female,15.3,14.3,6.7
India,Uttar Pradesh,"PLFS Year (Jul - Jun), 2021",Rural + Urban,15-29 years,Persons,37.8,34.7,8.2
India,Uttar Pradesh,"PLFS Year (Jul - Jun), 2021",Rural + Urban,15-59 years,Male,79.2,76.4,3.6
India,Uttar Pradesh,"PLFS Year (Jul - Jun), 2021",Rural + Urban,15-59 years,Female,27.4,26.9,2
India,Uttar Pradesh,"PLFS Year (Jul - Jun), 2021",Rural + Urban,15-59 years,Persons,53.2,51.5,3.2
India,Uttar Pradesh,"PLFS Year (Jul - Jun), 2021",Rural + Urban,15 years and above,Male,77,74.5,3.3
India,Uttar Pradesh,"PLFS Year (Jul - Jun), 2021",Rural + Urban,15 years and above,Female,26.3,25.8,1.8
India,Uttar Pradesh,"PLFS Year (Jul - Jun), 2021",Rural + Urban,15 years and above,Persons,51.6,50.1,2.9
India,Uttar Pradesh,"PLFS Year (Jul - Jun), 2021",Rural + Urban,All Ages,Male,53.1,51.4,3.3
India,Uttar Pradesh,"PLFS Year (Jul - Jun), 2021",Rural + Urban,All Ages,Female,18.7,18.4,1.8
India,Uttar Pradesh,"PLFS Year (Jul - Jun), 2021",Rural + Urban,All Ages,Persons,36.2,35.1,2.9
India,Uttarakhand,"PLFS Year (Jul - Jun), 2021",Rural,15-29 years,Male,56.7,44.4,21.7
India,Uttarakhand,"PLFS Year (Jul - Jun), 2021",Rural,15-29 years,Female,22.9,20.3,11.2
India,Uttarakhand,"PLFS Year (Jul - Jun), 2021",Rural,15-29 years,Persons,41.3,33.4,19
India,Uttarakhand,"PLFS Year (Jul - Jun), 2021",Rural,15-59 years,Male,75.8,68.3,9.9
India,Uttarakhand,"PLFS Year (Jul - Jun), 2021",Rural,15-59 years,Female,39,37.8,3.1
India,Uttarakhand,"PLFS Year (Jul - Jun), 2021",Rural,15-59 years,Persons,57.8,53.4,7.6
India,Uttarakhand,"PLFS Year (Jul - Jun), 2021",Rural,15 years and above,Male,72.3,65.6,9.2
India,Uttarakhand,"PLFS Year (Jul - Jun), 2021",Rural,15 years and above,Female,38,36.9,2.8
India,Uttarakhand,"PLFS Year (Jul - Jun), 2021",Rural,15 years and above,Persons,55.3,51.4,7
India,Uttarakhand,"PLFS Year (Jul - Jun), 2021",Rural,All Ages,Male,54,49.1,9.2
India,Uttarakhand,"PLFS Year (Jul - Jun), 2021",Rural,All Ages,Female,29.7,28.9,2.8
India,Uttarakhand,"PLFS Year (Jul - Jun), 2021",Rural,All Ages,Persons,42.3,39.3,7
India,Uttarakhand,"PLFS Year (Jul - Jun), 2021",Urban,15-29 years,Male,55.2,41,25.6
India,Uttarakhand,"PLFS Year (Jul - Jun), 2021",Urban,15-29 years,Female,21.7,14.3,33.9
India,Uttarakhand,"PLFS Year (Jul - Jun), 2021",Urban,15-29 years,Persons,39.7,28.7,27.7
India,Uttarakhand,"PLFS Year (Jul - Jun), 2021",Urban,15-59 years,Male,76.9,69.5,9.6
India,Uttarakhand,"PLFS Year (Jul - Jun), 2021",Urban,15-59 years,Female,21.3,17.7,16.8
India,Uttarakhand,"PLFS Year (Jul - Jun), 2021",Urban,15-59 years,Persons,50.3,44.7,11.1
India,Uttarakhand,"PLFS Year (Jul - Jun), 2021",Urban,15 years and above,Male,70.2,63.7,9.2
India,Uttarakhand,"PLFS Year (Jul - Jun), 2021",Urban,15 years and above,Female,18.8,15.8,16.4
India,Uttarakhand,"PLFS Year (Jul - Jun), 2021",Urban,15 years and above,Persons,45.5,40.7,10.6
India,Uttarakhand,"PLFS Year (Jul - Jun), 2021",Urban,All Ages,Male,55,50,9.2
India,Uttarakhand,"PLFS Year (Jul - Jun), 2021",Urban,All Ages,Female,15.1,12.7,16.4
India,Uttarakhand,"PLFS Year (Jul - Jun), 2021",Urban,All Ages,Persons,36.1,32.3,10.6
India,Uttarakhand,"PLFS Year (Jul - Jun), 2021",Rural + Urban,15-29 years,Male,56.3,43.6,22.6
India,Uttarakhand,"PLFS Year (Jul - Jun), 2021",Rural + Urban,15-29 years,Female,22.6,18.8,16.7
India,Uttarakhand,"PLFS Year (Jul - Jun), 2021",Rural + Urban,15-29 years,Persons,40.9,32.3,21.1
India,Uttarakhand,"PLFS Year (Jul - Jun), 2021",Rural + Urban,15-59 years,Male,76.1,68.7,9.8
India,Uttarakhand,"PLFS Year (Jul - Jun), 2021",Rural + Urban,15-59 years,Female,34.6,32.7,5.2
India,Uttarakhand,"PLFS Year (Jul - Jun), 2021",Rural + Urban,15-59 years,Persons,55.9,51.2,8.4
India,Uttarakhand,"PLFS Year (Jul - Jun), 2021",Rural + Urban,15 years and above,Male,71.7,65.1,9.2
India,Uttarakhand,"PLFS Year (Jul - Jun), 2021",Rural + Urban,15 years and above,Female,33.1,31.6,4.7
India,Uttarakhand,"PLFS Year (Jul - Jun), 2021",Rural + Urban,15 years and above,Persons,52.8,48.7,7.8
India,Uttarakhand,"PLFS Year (Jul - Jun), 2021",Rural + Urban,All Ages,Male,54.3,49.3,9.2
India,Uttarakhand,"PLFS Year (Jul - Jun), 2021",Rural + Urban,All Ages,Female,26.1,24.9,4.7
India,Uttarakhand,"PLFS Year (Jul - Jun), 2021",Rural + Urban,All Ages,Persons,40.8,37.6,7.8
India,West Bengal,"PLFS Year (Jul - Jun), 2021",Rural,15-29 years,Male,69.2,60.8,12.2
India,West Bengal,"PLFS Year (Jul - Jun), 2021",Rural,15-29 years,Female,18.9,17.8,5.6
India,West Bengal,"PLFS Year (Jul - Jun), 2021",Rural,15-29 years,Persons,44.2,39.5,10.8
India,West Bengal,"PLFS Year (Jul - Jun), 2021",Rural,15-59 years,Male,86.1,82.5,4.2
India,West Bengal,"PLFS Year (Jul - Jun), 2021",Rural,15-59 years,Female,31.1,30.7,1.3
India,West Bengal,"PLFS Year (Jul - Jun), 2021",Rural,15-59 years,Persons,58.6,56.6,3.4
India,West Bengal,"PLFS Year (Jul - Jun), 2021",Rural,15 years and above,Male,81.9,78.9,3.7
India,West Bengal,"PLFS Year (Jul - Jun), 2021",Rural,15 years and above,Female,29,28.6,1.3
India,West Bengal,"PLFS Year (Jul - Jun), 2021",Rural,15 years and above,Persons,55.9,54.2,3.1
India,West Bengal,"PLFS Year (Jul - Jun), 2021",Rural,All Ages,Male,63.1,60.7,3.7
India,West Bengal,"PLFS Year (Jul - Jun), 2021",Rural,All Ages,Female,22.8,22.5,1.3
India,West Bengal,"PLFS Year (Jul - Jun), 2021",Rural,All Ages,Persons,43.5,42.1,3.1
India,West Bengal,"PLFS Year (Jul - Jun), 2021",Urban,15-29 years,Male,64.4,55.3,14.1
India,West Bengal,"PLFS Year (Jul - Jun), 2021",Urban,15-29 years,Female,23.7,21.4,9.7
India,West Bengal,"PLFS Year (Jul - Jun), 2021",Urban,15-29 years,Persons,43.6,38,12.9
India,West Bengal,"PLFS Year (Jul - Jun), 2021",Urban,15-59 years,Male,85.5,81.1,5.1
India,West Bengal,"PLFS Year (Jul - Jun), 2021",Urban,15-59 years,Female,29.1,28,3.6
India,West Bengal,"PLFS Year (Jul - Jun), 2021",Urban,15-59 years,Persons,57,54.3,4.8
India,West Bengal,"PLFS Year (Jul - Jun), 2021",Urban,15 years and above,Male,77.6,73.9,4.7
India,West Bengal,"PLFS Year (Jul - Jun), 2021",Urban,15 years and above,Female,25.3,24.4,3.5
India,West Bengal,"PLFS Year (Jul - Jun), 2021",Urban,15 years and above,Persons,51.2,49,4.4
India,West Bengal,"PLFS Year (Jul - Jun), 2021",Urban,All Ages,Male,63.7,60.7,4.8
India,West Bengal,"PLFS Year (Jul - Jun), 2021",Urban,All Ages,Female,21.1,20.4,3.5
India,West Bengal,"PLFS Year (Jul - Jun), 2021",Urban,All Ages,Persons,42.4,40.5,4.4
India,West Bengal,"PLFS Year (Jul - Jun), 2021",Rural + Urban,15-29 years,Male,68,59.4,12.6
India,West Bengal,"PLFS Year (Jul - Jun), 2021",Rural + Urban,15-29 years,Female,20.1,18.8,6.9
India,West Bengal,"PLFS Year (Jul - Jun), 2021",Rural + Urban,15-29 years,Persons,44.1,39.1,11.3
India,West Bengal,"PLFS Year (Jul - Jun), 2021",Rural + Urban,15-59 years,Male,86,82.1,4.4
India,West Bengal,"PLFS Year (Jul - Jun), 2021",Rural + Urban,15-59 years,Female,30.5,29.9,2
India,West Bengal,"PLFS Year (Jul - Jun), 2021",Rural + Urban,15-59 years,Persons,58.2,56,3.8
India,West Bengal,"PLFS Year (Jul - Jun), 2021",Rural + Urban,15 years and above,Male,80.7,77.5,4
India,West Bengal,"PLFS Year (Jul - Jun), 2021",Rural + Urban,15 years and above,Female,27.9,27.4,1.8
India,West Bengal,"PLFS Year (Jul - Jun), 2021",Rural + Urban,15 years and above,Persons,54.6,52.7,3.4
India,West Bengal,"PLFS Year (Jul - Jun), 2021",Rural + Urban,All Ages,Male,63.3,60.7,4
India,West Bengal,"PLFS Year (Jul - Jun), 2021",Rural + Urban,All Ages,Female,22.3,21.9,1.8
India,West Bengal,"PLFS Year (Jul - Jun), 2021",Rural + Urban,All Ages,Persons,43.2,41.7,3.5
India,Andaman and Nicobar Islands,"PLFS Year (Jul - Jun), 2020",Rural,15-29 years,Male,62.8,55.1,12.3
India,Andaman and Nicobar Islands,"PLFS Year (Jul - Jun), 2020",Rural,15-29 years,Female,45,26.5,41.2
India,Andaman and Nicobar Islands,"PLFS Year (Jul - Jun), 2020",Rural,15-29 years,Persons,54.5,41.7,23.5
India,Andaman and Nicobar Islands,"PLFS Year (Jul - Jun), 2020",Rural,15-59 years,Male,85.3,82.4,3.4
India,Andaman and Nicobar Islands,"PLFS Year (Jul - Jun), 2020",Rural,15-59 years,Female,51.4,42.8,16.8
India,Andaman and Nicobar Islands,"PLFS Year (Jul - Jun), 2020",Rural,15-59 years,Persons,68.2,62.4,8.5
India,Andaman and Nicobar Islands,"PLFS Year (Jul - Jun), 2020",Rural,15 years and above,Male,79.2,76.7,3.2
India,Andaman and Nicobar Islands,"PLFS Year (Jul - Jun), 2020",Rural,15 years and above,Female,50.3,42.6,15.3
India,Andaman and Nicobar Islands,"PLFS Year (Jul - Jun), 2020",Rural,15 years and above,Persons,64.8,59.7,7.9
India,Andaman and Nicobar Islands,"PLFS Year (Jul - Jun), 2020",Rural,All Ages,Male,64.8,62.7,3.2
India,Andaman and Nicobar Islands,"PLFS Year (Jul - Jun), 2020",Rural,All Ages,Female,41.9,35.5,15.3
India,Andaman and Nicobar Islands,"PLFS Year (Jul - Jun), 2020",Rural,All Ages,Persons,53.5,49.3,7.9
India,Andaman and Nicobar Islands,"PLFS Year (Jul - Jun), 2020",Urban,15-29 years,Male,68.1,57.2,16
India,Andaman and Nicobar Islands,"PLFS Year (Jul - Jun), 2020",Urban,15-29 years,Female,52.3,24.6,53
India,Andaman and Nicobar Islands,"PLFS Year (Jul - Jun), 2020",Urban,15-29 years,Persons,61.4,43.4,29.4
India,Andaman and Nicobar Islands,"PLFS Year (Jul - Jun), 2020",Urban,15-59 years,Male,87.5,83.3,4.8
India,Andaman and Nicobar Islands,"PLFS Year (Jul - Jun), 2020",Urban,15-59 years,Female,44,32.8,25.5
India,Andaman and Nicobar Islands,"PLFS Year (Jul - Jun), 2020",Urban,15-59 years,Persons,67.3,59.8,11.1
India,Andaman and Nicobar Islands,"PLFS Year (Jul - Jun), 2020",Urban,15 years and above,Male,83,79.2,4.6
India,Andaman and Nicobar Islands,"PLFS Year (Jul - Jun), 2020",Urban,15 years and above,Female,40.2,30.3,24.7
India,Andaman and Nicobar Islands,"PLFS Year (Jul - Jun), 2020",Urban,15 years and above,Persons,63,56.3,10.6
India,Andaman and Nicobar Islands,"PLFS Year (Jul - Jun), 2020",Urban,All Ages,Male,69.3,66.1,4.6
India,Andaman and Nicobar Islands,"PLFS Year (Jul - Jun), 2020",Urban,All Ages,Female,33.7,25.3,24.7
India,Andaman and Nicobar Islands,"PLFS Year (Jul - Jun), 2020",Urban,All Ages,Persons,52.6,47,10.6
India,Andaman and Nicobar Islands,"PLFS Year (Jul - Jun), 2020",Rural + Urban,15-29 years,Male,65.3,56.1,14.1
India,Andaman and Nicobar Islands,"PLFS Year (Jul - Jun), 2020",Rural + Urban,15-29 years,Female,48.1,25.7,46.6
India,Andaman and Nicobar Islands,"PLFS Year (Jul - Jun), 2020",Rural + Urban,15-29 years,Persons,57.6,42.4,26.3
India,Andaman and Nicobar Islands,"PLFS Year (Jul - Jun), 2020",Rural + Urban,15-59 years,Male,86.3,82.8,4.1
India,Andaman and Nicobar Islands,"PLFS Year (Jul - Jun), 2020",Rural + Urban,15-59 years,Female,48.3,38.6,20.1
India,Andaman and Nicobar Islands,"PLFS Year (Jul - Jun), 2020",Rural + Urban,15-59 years,Persons,67.8,61.3,9.6
India,Andaman and Nicobar Islands,"PLFS Year (Jul - Jun), 2020",Rural + Urban,15 years and above,Male,80.9,77.8,3.8
India,Andaman and Nicobar Islands,"PLFS Year (Jul - Jun), 2020",Rural + Urban,15 years and above,Female,46.1,37.4,18.8
India,Andaman and Nicobar Islands,"PLFS Year (Jul - Jun), 2020",Rural + Urban,15 years and above,Persons,64,58.2,9.1
India,Andaman and Nicobar Islands,"PLFS Year (Jul - Jun), 2020",Rural + Urban,All Ages,Male,66.8,64.2,3.8
India,Andaman and Nicobar Islands,"PLFS Year (Jul - Jun), 2020",Rural + Urban,All Ages,Female,38.5,31.2,18.8
India,Andaman and Nicobar Islands,"PLFS Year (Jul - Jun), 2020",Rural + Urban,All Ages,Persons,53.1,48.3,9.1
India,Andhra Pradesh,"PLFS Year (Jul - Jun), 2020",Rural,15-29 years,Male,64.1,53.4,16.8
India,Andhra Pradesh,"PLFS Year (Jul - Jun), 2020",Rural,15-29 years,Female,34.8,32.9,5.6
India,Andhra Pradesh,"PLFS Year (Jul - Jun), 2020",Rural,15-29 years,Persons,50.2,43.7,13.1
India,Andhra Pradesh,"PLFS Year (Jul - Jun), 2020",Rural,15-59 years,Male,84.7,80.3,5.1
India,Andhra Pradesh,"PLFS Year (Jul - Jun), 2020",Rural,15-59 years,Female,58,57.3,1.3
India,Andhra Pradesh,"PLFS Year (Jul - Jun), 2020",Rural,15-59 years,Persons,71.3,68.8,3.6
India,Andhra Pradesh,"PLFS Year (Jul - Jun), 2020",Rural,15 years and above,Male,78,74.3,4.7
India,Andhra Pradesh,"PLFS Year (Jul - Jun), 2020",Rural,15 years and above,Female,51.7,51,1.4
India,Andhra Pradesh,"PLFS Year (Jul - Jun), 2020",Rural,15 years and above,Persons,64.8,62.7,3.3
India,Andhra Pradesh,"PLFS Year (Jul - Jun), 2020",Rural,All Ages,Male,61.8,58.9,4.7
India,Andhra Pradesh,"PLFS Year (Jul - Jun), 2020",Rural,All Ages,Female,41.4,40.8,1.3
India,Andhra Pradesh,"PLFS Year (Jul - Jun), 2020",Rural,All Ages,Persons,51.6,49.9,3.3
India,Andhra Pradesh,"PLFS Year (Jul - Jun), 2020",Urban,15-29 years,Male,60.6,49.4,18.4
India,Andhra Pradesh,"PLFS Year (Jul - Jun), 2020",Urban,15-29 years,Female,24.3,17.9,26.1
India,Andhra Pradesh,"PLFS Year (Jul - Jun), 2020",Urban,15-29 years,Persons,42,33.3,20.7
India,Andhra Pradesh,"PLFS Year (Jul - Jun), 2020",Urban,15-59 years,Male,82.9,78.1,5.8
India,Andhra Pradesh,"PLFS Year (Jul - Jun), 2020",Urban,15-59 years,Female,34.4,31.8,7.5
India,Andhra Pradesh,"PLFS Year (Jul - Jun), 2020",Urban,15-59 years,Persons,57.7,54.1,6.3
India,Andhra Pradesh,"PLFS Year (Jul - Jun), 2020",Urban,15 years and above,Male,76.7,72.5,5.4
India,Andhra Pradesh,"PLFS Year (Jul - Jun), 2020",Urban,15 years and above,Female,31.7,29.4,7.2
India,Andhra Pradesh,"PLFS Year (Jul - Jun), 2020",Urban,15 years and above,Persons,53.4,50.2,6
India,Andhra Pradesh,"PLFS Year (Jul - Jun), 2020",Urban,All Ages,Male,58.7,55.4,5.5
India,Andhra Pradesh,"PLFS Year (Jul - Jun), 2020",Urban,All Ages,Female,25.5,23.7,7.2
India,Andhra Pradesh,"PLFS Year (Jul - Jun), 2020",Urban,All Ages,Persons,41.9,39.4,6
India,Andhra Pradesh,"PLFS Year (Jul - Jun), 2020",Rural + Urban,15-29 years,Male,63,52.1,17.3
India,Andhra Pradesh,"PLFS Year (Jul - Jun), 2020",Rural + Urban,15-29 years,Female,31.2,27.7,11.1
India,Andhra Pradesh,"PLFS Year (Jul - Jun), 2020",Rural + Urban,15-29 years,Persons,47.5,40.2,15.3
India,Andhra Pradesh,"PLFS Year (Jul - Jun), 2020",Rural + Urban,15-59 years,Male,84.1,79.6,5.3
India,Andhra Pradesh,"PLFS Year (Jul - Jun), 2020",Rural + Urban,15-59 years,Female,50,48.6,2.8
India,Andhra Pradesh,"PLFS Year (Jul - Jun), 2020",Rural + Urban,15-59 years,Persons,66.8,63.9,4.4
India,Andhra Pradesh,"PLFS Year (Jul - Jun), 2020",Rural + Urban,15 years and above,Male,77.6,73.8,4.9
India,Andhra Pradesh,"PLFS Year (Jul - Jun), 2020",Rural + Urban,15 years and above,Female,45.1,43.9,2.7
India,Andhra Pradesh,"PLFS Year (Jul - Jun), 2020",Rural + Urban,15 years and above,Persons,61.1,58.6,4.1
India,Andhra Pradesh,"PLFS Year (Jul - Jun), 2020",Rural + Urban,All Ages,Male,60.8,57.8,4.9
India,Andhra Pradesh,"PLFS Year (Jul - Jun), 2020",Rural + Urban,All Ages,Female,36.1,35.2,2.7
India,Andhra Pradesh,"PLFS Year (Jul - Jun), 2020",Rural + Urban,All Ages,Persons,48.4,46.5,4.1
India,Arunachal Pradesh,"PLFS Year (Jul - Jun), 2020",Rural,15-29 years,Male,42.7,36.4,14.7
India,Arunachal Pradesh,"PLFS Year (Jul - Jun), 2020",Rural,15-29 years,Female,20,14.6,27
India,Arunachal Pradesh,"PLFS Year (Jul - Jun), 2020",Rural,15-29 years,Persons,32.4,26.5,18.1
India,Arunachal Pradesh,"PLFS Year (Jul - Jun), 2020",Rural,15-59 years,Male,75.8,73,3.7
India,Arunachal Pradesh,"PLFS Year (Jul - Jun), 2020",Rural,15-59 years,Female,29.2,26.7,8.6
India,Arunachal Pradesh,"PLFS Year (Jul - Jun), 2020",Rural,15-59 years,Persons,53.7,51,4.9
India,Arunachal Pradesh,"PLFS Year (Jul - Jun), 2020",Rural,15 years and above,Male,74.3,71.7,3.5
India,Arunachal Pradesh,"PLFS Year (Jul - Jun), 2020",Rural,15 years and above,Female,28.7,26.3,8.3
India,Arunachal Pradesh,"PLFS Year (Jul - Jun), 2020",Rural,15 years and above,Persons,52.9,50.3,4.8
India,Arunachal Pradesh,"PLFS Year (Jul - Jun), 2020",Rural,All Ages,Male,53.8,51.9,3.5
India,Arunachal Pradesh,"PLFS Year (Jul - Jun), 2020",Rural,All Ages,Female,20.8,19.1,8.3
India,Arunachal Pradesh,"PLFS Year (Jul - Jun), 2020",Rural,All Ages,Persons,38.3,36.5,4.8
India,Arunachal Pradesh,"PLFS Year (Jul - Jun), 2020",Urban,15-29 years,Male,35,21.8,37.7
India,Arunachal Pradesh,"PLFS Year (Jul - Jun), 2020",Urban,15-29 years,Female,17.2,9.7,43.6
India,Arunachal Pradesh,"PLFS Year (Jul - Jun), 2020",Urban,15-29 years,Persons,26.3,15.9,39.6
India,Arunachal Pradesh,"PLFS Year (Jul - Jun), 2020",Urban,15-59 years,Male,69.2,62.4,9.7
India,Arunachal Pradesh,"PLFS Year (Jul - Jun), 2020",Urban,15-59 years,Female,23.8,20.4,14.3
India,Arunachal Pradesh,"PLFS Year (Jul - Jun), 2020",Urban,15-59 years,Persons,46.8,41.7,10.9
India,Arunachal Pradesh,"PLFS Year (Jul - Jun), 2020",Urban,15 years and above,Male,67,60.7,9.5
India,Arunachal Pradesh,"PLFS Year (Jul - Jun), 2020",Urban,15 years and above,Female,23.1,19.8,14
India,Arunachal Pradesh,"PLFS Year (Jul - Jun), 2020",Urban,15 years and above,Persons,45.4,40.6,10.6
India,Arunachal Pradesh,"PLFS Year (Jul - Jun), 2020",Urban,All Ages,Male,50.2,45.5,9.5
India,Arunachal Pradesh,"PLFS Year (Jul - Jun), 2020",Urban,All Ages,Female,17.2,14.8,14
India,Arunachal Pradesh,"PLFS Year (Jul - Jun), 2020",Urban,All Ages,Persons,33.9,30.3,10.6
India,Arunachal Pradesh,"PLFS Year (Jul - Jun), 2020",Rural + Urban,15-29 years,Male,41.2,33.5,18.6
India,Arunachal Pradesh,"PLFS Year (Jul - Jun), 2020",Rural + Urban,15-29 years,Female,19.4,13.5,30.3
India,Arunachal Pradesh,"PLFS Year (Jul - Jun), 2020",Rural + Urban,15-29 years,Persons,31.1,24.3,21.9
India,Arunachal Pradesh,"PLFS Year (Jul - Jun), 2020",Rural + Urban,15-59 years,Male,74.5,71,4.7
India,Arunachal Pradesh,"PLFS Year (Jul - Jun), 2020",Rural + Urban,15-59 years,Female,28.1,25.5,9.5
India,Arunachal Pradesh,"PLFS Year (Jul - Jun), 2020",Rural + Urban,15-59 years,Persons,52.4,49.2,6
India,Arunachal Pradesh,"PLFS Year (Jul - Jun), 2020",Rural + Urban,15 years and above,Male,73,69.7,4.5
India,Arunachal Pradesh,"PLFS Year (Jul - Jun), 2020",Rural + Urban,15 years and above,Female,27.6,25.1,9.3
India,Arunachal Pradesh,"PLFS Year (Jul - Jun), 2020",Rural + Urban,15 years and above,Persons,51.4,48.5,5.7
India,Arunachal Pradesh,"PLFS Year (Jul - Jun), 2020",Rural + Urban,All Ages,Male,53.2,50.8,4.5
India,Arunachal Pradesh,"PLFS Year (Jul - Jun), 2020",Rural + Urban,All Ages,Female,20.1,18.2,9.3
India,Arunachal Pradesh,"PLFS Year (Jul - Jun), 2020",Rural + Urban,All Ages,Persons,37.5,35.3,5.7
India,Assam,"PLFS Year (Jul - Jun), 2020",Rural,15-29 years,Male,53.2,46.1,13.3
India,Assam,"PLFS Year (Jul - Jun), 2020",Rural,15-29 years,Female,20.8,17.1,17.4
India,Assam,"PLFS Year (Jul - Jun), 2020",Rural,15-29 years,Persons,37.5,32.1,14.4
India,Assam,"PLFS Year (Jul - Jun), 2020",Rural,15-59 years,Male,83,80.4,3.2
India,Assam,"PLFS Year (Jul - Jun), 2020",Rural,15-59 years,Female,27.3,25.7,5.9
India,Assam,"PLFS Year (Jul - Jun), 2020",Rural,15-59 years,Persons,56.2,54,3.8
India,Assam,"PLFS Year (Jul - Jun), 2020",Rural,15 years and above,Male,79.6,77.2,3
India,Assam,"PLFS Year (Jul - Jun), 2020",Rural,15 years and above,Female,25.3,23.8,5.7
India,Assam,"PLFS Year (Jul - Jun), 2020",Rural,15 years and above,Persons,53.3,51.3,3.6
India,Assam,"PLFS Year (Jul - Jun), 2020",Rural,All Ages,Male,59.5,57.7,3
India,Assam,"PLFS Year (Jul - Jun), 2020",Rural,All Ages,Female,18.9,17.9,5.7
India,Assam,"PLFS Year (Jul - Jun), 2020",Rural,All Ages,Persons,39.8,38.4,3.6
India,Assam,"PLFS Year (Jul - Jun), 2020",Urban,15-29 years,Male,49.3,37.7,23.4
India,Assam,"PLFS Year (Jul - Jun), 2020",Urban,15-29 years,Female,21.7,11.9,45.1
India,Assam,"PLFS Year (Jul - Jun), 2020",Urban,15-29 years,Persons,35.5,24.8,30
India,Assam,"PLFS Year (Jul - Jun), 2020",Urban,15-59 years,Male,82.8,77.9,5.8
India,Assam,"PLFS Year (Jul - Jun), 2020",Urban,15-59 years,Female,22.3,18.4,17.3
India,Assam,"PLFS Year (Jul - Jun), 2020",Urban,15-59 years,Persons,53.2,48.9,8.2
India,Assam,"PLFS Year (Jul - Jun), 2020",Urban,15 years and above,Male,76.3,72.1,5.6
India,Assam,"PLFS Year (Jul - Jun), 2020",Urban,15 years and above,Female,20,16.6,16.9
India,Assam,"PLFS Year (Jul - Jun), 2020",Urban,15 years and above,Persons,48.9,45.1,7.8
India,Assam,"PLFS Year (Jul - Jun), 2020",Urban,All Ages,Male,60,56.7,5.5
India,Assam,"PLFS Year (Jul - Jun), 2020",Urban,All Ages,Female,16,13.3,16.9
India,Assam,"PLFS Year (Jul - Jun), 2020",Urban,All Ages,Persons,38.8,35.8,7.8
India,Assam,"PLFS Year (Jul - Jun), 2020",Rural + Urban,15-29 years,Male,52.7,45.2,14.4
India,Assam,"PLFS Year (Jul - Jun), 2020",Rural + Urban,15-29 years,Female,20.9,16.5,20.9
India,Assam,"PLFS Year (Jul - Jun), 2020",Rural + Urban,15-29 years,Persons,37.3,31.3,16.1
India,Assam,"PLFS Year (Jul - Jun), 2020",Rural + Urban,15-59 years,Male,83,80.1,3.5
India,Assam,"PLFS Year (Jul - Jun), 2020",Rural + Urban,15-59 years,Female,26.6,24.7,7.1
India,Assam,"PLFS Year (Jul - Jun), 2020",Rural + Urban,15-59 years,Persons,55.8,53.4,4.3
India,Assam,"PLFS Year (Jul - Jun), 2020",Rural + Urban,15 years and above,Male,79.2,76.6,3.3
India,Assam,"PLFS Year (Jul - Jun), 2020",Rural + Urban,15 years and above,Female,24.6,22.9,6.8
India,Assam,"PLFS Year (Jul - Jun), 2020",Rural + Urban,15 years and above,Persons,52.7,50.5,4.1
India,Assam,"PLFS Year (Jul - Jun), 2020",Rural + Urban,All Ages,Male,59.5,57.5,3.3
India,Assam,"PLFS Year (Jul - Jun), 2020",Rural + Urban,All Ages,Female,18.6,17.3,6.8
India,Assam,"PLFS Year (Jul - Jun), 2020",Rural + Urban,All Ages,Persons,39.7,38.1,4.1
India,Bihar,"PLFS Year (Jul - Jun), 2020",Rural,15-29 years,Male,42.6,35.6,16.3
India,Bihar,"PLFS Year (Jul - Jun), 2020",Rural,15-29 years,Female,5.3,4.7,10
India,Bihar,"PLFS Year (Jul - Jun), 2020",Rural,15-29 years,Persons,25.6,21.6,15.7
India,Bihar,"PLFS Year (Jul - Jun), 2020",Rural,15-59 years,Male,72.3,68.8,4.9
India,Bihar,"PLFS Year (Jul - Jun), 2020",Rural,15-59 years,Female,11.3,11.1,2
India,Bihar,"PLFS Year (Jul - Jun), 2020",Rural,15-59 years,Persons,42.5,40.5,4.5
India,Bihar,"PLFS Year (Jul - Jun), 2020",Rural,15 years and above,Male,71.3,68.2,4.4
India,Bihar,"PLFS Year (Jul - Jun), 2020",Rural,15 years and above,Female,11.2,11,1.9
India,Bihar,"PLFS Year (Jul - Jun), 2020",Rural,15 years and above,Persons,42.2,40.5,4.1
India,Bihar,"PLFS Year (Jul - Jun), 2020",Rural,All Ages,Male,45.7,43.6,4.5
India,Bihar,"PLFS Year (Jul - Jun), 2020",Rural,All Ages,Female,7.7,7.5,1.9
India,Bihar,"PLFS Year (Jul - Jun), 2020",Rural,All Ages,Persons,27.9,26.7,4.2
India,Bihar,"PLFS Year (Jul - Jun), 2020",Urban,15-29 years,Male,44.7,33.5,25.1
India,Bihar,"PLFS Year (Jul - Jun), 2020",Urban,15-29 years,Female,5,2.4,51.7
India,Bihar,"PLFS Year (Jul - Jun), 2020",Urban,15-29 years,Persons,26.3,19.1,27.4
India,Bihar,"PLFS Year (Jul - Jun), 2020",Urban,15-59 years,Male,71.4,64.6,9.5
India,Bihar,"PLFS Year (Jul - Jun), 2020",Urban,15-59 years,Female,6.9,5.7,17.4
India,Bihar,"PLFS Year (Jul - Jun), 2020",Urban,15-59 years,Persons,40.2,36.1,10.2
India,Bihar,"PLFS Year (Jul - Jun), 2020",Urban,15 years and above,Male,68,61.9,9
India,Bihar,"PLFS Year (Jul - Jun), 2020",Urban,15 years and above,Female,6.3,5.2,17
India,Bihar,"PLFS Year (Jul - Jun), 2020",Urban,15 years and above,Persons,38.4,34.7,9.6
India,Bihar,"PLFS Year (Jul - Jun), 2020",Urban,All Ages,Male,48.6,44.2,9
India,Bihar,"PLFS Year (Jul - Jun), 2020",Urban,All Ages,Female,4.5,3.7,17
India,Bihar,"PLFS Year (Jul - Jun), 2020",Urban,All Ages,Persons,27.5,24.8,9.6
India,Bihar,"PLFS Year (Jul - Jun), 2020",Rural + Urban,15-29 years,Male,42.8,35.4,17.3
India,Bihar,"PLFS Year (Jul - Jun), 2020",Rural + Urban,15-29 years,Female,5.2,4.5,14.4
India,Bihar,"PLFS Year (Jul - Jun), 2020",Rural + Urban,15-29 years,Persons,25.7,21.3,17
India,Bihar,"PLFS Year (Jul - Jun), 2020",Rural + Urban,15-59 years,Male,72.2,68.3,5.4
India,Bihar,"PLFS Year (Jul - Jun), 2020",Rural + Urban,15-59 years,Female,10.9,10.5,3
India,Bihar,"PLFS Year (Jul - Jun), 2020",Rural + Urban,15-59 years,Persons,42.2,40.1,5.1
India,Bihar,"PLFS Year (Jul - Jun), 2020",Rural + Urban,15 years and above,Male,71,67.5,4.8
India,Bihar,"PLFS Year (Jul - Jun), 2020",Rural + Urban,15 years and above,Female,10.7,10.4,2.8
India,Bihar,"PLFS Year (Jul - Jun), 2020",Rural + Urban,15 years and above,Persons,41.9,39.9,4.6
India,Bihar,"PLFS Year (Jul - Jun), 2020",Rural + Urban,All Ages,Male,46,43.7,5
India,Bihar,"PLFS Year (Jul - Jun), 2020",Rural + Urban,All Ages,Female,7.4,7.2,2.8
India,Bihar,"PLFS Year (Jul - Jun), 2020",Rural + Urban,All Ages,Persons,27.9,26.6,4.7
India,Chandigarh,"PLFS Year (Jul - Jun), 2020",Rural,15-29 years,Male,72.1,70,2.9
India,Chandigarh,"PLFS Year (Jul - Jun), 2020",Rural,15-29 years,Female,7.1,5.2,27.6
India,Chandigarh,"PLFS Year (Jul - Jun), 2020",Rural,15-29 years,Persons,33.6,31.6,6
India,Chandigarh,"PLFS Year (Jul - Jun), 2020",Rural,15-59 years,Male,90.4,89.7,0.8
India,Chandigarh,"PLFS Year (Jul - Jun), 2020",Rural,15-59 years,Female,19,18.1,4.8
India,Chandigarh,"PLFS Year (Jul - Jun), 2020",Rural,15-59 years,Persons,53.8,53,1.5
India,Chandigarh,"PLFS Year (Jul - Jun), 2020",Rural,15 years and above,Male,84.4,83.8,0.8
India,Chandigarh,"PLFS Year (Jul - Jun), 2020",Rural,15 years and above,Female,17.7,16.8,4.8
India,Chandigarh,"PLFS Year (Jul - Jun), 2020",Rural,15 years and above,Persons,50.2,49.4,1.5
India,Chandigarh,"PLFS Year (Jul - Jun), 2020",Rural,All Ages,Male,51.8,51.4,0.8
India,Chandigarh,"PLFS Year (Jul - Jun), 2020",Rural,All Ages,Female,12.6,12,4.8
India,Chandigarh,"PLFS Year (Jul - Jun), 2020",Rural,All Ages,Persons,33.2,32.7,1.5
India,Chandigarh,"PLFS Year (Jul - Jun), 2020",Urban,15-29 years,Male,45.8,36.6,20.2
India,Chandigarh,"PLFS Year (Jul - Jun), 2020",Urban,15-29 years,Female,19.8,18.1,8.8
India,Chandigarh,"PLFS Year (Jul - Jun), 2020",Urban,15-29 years,Persons,33.2,27.6,16.9
India,Chandigarh,"PLFS Year (Jul - Jun), 2020",Urban,15-59 years,Male,76,69.2,8.9
India,Chandigarh,"PLFS Year (Jul - Jun), 2020",Urban,15-59 years,Female,28.1,27,4
India,Chandigarh,"PLFS Year (Jul - Jun), 2020",Urban,15-59 years,Persons,52,48.1,7.6
India,Chandigarh,"PLFS Year (Jul - Jun), 2020",Urban,15 years and above,Male,68.1,62.2,8.6
India,Chandigarh,"PLFS Year (Jul - Jun), 2020",Urban,15 years and above,Female,24.4,23.4,4
India,Chandigarh,"PLFS Year (Jul - Jun), 2020",Urban,15 years and above,Persons,46.3,42.9,7.4
India,Chandigarh,"PLFS Year (Jul - Jun), 2020",Urban,All Ages,Male,54.8,49.8,9
India,Chandigarh,"PLFS Year (Jul - Jun), 2020",Urban,All Ages,Female,19.8,19,4
India,Chandigarh,"PLFS Year (Jul - Jun), 2020",Urban,All Ages,Persons,37.4,34.6,7.7
India,Chandigarh,"PLFS Year (Jul - Jun), 2020",Rural + Urban,15-29 years,Male,46.7,37.7,19.4
India,Chandigarh,"PLFS Year (Jul - Jun), 2020",Rural + Urban,15-29 years,Female,19.2,17.4,9.1
India,Chandigarh,"PLFS Year (Jul - Jun), 2020",Rural + Urban,15-29 years,Persons,33.2,27.8,16.5
India,Chandigarh,"PLFS Year (Jul - Jun), 2020",Rural + Urban,15-59 years,Male,76.6,70,8.6
India,Chandigarh,"PLFS Year (Jul - Jun), 2020",Rural + Urban,15-59 years,Female,27.8,26.7,4
India,Chandigarh,"PLFS Year (Jul - Jun), 2020",Rural + Urban,15-59 years,Persons,52.1,48.3,7.3
India,Chandigarh,"PLFS Year (Jul - Jun), 2020",Rural + Urban,15 years and above,Male,68.7,63,8.2
India,Chandigarh,"PLFS Year (Jul - Jun), 2020",Rural + Urban,15 years and above,Female,24.1,23.2,4
India,Chandigarh,"PLFS Year (Jul - Jun), 2020",Rural + Urban,15 years and above,Persons,46.4,43.1,7.1
India,Chandigarh,"PLFS Year (Jul - Jun), 2020",Rural + Urban,All Ages,Male,54.6,49.9,8.7
India,Chandigarh,"PLFS Year (Jul - Jun), 2020",Rural + Urban,All Ages,Female,19.5,18.7,4
India,Chandigarh,"PLFS Year (Jul - Jun), 2020",Rural + Urban,All Ages,Persons,37.3,34.5,7.5
India,Chhattisgarh,"PLFS Year (Jul - Jun), 2020",Rural,15-29 years,Male,60.5,55.6,8.1
India,Chhattisgarh,"PLFS Year (Jul - Jun), 2020",Rural,15-29 years,Female,42.1,41.2,2.1
India,Chhattisgarh,"PLFS Year (Jul - Jun), 2020",Rural,15-29 years,Persons,51.7,48.7,5.8
India,Chhattisgarh,"PLFS Year (Jul - Jun), 2020",Rural,15-59 years,Male,80.6,78.2,2.9
India,Chhattisgarh,"PLFS Year (Jul - Jun), 2020",Rural,15-59 years,Female,64.3,63.9,0.8
India,Chhattisgarh,"PLFS Year (Jul - Jun), 2020",Rural,15-59 years,Persons,72.5,71.1,2
India,Chhattisgarh,"PLFS Year (Jul - Jun), 2020",Rural,15 years and above,Male,76.6,74.5,2.7
India,Chhattisgarh,"PLFS Year (Jul - Jun), 2020",Rural,15 years and above,Female,60.5,60,0.7
India,Chhattisgarh,"PLFS Year (Jul - Jun), 2020",Rural,15 years and above,Persons,68.6,67.4,1.8
India,Chhattisgarh,"PLFS Year (Jul - Jun), 2020",Rural,All Ages,Male,57.6,56,2.7
India,Chhattisgarh,"PLFS Year (Jul - Jun), 2020",Rural,All Ages,Female,46.5,46.2,0.7
India,Chhattisgarh,"PLFS Year (Jul - Jun), 2020",Rural,All Ages,Persons,52.2,51.2,1.8
India,Chhattisgarh,"PLFS Year (Jul - Jun), 2020",Urban,15-29 years,Male,54.7,45.5,16.9
India,Chhattisgarh,"PLFS Year (Jul - Jun), 2020",Urban,15-29 years,Female,19.7,15.1,23.2
India,Chhattisgarh,"PLFS Year (Jul - Jun), 2020",Urban,15-29 years,Persons,37,30.1,18.6
India,Chhattisgarh,"PLFS Year (Jul - Jun), 2020",Urban,15-59 years,Male,78.8,74,6.1
India,Chhattisgarh,"PLFS Year (Jul - Jun), 2020",Urban,15-59 years,Female,29.5,27.4,7.2
India,Chhattisgarh,"PLFS Year (Jul - Jun), 2020",Urban,15-59 years,Persons,54,50.6,6.4
India,Chhattisgarh,"PLFS Year (Jul - Jun), 2020",Urban,15 years and above,Male,74.5,70.2,5.7
India,Chhattisgarh,"PLFS Year (Jul - Jun), 2020",Urban,15 years and above,Female,26.9,25,7.1
India,Chhattisgarh,"PLFS Year (Jul - Jun), 2020",Urban,15 years and above,Persons,50.7,47.6,6.1
India,Chhattisgarh,"PLFS Year (Jul - Jun), 2020",Urban,All Ages,Male,56,52.7,6
India,Chhattisgarh,"PLFS Year (Jul - Jun), 2020",Urban,All Ages,Female,21.2,19.7,7
India,Chhattisgarh,"PLFS Year (Jul - Jun), 2020",Urban,All Ages,Persons,39,36.6,6.3
India,Chhattisgarh,"PLFS Year (Jul - Jun), 2020",Rural + Urban,15-29 years,Male,59.5,53.8,9.6
India,Chhattisgarh,"PLFS Year (Jul - Jun), 2020",Rural + Urban,15-29 years,Female,37.8,36.2,4.2
India,Chhattisgarh,"PLFS Year (Jul - Jun), 2020",Rural + Urban,15-29 years,Persons,49,45.3,7.5
India,Chhattisgarh,"PLFS Year (Jul - Jun), 2020",Rural + Urban,15-59 years,Male,80.2,77.4,3.5
India,Chhattisgarh,"PLFS Year (Jul - Jun), 2020",Rural + Urban,15-59 years,Female,57.5,56.7,1.4
India,Chhattisgarh,"PLFS Year (Jul - Jun), 2020",Rural + Urban,15-59 years,Persons,68.9,67.1,2.7
India,Chhattisgarh,"PLFS Year (Jul - Jun), 2020",Rural + Urban,15 years and above,Male,76.2,73.7,3.3
India,Chhattisgarh,"PLFS Year (Jul - Jun), 2020",Rural + Urban,15 years and above,Female,53.9,53.2,1.3
India,Chhattisgarh,"PLFS Year (Jul - Jun), 2020",Rural + Urban,15 years and above,Persons,65.2,63.6,2.5
India,Chhattisgarh,"PLFS Year (Jul - Jun), 2020",Rural + Urban,All Ages,Male,57.3,55.4,3.3
India,Chhattisgarh,"PLFS Year (Jul - Jun), 2020",Rural + Urban,All Ages,Female,41.6,41.1,1.3
India,Chhattisgarh,"PLFS Year (Jul - Jun), 2020",Rural + Urban,All Ages,Persons,49.6,48.4,2.5
India,Delhi,"PLFS Year (Jul - Jun), 2020",Rural,15-29 years,Male,58.6,50.1,14.6
India,Delhi,"PLFS Year (Jul - Jun), 2020",Rural,15-29 years,Female,8.4,8.4,0
India,Delhi,"PLFS Year (Jul - Jun), 2020",Rural,15-29 years,Persons,41,35.5,13.5
India,Delhi,"PLFS Year (Jul - Jun), 2020",Rural,15-59 years,Male,77.4,72.6,6.3
India,Delhi,"PLFS Year (Jul - Jun), 2020",Rural,15-59 years,Female,9.6,9.5,1.1
India,Delhi,"PLFS Year (Jul - Jun), 2020",Rural,15-59 years,Persons,47.8,45,5.8
India,Delhi,"PLFS Year (Jul - Jun), 2020",Rural,15 years and above,Male,74.3,69.7,6.3
India,Delhi,"PLFS Year (Jul - Jun), 2020",Rural,15 years and above,Female,9.2,9.1,1.1
India,Delhi,"PLFS Year (Jul - Jun), 2020",Rural,15 years and above,Persons,45.8,43.2,5.8
India,Delhi,"PLFS Year (Jul - Jun), 2020",Rural,All Ages,Male,55.8,52.3,6.3
India,Delhi,"PLFS Year (Jul - Jun), 2020",Rural,All Ages,Female,6.9,6.8,1.1
India,Delhi,"PLFS Year (Jul - Jun), 2020",Rural,All Ages,Persons,34.4,32.4,5.8
India,Delhi,"PLFS Year (Jul - Jun), 2020",Urban,15-29 years,Male,57.8,48.8,15.6
India,Delhi,"PLFS Year (Jul - Jun), 2020",Urban,15-29 years,Female,13.1,10.7,18.3
India,Delhi,"PLFS Year (Jul - Jun), 2020",Urban,15-29 years,Persons,37.9,31.8,16
India,Delhi,"PLFS Year (Jul - Jun), 2020",Urban,15-59 years,Male,79.2,74.1,6.4
India,Delhi,"PLFS Year (Jul - Jun), 2020",Urban,15-59 years,Female,15.5,14.5,6.7
India,Delhi,"PLFS Year (Jul - Jun), 2020",Urban,15-59 years,Persons,50.5,47.2,6.5
India,Delhi,"PLFS Year (Jul - Jun), 2020",Urban,15 years and above,Male,72.3,67.8,6.3
India,Delhi,"PLFS Year (Jul - Jun), 2020",Urban,15 years and above,Female,13.9,13,6.5
India,Delhi,"PLFS Year (Jul - Jun), 2020",Urban,15 years and above,Persons,45.6,42.7,6.3
India,Delhi,"PLFS Year (Jul - Jun), 2020",Urban,All Ages,Male,58.1,54.4,6.2
India,Delhi,"PLFS Year (Jul - Jun), 2020",Urban,All Ages,Female,10.8,10.1,6.5
India,Delhi,"PLFS Year (Jul - Jun), 2020",Urban,All Ages,Persons,36,33.8,6.3
India,Delhi,"PLFS Year (Jul - Jun), 2020",Rural + Urban,15-29 years,Male,57.8,48.9,15.5
India,Delhi,"PLFS Year (Jul - Jun), 2020",Rural + Urban,15-29 years,Female,13,10.7,18.1
India,Delhi,"PLFS Year (Jul - Jun), 2020",Rural + Urban,15-29 years,Persons,38,31.9,15.9
India,Delhi,"PLFS Year (Jul - Jun), 2020",Rural + Urban,15-59 years,Male,79.1,74.1,6.4
India,Delhi,"PLFS Year (Jul - Jun), 2020",Rural + Urban,15-59 years,Female,15.3,14.3,6.6
India,Delhi,"PLFS Year (Jul - Jun), 2020",Rural + Urban,15-59 years,Persons,50.4,47.2,6.4
India,Delhi,"PLFS Year (Jul - Jun), 2020",Rural + Urban,15 years and above,Male,72.3,67.8,6.3
India,Delhi,"PLFS Year (Jul - Jun), 2020",Rural + Urban,15 years and above,Female,13.8,12.9,6.4
India,Delhi,"PLFS Year (Jul - Jun), 2020",Rural + Urban,15 years and above,Persons,45.6,42.7,6.3
India,Delhi,"PLFS Year (Jul - Jun), 2020",Rural + Urban,All Ages,Male,58,54.4,6.2
India,Delhi,"PLFS Year (Jul - Jun), 2020",Rural + Urban,All Ages,Female,10.7,10,6.4
India,Delhi,"PLFS Year (Jul - Jun), 2020",Rural + Urban,All Ages,Persons,36,33.7,6.3
India,Goa,"PLFS Year (Jul - Jun), 2020",Rural,15-29 years,Male,39.8,28.9,27.3
India,Goa,"PLFS Year (Jul - Jun), 2020",Rural,15-29 years,Female,33.4,18.7,43.9
India,Goa,"PLFS Year (Jul - Jun), 2020",Rural,15-29 years,Persons,37.6,25.5,32.3
India,Goa,"PLFS Year (Jul - Jun), 2020",Rural,15-59 years,Male,70.6,65,8
India,Goa,"PLFS Year (Jul - Jun), 2020",Rural,15-59 years,Female,38.3,32.1,16.4
India,Goa,"PLFS Year (Jul - Jun), 2020",Rural,15-59 years,Persons,56.1,50.2,10.6
India,Goa,"PLFS Year (Jul - Jun), 2020",Rural,15 years and above,Male,64.6,59.7,7.5
India,Goa,"PLFS Year (Jul - Jun), 2020",Rural,15 years and above,Female,33.3,28.1,15.6
India,Goa,"PLFS Year (Jul - Jun), 2020",Rural,15 years and above,Persons,50.2,45.2,10
India,Goa,"PLFS Year (Jul - Jun), 2020",Rural,All Ages,Male,52.1,48.1,7.6
India,Goa,"PLFS Year (Jul - Jun), 2020",Rural,All Ages,Female,27.4,23.1,15.6
India,Goa,"PLFS Year (Jul - Jun), 2020",Rural,All Ages,Persons,40.9,36.8,10
India,Goa,"PLFS Year (Jul - Jun), 2020",Urban,15-29 years,Male,61.5,50.8,17.5
India,Goa,"PLFS Year (Jul - Jun), 2020",Urban,15-29 years,Female,26.7,17.6,34.2
India,Goa,"PLFS Year (Jul - Jun), 2020",Urban,15-29 years,Persons,44.9,34.9,22.2
India,Goa,"PLFS Year (Jul - Jun), 2020",Urban,15-59 years,Male,82.6,73.9,10.6
India,Goa,"PLFS Year (Jul - Jun), 2020",Urban,15-59 years,Female,26.6,22.8,14.1
India,Goa,"PLFS Year (Jul - Jun), 2020",Urban,15-59 years,Persons,54.6,48.3,11.5
India,Goa,"PLFS Year (Jul - Jun), 2020",Urban,15 years and above,Male,71.6,64.3,10.2
India,Goa,"PLFS Year (Jul - Jun), 2020",Urban,15 years and above,Female,23.8,20.7,12.8
India,Goa,"PLFS Year (Jul - Jun), 2020",Urban,15 years and above,Persons,47.4,42.3,10.9
India,Goa,"PLFS Year (Jul - Jun), 2020",Urban,All Ages,Male,58,52,10.2
India,Goa,"PLFS Year (Jul - Jun), 2020",Urban,All Ages,Female,19.7,17.1,12.8
India,Goa,"PLFS Year (Jul - Jun), 2020",Urban,All Ages,Persons,38.8,34.6,10.9
India,Goa,"PLFS Year (Jul - Jun), 2020",Rural + Urban,15-29 years,Male,51.7,40.9,20.9
India,Goa,"PLFS Year (Jul - Jun), 2020",Rural + Urban,15-29 years,Female,28.8,17.9,37.7
India,Goa,"PLFS Year (Jul - Jun), 2020",Rural + Urban,15-29 years,Persons,42,31.2,25.8
India,Goa,"PLFS Year (Jul - Jun), 2020",Rural + Urban,15-59 years,Male,77.5,70.1,9.6
India,Goa,"PLFS Year (Jul - Jun), 2020",Rural + Urban,15-59 years,Female,31,26.3,15.1
India,Goa,"PLFS Year (Jul - Jun), 2020",Rural + Urban,15-59 years,Persons,55.2,49.1,11.1
India,Goa,"PLFS Year (Jul - Jun), 2020",Rural + Urban,15 years and above,Male,68.7,62.4,9.1
India,Goa,"PLFS Year (Jul - Jun), 2020",Rural + Urban,15 years and above,Female,27.3,23.5,14.1
India,Goa,"PLFS Year (Jul - Jun), 2020",Rural + Urban,15 years and above,Persons,48.5,43.4,10.5
India,Goa,"PLFS Year (Jul - Jun), 2020",Rural + Urban,All Ages,Male,55.5,50.4,9.2
India,Goa,"PLFS Year (Jul - Jun), 2020",Rural + Urban,All Ages,Female,22.6,19.4,14.1
India,Goa,"PLFS Year (Jul - Jun), 2020",Rural + Urban,All Ages,Persons,39.6,35.5,10.5
India,Gujarat,"PLFS Year (Jul - Jun), 2020",Rural,15-29 years,Male,65.2,63.2,3
India,Gujarat,"PLFS Year (Jul - Jun), 2020",Rural,15-29 years,Female,30.1,29.7,1.4
India,Gujarat,"PLFS Year (Jul - Jun), 2020",Rural,15-29 years,Persons,49.1,47.8,2.6
India,Gujarat,"PLFS Year (Jul - Jun), 2020",Rural,15-59 years,Male,83,82.1,1.1
India,Gujarat,"PLFS Year (Jul - Jun), 2020",Rural,15-59 years,Female,47.2,47,0.4
India,Gujarat,"PLFS Year (Jul - Jun), 2020",Rural,15-59 years,Persons,65.6,65,0.8
India,Gujarat,"PLFS Year (Jul - Jun), 2020",Rural,15 years and above,Male,78.7,77.9,1
India,Gujarat,"PLFS Year (Jul - Jun), 2020",Rural,15 years and above,Female,43.1,43,0.3
India,Gujarat,"PLFS Year (Jul - Jun), 2020",Rural,15 years and above,Persons,61.2,60.7,0.8
India,Gujarat,"PLFS Year (Jul - Jun), 2020",Rural,All Ages,Male,59.7,59.1,1
India,Gujarat,"PLFS Year (Jul - Jun), 2020",Rural,All Ages,Female,33.9,33.8,0.3
India,Gujarat,"PLFS Year (Jul - Jun), 2020",Rural,All Ages,Persons,47.3,46.9,0.8
India,Gujarat,"PLFS Year (Jul - Jun), 2020",Urban,15-29 years,Male,66.6,60,10
India,Gujarat,"PLFS Year (Jul - Jun), 2020",Urban,15-29 years,Female,19.1,17.2,9.9
India,Gujarat,"PLFS Year (Jul - Jun), 2020",Urban,15-29 years,Persons,45,40.6,10
India,Gujarat,"PLFS Year (Jul - Jun), 2020",Urban,15-59 years,Male,84.4,80.8,4.2
India,Gujarat,"PLFS Year (Jul - Jun), 2020",Urban,15-59 years,Female,21.6,20,7.4
India,Gujarat,"PLFS Year (Jul - Jun), 2020",Urban,15-59 years,Persons,54.5,51.8,4.8
India,Gujarat,"PLFS Year (Jul - Jun), 2020",Urban,15 years and above,Male,78,74.9,4
India,Gujarat,"PLFS Year (Jul - Jun), 2020",Urban,15 years and above,Female,19.1,17.7,7.1
India,Gujarat,"PLFS Year (Jul - Jun), 2020",Urban,15 years and above,Persons,49.4,47.2,4.6
India,Gujarat,"PLFS Year (Jul - Jun), 2020",Urban,All Ages,Male,62.6,60.1,4
India,Gujarat,"PLFS Year (Jul - Jun), 2020",Urban,All Ages,Female,15.6,14.5,7.1
India,Gujarat,"PLFS Year (Jul - Jun), 2020",Urban,All Ages,Persons,40,38.2,4.6
India,Gujarat,"PLFS Year (Jul - Jun), 2020",Rural + Urban,15-29 years,Male,65.8,61.9,5.9
India,Gujarat,"PLFS Year (Jul - Jun), 2020",Rural + Urban,15-29 years,Female,25.6,24.6,4
India,Gujarat,"PLFS Year (Jul - Jun), 2020",Rural + Urban,15-29 years,Persons,47.4,44.8,5.5
India,Gujarat,"PLFS Year (Jul - Jun), 2020",Rural + Urban,15-59 years,Male,83.6,81.6,2.4
India,Gujarat,"PLFS Year (Jul - Jun), 2020",Rural + Urban,15-59 years,Female,36.5,35.8,2.1
India,Gujarat,"PLFS Year (Jul - Jun), 2020",Rural + Urban,15-59 years,Persons,60.9,59.5,2.3
India,Gujarat,"PLFS Year (Jul - Jun), 2020",Rural + Urban,15 years and above,Male,78.4,76.6,2.3
India,Gujarat,"PLFS Year (Jul - Jun), 2020",Rural + Urban,15 years and above,Female,33.1,32.4,2
India,Gujarat,"PLFS Year (Jul - Jun), 2020",Rural + Urban,15 years and above,Persons,56.3,55,2.2
India,Gujarat,"PLFS Year (Jul - Jun), 2020",Rural + Urban,All Ages,Male,60.9,59.5,2.3
India,Gujarat,"PLFS Year (Jul - Jun), 2020",Rural + Urban,All Ages,Female,26.4,25.9,2
India,Gujarat,"PLFS Year (Jul - Jun), 2020",Rural + Urban,All Ages,Persons,44.3,43.3,2.2
India,Haryana,"PLFS Year (Jul - Jun), 2020",Rural,15-29 years,Male,60.8,53,12.7
India,Haryana,"PLFS Year (Jul - Jun), 2020",Rural,15-29 years,Female,10.4,9.2,11.5
India,Haryana,"PLFS Year (Jul - Jun), 2020",Rural,15-29 years,Persons,38,33.2,12.6
India,Haryana,"PLFS Year (Jul - Jun), 2020",Rural,15-59 years,Male,79.7,74.6,6.3
India,Haryana,"PLFS Year (Jul - Jun), 2020",Rural,15-59 years,Female,21.6,20.9,3.4
India,Haryana,"PLFS Year (Jul - Jun), 2020",Rural,15-59 years,Persons,52.1,49.1,5.8
India,Haryana,"PLFS Year (Jul - Jun), 2020",Rural,15 years and above,Male,73.3,68.9,5.9
India,Haryana,"PLFS Year (Jul - Jun), 2020",Rural,15 years and above,Female,19.3,18.7,3.2
India,Haryana,"PLFS Year (Jul - Jun), 2020",Rural,15 years and above,Persons,47.5,44.9,5.4
India,Haryana,"PLFS Year (Jul - Jun), 2020",Rural,All Ages,Male,53.7,50.5,5.9
India,Haryana,"PLFS Year (Jul - Jun), 2020",Rural,All Ages,Female,14.7,14.3,3.2
India,Haryana,"PLFS Year (Jul - Jun), 2020",Rural,All Ages,Persons,35.5,33.6,5.4
India,Haryana,"PLFS Year (Jul - Jun), 2020",Urban,15-29 years,Male,54.6,44.2,19
India,Haryana,"PLFS Year (Jul - Jun), 2020",Urban,15-29 years,Female,13.4,8.8,34.6
India,Haryana,"PLFS Year (Jul - Jun), 2020",Urban,15-29 years,Persons,35.7,28,21.7
India,Haryana,"PLFS Year (Jul - Jun), 2020",Urban,15-59 years,Male,78.6,72.3,8.1
India,Haryana,"PLFS Year (Jul - Jun), 2020",Urban,15-59 years,Female,21.7,19.7,9.6
India,Haryana,"PLFS Year (Jul - Jun), 2020",Urban,15-59 years,Persons,51.6,47.2,8.4
India,Haryana,"PLFS Year (Jul - Jun), 2020",Urban,15 years and above,Male,70.6,65.2,7.7
India,Haryana,"PLFS Year (Jul - Jun), 2020",Urban,15 years and above,Female,18.6,16.9,9.5
India,Haryana,"PLFS Year (Jul - Jun), 2020",Urban,15 years and above,Persons,45.8,42.1,8.1
India,Haryana,"PLFS Year (Jul - Jun), 2020",Urban,All Ages,Male,54.4,50.1,7.8
India,Haryana,"PLFS Year (Jul - Jun), 2020",Urban,All Ages,Female,14.2,12.8,9.5
India,Haryana,"PLFS Year (Jul - Jun), 2020",Urban,All Ages,Persons,35.1,32.2,8.1
India,Haryana,"PLFS Year (Jul - Jun), 2020",Rural + Urban,15-29 years,Male,58.9,50.3,14.5
India,Haryana,"PLFS Year (Jul - Jun), 2020",Rural + Urban,15-29 years,Female,11.3,9,20.1
India,Haryana,"PLFS Year (Jul - Jun), 2020",Rural + Urban,15-29 years,Persons,37.3,31.6,15.3
India,Haryana,"PLFS Year (Jul - Jun), 2020",Rural + Urban,15-59 years,Male,79.3,73.8,6.9
India,Haryana,"PLFS Year (Jul - Jun), 2020",Rural + Urban,15-59 years,Female,21.7,20.5,5.5
India,Haryana,"PLFS Year (Jul - Jun), 2020",Rural + Urban,15-59 years,Persons,51.9,48.5,6.6
India,Haryana,"PLFS Year (Jul - Jun), 2020",Rural + Urban,15 years and above,Male,72.4,67.7,6.5
India,Haryana,"PLFS Year (Jul - Jun), 2020",Rural + Urban,15 years and above,Female,19.1,18.1,5.3
India,Haryana,"PLFS Year (Jul - Jun), 2020",Rural + Urban,15 years and above,Persons,46.9,44,6.3
India,Haryana,"PLFS Year (Jul - Jun), 2020",Rural + Urban,All Ages,Male,53.9,50.4,6.5
India,Haryana,"PLFS Year (Jul - Jun), 2020",Rural + Urban,All Ages,Female,14.6,13.8,5.3
India,Haryana,"PLFS Year (Jul - Jun), 2020",Rural + Urban,All Ages,Persons,35.3,33.1,6.3
India,Himachal Pradesh,"PLFS Year (Jul - Jun), 2020",Rural,15-29 years,Male,66.1,56.6,14.4
India,Himachal Pradesh,"PLFS Year (Jul - Jun), 2020",Rural,15-29 years,Female,49.7,45.5,8.6
India,Himachal Pradesh,"PLFS Year (Jul - Jun), 2020",Rural,15-29 years,Persons,58.5,51.4,12.1
India,Himachal Pradesh,"PLFS Year (Jul - Jun), 2020",Rural,15-59 years,Male,86.1,82.2,4.5
India,Himachal Pradesh,"PLFS Year (Jul - Jun), 2020",Rural,15-59 years,Female,71.6,70,2.3
India,Himachal Pradesh,"PLFS Year (Jul - Jun), 2020",Rural,15-59 years,Persons,78.6,75.9,3.5
India,Himachal Pradesh,"PLFS Year (Jul - Jun), 2020",Rural,15 years and above,Male,82.4,79.2,3.8
India,Himachal Pradesh,"PLFS Year (Jul - Jun), 2020",Rural,15 years and above,Female,65.3,64,2.1
India,Himachal Pradesh,"PLFS Year (Jul - Jun), 2020",Rural,15 years and above,Persons,73.6,71.4,3
India,Himachal Pradesh,"PLFS Year (Jul - Jun), 2020",Rural,All Ages,Male,63.9,61.5,3.8
India,Himachal Pradesh,"PLFS Year (Jul - Jun), 2020",Rural,All Ages,Female,53.3,52.2,2.1
India,Himachal Pradesh,"PLFS Year (Jul - Jun), 2020",Rural,All Ages,Persons,58.6,56.8,3
India,Himachal Pradesh,"PLFS Year (Jul - Jun), 2020",Urban,15-29 years,Male,51.3,39.2,23.5
India,Himachal Pradesh,"PLFS Year (Jul - Jun), 2020",Urban,15-29 years,Female,28.6,22.4,21.6
India,Himachal Pradesh,"PLFS Year (Jul - Jun), 2020",Urban,15-29 years,Persons,39.5,30.5,22.8
India,Himachal Pradesh,"PLFS Year (Jul - Jun), 2020",Urban,15-59 years,Male,82,76.6,6.6
India,Himachal Pradesh,"PLFS Year (Jul - Jun), 2020",Urban,15-59 years,Female,38.6,35.2,8.8
India,Himachal Pradesh,"PLFS Year (Jul - Jun), 2020",Urban,15-59 years,Persons,61.7,57.2,7.2
India,Himachal Pradesh,"PLFS Year (Jul - Jun), 2020",Urban,15 years and above,Male,75.3,70.6,6.3
India,Himachal Pradesh,"PLFS Year (Jul - Jun), 2020",Urban,15 years and above,Female,34,31.1,8.5
India,Himachal Pradesh,"PLFS Year (Jul - Jun), 2020",Urban,15 years and above,Persons,55.7,51.8,6.9
India,Himachal Pradesh,"PLFS Year (Jul - Jun), 2020",Urban,All Ages,Male,61,57.2,6.3
India,Himachal Pradesh,"PLFS Year (Jul - Jun), 2020",Urban,All Ages,Female,26.9,24.6,8.5
India,Himachal Pradesh,"PLFS Year (Jul - Jun), 2020",Urban,All Ages,Persons,44.7,41.6,6.9
India,Himachal Pradesh,"PLFS Year (Jul - Jun), 2020",Rural + Urban,15-29 years,Male,64.8,55.1,15.1
India,Himachal Pradesh,"PLFS Year (Jul - Jun), 2020",Rural + Urban,15-29 years,Female,47.5,43,9.4
India,Himachal Pradesh,"PLFS Year (Jul - Jun), 2020",Rural + Urban,15-29 years,Persons,56.6,49.4,12.8
India,Himachal Pradesh,"PLFS Year (Jul - Jun), 2020",Rural + Urban,15-59 years,Male,85.6,81.6,4.7
India,Himachal Pradesh,"PLFS Year (Jul - Jun), 2020",Rural + Urban,15-59 years,Female,68.6,66.8,2.7
India,Himachal Pradesh,"PLFS Year (Jul - Jun), 2020",Rural + Urban,15-59 years,Persons,77,74.1,3.8
India,Himachal Pradesh,"PLFS Year (Jul - Jun), 2020",Rural + Urban,15 years and above,Male,81.7,78.4,4.1
India,Himachal Pradesh,"PLFS Year (Jul - Jun), 2020",Rural + Urban,15 years and above,Female,62.6,61.1,2.4
India,Himachal Pradesh,"PLFS Year (Jul - Jun), 2020",Rural + Urban,15 years and above,Persons,71.9,69.5,3.3
India,Himachal Pradesh,"PLFS Year (Jul - Jun), 2020",Rural + Urban,All Ages,Male,63.7,61.1,4
India,Himachal Pradesh,"PLFS Year (Jul - Jun), 2020",Rural + Urban,All Ages,Female,51,49.8,2.4
India,Himachal Pradesh,"PLFS Year (Jul - Jun), 2020",Rural + Urban,All Ages,Persons,57.3,55.4,3.3
India,Jammu and Kashmir,"PLFS Year (Jul - Jun), 2020",Rural,15-29 years,Male,50.7,44.5,12.1
India,Jammu and Kashmir,"PLFS Year (Jul - Jun), 2020",Rural,15-29 years,Female,30.5,25.3,17
India,Jammu and Kashmir,"PLFS Year (Jul - Jun), 2020",Rural,15-29 years,Persons,41,35.3,13.9
India,Jammu and Kashmir,"PLFS Year (Jul - Jun), 2020",Rural,15-59 years,Male,76.9,74,3.9
India,Jammu and Kashmir,"PLFS Year (Jul - Jun), 2020",Rural,15-59 years,Female,50.8,47.8,5.8
India,Jammu and Kashmir,"PLFS Year (Jul - Jun), 2020",Rural,15-59 years,Persons,64,61,4.6
India,Jammu and Kashmir,"PLFS Year (Jul - Jun), 2020",Rural,15 years and above,Male,74.2,71.6,3.5
India,Jammu and Kashmir,"PLFS Year (Jul - Jun), 2020",Rural,15 years and above,Female,47.6,45,5.5
India,Jammu and Kashmir,"PLFS Year (Jul - Jun), 2020",Rural,15 years and above,Persons,61.2,58.6,4.3
India,Jammu and Kashmir,"PLFS Year (Jul - Jun), 2020",Rural,All Ages,Male,55.3,53.3,3.5
India,Jammu and Kashmir,"PLFS Year (Jul - Jun), 2020",Rural,All Ages,Female,35.3,33.4,5.5
India,Jammu and Kashmir,"PLFS Year (Jul - Jun), 2020",Rural,All Ages,Persons,45.5,43.5,4.3
India,Jammu and Kashmir,"PLFS Year (Jul - Jun), 2020",Urban,15-29 years,Male,54.3,37.4,31.2
India,Jammu and Kashmir,"PLFS Year (Jul - Jun), 2020",Urban,15-29 years,Female,24.1,11.3,53.3
India,Jammu and Kashmir,"PLFS Year (Jul - Jun), 2020",Urban,15-29 years,Persons,40.4,25.3,37.3
India,Jammu and Kashmir,"PLFS Year (Jul - Jun), 2020",Urban,15-59 years,Male,79.5,71.5,10
India,Jammu and Kashmir,"PLFS Year (Jul - Jun), 2020",Urban,15-59 years,Female,31,23.2,25.1
India,Jammu and Kashmir,"PLFS Year (Jul - Jun), 2020",Urban,15-59 years,Persons,55.9,48,14.1
India,Jammu and Kashmir,"PLFS Year (Jul - Jun), 2020",Urban,15 years and above,Male,73.3,66.4,9.4
India,Jammu and Kashmir,"PLFS Year (Jul - Jun), 2020",Urban,15 years and above,Female,27.3,20.6,24.5
India,Jammu and Kashmir,"PLFS Year (Jul - Jun), 2020",Urban,15 years and above,Persons,50.9,44.1,13.3
India,Jammu and Kashmir,"PLFS Year (Jul - Jun), 2020",Urban,All Ages,Male,58,52.6,9.4
India,Jammu and Kashmir,"PLFS Year (Jul - Jun), 2020",Urban,All Ages,Female,22.3,16.9,24.5
India,Jammu and Kashmir,"PLFS Year (Jul - Jun), 2020",Urban,All Ages,Persons,40.9,35.5,13.3
India,Jammu and Kashmir,"PLFS Year (Jul - Jun), 2020",Rural + Urban,15-29 years,Male,51.4,43.1,16.1
India,Jammu and Kashmir,"PLFS Year (Jul - Jun), 2020",Rural + Urban,15-29 years,Female,29.3,22.7,22.6
India,Jammu and Kashmir,"PLFS Year (Jul - Jun), 2020",Rural + Urban,15-29 years,Persons,40.9,33.4,18.3
India,Jammu and Kashmir,"PLFS Year (Jul - Jun), 2020",Rural + Urban,15-59 years,Male,77.5,73.5,5.2
India,Jammu and Kashmir,"PLFS Year (Jul - Jun), 2020",Rural + Urban,15-59 years,Female,46.8,42.9,8.4
India,Jammu and Kashmir,"PLFS Year (Jul - Jun), 2020",Rural + Urban,15-59 years,Persons,62.3,58.4,6.4
India,Jammu and Kashmir,"PLFS Year (Jul - Jun), 2020",Rural + Urban,15 years and above,Male,74,70.5,4.7
India,Jammu and Kashmir,"PLFS Year (Jul - Jun), 2020",Rural + Urban,15 years and above,Female,43.4,39.9,8
India,Jammu and Kashmir,"PLFS Year (Jul - Jun), 2020",Rural + Urban,15 years and above,Persons,59,55.5,5.9
India,Jammu and Kashmir,"PLFS Year (Jul - Jun), 2020",Rural + Urban,All Ages,Male,55.8,53.2,4.7
India,Jammu and Kashmir,"PLFS Year (Jul - Jun), 2020",Rural + Urban,All Ages,Female,32.8,30.2,8
India,Jammu and Kashmir,"PLFS Year (Jul - Jun), 2020",Rural + Urban,All Ages,Persons,44.6,42,5.9
India,Jharkhand,"PLFS Year (Jul - Jun), 2020",Rural,15-29 years,Male,68,63.1,7.2
India,Jharkhand,"PLFS Year (Jul - Jun), 2020",Rural,15-29 years,Female,37.3,37.2,0.4
India,Jharkhand,"PLFS Year (Jul - Jun), 2020",Rural,15-29 years,Persons,53.2,50.6,4.9
India,Jharkhand,"PLFS Year (Jul - Jun), 2020",Rural,15-59 years,Male,84.2,81.4,3.2
India,Jharkhand,"PLFS Year (Jul - Jun), 2020",Rural,15-59 years,Female,54.6,54.5,0.1
India,Jharkhand,"PLFS Year (Jul - Jun), 2020",Rural,15-59 years,Persons,69.4,68,2
India,Jharkhand,"PLFS Year (Jul - Jun), 2020",Rural,15 years and above,Male,80.8,78.4,3
India,Jharkhand,"PLFS Year (Jul - Jun), 2020",Rural,15 years and above,Female,51.1,51,0.1
India,Jharkhand,"PLFS Year (Jul - Jun), 2020",Rural,15 years and above,Persons,66,64.7,1.9
India,Jharkhand,"PLFS Year (Jul - Jun), 2020",Rural,All Ages,Male,55,53.4,2.9
India,Jharkhand,"PLFS Year (Jul - Jun), 2020",Rural,All Ages,Female,36,36,0.1
India,Jharkhand,"PLFS Year (Jul - Jun), 2020",Rural,All Ages,Persons,45.7,44.8,1.8
India,Jharkhand,"PLFS Year (Jul - Jun), 2020",Urban,15-29 years,Male,60,46,23.4
India,Jharkhand,"PLFS Year (Jul - Jun), 2020",Urban,15-29 years,Female,14.9,12.1,18.9
India,Jharkhand,"PLFS Year (Jul - Jun), 2020",Urban,15-29 years,Persons,38.7,29.9,22.6
India,Jharkhand,"PLFS Year (Jul - Jun), 2020",Urban,15-59 years,Male,78.8,70.6,10.4
India,Jharkhand,"PLFS Year (Jul - Jun), 2020",Urban,15-59 years,Female,19.8,18.3,7.3
India,Jharkhand,"PLFS Year (Jul - Jun), 2020",Urban,15-59 years,Persons,50.1,45.2,9.8
India,Jharkhand,"PLFS Year (Jul - Jun), 2020",Urban,15 years and above,Male,72.5,65.3,10
India,Jharkhand,"PLFS Year (Jul - Jun), 2020",Urban,15 years and above,Female,18.5,17.2,6.8
India,Jharkhand,"PLFS Year (Jul - Jun), 2020",Urban,15 years and above,Persons,46.2,41.9,9.3
India,Jharkhand,"PLFS Year (Jul - Jun), 2020",Urban,All Ages,Male,54.9,49.5,9.9
India,Jharkhand,"PLFS Year (Jul - Jun), 2020",Urban,All Ages,Female,14.4,13.5,6.8
India,Jharkhand,"PLFS Year (Jul - Jun), 2020",Urban,All Ages,Persons,35.5,32.2,9.3
India,Jharkhand,"PLFS Year (Jul - Jun), 2020",Rural + Urban,15-29 years,Male,66.2,59.3,10.5
India,Jharkhand,"PLFS Year (Jul - Jun), 2020",Rural + Urban,15-29 years,Female,32.5,31.7,2.2
India,Jharkhand,"PLFS Year (Jul - Jun), 2020",Rural + Urban,15-29 years,Persons,50,46.1,7.9
India,Jharkhand,"PLFS Year (Jul - Jun), 2020",Rural + Urban,15-59 years,Male,82.9,79,4.8
India,Jharkhand,"PLFS Year (Jul - Jun), 2020",Rural + Urban,15-59 years,Female,47,46.6,0.8
India,Jharkhand,"PLFS Year (Jul - Jun), 2020",Rural + Urban,15-59 years,Persons,65.1,62.9,3.4
India,Jharkhand,"PLFS Year (Jul - Jun), 2020",Rural + Urban,15 years and above,Male,78.9,75.4,4.4
India,Jharkhand,"PLFS Year (Jul - Jun), 2020",Rural + Urban,15 years and above,Female,43.9,43.6,0.7
India,Jharkhand,"PLFS Year (Jul - Jun), 2020",Rural + Urban,15 years and above,Persons,61.6,59.6,3.1
India,Jharkhand,"PLFS Year (Jul - Jun), 2020",Rural + Urban,All Ages,Male,55,52.6,4.4
India,Jharkhand,"PLFS Year (Jul - Jun), 2020",Rural + Urban,All Ages,Female,31.7,31.5,0.7
India,Jharkhand,"PLFS Year (Jul - Jun), 2020",Rural + Urban,All Ages,Persons,43.6,42.2,3.1
India,Karnataka,"PLFS Year (Jul - Jun), 2020",Rural,15-29 years,Male,62.7,58.3,6.9
India,Karnataka,"PLFS Year (Jul - Jun), 2020",Rural,15-29 years,Female,24.8,22.3,9.9
India,Karnataka,"PLFS Year (Jul - Jun), 2020",Rural,15-29 years,Persons,43.6,40.2,7.8
India,Karnataka,"PLFS Year (Jul - Jun), 2020",Rural,15-59 years,Male,83.8,81.7,2.5
India,Karnataka,"PLFS Year (Jul - Jun), 2020",Rural,15-59 years,Female,46.3,45.3,2.1
India,Karnataka,"PLFS Year (Jul - Jun), 2020",Rural,15-59 years,Persons,64.7,63.2,2.4
India,Karnataka,"PLFS Year (Jul - Jun), 2020",Rural,15 years and above,Male,80.4,78.6,2.2
India,Karnataka,"PLFS Year (Jul - Jun), 2020",Rural,15 years and above,Female,41.9,41,2
India,Karnataka,"PLFS Year (Jul - Jun), 2020",Rural,15 years and above,Persons,60.7,59.4,2.1
India,Karnataka,"PLFS Year (Jul - Jun), 2020",Rural,All Ages,Male,60.9,59.5,2.3
India,Karnataka,"PLFS Year (Jul - Jun), 2020",Rural,All Ages,Female,33.4,32.8,2
India,Karnataka,"PLFS Year (Jul - Jun), 2020",Rural,All Ages,Persons,47.3,46.2,2.2
India,Karnataka,"PLFS Year (Jul - Jun), 2020",Urban,15-29 years,Male,62.1,56.9,8.3
India,Karnataka,"PLFS Year (Jul - Jun), 2020",Urban,15-29 years,Female,22.5,18.8,16.5
India,Karnataka,"PLFS Year (Jul - Jun), 2020",Urban,15-29 years,Persons,42.4,37.9,10.4
India,Karnataka,"PLFS Year (Jul - Jun), 2020",Urban,15-59 years,Male,83.3,80.3,3.5
India,Karnataka,"PLFS Year (Jul - Jun), 2020",Urban,15-59 years,Female,29,27.5,5.2
India,Karnataka,"PLFS Year (Jul - Jun), 2020",Urban,15-59 years,Persons,56.1,53.8,4
India,Karnataka,"PLFS Year (Jul - Jun), 2020",Urban,15 years and above,Male,75.2,72.7,3.4
India,Karnataka,"PLFS Year (Jul - Jun), 2020",Urban,15 years and above,Female,26,24.7,5
India,Karnataka,"PLFS Year (Jul - Jun), 2020",Urban,15 years and above,Persons,50.5,48.6,3.8
India,Karnataka,"PLFS Year (Jul - Jun), 2020",Urban,All Ages,Male,59.4,57.4,3.4
India,Karnataka,"PLFS Year (Jul - Jun), 2020",Urban,All Ages,Female,21.1,20.1,5
India,Karnataka,"PLFS Year (Jul - Jun), 2020",Urban,All Ages,Persons,40.4,38.9,3.8
India,Karnataka,"PLFS Year (Jul - Jun), 2020",Rural + Urban,15-29 years,Male,62.5,57.8,7.4
India,Karnataka,"PLFS Year (Jul - Jun), 2020",Rural + Urban,15-29 years,Female,23.9,21,12.2
India,Karnataka,"PLFS Year (Jul - Jun), 2020",Rural + Urban,15-29 years,Persons,43.1,39.3,8.8
India,Karnataka,"PLFS Year (Jul - Jun), 2020",Rural + Urban,15-59 years,Male,83.6,81.1,2.9
India,Karnataka,"PLFS Year (Jul - Jun), 2020",Rural + Urban,15-59 years,Female,39.7,38.5,3
India,Karnataka,"PLFS Year (Jul - Jun), 2020",Rural + Urban,15-59 years,Persons,61.4,59.6,2.9
India,Karnataka,"PLFS Year (Jul - Jun), 2020",Rural + Urban,15 years and above,Male,78.4,76.4,2.6
India,Karnataka,"PLFS Year (Jul - Jun), 2020",Rural + Urban,15 years and above,Female,35.9,34.9,2.8
India,Karnataka,"PLFS Year (Jul - Jun), 2020",Rural + Urban,15 years and above,Persons,56.9,55.3,2.7
India,Karnataka,"PLFS Year (Jul - Jun), 2020",Rural + Urban,All Ages,Male,60.4,58.8,2.7
India,Karnataka,"PLFS Year (Jul - Jun), 2020",Rural + Urban,All Ages,Female,28.9,28.1,2.8
India,Karnataka,"PLFS Year (Jul - Jun), 2020",Rural + Urban,All Ages,Persons,44.7,43.5,2.7
India,Kerala,"PLFS Year (Jul - Jun), 2020",Rural,15-29 years,Male,55.3,41.7,24.7
India,Kerala,"PLFS Year (Jul - Jun), 2020",Rural,15-29 years,Female,23.6,11.7,50.6
India,Kerala,"PLFS Year (Jul - Jun), 2020",Rural,15-29 years,Persons,38.7,25.9,33
India,Kerala,"PLFS Year (Jul - Jun), 2020",Rural,15-59 years,Male,82.4,76.1,7.6
India,Kerala,"PLFS Year (Jul - Jun), 2020",Rural,15-59 years,Female,40.8,34.5,15.6
India,Kerala,"PLFS Year (Jul - Jun), 2020",Rural,15-59 years,Persons,60.2,53.9,10.5
India,Kerala,"PLFS Year (Jul - Jun), 2020",Rural,15 years and above,Male,75.7,70.8,6.4
India,Kerala,"PLFS Year (Jul - Jun), 2020",Rural,15 years and above,Female,35.4,30.7,13.4
India,Kerala,"PLFS Year (Jul - Jun), 2020",Rural,15 years and above,Persons,53.9,49.1,8.9
India,Kerala,"PLFS Year (Jul - Jun), 2020",Rural,All Ages,Male,59.8,55.9,6.4
India,Kerala,"PLFS Year (Jul - Jun), 2020",Rural,All Ages,Female,29.5,25.6,13.4
India,Kerala,"PLFS Year (Jul - Jun), 2020",Rural,All Ages,Persons,43.8,39.9,8.9
India,Kerala,"PLFS Year (Jul - Jun), 2020",Urban,15-29 years,Male,48.2,35.7,25.9
India,Kerala,"PLFS Year (Jul - Jun), 2020",Urban,15-29 years,Female,26.3,12.7,51.8
India,Kerala,"PLFS Year (Jul - Jun), 2020",Urban,15-29 years,Persons,37.8,24.8,34.5
India,Kerala,"PLFS Year (Jul - Jun), 2020",Urban,15-59 years,Male,76.6,69.2,9.6
India,Kerala,"PLFS Year (Jul - Jun), 2020",Urban,15-59 years,Female,36.9,29.9,18.8
India,Kerala,"PLFS Year (Jul - Jun), 2020",Urban,15-59 years,Persons,55.8,48.6,12.8
India,Kerala,"PLFS Year (Jul - Jun), 2020",Urban,15 years and above,Male,68.5,62.5,8.7
India,Kerala,"PLFS Year (Jul - Jun), 2020",Urban,15 years and above,Female,30.6,25.3,17.4
India,Kerala,"PLFS Year (Jul - Jun), 2020",Urban,15 years and above,Persons,48.4,42.8,11.6
India,Kerala,"PLFS Year (Jul - Jun), 2020",Urban,All Ages,Male,55.6,50.7,8.7
India,Kerala,"PLFS Year (Jul - Jun), 2020",Urban,All Ages,Female,25.2,20.8,17.3
India,Kerala,"PLFS Year (Jul - Jun), 2020",Urban,All Ages,Persons,39.5,34.9,11.6
India,Kerala,"PLFS Year (Jul - Jun), 2020",Rural + Urban,15-29 years,Male,51.7,38.6,25.3
India,Kerala,"PLFS Year (Jul - Jun), 2020",Rural + Urban,15-29 years,Female,24.9,12.1,51.2
India,Kerala,"PLFS Year (Jul - Jun), 2020",Rural + Urban,15-29 years,Persons,38.3,25.3,33.7
India,Kerala,"PLFS Year (Jul - Jun), 2020",Rural + Urban,15-59 years,Male,79.6,72.8,8.6
India,Kerala,"PLFS Year (Jul - Jun), 2020",Rural + Urban,15-59 years,Female,38.9,32.3,17
India,Kerala,"PLFS Year (Jul - Jun), 2020",Rural + Urban,15-59 years,Persons,58.1,51.4,11.6
India,Kerala,"PLFS Year (Jul - Jun), 2020",Rural + Urban,15 years and above,Male,72.2,66.8,7.5
India,Kerala,"PLFS Year (Jul - Jun), 2020",Rural + Urban,15 years and above,Female,33.2,28.2,15.1
India,Kerala,"PLFS Year (Jul - Jun), 2020",Rural + Urban,15 years and above,Persons,51.3,46.1,10.1
India,Kerala,"PLFS Year (Jul - Jun), 2020",Rural + Urban,All Ages,Male,57.8,53.5,7.5
India,Kerala,"PLFS Year (Jul - Jun), 2020",Rural + Urban,All Ages,Female,27.5,23.3,15.1
India,Kerala,"PLFS Year (Jul - Jun), 2020",Rural + Urban,All Ages,Persons,41.8,37.6,10.1
India,Ladakh,"PLFS Year (Jul - Jun), 2020",Rural,15-29 years,Male,3.3,3.3,0
India,Ladakh,"PLFS Year (Jul - Jun), 2020",Rural,15-29 years,Female,29,7.2,75.3
India,Ladakh,"PLFS Year (Jul - Jun), 2020",Rural,15-29 years,Persons,13.7,4.9,64.4
India,Ladakh,"PLFS Year (Jul - Jun), 2020",Rural,15-59 years,Male,72.8,72.8,0
India,Ladakh,"PLFS Year (Jul - Jun), 2020",Rural,15-59 years,Female,83.9,80.5,4.1
India,Ladakh,"PLFS Year (Jul - Jun), 2020",Rural,15-59 years,Persons,77.9,76.3,2
India,Ladakh,"PLFS Year (Jul - Jun), 2020",Rural,15 years and above,Male,71,71,0
India,Ladakh,"PLFS Year (Jul - Jun), 2020",Rural,15 years and above,Female,75.8,72.7,4.1
India,Ladakh,"PLFS Year (Jul - Jun), 2020",Rural,15 years and above,Persons,73.1,71.7,1.9
India,Ladakh,"PLFS Year (Jul - Jun), 2020",Rural,All Ages,Male,55.9,55.9,0
India,Ladakh,"PLFS Year (Jul - Jun), 2020",Rural,All Ages,Female,58.3,55.9,4.1
India,Ladakh,"PLFS Year (Jul - Jun), 2020",Rural,All Ages,Persons,57,55.9,1.9
India,Ladakh,"PLFS Year (Jul - Jun), 2020",Urban,15-29 years,Male,66.4,49.9,24.8
India,Ladakh,"PLFS Year (Jul - Jun), 2020",Urban,15-29 years,Female,24.5,14.1,42.4
India,Ladakh,"PLFS Year (Jul - Jun), 2020",Urban,15-29 years,Persons,46,32.4,29.4
India,Ladakh,"PLFS Year (Jul - Jun), 2020",Urban,15-59 years,Male,86.9,80.4,7.4
India,Ladakh,"PLFS Year (Jul - Jun), 2020",Urban,15-59 years,Female,41.8,36.9,11.7
India,Ladakh,"PLFS Year (Jul - Jun), 2020",Urban,15-59 years,Persons,67,61.2,8.6
India,Ladakh,"PLFS Year (Jul - Jun), 2020",Urban,15 years and above,Male,79.1,73.2,7.4
India,Ladakh,"PLFS Year (Jul - Jun), 2020",Urban,15 years and above,Female,38.8,34.3,11.7
India,Ladakh,"PLFS Year (Jul - Jun), 2020",Urban,15 years and above,Persons,61.5,56.2,8.6
India,Ladakh,"PLFS Year (Jul - Jun), 2020",Urban,All Ages,Male,62.7,58,7.4
India,Ladakh,"PLFS Year (Jul - Jun), 2020",Urban,All Ages,Female,29.1,25.7,11.7
India,Ladakh,"PLFS Year (Jul - Jun), 2020",Urban,All Ages,Persons,47.6,43.5,8.6
India,Ladakh,"PLFS Year (Jul - Jun), 2020",Rural + Urban,15-29 years,Male,22.7,17.6,22.3
India,Ladakh,"PLFS Year (Jul - Jun), 2020",Rural + Urban,15-29 years,Female,27.3,9.8,64
India,Ladakh,"PLFS Year (Jul - Jun), 2020",Rural + Urban,15-29 years,Persons,24.7,14.3,42.3
India,Ladakh,"PLFS Year (Jul - Jun), 2020",Rural + Urban,15-59 years,Male,75.4,74.2,1.5
India,Ladakh,"PLFS Year (Jul - Jun), 2020",Rural + Urban,15-59 years,Female,76.7,73,4.8
India,Ladakh,"PLFS Year (Jul - Jun), 2020",Rural + Urban,15-59 years,Persons,76,73.6,3
India,Ladakh,"PLFS Year (Jul - Jun), 2020",Rural + Urban,15 years and above,Male,72.4,71.4,1.4
India,Ladakh,"PLFS Year (Jul - Jun), 2020",Rural + Urban,15 years and above,Female,69.6,66.3,4.8
India,Ladakh,"PLFS Year (Jul - Jun), 2020",Rural + Urban,15 years and above,Persons,71.1,69.1,2.9
India,Ladakh,"PLFS Year (Jul - Jun), 2020",Rural + Urban,All Ages,Male,57.1,56.3,1.4
India,Ladakh,"PLFS Year (Jul - Jun), 2020",Rural + Urban,All Ages,Female,53.3,50.7,4.8
India,Ladakh,"PLFS Year (Jul - Jun), 2020",Rural + Urban,All Ages,Persons,55.4,53.8,2.9
India,Lakshadweep,"PLFS Year (Jul - Jun), 2020",Rural,15-29 years,Male,25.9,25.9,0
India,Lakshadweep,"PLFS Year (Jul - Jun), 2020",Rural,15-29 years,Female,23.8,17.4,26.8
India,Lakshadweep,"PLFS Year (Jul - Jun), 2020",Rural,15-29 years,Persons,24.6,20.5,16.6
India,Lakshadweep,"PLFS Year (Jul - Jun), 2020",Rural,15-59 years,Male,78.4,78.4,0
India,Lakshadweep,"PLFS Year (Jul - Jun), 2020",Rural,15-59 years,Female,20.6,17.9,13.3
India,Lakshadweep,"PLFS Year (Jul - Jun), 2020",Rural,15-59 years,Persons,46.8,45.3,3.2
India,Lakshadweep,"PLFS Year (Jul - Jun), 2020",Rural,15 years and above,Male,68.6,68.6,0
India,Lakshadweep,"PLFS Year (Jul - Jun), 2020",Rural,15 years and above,Female,16.7,14.5,13.3
India,Lakshadweep,"PLFS Year (Jul - Jun), 2020",Rural,15 years and above,Persons,39.3,38,3.2
India,Lakshadweep,"PLFS Year (Jul - Jun), 2020",Rural,All Ages,Male,44.7,44.7,0
India,Lakshadweep,"PLFS Year (Jul - Jun), 2020",Rural,All Ages,Female,12.9,11.2,13.3
India,Lakshadweep,"PLFS Year (Jul - Jun), 2020",Rural,All Ages,Persons,28.1,27.2,3.2
India,Lakshadweep,"PLFS Year (Jul - Jun), 2020",Urban,15-29 years,Male,60.1,36.9,38.6
India,Lakshadweep,"PLFS Year (Jul - Jun), 2020",Urban,15-29 years,Female,22.4,1.4,93.6
India,Lakshadweep,"PLFS Year (Jul - Jun), 2020",Urban,15-29 years,Persons,41.1,19,53.8
India,Lakshadweep,"PLFS Year (Jul - Jun), 2020",Urban,15-59 years,Male,85.5,77.1,9.8
India,Lakshadweep,"PLFS Year (Jul - Jun), 2020",Urban,15-59 years,Female,22.1,12.6,42.9
India,Lakshadweep,"PLFS Year (Jul - Jun), 2020",Urban,15-59 years,Persons,53.2,44.3,16.8
India,Lakshadweep,"PLFS Year (Jul - Jun), 2020",Urban,15 years and above,Male,76.4,69.1,9.6
India,Lakshadweep,"PLFS Year (Jul - Jun), 2020",Urban,15 years and above,Female,20.5,11.7,42.9
India,Lakshadweep,"PLFS Year (Jul - Jun), 2020",Urban,15 years and above,Persons,48.8,40.8,16.4
India,Lakshadweep,"PLFS Year (Jul - Jun), 2020",Urban,All Ages,Male,54.6,49.4,9.6
India,Lakshadweep,"PLFS Year (Jul - Jun), 2020",Urban,All Ages,Female,16.3,9.3,42.9
India,Lakshadweep,"PLFS Year (Jul - Jun), 2020",Urban,All Ages,Persons,36.8,30.8,16.4
India,Lakshadweep,"PLFS Year (Jul - Jun), 2020",Rural + Urban,15-29 years,Male,53.3,34.7,34.9
India,Lakshadweep,"PLFS Year (Jul - Jun), 2020",Rural + Urban,15-29 years,Female,22.9,6.2,72.8
India,Lakshadweep,"PLFS Year (Jul - Jun), 2020",Rural + Urban,15-29 years,Persons,36.9,19.4,47.6
India,Lakshadweep,"PLFS Year (Jul - Jun), 2020",Rural + Urban,15-59 years,Male,83.8,77.4,7.6
India,Lakshadweep,"PLFS Year (Jul - Jun), 2020",Rural + Urban,15-59 years,Female,21.7,14,35.3
India,Lakshadweep,"PLFS Year (Jul - Jun), 2020",Rural + Urban,15-59 years,Persons,51.6,44.5,13.6
India,Lakshadweep,"PLFS Year (Jul - Jun), 2020",Rural + Urban,15 years and above,Male,74.5,68.9,7.4
India,Lakshadweep,"PLFS Year (Jul - Jun), 2020",Rural + Urban,15 years and above,Female,19.4,12.5,35.3
India,Lakshadweep,"PLFS Year (Jul - Jun), 2020",Rural + Urban,15 years and above,Persons,46.3,40.1,13.4
India,Lakshadweep,"PLFS Year (Jul - Jun), 2020",Rural + Urban,All Ages,Male,52,48.2,7.4
India,Lakshadweep,"PLFS Year (Jul - Jun), 2020",Rural + Urban,All Ages,Female,15.3,9.9,35.3
India,Lakshadweep,"PLFS Year (Jul - Jun), 2020",Rural + Urban,All Ages,Persons,34.4,29.7,13.4
India,Madhya Pradesh,"PLFS Year (Jul - Jun), 2020",Rural,15-29 years,Male,71.2,68.3,4
India,Madhya Pradesh,"PLFS Year (Jul - Jun), 2020",Rural,15-29 years,Female,31.8,31.4,1.1
India,Madhya Pradesh,"PLFS Year (Jul - Jun), 2020",Rural,15-29 years,Persons,53.6,51.8,3.2
India,Madhya Pradesh,"PLFS Year (Jul - Jun), 2020",Rural,15-59 years,Male,85.7,84.3,1.7
India,Madhya Pradesh,"PLFS Year (Jul - Jun), 2020",Rural,15-59 years,Female,51.6,51.4,0.3
India,Madhya Pradesh,"PLFS Year (Jul - Jun), 2020",Rural,15-59 years,Persons,69.4,68.6,1.2
India,Madhya Pradesh,"PLFS Year (Jul - Jun), 2020",Rural,15 years and above,Male,82.8,81.5,1.6
India,Madhya Pradesh,"PLFS Year (Jul - Jun), 2020",Rural,15 years and above,Female,47.2,47.1,0.3
India,Madhya Pradesh,"PLFS Year (Jul - Jun), 2020",Rural,15 years and above,Persons,65.5,64.8,1.1
India,Madhya Pradesh,"PLFS Year (Jul - Jun), 2020",Rural,All Ages,Male,61.1,60.1,1.6
India,Madhya Pradesh,"PLFS Year (Jul - Jun), 2020",Rural,All Ages,Female,34.8,34.7,0.3
India,Madhya Pradesh,"PLFS Year (Jul - Jun), 2020",Rural,All Ages,Persons,48.3,47.7,1.1
India,Madhya Pradesh,"PLFS Year (Jul - Jun), 2020",Urban,15-29 years,Male,62.6,54,13.7
India,Madhya Pradesh,"PLFS Year (Jul - Jun), 2020",Urban,15-29 years,Female,15.1,12.9,14.6
India,Madhya Pradesh,"PLFS Year (Jul - Jun), 2020",Urban,15-29 years,Persons,39.9,34.4,13.9
India,Madhya Pradesh,"PLFS Year (Jul - Jun), 2020",Urban,15-59 years,Male,81.7,77.5,5.1
India,Madhya Pradesh,"PLFS Year (Jul - Jun), 2020",Urban,15-59 years,Female,25.3,24.3,4.2
India,Madhya Pradesh,"PLFS Year (Jul - Jun), 2020",Urban,15-59 years,Persons,54,51.4,4.9
India,Madhya Pradesh,"PLFS Year (Jul - Jun), 2020",Urban,15 years and above,Male,77.6,73.8,4.9
India,Madhya Pradesh,"PLFS Year (Jul - Jun), 2020",Urban,15 years and above,Female,23.4,22.5,4.1
India,Madhya Pradesh,"PLFS Year (Jul - Jun), 2020",Urban,15 years and above,Persons,50.8,48.4,4.7
India,Madhya Pradesh,"PLFS Year (Jul - Jun), 2020",Urban,All Ages,Male,59.3,56.4,4.9
India,Madhya Pradesh,"PLFS Year (Jul - Jun), 2020",Urban,All Ages,Female,18.1,17.4,4.1
India,Madhya Pradesh,"PLFS Year (Jul - Jun), 2020",Urban,All Ages,Persons,39.1,37.2,4.7
India,Madhya Pradesh,"PLFS Year (Jul - Jun), 2020",Rural + Urban,15-29 years,Male,68.9,64.5,6.4
India,Madhya Pradesh,"PLFS Year (Jul - Jun), 2020",Rural + Urban,15-29 years,Female,27,26.1,3.3
India,Madhya Pradesh,"PLFS Year (Jul - Jun), 2020",Rural + Urban,15-29 years,Persons,49.8,47,5.6
India,Madhya Pradesh,"PLFS Year (Jul - Jun), 2020",Rural + Urban,15-59 years,Male,84.6,82.4,2.6
India,Madhya Pradesh,"PLFS Year (Jul - Jun), 2020",Rural + Urban,15-59 years,Female,44.1,43.6,1
India,Madhya Pradesh,"PLFS Year (Jul - Jun), 2020",Rural + Urban,15-59 years,Persons,65.1,63.7,2.1
India,Madhya Pradesh,"PLFS Year (Jul - Jun), 2020",Rural + Urban,15 years and above,Male,81.4,79.4,2.4
India,Madhya Pradesh,"PLFS Year (Jul - Jun), 2020",Rural + Urban,15 years and above,Female,40.5,40.1,0.9
India,Madhya Pradesh,"PLFS Year (Jul - Jun), 2020",Rural + Urban,15 years and above,Persons,61.4,60.2,1.9
India,Madhya Pradesh,"PLFS Year (Jul - Jun), 2020",Rural + Urban,All Ages,Male,60.6,59.1,2.4
India,Madhya Pradesh,"PLFS Year (Jul - Jun), 2020",Rural + Urban,All Ages,Female,30.3,30,0.9
India,Madhya Pradesh,"PLFS Year (Jul - Jun), 2020",Rural + Urban,All Ages,Persons,45.8,44.9,1.9
India,Maharashtra,"PLFS Year (Jul - Jun), 2020",Rural,15-29 years,Male,56.5,51.2,9.3
India,Maharashtra,"PLFS Year (Jul - Jun), 2020",Rural,15-29 years,Female,24,22.7,5.5
India,Maharashtra,"PLFS Year (Jul - Jun), 2020",Rural,15-29 years,Persons,41.7,38.2,8.3
India,Maharashtra,"PLFS Year (Jul - Jun), 2020",Rural,15-59 years,Male,80.4,77.7,3.3
India,Maharashtra,"PLFS Year (Jul - Jun), 2020",Rural,15-59 years,Female,49.3,48.7,1
India,Maharashtra,"PLFS Year (Jul - Jun), 2020",Rural,15-59 years,Persons,65.4,63.8,2.5
India,Maharashtra,"PLFS Year (Jul - Jun), 2020",Rural,15 years and above,Male,76.8,74.5,2.9
India,Maharashtra,"PLFS Year (Jul - Jun), 2020",Rural,15 years and above,Female,43.5,43.1,0.9
India,Maharashtra,"PLFS Year (Jul - Jun), 2020",Rural,15 years and above,Persons,60.5,59.1,2.2
India,Maharashtra,"PLFS Year (Jul - Jun), 2020",Rural,All Ages,Male,59.9,58.2,2.9
India,Maharashtra,"PLFS Year (Jul - Jun), 2020",Rural,All Ages,Female,34.4,34.1,0.9
India,Maharashtra,"PLFS Year (Jul - Jun), 2020",Rural,All Ages,Persons,47.5,46.5,2.2
India,Maharashtra,"PLFS Year (Jul - Jun), 2020",Urban,15-29 years,Male,58.2,48.8,16.1
India,Maharashtra,"PLFS Year (Jul - Jun), 2020",Urban,15-29 years,Female,22.1,18.2,17.6
India,Maharashtra,"PLFS Year (Jul - Jun), 2020",Urban,15-29 years,Persons,40.8,34.1,16.5
India,Maharashtra,"PLFS Year (Jul - Jun), 2020",Urban,15-59 years,Male,80.9,75.8,6.4
India,Maharashtra,"PLFS Year (Jul - Jun), 2020",Urban,15-59 years,Female,27.7,25.5,7.7
India,Maharashtra,"PLFS Year (Jul - Jun), 2020",Urban,15-59 years,Persons,54.6,50.9,6.7
India,Maharashtra,"PLFS Year (Jul - Jun), 2020",Urban,15 years and above,Male,73.4,68.9,6.1
India,Maharashtra,"PLFS Year (Jul - Jun), 2020",Urban,15 years and above,Female,24.9,23,7.4
India,Maharashtra,"PLFS Year (Jul - Jun), 2020",Urban,15 years and above,Persons,49.3,46.2,6.5
India,Maharashtra,"PLFS Year (Jul - Jun), 2020",Urban,All Ages,Male,57.8,54.2,6.1
India,Maharashtra,"PLFS Year (Jul - Jun), 2020",Urban,All Ages,Female,20,18.5,7.4
India,Maharashtra,"PLFS Year (Jul - Jun), 2020",Urban,All Ages,Persons,39.2,36.7,6.5
India,Maharashtra,"PLFS Year (Jul - Jun), 2020",Rural + Urban,15-29 years,Male,57.2,50.3,12.1
India,Maharashtra,"PLFS Year (Jul - Jun), 2020",Rural + Urban,15-29 years,Female,23.2,20.8,10.4
India,Maharashtra,"PLFS Year (Jul - Jun), 2020",Rural + Urban,15-29 years,Persons,41.3,36.5,11.6
India,Maharashtra,"PLFS Year (Jul - Jun), 2020",Rural + Urban,15-59 years,Male,80.6,76.9,4.6
India,Maharashtra,"PLFS Year (Jul - Jun), 2020",Rural + Urban,15-59 years,Female,40.2,39,3
India,Maharashtra,"PLFS Year (Jul - Jun), 2020",Rural + Urban,15-59 years,Persons,60.9,58.5,4.1
India,Maharashtra,"PLFS Year (Jul - Jun), 2020",Rural + Urban,15 years and above,Male,75.4,72.3,4.1
India,Maharashtra,"PLFS Year (Jul - Jun), 2020",Rural + Urban,15 years and above,Female,36,35,2.7
India,Maharashtra,"PLFS Year (Jul - Jun), 2020",Rural + Urban,15 years and above,Persons,56,53.9,3.7
India,Maharashtra,"PLFS Year (Jul - Jun), 2020",Rural + Urban,All Ages,Male,59.1,56.6,4.1
India,Maharashtra,"PLFS Year (Jul - Jun), 2020",Rural + Urban,All Ages,Female,28.7,27.9,2.7
India,Maharashtra,"PLFS Year (Jul - Jun), 2020",Rural + Urban,All Ages,Persons,44.2,42.6,3.7
India,Manipur,"PLFS Year (Jul - Jun), 2020",Rural,15-29 years,Male,30,25.3,15.7
India,Manipur,"PLFS Year (Jul - Jun), 2020",Rural,15-29 years,Female,10.7,9,15.8
India,Manipur,"PLFS Year (Jul - Jun), 2020",Rural,15-29 years,Persons,20.4,17.2,15.7
India,Manipur,"PLFS Year (Jul - Jun), 2020",Rural,15-59 years,Male,69.4,66.7,4
India,Manipur,"PLFS Year (Jul - Jun), 2020",Rural,15-59 years,Female,21.2,20.3,3.9
India,Manipur,"PLFS Year (Jul - Jun), 2020",Rural,15-59 years,Persons,45.3,43.5,4
India,Manipur,"PLFS Year (Jul - Jun), 2020",Rural,15 years and above,Male,65.4,63,3.8
India,Manipur,"PLFS Year (Jul - Jun), 2020",Rural,15 years and above,Female,19.5,18.8,3.8
India,Manipur,"PLFS Year (Jul - Jun), 2020",Rural,15 years and above,Persons,42.7,41.1,3.8
India,Manipur,"PLFS Year (Jul - Jun), 2020",Rural,All Ages,Male,46.9,45.2,3.8
India,Manipur,"PLFS Year (Jul - Jun), 2020",Rural,All Ages,Female,14.7,14.1,3.8
India,Manipur,"PLFS Year (Jul - Jun), 2020",Rural,All Ages,Persons,31.4,30.2,3.8
India,Manipur,"PLFS Year (Jul - Jun), 2020",Urban,15-29 years,Male,35.8,23.9,33.4
India,Manipur,"PLFS Year (Jul - Jun), 2020",Urban,15-29 years,Female,17.6,11.8,33.2
India,Manipur,"PLFS Year (Jul - Jun), 2020",Urban,15-29 years,Persons,26.9,18,33.3
India,Manipur,"PLFS Year (Jul - Jun), 2020",Urban,15-59 years,Male,71.2,63.7,10.5
India,Manipur,"PLFS Year (Jul - Jun), 2020",Urban,15-59 years,Female,27.8,25,10.1
India,Manipur,"PLFS Year (Jul - Jun), 2020",Urban,15-59 years,Persons,49,44,10.4
India,Manipur,"PLFS Year (Jul - Jun), 2020",Urban,15 years and above,Male,65.2,58.6,10.1
India,Manipur,"PLFS Year (Jul - Jun), 2020",Urban,15 years and above,Female,25.7,23.3,9.3
India,Manipur,"PLFS Year (Jul - Jun), 2020",Urban,15 years and above,Persons,45,40.6,9.9
India,Manipur,"PLFS Year (Jul - Jun), 2020",Urban,All Ages,Male,49.5,44.4,10.2
India,Manipur,"PLFS Year (Jul - Jun), 2020",Urban,All Ages,Female,20.3,18.4,9.3
India,Manipur,"PLFS Year (Jul - Jun), 2020",Urban,All Ages,Persons,34.9,31.4,9.9
India,Manipur,"PLFS Year (Jul - Jun), 2020",Rural + Urban,15-29 years,Male,31.7,24.9,21.4
India,Manipur,"PLFS Year (Jul - Jun), 2020",Rural + Urban,15-29 years,Female,12.6,9.8,22.7
India,Manipur,"PLFS Year (Jul - Jun), 2020",Rural + Urban,15-29 years,Persons,22.3,17.4,21.8
India,Manipur,"PLFS Year (Jul - Jun), 2020",Rural + Urban,15-59 years,Male,69.9,65.8,5.9
India,Manipur,"PLFS Year (Jul - Jun), 2020",Rural + Urban,15-59 years,Female,23.1,21.7,6.1
India,Manipur,"PLFS Year (Jul - Jun), 2020",Rural + Urban,15-59 years,Persons,46.4,43.6,5.9
India,Manipur,"PLFS Year (Jul - Jun), 2020",Rural + Urban,15 years and above,Male,65.4,61.7,5.6
India,Manipur,"PLFS Year (Jul - Jun), 2020",Rural + Urban,15 years and above,Female,21.4,20.1,5.8
India,Manipur,"PLFS Year (Jul - Jun), 2020",Rural + Urban,15 years and above,Persons,43.4,41,5.6
India,Manipur,"PLFS Year (Jul - Jun), 2020",Rural + Urban,All Ages,Male,47.6,45,5.6
India,Manipur,"PLFS Year (Jul - Jun), 2020",Rural + Urban,All Ages,Female,16.3,15.4,5.8
India,Manipur,"PLFS Year (Jul - Jun), 2020",Rural + Urban,All Ages,Persons,32.4,30.5,5.6
India,Meghalaya,"PLFS Year (Jul - Jun), 2020",Rural,15-29 years,Male,51.9,50.5,2.6
India,Meghalaya,"PLFS Year (Jul - Jun), 2020",Rural,15-29 years,Female,31.4,30.9,1.7
India,Meghalaya,"PLFS Year (Jul - Jun), 2020",Rural,15-29 years,Persons,41.3,40.4,2.3
India,Meghalaya,"PLFS Year (Jul - Jun), 2020",Rural,15-59 years,Male,77.7,77.1,0.8
India,Meghalaya,"PLFS Year (Jul - Jun), 2020",Rural,15-59 years,Female,57.9,57.6,0.6
India,Meghalaya,"PLFS Year (Jul - Jun), 2020",Rural,15-59 years,Persons,67.6,67.1,0.7
India,Meghalaya,"PLFS Year (Jul - Jun), 2020",Rural,15 years and above,Male,77.1,76.6,0.7
India,Meghalaya,"PLFS Year (Jul - Jun), 2020",Rural,15 years and above,Female,56.2,55.9,0.5
India,Meghalaya,"PLFS Year (Jul - Jun), 2020",Rural,15 years and above,Persons,66.4,65.9,0.7
India,Meghalaya,"PLFS Year (Jul - Jun), 2020",Rural,All Ages,Male,47,46.6,0.7
India,Meghalaya,"PLFS Year (Jul - Jun), 2020",Rural,All Ages,Female,33.4,33.2,0.5
India,Meghalaya,"PLFS Year (Jul - Jun), 2020",Rural,All Ages,Persons,39.9,39.6,0.7
India,Meghalaya,"PLFS Year (Jul - Jun), 2020",Urban,15-29 years,Male,41.8,35.7,14.5
India,Meghalaya,"PLFS Year (Jul - Jun), 2020",Urban,15-29 years,Female,24.9,18.1,27.5
India,Meghalaya,"PLFS Year (Jul - Jun), 2020",Urban,15-29 years,Persons,33.1,26.6,19.6
India,Meghalaya,"PLFS Year (Jul - Jun), 2020",Urban,15-59 years,Male,70.8,67.3,5
India,Meghalaya,"PLFS Year (Jul - Jun), 2020",Urban,15-59 years,Female,36.3,32.2,11.3
India,Meghalaya,"PLFS Year (Jul - Jun), 2020",Urban,15-59 years,Persons,52.5,48.7,7.3
India,Meghalaya,"PLFS Year (Jul - Jun), 2020",Urban,15 years and above,Male,68.5,65.2,4.9
India,Meghalaya,"PLFS Year (Jul - Jun), 2020",Urban,15 years and above,Female,34.7,30.9,11
India,Meghalaya,"PLFS Year (Jul - Jun), 2020",Urban,15 years and above,Persons,50.4,46.8,7.1
India,Meghalaya,"PLFS Year (Jul - Jun), 2020",Urban,All Ages,Male,49.3,46.9,4.9
India,Meghalaya,"PLFS Year (Jul - Jun), 2020",Urban,All Ages,Female,25.8,23,11
India,Meghalaya,"PLFS Year (Jul - Jun), 2020",Urban,All Ages,Persons,36.9,34.3,7.1
India,Meghalaya,"PLFS Year (Jul - Jun), 2020",Rural + Urban,15-29 years,Male,49.7,47.4,4.8
India,Meghalaya,"PLFS Year (Jul - Jun), 2020",Rural + Urban,15-29 years,Female,30,28.2,6.3
India,Meghalaya,"PLFS Year (Jul - Jun), 2020",Rural + Urban,15-29 years,Persons,39.6,37.5,5.3
India,Meghalaya,"PLFS Year (Jul - Jun), 2020",Rural + Urban,15-59 years,Male,76.3,75.1,1.6
India,Meghalaya,"PLFS Year (Jul - Jun), 2020",Rural + Urban,15-59 years,Female,53.3,52.2,2.1
India,Meghalaya,"PLFS Year (Jul - Jun), 2020",Rural + Urban,15-59 years,Persons,64.5,63.3,1.8
India,Meghalaya,"PLFS Year (Jul - Jun), 2020",Rural + Urban,15 years and above,Male,75.4,74.3,1.5
India,Meghalaya,"PLFS Year (Jul - Jun), 2020",Rural + Urban,15 years and above,Female,51.6,50.5,2
India,Meghalaya,"PLFS Year (Jul - Jun), 2020",Rural + Urban,15 years and above,Persons,63.1,62,1.7
India,Meghalaya,"PLFS Year (Jul - Jun), 2020",Rural + Urban,All Ages,Male,47.4,46.7,1.5
India,Meghalaya,"PLFS Year (Jul - Jun), 2020",Rural + Urban,All Ages,Female,32,31.4,2
India,Meghalaya,"PLFS Year (Jul - Jun), 2020",Rural + Urban,All Ages,Persons,39.4,38.7,1.7
India,Mizoram,"PLFS Year (Jul - Jun), 2020",Rural,15-29 years,Male,47,42.2,10.1
India,Mizoram,"PLFS Year (Jul - Jun), 2020",Rural,15-29 years,Female,27.7,23.6,14.9
India,Mizoram,"PLFS Year (Jul - Jun), 2020",Rural,15-29 years,Persons,38,33.5,11.8
India,Mizoram,"PLFS Year (Jul - Jun), 2020",Rural,15-59 years,Male,78.3,76.1,2.8
India,Mizoram,"PLFS Year (Jul - Jun), 2020",Rural,15-59 years,Female,45.7,44,3.6
India,Mizoram,"PLFS Year (Jul - Jun), 2020",Rural,15-59 years,Persons,62.8,60.9,3.1
India,Mizoram,"PLFS Year (Jul - Jun), 2020",Rural,15 years and above,Male,75,73.1,2.5
India,Mizoram,"PLFS Year (Jul - Jun), 2020",Rural,15 years and above,Female,45.8,44.3,3.2
India,Mizoram,"PLFS Year (Jul - Jun), 2020",Rural,15 years and above,Persons,61.3,59.6,2.7
India,Mizoram,"PLFS Year (Jul - Jun), 2020",Rural,All Ages,Male,58.9,57.5,2.5
India,Mizoram,"PLFS Year (Jul - Jun), 2020",Rural,All Ages,Female,36.2,35,3.2
India,Mizoram,"PLFS Year (Jul - Jun), 2020",Rural,All Ages,Persons,48.3,47,2.7
India,Mizoram,"PLFS Year (Jul - Jun), 2020",Urban,15-29 years,Male,33.3,26.5,20.3
India,Mizoram,"PLFS Year (Jul - Jun), 2020",Urban,15-29 years,Female,22.3,19.2,14
India,Mizoram,"PLFS Year (Jul - Jun), 2020",Urban,15-29 years,Persons,28.1,23.1,18
India,Mizoram,"PLFS Year (Jul - Jun), 2020",Urban,15-59 years,Male,70.5,67.2,4.8
India,Mizoram,"PLFS Year (Jul - Jun), 2020",Urban,15-59 years,Female,40.1,38.4,4.3
India,Mizoram,"PLFS Year (Jul - Jun), 2020",Urban,15-59 years,Persons,55.2,52.7,4.6
India,Mizoram,"PLFS Year (Jul - Jun), 2020",Urban,15 years and above,Male,65.2,62.3,4.6
India,Mizoram,"PLFS Year (Jul - Jun), 2020",Urban,15 years and above,Female,37.7,36.1,4.2
India,Mizoram,"PLFS Year (Jul - Jun), 2020",Urban,15 years and above,Persons,51.5,49.2,4.4
India,Mizoram,"PLFS Year (Jul - Jun), 2020",Urban,All Ages,Male,52.4,50,4.6
India,Mizoram,"PLFS Year (Jul - Jun), 2020",Urban,All Ages,Female,30.5,29.2,4.2
India,Mizoram,"PLFS Year (Jul - Jun), 2020",Urban,All Ages,Persons,41.5,39.7,4.4
India,Mizoram,"PLFS Year (Jul - Jun), 2020",Rural + Urban,15-29 years,Male,40.1,34.3,14.4
India,Mizoram,"PLFS Year (Jul - Jun), 2020",Rural + Urban,15-29 years,Female,25,21.4,14.5
India,Mizoram,"PLFS Year (Jul - Jun), 2020",Rural + Urban,15-29 years,Persons,33,28.3,14.4
India,Mizoram,"PLFS Year (Jul - Jun), 2020",Rural + Urban,15-59 years,Male,74.6,71.8,3.7
India,Mizoram,"PLFS Year (Jul - Jun), 2020",Rural + Urban,15-59 years,Female,42.9,41.2,3.9
India,Mizoram,"PLFS Year (Jul - Jun), 2020",Rural + Urban,15-59 years,Persons,59,56.8,3.8
India,Mizoram,"PLFS Year (Jul - Jun), 2020",Rural + Urban,15 years and above,Male,70.3,67.9,3.4
India,Mizoram,"PLFS Year (Jul - Jun), 2020",Rural + Urban,15 years and above,Female,41.7,40.2,3.6
India,Mizoram,"PLFS Year (Jul - Jun), 2020",Rural + Urban,15 years and above,Persons,56.5,54.5,3.5
India,Mizoram,"PLFS Year (Jul - Jun), 2020",Rural + Urban,All Ages,Male,55.8,53.9,3.4
India,Mizoram,"PLFS Year (Jul - Jun), 2020",Rural + Urban,All Ages,Female,33.3,32.1,3.6
India,Mizoram,"PLFS Year (Jul - Jun), 2020",Rural + Urban,All Ages,Persons,45,43.4,3.5
India,Nagaland,"PLFS Year (Jul - Jun), 2020",Rural,15-29 years,Male,58.4,25.4,56.4
India,Nagaland,"PLFS Year (Jul - Jun), 2020",Rural,15-29 years,Female,43.6,21.9,49.8
India,Nagaland,"PLFS Year (Jul - Jun), 2020",Rural,15-29 years,Persons,51.5,23.8,53.8
India,Nagaland,"PLFS Year (Jul - Jun), 2020",Rural,15-59 years,Male,80.6,63.9,20.7
India,Nagaland,"PLFS Year (Jul - Jun), 2020",Rural,15-59 years,Female,54.9,45.2,17.6
India,Nagaland,"PLFS Year (Jul - Jun), 2020",Rural,15-59 years,Persons,67.9,54.7,19.4
India,Nagaland,"PLFS Year (Jul - Jun), 2020",Rural,15 years and above,Male,76.2,62,18.7
India,Nagaland,"PLFS Year (Jul - Jun), 2020",Rural,15 years and above,Female,54.6,45.8,16.1
India,Nagaland,"PLFS Year (Jul - Jun), 2020",Rural,15 years and above,Persons,65.9,54.2,17.7
India,Nagaland,"PLFS Year (Jul - Jun), 2020",Rural,All Ages,Male,59.8,48.6,18.7
India,Nagaland,"PLFS Year (Jul - Jun), 2020",Rural,All Ages,Female,42.4,35.4,16.6
India,Nagaland,"PLFS Year (Jul - Jun), 2020",Rural,All Ages,Persons,51.4,42.2,17.8
India,Nagaland,"PLFS Year (Jul - Jun), 2020",Urban,15-29 years,Male,49.9,24.6,50.6
India,Nagaland,"PLFS Year (Jul - Jun), 2020",Urban,15-29 years,Female,30.5,8.3,72.8
India,Nagaland,"PLFS Year (Jul - Jun), 2020",Urban,15-29 years,Persons,39.9,16.2,59.4
India,Nagaland,"PLFS Year (Jul - Jun), 2020",Urban,15-59 years,Male,76.3,60.1,21.2
India,Nagaland,"PLFS Year (Jul - Jun), 2020",Urban,15-59 years,Female,31.8,21,33.8
India,Nagaland,"PLFS Year (Jul - Jun), 2020",Urban,15-59 years,Persons,53.3,40,25
India,Nagaland,"PLFS Year (Jul - Jun), 2020",Urban,15 years and above,Male,68.7,54.7,20.5
India,Nagaland,"PLFS Year (Jul - Jun), 2020",Urban,15 years and above,Female,31.1,21.2,31.8
India,Nagaland,"PLFS Year (Jul - Jun), 2020",Urban,15 years and above,Persons,49.9,37.9,24
India,Nagaland,"PLFS Year (Jul - Jun), 2020",Urban,All Ages,Male,53,42.1,20.5
India,Nagaland,"PLFS Year (Jul - Jun), 2020",Urban,All Ages,Female,24.7,16.9,31.8
India,Nagaland,"PLFS Year (Jul - Jun), 2020",Urban,All Ages,Persons,39.1,29.7,24
India,Nagaland,"PLFS Year (Jul - Jun), 2020",Rural + Urban,15-29 years,Male,56,25.2,54.9
India,Nagaland,"PLFS Year (Jul - Jun), 2020",Rural + Urban,15-29 years,Female,39.4,17.5,55.5
India,Nagaland,"PLFS Year (Jul - Jun), 2020",Rural + Urban,15-29 years,Persons,48,21.5,55.2
India,Nagaland,"PLFS Year (Jul - Jun), 2020",Rural + Urban,15-59 years,Male,79.3,62.8,20.8
India,Nagaland,"PLFS Year (Jul - Jun), 2020",Rural + Urban,15-59 years,Female,47.9,38,20.8
India,Nagaland,"PLFS Year (Jul - Jun), 2020",Rural + Urban,15-59 years,Persons,63.6,50.4,20.8
India,Nagaland,"PLFS Year (Jul - Jun), 2020",Rural + Urban,15 years and above,Male,74.1,59.9,19.2
India,Nagaland,"PLFS Year (Jul - Jun), 2020",Rural + Urban,15 years and above,Female,47.6,38.5,19.2
India,Nagaland,"PLFS Year (Jul - Jun), 2020",Rural + Urban,15 years and above,Persons,61.3,49.5,19.2
India,Nagaland,"PLFS Year (Jul - Jun), 2020",Rural + Urban,All Ages,Male,57.8,46.8,19.2
India,Nagaland,"PLFS Year (Jul - Jun), 2020",Rural + Urban,All Ages,Female,37.2,30,19.5
India,Nagaland,"PLFS Year (Jul - Jun), 2020",Rural + Urban,All Ages,Persons,47.9,38.6,19.3
India,Odisha,"PLFS Year (Jul - Jun), 2020",Rural,15-29 years,Male,66.8,54.5,18.3
India,Odisha,"PLFS Year (Jul - Jun), 2020",Rural,15-29 years,Female,25.2,23.1,8.5
India,Odisha,"PLFS Year (Jul - Jun), 2020",Rural,15-29 years,Persons,45.7,38.6,15.6
India,Odisha,"PLFS Year (Jul - Jun), 2020",Rural,15-59 years,Male,85.5,79.7,6.8
India,Odisha,"PLFS Year (Jul - Jun), 2020",Rural,15-59 years,Female,37.3,36.4,2.5
India,Odisha,"PLFS Year (Jul - Jun), 2020",Rural,15-59 years,Persons,60.9,57.6,5.4
India,Odisha,"PLFS Year (Jul - Jun), 2020",Rural,15 years and above,Male,80.8,75.9,6.1
India,Odisha,"PLFS Year (Jul - Jun), 2020",Rural,15 years and above,Female,34.8,33.9,2.4
India,Odisha,"PLFS Year (Jul - Jun), 2020",Rural,15 years and above,Persons,57.6,54.7,4.9
India,Odisha,"PLFS Year (Jul - Jun), 2020",Rural,All Ages,Male,61.6,57.9,6.1
India,Odisha,"PLFS Year (Jul - Jun), 2020",Rural,All Ages,Female,27.4,26.8,2.3
India,Odisha,"PLFS Year (Jul - Jun), 2020",Rural,All Ages,Persons,44.6,42.4,5
India,Odisha,"PLFS Year (Jul - Jun), 2020",Urban,15-29 years,Male,60.7,46.1,24
India,Odisha,"PLFS Year (Jul - Jun), 2020",Urban,15-29 years,Female,22.6,16.9,25.1
India,Odisha,"PLFS Year (Jul - Jun), 2020",Urban,15-29 years,Persons,42.5,32.2,24.3
India,Odisha,"PLFS Year (Jul - Jun), 2020",Urban,15-59 years,Male,82.4,75.6,8.2
India,Odisha,"PLFS Year (Jul - Jun), 2020",Urban,15-59 years,Female,27.2,24.7,9
India,Odisha,"PLFS Year (Jul - Jun), 2020",Urban,15-59 years,Persons,54.8,50.2,8.4
India,Odisha,"PLFS Year (Jul - Jun), 2020",Urban,15 years and above,Male,76.7,70.9,7.6
India,Odisha,"PLFS Year (Jul - Jun), 2020",Urban,15 years and above,Female,24.9,22.7,8.6
India,Odisha,"PLFS Year (Jul - Jun), 2020",Urban,15 years and above,Persons,51,47,7.8
India,Odisha,"PLFS Year (Jul - Jun), 2020",Urban,All Ages,Male,61.2,56.6,7.6
India,Odisha,"PLFS Year (Jul - Jun), 2020",Urban,All Ages,Female,20.3,18.5,8.6
India,Odisha,"PLFS Year (Jul - Jun), 2020",Urban,All Ages,Persons,41.2,37.9,7.8
India,Odisha,"PLFS Year (Jul - Jun), 2020",Rural + Urban,15-29 years,Male,65.7,53.1,19.2
India,Odisha,"PLFS Year (Jul - Jun), 2020",Rural + Urban,15-29 years,Female,24.8,22.1,10.8
India,Odisha,"PLFS Year (Jul - Jun), 2020",Rural + Urban,15-29 years,Persons,45.2,37.5,16.9
India,Odisha,"PLFS Year (Jul - Jun), 2020",Rural + Urban,15-59 years,Male,85,79,7
India,Odisha,"PLFS Year (Jul - Jun), 2020",Rural + Urban,15-59 years,Female,35.7,34.6,3.3
India,Odisha,"PLFS Year (Jul - Jun), 2020",Rural + Urban,15-59 years,Persons,59.9,56.4,5.9
India,Odisha,"PLFS Year (Jul - Jun), 2020",Rural + Urban,15 years and above,Male,80.1,75.1,6.3
India,Odisha,"PLFS Year (Jul - Jun), 2020",Rural + Urban,15 years and above,Female,33.2,32.2,3.1
India,Odisha,"PLFS Year (Jul - Jun), 2020",Rural + Urban,15 years and above,Persons,56.5,53.5,5.3
India,Odisha,"PLFS Year (Jul - Jun), 2020",Rural + Urban,All Ages,Male,61.6,57.7,6.3
India,Odisha,"PLFS Year (Jul - Jun), 2020",Rural + Urban,All Ages,Female,26.4,25.5,3.1
India,Odisha,"PLFS Year (Jul - Jun), 2020",Rural + Urban,All Ages,Persons,44.1,41.7,5.4
India,Puducherry,"PLFS Year (Jul - Jun), 2020",Rural,15-29 years,Male,70.9,58.1,18
India,Puducherry,"PLFS Year (Jul - Jun), 2020",Rural,15-29 years,Female,18.2,8.7,52.3
India,Puducherry,"PLFS Year (Jul - Jun), 2020",Rural,15-29 years,Persons,41.6,30.6,26.4
India,Puducherry,"PLFS Year (Jul - Jun), 2020",Rural,15-59 years,Male,89.6,85.3,4.9
India,Puducherry,"PLFS Year (Jul - Jun), 2020",Rural,15-59 years,Female,35.7,32,10.5
India,Puducherry,"PLFS Year (Jul - Jun), 2020",Rural,15-59 years,Persons,62.4,58.3,6.5
India,Puducherry,"PLFS Year (Jul - Jun), 2020",Rural,15 years and above,Male,84.9,81.1,4.5
India,Puducherry,"PLFS Year (Jul - Jun), 2020",Rural,15 years and above,Female,32.2,29.1,9.4
India,Puducherry,"PLFS Year (Jul - Jun), 2020",Rural,15 years and above,Persons,57.1,53.7,6
India,Puducherry,"PLFS Year (Jul - Jun), 2020",Rural,All Ages,Male,65.5,62.6,4.5
India,Puducherry,"PLFS Year (Jul - Jun), 2020",Rural,All Ages,Female,25,22.6,9.4
India,Puducherry,"PLFS Year (Jul - Jun), 2020",Rural,All Ages,Persons,44.2,41.6,6
India,Puducherry,"PLFS Year (Jul - Jun), 2020",Urban,15-29 years,Male,59,45.6,22.8
India,Puducherry,"PLFS Year (Jul - Jun), 2020",Urban,15-29 years,Female,26.4,18.5,30
India,Puducherry,"PLFS Year (Jul - Jun), 2020",Urban,15-29 years,Persons,42.4,31.8,25.1
India,Puducherry,"PLFS Year (Jul - Jun), 2020",Urban,15-59 years,Male,84.2,77.8,7.6
India,Puducherry,"PLFS Year (Jul - Jun), 2020",Urban,15-59 years,Female,33.2,30.7,7.5
India,Puducherry,"PLFS Year (Jul - Jun), 2020",Urban,15-59 years,Persons,56.8,52.5,7.6
India,Puducherry,"PLFS Year (Jul - Jun), 2020",Urban,15 years and above,Male,71.8,66.6,7.2
India,Puducherry,"PLFS Year (Jul - Jun), 2020",Urban,15 years and above,Female,27.4,25.4,7.3
India,Puducherry,"PLFS Year (Jul - Jun), 2020",Urban,15 years and above,Persons,48,44.5,7.2
India,Puducherry,"PLFS Year (Jul - Jun), 2020",Urban,All Ages,Male,59.1,54.8,7.2
India,Puducherry,"PLFS Year (Jul - Jun), 2020",Urban,All Ages,Female,22.4,20.7,7.3
India,Puducherry,"PLFS Year (Jul - Jun), 2020",Urban,All Ages,Persons,39.3,36.5,7.2
India,Puducherry,"PLFS Year (Jul - Jun), 2020",Rural + Urban,15-29 years,Male,63.7,50.5,20.7
India,Puducherry,"PLFS Year (Jul - Jun), 2020",Rural + Urban,15-29 years,Female,22.8,14.2,37.8
India,Puducherry,"PLFS Year (Jul - Jun), 2020",Rural + Urban,15-29 years,Persons,42.1,31.3,25.6
India,Puducherry,"PLFS Year (Jul - Jun), 2020",Rural + Urban,15-59 years,Male,86.4,80.9,6.4
India,Puducherry,"PLFS Year (Jul - Jun), 2020",Rural + Urban,15-59 years,Female,34.2,31.2,8.7
India,Puducherry,"PLFS Year (Jul - Jun), 2020",Rural + Urban,15-59 years,Persons,59,54.8,7.1
India,Puducherry,"PLFS Year (Jul - Jun), 2020",Rural + Urban,15 years and above,Male,76.9,72.3,6
India,Puducherry,"PLFS Year (Jul - Jun), 2020",Rural + Urban,15 years and above,Female,29.3,26.9,8.2
India,Puducherry,"PLFS Year (Jul - Jun), 2020",Rural + Urban,15 years and above,Persons,51.6,48.1,6.7
India,Puducherry,"PLFS Year (Jul - Jun), 2020",Rural + Urban,All Ages,Male,61.7,58,6
India,Puducherry,"PLFS Year (Jul - Jun), 2020",Rural + Urban,All Ages,Female,23.4,21.5,8.2
India,Puducherry,"PLFS Year (Jul - Jun), 2020",Rural + Urban,All Ages,Persons,41.3,38.5,6.7
India,Punjab,"PLFS Year (Jul - Jun), 2020",Rural,15-29 years,Male,63.6,52.5,17.5
India,Punjab,"PLFS Year (Jul - Jun), 2020",Rural,15-29 years,Female,16.9,12.8,24.6
India,Punjab,"PLFS Year (Jul - Jun), 2020",Rural,15-29 years,Persons,40.6,32.9,19
India,Punjab,"PLFS Year (Jul - Jun), 2020",Rural,15-59 years,Male,82.3,77.2,6.2
India,Punjab,"PLFS Year (Jul - Jun), 2020",Rural,15-59 years,Female,26.4,24.2,8.3
India,Punjab,"PLFS Year (Jul - Jun), 2020",Rural,15-59 years,Persons,54.3,50.7,6.7
India,Punjab,"PLFS Year (Jul - Jun), 2020",Rural,15 years and above,Male,77.1,72.6,5.8
India,Punjab,"PLFS Year (Jul - Jun), 2020",Rural,15 years and above,Female,24,22.2,7.6
India,Punjab,"PLFS Year (Jul - Jun), 2020",Rural,15 years and above,Persons,50.3,47.2,6.3
India,Punjab,"PLFS Year (Jul - Jun), 2020",Rural,All Ages,Male,58.7,55.3,5.8
India,Punjab,"PLFS Year (Jul - Jun), 2020",Rural,All Ages,Female,19.4,17.9,7.4
India,Punjab,"PLFS Year (Jul - Jun), 2020",Rural,All Ages,Persons,39.2,36.8,6.2
India,Punjab,"PLFS Year (Jul - Jun), 2020",Urban,15-29 years,Male,63.9,54.5,14.7
India,Punjab,"PLFS Year (Jul - Jun), 2020",Urban,15-29 years,Female,17.5,11.2,36
India,Punjab,"PLFS Year (Jul - Jun), 2020",Urban,15-29 years,Persons,43.2,35.2,18.5
India,Punjab,"PLFS Year (Jul - Jun), 2020",Urban,15-59 years,Male,82.6,78.2,5.4
India,Punjab,"PLFS Year (Jul - Jun), 2020",Urban,15-59 years,Female,24.5,21.8,10.8
India,Punjab,"PLFS Year (Jul - Jun), 2020",Urban,15-59 years,Persons,54.9,51.3,6.5
India,Punjab,"PLFS Year (Jul - Jun), 2020",Urban,15 years and above,Male,77.4,73.5,5
India,Punjab,"PLFS Year (Jul - Jun), 2020",Urban,15 years and above,Female,21.5,19.3,10.3
India,Punjab,"PLFS Year (Jul - Jun), 2020",Urban,15 years and above,Persons,50.4,47.3,6.1
India,Punjab,"PLFS Year (Jul - Jun), 2020",Urban,All Ages,Male,60.6,57.6,5
India,Punjab,"PLFS Year (Jul - Jun), 2020",Urban,All Ages,Female,17.1,15.4,10.3
India,Punjab,"PLFS Year (Jul - Jun), 2020",Urban,All Ages,Persons,39.7,37.3,6.1
India,Punjab,"PLFS Year (Jul - Jun), 2020",Rural + Urban,15-29 years,Male,63.7,53.3,16.4
India,Punjab,"PLFS Year (Jul - Jun), 2020",Rural + Urban,15-29 years,Female,17.1,12.2,28.8
India,Punjab,"PLFS Year (Jul - Jun), 2020",Rural + Urban,15-29 years,Persons,41.6,33.8,18.8
India,Punjab,"PLFS Year (Jul - Jun), 2020",Rural + Urban,15-59 years,Male,82.5,77.6,5.9
India,Punjab,"PLFS Year (Jul - Jun), 2020",Rural + Urban,15-59 years,Female,25.7,23.3,9.2
India,Punjab,"PLFS Year (Jul - Jun), 2020",Rural + Urban,15-59 years,Persons,54.5,50.9,6.7
India,Punjab,"PLFS Year (Jul - Jun), 2020",Rural + Urban,15 years and above,Male,77.2,73,5.5
India,Punjab,"PLFS Year (Jul - Jun), 2020",Rural + Urban,15 years and above,Female,23.1,21.1,8.6
India,Punjab,"PLFS Year (Jul - Jun), 2020",Rural + Urban,15 years and above,Persons,50.4,47.2,6.2
India,Punjab,"PLFS Year (Jul - Jun), 2020",Rural + Urban,All Ages,Male,59.5,56.2,5.5
India,Punjab,"PLFS Year (Jul - Jun), 2020",Rural + Urban,All Ages,Female,18.5,17,8.4
India,Punjab,"PLFS Year (Jul - Jun), 2020",Rural + Urban,All Ages,Persons,39.4,37,6.2
India,Rajasthan,"PLFS Year (Jul - Jun), 2020",Rural,15-29 years,Male,61.5,53.1,13.7
India,Rajasthan,"PLFS Year (Jul - Jun), 2020",Rural,15-29 years,Female,30.6,29.6,3.3
India,Rajasthan,"PLFS Year (Jul - Jun), 2020",Rural,15-29 years,Persons,46.4,41.6,10.3
India,Rajasthan,"PLFS Year (Jul - Jun), 2020",Rural,15-59 years,Male,79.8,75.3,5.6
India,Rajasthan,"PLFS Year (Jul - Jun), 2020",Rural,15-59 years,Female,49.7,49.3,1
India,Rajasthan,"PLFS Year (Jul - Jun), 2020",Rural,15-59 years,Persons,65,62.5,3.9
India,Rajasthan,"PLFS Year (Jul - Jun), 2020",Rural,15 years and above,Male,76.8,72.9,5
India,Rajasthan,"PLFS Year (Jul - Jun), 2020",Rural,15 years and above,Female,46.5,46.1,0.9
India,Rajasthan,"PLFS Year (Jul - Jun), 2020",Rural,15 years and above,Persons,61.8,59.7,3.5
India,Rajasthan,"PLFS Year (Jul - Jun), 2020",Rural,All Ages,Male,54.2,51.4,5.2
India,Rajasthan,"PLFS Year (Jul - Jun), 2020",Rural,All Ages,Female,33.9,33.6,0.9
India,Rajasthan,"PLFS Year (Jul - Jun), 2020",Rural,All Ages,Persons,44.4,42.8,3.6
India,Rajasthan,"PLFS Year (Jul - Jun), 2020",Urban,15-29 years,Male,55.9,42.9,23.3
India,Rajasthan,"PLFS Year (Jul - Jun), 2020",Urban,15-29 years,Female,13.9,7.9,43.4
India,Rajasthan,"PLFS Year (Jul - Jun), 2020",Urban,15-29 years,Persons,36.1,26.4,27
India,Rajasthan,"PLFS Year (Jul - Jun), 2020",Urban,15-59 years,Male,77.9,70.4,9.7
India,Rajasthan,"PLFS Year (Jul - Jun), 2020",Urban,15-59 years,Female,19,16.2,15
India,Rajasthan,"PLFS Year (Jul - Jun), 2020",Urban,15-59 years,Persons,49.3,44,10.7
India,Rajasthan,"PLFS Year (Jul - Jun), 2020",Urban,15 years and above,Male,72.3,65.6,9.3
India,Rajasthan,"PLFS Year (Jul - Jun), 2020",Urban,15 years and above,Female,17.8,15.3,14.1
India,Rajasthan,"PLFS Year (Jul - Jun), 2020",Urban,15 years and above,Persons,45.7,41.1,10.2
India,Rajasthan,"PLFS Year (Jul - Jun), 2020",Urban,All Ages,Male,54.6,49.5,9.3
India,Rajasthan,"PLFS Year (Jul - Jun), 2020",Urban,All Ages,Female,13.9,11.9,14.1
India,Rajasthan,"PLFS Year (Jul - Jun), 2020",Urban,All Ages,Persons,35.1,31.5,10.2
India,Rajasthan,"PLFS Year (Jul - Jun), 2020",Rural + Urban,15-29 years,Male,60.3,50.8,15.7
India,Rajasthan,"PLFS Year (Jul - Jun), 2020",Rural + Urban,15-29 years,Female,27,24.9,7.8
India,Rajasthan,"PLFS Year (Jul - Jun), 2020",Rural + Urban,15-29 years,Persons,44.1,38.2,13.4
India,Rajasthan,"PLFS Year (Jul - Jun), 2020",Rural + Urban,15-59 years,Male,79.4,74.1,6.6
India,Rajasthan,"PLFS Year (Jul - Jun), 2020",Rural + Urban,15-59 years,Female,42.5,41.4,2.5
India,Rajasthan,"PLFS Year (Jul - Jun), 2020",Rural + Urban,15-59 years,Persons,61.3,58.1,5.2
India,Rajasthan,"PLFS Year (Jul - Jun), 2020",Rural + Urban,15 years and above,Male,75.7,71.2,6
India,Rajasthan,"PLFS Year (Jul - Jun), 2020",Rural + Urban,15 years and above,Female,39.9,39,2.2
India,Rajasthan,"PLFS Year (Jul - Jun), 2020",Rural + Urban,15 years and above,Persons,58.1,55.3,4.7
India,Rajasthan,"PLFS Year (Jul - Jun), 2020",Rural + Urban,All Ages,Male,54.3,51,6.1
India,Rajasthan,"PLFS Year (Jul - Jun), 2020",Rural + Urban,All Ages,Female,29.5,28.9,2.2
India,Rajasthan,"PLFS Year (Jul - Jun), 2020",Rural + Urban,All Ages,Persons,42.3,40.3,4.8
India,Sikkim,"PLFS Year (Jul - Jun), 2020",Rural,15-29 years,Male,61.8,60.1,2.8
India,Sikkim,"PLFS Year (Jul - Jun), 2020",Rural,15-29 years,Female,38.8,38.2,1.6
India,Sikkim,"PLFS Year (Jul - Jun), 2020",Rural,15-29 years,Persons,50.4,49.2,2.4
India,Sikkim,"PLFS Year (Jul - Jun), 2020",Rural,15-59 years,Male,84,83.3,0.8
India,Sikkim,"PLFS Year (Jul - Jun), 2020",Rural,15-59 years,Female,71.4,71.1,0.4
India,Sikkim,"PLFS Year (Jul - Jun), 2020",Rural,15-59 years,Persons,77.6,77.2,0.6
India,Sikkim,"PLFS Year (Jul - Jun), 2020",Rural,15 years and above,Male,82.2,81.6,0.7
India,Sikkim,"PLFS Year (Jul - Jun), 2020",Rural,15 years and above,Female,69.1,68.9,0.4
India,Sikkim,"PLFS Year (Jul - Jun), 2020",Rural,15 years and above,Persons,75.8,75.3,0.5
India,Sikkim,"PLFS Year (Jul - Jun), 2020",Rural,All Ages,Male,69,68.5,0.7
India,Sikkim,"PLFS Year (Jul - Jun), 2020",Rural,All Ages,Female,61,60.8,0.4
India,Sikkim,"PLFS Year (Jul - Jun), 2020",Rural,All Ages,Persons,65.2,64.8,0.5
India,Sikkim,"PLFS Year (Jul - Jun), 2020",Urban,15-29 years,Male,62.6,56.9,9.1
India,Sikkim,"PLFS Year (Jul - Jun), 2020",Urban,15-29 years,Female,20.6,17.3,15.8
India,Sikkim,"PLFS Year (Jul - Jun), 2020",Urban,15-29 years,Persons,42.3,37.8,10.7
India,Sikkim,"PLFS Year (Jul - Jun), 2020",Urban,15-59 years,Male,85.1,82.5,2.9
India,Sikkim,"PLFS Year (Jul - Jun), 2020",Urban,15-59 years,Female,39.8,38.4,3.6
India,Sikkim,"PLFS Year (Jul - Jun), 2020",Urban,15-59 years,Persons,63.8,61.8,3.1
India,Sikkim,"PLFS Year (Jul - Jun), 2020",Urban,15 years and above,Male,83.5,81.2,2.8
India,Sikkim,"PLFS Year (Jul - Jun), 2020",Urban,15 years and above,Female,38.1,36.7,3.5
India,Sikkim,"PLFS Year (Jul - Jun), 2020",Urban,15 years and above,Persons,62.2,60.3,3
India,Sikkim,"PLFS Year (Jul - Jun), 2020",Urban,All Ages,Male,68.7,66.8,2.8
India,Sikkim,"PLFS Year (Jul - Jun), 2020",Urban,All Ages,Female,30.8,29.8,3.5
India,Sikkim,"PLFS Year (Jul - Jun), 2020",Urban,All Ages,Persons,50.8,49.3,3
India,Sikkim,"PLFS Year (Jul - Jun), 2020",Rural + Urban,15-29 years,Male,62.1,59.2,4.6
India,Sikkim,"PLFS Year (Jul - Jun), 2020",Rural + Urban,15-29 years,Female,33.8,32.5,3.9
India,Sikkim,"PLFS Year (Jul - Jun), 2020",Rural + Urban,15-29 years,Persons,48.1,46,4.4
India,Sikkim,"PLFS Year (Jul - Jun), 2020",Rural + Urban,15-59 years,Male,84.3,83.1,1.4
India,Sikkim,"PLFS Year (Jul - Jun), 2020",Rural + Urban,15-59 years,Female,62.9,62.3,0.9
India,Sikkim,"PLFS Year (Jul - Jun), 2020",Rural + Urban,15-59 years,Persons,73.7,72.8,1.2
India,Sikkim,"PLFS Year (Jul - Jun), 2020",Rural + Urban,15 years and above,Male,82.5,81.5,1.3
India,Sikkim,"PLFS Year (Jul - Jun), 2020",Rural + Urban,15 years and above,Female,61.1,60.6,0.9
India,Sikkim,"PLFS Year (Jul - Jun), 2020",Rural + Urban,15 years and above,Persons,72.1,71.3,1.1
India,Sikkim,"PLFS Year (Jul - Jun), 2020",Rural + Urban,All Ages,Male,68.9,68,1.3
India,Sikkim,"PLFS Year (Jul - Jun), 2020",Rural + Urban,All Ages,Female,52.7,52.3,0.9
India,Sikkim,"PLFS Year (Jul - Jun), 2020",Rural + Urban,All Ages,Persons,61.2,60.5,1.1
India,Tamil Nadu,"PLFS Year (Jul - Jun), 2020",Rural,15-29 years,Male,61.9,50.1,19.2
India,Tamil Nadu,"PLFS Year (Jul - Jun), 2020",Rural,15-29 years,Female,25.6,19.3,24.5
India,Tamil Nadu,"PLFS Year (Jul - Jun), 2020",Rural,15-29 years,Persons,43.1,34.2,20.8
India,Tamil Nadu,"PLFS Year (Jul - Jun), 2020",Rural,15-59 years,Male,84.3,79.1,6.2
India,Tamil Nadu,"PLFS Year (Jul - Jun), 2020",Rural,15-59 years,Female,55.5,53.1,4.3
India,Tamil Nadu,"PLFS Year (Jul - Jun), 2020",Rural,15-59 years,Persons,69.1,65.4,5.4
India,Tamil Nadu,"PLFS Year (Jul - Jun), 2020",Rural,15 years and above,Male,79.3,75,5.4
India,Tamil Nadu,"PLFS Year (Jul - Jun), 2020",Rural,15 years and above,Female,52.4,50.4,3.8
India,Tamil Nadu,"PLFS Year (Jul - Jun), 2020",Rural,15 years and above,Persons,65.2,62.1,4.8
India,Tamil Nadu,"PLFS Year (Jul - Jun), 2020",Rural,All Ages,Male,61.5,58.2,5.4
India,Tamil Nadu,"PLFS Year (Jul - Jun), 2020",Rural,All Ages,Female,43.5,41.8,3.8
India,Tamil Nadu,"PLFS Year (Jul - Jun), 2020",Rural,All Ages,Persons,52.3,49.8,4.8
India,Tamil Nadu,"PLFS Year (Jul - Jun), 2020",Urban,15-29 years,Male,64.6,53.4,17.2
India,Tamil Nadu,"PLFS Year (Jul - Jun), 2020",Urban,15-29 years,Female,26.5,19.3,27.1
India,Tamil Nadu,"PLFS Year (Jul - Jun), 2020",Urban,15-29 years,Persons,45.8,36.6,20
India,Tamil Nadu,"PLFS Year (Jul - Jun), 2020",Urban,15-59 years,Male,84.9,80.2,5.6
India,Tamil Nadu,"PLFS Year (Jul - Jun), 2020",Urban,15-59 years,Female,35.3,32.5,8
India,Tamil Nadu,"PLFS Year (Jul - Jun), 2020",Urban,15-59 years,Persons,59.5,55.8,6.3
India,Tamil Nadu,"PLFS Year (Jul - Jun), 2020",Urban,15 years and above,Male,77.5,73.6,5.1
India,Tamil Nadu,"PLFS Year (Jul - Jun), 2020",Urban,15 years and above,Female,31.6,29.2,7.5
India,Tamil Nadu,"PLFS Year (Jul - Jun), 2020",Urban,15 years and above,Persons,54,50.9,5.8
India,Tamil Nadu,"PLFS Year (Jul - Jun), 2020",Urban,All Ages,Male,63,59.7,5.1
India,Tamil Nadu,"PLFS Year (Jul - Jun), 2020",Urban,All Ages,Female,25.8,23.9,7.5
India,Tamil Nadu,"PLFS Year (Jul - Jun), 2020",Urban,All Ages,Persons,44,41.5,5.8
India,Tamil Nadu,"PLFS Year (Jul - Jun), 2020",Rural + Urban,15-29 years,Male,63.1,51.6,18.3
India,Tamil Nadu,"PLFS Year (Jul - Jun), 2020",Rural + Urban,15-29 years,Female,26,19.3,25.6
India,Tamil Nadu,"PLFS Year (Jul - Jun), 2020",Rural + Urban,15-29 years,Persons,44.3,35.3,20.4
India,Tamil Nadu,"PLFS Year (Jul - Jun), 2020",Rural + Urban,15-59 years,Male,84.6,79.6,5.9
India,Tamil Nadu,"PLFS Year (Jul - Jun), 2020",Rural + Urban,15-59 years,Female,46.3,43.7,5.6
India,Tamil Nadu,"PLFS Year (Jul - Jun), 2020",Rural + Urban,15-59 years,Persons,64.7,60.9,5.8
India,Tamil Nadu,"PLFS Year (Jul - Jun), 2020",Rural + Urban,15 years and above,Male,78.5,74.3,5.3
India,Tamil Nadu,"PLFS Year (Jul - Jun), 2020",Rural + Urban,15 years and above,Female,43,40.8,5
India,Tamil Nadu,"PLFS Year (Jul - Jun), 2020",Rural + Urban,15 years and above,Persons,60,56.9,5.2
India,Tamil Nadu,"PLFS Year (Jul - Jun), 2020",Rural + Urban,All Ages,Male,62.2,58.9,5.3
India,Tamil Nadu,"PLFS Year (Jul - Jun), 2020",Rural + Urban,All Ages,Female,35.4,33.6,5
India,Tamil Nadu,"PLFS Year (Jul - Jun), 2020",Rural + Urban,All Ages,Persons,48.5,46,5.2
India,Telangana,"PLFS Year (Jul - Jun), 2020",Rural,15-29 years,Male,57.7,50.1,13.2
India,Telangana,"PLFS Year (Jul - Jun), 2020",Rural,15-29 years,Female,28,24.4,13
India,Telangana,"PLFS Year (Jul - Jun), 2020",Rural,15-29 years,Persons,44.2,38.4,13.1
India,Telangana,"PLFS Year (Jul - Jun), 2020",Rural,15-59 years,Male,81,77.2,4.7
India,Telangana,"PLFS Year (Jul - Jun), 2020",Rural,15-59 years,Female,63.2,61.8,2.3
India,Telangana,"PLFS Year (Jul - Jun), 2020",Rural,15-59 years,Persons,72.2,69.6,3.6
India,Telangana,"PLFS Year (Jul - Jun), 2020",Rural,15 years and above,Male,76.7,73.4,4.3
India,Telangana,"PLFS Year (Jul - Jun), 2020",Rural,15 years and above,Female,56.9,55.7,2.2
India,Telangana,"PLFS Year (Jul - Jun), 2020",Rural,15 years and above,Persons,66.8,64.6,3.4
India,Telangana,"PLFS Year (Jul - Jun), 2020",Rural,All Ages,Male,61,58.4,4.3
India,Telangana,"PLFS Year (Jul - Jun), 2020",Rural,All Ages,Female,46.1,45.1,2.2
India,Telangana,"PLFS Year (Jul - Jun), 2020",Rural,All Ages,Persons,53.6,51.8,3.4
India,Telangana,"PLFS Year (Jul - Jun), 2020",Urban,15-29 years,Male,56.1,46.2,17.7
India,Telangana,"PLFS Year (Jul - Jun), 2020",Urban,15-29 years,Female,20.7,14.6,29.4
India,Telangana,"PLFS Year (Jul - Jun), 2020",Urban,15-29 years,Persons,39,30.9,20.7
India,Telangana,"PLFS Year (Jul - Jun), 2020",Urban,15-59 years,Male,79.7,74.3,6.7
India,Telangana,"PLFS Year (Jul - Jun), 2020",Urban,15-59 years,Female,30.7,27.2,11.3
India,Telangana,"PLFS Year (Jul - Jun), 2020",Urban,15-59 years,Persons,55.7,51.2,8
India,Telangana,"PLFS Year (Jul - Jun), 2020",Urban,15 years and above,Male,75,70.1,6.5
India,Telangana,"PLFS Year (Jul - Jun), 2020",Urban,15 years and above,Female,28,24.9,11.1
India,Telangana,"PLFS Year (Jul - Jun), 2020",Urban,15 years and above,Persons,51.9,47.8,7.7
India,Telangana,"PLFS Year (Jul - Jun), 2020",Urban,All Ages,Male,58.6,54.8,6.5
India,Telangana,"PLFS Year (Jul - Jun), 2020",Urban,All Ages,Female,22.2,19.7,11.1
India,Telangana,"PLFS Year (Jul - Jun), 2020",Urban,All Ages,Persons,40.7,37.6,7.7
India,Telangana,"PLFS Year (Jul - Jun), 2020",Rural + Urban,15-29 years,Male,57.1,48.5,15
India,Telangana,"PLFS Year (Jul - Jun), 2020",Rural + Urban,15-29 years,Female,24.8,20.1,19
India,Telangana,"PLFS Year (Jul - Jun), 2020",Rural + Urban,15-29 years,Persons,42,35.2,16.1
India,Telangana,"PLFS Year (Jul - Jun), 2020",Rural + Urban,15-59 years,Male,80.4,76,5.5
India,Telangana,"PLFS Year (Jul - Jun), 2020",Rural + Urban,15-59 years,Female,50,47.7,4.5
India,Telangana,"PLFS Year (Jul - Jun), 2020",Rural + Urban,15-59 years,Persons,65.4,62,5.1
India,Telangana,"PLFS Year (Jul - Jun), 2020",Rural + Urban,15 years and above,Male,76,72.1,5.2
India,Telangana,"PLFS Year (Jul - Jun), 2020",Rural + Urban,15 years and above,Female,45.4,43.4,4.4
India,Telangana,"PLFS Year (Jul - Jun), 2020",Rural + Urban,15 years and above,Persons,60.8,57.8,4.9
India,Telangana,"PLFS Year (Jul - Jun), 2020",Rural + Urban,All Ages,Male,60,56.9,5.2
India,Telangana,"PLFS Year (Jul - Jun), 2020",Rural + Urban,All Ages,Female,36.4,34.8,4.4
India,Telangana,"PLFS Year (Jul - Jun), 2020",Rural + Urban,All Ages,Persons,48.4,46,4.9
India,The Dadra and Nagar Haveli and Daman and Diu,"PLFS Year (Jul - Jun), 2020",Rural,15-29 years,Male,58.2,46.5,20.1
India,The Dadra and Nagar Haveli and Daman and Diu,"PLFS Year (Jul - Jun), 2020",Rural,15-29 years,Female,36,36,0
India,The Dadra and Nagar Haveli and Daman and Diu,"PLFS Year (Jul - Jun), 2020",Rural,15-29 years,Persons,49.2,42.3,14.2
India,The Dadra and Nagar Haveli and Daman and Diu,"PLFS Year (Jul - Jun), 2020",Rural,15-59 years,Male,76.7,70.4,8.3
India,The Dadra and Nagar Haveli and Daman and Diu,"PLFS Year (Jul - Jun), 2020",Rural,15-59 years,Female,51.3,51.3,0
India,The Dadra and Nagar Haveli and Daman and Diu,"PLFS Year (Jul - Jun), 2020",Rural,15-59 years,Persons,65.1,61.6,5.3
India,The Dadra and Nagar Haveli and Daman and Diu,"PLFS Year (Jul - Jun), 2020",Rural,15 years and above,Male,75.7,69.6,8.1
India,The Dadra and Nagar Haveli and Daman and Diu,"PLFS Year (Jul - Jun), 2020",Rural,15 years and above,Female,48.2,48.2,0
India,The Dadra and Nagar Haveli and Daman and Diu,"PLFS Year (Jul - Jun), 2020",Rural,15 years and above,Persons,62.8,59.6,5.2
India,The Dadra and Nagar Haveli and Daman and Diu,"PLFS Year (Jul - Jun), 2020",Rural,All Ages,Male,58.9,54.1,8.1
India,The Dadra and Nagar Haveli and Daman and Diu,"PLFS Year (Jul - Jun), 2020",Rural,All Ages,Female,41.2,41.2,0
India,The Dadra and Nagar Haveli and Daman and Diu,"PLFS Year (Jul - Jun), 2020",Rural,All Ages,Persons,51,48.3,5.2
India,The Dadra and Nagar Haveli and Daman and Diu,"PLFS Year (Jul - Jun), 2020",Urban,15-29 years,Male,63.1,57.9,8.4
India,The Dadra and Nagar Haveli and Daman and Diu,"PLFS Year (Jul - Jun), 2020",Urban,15-29 years,Female,8.7,6.1,30.2
India,The Dadra and Nagar Haveli and Daman and Diu,"PLFS Year (Jul - Jun), 2020",Urban,15-29 years,Persons,42.5,38.2,10.1
India,The Dadra and Nagar Haveli and Daman and Diu,"PLFS Year (Jul - Jun), 2020",Urban,15-59 years,Male,81.6,79.1,3.1
India,The Dadra and Nagar Haveli and Daman and Diu,"PLFS Year (Jul - Jun), 2020",Urban,15-59 years,Female,17.4,16.3,6.1
India,The Dadra and Nagar Haveli and Daman and Diu,"PLFS Year (Jul - Jun), 2020",Urban,15-59 years,Persons,54.7,52.8,3.5
India,The Dadra and Nagar Haveli and Daman and Diu,"PLFS Year (Jul - Jun), 2020",Urban,15 years and above,Male,77.6,75.3,3
India,The Dadra and Nagar Haveli and Daman and Diu,"PLFS Year (Jul - Jun), 2020",Urban,15 years and above,Female,16.5,15.6,5.8
India,The Dadra and Nagar Haveli and Daman and Diu,"PLFS Year (Jul - Jun), 2020",Urban,15 years and above,Persons,51.6,49.9,3.4
India,The Dadra and Nagar Haveli and Daman and Diu,"PLFS Year (Jul - Jun), 2020",Urban,All Ages,Male,60.8,59,3
India,The Dadra and Nagar Haveli and Daman and Diu,"PLFS Year (Jul - Jun), 2020",Urban,All Ages,Female,13.1,12.4,5.8
India,The Dadra and Nagar Haveli and Daman and Diu,"PLFS Year (Jul - Jun), 2020",Urban,All Ages,Persons,40.7,39.3,3.4
India,The Dadra and Nagar Haveli and Daman and Diu,"PLFS Year (Jul - Jun), 2020",Rural + Urban,15-29 years,Male,60.9,52.8,13.3
India,The Dadra and Nagar Haveli and Daman and Diu,"PLFS Year (Jul - Jun), 2020",Rural + Urban,15-29 years,Female,21.4,20,6.6
India,The Dadra and Nagar Haveli and Daman and Diu,"PLFS Year (Jul - Jun), 2020",Rural + Urban,15-29 years,Persons,45.5,40,12.1
India,The Dadra and Nagar Haveli and Daman and Diu,"PLFS Year (Jul - Jun), 2020",Rural + Urban,15-59 years,Male,79.6,75.5,5.1
India,The Dadra and Nagar Haveli and Daman and Diu,"PLFS Year (Jul - Jun), 2020",Rural + Urban,15-59 years,Female,32.6,32,1.8
India,The Dadra and Nagar Haveli and Daman and Diu,"PLFS Year (Jul - Jun), 2020",Rural + Urban,15-59 years,Persons,59.1,56.6,4.3
India,The Dadra and Nagar Haveli and Daman and Diu,"PLFS Year (Jul - Jun), 2020",Rural + Urban,15 years and above,Male,76.9,73,5
India,The Dadra and Nagar Haveli and Daman and Diu,"PLFS Year (Jul - Jun), 2020",Rural + Urban,15 years and above,Female,30.6,30,1.8
India,The Dadra and Nagar Haveli and Daman and Diu,"PLFS Year (Jul - Jun), 2020",Rural + Urban,15 years and above,Persons,56.3,54,4.2
India,The Dadra and Nagar Haveli and Daman and Diu,"PLFS Year (Jul - Jun), 2020",Rural + Urban,All Ages,Male,60,57,5
India,The Dadra and Nagar Haveli and Daman and Diu,"PLFS Year (Jul - Jun), 2020",Rural + Urban,All Ages,Female,25.1,24.6,1.8
India,The Dadra and Nagar Haveli and Daman and Diu,"PLFS Year (Jul - Jun), 2020",Rural + Urban,All Ages,Persons,44.9,43,4.2
India,Tripura,"PLFS Year (Jul - Jun), 2020",Rural,15-29 years,Male,65.8,58.1,11.7
India,Tripura,"PLFS Year (Jul - Jun), 2020",Rural,15-29 years,Female,14.7,13,11.7
India,Tripura,"PLFS Year (Jul - Jun), 2020",Rural,15-29 years,Persons,38.3,33.8,11.7
India,Tripura,"PLFS Year (Jul - Jun), 2020",Rural,15-59 years,Male,86.4,83.3,3.6
India,Tripura,"PLFS Year (Jul - Jun), 2020",Rural,15-59 years,Female,35.4,34.5,2.5
India,Tripura,"PLFS Year (Jul - Jun), 2020",Rural,15-59 years,Persons,60.6,58.6,3.3
India,Tripura,"PLFS Year (Jul - Jun), 2020",Rural,15 years and above,Male,82,79.4,3.2
India,Tripura,"PLFS Year (Jul - Jun), 2020",Rural,15 years and above,Female,32.8,32,2.3
India,Tripura,"PLFS Year (Jul - Jun), 2020",Rural,15 years and above,Persons,57.5,55.8,2.9
India,Tripura,"PLFS Year (Jul - Jun), 2020",Rural,All Ages,Male,61.2,59.2,3.2
India,Tripura,"PLFS Year (Jul - Jun), 2020",Rural,All Ages,Female,26.3,25.7,2.3
India,Tripura,"PLFS Year (Jul - Jun), 2020",Rural,All Ages,Persons,44.5,43.2,2.9
India,Tripura,"PLFS Year (Jul - Jun), 2020",Urban,15-29 years,Male,60.2,52.9,12.2
India,Tripura,"PLFS Year (Jul - Jun), 2020",Urban,15-29 years,Female,13.5,10.7,21.2
India,Tripura,"PLFS Year (Jul - Jun), 2020",Urban,15-29 years,Persons,35.2,30.2,14.1
India,Tripura,"PLFS Year (Jul - Jun), 2020",Urban,15-59 years,Male,85.9,81.9,4.6
India,Tripura,"PLFS Year (Jul - Jun), 2020",Urban,15-59 years,Female,25.9,24.4,6
India,Tripura,"PLFS Year (Jul - Jun), 2020",Urban,15-59 years,Persons,53.7,51.1,5
India,Tripura,"PLFS Year (Jul - Jun), 2020",Urban,15 years and above,Male,74.9,71.7,4.3
India,Tripura,"PLFS Year (Jul - Jun), 2020",Urban,15 years and above,Female,23.3,22,5.7
India,Tripura,"PLFS Year (Jul - Jun), 2020",Urban,15 years and above,Persons,48,45.7,4.6
India,Tripura,"PLFS Year (Jul - Jun), 2020",Urban,All Ages,Male,59.1,56.5,4.3
India,Tripura,"PLFS Year (Jul - Jun), 2020",Urban,All Ages,Female,19.2,18.1,5.7
India,Tripura,"PLFS Year (Jul - Jun), 2020",Urban,All Ages,Persons,38.6,36.8,4.6
India,Tripura,"PLFS Year (Jul - Jun), 2020",Rural + Urban,15-29 years,Male,64.8,57.2,11.8
India,Tripura,"PLFS Year (Jul - Jun), 2020",Rural + Urban,15-29 years,Female,14.5,12.6,13.2
India,Tripura,"PLFS Year (Jul - Jun), 2020",Rural + Urban,15-29 years,Persons,37.8,33.2,12.1
India,Tripura,"PLFS Year (Jul - Jun), 2020",Rural + Urban,15-59 years,Male,86.3,83.1,3.8
India,Tripura,"PLFS Year (Jul - Jun), 2020",Rural + Urban,15-59 years,Female,33.4,32.4,3.1
India,Tripura,"PLFS Year (Jul - Jun), 2020",Rural + Urban,15-59 years,Persons,59.2,57.1,3.6
India,Tripura,"PLFS Year (Jul - Jun), 2020",Rural + Urban,15 years and above,Male,80.6,77.9,3.4
India,Tripura,"PLFS Year (Jul - Jun), 2020",Rural + Urban,15 years and above,Female,30.8,29.9,2.9
India,Tripura,"PLFS Year (Jul - Jun), 2020",Rural + Urban,15 years and above,Persons,55.6,53.8,3.2
India,Tripura,"PLFS Year (Jul - Jun), 2020",Rural + Urban,All Ages,Male,60.8,58.7,3.4
India,Tripura,"PLFS Year (Jul - Jun), 2020",Rural + Urban,All Ages,Female,24.8,24.1,2.9
India,Tripura,"PLFS Year (Jul - Jun), 2020",Rural + Urban,All Ages,Persons,43.3,41.9,3.2
India,Uttar Pradesh,"PLFS Year (Jul - Jun), 2020",Rural,15-29 years,Male,62.3,55.9,10.3
India,Uttar Pradesh,"PLFS Year (Jul - Jun), 2020",Rural,15-29 years,Female,12.3,11.5,6.6
India,Uttar Pradesh,"PLFS Year (Jul - Jun), 2020",Rural,15-29 years,Persons,37.5,33.9,9.7
India,Uttar Pradesh,"PLFS Year (Jul - Jun), 2020",Rural,15-59 years,Male,80,76.5,4.3
India,Uttar Pradesh,"PLFS Year (Jul - Jun), 2020",Rural,15-59 years,Female,25.9,25.5,1.6
India,Uttar Pradesh,"PLFS Year (Jul - Jun), 2020",Rural,15-59 years,Persons,52.7,50.8,3.7
India,Uttar Pradesh,"PLFS Year (Jul - Jun), 2020",Rural,15 years and above,Male,78.4,75.4,3.8
India,Uttar Pradesh,"PLFS Year (Jul - Jun), 2020",Rural,15 years and above,Female,25.1,24.8,1.5
India,Uttar Pradesh,"PLFS Year (Jul - Jun), 2020",Rural,15 years and above,Persons,51.7,50,3.3
India,Uttar Pradesh,"PLFS Year (Jul - Jun), 2020",Rural,All Ages,Male,54.1,52,3.8
India,Uttar Pradesh,"PLFS Year (Jul - Jun), 2020",Rural,All Ages,Female,18.3,18,1.5
India,Uttar Pradesh,"PLFS Year (Jul - Jun), 2020",Rural,All Ages,Persons,36.5,35.3,3.2
India,Uttar Pradesh,"PLFS Year (Jul - Jun), 2020",Urban,15-29 years,Male,58.3,49,15.9
India,Uttar Pradesh,"PLFS Year (Jul - Jun), 2020",Urban,15-29 years,Female,11.6,7.7,33.8
India,Uttar Pradesh,"PLFS Year (Jul - Jun), 2020",Urban,15-29 years,Persons,36.8,30,18.5
India,Uttar Pradesh,"PLFS Year (Jul - Jun), 2020",Urban,15-59 years,Male,77.9,72,7.6
India,Uttar Pradesh,"PLFS Year (Jul - Jun), 2020",Urban,15-59 years,Female,14.2,12.3,13.6
India,Uttar Pradesh,"PLFS Year (Jul - Jun), 2020",Urban,15-59 years,Persons,47.2,43.2,8.5
India,Uttar Pradesh,"PLFS Year (Jul - Jun), 2020",Urban,15 years and above,Male,73.4,68.1,7.1
India,Uttar Pradesh,"PLFS Year (Jul - Jun), 2020",Urban,15 years and above,Female,13.1,11.4,13.2
India,Uttar Pradesh,"PLFS Year (Jul - Jun), 2020",Urban,15 years and above,Persons,44.3,40.8,8
India,Uttar Pradesh,"PLFS Year (Jul - Jun), 2020",Urban,All Ages,Male,55.5,51.5,7.2
India,Uttar Pradesh,"PLFS Year (Jul - Jun), 2020",Urban,All Ages,Female,10.2,8.9,13.1
India,Uttar Pradesh,"PLFS Year (Jul - Jun), 2020",Urban,All Ages,Persons,33.9,31.2,8
India,Uttar Pradesh,"PLFS Year (Jul - Jun), 2020",Rural + Urban,15-29 years,Male,61.4,54.3,11.5
India,Uttar Pradesh,"PLFS Year (Jul - Jun), 2020",Rural + Urban,15-29 years,Female,12.1,10.7,11.8
India,Uttar Pradesh,"PLFS Year (Jul - Jun), 2020",Rural + Urban,15-29 years,Persons,37.4,33.1,11.6
India,Uttar Pradesh,"PLFS Year (Jul - Jun), 2020",Rural + Urban,15-59 years,Male,79.5,75.5,5.1
India,Uttar Pradesh,"PLFS Year (Jul - Jun), 2020",Rural + Urban,15-59 years,Female,23.5,22.7,3.2
India,Uttar Pradesh,"PLFS Year (Jul - Jun), 2020",Rural + Urban,15-59 years,Persons,51.5,49.1,4.6
India,Uttar Pradesh,"PLFS Year (Jul - Jun), 2020",Rural + Urban,15 years and above,Male,77.3,73.8,4.5
India,Uttar Pradesh,"PLFS Year (Jul - Jun), 2020",Rural + Urban,15 years and above,Female,22.6,21.9,2.9
India,Uttar Pradesh,"PLFS Year (Jul - Jun), 2020",Rural + Urban,15 years and above,Persons,50.1,48,4.2
India,Uttar Pradesh,"PLFS Year (Jul - Jun), 2020",Rural + Urban,All Ages,Male,54.4,51.9,4.5
India,Uttar Pradesh,"PLFS Year (Jul - Jun), 2020",Rural + Urban,All Ages,Female,16.7,16.2,2.9
India,Uttar Pradesh,"PLFS Year (Jul - Jun), 2020",Rural + Urban,All Ages,Persons,36,34.5,4.2
India,Uttarakhand,"PLFS Year (Jul - Jun), 2020",Rural,15-29 years,Male,57,45.6,19.9
India,Uttarakhand,"PLFS Year (Jul - Jun), 2020",Rural,15-29 years,Female,22.9,19.8,13.5
India,Uttarakhand,"PLFS Year (Jul - Jun), 2020",Rural,15-29 years,Persons,40.7,33.3,18.2
India,Uttarakhand,"PLFS Year (Jul - Jun), 2020",Rural,15-59 years,Male,78,72.1,7.5
India,Uttarakhand,"PLFS Year (Jul - Jun), 2020",Rural,15-59 years,Female,38.5,37.1,3.8
India,Uttarakhand,"PLFS Year (Jul - Jun), 2020",Rural,15-59 years,Persons,58.3,54.7,6.3
India,Uttarakhand,"PLFS Year (Jul - Jun), 2020",Rural,15 years and above,Male,73.1,68.3,6.6
India,Uttarakhand,"PLFS Year (Jul - Jun), 2020",Rural,15 years and above,Female,36.5,35.3,3.3
India,Uttarakhand,"PLFS Year (Jul - Jun), 2020",Rural,15 years and above,Persons,54.8,51.8,5.5
India,Uttarakhand,"PLFS Year (Jul - Jun), 2020",Rural,All Ages,Male,53.5,50,6.6
India,Uttarakhand,"PLFS Year (Jul - Jun), 2020",Rural,All Ages,Female,28.4,27.5,3.3
India,Uttarakhand,"PLFS Year (Jul - Jun), 2020",Rural,All Ages,Persons,41.4,39.1,5.5
India,Uttarakhand,"PLFS Year (Jul - Jun), 2020",Urban,15-29 years,Male,54.8,40.4,26.3
India,Uttarakhand,"PLFS Year (Jul - Jun), 2020",Urban,15-29 years,Female,11.4,6.6,42.2
India,Uttarakhand,"PLFS Year (Jul - Jun), 2020",Urban,15-29 years,Persons,35.3,25.2,28.6
India,Uttarakhand,"PLFS Year (Jul - Jun), 2020",Urban,15-59 years,Male,77.4,69.6,10.1
India,Uttarakhand,"PLFS Year (Jul - Jun), 2020",Urban,15-59 years,Female,21.2,18.4,13.1
India,Uttarakhand,"PLFS Year (Jul - Jun), 2020",Urban,15-59 years,Persons,50.5,45.1,10.7
India,Uttarakhand,"PLFS Year (Jul - Jun), 2020",Urban,15 years and above,Male,71.1,64,10
India,Uttarakhand,"PLFS Year (Jul - Jun), 2020",Urban,15 years and above,Female,19.3,16.9,12.5
India,Uttarakhand,"PLFS Year (Jul - Jun), 2020",Urban,15 years and above,Persons,46.3,41.4,10.5
India,Uttarakhand,"PLFS Year (Jul - Jun), 2020",Urban,All Ages,Male,56.3,50.7,10
India,Uttarakhand,"PLFS Year (Jul - Jun), 2020",Urban,All Ages,Female,15.6,13.6,12.5
India,Uttarakhand,"PLFS Year (Jul - Jun), 2020",Urban,All Ages,Persons,37,33.1,10.5
India,Uttarakhand,"PLFS Year (Jul - Jun), 2020",Rural + Urban,15-29 years,Male,56.3,44,21.8
India,Uttarakhand,"PLFS Year (Jul - Jun), 2020",Rural + Urban,15-29 years,Female,19.6,16,18.3
India,Uttarakhand,"PLFS Year (Jul - Jun), 2020",Rural + Urban,15-29 years,Persons,39.1,30.9,21
India,Uttarakhand,"PLFS Year (Jul - Jun), 2020",Rural + Urban,15-59 years,Male,77.8,71.3,8.3
India,Uttarakhand,"PLFS Year (Jul - Jun), 2020",Rural + Urban,15-59 years,Female,33.3,31.4,5.6
India,Uttarakhand,"PLFS Year (Jul - Jun), 2020",Rural + Urban,15-59 years,Persons,55.9,51.7,7.5
India,Uttarakhand,"PLFS Year (Jul - Jun), 2020",Rural + Urban,15 years and above,Male,72.5,66.9,7.7
India,Uttarakhand,"PLFS Year (Jul - Jun), 2020",Rural + Urban,15 years and above,Female,31.5,29.9,5
India,Uttarakhand,"PLFS Year (Jul - Jun), 2020",Rural + Urban,15 years and above,Persons,52.3,48.7,6.9
India,Uttarakhand,"PLFS Year (Jul - Jun), 2020",Rural + Urban,All Ages,Male,54.3,50.2,7.7
India,Uttarakhand,"PLFS Year (Jul - Jun), 2020",Rural + Urban,All Ages,Female,24.7,23.5,5
India,Uttarakhand,"PLFS Year (Jul - Jun), 2020",Rural + Urban,All Ages,Persons,40.1,37.4,6.9
India,West Bengal,"PLFS Year (Jul - Jun), 2020",Rural,15-29 years,Male,70.3,62.4,11.2
India,West Bengal,"PLFS Year (Jul - Jun), 2020",Rural,15-29 years,Female,19.8,18.4,7.3
India,West Bengal,"PLFS Year (Jul - Jun), 2020",Rural,15-29 years,Persons,44.9,40.3,10.4
India,West Bengal,"PLFS Year (Jul - Jun), 2020",Rural,15-59 years,Male,86.9,83.3,4.2
India,West Bengal,"PLFS Year (Jul - Jun), 2020",Rural,15-59 years,Female,32.7,32.1,1.8
India,West Bengal,"PLFS Year (Jul - Jun), 2020",Rural,15-59 years,Persons,59.2,57.1,3.5
India,West Bengal,"PLFS Year (Jul - Jun), 2020",Rural,15 years and above,Male,83.7,80.6,3.7
India,West Bengal,"PLFS Year (Jul - Jun), 2020",Rural,15 years and above,Female,30.1,29.6,1.7
India,West Bengal,"PLFS Year (Jul - Jun), 2020",Rural,15 years and above,Persons,56.6,54.8,3.2
India,West Bengal,"PLFS Year (Jul - Jun), 2020",Rural,All Ages,Male,65,62.6,3.7
India,West Bengal,"PLFS Year (Jul - Jun), 2020",Rural,All Ages,Female,24,23.6,1.7
India,West Bengal,"PLFS Year (Jul - Jun), 2020",Rural,All Ages,Persons,44.5,43.1,3.2
India,West Bengal,"PLFS Year (Jul - Jun), 2020",Urban,15-29 years,Male,63,53.7,14.7
India,West Bengal,"PLFS Year (Jul - Jun), 2020",Urban,15-29 years,Female,25.1,22.5,10.4
India,West Bengal,"PLFS Year (Jul - Jun), 2020",Urban,15-29 years,Persons,43.9,38,13.4
India,West Bengal,"PLFS Year (Jul - Jun), 2020",Urban,15-59 years,Male,84.6,80.3,5
India,West Bengal,"PLFS Year (Jul - Jun), 2020",Urban,15-59 years,Female,28.7,27.6,3.8
India,West Bengal,"PLFS Year (Jul - Jun), 2020",Urban,15-59 years,Persons,56.2,53.6,4.7
India,West Bengal,"PLFS Year (Jul - Jun), 2020",Urban,15 years and above,Male,76.9,73.3,4.6
India,West Bengal,"PLFS Year (Jul - Jun), 2020",Urban,15 years and above,Female,25.5,24.6,3.5
India,West Bengal,"PLFS Year (Jul - Jun), 2020",Urban,15 years and above,Persons,50.9,48.7,4.4
India,West Bengal,"PLFS Year (Jul - Jun), 2020",Urban,All Ages,Male,63.5,60.5,4.6
India,West Bengal,"PLFS Year (Jul - Jun), 2020",Urban,All Ages,Female,21.8,21,3.5
India,West Bengal,"PLFS Year (Jul - Jun), 2020",Urban,All Ages,Persons,42.7,40.9,4.4
India,West Bengal,"PLFS Year (Jul - Jun), 2020",Rural + Urban,15-29 years,Male,68.5,60.3,12
India,West Bengal,"PLFS Year (Jul - Jun), 2020",Rural + Urban,15-29 years,Female,21.1,19.4,8.3
India,West Bengal,"PLFS Year (Jul - Jun), 2020",Rural + Urban,15-29 years,Persons,44.7,39.7,11.1
India,West Bengal,"PLFS Year (Jul - Jun), 2020",Rural + Urban,15-59 years,Male,86.2,82.4,4.4
India,West Bengal,"PLFS Year (Jul - Jun), 2020",Rural + Urban,15-59 years,Female,31.6,30.8,2.3
India,West Bengal,"PLFS Year (Jul - Jun), 2020",Rural + Urban,15-59 years,Persons,58.3,56.1,3.8
India,West Bengal,"PLFS Year (Jul - Jun), 2020",Rural + Urban,15 years and above,Male,81.7,78.4,4
India,West Bengal,"PLFS Year (Jul - Jun), 2020",Rural + Urban,15 years and above,Female,28.7,28.1,2.2
India,West Bengal,"PLFS Year (Jul - Jun), 2020",Rural + Urban,15 years and above,Persons,54.9,53,3.5
India,West Bengal,"PLFS Year (Jul - Jun), 2020",Rural + Urban,All Ages,Male,64.6,62,4
India,West Bengal,"PLFS Year (Jul - Jun), 2020",Rural + Urban,All Ages,Female,23.4,22.8,2.2
India,West Bengal,"PLFS Year (Jul - Jun), 2020",Rural + Urban,All Ages,Persons,44,42.4,3.5
India,Andaman and Nicobar Islands,"PLFS Year (Jul - Jun), 2019",Rural,15-29 years,Male,57.4,45.2,21.2
India,Andaman and Nicobar Islands,"PLFS Year (Jul - Jun), 2019",Rural,15-29 years,Female,52.8,20.6,60.9
India,Andaman and Nicobar Islands,"PLFS Year (Jul - Jun), 2019",Rural,15-29 years,Persons,55.4,34.8,37.2
India,Andaman and Nicobar Islands,"PLFS Year (Jul - Jun), 2019",Rural,15-59 years,Male,81.5,76.2,6.5
India,Andaman and Nicobar Islands,"PLFS Year (Jul - Jun), 2019",Rural,15-59 years,Female,42.9,31,27.8
India,Andaman and Nicobar Islands,"PLFS Year (Jul - Jun), 2019",Rural,15-59 years,Persons,63.5,55.1,13.2
India,Andaman and Nicobar Islands,"PLFS Year (Jul - Jun), 2019",Rural,15 years and above,Male,71.8,67.3,6.3
India,Andaman and Nicobar Islands,"PLFS Year (Jul - Jun), 2019",Rural,15 years and above,Female,36.7,26.7,27.1
India,Andaman and Nicobar Islands,"PLFS Year (Jul - Jun), 2019",Rural,15 years and above,Persons,55.3,48.2,12.8
India,Andaman and Nicobar Islands,"PLFS Year (Jul - Jun), 2019",Rural,All Ages,Male,59.1,55.4,6.3
India,Andaman and Nicobar Islands,"PLFS Year (Jul - Jun), 2019",Rural,All Ages,Female,29.8,21.9,26.5
India,Andaman and Nicobar Islands,"PLFS Year (Jul - Jun), 2019",Rural,All Ages,Persons,45.1,39.4,12.7
India,Andaman and Nicobar Islands,"PLFS Year (Jul - Jun), 2019",Urban,15-29 years,Male,72.8,59,19
India,Andaman and Nicobar Islands,"PLFS Year (Jul - Jun), 2019",Urban,15-29 years,Female,29.8,12.6,57.6
India,Andaman and Nicobar Islands,"PLFS Year (Jul - Jun), 2019",Urban,15-29 years,Persons,51.9,36.4,29.8
India,Andaman and Nicobar Islands,"PLFS Year (Jul - Jun), 2019",Urban,15-59 years,Male,88.4,82.9,6.2
India,Andaman and Nicobar Islands,"PLFS Year (Jul - Jun), 2019",Urban,15-59 years,Female,37.9,27,28.9
India,Andaman and Nicobar Islands,"PLFS Year (Jul - Jun), 2019",Urban,15-59 years,Persons,64.1,56,12.7
India,Andaman and Nicobar Islands,"PLFS Year (Jul - Jun), 2019",Urban,15 years and above,Male,81.9,76.7,6.3
India,Andaman and Nicobar Islands,"PLFS Year (Jul - Jun), 2019",Urban,15 years and above,Female,34.7,24.8,28.6
India,Andaman and Nicobar Islands,"PLFS Year (Jul - Jun), 2019",Urban,15 years and above,Persons,59.6,52.2,12.4
India,Andaman and Nicobar Islands,"PLFS Year (Jul - Jun), 2019",Urban,All Ages,Male,66.3,62.1,6.3
India,Andaman and Nicobar Islands,"PLFS Year (Jul - Jun), 2019",Urban,All Ages,Female,28.2,20.2,28.6
India,Andaman and Nicobar Islands,"PLFS Year (Jul - Jun), 2019",Urban,All Ages,Persons,48.3,42.3,12.4
India,Andaman and Nicobar Islands,"PLFS Year (Jul - Jun), 2019",Rural + Urban,15-29 years,Male,63.4,50.6,20.2
India,Andaman and Nicobar Islands,"PLFS Year (Jul - Jun), 2019",Rural + Urban,15-29 years,Female,42.3,17,59.9
India,Andaman and Nicobar Islands,"PLFS Year (Jul - Jun), 2019",Rural + Urban,15-29 years,Persons,53.9,35.5,34.2
India,Andaman and Nicobar Islands,"PLFS Year (Jul - Jun), 2019",Rural + Urban,15-59 years,Male,84.4,79,6.4
India,Andaman and Nicobar Islands,"PLFS Year (Jul - Jun), 2019",Rural + Urban,15-59 years,Female,40.8,29.3,28.2
India,Andaman and Nicobar Islands,"PLFS Year (Jul - Jun), 2019",Rural + Urban,15-59 years,Persons,63.8,55.5,13
India,Andaman and Nicobar Islands,"PLFS Year (Jul - Jun), 2019",Rural + Urban,15 years and above,Male,75.9,71.2,6.3
India,Andaman and Nicobar Islands,"PLFS Year (Jul - Jun), 2019",Rural + Urban,15 years and above,Female,35.9,25.9,27.7
India,Andaman and Nicobar Islands,"PLFS Year (Jul - Jun), 2019",Rural + Urban,15 years and above,Persons,57,49.8,12.6
India,Andaman and Nicobar Islands,"PLFS Year (Jul - Jun), 2019",Rural + Urban,All Ages,Male,62.1,58.2,6.3
India,Andaman and Nicobar Islands,"PLFS Year (Jul - Jun), 2019",Rural + Urban,All Ages,Female,29.2,21.2,27.3
India,Andaman and Nicobar Islands,"PLFS Year (Jul - Jun), 2019",Rural + Urban,All Ages,Persons,46.4,40.6,12.6
India,Andhra Pradesh,"PLFS Year (Jul - Jun), 2019",Rural,15-29 years,Male,66.8,56.8,15
India,Andhra Pradesh,"PLFS Year (Jul - Jun), 2019",Rural,15-29 years,Female,35.4,31.1,12.2
India,Andhra Pradesh,"PLFS Year (Jul - Jun), 2019",Rural,15-29 years,Persons,51.7,44.4,14.1
India,Andhra Pradesh,"PLFS Year (Jul - Jun), 2019",Rural,15-59 years,Male,86.1,81.8,4.9
India,Andhra Pradesh,"PLFS Year (Jul - Jun), 2019",Rural,15-59 years,Female,49.6,48,3.2
India,Andhra Pradesh,"PLFS Year (Jul - Jun), 2019",Rural,15-59 years,Persons,67.5,64.6,4.3
India,Andhra Pradesh,"PLFS Year (Jul - Jun), 2019",Rural,15 years and above,Male,79.4,75.9,4.4
India,Andhra Pradesh,"PLFS Year (Jul - Jun), 2019",Rural,15 years and above,Female,44.3,43,3
India,Andhra Pradesh,"PLFS Year (Jul - Jun), 2019",Rural,15 years and above,Persons,61.5,59.1,3.9
India,Andhra Pradesh,"PLFS Year (Jul - Jun), 2019",Rural,All Ages,Male,62.3,59.6,4.4
India,Andhra Pradesh,"PLFS Year (Jul - Jun), 2019",Rural,All Ages,Female,35.9,34.9,3
India,Andhra Pradesh,"PLFS Year (Jul - Jun), 2019",Rural,All Ages,Persons,49.1,47.2,3.9
India,Andhra Pradesh,"PLFS Year (Jul - Jun), 2019",Urban,15-29 years,Male,55.1,41.6,24.5
India,Andhra Pradesh,"PLFS Year (Jul - Jun), 2019",Urban,15-29 years,Female,23.7,17.6,26.1
India,Andhra Pradesh,"PLFS Year (Jul - Jun), 2019",Urban,15-29 years,Persons,38.8,29.1,25
India,Andhra Pradesh,"PLFS Year (Jul - Jun), 2019",Urban,15-59 years,Male,80.6,75.1,6.8
India,Andhra Pradesh,"PLFS Year (Jul - Jun), 2019",Urban,15-59 years,Female,31.6,29,8.2
India,Andhra Pradesh,"PLFS Year (Jul - Jun), 2019",Urban,15-59 years,Persons,55.3,51.3,7.2
India,Andhra Pradesh,"PLFS Year (Jul - Jun), 2019",Urban,15 years and above,Male,75.1,70.3,6.3
India,Andhra Pradesh,"PLFS Year (Jul - Jun), 2019",Urban,15 years and above,Female,28.5,26.3,7.8
India,Andhra Pradesh,"PLFS Year (Jul - Jun), 2019",Urban,15 years and above,Persons,51,47.6,6.8
India,Andhra Pradesh,"PLFS Year (Jul - Jun), 2019",Urban,All Ages,Male,59.1,55.4,6.3
India,Andhra Pradesh,"PLFS Year (Jul - Jun), 2019",Urban,All Ages,Female,22.8,21.1,7.8
India,Andhra Pradesh,"PLFS Year (Jul - Jun), 2019",Urban,All Ages,Persons,40.5,37.8,6.7
India,Andhra Pradesh,"PLFS Year (Jul - Jun), 2019",Rural + Urban,15-29 years,Male,63.1,51.9,17.6
India,Andhra Pradesh,"PLFS Year (Jul - Jun), 2019",Rural + Urban,15-29 years,Female,31.3,26.3,15.9
India,Andhra Pradesh,"PLFS Year (Jul - Jun), 2019",Rural + Urban,15-29 years,Persons,47.4,39.3,17.1
India,Andhra Pradesh,"PLFS Year (Jul - Jun), 2019",Rural + Urban,15-59 years,Male,84.3,79.7,5.5
India,Andhra Pradesh,"PLFS Year (Jul - Jun), 2019",Rural + Urban,15-59 years,Female,43.7,41.7,4.4
India,Andhra Pradesh,"PLFS Year (Jul - Jun), 2019",Rural + Urban,15-59 years,Persons,63.5,60.3,5.1
India,Andhra Pradesh,"PLFS Year (Jul - Jun), 2019",Rural + Urban,15 years and above,Male,78.1,74.1,5
India,Andhra Pradesh,"PLFS Year (Jul - Jun), 2019",Rural + Urban,15 years and above,Female,39.2,37.6,4.1
India,Andhra Pradesh,"PLFS Year (Jul - Jun), 2019",Rural + Urban,15 years and above,Persons,58.2,55.5,4.7
India,Andhra Pradesh,"PLFS Year (Jul - Jun), 2019",Rural + Urban,All Ages,Male,61.3,58.2,5
India,Andhra Pradesh,"PLFS Year (Jul - Jun), 2019",Rural + Urban,All Ages,Female,31.7,30.4,4.1
India,Andhra Pradesh,"PLFS Year (Jul - Jun), 2019",Rural + Urban,All Ages,Persons,46.3,44.2,4.7
India,Arunachal Pradesh,"PLFS Year (Jul - Jun), 2019",Rural,15-29 years,Male,40.2,32.3,19.7
India,Arunachal Pradesh,"PLFS Year (Jul - Jun), 2019",Rural,15-29 years,Female,20.2,14.6,27.5
India,Arunachal Pradesh,"PLFS Year (Jul - Jun), 2019",Rural,15-29 years,Persons,31.5,24.6,21.9
India,Arunachal Pradesh,"PLFS Year (Jul - Jun), 2019",Rural,15-59 years,Male,69.9,65.8,5.8
India,Arunachal Pradesh,"PLFS Year (Jul - Jun), 2019",Rural,15-59 years,Female,24.8,22.5,9.3
India,Arunachal Pradesh,"PLFS Year (Jul - Jun), 2019",Rural,15-59 years,Persons,48.7,45.4,6.6
India,Arunachal Pradesh,"PLFS Year (Jul - Jun), 2019",Rural,15 years and above,Male,68.9,65.1,5.4
India,Arunachal Pradesh,"PLFS Year (Jul - Jun), 2019",Rural,15 years and above,Female,24.1,21.9,9.2
India,Arunachal Pradesh,"PLFS Year (Jul - Jun), 2019",Rural,15 years and above,Persons,48.2,45.2,6.3
India,Arunachal Pradesh,"PLFS Year (Jul - Jun), 2019",Rural,All Ages,Male,53.1,50.2,5.4
India,Arunachal Pradesh,"PLFS Year (Jul - Jun), 2019",Rural,All Ages,Female,17.7,16,9.2
India,Arunachal Pradesh,"PLFS Year (Jul - Jun), 2019",Rural,All Ages,Persons,36.3,34,6.3
India,Arunachal Pradesh,"PLFS Year (Jul - Jun), 2019",Urban,15-29 years,Male,33.3,21.3,36.1
India,Arunachal Pradesh,"PLFS Year (Jul - Jun), 2019",Urban,15-29 years,Female,12.4,8,35.4
India,Arunachal Pradesh,"PLFS Year (Jul - Jun), 2019",Urban,15-29 years,Persons,23.1,14.8,35.9
India,Arunachal Pradesh,"PLFS Year (Jul - Jun), 2019",Urban,15-59 years,Male,70.4,64.4,8.5
India,Arunachal Pradesh,"PLFS Year (Jul - Jun), 2019",Urban,15-59 years,Female,18,16,11.5
India,Arunachal Pradesh,"PLFS Year (Jul - Jun), 2019",Urban,15-59 years,Persons,45.3,41.2,9.1
India,Arunachal Pradesh,"PLFS Year (Jul - Jun), 2019",Urban,15 years and above,Male,68.6,62.8,8.4
India,Arunachal Pradesh,"PLFS Year (Jul - Jun), 2019",Urban,15 years and above,Female,17.7,15.6,11.4
India,Arunachal Pradesh,"PLFS Year (Jul - Jun), 2019",Urban,15 years and above,Persons,44.3,40.3,9
India,Arunachal Pradesh,"PLFS Year (Jul - Jun), 2019",Urban,All Ages,Male,47.4,43.4,8.4
India,Arunachal Pradesh,"PLFS Year (Jul - Jun), 2019",Urban,All Ages,Female,12.5,11.1,11.4
India,Arunachal Pradesh,"PLFS Year (Jul - Jun), 2019",Urban,All Ages,Persons,30.9,28.2,9
India,Arunachal Pradesh,"PLFS Year (Jul - Jun), 2019",Rural + Urban,15-29 years,Male,39.1,30.5,22
India,Arunachal Pradesh,"PLFS Year (Jul - Jun), 2019",Rural + Urban,15-29 years,Female,18.7,13.4,28.5
India,Arunachal Pradesh,"PLFS Year (Jul - Jun), 2019",Rural + Urban,15-29 years,Persons,30.1,22.9,23.8
India,Arunachal Pradesh,"PLFS Year (Jul - Jun), 2019",Rural + Urban,15-59 years,Male,70,65.6,6.3
India,Arunachal Pradesh,"PLFS Year (Jul - Jun), 2019",Rural + Urban,15-59 years,Female,23.6,21.3,9.6
India,Arunachal Pradesh,"PLFS Year (Jul - Jun), 2019",Rural + Urban,15-59 years,Persons,48,44.7,7
India,Arunachal Pradesh,"PLFS Year (Jul - Jun), 2019",Rural + Urban,15 years and above,Male,68.8,64.7,5.9
India,Arunachal Pradesh,"PLFS Year (Jul - Jun), 2019",Rural + Urban,15 years and above,Female,22.9,20.8,9.5
India,Arunachal Pradesh,"PLFS Year (Jul - Jun), 2019",Rural + Urban,15 years and above,Persons,47.5,44.3,6.7
India,Arunachal Pradesh,"PLFS Year (Jul - Jun), 2019",Rural + Urban,All Ages,Male,52,48.9,5.9
India,Arunachal Pradesh,"PLFS Year (Jul - Jun), 2019",Rural + Urban,All Ages,Female,16.7,15.1,9.5
India,Arunachal Pradesh,"PLFS Year (Jul - Jun), 2019",Rural + Urban,All Ages,Persons,35.3,32.9,6.7
India,Assam,"PLFS Year (Jul - Jun), 2019",Rural,15-29 years,Male,55.6,41.1,26.1
India,Assam,"PLFS Year (Jul - Jun), 2019",Rural,15-29 years,Female,15.2,10.4,31.6
India,Assam,"PLFS Year (Jul - Jun), 2019",Rural,15-29 years,Persons,34.5,25.1,27.3
India,Assam,"PLFS Year (Jul - Jun), 2019",Rural,15-59 years,Male,81.8,76,7.1
India,Assam,"PLFS Year (Jul - Jun), 2019",Rural,15-59 years,Female,16.9,14.7,13.5
India,Assam,"PLFS Year (Jul - Jun), 2019",Rural,15-59 years,Persons,49.4,45.3,8.2
India,Assam,"PLFS Year (Jul - Jun), 2019",Rural,15 years and above,Male,77.3,72.1,6.8
India,Assam,"PLFS Year (Jul - Jun), 2019",Rural,15 years and above,Female,16.1,14.1,12.8
India,Assam,"PLFS Year (Jul - Jun), 2019",Rural,15 years and above,Persons,47,43.3,7.8
India,Assam,"PLFS Year (Jul - Jun), 2019",Rural,All Ages,Male,55.2,51.4,6.8
India,Assam,"PLFS Year (Jul - Jun), 2019",Rural,All Ages,Female,12.1,10.5,12.9
India,Assam,"PLFS Year (Jul - Jun), 2019",Rural,All Ages,Persons,34.3,31.6,7.8
India,Assam,"PLFS Year (Jul - Jun), 2019",Urban,15-29 years,Male,54.1,40.5,25.1
India,Assam,"PLFS Year (Jul - Jun), 2019",Urban,15-29 years,Female,20,12.4,37.7
India,Assam,"PLFS Year (Jul - Jun), 2019",Urban,15-29 years,Persons,36.3,25.9,28.7
India,Assam,"PLFS Year (Jul - Jun), 2019",Urban,15-59 years,Male,81.6,76.3,6.5
India,Assam,"PLFS Year (Jul - Jun), 2019",Urban,15-59 years,Female,20.5,16.7,18.6
India,Assam,"PLFS Year (Jul - Jun), 2019",Urban,15-59 years,Persons,50.3,45.8,9
India,Assam,"PLFS Year (Jul - Jun), 2019",Urban,15 years and above,Male,74.7,70,6.3
India,Assam,"PLFS Year (Jul - Jun), 2019",Urban,15 years and above,Female,18.5,15.1,18.3
India,Assam,"PLFS Year (Jul - Jun), 2019",Urban,15 years and above,Persons,46.3,42.3,8.7
India,Assam,"PLFS Year (Jul - Jun), 2019",Urban,All Ages,Male,59,55.3,6.3
India,Assam,"PLFS Year (Jul - Jun), 2019",Urban,All Ages,Female,14.7,12,18.3
India,Assam,"PLFS Year (Jul - Jun), 2019",Urban,All Ages,Persons,36.7,33.5,8.7
India,Assam,"PLFS Year (Jul - Jun), 2019",Rural + Urban,15-29 years,Male,55.4,41.1,25.9
India,Assam,"PLFS Year (Jul - Jun), 2019",Rural + Urban,15-29 years,Female,15.8,10.7,32.5
India,Assam,"PLFS Year (Jul - Jun), 2019",Rural + Urban,15-29 years,Persons,34.7,25.2,27.5
India,Assam,"PLFS Year (Jul - Jun), 2019",Rural + Urban,15-59 years,Male,81.8,76,7.1
India,Assam,"PLFS Year (Jul - Jun), 2019",Rural + Urban,15-59 years,Female,17.4,14.9,14.3
India,Assam,"PLFS Year (Jul - Jun), 2019",Rural + Urban,15-59 years,Persons,49.5,45.4,8.3
India,Assam,"PLFS Year (Jul - Jun), 2019",Rural + Urban,15 years and above,Male,77,71.8,6.7
India,Assam,"PLFS Year (Jul - Jun), 2019",Rural + Urban,15 years and above,Female,16.4,14.2,13.6
India,Assam,"PLFS Year (Jul - Jun), 2019",Rural + Urban,15 years and above,Persons,46.9,43.2,7.9
India,Assam,"PLFS Year (Jul - Jun), 2019",Rural + Urban,All Ages,Male,55.6,51.9,6.7
India,Assam,"PLFS Year (Jul - Jun), 2019",Rural + Urban,All Ages,Female,12.4,10.7,13.7
India,Assam,"PLFS Year (Jul - Jun), 2019",Rural + Urban,All Ages,Persons,34.6,31.9,7.9
India,Bihar,"PLFS Year (Jul - Jun), 2019",Rural,15-29 years,Male,47.8,39.3,17.8
India,Bihar,"PLFS Year (Jul - Jun), 2019",Rural,15-29 years,Female,3.7,3.6,3.7
India,Bihar,"PLFS Year (Jul - Jun), 2019",Rural,15-29 years,Persons,26.9,22.4,16.9
India,Bihar,"PLFS Year (Jul - Jun), 2019",Rural,15-59 years,Male,75.4,71,5.8
India,Bihar,"PLFS Year (Jul - Jun), 2019",Rural,15-59 years,Female,9.8,9.8,0.6
India,Bihar,"PLFS Year (Jul - Jun), 2019",Rural,15-59 years,Persons,42.6,40.4,5.2
India,Bihar,"PLFS Year (Jul - Jun), 2019",Rural,15 years and above,Male,73.5,69.7,5.2
India,Bihar,"PLFS Year (Jul - Jun), 2019",Rural,15 years and above,Female,9.7,9.6,0.5
India,Bihar,"PLFS Year (Jul - Jun), 2019",Rural,15 years and above,Persons,42.1,40.1,4.7
India,Bihar,"PLFS Year (Jul - Jun), 2019",Rural,All Ages,Male,47.1,44.5,5.4
India,Bihar,"PLFS Year (Jul - Jun), 2019",Rural,All Ages,Female,6.4,6.4,0.5
India,Bihar,"PLFS Year (Jul - Jun), 2019",Rural,All Ages,Persons,27.5,26.1,4.8
India,Bihar,"PLFS Year (Jul - Jun), 2019",Urban,15-29 years,Male,47.2,37.1,21.4
India,Bihar,"PLFS Year (Jul - Jun), 2019",Urban,15-29 years,Female,6.3,4.3,32.4
India,Bihar,"PLFS Year (Jul - Jun), 2019",Urban,15-29 years,Persons,27.4,21.2,22.6
India,Bihar,"PLFS Year (Jul - Jun), 2019",Urban,15-59 years,Male,73.1,66.6,8.9
India,Bihar,"PLFS Year (Jul - Jun), 2019",Urban,15-59 years,Female,8.9,7.8,12.6
India,Bihar,"PLFS Year (Jul - Jun), 2019",Urban,15-59 years,Persons,41.5,37.7,9.3
India,Bihar,"PLFS Year (Jul - Jun), 2019",Urban,15 years and above,Male,69.2,63.5,8.2
India,Bihar,"PLFS Year (Jul - Jun), 2019",Urban,15 years and above,Female,8.4,7.4,11.9
India,Bihar,"PLFS Year (Jul - Jun), 2019",Urban,15 years and above,Persons,39.6,36.2,8.6
India,Bihar,"PLFS Year (Jul - Jun), 2019",Urban,All Ages,Male,47.1,43.3,8.1
India,Bihar,"PLFS Year (Jul - Jun), 2019",Urban,All Ages,Female,6.1,5.3,12.4
India,Bihar,"PLFS Year (Jul - Jun), 2019",Urban,All Ages,Persons,27.7,25.3,8.6
India,Bihar,"PLFS Year (Jul - Jun), 2019",Rural + Urban,15-29 years,Male,47.8,39.1,18.2
India,Bihar,"PLFS Year (Jul - Jun), 2019",Rural + Urban,15-29 years,Female,4,3.7,9.4
India,Bihar,"PLFS Year (Jul - Jun), 2019",Rural + Urban,15-29 years,Persons,26.9,22.2,17.6
India,Bihar,"PLFS Year (Jul - Jun), 2019",Rural + Urban,15-59 years,Male,75.1,70.5,6.2
India,Bihar,"PLFS Year (Jul - Jun), 2019",Rural + Urban,15-59 years,Female,9.7,9.5,1.8
India,Bihar,"PLFS Year (Jul - Jun), 2019",Rural + Urban,15-59 years,Persons,42.5,40.1,5.7
India,Bihar,"PLFS Year (Jul - Jun), 2019",Rural + Urban,15 years and above,Male,73,69,5.6
India,Bihar,"PLFS Year (Jul - Jun), 2019",Rural + Urban,15 years and above,Female,9.5,9.4,1.7
India,Bihar,"PLFS Year (Jul - Jun), 2019",Rural + Urban,15 years and above,Persons,41.8,39.7,5.1
India,Bihar,"PLFS Year (Jul - Jun), 2019",Rural + Urban,All Ages,Male,47.1,44.4,5.7
India,Bihar,"PLFS Year (Jul - Jun), 2019",Rural + Urban,All Ages,Female,6.4,6.3,1.7
India,Bihar,"PLFS Year (Jul - Jun), 2019",Rural + Urban,All Ages,Persons,27.5,26,5.3
India,Chandigarh,"PLFS Year (Jul - Jun), 2019",Rural,15-29 years,Male,56.2,49.5,11.9
India,Chandigarh,"PLFS Year (Jul - Jun), 2019",Rural,15-29 years,Female,36.3,29.8,17.7
India,Chandigarh,"PLFS Year (Jul - Jun), 2019",Rural,15-29 years,Persons,48.6,42,13.5
India,Chandigarh,"PLFS Year (Jul - Jun), 2019",Rural,15-59 years,Male,88.7,85.9,3.1
India,Chandigarh,"PLFS Year (Jul - Jun), 2019",Rural,15-59 years,Female,35.1,22,37.4
India,Chandigarh,"PLFS Year (Jul - Jun), 2019",Rural,15-59 years,Persons,67.8,61,10
India,Chandigarh,"PLFS Year (Jul - Jun), 2019",Rural,15 years and above,Male,87.6,84.9,3.1
India,Chandigarh,"PLFS Year (Jul - Jun), 2019",Rural,15 years and above,Female,33.4,20.9,37.4
India,Chandigarh,"PLFS Year (Jul - Jun), 2019",Rural,15 years and above,Persons,66.2,59.6,9.9
India,Chandigarh,"PLFS Year (Jul - Jun), 2019",Rural,All Ages,Male,59,57.2,3.1
India,Chandigarh,"PLFS Year (Jul - Jun), 2019",Rural,All Ages,Female,21.4,13.6,36.5
India,Chandigarh,"PLFS Year (Jul - Jun), 2019",Rural,All Ages,Persons,43.5,39.2,9.9
India,Chandigarh,"PLFS Year (Jul - Jun), 2019",Urban,15-29 years,Male,59.6,52.3,12.2
India,Chandigarh,"PLFS Year (Jul - Jun), 2019",Urban,15-29 years,Female,15.2,13.3,12.5
India,Chandigarh,"PLFS Year (Jul - Jun), 2019",Urban,15-29 years,Persons,35.1,30.8,12.3
India,Chandigarh,"PLFS Year (Jul - Jun), 2019",Urban,15-59 years,Male,82.7,77.7,6
India,Chandigarh,"PLFS Year (Jul - Jun), 2019",Urban,15-59 years,Female,22.8,21.4,6.1
India,Chandigarh,"PLFS Year (Jul - Jun), 2019",Urban,15-59 years,Persons,52.6,49.5,6
India,Chandigarh,"PLFS Year (Jul - Jun), 2019",Urban,15 years and above,Male,76.7,72,6.1
India,Chandigarh,"PLFS Year (Jul - Jun), 2019",Urban,15 years and above,Female,20,18.8,6
India,Chandigarh,"PLFS Year (Jul - Jun), 2019",Urban,15 years and above,Persons,47.8,44.8,6.1
India,Chandigarh,"PLFS Year (Jul - Jun), 2019",Urban,All Ages,Male,56.6,53.1,6.1
India,Chandigarh,"PLFS Year (Jul - Jun), 2019",Urban,All Ages,Female,15.5,14.6,6
India,Chandigarh,"PLFS Year (Jul - Jun), 2019",Urban,All Ages,Persons,36.2,34,6.1
India,Chandigarh,"PLFS Year (Jul - Jun), 2019",Rural + Urban,15-29 years,Male,59.5,52.2,12.2
India,Chandigarh,"PLFS Year (Jul - Jun), 2019",Rural + Urban,15-29 years,Female,15.7,13.7,12.8
India,Chandigarh,"PLFS Year (Jul - Jun), 2019",Rural + Urban,15-29 years,Persons,35.5,31.1,12.3
India,Chandigarh,"PLFS Year (Jul - Jun), 2019",Rural + Urban,15-59 years,Male,83,78.2,5.8
India,Chandigarh,"PLFS Year (Jul - Jun), 2019",Rural + Urban,15-59 years,Female,23.3,21.4,7.8
India,Chandigarh,"PLFS Year (Jul - Jun), 2019",Rural + Urban,15-59 years,Persons,53.3,50,6.2
India,Chandigarh,"PLFS Year (Jul - Jun), 2019",Rural + Urban,15 years and above,Male,77.3,72.7,6
India,Chandigarh,"PLFS Year (Jul - Jun), 2019",Rural + Urban,15 years and above,Female,20.4,18.8,7.6
India,Chandigarh,"PLFS Year (Jul - Jun), 2019",Rural + Urban,15 years and above,Persons,48.5,45.5,6.3
India,Chandigarh,"PLFS Year (Jul - Jun), 2019",Rural + Urban,All Ages,Male,56.7,53.3,6
India,Chandigarh,"PLFS Year (Jul - Jun), 2019",Rural + Urban,All Ages,Female,15.8,14.6,7.6
India,Chandigarh,"PLFS Year (Jul - Jun), 2019",Rural + Urban,All Ages,Persons,36.5,34.2,6.3
India,Chhattisgarh,"PLFS Year (Jul - Jun), 2019",Rural,15-29 years,Male,66.9,60.5,9.6
India,Chhattisgarh,"PLFS Year (Jul - Jun), 2019",Rural,15-29 years,Female,41.2,39.5,4.3
India,Chhattisgarh,"PLFS Year (Jul - Jun), 2019",Rural,15-29 years,Persons,54.2,50.1,7.6
India,Chhattisgarh,"PLFS Year (Jul - Jun), 2019",Rural,15-59 years,Male,85.1,82.2,3.5
India,Chhattisgarh,"PLFS Year (Jul - Jun), 2019",Rural,15-59 years,Female,63.6,62.8,1.2
India,Chhattisgarh,"PLFS Year (Jul - Jun), 2019",Rural,15-59 years,Persons,74.4,72.5,2.5
India,Chhattisgarh,"PLFS Year (Jul - Jun), 2019",Rural,15 years and above,Male,83.1,80.5,3.2
India,Chhattisgarh,"PLFS Year (Jul - Jun), 2019",Rural,15 years and above,Female,59.6,58.9,1.1
India,Chhattisgarh,"PLFS Year (Jul - Jun), 2019",Rural,15 years and above,Persons,71.3,69.7,2.3
India,Chhattisgarh,"PLFS Year (Jul - Jun), 2019",Rural,All Ages,Male,60,58.1,3.2
India,Chhattisgarh,"PLFS Year (Jul - Jun), 2019",Rural,All Ages,Female,44.6,44.1,1.1
India,Chhattisgarh,"PLFS Year (Jul - Jun), 2019",Rural,All Ages,Persons,52.4,51.2,2.3
India,Chhattisgarh,"PLFS Year (Jul - Jun), 2019",Urban,15-29 years,Male,63.3,48.2,23.8
India,Chhattisgarh,"PLFS Year (Jul - Jun), 2019",Urban,15-29 years,Female,22.2,16.5,25.7
India,Chhattisgarh,"PLFS Year (Jul - Jun), 2019",Urban,15-29 years,Persons,41.6,31.5,24.4
India,Chhattisgarh,"PLFS Year (Jul - Jun), 2019",Urban,15-59 years,Male,82.9,75.2,9.2
India,Chhattisgarh,"PLFS Year (Jul - Jun), 2019",Urban,15-59 years,Female,28.7,25.9,9.8
India,Chhattisgarh,"PLFS Year (Jul - Jun), 2019",Urban,15-59 years,Persons,55.3,50.1,9.4
India,Chhattisgarh,"PLFS Year (Jul - Jun), 2019",Urban,15 years and above,Male,78.9,72,8.6
India,Chhattisgarh,"PLFS Year (Jul - Jun), 2019",Urban,15 years and above,Female,26.4,23.9,9.4
India,Chhattisgarh,"PLFS Year (Jul - Jun), 2019",Urban,15 years and above,Persons,51.9,47.3,8.8
India,Chhattisgarh,"PLFS Year (Jul - Jun), 2019",Urban,All Ages,Male,61,55.7,8.6
India,Chhattisgarh,"PLFS Year (Jul - Jun), 2019",Urban,All Ages,Female,20.9,18.9,9.4
India,Chhattisgarh,"PLFS Year (Jul - Jun), 2019",Urban,All Ages,Persons,40.6,37,8.8
India,Chhattisgarh,"PLFS Year (Jul - Jun), 2019",Rural + Urban,15-29 years,Male,66.3,58.3,12
India,Chhattisgarh,"PLFS Year (Jul - Jun), 2019",Rural + Urban,15-29 years,Female,37.5,35,6.8
India,Chhattisgarh,"PLFS Year (Jul - Jun), 2019",Rural + Urban,15-29 years,Persons,51.9,46.6,10.1
India,Chhattisgarh,"PLFS Year (Jul - Jun), 2019",Rural + Urban,15-59 years,Male,84.7,80.9,4.5
India,Chhattisgarh,"PLFS Year (Jul - Jun), 2019",Rural + Urban,15-59 years,Female,56.8,55.6,2
India,Chhattisgarh,"PLFS Year (Jul - Jun), 2019",Rural + Urban,15-59 years,Persons,70.7,68.2,3.5
India,Chhattisgarh,"PLFS Year (Jul - Jun), 2019",Rural + Urban,15 years and above,Male,82.3,78.9,4.1
India,Chhattisgarh,"PLFS Year (Jul - Jun), 2019",Rural + Urban,15 years and above,Female,53.1,52.1,1.9
India,Chhattisgarh,"PLFS Year (Jul - Jun), 2019",Rural + Urban,15 years and above,Persons,67.6,65.4,3.3
India,Chhattisgarh,"PLFS Year (Jul - Jun), 2019",Rural + Urban,All Ages,Male,60.2,57.7,4.1
India,Chhattisgarh,"PLFS Year (Jul - Jun), 2019",Rural + Urban,All Ages,Female,40.2,39.5,1.9
India,Chhattisgarh,"PLFS Year (Jul - Jun), 2019",Rural + Urban,All Ages,Persons,50.3,48.7,3.3
India,Delhi,"PLFS Year (Jul - Jun), 2019",Rural,15-29 years,Male,59.7,55.2,7.5
India,Delhi,"PLFS Year (Jul - Jun), 2019",Rural,15-29 years,Female,0,0,0
India,Delhi,"PLFS Year (Jul - Jun), 2019",Rural,15-29 years,Persons,33.1,30.6,7.5
India,Delhi,"PLFS Year (Jul - Jun), 2019",Rural,15-59 years,Male,72.4,70.5,2.6
India,Delhi,"PLFS Year (Jul - Jun), 2019",Rural,15-59 years,Female,21.3,21.3,0
India,Delhi,"PLFS Year (Jul - Jun), 2019",Rural,15-59 years,Persons,47.4,46.4,2
India,Delhi,"PLFS Year (Jul - Jun), 2019",Rural,15 years and above,Male,68.4,66.7,2.5
India,Delhi,"PLFS Year (Jul - Jun), 2019",Rural,15 years and above,Female,21,21,0
India,Delhi,"PLFS Year (Jul - Jun), 2019",Rural,15 years and above,Persons,46.2,45.3,2
India,Delhi,"PLFS Year (Jul - Jun), 2019",Rural,All Ages,Male,42.6,41.5,2.5
India,Delhi,"PLFS Year (Jul - Jun), 2019",Rural,All Ages,Female,14.6,14.6,0
India,Delhi,"PLFS Year (Jul - Jun), 2019",Rural,All Ages,Persons,30.2,29.6,2
India,Delhi,"PLFS Year (Jul - Jun), 2019",Urban,15-29 years,Male,59,46,22.1
India,Delhi,"PLFS Year (Jul - Jun), 2019",Urban,15-29 years,Female,13.1,9.5,27.5
India,Delhi,"PLFS Year (Jul - Jun), 2019",Urban,15-29 years,Persons,39,30.1,22.9
India,Delhi,"PLFS Year (Jul - Jun), 2019",Urban,15-59 years,Male,79.9,72.8,8.9
India,Delhi,"PLFS Year (Jul - Jun), 2019",Urban,15-59 years,Female,17.2,15.4,10.8
India,Delhi,"PLFS Year (Jul - Jun), 2019",Urban,15-59 years,Persons,51.5,46.8,9.2
India,Delhi,"PLFS Year (Jul - Jun), 2019",Urban,15 years and above,Male,73.7,67.4,8.6
India,Delhi,"PLFS Year (Jul - Jun), 2019",Urban,15 years and above,Female,16,14.3,10.2
India,Delhi,"PLFS Year (Jul - Jun), 2019",Urban,15 years and above,Persons,47.4,43.2,8.8
India,Delhi,"PLFS Year (Jul - Jun), 2019",Urban,All Ages,Male,58.1,53,8.7
India,Delhi,"PLFS Year (Jul - Jun), 2019",Urban,All Ages,Female,12.7,11.4,10.2
India,Delhi,"PLFS Year (Jul - Jun), 2019",Urban,All Ages,Persons,37.5,34.1,8.9
India,Delhi,"PLFS Year (Jul - Jun), 2019",Rural + Urban,15-29 years,Male,59,46.3,21.6
India,Delhi,"PLFS Year (Jul - Jun), 2019",Rural + Urban,15-29 years,Female,12.7,9.2,27.5
India,Delhi,"PLFS Year (Jul - Jun), 2019",Rural + Urban,15-29 years,Persons,38.8,30.1,22.5
India,Delhi,"PLFS Year (Jul - Jun), 2019",Rural + Urban,15-59 years,Male,79.6,72.7,8.7
India,Delhi,"PLFS Year (Jul - Jun), 2019",Rural + Urban,15-59 years,Female,17.4,15.6,10.3
India,Delhi,"PLFS Year (Jul - Jun), 2019",Rural + Urban,15-59 years,Persons,51.3,46.7,9
India,Delhi,"PLFS Year (Jul - Jun), 2019",Rural + Urban,15 years and above,Male,73.5,67.4,8.4
India,Delhi,"PLFS Year (Jul - Jun), 2019",Rural + Urban,15 years and above,Female,16.1,14.5,9.8
India,Delhi,"PLFS Year (Jul - Jun), 2019",Rural + Urban,15 years and above,Persons,47.3,43.3,8.6
India,Delhi,"PLFS Year (Jul - Jun), 2019",Rural + Urban,All Ages,Male,57.5,52.6,8.5
India,Delhi,"PLFS Year (Jul - Jun), 2019",Rural + Urban,All Ages,Female,12.8,11.5,9.8
India,Delhi,"PLFS Year (Jul - Jun), 2019",Rural + Urban,All Ages,Persons,37.2,34,8.7
India,Goa,"PLFS Year (Jul - Jun), 2019",Rural,15-29 years,Male,64.1,52.8,17.6
India,Goa,"PLFS Year (Jul - Jun), 2019",Rural,15-29 years,Female,22.8,12.3,46.2
India,Goa,"PLFS Year (Jul - Jun), 2019",Rural,15-29 years,Persons,43,32.1,25.4
India,Goa,"PLFS Year (Jul - Jun), 2019",Rural,15-59 years,Male,82.8,77.9,5.9
India,Goa,"PLFS Year (Jul - Jun), 2019",Rural,15-59 years,Female,28.8,25,13.2
India,Goa,"PLFS Year (Jul - Jun), 2019",Rural,15-59 years,Persons,54.5,50.1,7.9
India,Goa,"PLFS Year (Jul - Jun), 2019",Rural,15 years and above,Male,76,71.7,5.7
India,Goa,"PLFS Year (Jul - Jun), 2019",Rural,15 years and above,Female,25.5,22.3,12.5
India,Goa,"PLFS Year (Jul - Jun), 2019",Rural,15 years and above,Persons,48.9,45.1,7.6
India,Goa,"PLFS Year (Jul - Jun), 2019",Rural,All Ages,Male,61,57.5,5.7
India,Goa,"PLFS Year (Jul - Jun), 2019",Rural,All Ages,Female,20.4,17.9,12.5
India,Goa,"PLFS Year (Jul - Jun), 2019",Rural,All Ages,Persons,39.1,36.1,7.6
India,Goa,"PLFS Year (Jul - Jun), 2019",Urban,15-29 years,Male,63.3,48.7,23
India,Goa,"PLFS Year (Jul - Jun), 2019",Urban,15-29 years,Female,37.7,27.2,27.9
India,Goa,"PLFS Year (Jul - Jun), 2019",Urban,15-29 years,Persons,50.1,37.6,24.9
India,Goa,"PLFS Year (Jul - Jun), 2019",Urban,15-59 years,Male,82.8,76.6,7.5
India,Goa,"PLFS Year (Jul - Jun), 2019",Urban,15-59 years,Female,33.8,29.7,12.1
India,Goa,"PLFS Year (Jul - Jun), 2019",Urban,15-59 years,Persons,58.8,53.6,8.8
India,Goa,"PLFS Year (Jul - Jun), 2019",Urban,15 years and above,Male,75.5,70.2,7.1
India,Goa,"PLFS Year (Jul - Jun), 2019",Urban,15 years and above,Female,30.1,26.6,11.6
India,Goa,"PLFS Year (Jul - Jun), 2019",Urban,15 years and above,Persons,53.1,48.7,8.4
India,Goa,"PLFS Year (Jul - Jun), 2019",Urban,All Ages,Male,58.8,54.6,7.1
India,Goa,"PLFS Year (Jul - Jun), 2019",Urban,All Ages,Female,24.1,21.3,11.6
India,Goa,"PLFS Year (Jul - Jun), 2019",Urban,All Ages,Persons,42,38.4,8.4
India,Goa,"PLFS Year (Jul - Jun), 2019",Rural + Urban,15-29 years,Male,63.6,50.4,20.8
India,Goa,"PLFS Year (Jul - Jun), 2019",Rural + Urban,15-29 years,Female,31.7,21.1,33.2
India,Goa,"PLFS Year (Jul - Jun), 2019",Rural + Urban,15-29 years,Persons,47.2,35.4,25.1
India,Goa,"PLFS Year (Jul - Jun), 2019",Rural + Urban,15-59 years,Male,82.8,77.1,6.9
India,Goa,"PLFS Year (Jul - Jun), 2019",Rural + Urban,15-59 years,Female,31.8,27.8,12.5
India,Goa,"PLFS Year (Jul - Jun), 2019",Rural + Urban,15-59 years,Persons,57.1,52.3,8.5
India,Goa,"PLFS Year (Jul - Jun), 2019",Rural + Urban,15 years and above,Male,75.7,70.7,6.6
India,Goa,"PLFS Year (Jul - Jun), 2019",Rural + Urban,15 years and above,Female,28.2,24.9,11.9
India,Goa,"PLFS Year (Jul - Jun), 2019",Rural + Urban,15 years and above,Persons,51.5,47.3,8.1
India,Goa,"PLFS Year (Jul - Jun), 2019",Rural + Urban,All Ages,Male,59.6,55.7,6.6
India,Goa,"PLFS Year (Jul - Jun), 2019",Rural + Urban,All Ages,Female,22.6,19.9,11.9
India,Goa,"PLFS Year (Jul - Jun), 2019",Rural + Urban,All Ages,Persons,40.9,37.6,8.1
India,Gujarat,"PLFS Year (Jul - Jun), 2019",Rural,15-29 years,Male,62.9,59.2,5.9
India,Gujarat,"PLFS Year (Jul - Jun), 2019",Rural,15-29 years,Female,27.7,27.5,0.4
India,Gujarat,"PLFS Year (Jul - Jun), 2019",Rural,15-29 years,Persons,46.7,44.6,4.4
India,Gujarat,"PLFS Year (Jul - Jun), 2019",Rural,15-59 years,Male,82.9,81.1,2.2
India,Gujarat,"PLFS Year (Jul - Jun), 2019",Rural,15-59 years,Female,43.6,43.6,0.1
India,Gujarat,"PLFS Year (Jul - Jun), 2019",Rural,15-59 years,Persons,64.1,63.1,1.5
India,Gujarat,"PLFS Year (Jul - Jun), 2019",Rural,15 years and above,Male,79.6,78,2
India,Gujarat,"PLFS Year (Jul - Jun), 2019",Rural,15 years and above,Female,39.4,39.4,0.1
India,Gujarat,"PLFS Year (Jul - Jun), 2019",Rural,15 years and above,Persons,60,59.2,1.4
India,Gujarat,"PLFS Year (Jul - Jun), 2019",Rural,All Ages,Male,60.7,59.5,2
India,Gujarat,"PLFS Year (Jul - Jun), 2019",Rural,All Ages,Female,29.7,29.6,0.1
India,Gujarat,"PLFS Year (Jul - Jun), 2019",Rural,All Ages,Persons,45.5,44.9,1.4
India,Gujarat,"PLFS Year (Jul - Jun), 2019",Urban,15-29 years,Male,64.9,60.3,7
India,Gujarat,"PLFS Year (Jul - Jun), 2019",Urban,15-29 years,Female,19.6,17.7,9.7
India,Gujarat,"PLFS Year (Jul - Jun), 2019",Urban,15-29 years,Persons,43,39.7,7.6
India,Gujarat,"PLFS Year (Jul - Jun), 2019",Urban,15-59 years,Male,83.9,81.3,3.1
India,Gujarat,"PLFS Year (Jul - Jun), 2019",Urban,15-59 years,Female,22.6,21.8,3.6
India,Gujarat,"PLFS Year (Jul - Jun), 2019",Urban,15-59 years,Persons,54.2,52.4,3.2
India,Gujarat,"PLFS Year (Jul - Jun), 2019",Urban,15 years and above,Male,79.1,76.8,2.9
India,Gujarat,"PLFS Year (Jul - Jun), 2019",Urban,15 years and above,Female,20.4,19.7,3.4
India,Gujarat,"PLFS Year (Jul - Jun), 2019",Urban,15 years and above,Persons,50.5,49,3
India,Gujarat,"PLFS Year (Jul - Jun), 2019",Urban,All Ages,Male,61.7,59.9,2.9
India,Gujarat,"PLFS Year (Jul - Jun), 2019",Urban,All Ages,Female,16.8,16.2,3.4
India,Gujarat,"PLFS Year (Jul - Jun), 2019",Urban,All Ages,Persons,40.4,39.2,3
India,Gujarat,"PLFS Year (Jul - Jun), 2019",Rural + Urban,15-29 years,Male,63.8,59.7,6.4
India,Gujarat,"PLFS Year (Jul - Jun), 2019",Rural + Urban,15-29 years,Female,24,23.1,3.8
India,Gujarat,"PLFS Year (Jul - Jun), 2019",Rural + Urban,15-29 years,Persons,45.1,42.5,5.8
India,Gujarat,"PLFS Year (Jul - Jun), 2019",Rural + Urban,15-59 years,Male,83.3,81.2,2.6
India,Gujarat,"PLFS Year (Jul - Jun), 2019",Rural + Urban,15-59 years,Female,34.2,33.8,1.1
India,Gujarat,"PLFS Year (Jul - Jun), 2019",Rural + Urban,15-59 years,Persons,59.6,58.3,2.2
India,Gujarat,"PLFS Year (Jul - Jun), 2019",Rural + Urban,15 years and above,Male,79.4,77.5,2.4
India,Gujarat,"PLFS Year (Jul - Jun), 2019",Rural + Urban,15 years and above,Female,31.1,30.7,1.1
India,Gujarat,"PLFS Year (Jul - Jun), 2019",Rural + Urban,15 years and above,Persons,55.9,54.7,2
India,Gujarat,"PLFS Year (Jul - Jun), 2019",Rural + Urban,All Ages,Male,61.1,59.7,2.4
India,Gujarat,"PLFS Year (Jul - Jun), 2019",Rural + Urban,All Ages,Female,24.3,24,1.1
India,Gujarat,"PLFS Year (Jul - Jun), 2019",Rural + Urban,All Ages,Persons,43.3,42.4,2
India,Haryana,"PLFS Year (Jul - Jun), 2019",Rural,15-29 years,Male,59.9,49,18.1
India,Haryana,"PLFS Year (Jul - Jun), 2019",Rural,15-29 years,Female,7.1,5.7,20.5
India,Haryana,"PLFS Year (Jul - Jun), 2019",Rural,15-29 years,Persons,34.3,28,18.4
India,Haryana,"PLFS Year (Jul - Jun), 2019",Rural,15-59 years,Male,79.7,74.2,6.9
India,Haryana,"PLFS Year (Jul - Jun), 2019",Rural,15-59 years,Female,15.1,14.4,5.2
India,Haryana,"PLFS Year (Jul - Jun), 2019",Rural,15-59 years,Persons,48.5,45.3,6.7
India,Haryana,"PLFS Year (Jul - Jun), 2019",Rural,15 years and above,Male,73.9,69.1,6.5
India,Haryana,"PLFS Year (Jul - Jun), 2019",Rural,15 years and above,Female,13.4,12.7,4.9
India,Haryana,"PLFS Year (Jul - Jun), 2019",Rural,15 years and above,Persons,44.2,41.4,6.3
India,Haryana,"PLFS Year (Jul - Jun), 2019",Rural,All Ages,Male,53.8,50.1,6.8
India,Haryana,"PLFS Year (Jul - Jun), 2019",Rural,All Ages,Female,10.1,9.6,4.9
India,Haryana,"PLFS Year (Jul - Jun), 2019",Rural,All Ages,Persons,32.8,30.7,6.5
India,Haryana,"PLFS Year (Jul - Jun), 2019",Urban,15-29 years,Male,59.8,51,14.6
India,Haryana,"PLFS Year (Jul - Jun), 2019",Urban,15-29 years,Female,17.6,13.4,24
India,Haryana,"PLFS Year (Jul - Jun), 2019",Urban,15-29 years,Persons,41.5,34.7,16.3
India,Haryana,"PLFS Year (Jul - Jun), 2019",Urban,15-59 years,Male,80.2,75.2,6.2
India,Haryana,"PLFS Year (Jul - Jun), 2019",Urban,15-59 years,Female,23.3,21.3,8.5
India,Haryana,"PLFS Year (Jul - Jun), 2019",Urban,15-59 years,Persons,54.4,50.7,6.7
India,Haryana,"PLFS Year (Jul - Jun), 2019",Urban,15 years and above,Male,73.3,68.9,6
India,Haryana,"PLFS Year (Jul - Jun), 2019",Urban,15 years and above,Female,20.2,18.5,8.4
India,Haryana,"PLFS Year (Jul - Jun), 2019",Urban,15 years and above,Persons,48.7,45.5,6.5
India,Haryana,"PLFS Year (Jul - Jun), 2019",Urban,All Ages,Male,55.8,52.5,6
India,Haryana,"PLFS Year (Jul - Jun), 2019",Urban,All Ages,Female,15.4,14.1,8.4
India,Haryana,"PLFS Year (Jul - Jun), 2019",Urban,All Ages,Persons,37.2,34.8,6.5
India,Haryana,"PLFS Year (Jul - Jun), 2019",Rural + Urban,15-29 years,Male,59.8,49.8,16.8
India,Haryana,"PLFS Year (Jul - Jun), 2019",Rural + Urban,15-29 years,Female,10.5,8.1,22.4
India,Haryana,"PLFS Year (Jul - Jun), 2019",Rural + Urban,15-29 years,Persons,36.8,30.3,17.6
India,Haryana,"PLFS Year (Jul - Jun), 2019",Rural + Urban,15-59 years,Male,79.9,74.6,6.6
India,Haryana,"PLFS Year (Jul - Jun), 2019",Rural + Urban,15-59 years,Female,18,16.8,6.7
India,Haryana,"PLFS Year (Jul - Jun), 2019",Rural + Urban,15-59 years,Persons,50.6,47.3,6.7
India,Haryana,"PLFS Year (Jul - Jun), 2019",Rural + Urban,15 years and above,Male,73.7,69,6.3
India,Haryana,"PLFS Year (Jul - Jun), 2019",Rural + Urban,15 years and above,Female,15.7,14.7,6.5
India,Haryana,"PLFS Year (Jul - Jun), 2019",Rural + Urban,15 years and above,Persons,45.8,42.9,6.4
India,Haryana,"PLFS Year (Jul - Jun), 2019",Rural + Urban,All Ages,Male,54.5,51,6.5
India,Haryana,"PLFS Year (Jul - Jun), 2019",Rural + Urban,All Ages,Female,11.9,11.2,6.5
India,Haryana,"PLFS Year (Jul - Jun), 2019",Rural + Urban,All Ages,Persons,34.3,32.1,6.5
India,Himachal Pradesh,"PLFS Year (Jul - Jun), 2019",Rural,15-29 years,Male,67.9,57.3,15.5
India,Himachal Pradesh,"PLFS Year (Jul - Jun), 2019",Rural,15-29 years,Female,54.1,49.4,8.8
India,Himachal Pradesh,"PLFS Year (Jul - Jun), 2019",Rural,15-29 years,Persons,61.1,53.5,12.6
India,Himachal Pradesh,"PLFS Year (Jul - Jun), 2019",Rural,15-59 years,Male,85.6,81.2,5.2
India,Himachal Pradesh,"PLFS Year (Jul - Jun), 2019",Rural,15-59 years,Female,74.3,72.4,2.6
India,Himachal Pradesh,"PLFS Year (Jul - Jun), 2019",Rural,15-59 years,Persons,79.8,76.7,3.9
India,Himachal Pradesh,"PLFS Year (Jul - Jun), 2019",Rural,15 years and above,Male,82.4,78.7,4.5
India,Himachal Pradesh,"PLFS Year (Jul - Jun), 2019",Rural,15 years and above,Female,68.2,66.7,2.3
India,Himachal Pradesh,"PLFS Year (Jul - Jun), 2019",Rural,15 years and above,Persons,75,72.4,3.4
India,Himachal Pradesh,"PLFS Year (Jul - Jun), 2019",Rural,All Ages,Male,64.5,61.6,4.4
India,Himachal Pradesh,"PLFS Year (Jul - Jun), 2019",Rural,All Ages,Female,54.7,53.5,2.3
India,Himachal Pradesh,"PLFS Year (Jul - Jun), 2019",Rural,All Ages,Persons,59.4,57.4,3.4
India,Himachal Pradesh,"PLFS Year (Jul - Jun), 2019",Urban,15-29 years,Male,64.8,57,12
India,Himachal Pradesh,"PLFS Year (Jul - Jun), 2019",Urban,15-29 years,Female,31.5,23.4,25.8
India,Himachal Pradesh,"PLFS Year (Jul - Jun), 2019",Urban,15-29 years,Persons,50,42.1,15.9
India,Himachal Pradesh,"PLFS Year (Jul - Jun), 2019",Urban,15-59 years,Male,82.5,78.8,4.4
India,Himachal Pradesh,"PLFS Year (Jul - Jun), 2019",Urban,15-59 years,Female,43.2,38.8,10.2
India,Himachal Pradesh,"PLFS Year (Jul - Jun), 2019",Urban,15-59 years,Persons,63.7,59.6,6.3
India,Himachal Pradesh,"PLFS Year (Jul - Jun), 2019",Urban,15 years and above,Male,79.5,76.2,4.1
India,Himachal Pradesh,"PLFS Year (Jul - Jun), 2019",Urban,15 years and above,Female,40.6,36.7,9.7
India,Himachal Pradesh,"PLFS Year (Jul - Jun), 2019",Urban,15 years and above,Persons,60.8,57.2,5.9
India,Himachal Pradesh,"PLFS Year (Jul - Jun), 2019",Urban,All Ages,Male,60.6,58.1,4.1
India,Himachal Pradesh,"PLFS Year (Jul - Jun), 2019",Urban,All Ages,Female,30.9,27.9,9.7
India,Himachal Pradesh,"PLFS Year (Jul - Jun), 2019",Urban,All Ages,Persons,46.3,43.5,5.9
India,Himachal Pradesh,"PLFS Year (Jul - Jun), 2019",Rural + Urban,15-29 years,Male,67.3,57.3,15
India,Himachal Pradesh,"PLFS Year (Jul - Jun), 2019",Rural + Urban,15-29 years,Female,50.9,45.7,10.3
India,Himachal Pradesh,"PLFS Year (Jul - Jun), 2019",Rural + Urban,15-29 years,Persons,59.4,51.7,13
India,Himachal Pradesh,"PLFS Year (Jul - Jun), 2019",Rural + Urban,15-59 years,Male,85.2,80.9,5.1
India,Himachal Pradesh,"PLFS Year (Jul - Jun), 2019",Rural + Urban,15-59 years,Female,70.3,68.1,3.2
India,Himachal Pradesh,"PLFS Year (Jul - Jun), 2019",Rural + Urban,15-59 years,Persons,77.6,74.4,4.2
India,Himachal Pradesh,"PLFS Year (Jul - Jun), 2019",Rural + Urban,15 years and above,Male,82,78.4,4.4
India,Himachal Pradesh,"PLFS Year (Jul - Jun), 2019",Rural + Urban,15 years and above,Female,65,63.1,2.8
India,Himachal Pradesh,"PLFS Year (Jul - Jun), 2019",Rural + Urban,15 years and above,Persons,73.2,70.5,3.7
India,Himachal Pradesh,"PLFS Year (Jul - Jun), 2019",Rural + Urban,All Ages,Male,63.9,61.1,4.4
India,Himachal Pradesh,"PLFS Year (Jul - Jun), 2019",Rural + Urban,All Ages,Female,51.8,50.3,2.8
India,Himachal Pradesh,"PLFS Year (Jul - Jun), 2019",Rural + Urban,All Ages,Persons,57.7,55.6,3.7
India,Jammu and Kashmir,"PLFS Year (Jul - Jun), 2019",Rural,15-29 years,Male,51.7,45.8,11.5
India,Jammu and Kashmir,"PLFS Year (Jul - Jun), 2019",Rural,15-29 years,Female,31.1,23.9,23.1
India,Jammu and Kashmir,"PLFS Year (Jul - Jun), 2019",Rural,15-29 years,Persons,42.2,35.7,15.5
India,Jammu and Kashmir,"PLFS Year (Jul - Jun), 2019",Rural,15-59 years,Male,76.8,73.8,3.9
India,Jammu and Kashmir,"PLFS Year (Jul - Jun), 2019",Rural,15-59 years,Female,43.4,39.6,8.8
India,Jammu and Kashmir,"PLFS Year (Jul - Jun), 2019",Rural,15-59 years,Persons,60.4,57,5.6
India,Jammu and Kashmir,"PLFS Year (Jul - Jun), 2019",Rural,15 years and above,Male,74.3,71.7,3.5
India,Jammu and Kashmir,"PLFS Year (Jul - Jun), 2019",Rural,15 years and above,Female,40.2,36.8,8.4
India,Jammu and Kashmir,"PLFS Year (Jul - Jun), 2019",Rural,15 years and above,Persons,57.7,54.7,5.2
India,Jammu and Kashmir,"PLFS Year (Jul - Jun), 2019",Rural,All Ages,Male,53.6,51.7,3.5
India,Jammu and Kashmir,"PLFS Year (Jul - Jun), 2019",Rural,All Ages,Female,30.3,27.7,8.4
India,Jammu and Kashmir,"PLFS Year (Jul - Jun), 2019",Rural,All Ages,Persons,42.5,40.3,5.2
India,Jammu and Kashmir,"PLFS Year (Jul - Jun), 2019",Urban,15-29 years,Male,55.5,44,20.6
India,Jammu and Kashmir,"PLFS Year (Jul - Jun), 2019",Urban,15-29 years,Female,31,15.9,48.7
India,Jammu and Kashmir,"PLFS Year (Jul - Jun), 2019",Urban,15-29 years,Persons,43.9,30.7,30
India,Jammu and Kashmir,"PLFS Year (Jul - Jun), 2019",Urban,15-59 years,Male,80.3,74,7.8
India,Jammu and Kashmir,"PLFS Year (Jul - Jun), 2019",Urban,15-59 years,Female,30.7,21.2,30.9
India,Jammu and Kashmir,"PLFS Year (Jul - Jun), 2019",Urban,15-59 years,Persons,55.6,47.8,14.1
India,Jammu and Kashmir,"PLFS Year (Jul - Jun), 2019",Urban,15 years and above,Male,74.2,68.9,7.1
India,Jammu and Kashmir,"PLFS Year (Jul - Jun), 2019",Urban,15 years and above,Female,27,18.9,29.9
India,Jammu and Kashmir,"PLFS Year (Jul - Jun), 2019",Urban,15 years and above,Persons,50.9,44.2,13
India,Jammu and Kashmir,"PLFS Year (Jul - Jun), 2019",Urban,All Ages,Male,57,52.9,7.2
India,Jammu and Kashmir,"PLFS Year (Jul - Jun), 2019",Urban,All Ages,Female,21.6,15.1,29.9
India,Jammu and Kashmir,"PLFS Year (Jul - Jun), 2019",Urban,All Ages,Persons,39.9,34.6,13.2
India,Jammu and Kashmir,"PLFS Year (Jul - Jun), 2019",Rural + Urban,15-29 years,Male,52.4,45.5,13.3
India,Jammu and Kashmir,"PLFS Year (Jul - Jun), 2019",Rural + Urban,15-29 years,Female,31.1,22.4,27.9
India,Jammu and Kashmir,"PLFS Year (Jul - Jun), 2019",Rural + Urban,15-29 years,Persons,42.5,34.7,18.3
India,Jammu and Kashmir,"PLFS Year (Jul - Jun), 2019",Rural + Urban,15-59 years,Male,77.5,73.8,4.7
India,Jammu and Kashmir,"PLFS Year (Jul - Jun), 2019",Rural + Urban,15-59 years,Female,40.8,35.9,12.2
India,Jammu and Kashmir,"PLFS Year (Jul - Jun), 2019",Rural + Urban,15-59 years,Persons,59.4,55.1,7.2
India,Jammu and Kashmir,"PLFS Year (Jul - Jun), 2019",Rural + Urban,15 years and above,Male,74.3,71.2,4.2
India,Jammu and Kashmir,"PLFS Year (Jul - Jun), 2019",Rural + Urban,15 years and above,Female,37.4,33.1,11.6
India,Jammu and Kashmir,"PLFS Year (Jul - Jun), 2019",Rural + Urban,15 years and above,Persons,56.3,52.5,6.7
India,Jammu and Kashmir,"PLFS Year (Jul - Jun), 2019",Rural + Urban,All Ages,Male,54.3,52,4.3
India,Jammu and Kashmir,"PLFS Year (Jul - Jun), 2019",Rural + Urban,All Ages,Female,28.5,25.2,11.6
India,Jammu and Kashmir,"PLFS Year (Jul - Jun), 2019",Rural + Urban,All Ages,Persons,42,39.2,6.7
India,Jharkhand,"PLFS Year (Jul - Jun), 2019",Rural,15-29 years,Male,62.5,54.6,12.6
India,Jharkhand,"PLFS Year (Jul - Jun), 2019",Rural,15-29 years,Female,28.5,28.1,1.4
India,Jharkhand,"PLFS Year (Jul - Jun), 2019",Rural,15-29 years,Persons,44.4,40.5,8.8
India,Jharkhand,"PLFS Year (Jul - Jun), 2019",Rural,15-59 years,Male,83.1,78.9,5
India,Jharkhand,"PLFS Year (Jul - Jun), 2019",Rural,15-59 years,Female,44.8,44.7,0.4
India,Jharkhand,"PLFS Year (Jul - Jun), 2019",Rural,15-59 years,Persons,63.3,61.2,3.3
India,Jharkhand,"PLFS Year (Jul - Jun), 2019",Rural,15 years and above,Male,78.6,75,4.5
India,Jharkhand,"PLFS Year (Jul - Jun), 2019",Rural,15 years and above,Female,41.2,41.1,0.4
India,Jharkhand,"PLFS Year (Jul - Jun), 2019",Rural,15 years and above,Persons,59.3,57.5,3.1
India,Jharkhand,"PLFS Year (Jul - Jun), 2019",Rural,All Ages,Male,51.8,49.5,4.5
India,Jharkhand,"PLFS Year (Jul - Jun), 2019",Rural,All Ages,Female,29.3,29.2,0.4
India,Jharkhand,"PLFS Year (Jul - Jun), 2019",Rural,All Ages,Persons,40.6,39.4,3
India,Jharkhand,"PLFS Year (Jul - Jun), 2019",Urban,15-29 years,Male,55.7,43.8,21.4
India,Jharkhand,"PLFS Year (Jul - Jun), 2019",Urban,15-29 years,Female,14.7,11,24.8
India,Jharkhand,"PLFS Year (Jul - Jun), 2019",Urban,15-29 years,Persons,36.8,28.7,22
India,Jharkhand,"PLFS Year (Jul - Jun), 2019",Urban,15-59 years,Male,76.3,68.5,10.2
India,Jharkhand,"PLFS Year (Jul - Jun), 2019",Urban,15-59 years,Female,17.4,15.7,9.9
India,Jharkhand,"PLFS Year (Jul - Jun), 2019",Urban,15-59 years,Persons,47.9,43,10.2
India,Jharkhand,"PLFS Year (Jul - Jun), 2019",Urban,15 years and above,Male,71.5,64.6,9.6
India,Jharkhand,"PLFS Year (Jul - Jun), 2019",Urban,15 years and above,Female,15.5,14,9.8
India,Jharkhand,"PLFS Year (Jul - Jun), 2019",Urban,15 years and above,Persons,44.4,40.1,9.7
India,Jharkhand,"PLFS Year (Jul - Jun), 2019",Urban,All Ages,Male,53.8,48.6,9.6
India,Jharkhand,"PLFS Year (Jul - Jun), 2019",Urban,All Ages,Female,12.5,11.3,9.5
India,Jharkhand,"PLFS Year (Jul - Jun), 2019",Urban,All Ages,Persons,34.1,30.9,9.6
India,Jharkhand,"PLFS Year (Jul - Jun), 2019",Rural + Urban,15-29 years,Male,60.6,51.7,14.8
India,Jharkhand,"PLFS Year (Jul - Jun), 2019",Rural + Urban,15-29 years,Female,25.4,24.3,4.4
India,Jharkhand,"PLFS Year (Jul - Jun), 2019",Rural + Urban,15-29 years,Persons,42.5,37.6,11.6
India,Jharkhand,"PLFS Year (Jul - Jun), 2019",Rural + Urban,15-59 years,Male,81.4,76.4,6.2
India,Jharkhand,"PLFS Year (Jul - Jun), 2019",Rural + Urban,15-59 years,Female,38.9,38.3,1.3
India,Jharkhand,"PLFS Year (Jul - Jun), 2019",Rural + Urban,15-59 years,Persons,59.8,57,4.6
India,Jharkhand,"PLFS Year (Jul - Jun), 2019",Rural + Urban,15 years and above,Male,76.9,72.5,5.7
India,Jharkhand,"PLFS Year (Jul - Jun), 2019",Rural + Urban,15 years and above,Female,35.7,35.2,1.3
India,Jharkhand,"PLFS Year (Jul - Jun), 2019",Rural + Urban,15 years and above,Persons,55.9,53.6,4.2
India,Jharkhand,"PLFS Year (Jul - Jun), 2019",Rural + Urban,All Ages,Male,52.3,49.3,5.6
India,Jharkhand,"PLFS Year (Jul - Jun), 2019",Rural + Urban,All Ages,Female,25.9,25.6,1.3
India,Jharkhand,"PLFS Year (Jul - Jun), 2019",Rural + Urban,All Ages,Persons,39.3,37.6,4.2
India,Karnataka,"PLFS Year (Jul - Jun), 2019",Rural,15-29 years,Male,68.6,62.1,9.5
India,Karnataka,"PLFS Year (Jul - Jun), 2019",Rural,15-29 years,Female,29.1,26.4,9.1
India,Karnataka,"PLFS Year (Jul - Jun), 2019",Rural,15-29 years,Persons,49.4,44.8,9.4
India,Karnataka,"PLFS Year (Jul - Jun), 2019",Rural,15-59 years,Male,85.8,82.9,3.3
India,Karnataka,"PLFS Year (Jul - Jun), 2019",Rural,15-59 years,Female,45.6,44.5,2.3
India,Karnataka,"PLFS Year (Jul - Jun), 2019",Rural,15-59 years,Persons,65.8,63.8,3
India,Karnataka,"PLFS Year (Jul - Jun), 2019",Rural,15 years and above,Male,80.2,77.8,3
India,Karnataka,"PLFS Year (Jul - Jun), 2019",Rural,15 years and above,Female,39.9,39,2.2
India,Karnataka,"PLFS Year (Jul - Jun), 2019",Rural,15 years and above,Persons,59.9,58.2,2.7
India,Karnataka,"PLFS Year (Jul - Jun), 2019",Rural,All Ages,Male,61.8,59.9,3
India,Karnataka,"PLFS Year (Jul - Jun), 2019",Rural,All Ages,Female,31.1,30.4,2.2
India,Karnataka,"PLFS Year (Jul - Jun), 2019",Rural,All Ages,Persons,46.4,45.2,2.7
India,Karnataka,"PLFS Year (Jul - Jun), 2019",Urban,15-29 years,Male,55.8,48.7,12.8
India,Karnataka,"PLFS Year (Jul - Jun), 2019",Urban,15-29 years,Female,27.6,16.3,41.1
India,Karnataka,"PLFS Year (Jul - Jun), 2019",Urban,15-29 years,Persons,41.7,32.5,22.1
India,Karnataka,"PLFS Year (Jul - Jun), 2019",Urban,15-59 years,Male,81.2,77.9,4.1
India,Karnataka,"PLFS Year (Jul - Jun), 2019",Urban,15-59 years,Female,27.5,23.1,16
India,Karnataka,"PLFS Year (Jul - Jun), 2019",Urban,15-59 years,Persons,54.2,50.3,7.1
India,Karnataka,"PLFS Year (Jul - Jun), 2019",Urban,15 years and above,Male,73.5,70.7,3.9
India,Karnataka,"PLFS Year (Jul - Jun), 2019",Urban,15 years and above,Female,25,21.1,15.4
India,Karnataka,"PLFS Year (Jul - Jun), 2019",Urban,15 years and above,Persons,49.3,45.9,6.9
India,Karnataka,"PLFS Year (Jul - Jun), 2019",Urban,All Ages,Male,58.4,56.1,3.9
India,Karnataka,"PLFS Year (Jul - Jun), 2019",Urban,All Ages,Female,20,16.9,15.4
India,Karnataka,"PLFS Year (Jul - Jun), 2019",Urban,All Ages,Persons,39.2,36.6,6.8
India,Karnataka,"PLFS Year (Jul - Jun), 2019",Rural + Urban,15-29 years,Male,63.5,56.7,10.7
India,Karnataka,"PLFS Year (Jul - Jun), 2019",Rural + Urban,15-29 years,Female,28.5,22.2,22
India,Karnataka,"PLFS Year (Jul - Jun), 2019",Rural + Urban,15-29 years,Persons,46.3,39.8,14.1
India,Karnataka,"PLFS Year (Jul - Jun), 2019",Rural + Urban,15-59 years,Male,83.8,80.8,3.7
India,Karnataka,"PLFS Year (Jul - Jun), 2019",Rural + Urban,15-59 years,Female,37.8,35.3,6.6
India,Karnataka,"PLFS Year (Jul - Jun), 2019",Rural + Urban,15-59 years,Persons,60.8,58,4.6
India,Karnataka,"PLFS Year (Jul - Jun), 2019",Rural + Urban,15 years and above,Male,77.4,74.8,3.4
India,Karnataka,"PLFS Year (Jul - Jun), 2019",Rural + Urban,15 years and above,Female,33.8,31.7,6.2
India,Karnataka,"PLFS Year (Jul - Jun), 2019",Rural + Urban,15 years and above,Persons,55.5,53.1,4.2
India,Karnataka,"PLFS Year (Jul - Jun), 2019",Rural + Urban,All Ages,Male,60.4,58.4,3.4
India,Karnataka,"PLFS Year (Jul - Jun), 2019",Rural + Urban,All Ages,Female,26.6,24.9,6.2
India,Karnataka,"PLFS Year (Jul - Jun), 2019",Rural + Urban,All Ages,Persons,43.5,41.7,4.2
India,Kerala,"PLFS Year (Jul - Jun), 2019",Rural,15-29 years,Male,55.6,40.7,26.8
India,Kerala,"PLFS Year (Jul - Jun), 2019",Rural,15-29 years,Female,26.2,10.9,58.3
India,Kerala,"PLFS Year (Jul - Jun), 2019",Rural,15-29 years,Persons,40.9,25.8,36.9
India,Kerala,"PLFS Year (Jul - Jun), 2019",Rural,15-59 years,Male,80.6,73.5,8.9
India,Kerala,"PLFS Year (Jul - Jun), 2019",Rural,15-59 years,Female,39.8,33.5,15.9
India,Kerala,"PLFS Year (Jul - Jun), 2019",Rural,15-59 years,Persons,58.4,51.7,11.5
India,Kerala,"PLFS Year (Jul - Jun), 2019",Rural,15 years and above,Male,73.6,68.2,7.3
India,Kerala,"PLFS Year (Jul - Jun), 2019",Rural,15 years and above,Female,35.1,30.3,13.8
India,Kerala,"PLFS Year (Jul - Jun), 2019",Rural,15 years and above,Persons,52.8,47.7,9.7
India,Kerala,"PLFS Year (Jul - Jun), 2019",Rural,All Ages,Male,57.9,53.7,7.3
India,Kerala,"PLFS Year (Jul - Jun), 2019",Rural,All Ages,Female,29.4,25.3,13.8
India,Kerala,"PLFS Year (Jul - Jun), 2019",Rural,All Ages,Persons,42.9,38.7,9.7
India,Kerala,"PLFS Year (Jul - Jun), 2019",Urban,15-29 years,Male,52.9,39.1,26.2
India,Kerala,"PLFS Year (Jul - Jun), 2019",Urban,15-29 years,Female,25.4,13,48.9
India,Kerala,"PLFS Year (Jul - Jun), 2019",Urban,15-29 years,Persons,38.8,25.7,33.8
India,Kerala,"PLFS Year (Jul - Jun), 2019",Urban,15-59 years,Male,79.1,72.4,8.5
India,Kerala,"PLFS Year (Jul - Jun), 2019",Urban,15-59 years,Female,33.5,27.3,18.5
India,Kerala,"PLFS Year (Jul - Jun), 2019",Urban,15-59 years,Persons,54.6,48.2,11.8
India,Kerala,"PLFS Year (Jul - Jun), 2019",Urban,15 years and above,Male,69.8,64.7,7.4
India,Kerala,"PLFS Year (Jul - Jun), 2019",Urban,15 years and above,Female,28.6,23.8,16.7
India,Kerala,"PLFS Year (Jul - Jun), 2019",Urban,15 years and above,Persons,47.7,42.7,10.4
India,Kerala,"PLFS Year (Jul - Jun), 2019",Urban,All Ages,Male,54.9,50.8,7.5
India,Kerala,"PLFS Year (Jul - Jun), 2019",Urban,All Ages,Female,23.2,19.3,16.7
India,Kerala,"PLFS Year (Jul - Jun), 2019",Urban,All Ages,Persons,38.1,34.2,10.4
India,Kerala,"PLFS Year (Jul - Jun), 2019",Rural + Urban,15-29 years,Male,54.3,39.9,26.5
India,Kerala,"PLFS Year (Jul - Jun), 2019",Rural + Urban,15-29 years,Female,25.8,11.9,53.7
India,Kerala,"PLFS Year (Jul - Jun), 2019",Rural + Urban,15-29 years,Persons,39.8,25.7,35.4
India,Kerala,"PLFS Year (Jul - Jun), 2019",Rural + Urban,15-59 years,Male,79.9,72.9,8.7
India,Kerala,"PLFS Year (Jul - Jun), 2019",Rural + Urban,15-59 years,Female,36.7,30.5,17.1
India,Kerala,"PLFS Year (Jul - Jun), 2019",Rural + Urban,15-59 years,Persons,56.5,50,11.6
India,Kerala,"PLFS Year (Jul - Jun), 2019",Rural + Urban,15 years and above,Male,71.7,66.5,7.4
India,Kerala,"PLFS Year (Jul - Jun), 2019",Rural + Urban,15 years and above,Female,31.9,27.1,15.1
India,Kerala,"PLFS Year (Jul - Jun), 2019",Rural + Urban,15 years and above,Persons,50.3,45.3,10
India,Kerala,"PLFS Year (Jul - Jun), 2019",Rural + Urban,All Ages,Male,56.4,52.2,7.4
India,Kerala,"PLFS Year (Jul - Jun), 2019",Rural + Urban,All Ages,Female,26.3,22.4,15.1
India,Kerala,"PLFS Year (Jul - Jun), 2019",Rural + Urban,All Ages,Persons,40.5,36.5,10
India,Ladakh,"PLFS Year (Jul - Jun), 2019",Rural,15-29 years,Male,39.1,39.1,0
India,Ladakh,"PLFS Year (Jul - Jun), 2019",Rural,15-29 years,Female,38.3,38.3,0
India,Ladakh,"PLFS Year (Jul - Jun), 2019",Rural,15-29 years,Persons,38.8,38.8,0
India,Ladakh,"PLFS Year (Jul - Jun), 2019",Rural,15-59 years,Male,75.2,75.2,0
India,Ladakh,"PLFS Year (Jul - Jun), 2019",Rural,15-59 years,Female,58.2,58.2,0
India,Ladakh,"PLFS Year (Jul - Jun), 2019",Rural,15-59 years,Persons,67.6,67.6,0
India,Ladakh,"PLFS Year (Jul - Jun), 2019",Rural,15 years and above,Male,72.2,72.2,0
India,Ladakh,"PLFS Year (Jul - Jun), 2019",Rural,15 years and above,Female,52.4,52.4,0
India,Ladakh,"PLFS Year (Jul - Jun), 2019",Rural,15 years and above,Persons,63.1,63.1,0
India,Ladakh,"PLFS Year (Jul - Jun), 2019",Rural,All Ages,Male,51.1,51.1,0
India,Ladakh,"PLFS Year (Jul - Jun), 2019",Rural,All Ages,Female,39.1,39.1,0
India,Ladakh,"PLFS Year (Jul - Jun), 2019",Rural,All Ages,Persons,45.8,45.8,0
India,Ladakh,"PLFS Year (Jul - Jun), 2019",Urban,15-29 years,Male,48.8,48.8,0
India,Ladakh,"PLFS Year (Jul - Jun), 2019",Urban,15-29 years,Female,19.8,19.8,0
India,Ladakh,"PLFS Year (Jul - Jun), 2019",Urban,15-29 years,Persons,33.3,33.3,0
India,Ladakh,"PLFS Year (Jul - Jun), 2019",Urban,15-59 years,Male,82.8,81.5,1.5
India,Ladakh,"PLFS Year (Jul - Jun), 2019",Urban,15-59 years,Female,46.7,46.7,0
India,Ladakh,"PLFS Year (Jul - Jun), 2019",Urban,15-59 years,Persons,65.8,65.1,1
India,Ladakh,"PLFS Year (Jul - Jun), 2019",Urban,15 years and above,Male,77,75.8,1.5
India,Ladakh,"PLFS Year (Jul - Jun), 2019",Urban,15 years and above,Female,43.2,43.2,0
India,Ladakh,"PLFS Year (Jul - Jun), 2019",Urban,15 years and above,Persons,61.2,60.6,1
India,Ladakh,"PLFS Year (Jul - Jun), 2019",Urban,All Ages,Male,57.5,56.7,1.5
India,Ladakh,"PLFS Year (Jul - Jun), 2019",Urban,All Ages,Female,31.2,31.2,0
India,Ladakh,"PLFS Year (Jul - Jun), 2019",Urban,All Ages,Persons,45,44.6,1
India,Ladakh,"PLFS Year (Jul - Jun), 2019",Rural + Urban,15-29 years,Male,40,40,0
India,Ladakh,"PLFS Year (Jul - Jun), 2019",Rural + Urban,15-29 years,Female,35.5,35.5,0
India,Ladakh,"PLFS Year (Jul - Jun), 2019",Rural + Urban,15-29 years,Persons,38.1,38.1,0
India,Ladakh,"PLFS Year (Jul - Jun), 2019",Rural + Urban,15-59 years,Male,76.2,76.1,0.2
India,Ladakh,"PLFS Year (Jul - Jun), 2019",Rural + Urban,15-59 years,Female,56.6,56.6,0
India,Ladakh,"PLFS Year (Jul - Jun), 2019",Rural + Urban,15-59 years,Persons,67.3,67.2,0.1
India,Ladakh,"PLFS Year (Jul - Jun), 2019",Rural + Urban,15 years and above,Male,72.8,72.6,0.2
India,Ladakh,"PLFS Year (Jul - Jun), 2019",Rural + Urban,15 years and above,Female,51.1,51.1,0
India,Ladakh,"PLFS Year (Jul - Jun), 2019",Rural + Urban,15 years and above,Persons,62.8,62.7,0.1
India,Ladakh,"PLFS Year (Jul - Jun), 2019",Rural + Urban,All Ages,Male,51.9,51.8,0.2
India,Ladakh,"PLFS Year (Jul - Jun), 2019",Rural + Urban,All Ages,Female,38,38,0
India,Ladakh,"PLFS Year (Jul - Jun), 2019",Rural + Urban,All Ages,Persons,45.7,45.6,0.1
India,Lakshadweep,"PLFS Year (Jul - Jun), 2019",Rural,15-29 years,Male,69.8,68.3,2.1
India,Lakshadweep,"PLFS Year (Jul - Jun), 2019",Rural,15-29 years,Female,56,2,96.4
India,Lakshadweep,"PLFS Year (Jul - Jun), 2019",Rural,15-29 years,Persons,64.7,44.1,31.9
India,Lakshadweep,"PLFS Year (Jul - Jun), 2019",Rural,15-59 years,Male,87.7,87.1,0.7
India,Lakshadweep,"PLFS Year (Jul - Jun), 2019",Rural,15-59 years,Female,49,31,36.7
India,Lakshadweep,"PLFS Year (Jul - Jun), 2019",Rural,15-59 years,Persons,71.8,64.1,10.8
India,Lakshadweep,"PLFS Year (Jul - Jun), 2019",Rural,15 years and above,Male,79.3,78.8,0.7
India,Lakshadweep,"PLFS Year (Jul - Jun), 2019",Rural,15 years and above,Female,41.1,26,36.7
India,Lakshadweep,"PLFS Year (Jul - Jun), 2019",Rural,15 years and above,Persons,63,56.2,10.7
India,Lakshadweep,"PLFS Year (Jul - Jun), 2019",Rural,All Ages,Male,69.7,69.3,0.7
India,Lakshadweep,"PLFS Year (Jul - Jun), 2019",Rural,All Ages,Female,35.3,22.4,36.7
India,Lakshadweep,"PLFS Year (Jul - Jun), 2019",Rural,All Ages,Persons,54.9,49,10.7
India,Lakshadweep,"PLFS Year (Jul - Jun), 2019",Urban,15-29 years,Male,81.3,54.9,32.4
India,Lakshadweep,"PLFS Year (Jul - Jun), 2019",Urban,15-29 years,Female,23.6,10.5,55.6
India,Lakshadweep,"PLFS Year (Jul - Jun), 2019",Urban,15-29 years,Persons,51.9,32.3,37.8
India,Lakshadweep,"PLFS Year (Jul - Jun), 2019",Urban,15-59 years,Male,91.7,78.4,14.4
India,Lakshadweep,"PLFS Year (Jul - Jun), 2019",Urban,15-59 years,Female,29.5,24.5,17
India,Lakshadweep,"PLFS Year (Jul - Jun), 2019",Urban,15-59 years,Persons,58.7,49.8,15.1
India,Lakshadweep,"PLFS Year (Jul - Jun), 2019",Urban,15 years and above,Male,81.9,70.5,13.9
India,Lakshadweep,"PLFS Year (Jul - Jun), 2019",Urban,15 years and above,Female,27,22.4,17
India,Lakshadweep,"PLFS Year (Jul - Jun), 2019",Urban,15 years and above,Persons,53.5,45.7,14.7
India,Lakshadweep,"PLFS Year (Jul - Jun), 2019",Urban,All Ages,Male,64.9,55.8,13.9
India,Lakshadweep,"PLFS Year (Jul - Jun), 2019",Urban,All Ages,Female,20.3,16.8,17
India,Lakshadweep,"PLFS Year (Jul - Jun), 2019",Urban,All Ages,Persons,41.3,35.2,14.7
India,Lakshadweep,"PLFS Year (Jul - Jun), 2019",Rural + Urban,15-29 years,Male,78.1,58.7,24.8
India,Lakshadweep,"PLFS Year (Jul - Jun), 2019",Rural + Urban,15-29 years,Female,29.4,9,69.5
India,Lakshadweep,"PLFS Year (Jul - Jun), 2019",Rural + Urban,15-29 years,Persons,54.9,35,36.2
India,Lakshadweep,"PLFS Year (Jul - Jun), 2019",Rural + Urban,15-59 years,Male,90.6,80.7,11
India,Lakshadweep,"PLFS Year (Jul - Jun), 2019",Rural + Urban,15-59 years,Female,33,25.7,22.2
India,Lakshadweep,"PLFS Year (Jul - Jun), 2019",Rural + Urban,15-59 years,Persons,61.5,52.9,14
India,Lakshadweep,"PLFS Year (Jul - Jun), 2019",Rural + Urban,15 years and above,Male,81.2,72.6,10.6
India,Lakshadweep,"PLFS Year (Jul - Jun), 2019",Rural + Urban,15 years and above,Female,29.7,23.1,22.2
India,Lakshadweep,"PLFS Year (Jul - Jun), 2019",Rural + Urban,15 years and above,Persons,55.6,48,13.7
India,Lakshadweep,"PLFS Year (Jul - Jun), 2019",Rural + Urban,All Ages,Male,66,59,10.6
India,Lakshadweep,"PLFS Year (Jul - Jun), 2019",Rural + Urban,All Ages,Female,22.8,17.8,22.2
India,Lakshadweep,"PLFS Year (Jul - Jun), 2019",Rural + Urban,All Ages,Persons,44,38,13.7
India,Madhya Pradesh,"PLFS Year (Jul - Jun), 2019",Rural,15-29 years,Male,70.3,65.9,6.2
India,Madhya Pradesh,"PLFS Year (Jul - Jun), 2019",Rural,15-29 years,Female,27,26.4,2.2
India,Madhya Pradesh,"PLFS Year (Jul - Jun), 2019",Rural,15-29 years,Persons,49.8,47.2,5.2
India,Madhya Pradesh,"PLFS Year (Jul - Jun), 2019",Rural,15-59 years,Male,85,82.9,2.6
India,Madhya Pradesh,"PLFS Year (Jul - Jun), 2019",Rural,15-59 years,Female,47,46.8,0.6
India,Madhya Pradesh,"PLFS Year (Jul - Jun), 2019",Rural,15-59 years,Persons,66.7,65.4,1.9
India,Madhya Pradesh,"PLFS Year (Jul - Jun), 2019",Rural,15 years and above,Male,81.7,79.8,2.3
India,Madhya Pradesh,"PLFS Year (Jul - Jun), 2019",Rural,15 years and above,Female,43.2,42.9,0.5
India,Madhya Pradesh,"PLFS Year (Jul - Jun), 2019",Rural,15 years and above,Persons,62.9,61.8,1.7
India,Madhya Pradesh,"PLFS Year (Jul - Jun), 2019",Rural,All Ages,Male,59.9,58.5,2.3
India,Madhya Pradesh,"PLFS Year (Jul - Jun), 2019",Rural,All Ages,Female,31.5,31.4,0.5
India,Madhya Pradesh,"PLFS Year (Jul - Jun), 2019",Rural,All Ages,Persons,46.1,45.3,1.7
India,Madhya Pradesh,"PLFS Year (Jul - Jun), 2019",Urban,15-29 years,Male,62.1,50.8,18.3
India,Madhya Pradesh,"PLFS Year (Jul - Jun), 2019",Urban,15-29 years,Female,14.2,10.9,23.7
India,Madhya Pradesh,"PLFS Year (Jul - Jun), 2019",Urban,15-29 years,Persons,40.3,32.6,19.2
India,Madhya Pradesh,"PLFS Year (Jul - Jun), 2019",Urban,15-59 years,Male,81.3,75,7.7
India,Madhya Pradesh,"PLFS Year (Jul - Jun), 2019",Urban,15-59 years,Female,25.6,24.1,5.6
India,Madhya Pradesh,"PLFS Year (Jul - Jun), 2019",Urban,15-59 years,Persons,54.7,50.7,7.2
India,Madhya Pradesh,"PLFS Year (Jul - Jun), 2019",Urban,15 years and above,Male,75.7,70.1,7.4
India,Madhya Pradesh,"PLFS Year (Jul - Jun), 2019",Urban,15 years and above,Female,23.3,22,5.3
India,Madhya Pradesh,"PLFS Year (Jul - Jun), 2019",Urban,15 years and above,Persons,50.3,46.9,6.9
India,Madhya Pradesh,"PLFS Year (Jul - Jun), 2019",Urban,All Ages,Male,57.1,52.9,7.4
India,Madhya Pradesh,"PLFS Year (Jul - Jun), 2019",Urban,All Ages,Female,18.2,17.2,5.5
India,Madhya Pradesh,"PLFS Year (Jul - Jun), 2019",Urban,All Ages,Persons,38.6,35.9,7
India,Madhya Pradesh,"PLFS Year (Jul - Jun), 2019",Rural + Urban,15-29 years,Male,68,61.7,9.3
India,Madhya Pradesh,"PLFS Year (Jul - Jun), 2019",Rural + Urban,15-29 years,Female,23.7,22.3,5.6
India,Madhya Pradesh,"PLFS Year (Jul - Jun), 2019",Rural + Urban,15-29 years,Persons,47.2,43.3,8.4
India,Madhya Pradesh,"PLFS Year (Jul - Jun), 2019",Rural + Urban,15-59 years,Male,84,80.7,4
India,Madhya Pradesh,"PLFS Year (Jul - Jun), 2019",Rural + Urban,15-59 years,Female,41.1,40.5,1.4
India,Madhya Pradesh,"PLFS Year (Jul - Jun), 2019",Rural + Urban,15-59 years,Persons,63.3,61.3,3.2
India,Madhya Pradesh,"PLFS Year (Jul - Jun), 2019",Rural + Urban,15 years and above,Male,80,77.1,3.7
India,Madhya Pradesh,"PLFS Year (Jul - Jun), 2019",Rural + Urban,15 years and above,Female,37.7,37.2,1.4
India,Madhya Pradesh,"PLFS Year (Jul - Jun), 2019",Rural + Urban,15 years and above,Persons,59.4,57.7,3
India,Madhya Pradesh,"PLFS Year (Jul - Jun), 2019",Rural + Urban,All Ages,Male,59.1,57,3.7
India,Madhya Pradesh,"PLFS Year (Jul - Jun), 2019",Rural + Urban,All Ages,Female,28,27.6,1.4
India,Madhya Pradesh,"PLFS Year (Jul - Jun), 2019",Rural + Urban,All Ages,Persons,44.1,42.8,3
India,Maharashtra,"PLFS Year (Jul - Jun), 2019",Rural,15-29 years,Male,56.8,51,10.2
India,Maharashtra,"PLFS Year (Jul - Jun), 2019",Rural,15-29 years,Female,24.8,23.3,6
India,Maharashtra,"PLFS Year (Jul - Jun), 2019",Rural,15-29 years,Persons,42.4,38.5,9.1
India,Maharashtra,"PLFS Year (Jul - Jun), 2019",Rural,15-59 years,Male,80.8,77.9,3.6
India,Maharashtra,"PLFS Year (Jul - Jun), 2019",Rural,15-59 years,Female,53.1,52.4,1.3
India,Maharashtra,"PLFS Year (Jul - Jun), 2019",Rural,15-59 years,Persons,67.5,65.7,2.7
India,Maharashtra,"PLFS Year (Jul - Jun), 2019",Rural,15 years and above,Male,76.9,74.4,3.2
India,Maharashtra,"PLFS Year (Jul - Jun), 2019",Rural,15 years and above,Female,48.4,47.8,1.1
India,Maharashtra,"PLFS Year (Jul - Jun), 2019",Rural,15 years and above,Persons,63,61.5,2.4
India,Maharashtra,"PLFS Year (Jul - Jun), 2019",Rural,All Ages,Male,59.1,57.2,3.2
India,Maharashtra,"PLFS Year (Jul - Jun), 2019",Rural,All Ages,Female,37.9,37.4,1.1
India,Maharashtra,"PLFS Year (Jul - Jun), 2019",Rural,All Ages,Persons,48.9,47.7,2.5
India,Maharashtra,"PLFS Year (Jul - Jun), 2019",Urban,15-29 years,Male,54.6,48.2,11.7
India,Maharashtra,"PLFS Year (Jul - Jun), 2019",Urban,15-29 years,Female,22.8,19.2,15.4
India,Maharashtra,"PLFS Year (Jul - Jun), 2019",Urban,15-29 years,Persons,39.4,34.4,12.7
India,Maharashtra,"PLFS Year (Jul - Jun), 2019",Urban,15-59 years,Male,80.1,76.7,4.3
India,Maharashtra,"PLFS Year (Jul - Jun), 2019",Urban,15-59 years,Female,28.6,26.9,5.9
India,Maharashtra,"PLFS Year (Jul - Jun), 2019",Urban,15-59 years,Persons,54.8,52.2,4.7
India,Maharashtra,"PLFS Year (Jul - Jun), 2019",Urban,15 years and above,Male,73.9,70.9,4
India,Maharashtra,"PLFS Year (Jul - Jun), 2019",Urban,15 years and above,Female,25.7,24.3,5.6
India,Maharashtra,"PLFS Year (Jul - Jun), 2019",Urban,15 years and above,Persons,50.1,47.8,4.4
India,Maharashtra,"PLFS Year (Jul - Jun), 2019",Urban,All Ages,Male,58.1,55.8,4
India,Maharashtra,"PLFS Year (Jul - Jun), 2019",Urban,All Ages,Female,20.6,19.4,5.6
India,Maharashtra,"PLFS Year (Jul - Jun), 2019",Urban,All Ages,Persons,39.7,37.9,4.4
India,Maharashtra,"PLFS Year (Jul - Jun), 2019",Rural + Urban,15-29 years,Male,55.9,49.8,10.8
India,Maharashtra,"PLFS Year (Jul - Jun), 2019",Rural + Urban,15-29 years,Female,23.9,21.5,10
India,Maharashtra,"PLFS Year (Jul - Jun), 2019",Rural + Urban,15-29 years,Persons,41.1,36.8,10.6
India,Maharashtra,"PLFS Year (Jul - Jun), 2019",Rural + Urban,15-59 years,Male,80.5,77.4,3.9
India,Maharashtra,"PLFS Year (Jul - Jun), 2019",Rural + Urban,15-59 years,Female,42.4,41.3,2.6
India,Maharashtra,"PLFS Year (Jul - Jun), 2019",Rural + Urban,15-59 years,Persons,62.1,59.9,3.5
India,Maharashtra,"PLFS Year (Jul - Jun), 2019",Rural + Urban,15 years and above,Male,75.6,72.9,3.5
India,Maharashtra,"PLFS Year (Jul - Jun), 2019",Rural + Urban,15 years and above,Female,38.7,37.7,2.4
India,Maharashtra,"PLFS Year (Jul - Jun), 2019",Rural + Urban,15 years and above,Persons,57.5,55.7,3.2
India,Maharashtra,"PLFS Year (Jul - Jun), 2019",Rural + Urban,All Ages,Male,58.7,56.6,3.5
India,Maharashtra,"PLFS Year (Jul - Jun), 2019",Rural + Urban,All Ages,Female,30.6,29.8,2.4
India,Maharashtra,"PLFS Year (Jul - Jun), 2019",Rural + Urban,All Ages,Persons,45,43.6,3.2
India,Manipur,"PLFS Year (Jul - Jun), 2019",Rural,15-29 years,Male,43.6,31.1,28.7
India,Manipur,"PLFS Year (Jul - Jun), 2019",Rural,15-29 years,Female,20.9,12.8,38.7
India,Manipur,"PLFS Year (Jul - Jun), 2019",Rural,15-29 years,Persons,32.1,21.8,32
India,Manipur,"PLFS Year (Jul - Jun), 2019",Rural,15-59 years,Male,74.9,68.3,8.9
India,Manipur,"PLFS Year (Jul - Jun), 2019",Rural,15-59 years,Female,28.8,25.3,12.1
India,Manipur,"PLFS Year (Jul - Jun), 2019",Rural,15-59 years,Persons,51.9,46.8,9.8
India,Manipur,"PLFS Year (Jul - Jun), 2019",Rural,15 years and above,Male,71.5,65.5,8.3
India,Manipur,"PLFS Year (Jul - Jun), 2019",Rural,15 years and above,Female,27.8,24.7,11.3
India,Manipur,"PLFS Year (Jul - Jun), 2019",Rural,15 years and above,Persons,49.7,45.1,9.2
India,Manipur,"PLFS Year (Jul - Jun), 2019",Rural,All Ages,Male,51.7,47.3,8.4
India,Manipur,"PLFS Year (Jul - Jun), 2019",Rural,All Ages,Female,20.9,18.3,12.3
India,Manipur,"PLFS Year (Jul - Jun), 2019",Rural,All Ages,Persons,36.5,33,9.5
India,Manipur,"PLFS Year (Jul - Jun), 2019",Urban,15-29 years,Male,44.4,28.1,36.9
India,Manipur,"PLFS Year (Jul - Jun), 2019",Urban,15-29 years,Female,23.9,15.9,33.5
India,Manipur,"PLFS Year (Jul - Jun), 2019",Urban,15-29 years,Persons,33.9,21.8,35.7
India,Manipur,"PLFS Year (Jul - Jun), 2019",Urban,15-59 years,Male,74.7,65.8,11.9
India,Manipur,"PLFS Year (Jul - Jun), 2019",Urban,15-59 years,Female,37.8,34.2,9.4
India,Manipur,"PLFS Year (Jul - Jun), 2019",Urban,15-59 years,Persons,55.6,49.5,11
India,Manipur,"PLFS Year (Jul - Jun), 2019",Urban,15 years and above,Male,69.4,61.8,11
India,Manipur,"PLFS Year (Jul - Jun), 2019",Urban,15 years and above,Female,35,31.9,8.8
India,Manipur,"PLFS Year (Jul - Jun), 2019",Urban,15 years and above,Persons,51.8,46.5,10.2
India,Manipur,"PLFS Year (Jul - Jun), 2019",Urban,All Ages,Male,52.6,46.8,11
India,Manipur,"PLFS Year (Jul - Jun), 2019",Urban,All Ages,Female,27.7,25.2,8.8
India,Manipur,"PLFS Year (Jul - Jun), 2019",Urban,All Ages,Persons,40.1,36,10.2
India,Manipur,"PLFS Year (Jul - Jun), 2019",Rural + Urban,15-29 years,Male,43.8,30.3,31
India,Manipur,"PLFS Year (Jul - Jun), 2019",Rural + Urban,15-29 years,Female,21.7,13.6,37.1
India,Manipur,"PLFS Year (Jul - Jun), 2019",Rural + Urban,15-29 years,Persons,32.6,21.8,33.1
India,Manipur,"PLFS Year (Jul - Jun), 2019",Rural + Urban,15-59 years,Male,74.9,67.6,9.7
India,Manipur,"PLFS Year (Jul - Jun), 2019",Rural + Urban,15-59 years,Female,31.4,27.9,11.2
India,Manipur,"PLFS Year (Jul - Jun), 2019",Rural + Urban,15-59 years,Persons,52.9,47.6,10.1
India,Manipur,"PLFS Year (Jul - Jun), 2019",Rural + Urban,15 years and above,Male,70.9,64.5,9.1
India,Manipur,"PLFS Year (Jul - Jun), 2019",Rural + Urban,15 years and above,Female,29.9,26.8,10.4
India,Manipur,"PLFS Year (Jul - Jun), 2019",Rural + Urban,15 years and above,Persons,50.3,45.5,9.5
India,Manipur,"PLFS Year (Jul - Jun), 2019",Rural + Urban,All Ages,Male,51.9,47.2,9.1
India,Manipur,"PLFS Year (Jul - Jun), 2019",Rural + Urban,All Ages,Female,22.8,20.3,11.1
India,Manipur,"PLFS Year (Jul - Jun), 2019",Rural + Urban,All Ages,Persons,37.5,33.8,9.7
India,Meghalaya,"PLFS Year (Jul - Jun), 2019",Rural,15-29 years,Male,51.4,49.7,3.3
India,Meghalaya,"PLFS Year (Jul - Jun), 2019",Rural,15-29 years,Female,22.9,21.4,6.7
India,Meghalaya,"PLFS Year (Jul - Jun), 2019",Rural,15-29 years,Persons,37.1,35.5,4.4
India,Meghalaya,"PLFS Year (Jul - Jun), 2019",Rural,15-59 years,Male,76.9,76.2,1
India,Meghalaya,"PLFS Year (Jul - Jun), 2019",Rural,15-59 years,Female,51.6,50.9,1.5
India,Meghalaya,"PLFS Year (Jul - Jun), 2019",Rural,15-59 years,Persons,64.2,63.4,1.2
India,Meghalaya,"PLFS Year (Jul - Jun), 2019",Rural,15 years and above,Male,76.6,75.9,0.9
India,Meghalaya,"PLFS Year (Jul - Jun), 2019",Rural,15 years and above,Female,49.9,49.2,1.4
India,Meghalaya,"PLFS Year (Jul - Jun), 2019",Rural,15 years and above,Persons,63,62.2,1.1
India,Meghalaya,"PLFS Year (Jul - Jun), 2019",Rural,All Ages,Male,47.4,47,1
India,Meghalaya,"PLFS Year (Jul - Jun), 2019",Rural,All Ages,Female,30.4,30,1.4
India,Meghalaya,"PLFS Year (Jul - Jun), 2019",Rural,All Ages,Persons,38.7,38.3,1.1
India,Meghalaya,"PLFS Year (Jul - Jun), 2019",Urban,15-29 years,Male,41.2,33,19.9
India,Meghalaya,"PLFS Year (Jul - Jun), 2019",Urban,15-29 years,Female,19.3,9.2,52.4
India,Meghalaya,"PLFS Year (Jul - Jun), 2019",Urban,15-29 years,Persons,29.9,20.7,30.7
India,Meghalaya,"PLFS Year (Jul - Jun), 2019",Urban,15-59 years,Male,71.3,65.7,7.9
India,Meghalaya,"PLFS Year (Jul - Jun), 2019",Urban,15-59 years,Female,30.8,25.1,18.6
India,Meghalaya,"PLFS Year (Jul - Jun), 2019",Urban,15-59 years,Persons,50.3,44.6,11.3
India,Meghalaya,"PLFS Year (Jul - Jun), 2019",Urban,15 years and above,Male,70.1,64.8,7.5
India,Meghalaya,"PLFS Year (Jul - Jun), 2019",Urban,15 years and above,Female,28.9,23.6,18.3
India,Meghalaya,"PLFS Year (Jul - Jun), 2019",Urban,15 years and above,Persons,48.6,43.3,10.9
India,Meghalaya,"PLFS Year (Jul - Jun), 2019",Urban,All Ages,Male,51.1,47.3,7.5
India,Meghalaya,"PLFS Year (Jul - Jun), 2019",Urban,All Ages,Female,21.6,17.6,18.3
India,Meghalaya,"PLFS Year (Jul - Jun), 2019",Urban,All Ages,Persons,35.9,32,10.9
India,Meghalaya,"PLFS Year (Jul - Jun), 2019",Rural + Urban,15-29 years,Male,49.3,46.4,6.1
India,Meghalaya,"PLFS Year (Jul - Jun), 2019",Rural + Urban,15-29 years,Female,22.1,18.8,15.1
India,Meghalaya,"PLFS Year (Jul - Jun), 2019",Rural + Urban,15-29 years,Persons,35.6,32.5,8.9
India,Meghalaya,"PLFS Year (Jul - Jun), 2019",Rural + Urban,15-59 years,Male,75.9,74.2,2.2
India,Meghalaya,"PLFS Year (Jul - Jun), 2019",Rural + Urban,15-59 years,Female,47.5,45.8,3.7
India,Meghalaya,"PLFS Year (Jul - Jun), 2019",Rural + Urban,15-59 years,Persons,61.5,59.8,2.8
India,Meghalaya,"PLFS Year (Jul - Jun), 2019",Rural + Urban,15 years and above,Male,75.3,73.8,2.1
India,Meghalaya,"PLFS Year (Jul - Jun), 2019",Rural + Urban,15 years and above,Female,45.7,44.1,3.6
India,Meghalaya,"PLFS Year (Jul - Jun), 2019",Rural + Urban,15 years and above,Persons,60.2,58.6,2.7
India,Meghalaya,"PLFS Year (Jul - Jun), 2019",Rural + Urban,All Ages,Male,48.1,47,2.1
India,Meghalaya,"PLFS Year (Jul - Jun), 2019",Rural + Urban,All Ages,Female,28.9,27.9,3.6
India,Meghalaya,"PLFS Year (Jul - Jun), 2019",Rural + Urban,All Ages,Persons,38.2,37.2,2.7
India,Mizoram,"PLFS Year (Jul - Jun), 2019",Rural,15-29 years,Male,50,41.5,17.1
India,Mizoram,"PLFS Year (Jul - Jun), 2019",Rural,15-29 years,Female,29.5,26.7,9.5
India,Mizoram,"PLFS Year (Jul - Jun), 2019",Rural,15-29 years,Persons,40.6,34.7,14.6
India,Mizoram,"PLFS Year (Jul - Jun), 2019",Rural,15-59 years,Male,79.7,75.6,5
India,Mizoram,"PLFS Year (Jul - Jun), 2019",Rural,15-59 years,Female,41.2,40,2.9
India,Mizoram,"PLFS Year (Jul - Jun), 2019",Rural,15-59 years,Persons,61.3,58.6,4.4
India,Mizoram,"PLFS Year (Jul - Jun), 2019",Rural,15 years and above,Male,74.7,71.1,4.8
India,Mizoram,"PLFS Year (Jul - Jun), 2019",Rural,15 years and above,Female,38.8,37.7,2.8
India,Mizoram,"PLFS Year (Jul - Jun), 2019",Rural,15 years and above,Persons,57.6,55.2,4.2
India,Mizoram,"PLFS Year (Jul - Jun), 2019",Rural,All Ages,Male,59.3,56.4,4.8
India,Mizoram,"PLFS Year (Jul - Jun), 2019",Rural,All Ages,Female,31.6,30.8,2.8
India,Mizoram,"PLFS Year (Jul - Jun), 2019",Rural,All Ages,Persons,46.3,44.4,4.2
India,Mizoram,"PLFS Year (Jul - Jun), 2019",Urban,15-29 years,Male,34,24,29.4
India,Mizoram,"PLFS Year (Jul - Jun), 2019",Urban,15-29 years,Female,28.3,21.2,24.9
India,Mizoram,"PLFS Year (Jul - Jun), 2019",Urban,15-29 years,Persons,31.1,22.6,27.4
India,Mizoram,"PLFS Year (Jul - Jun), 2019",Urban,15-59 years,Male,70.3,65.2,7.3
India,Mizoram,"PLFS Year (Jul - Jun), 2019",Urban,15-59 years,Female,37.7,34.3,9.1
India,Mizoram,"PLFS Year (Jul - Jun), 2019",Urban,15-59 years,Persons,53.9,49.6,8
India,Mizoram,"PLFS Year (Jul - Jun), 2019",Urban,15 years and above,Male,64.3,59.7,7.1
India,Mizoram,"PLFS Year (Jul - Jun), 2019",Urban,15 years and above,Female,35.1,32,8.8
India,Mizoram,"PLFS Year (Jul - Jun), 2019",Urban,15 years and above,Persons,49.7,45.9,7.7
India,Mizoram,"PLFS Year (Jul - Jun), 2019",Urban,All Ages,Male,53.5,49.7,7.1
India,Mizoram,"PLFS Year (Jul - Jun), 2019",Urban,All Ages,Female,29.1,26.5,8.8
India,Mizoram,"PLFS Year (Jul - Jun), 2019",Urban,All Ages,Persons,41.3,38.1,7.7
India,Mizoram,"PLFS Year (Jul - Jun), 2019",Rural + Urban,15-29 years,Male,42.3,33,21.9
India,Mizoram,"PLFS Year (Jul - Jun), 2019",Rural + Urban,15-29 years,Female,28.9,23.8,17.5
India,Mizoram,"PLFS Year (Jul - Jun), 2019",Rural + Urban,15-29 years,Persons,35.8,28.6,20.2
India,Mizoram,"PLFS Year (Jul - Jun), 2019",Rural + Urban,15-59 years,Male,75.3,70.7,6
India,Mizoram,"PLFS Year (Jul - Jun), 2019",Rural + Urban,15-59 years,Female,39.5,37.2,5.9
India,Mizoram,"PLFS Year (Jul - Jun), 2019",Rural + Urban,15-59 years,Persons,57.7,54.3,6
India,Mizoram,"PLFS Year (Jul - Jun), 2019",Rural + Urban,15 years and above,Male,69.8,65.7,5.8
India,Mizoram,"PLFS Year (Jul - Jun), 2019",Rural + Urban,15 years and above,Female,37,34.9,5.6
India,Mizoram,"PLFS Year (Jul - Jun), 2019",Rural + Urban,15 years and above,Persons,53.8,50.7,5.7
India,Mizoram,"PLFS Year (Jul - Jun), 2019",Rural + Urban,All Ages,Male,56.6,53.3,5.8
India,Mizoram,"PLFS Year (Jul - Jun), 2019",Rural + Urban,All Ages,Female,30.4,28.7,5.6
India,Mizoram,"PLFS Year (Jul - Jun), 2019",Rural + Urban,All Ages,Persons,43.9,41.4,5.7
India,Nagaland,"PLFS Year (Jul - Jun), 2019",Rural,15-29 years,Male,63.2,14.9,76.4
India,Nagaland,"PLFS Year (Jul - Jun), 2019",Rural,15-29 years,Female,37.7,12.6,66.7
India,Nagaland,"PLFS Year (Jul - Jun), 2019",Rural,15-29 years,Persons,50.6,13.8,72.8
India,Nagaland,"PLFS Year (Jul - Jun), 2019",Rural,15-59 years,Male,83.1,60.3,27.5
India,Nagaland,"PLFS Year (Jul - Jun), 2019",Rural,15-59 years,Female,47.4,33.3,29.8
India,Nagaland,"PLFS Year (Jul - Jun), 2019",Rural,15-59 years,Persons,65.9,47.3,28.3
India,Nagaland,"PLFS Year (Jul - Jun), 2019",Rural,15 years and above,Male,79.3,59.3,25.2
India,Nagaland,"PLFS Year (Jul - Jun), 2019",Rural,15 years and above,Female,48.4,35.4,26.8
India,Nagaland,"PLFS Year (Jul - Jun), 2019",Rural,15 years and above,Persons,64.8,48.1,25.8
India,Nagaland,"PLFS Year (Jul - Jun), 2019",Rural,All Ages,Male,63.5,47.5,25.2
India,Nagaland,"PLFS Year (Jul - Jun), 2019",Rural,All Ages,Female,38.2,27.9,26.9
India,Nagaland,"PLFS Year (Jul - Jun), 2019",Rural,All Ages,Persons,51.5,38.2,25.8
India,Nagaland,"PLFS Year (Jul - Jun), 2019",Urban,15-29 years,Male,46.7,20.8,55.4
India,Nagaland,"PLFS Year (Jul - Jun), 2019",Urban,15-29 years,Female,26.6,7.1,73.3
India,Nagaland,"PLFS Year (Jul - Jun), 2019",Urban,15-29 years,Persons,37.1,14.3,61.6
India,Nagaland,"PLFS Year (Jul - Jun), 2019",Urban,15-59 years,Male,73.7,55.6,24.6
India,Nagaland,"PLFS Year (Jul - Jun), 2019",Urban,15-59 years,Female,34,23.5,31.1
India,Nagaland,"PLFS Year (Jul - Jun), 2019",Urban,15-59 years,Persons,54,39.6,26.6
India,Nagaland,"PLFS Year (Jul - Jun), 2019",Urban,15 years and above,Male,68.1,52.1,23.5
India,Nagaland,"PLFS Year (Jul - Jun), 2019",Urban,15 years and above,Female,31.2,21.7,30.6
India,Nagaland,"PLFS Year (Jul - Jun), 2019",Urban,15 years and above,Persons,49.9,37.1,25.7
India,Nagaland,"PLFS Year (Jul - Jun), 2019",Urban,All Ages,Male,52.6,40.3,23.4
India,Nagaland,"PLFS Year (Jul - Jun), 2019",Urban,All Ages,Female,24.1,16.7,30.9
India,Nagaland,"PLFS Year (Jul - Jun), 2019",Urban,All Ages,Persons,38.6,28.6,25.7
India,Nagaland,"PLFS Year (Jul - Jun), 2019",Rural + Urban,15-29 years,Male,58.1,16.8,71.1
India,Nagaland,"PLFS Year (Jul - Jun), 2019",Rural + Urban,15-29 years,Female,34.4,10.9,68.2
India,Nagaland,"PLFS Year (Jul - Jun), 2019",Rural + Urban,15-29 years,Persons,46.5,13.9,70.1
India,Nagaland,"PLFS Year (Jul - Jun), 2019",Rural + Urban,15-59 years,Male,80.4,58.9,26.7
India,Nagaland,"PLFS Year (Jul - Jun), 2019",Rural + Urban,15-59 years,Female,43.3,30.2,30.1
India,Nagaland,"PLFS Year (Jul - Jun), 2019",Rural + Urban,15-59 years,Persons,62.4,45,27.8
India,Nagaland,"PLFS Year (Jul - Jun), 2019",Rural + Urban,15 years and above,Male,76,57.2,24.8
India,Nagaland,"PLFS Year (Jul - Jun), 2019",Rural + Urban,15 years and above,Female,43,31.1,27.6
India,Nagaland,"PLFS Year (Jul - Jun), 2019",Rural + Urban,15 years and above,Persons,60.3,44.8,25.7
India,Nagaland,"PLFS Year (Jul - Jun), 2019",Rural + Urban,All Ages,Male,60.2,45.3,24.8
India,Nagaland,"PLFS Year (Jul - Jun), 2019",Rural + Urban,All Ages,Female,33.7,24.4,27.8
India,Nagaland,"PLFS Year (Jul - Jun), 2019",Rural + Urban,All Ages,Persons,47.5,35.3,25.8
India,Odisha,"PLFS Year (Jul - Jun), 2019",Rural,15-29 years,Male,68,52.6,22.7
India,Odisha,"PLFS Year (Jul - Jun), 2019",Rural,15-29 years,Female,31.6,28.1,11.1
India,Odisha,"PLFS Year (Jul - Jun), 2019",Rural,15-29 years,Persons,49.2,39.9,18.8
India,Odisha,"PLFS Year (Jul - Jun), 2019",Rural,15-59 years,Male,85.5,78.8,7.8
India,Odisha,"PLFS Year (Jul - Jun), 2019",Rural,15-59 years,Female,39.5,38,3.8
India,Odisha,"PLFS Year (Jul - Jun), 2019",Rural,15-59 years,Persons,61.9,57.9,6.5
India,Odisha,"PLFS Year (Jul - Jun), 2019",Rural,15 years and above,Male,79,73.4,7
India,Odisha,"PLFS Year (Jul - Jun), 2019",Rural,15 years and above,Female,34.8,33.6,3.6
India,Odisha,"PLFS Year (Jul - Jun), 2019",Rural,15 years and above,Persons,56.4,53,6
India,Odisha,"PLFS Year (Jul - Jun), 2019",Rural,All Ages,Male,58.2,54,7.3
India,Odisha,"PLFS Year (Jul - Jun), 2019",Rural,All Ages,Female,27.3,26.3,3.6
India,Odisha,"PLFS Year (Jul - Jun), 2019",Rural,All Ages,Persons,42.8,40.2,6.1
India,Odisha,"PLFS Year (Jul - Jun), 2019",Urban,15-29 years,Male,57.1,43.2,24.3
India,Odisha,"PLFS Year (Jul - Jun), 2019",Urban,15-29 years,Female,20.9,15.2,27.4
India,Odisha,"PLFS Year (Jul - Jun), 2019",Urban,15-29 years,Persons,39.7,29.7,25
India,Odisha,"PLFS Year (Jul - Jun), 2019",Urban,15-59 years,Male,80.9,74.4,8
India,Odisha,"PLFS Year (Jul - Jun), 2019",Urban,15-59 years,Female,25.9,23.7,8.3
India,Odisha,"PLFS Year (Jul - Jun), 2019",Urban,15-59 years,Persons,53.5,49.2,8.1
India,Odisha,"PLFS Year (Jul - Jun), 2019",Urban,15 years and above,Male,74.6,68.9,7.6
India,Odisha,"PLFS Year (Jul - Jun), 2019",Urban,15 years and above,Female,23.5,21.6,8
India,Odisha,"PLFS Year (Jul - Jun), 2019",Urban,15 years and above,Persons,49.2,45.4,7.7
India,Odisha,"PLFS Year (Jul - Jun), 2019",Urban,All Ages,Male,57.2,52.9,7.6
India,Odisha,"PLFS Year (Jul - Jun), 2019",Urban,All Ages,Female,18.5,17.1,8
India,Odisha,"PLFS Year (Jul - Jun), 2019",Urban,All Ages,Persons,38.3,35.4,7.7
India,Odisha,"PLFS Year (Jul - Jun), 2019",Rural + Urban,15-29 years,Male,66.2,51.1,22.9
India,Odisha,"PLFS Year (Jul - Jun), 2019",Rural + Urban,15-29 years,Female,30.1,26.2,12.8
India,Odisha,"PLFS Year (Jul - Jun), 2019",Rural + Urban,15-29 years,Persons,47.7,38.3,19.6
India,Odisha,"PLFS Year (Jul - Jun), 2019",Rural + Urban,15-59 years,Male,84.7,78,7.9
India,Odisha,"PLFS Year (Jul - Jun), 2019",Rural + Urban,15-59 years,Female,37.4,35.7,4.3
India,Odisha,"PLFS Year (Jul - Jun), 2019",Rural + Urban,15-59 years,Persons,60.6,56.5,6.7
India,Odisha,"PLFS Year (Jul - Jun), 2019",Rural + Urban,15 years and above,Male,78.3,72.7,7.1
India,Odisha,"PLFS Year (Jul - Jun), 2019",Rural + Urban,15 years and above,Female,33.1,31.8,4.1
India,Odisha,"PLFS Year (Jul - Jun), 2019",Rural + Urban,15 years and above,Persons,55.3,51.9,6.2
India,Odisha,"PLFS Year (Jul - Jun), 2019",Rural + Urban,All Ages,Male,58.1,53.8,7.3
India,Odisha,"PLFS Year (Jul - Jun), 2019",Rural + Urban,All Ages,Female,25.9,24.9,4.1
India,Odisha,"PLFS Year (Jul - Jun), 2019",Rural + Urban,All Ages,Persons,42.1,39.5,6.3
India,Puducherry,"PLFS Year (Jul - Jun), 2019",Rural,15-29 years,Male,67.4,49.1,27.1
India,Puducherry,"PLFS Year (Jul - Jun), 2019",Rural,15-29 years,Female,31.3,22.1,29.4
India,Puducherry,"PLFS Year (Jul - Jun), 2019",Rural,15-29 years,Persons,49.1,35.5,27.8
India,Puducherry,"PLFS Year (Jul - Jun), 2019",Rural,15-59 years,Male,80.7,74.6,7.6
India,Puducherry,"PLFS Year (Jul - Jun), 2019",Rural,15-59 years,Female,45.9,41.3,9.9
India,Puducherry,"PLFS Year (Jul - Jun), 2019",Rural,15-59 years,Persons,64.1,58.7,8.4
India,Puducherry,"PLFS Year (Jul - Jun), 2019",Rural,15 years and above,Male,78,72.7,6.8
India,Puducherry,"PLFS Year (Jul - Jun), 2019",Rural,15 years and above,Female,38.7,35.2,9.2
India,Puducherry,"PLFS Year (Jul - Jun), 2019",Rural,15 years and above,Persons,58.2,53.8,7.6
India,Puducherry,"PLFS Year (Jul - Jun), 2019",Rural,All Ages,Male,59,54.9,6.8
India,Puducherry,"PLFS Year (Jul - Jun), 2019",Rural,All Ages,Female,30.5,27.7,9.2
India,Puducherry,"PLFS Year (Jul - Jun), 2019",Rural,All Ages,Persons,44.9,41.5,7.6
India,Puducherry,"PLFS Year (Jul - Jun), 2019",Urban,15-29 years,Male,48.4,37.1,23.4
India,Puducherry,"PLFS Year (Jul - Jun), 2019",Urban,15-29 years,Female,28.1,16.1,42.8
India,Puducherry,"PLFS Year (Jul - Jun), 2019",Urban,15-29 years,Persons,39.8,28.2,29.2
India,Puducherry,"PLFS Year (Jul - Jun), 2019",Urban,15-59 years,Male,78.3,73.2,6.5
India,Puducherry,"PLFS Year (Jul - Jun), 2019",Urban,15-59 years,Female,32.6,28.9,11.5
India,Puducherry,"PLFS Year (Jul - Jun), 2019",Urban,15-59 years,Persons,55.8,51.4,7.9
India,Puducherry,"PLFS Year (Jul - Jun), 2019",Urban,15 years and above,Male,68.6,64.3,6.2
India,Puducherry,"PLFS Year (Jul - Jun), 2019",Urban,15 years and above,Female,28.2,25.1,11
India,Puducherry,"PLFS Year (Jul - Jun), 2019",Urban,15 years and above,Persons,48.5,44.8,7.6
India,Puducherry,"PLFS Year (Jul - Jun), 2019",Urban,All Ages,Male,52.5,49.3,6.2
India,Puducherry,"PLFS Year (Jul - Jun), 2019",Urban,All Ages,Female,22.8,20.3,11
India,Puducherry,"PLFS Year (Jul - Jun), 2019",Urban,All Ages,Persons,38.1,35.2,7.6
India,Puducherry,"PLFS Year (Jul - Jun), 2019",Rural + Urban,15-29 years,Male,54.3,40.8,24.8
India,Puducherry,"PLFS Year (Jul - Jun), 2019",Rural + Urban,15-29 years,Female,29.3,18.4,37.3
India,Puducherry,"PLFS Year (Jul - Jun), 2019",Rural + Urban,15-29 years,Persons,43,30.7,28.7
India,Puducherry,"PLFS Year (Jul - Jun), 2019",Rural + Urban,15-59 years,Male,79.1,73.7,6.8
India,Puducherry,"PLFS Year (Jul - Jun), 2019",Rural + Urban,15-59 years,Female,36.8,32.8,10.9
India,Puducherry,"PLFS Year (Jul - Jun), 2019",Rural + Urban,15-59 years,Persons,58.5,53.8,8.1
India,Puducherry,"PLFS Year (Jul - Jun), 2019",Rural + Urban,15 years and above,Male,71.6,67,6.4
India,Puducherry,"PLFS Year (Jul - Jun), 2019",Rural + Urban,15 years and above,Female,31.6,28.4,10.3
India,Puducherry,"PLFS Year (Jul - Jun), 2019",Rural + Urban,15 years and above,Persons,51.7,47.7,7.6
India,Puducherry,"PLFS Year (Jul - Jun), 2019",Rural + Urban,All Ages,Male,54.6,51.1,6.4
India,Puducherry,"PLFS Year (Jul - Jun), 2019",Rural + Urban,All Ages,Female,25.3,22.7,10.3
India,Puducherry,"PLFS Year (Jul - Jun), 2019",Rural + Urban,All Ages,Persons,40.4,37.3,7.6
India,Punjab,"PLFS Year (Jul - Jun), 2019",Rural,15-29 years,Male,68.4,56,18.1
India,Punjab,"PLFS Year (Jul - Jun), 2019",Rural,15-29 years,Female,24.4,20.2,17.2
India,Punjab,"PLFS Year (Jul - Jun), 2019",Rural,15-29 years,Persons,49.2,40.3,17.9
India,Punjab,"PLFS Year (Jul - Jun), 2019",Rural,15-59 years,Male,82.5,75.9,8.1
India,Punjab,"PLFS Year (Jul - Jun), 2019",Rural,15-59 years,Female,27.7,25.9,6.5
India,Punjab,"PLFS Year (Jul - Jun), 2019",Rural,15-59 years,Persons,56.6,52.2,7.7
India,Punjab,"PLFS Year (Jul - Jun), 2019",Rural,15 years and above,Male,76.6,70.9,7.4
India,Punjab,"PLFS Year (Jul - Jun), 2019",Rural,15 years and above,Female,24.8,23.3,6.1
India,Punjab,"PLFS Year (Jul - Jun), 2019",Rural,15 years and above,Persons,51.9,48.2,7.1
India,Punjab,"PLFS Year (Jul - Jun), 2019",Rural,All Ages,Male,61.5,56.9,7.4
India,Punjab,"PLFS Year (Jul - Jun), 2019",Rural,All Ages,Female,19.9,18.7,6.4
India,Punjab,"PLFS Year (Jul - Jun), 2019",Rural,All Ages,Persons,41.6,38.6,7.2
India,Punjab,"PLFS Year (Jul - Jun), 2019",Urban,15-29 years,Male,65.5,53.2,18.8
India,Punjab,"PLFS Year (Jul - Jun), 2019",Urban,15-29 years,Female,22.6,17.1,24.3
India,Punjab,"PLFS Year (Jul - Jun), 2019",Urban,15-29 years,Persons,45.7,36.5,20.1
India,Punjab,"PLFS Year (Jul - Jun), 2019",Urban,15-59 years,Male,83.6,77.8,6.9
India,Punjab,"PLFS Year (Jul - Jun), 2019",Urban,15-59 years,Female,25.1,22.1,12
India,Punjab,"PLFS Year (Jul - Jun), 2019",Urban,15-59 years,Persons,55.5,51.1,8
India,Punjab,"PLFS Year (Jul - Jun), 2019",Urban,15 years and above,Male,78.1,73,6.5
India,Punjab,"PLFS Year (Jul - Jun), 2019",Urban,15 years and above,Female,21.9,19.4,11.7
India,Punjab,"PLFS Year (Jul - Jun), 2019",Urban,15 years and above,Persons,51.1,47.2,7.5
India,Punjab,"PLFS Year (Jul - Jun), 2019",Urban,All Ages,Male,59.8,55.9,6.6
India,Punjab,"PLFS Year (Jul - Jun), 2019",Urban,All Ages,Female,17.2,15.2,11.6
India,Punjab,"PLFS Year (Jul - Jun), 2019",Urban,All Ages,Persons,39.6,36.5,7.7
India,Punjab,"PLFS Year (Jul - Jun), 2019",Rural + Urban,15-29 years,Male,67.4,55,18.4
India,Punjab,"PLFS Year (Jul - Jun), 2019",Rural + Urban,15-29 years,Female,23.7,19.1,19.7
India,Punjab,"PLFS Year (Jul - Jun), 2019",Rural + Urban,15-29 years,Persons,47.9,39,18.7
India,Punjab,"PLFS Year (Jul - Jun), 2019",Rural + Urban,15-59 years,Male,82.9,76.6,7.6
India,Punjab,"PLFS Year (Jul - Jun), 2019",Rural + Urban,15-59 years,Female,26.7,24.5,8.4
India,Punjab,"PLFS Year (Jul - Jun), 2019",Rural + Urban,15-59 years,Persons,56.2,51.8,7.8
India,Punjab,"PLFS Year (Jul - Jun), 2019",Rural + Urban,15 years and above,Male,77.2,71.7,7.1
India,Punjab,"PLFS Year (Jul - Jun), 2019",Rural + Urban,15 years and above,Female,23.7,21.8,8
India,Punjab,"PLFS Year (Jul - Jun), 2019",Rural + Urban,15 years and above,Persons,51.6,47.8,7.3
India,Punjab,"PLFS Year (Jul - Jun), 2019",Rural + Urban,All Ages,Male,60.9,56.5,7.1
India,Punjab,"PLFS Year (Jul - Jun), 2019",Rural + Urban,All Ages,Female,18.9,17.4,8.2
India,Punjab,"PLFS Year (Jul - Jun), 2019",Rural + Urban,All Ages,Persons,40.8,37.8,7.4
India,Rajasthan,"PLFS Year (Jul - Jun), 2019",Rural,15-29 years,Male,61.5,54.5,11.4
India,Rajasthan,"PLFS Year (Jul - Jun), 2019",Rural,15-29 years,Female,30,28,6.6
India,Rajasthan,"PLFS Year (Jul - Jun), 2019",Rural,15-29 years,Persons,46,41.5,9.9
India,Rajasthan,"PLFS Year (Jul - Jun), 2019",Rural,15-59 years,Male,80.3,76.6,4.6
India,Rajasthan,"PLFS Year (Jul - Jun), 2019",Rural,15-59 years,Female,47.8,46.8,2
India,Rajasthan,"PLFS Year (Jul - Jun), 2019",Rural,15-59 years,Persons,64.1,61.8,3.6
India,Rajasthan,"PLFS Year (Jul - Jun), 2019",Rural,15 years and above,Male,76.9,73.8,4
India,Rajasthan,"PLFS Year (Jul - Jun), 2019",Rural,15 years and above,Female,45.4,44.6,1.8
India,Rajasthan,"PLFS Year (Jul - Jun), 2019",Rural,15 years and above,Persons,61.1,59.2,3.2
India,Rajasthan,"PLFS Year (Jul - Jun), 2019",Rural,All Ages,Male,53.3,51.1,4.1
India,Rajasthan,"PLFS Year (Jul - Jun), 2019",Rural,All Ages,Female,32.8,32.2,1.8
India,Rajasthan,"PLFS Year (Jul - Jun), 2019",Rural,All Ages,Persons,43.2,41.8,3.2
India,Rajasthan,"PLFS Year (Jul - Jun), 2019",Urban,15-29 years,Male,58.1,44.1,24.1
India,Rajasthan,"PLFS Year (Jul - Jun), 2019",Urban,15-29 years,Female,13.5,10.1,24.9
India,Rajasthan,"PLFS Year (Jul - Jun), 2019",Urban,15-29 years,Persons,36.8,27.8,24.3
India,Rajasthan,"PLFS Year (Jul - Jun), 2019",Urban,15-59 years,Male,79.1,71,10.2
India,Rajasthan,"PLFS Year (Jul - Jun), 2019",Urban,15-59 years,Female,20.1,18.5,7.9
India,Rajasthan,"PLFS Year (Jul - Jun), 2019",Urban,15-59 years,Persons,50.6,45.7,9.8
India,Rajasthan,"PLFS Year (Jul - Jun), 2019",Urban,15 years and above,Male,74.4,67.4,9.4
India,Rajasthan,"PLFS Year (Jul - Jun), 2019",Urban,15 years and above,Female,18.8,17.4,7.4
India,Rajasthan,"PLFS Year (Jul - Jun), 2019",Urban,15 years and above,Persons,47.7,43.4,9
India,Rajasthan,"PLFS Year (Jul - Jun), 2019",Urban,All Ages,Male,54.3,49.2,9.4
India,Rajasthan,"PLFS Year (Jul - Jun), 2019",Urban,All Ages,Female,14.1,13.1,7.4
India,Rajasthan,"PLFS Year (Jul - Jun), 2019",Urban,All Ages,Persons,35.3,32.1,9
India,Rajasthan,"PLFS Year (Jul - Jun), 2019",Rural + Urban,15-29 years,Male,60.6,51.7,14.7
India,Rajasthan,"PLFS Year (Jul - Jun), 2019",Rural + Urban,15-29 years,Female,25.7,23.4,9.1
India,Rajasthan,"PLFS Year (Jul - Jun), 2019",Rural + Urban,15-29 years,Persons,43.6,37.9,13.1
India,Rajasthan,"PLFS Year (Jul - Jun), 2019",Rural + Urban,15-59 years,Male,80,75.1,6.1
India,Rajasthan,"PLFS Year (Jul - Jun), 2019",Rural + Urban,15-59 years,Female,40.5,39.3,2.8
India,Rajasthan,"PLFS Year (Jul - Jun), 2019",Rural + Urban,15-59 years,Persons,60.4,57.4,5
India,Rajasthan,"PLFS Year (Jul - Jun), 2019",Rural + Urban,15 years and above,Male,76.2,72.1,5.5
India,Rajasthan,"PLFS Year (Jul - Jun), 2019",Rural + Urban,15 years and above,Female,38.6,37.6,2.5
India,Rajasthan,"PLFS Year (Jul - Jun), 2019",Rural + Urban,15 years and above,Persons,57.6,55,4.5
India,Rajasthan,"PLFS Year (Jul - Jun), 2019",Rural + Urban,All Ages,Male,53.6,50.6,5.5
India,Rajasthan,"PLFS Year (Jul - Jun), 2019",Rural + Urban,All Ages,Female,28.2,27.5,2.5
India,Rajasthan,"PLFS Year (Jul - Jun), 2019",Rural + Urban,All Ages,Persons,41.2,39.4,4.5
India,Sikkim,"PLFS Year (Jul - Jun), 2019",Rural,15-29 years,Male,58.1,52,10.4
India,Sikkim,"PLFS Year (Jul - Jun), 2019",Rural,15-29 years,Female,59.9,57.4,4.2
India,Sikkim,"PLFS Year (Jul - Jun), 2019",Rural,15-29 years,Persons,58.9,54.4,7.6
India,Sikkim,"PLFS Year (Jul - Jun), 2019",Rural,15-59 years,Male,81.6,79.3,2.8
India,Sikkim,"PLFS Year (Jul - Jun), 2019",Rural,15-59 years,Female,68.8,67.8,1.5
India,Sikkim,"PLFS Year (Jul - Jun), 2019",Rural,15-59 years,Persons,75.5,73.8,2.3
India,Sikkim,"PLFS Year (Jul - Jun), 2019",Rural,15 years and above,Male,79.6,77.7,2.5
India,Sikkim,"PLFS Year (Jul - Jun), 2019",Rural,15 years and above,Female,65.8,64.9,1.4
India,Sikkim,"PLFS Year (Jul - Jun), 2019",Rural,15 years and above,Persons,73.2,71.7,2
India,Sikkim,"PLFS Year (Jul - Jun), 2019",Rural,All Ages,Male,63.8,62.2,2.5
India,Sikkim,"PLFS Year (Jul - Jun), 2019",Rural,All Ages,Female,54,53.2,1.4
India,Sikkim,"PLFS Year (Jul - Jun), 2019",Rural,All Ages,Persons,59.3,58.1,2
India,Sikkim,"PLFS Year (Jul - Jun), 2019",Urban,15-29 years,Male,67.8,64,5.6
India,Sikkim,"PLFS Year (Jul - Jun), 2019",Urban,15-29 years,Female,33.5,30.7,8.2
India,Sikkim,"PLFS Year (Jul - Jun), 2019",Urban,15-29 years,Persons,50.9,47.6,6.5
India,Sikkim,"PLFS Year (Jul - Jun), 2019",Urban,15-59 years,Male,82.8,80.4,2.9
India,Sikkim,"PLFS Year (Jul - Jun), 2019",Urban,15-59 years,Female,42.9,41.6,3
India,Sikkim,"PLFS Year (Jul - Jun), 2019",Urban,15-59 years,Persons,64,62.1,3
India,Sikkim,"PLFS Year (Jul - Jun), 2019",Urban,15 years and above,Male,80.4,78.2,2.8
India,Sikkim,"PLFS Year (Jul - Jun), 2019",Urban,15 years and above,Female,41.2,40,3
India,Sikkim,"PLFS Year (Jul - Jun), 2019",Urban,15 years and above,Persons,62,60.2,2.9
India,Sikkim,"PLFS Year (Jul - Jun), 2019",Urban,All Ages,Male,64.4,62.6,2.8
India,Sikkim,"PLFS Year (Jul - Jun), 2019",Urban,All Ages,Female,34.6,33.5,3
India,Sikkim,"PLFS Year (Jul - Jun), 2019",Urban,All Ages,Persons,50.7,49.3,2.9
India,Sikkim,"PLFS Year (Jul - Jun), 2019",Rural + Urban,15-29 years,Male,61,55.6,8.8
India,Sikkim,"PLFS Year (Jul - Jun), 2019",Rural + Urban,15-29 years,Female,51.1,48.5,5.1
India,Sikkim,"PLFS Year (Jul - Jun), 2019",Rural + Urban,15-29 years,Persons,56.4,52.3,7.2
India,Sikkim,"PLFS Year (Jul - Jun), 2019",Rural + Urban,15-59 years,Male,81.9,79.6,2.9
India,Sikkim,"PLFS Year (Jul - Jun), 2019",Rural + Urban,15-59 years,Female,61.8,60.7,1.8
India,Sikkim,"PLFS Year (Jul - Jun), 2019",Rural + Urban,15-59 years,Persons,72.4,70.6,2.4
India,Sikkim,"PLFS Year (Jul - Jun), 2019",Rural + Urban,15 years and above,Male,79.8,77.8,2.5
India,Sikkim,"PLFS Year (Jul - Jun), 2019",Rural + Urban,15 years and above,Female,59.4,58.5,1.7
India,Sikkim,"PLFS Year (Jul - Jun), 2019",Rural + Urban,15 years and above,Persons,70.4,68.8,2.2
India,Sikkim,"PLFS Year (Jul - Jun), 2019",Rural + Urban,All Ages,Male,63.9,62.3,2.5
India,Sikkim,"PLFS Year (Jul - Jun), 2019",Rural + Urban,All Ages,Female,49.1,48.2,1.7
India,Sikkim,"PLFS Year (Jul - Jun), 2019",Rural + Urban,All Ages,Persons,57.1,55.9,2.2
India,Tamil Nadu,"PLFS Year (Jul - Jun), 2019",Rural,15-29 years,Male,63.7,48.9,23.3
India,Tamil Nadu,"PLFS Year (Jul - Jun), 2019",Rural,15-29 years,Female,23.7,18.9,20.5
India,Tamil Nadu,"PLFS Year (Jul - Jun), 2019",Rural,15-29 years,Persons,43.4,33.6,22.5
India,Tamil Nadu,"PLFS Year (Jul - Jun), 2019",Rural,15-59 years,Male,84.7,79,6.8
India,Tamil Nadu,"PLFS Year (Jul - Jun), 2019",Rural,15-59 years,Female,50.7,48.8,3.8
India,Tamil Nadu,"PLFS Year (Jul - Jun), 2019",Rural,15-59 years,Persons,67,63.2,5.6
India,Tamil Nadu,"PLFS Year (Jul - Jun), 2019",Rural,15 years and above,Male,79.4,74.6,6
India,Tamil Nadu,"PLFS Year (Jul - Jun), 2019",Rural,15 years and above,Female,47.6,46,3.4
India,Tamil Nadu,"PLFS Year (Jul - Jun), 2019",Rural,15 years and above,Persons,63,59.8,5
India,Tamil Nadu,"PLFS Year (Jul - Jun), 2019",Rural,All Ages,Male,61.4,57.7,6
India,Tamil Nadu,"PLFS Year (Jul - Jun), 2019",Rural,All Ages,Female,38,36.7,3.4
India,Tamil Nadu,"PLFS Year (Jul - Jun), 2019",Rural,All Ages,Persons,49.5,47,5
India,Tamil Nadu,"PLFS Year (Jul - Jun), 2019",Urban,15-29 years,Male,63.4,52,18
India,Tamil Nadu,"PLFS Year (Jul - Jun), 2019",Urban,15-29 years,Female,30.2,23.6,21.7
India,Tamil Nadu,"PLFS Year (Jul - Jun), 2019",Urban,15-29 years,Persons,46.4,37.5,19.2
India,Tamil Nadu,"PLFS Year (Jul - Jun), 2019",Urban,15-59 years,Male,84,79.2,5.7
India,Tamil Nadu,"PLFS Year (Jul - Jun), 2019",Urban,15-59 years,Female,36.1,33.5,7.4
India,Tamil Nadu,"PLFS Year (Jul - Jun), 2019",Urban,15-59 years,Persons,59.2,55.6,6.2
India,Tamil Nadu,"PLFS Year (Jul - Jun), 2019",Urban,15 years and above,Male,76.2,72.2,5.3
India,Tamil Nadu,"PLFS Year (Jul - Jun), 2019",Urban,15 years and above,Female,32.1,29.8,6.9
India,Tamil Nadu,"PLFS Year (Jul - Jun), 2019",Urban,15 years and above,Persons,53.5,50.4,5.8
India,Tamil Nadu,"PLFS Year (Jul - Jun), 2019",Urban,All Ages,Male,61.7,58.4,5.3
India,Tamil Nadu,"PLFS Year (Jul - Jun), 2019",Urban,All Ages,Female,26.1,24.3,6.9
India,Tamil Nadu,"PLFS Year (Jul - Jun), 2019",Urban,All Ages,Persons,43.4,40.9,5.8
India,Tamil Nadu,"PLFS Year (Jul - Jun), 2019",Rural + Urban,15-29 years,Male,63.6,50.4,20.8
India,Tamil Nadu,"PLFS Year (Jul - Jun), 2019",Rural + Urban,15-29 years,Female,26.8,21.1,21.2
India,Tamil Nadu,"PLFS Year (Jul - Jun), 2019",Rural + Urban,15-29 years,Persons,44.8,35.5,20.9
India,Tamil Nadu,"PLFS Year (Jul - Jun), 2019",Rural + Urban,15-59 years,Male,84.4,79.1,6.3
India,Tamil Nadu,"PLFS Year (Jul - Jun), 2019",Rural + Urban,15-59 years,Female,43.8,41.6,5.2
India,Tamil Nadu,"PLFS Year (Jul - Jun), 2019",Rural + Urban,15-59 years,Persons,63.3,59.6,5.9
India,Tamil Nadu,"PLFS Year (Jul - Jun), 2019",Rural + Urban,15 years and above,Male,77.9,73.5,5.7
India,Tamil Nadu,"PLFS Year (Jul - Jun), 2019",Rural + Urban,15 years and above,Female,40.2,38.3,4.7
India,Tamil Nadu,"PLFS Year (Jul - Jun), 2019",Rural + Urban,15 years and above,Persons,58.4,55.3,5.3
India,Tamil Nadu,"PLFS Year (Jul - Jun), 2019",Rural + Urban,All Ages,Male,61.6,58.1,5.7
India,Tamil Nadu,"PLFS Year (Jul - Jun), 2019",Rural + Urban,All Ages,Female,32.4,30.9,4.7
India,Tamil Nadu,"PLFS Year (Jul - Jun), 2019",Rural + Urban,All Ages,Persons,46.6,44.2,5.3
India,Telangana,"PLFS Year (Jul - Jun), 2019",Rural,15-29 years,Male,57.5,43.4,24.5
India,Telangana,"PLFS Year (Jul - Jun), 2019",Rural,15-29 years,Female,32.7,26.5,18.9
India,Telangana,"PLFS Year (Jul - Jun), 2019",Rural,15-29 years,Persons,44.9,34.8,22.4
India,Telangana,"PLFS Year (Jul - Jun), 2019",Rural,15-59 years,Male,81.7,75.9,7.2
India,Telangana,"PLFS Year (Jul - Jun), 2019",Rural,15-59 years,Female,58.8,56.4,4
India,Telangana,"PLFS Year (Jul - Jun), 2019",Rural,15-59 years,Persons,69.6,65.6,5.7
India,Telangana,"PLFS Year (Jul - Jun), 2019",Rural,15 years and above,Male,76.6,71.7,6.3
India,Telangana,"PLFS Year (Jul - Jun), 2019",Rural,15 years and above,Female,53.6,51.6,3.7
India,Telangana,"PLFS Year (Jul - Jun), 2019",Rural,15 years and above,Persons,64.7,61.3,5.2
India,Telangana,"PLFS Year (Jul - Jun), 2019",Rural,All Ages,Male,61.1,57.3,6.3
India,Telangana,"PLFS Year (Jul - Jun), 2019",Rural,All Ages,Female,44.3,42.7,3.7
India,Telangana,"PLFS Year (Jul - Jun), 2019",Rural,All Ages,Persons,52.6,49.8,5.2
India,Telangana,"PLFS Year (Jul - Jun), 2019",Urban,15-29 years,Male,60.5,44.4,26.6
India,Telangana,"PLFS Year (Jul - Jun), 2019",Urban,15-29 years,Female,25.1,18.5,26.6
India,Telangana,"PLFS Year (Jul - Jun), 2019",Urban,15-29 years,Persons,44.4,32.6,26.6
India,Telangana,"PLFS Year (Jul - Jun), 2019",Urban,15-59 years,Male,80.5,72.4,10
India,Telangana,"PLFS Year (Jul - Jun), 2019",Urban,15-59 years,Female,31.9,27.9,12.4
India,Telangana,"PLFS Year (Jul - Jun), 2019",Urban,15-59 years,Persons,57.2,51,10.7
India,Telangana,"PLFS Year (Jul - Jun), 2019",Urban,15 years and above,Male,74.5,67.4,9.6
India,Telangana,"PLFS Year (Jul - Jun), 2019",Urban,15 years and above,Female,29.2,25.7,12
India,Telangana,"PLFS Year (Jul - Jun), 2019",Urban,15 years and above,Persons,52.7,47.3,10.2
India,Telangana,"PLFS Year (Jul - Jun), 2019",Urban,All Ages,Male,58.3,52.7,9.7
India,Telangana,"PLFS Year (Jul - Jun), 2019",Urban,All Ages,Female,23.3,20.5,12
India,Telangana,"PLFS Year (Jul - Jun), 2019",Urban,All Ages,Persons,41.6,37.4,10.3
India,Telangana,"PLFS Year (Jul - Jun), 2019",Rural + Urban,15-29 years,Male,58.8,43.9,25.4
India,Telangana,"PLFS Year (Jul - Jun), 2019",Rural + Urban,15-29 years,Female,29.7,23.3,21.5
India,Telangana,"PLFS Year (Jul - Jun), 2019",Rural + Urban,15-29 years,Persons,44.7,33.9,24.2
India,Telangana,"PLFS Year (Jul - Jun), 2019",Rural + Urban,15-59 years,Male,81.2,74.4,8.4
India,Telangana,"PLFS Year (Jul - Jun), 2019",Rural + Urban,15-59 years,Female,48.4,45.4,6.1
India,Telangana,"PLFS Year (Jul - Jun), 2019",Rural + Urban,15-59 years,Persons,64.5,59.7,7.5
India,Telangana,"PLFS Year (Jul - Jun), 2019",Rural + Urban,15 years and above,Male,75.7,69.9,7.6
India,Telangana,"PLFS Year (Jul - Jun), 2019",Rural + Urban,15 years and above,Female,44.3,41.8,5.8
India,Telangana,"PLFS Year (Jul - Jun), 2019",Rural + Urban,15 years and above,Persons,59.9,55.7,7
India,Telangana,"PLFS Year (Jul - Jun), 2019",Rural + Urban,All Ages,Male,60,55.3,7.7
India,Telangana,"PLFS Year (Jul - Jun), 2019",Rural + Urban,All Ages,Female,36.2,34.1,5.8
India,Telangana,"PLFS Year (Jul - Jun), 2019",Rural + Urban,All Ages,Persons,48.2,44.8,7
India,The Dadra and Nagar Haveli and Daman and Diu,"PLFS Year (Jul - Jun), 2019",Rural,15-29 years,Male,64.750000000000000000000,61.350000000000000000000,6.150000000000000000000
India,The Dadra and Nagar Haveli and Daman and Diu,"PLFS Year (Jul - Jun), 2019",Rural,15-29 years,Female,40.700000000000000000000,40.700000000000000000000,0.00000000000000000000
India,The Dadra and Nagar Haveli and Daman and Diu,"PLFS Year (Jul - Jun), 2019",Rural,15-29 years,Persons,53.750000000000000000000,51.950000000000000000000,5.250000000000000000000
India,The Dadra and Nagar Haveli and Daman and Diu,"PLFS Year (Jul - Jun), 2019",Rural,15-59 years,Male,81.300000000000000000000,78.750000000000000000000,3.250000000000000000000
India,The Dadra and Nagar Haveli and Daman and Diu,"PLFS Year (Jul - Jun), 2019",Rural,15-59 years,Female,58.600000000000000000000,58.600000000000000000000,0.00000000000000000000
India,The Dadra and Nagar Haveli and Daman and Diu,"PLFS Year (Jul - Jun), 2019",Rural,15-59 years,Persons,70.650000000000000000000,69.300000000000000000000,2.200000000000000000000
India,The Dadra and Nagar Haveli and Daman and Diu,"PLFS Year (Jul - Jun), 2019",Rural,15 years and above,Male,78.700000000000000000000,76.450000000000000000000,3.000000000000000000000
India,The Dadra and Nagar Haveli and Daman and Diu,"PLFS Year (Jul - Jun), 2019",Rural,15 years and above,Female,54.750000000000000000000,54.750000000000000000000,0.00000000000000000000
India,The Dadra and Nagar Haveli and Daman and Diu,"PLFS Year (Jul - Jun), 2019",Rural,15 years and above,Persons,67.450000000000000000000,66.200000000000000000000,2.100000000000000000000
India,The Dadra and Nagar Haveli and Daman and Diu,"PLFS Year (Jul - Jun), 2019",Rural,All Ages,Male,64.400000000000000000000,62.500000000000000000000,3.000000000000000000000
India,The Dadra and Nagar Haveli and Daman and Diu,"PLFS Year (Jul - Jun), 2019",Rural,All Ages,Female,39.750000000000000000000,39.750000000000000000000,0.00000000000000000000
India,The Dadra and Nagar Haveli and Daman and Diu,"PLFS Year (Jul - Jun), 2019",Rural,All Ages,Persons,51.900000000000000000000,51.000000000000000000000,2.100000000000000000000
India,The Dadra and Nagar Haveli and Daman and Diu,"PLFS Year (Jul - Jun), 2019",Urban,15-29 years,Male,87.050000000000000000000,80.000000000000000000000,8.200000000000000000000
India,The Dadra and Nagar Haveli and Daman and Diu,"PLFS Year (Jul - Jun), 2019",Urban,15-29 years,Female,28.000000000000000000000,26.050000000000000000000,5.400000000000000000000
India,The Dadra and Nagar Haveli and Daman and Diu,"PLFS Year (Jul - Jun), 2019",Urban,15-29 years,Persons,68.000000000000000000000,62.750000000000000000000,7.900000000000000000000
India,The Dadra and Nagar Haveli and Daman and Diu,"PLFS Year (Jul - Jun), 2019",Urban,15-59 years,Male,92.200000000000000000000,88.300000000000000000000,4.250000000000000000000
India,The Dadra and Nagar Haveli and Daman and Diu,"PLFS Year (Jul - Jun), 2019",Urban,15-59 years,Female,33.050000000000000000000,32.250000000000000000000,1.850000000000000000000
India,The Dadra and Nagar Haveli and Daman and Diu,"PLFS Year (Jul - Jun), 2019",Urban,15-59 years,Persons,70.600000000000000000000,67.850000000000000000000,4.000000000000000000000
India,The Dadra and Nagar Haveli and Daman and Diu,"PLFS Year (Jul - Jun), 2019",Urban,15 years and above,Male,91.350000000000000000000,87.600000000000000000000,4.150000000000000000000
India,The Dadra and Nagar Haveli and Daman and Diu,"PLFS Year (Jul - Jun), 2019",Urban,15 years and above,Female,31.200000000000000000000,30.500000000000000000000,1.850000000000000000000
India,The Dadra and Nagar Haveli and Daman and Diu,"PLFS Year (Jul - Jun), 2019",Urban,15 years and above,Persons,68.600000000000000000000,65.950000000000000000000,3.900000000000000000000
India,The Dadra and Nagar Haveli and Daman and Diu,"PLFS Year (Jul - Jun), 2019",Urban,All Ages,Male,71.350000000000000000000,68.400000000000000000000,4.150000000000000000000
India,The Dadra and Nagar Haveli and Daman and Diu,"PLFS Year (Jul - Jun), 2019",Urban,All Ages,Female,23.950000000000000000000,23.350000000000000000000,1.850000000000000000000
India,The Dadra and Nagar Haveli and Daman and Diu,"PLFS Year (Jul - Jun), 2019",Urban,All Ages,Persons,53.000000000000000000000,51.000000000000000000000,3.900000000000000000000
India,The Dadra and Nagar Haveli and Daman and Diu,"PLFS Year (Jul - Jun), 2019",Rural + Urban,15-29 years,Male,82.50000000000000000000,76.950000000000000000000,6.750000000000000000000
India,The Dadra and Nagar Haveli and Daman and Diu,"PLFS Year (Jul - Jun), 2019",Rural + Urban,15-29 years,Female,34.300000000000000000000,32.950000000000000000000,4.800000000000000000000
India,The Dadra and Nagar Haveli and Daman and Diu,"PLFS Year (Jul - Jun), 2019",Rural + Urban,15-29 years,Persons,66.000000000000000000000,61.950000000000000000000,6.150000000000000000000
India,The Dadra and Nagar Haveli and Daman and Diu,"PLFS Year (Jul - Jun), 2019",Rural + Urban,15-59 years,Male,89.900000000000000000000,86.700000000000000000000,3.650000000000000000000
India,The Dadra and Nagar Haveli and Daman and Diu,"PLFS Year (Jul - Jun), 2019",Rural + Urban,15-59 years,Female,46.850000000000000000000,46.250000000000000000000,1.450000000000000000000
India,The Dadra and Nagar Haveli and Daman and Diu,"PLFS Year (Jul - Jun), 2019",Rural + Urban,15-59 years,Persons,72.850000000000000000000,70.700000000000000000000,3.000000000000000000000
India,The Dadra and Nagar Haveli and Daman and Diu,"PLFS Year (Jul - Jun), 2019",Rural + Urban,15 years and above,Male,88.700000000000000000000,85.550000000000000000000,3.500000000000000000000
India,The Dadra and Nagar Haveli and Daman and Diu,"PLFS Year (Jul - Jun), 2019",Rural + Urban,15 years and above,Female,44.050000000000000000000,43.550000000000000000000,1.400000000000000000000
India,The Dadra and Nagar Haveli and Daman and Diu,"PLFS Year (Jul - Jun), 2019",Rural + Urban,15 years and above,Persons,70.400000000000000000000,68.350000000000000000000,2.950000000000000000000
India,The Dadra and Nagar Haveli and Daman and Diu,"PLFS Year (Jul - Jun), 2019",Rural + Urban,All Ages,Male,69.900000000000000000000,67.500000000000000000000,3.500000000000000000000
India,The Dadra and Nagar Haveli and Daman and Diu,"PLFS Year (Jul - Jun), 2019",Rural + Urban,All Ages,Female,32.800000000000000000000,32.450000000000000000000,1.400000000000000000000
India,The Dadra and Nagar Haveli and Daman and Diu,"PLFS Year (Jul - Jun), 2019",Rural + Urban,All Ages,Persons,54.300000000000000000000,52.700000000000000000000,2.950000000000000000000
India,Tripura,"PLFS Year (Jul - Jun), 2019",Rural,15-29 years,Male,62.1,56.4,9.1
India,Tripura,"PLFS Year (Jul - Jun), 2019",Rural,15-29 years,Female,12.6,11,12.7
India,Tripura,"PLFS Year (Jul - Jun), 2019",Rural,15-29 years,Persons,37,33.4,9.8
India,Tripura,"PLFS Year (Jul - Jun), 2019",Rural,15-59 years,Male,81.7,79.1,3.3
India,Tripura,"PLFS Year (Jul - Jun), 2019",Rural,15-59 years,Female,27,26.3,2.6
India,Tripura,"PLFS Year (Jul - Jun), 2019",Rural,15-59 years,Persons,54.5,52.8,3.1
India,Tripura,"PLFS Year (Jul - Jun), 2019",Rural,15 years and above,Male,78.2,75.8,3
India,Tripura,"PLFS Year (Jul - Jun), 2019",Rural,15 years and above,Female,25.3,24.7,2.4
India,Tripura,"PLFS Year (Jul - Jun), 2019",Rural,15 years and above,Persons,52,50.6,2.8
India,Tripura,"PLFS Year (Jul - Jun), 2019",Rural,All Ages,Male,60.5,58.7,3
India,Tripura,"PLFS Year (Jul - Jun), 2019",Rural,All Ages,Female,19.8,19.3,2.5
India,Tripura,"PLFS Year (Jul - Jun), 2019",Rural,All Ages,Persons,40.5,39.3,2.8
India,Tripura,"PLFS Year (Jul - Jun), 2019",Urban,15-29 years,Male,61.4,51.8,15.7
India,Tripura,"PLFS Year (Jul - Jun), 2019",Urban,15-29 years,Female,12.7,10.4,18.1
India,Tripura,"PLFS Year (Jul - Jun), 2019",Urban,15-29 years,Persons,36.8,30.8,16.2
India,Tripura,"PLFS Year (Jul - Jun), 2019",Urban,15-59 years,Male,85.1,80.8,5.1
India,Tripura,"PLFS Year (Jul - Jun), 2019",Urban,15-59 years,Female,22.3,21.3,4.5
India,Tripura,"PLFS Year (Jul - Jun), 2019",Urban,15-59 years,Persons,52.9,50.3,4.9
India,Tripura,"PLFS Year (Jul - Jun), 2019",Urban,15 years and above,Male,77.9,74.3,4.7
India,Tripura,"PLFS Year (Jul - Jun), 2019",Urban,15 years and above,Female,20,19.2,4.2
India,Tripura,"PLFS Year (Jul - Jun), 2019",Urban,15 years and above,Persons,48.1,46,4.6
India,Tripura,"PLFS Year (Jul - Jun), 2019",Urban,All Ages,Male,61.8,58.9,4.7
India,Tripura,"PLFS Year (Jul - Jun), 2019",Urban,All Ages,Female,16.4,15.7,4.2
India,Tripura,"PLFS Year (Jul - Jun), 2019",Urban,All Ages,Persons,38.8,37,4.6
India,Tripura,"PLFS Year (Jul - Jun), 2019",Rural + Urban,15-29 years,Male,62,55.6,10.3
India,Tripura,"PLFS Year (Jul - Jun), 2019",Rural + Urban,15-29 years,Female,12.6,10.9,13.6
India,Tripura,"PLFS Year (Jul - Jun), 2019",Rural + Urban,15-29 years,Persons,36.9,32.9,10.8
India,Tripura,"PLFS Year (Jul - Jun), 2019",Rural + Urban,15-59 years,Male,82.4,79.4,3.6
India,Tripura,"PLFS Year (Jul - Jun), 2019",Rural + Urban,15-59 years,Female,26.1,25.3,2.9
India,Tripura,"PLFS Year (Jul - Jun), 2019",Rural + Urban,15-59 years,Persons,54.2,52.3,3.5
India,Tripura,"PLFS Year (Jul - Jun), 2019",Rural + Urban,15 years and above,Male,78.1,75.5,3.3
India,Tripura,"PLFS Year (Jul - Jun), 2019",Rural + Urban,15 years and above,Female,24.2,23.5,2.8
India,Tripura,"PLFS Year (Jul - Jun), 2019",Rural + Urban,15 years and above,Persons,51.2,49.6,3.2
India,Tripura,"PLFS Year (Jul - Jun), 2019",Rural + Urban,All Ages,Male,60.7,58.7,3.3
India,Tripura,"PLFS Year (Jul - Jun), 2019",Rural + Urban,All Ages,Female,19.1,18.6,2.8
India,Tripura,"PLFS Year (Jul - Jun), 2019",Rural + Urban,All Ages,Persons,40.1,38.9,3.2
India,Uttar Pradesh,"PLFS Year (Jul - Jun), 2019",Rural,15-29 years,Male,58.1,52.2,10.2
India,Uttar Pradesh,"PLFS Year (Jul - Jun), 2019",Rural,15-29 years,Female,9.2,8.8,5.3
India,Uttar Pradesh,"PLFS Year (Jul - Jun), 2019",Rural,15-29 years,Persons,33.8,30.6,9.5
India,Uttar Pradesh,"PLFS Year (Jul - Jun), 2019",Rural,15-59 years,Male,78.3,75.1,4
India,Uttar Pradesh,"PLFS Year (Jul - Jun), 2019",Rural,15-59 years,Female,19.6,19.3,1.2
India,Uttar Pradesh,"PLFS Year (Jul - Jun), 2019",Rural,15-59 years,Persons,48.5,46.9,3.4
India,Uttar Pradesh,"PLFS Year (Jul - Jun), 2019",Rural,15 years and above,Male,76.9,74.2,3.6
India,Uttar Pradesh,"PLFS Year (Jul - Jun), 2019",Rural,15 years and above,Female,18.9,18.7,1.1
India,Uttar Pradesh,"PLFS Year (Jul - Jun), 2019",Rural,15 years and above,Persons,47.9,46.4,3.1
India,Uttar Pradesh,"PLFS Year (Jul - Jun), 2019",Rural,All Ages,Male,51.9,49.9,3.8
India,Uttar Pradesh,"PLFS Year (Jul - Jun), 2019",Rural,All Ages,Female,13.5,13.3,1.1
India,Uttar Pradesh,"PLFS Year (Jul - Jun), 2019",Rural,All Ages,Persons,33.1,32,3.2
India,Uttar Pradesh,"PLFS Year (Jul - Jun), 2019",Urban,15-29 years,Male,55.7,43.7,21.6
India,Uttar Pradesh,"PLFS Year (Jul - Jun), 2019",Urban,15-29 years,Female,11.3,8.3,26.8
India,Uttar Pradesh,"PLFS Year (Jul - Jun), 2019",Urban,15-29 years,Persons,35.7,27.7,22.3
India,Uttar Pradesh,"PLFS Year (Jul - Jun), 2019",Urban,15-59 years,Male,77,70,9
India,Uttar Pradesh,"PLFS Year (Jul - Jun), 2019",Urban,15-59 years,Female,13.9,12.4,11
India,Uttar Pradesh,"PLFS Year (Jul - Jun), 2019",Urban,15-59 years,Persons,47,42.6,9.3
India,Uttar Pradesh,"PLFS Year (Jul - Jun), 2019",Urban,15 years and above,Male,73.2,67,8.6
India,Uttar Pradesh,"PLFS Year (Jul - Jun), 2019",Urban,15 years and above,Female,13.3,12,10.2
India,Uttar Pradesh,"PLFS Year (Jul - Jun), 2019",Urban,15 years and above,Persons,44.8,40.9,8.8
India,Uttar Pradesh,"PLFS Year (Jul - Jun), 2019",Urban,All Ages,Male,54.9,50.2,8.5
India,Uttar Pradesh,"PLFS Year (Jul - Jun), 2019",Urban,All Ages,Female,10.1,9,10.2
India,Uttar Pradesh,"PLFS Year (Jul - Jun), 2019",Urban,All Ages,Persons,33.7,30.7,8.8
India,Uttar Pradesh,"PLFS Year (Jul - Jun), 2019",Rural + Urban,15-29 years,Male,57.5,50.1,12.9
India,Uttar Pradesh,"PLFS Year (Jul - Jun), 2019",Rural + Urban,15-29 years,Female,9.7,8.7,10.6
India,Uttar Pradesh,"PLFS Year (Jul - Jun), 2019",Rural + Urban,15-29 years,Persons,34.3,29.9,12.6
India,Uttar Pradesh,"PLFS Year (Jul - Jun), 2019",Rural + Urban,15-59 years,Male,78,73.9,5.2
India,Uttar Pradesh,"PLFS Year (Jul - Jun), 2019",Rural + Urban,15-59 years,Female,18.3,17.7,2.9
India,Uttar Pradesh,"PLFS Year (Jul - Jun), 2019",Rural + Urban,15-59 years,Persons,48.2,45.9,4.8
India,Uttar Pradesh,"PLFS Year (Jul - Jun), 2019",Rural + Urban,15 years and above,Male,76,72.4,4.8
India,Uttar Pradesh,"PLFS Year (Jul - Jun), 2019",Rural + Urban,15 years and above,Female,17.7,17.2,2.7
India,Uttar Pradesh,"PLFS Year (Jul - Jun), 2019",Rural + Urban,15 years and above,Persons,47.1,45.1,4.4
India,Uttar Pradesh,"PLFS Year (Jul - Jun), 2019",Rural + Urban,All Ages,Male,52.6,50,4.9
India,Uttar Pradesh,"PLFS Year (Jul - Jun), 2019",Rural + Urban,All Ages,Female,12.7,12.4,2.7
India,Uttar Pradesh,"PLFS Year (Jul - Jun), 2019",Rural + Urban,All Ages,Persons,33.2,31.7,4.5
India,Uttarakhand,"PLFS Year (Jul - Jun), 2019",Rural,15-29 years,Male,58,45.7,21.1
India,Uttarakhand,"PLFS Year (Jul - Jun), 2019",Rural,15-29 years,Female,26.4,22.7,13.8
India,Uttarakhand,"PLFS Year (Jul - Jun), 2019",Rural,15-29 years,Persons,43.6,35.3,19.1
India,Uttarakhand,"PLFS Year (Jul - Jun), 2019",Rural,15-59 years,Male,78.1,71.3,8.7
India,Uttarakhand,"PLFS Year (Jul - Jun), 2019",Rural,15-59 years,Female,40.9,39.2,4.2
India,Uttarakhand,"PLFS Year (Jul - Jun), 2019",Rural,15-59 years,Persons,59.9,55.6,7.2
India,Uttarakhand,"PLFS Year (Jul - Jun), 2019",Rural,15 years and above,Male,74.6,68.7,7.9
India,Uttarakhand,"PLFS Year (Jul - Jun), 2019",Rural,15 years and above,Female,37.3,35.8,3.9
India,Uttarakhand,"PLFS Year (Jul - Jun), 2019",Rural,15 years and above,Persons,56.1,52.4,6.5
India,Uttarakhand,"PLFS Year (Jul - Jun), 2019",Rural,All Ages,Male,56.5,52.1,7.8
India,Uttarakhand,"PLFS Year (Jul - Jun), 2019",Rural,All Ages,Female,28.8,27.7,3.9
India,Uttarakhand,"PLFS Year (Jul - Jun), 2019",Rural,All Ages,Persons,43,40.1,6.5
India,Uttarakhand,"PLFS Year (Jul - Jun), 2019",Urban,15-29 years,Male,59.7,48.9,18.1
India,Uttarakhand,"PLFS Year (Jul - Jun), 2019",Urban,15-29 years,Female,17.5,11.8,32.5
India,Uttarakhand,"PLFS Year (Jul - Jun), 2019",Urban,15-29 years,Persons,38.9,30.6,21.3
India,Uttarakhand,"PLFS Year (Jul - Jun), 2019",Urban,15-59 years,Male,79.9,73.6,7.9
India,Uttarakhand,"PLFS Year (Jul - Jun), 2019",Urban,15-59 years,Female,19.5,16.5,15.5
India,Uttarakhand,"PLFS Year (Jul - Jun), 2019",Urban,15-59 years,Persons,50,45.3,9.4
India,Uttarakhand,"PLFS Year (Jul - Jun), 2019",Urban,15 years and above,Male,74.5,68.8,7.6
India,Uttarakhand,"PLFS Year (Jul - Jun), 2019",Urban,15 years and above,Female,17.5,14.8,15.5
India,Uttarakhand,"PLFS Year (Jul - Jun), 2019",Urban,15 years and above,Persons,46.1,41.9,9.1
India,Uttarakhand,"PLFS Year (Jul - Jun), 2019",Urban,All Ages,Male,56.5,52.2,7.6
India,Uttarakhand,"PLFS Year (Jul - Jun), 2019",Urban,All Ages,Female,13.9,11.8,15.5
India,Uttarakhand,"PLFS Year (Jul - Jun), 2019",Urban,All Ages,Persons,35.9,32.6,9.1
India,Uttarakhand,"PLFS Year (Jul - Jun), 2019",Rural + Urban,15-29 years,Male,58.4,46.6,20.3
India,Uttarakhand,"PLFS Year (Jul - Jun), 2019",Rural + Urban,15-29 years,Female,23.8,19.5,17.9
India,Uttarakhand,"PLFS Year (Jul - Jun), 2019",Rural + Urban,15-29 years,Persons,42.3,34,19.7
India,Uttarakhand,"PLFS Year (Jul - Jun), 2019",Rural + Urban,15-59 years,Male,78.6,72,8.5
India,Uttarakhand,"PLFS Year (Jul - Jun), 2019",Rural + Urban,15-59 years,Female,34.8,32.7,6
India,Uttarakhand,"PLFS Year (Jul - Jun), 2019",Rural + Urban,15-59 years,Persons,57.1,52.7,7.7
India,Uttarakhand,"PLFS Year (Jul - Jun), 2019",Rural + Urban,15 years and above,Male,74.6,68.8,7.8
India,Uttarakhand,"PLFS Year (Jul - Jun), 2019",Rural + Urban,15 years and above,Female,31.8,30.1,5.6
India,Uttarakhand,"PLFS Year (Jul - Jun), 2019",Rural + Urban,15 years and above,Persons,53.4,49.5,7.1
India,Uttarakhand,"PLFS Year (Jul - Jun), 2019",Rural + Urban,All Ages,Male,56.5,52.1,7.8
India,Uttarakhand,"PLFS Year (Jul - Jun), 2019",Rural + Urban,All Ages,Female,24.8,23.4,5.6
India,Uttarakhand,"PLFS Year (Jul - Jun), 2019",Rural + Urban,All Ages,Persons,41,38.1,7.1
India,West Bengal,"PLFS Year (Jul - Jun), 2019",Rural,15-29 years,Male,68.4,58.1,15.1
India,West Bengal,"PLFS Year (Jul - Jun), 2019",Rural,15-29 years,Female,15.9,14.7,7.8
India,West Bengal,"PLFS Year (Jul - Jun), 2019",Rural,15-29 years,Persons,42.1,36.3,13.7
India,West Bengal,"PLFS Year (Jul - Jun), 2019",Rural,15-59 years,Male,85.4,80.8,5.4
India,West Bengal,"PLFS Year (Jul - Jun), 2019",Rural,15-59 years,Female,24.3,23.6,2.7
India,West Bengal,"PLFS Year (Jul - Jun), 2019",Rural,15-59 years,Persons,55.1,52.4,4.8
India,West Bengal,"PLFS Year (Jul - Jun), 2019",Rural,15 years and above,Male,81.6,77.7,4.8
India,West Bengal,"PLFS Year (Jul - Jun), 2019",Rural,15 years and above,Female,22.6,21.9,2.8
India,West Bengal,"PLFS Year (Jul - Jun), 2019",Rural,15 years and above,Persons,52.8,50.5,4.4
India,West Bengal,"PLFS Year (Jul - Jun), 2019",Rural,All Ages,Male,62.7,59.7,4.8
India,West Bengal,"PLFS Year (Jul - Jun), 2019",Rural,All Ages,Female,17.5,17,2.8
India,West Bengal,"PLFS Year (Jul - Jun), 2019",Rural,All Ages,Persons,40.8,39,4.4
India,West Bengal,"PLFS Year (Jul - Jun), 2019",Urban,15-29 years,Male,62.1,52.1,16.2
India,West Bengal,"PLFS Year (Jul - Jun), 2019",Urban,15-29 years,Female,24.7,21.3,13.8
India,West Bengal,"PLFS Year (Jul - Jun), 2019",Urban,15-29 years,Persons,42.4,35.8,15.4
India,West Bengal,"PLFS Year (Jul - Jun), 2019",Urban,15-59 years,Male,83.9,79.1,5.7
India,West Bengal,"PLFS Year (Jul - Jun), 2019",Urban,15-59 years,Female,29.9,28.3,5.4
India,West Bengal,"PLFS Year (Jul - Jun), 2019",Urban,15-59 years,Persons,56,52.8,5.6
India,West Bengal,"PLFS Year (Jul - Jun), 2019",Urban,15 years and above,Male,76.4,72.4,5.2
India,West Bengal,"PLFS Year (Jul - Jun), 2019",Urban,15 years and above,Female,26.9,25.6,4.9
India,West Bengal,"PLFS Year (Jul - Jun), 2019",Urban,15 years and above,Persons,50.7,48.1,5.1
India,West Bengal,"PLFS Year (Jul - Jun), 2019",Urban,All Ages,Male,62.5,59.2,5.3
India,West Bengal,"PLFS Year (Jul - Jun), 2019",Urban,All Ages,Female,22.3,21.2,4.9
India,West Bengal,"PLFS Year (Jul - Jun), 2019",Urban,All Ages,Persons,41.8,39.6,5.2
India,West Bengal,"PLFS Year (Jul - Jun), 2019",Rural + Urban,15-29 years,Male,66.8,56.5,15.4
India,West Bengal,"PLFS Year (Jul - Jun), 2019",Rural + Urban,15-29 years,Female,18.4,16.5,10.1
India,West Bengal,"PLFS Year (Jul - Jun), 2019",Rural + Urban,15-29 years,Persons,42.2,36.2,14.2
India,West Bengal,"PLFS Year (Jul - Jun), 2019",Rural + Urban,15-59 years,Male,85,80.3,5.5
India,West Bengal,"PLFS Year (Jul - Jun), 2019",Rural + Urban,15-59 years,Female,26,25.1,3.7
India,West Bengal,"PLFS Year (Jul - Jun), 2019",Rural + Urban,15-59 years,Persons,55.3,52.6,5
India,West Bengal,"PLFS Year (Jul - Jun), 2019",Rural + Urban,15 years and above,Male,80,76.1,4.9
India,West Bengal,"PLFS Year (Jul - Jun), 2019",Rural + Urban,15 years and above,Female,24,23.1,3.6
India,West Bengal,"PLFS Year (Jul - Jun), 2019",Rural + Urban,15 years and above,Persons,52.1,49.7,4.6
India,West Bengal,"PLFS Year (Jul - Jun), 2019",Rural + Urban,All Ages,Male,62.7,59.5,5
India,West Bengal,"PLFS Year (Jul - Jun), 2019",Rural + Urban,All Ages,Female,19,18.3,3.6
India,West Bengal,"PLFS Year (Jul - Jun), 2019",Rural + Urban,All Ages,Persons,41.1,39.2,4.6
India,Andaman and Nicobar Islands,"PLFS Year (Jul - Jun), 2018",Rural,15-29 years,Male,70.6,56.7,19.7
India,Andaman and Nicobar Islands,"PLFS Year (Jul - Jun), 2018",Rural,15-29 years,Female,44.2,16.3,63.1
India,Andaman and Nicobar Islands,"PLFS Year (Jul - Jun), 2018",Rural,15-29 years,Persons,55.7,33.8,39.2
India,Andaman and Nicobar Islands,"PLFS Year (Jul - Jun), 2018",Rural,15-59 years,Male,89.8,83.5,6.9
India,Andaman and Nicobar Islands,"PLFS Year (Jul - Jun), 2018",Rural,15-59 years,Female,69.8,46,68.4
India,Andaman and Nicobar Islands,"PLFS Year (Jul - Jun), 2018",Rural,15-59 years,Persons,61.3,52.1,15
India,Andaman and Nicobar Islands,"PLFS Year (Jul - Jun), 2018",Rural,15 years and above,Male,79.4,74.1,6.7
India,Andaman and Nicobar Islands,"PLFS Year (Jul - Jun), 2018",Rural,15 years and above,Persons,55,47,14.6
India,Andaman and Nicobar Islands,"PLFS Year (Jul - Jun), 2018",Rural,All Ages,Male,62.1,57.9,6.7
India,Andaman and Nicobar Islands,"PLFS Year (Jul - Jun), 2018",Rural,All Ages,Female,23.9,15.8,34.2
India,Andaman and Nicobar Islands,"PLFS Year (Jul - Jun), 2018",Rural,All Ages,Persons,42.5,36.3,14.6
India,Andaman and Nicobar Islands,"PLFS Year (Jul - Jun), 2018",Urban,15-29 years,Male,75.2,66.3,11.8
India,Andaman and Nicobar Islands,"PLFS Year (Jul - Jun), 2018",Urban,15-29 years,Female,32,12.4,61.4
India,Andaman and Nicobar Islands,"PLFS Year (Jul - Jun), 2018",Urban,15-29 years,Persons,53.8,39.6,26.4
India,Andaman and Nicobar Islands,"PLFS Year (Jul - Jun), 2018",Urban,15-59 years,Male,89.2,85.9,3.7
India,Andaman and Nicobar Islands,"PLFS Year (Jul - Jun), 2018",Urban,15-59 years,Female,34.9,21.6,38.2
India,Andaman and Nicobar Islands,"PLFS Year (Jul - Jun), 2018",Urban,15-59 years,Persons,64.2,56.3,12.3
India,Andaman and Nicobar Islands,"PLFS Year (Jul - Jun), 2018",Urban,15 years and above,Male,83.5,80.5,3.5
India,Andaman and Nicobar Islands,"PLFS Year (Jul - Jun), 2018",Urban,15 years and above,Female,31.2,19.3,38.2
India,Andaman and Nicobar Islands,"PLFS Year (Jul - Jun), 2018",Urban,15 years and above,Persons,59.2,52.1,12
India,Andaman and Nicobar Islands,"PLFS Year (Jul - Jun), 2018",Urban,All Ages,Male,65.4,63.1,3.5
India,Andaman and Nicobar Islands,"PLFS Year (Jul - Jun), 2018",Urban,All Ages,Female,24.8,15.4,38.2
India,Andaman and Nicobar Islands,"PLFS Year (Jul - Jun), 2018",Urban,All Ages,Persons,46.7,41.1,12
India,Andaman and Nicobar Islands,"PLFS Year (Jul - Jun), 2018",Rural + Urban,15-29 years,Male,72.7,61.2,15.9
India,Andaman and Nicobar Islands,"PLFS Year (Jul - Jun), 2018",Rural + Urban,15-29 years,Female,39.4,14.7,62.6
India,Andaman and Nicobar Islands,"PLFS Year (Jul - Jun), 2018",Rural + Urban,15-29 years,Persons,54.9,36.3,33.9
India,Andaman and Nicobar Islands,"PLFS Year (Jul - Jun), 2018",Rural + Urban,15-59 years,Male,89.5,84.6,5.5
India,Andaman and Nicobar Islands,"PLFS Year (Jul - Jun), 2018",Rural + Urban,15-59 years,Female,34.9,22.4,35.8
India,Andaman and Nicobar Islands,"PLFS Year (Jul - Jun), 2018",Rural + Urban,15-59 years,Persons,62.5,53.9,13.8
India,Andaman and Nicobar Islands,"PLFS Year (Jul - Jun), 2018",Rural + Urban,15 years and above,Male,81.2,76.9,5.3
India,Andaman and Nicobar Islands,"PLFS Year (Jul - Jun), 2018",Rural + Urban,15 years and above,Female,31.2,20.1,35.7
India,Andaman and Nicobar Islands,"PLFS Year (Jul - Jun), 2018",Rural + Urban,15 years and above,Persons,56.7,49.1,13.5
India,Andaman and Nicobar Islands,"PLFS Year (Jul - Jun), 2018",Rural + Urban,All Ages,Male,63.5,60.1,5.3
India,Andaman and Nicobar Islands,"PLFS Year (Jul - Jun), 2018",Rural + Urban,All Ages,Female,24.3,15.6,35.7
India,Andaman and Nicobar Islands,"PLFS Year (Jul - Jun), 2018",Rural + Urban,All Ages,Persons,44.2,38.3,13.5
India,Andhra Pradesh,"PLFS Year (Jul - Jun), 2018",Rural,15-29 years,Male,62.5,52.3,16.3
India,Andhra Pradesh,"PLFS Year (Jul - Jun), 2018",Rural,15-29 years,Female,34,28.8,15.2
India,Andhra Pradesh,"PLFS Year (Jul - Jun), 2018",Rural,15-29 years,Persons,48.3,40.6,15.9
India,Andhra Pradesh,"PLFS Year (Jul - Jun), 2018",Rural,15-59 years,Male,83.5,79,5.3
India,Andhra Pradesh,"PLFS Year (Jul - Jun), 2018",Rural,15-59 years,Female,106.8,102.2,8.4
India,Andhra Pradesh,"PLFS Year (Jul - Jun), 2018",Rural,15-59 years,Persons,68.4,65,4.9
India,Andhra Pradesh,"PLFS Year (Jul - Jun), 2018",Rural,15 years and above,Male,77.4,73.6,4.9
India,Andhra Pradesh,"PLFS Year (Jul - Jun), 2018",Rural,15 years and above,Persons,62,59.2,4.5
India,Andhra Pradesh,"PLFS Year (Jul - Jun), 2018",Rural,All Ages,Male,59.5,56.6,4.9
India,Andhra Pradesh,"PLFS Year (Jul - Jun), 2018",Rural,All Ages,Female,37.4,36,3.9
India,Andhra Pradesh,"PLFS Year (Jul - Jun), 2018",Rural,All Ages,Persons,48.3,46.2,4.5
India,Andhra Pradesh,"PLFS Year (Jul - Jun), 2018",Urban,15-29 years,Male,56.1,43.2,23
India,Andhra Pradesh,"PLFS Year (Jul - Jun), 2018",Urban,15-29 years,Female,22.7,15.2,33
India,Andhra Pradesh,"PLFS Year (Jul - Jun), 2018",Urban,15-29 years,Persons,38.7,28.7,26
India,Andhra Pradesh,"PLFS Year (Jul - Jun), 2018",Urban,15-59 years,Male,80.6,75.2,6.7
India,Andhra Pradesh,"PLFS Year (Jul - Jun), 2018",Urban,15-59 years,Female,29.9,26.7,10.6
India,Andhra Pradesh,"PLFS Year (Jul - Jun), 2018",Urban,15-59 years,Persons,54.3,50.1,7.8
India,Andhra Pradesh,"PLFS Year (Jul - Jun), 2018",Urban,15 years and above,Male,73.9,69.3,6.2
India,Andhra Pradesh,"PLFS Year (Jul - Jun), 2018",Urban,15 years and above,Female,26.7,24,10.3
India,Andhra Pradesh,"PLFS Year (Jul - Jun), 2018",Urban,15 years and above,Persons,49.6,46,7.3
India,Andhra Pradesh,"PLFS Year (Jul - Jun), 2018",Urban,All Ages,Male,57.5,53.9,6.2
India,Andhra Pradesh,"PLFS Year (Jul - Jun), 2018",Urban,All Ages,Female,21.7,19.5,10.2
India,Andhra Pradesh,"PLFS Year (Jul - Jun), 2018",Urban,All Ages,Persons,39.4,36.6,7.3
India,Andhra Pradesh,"PLFS Year (Jul - Jun), 2018",Rural + Urban,15-29 years,Male,60.4,49.3,18.4
India,Andhra Pradesh,"PLFS Year (Jul - Jun), 2018",Rural + Urban,15-29 years,Female,30,24,19.9
India,Andhra Pradesh,"PLFS Year (Jul - Jun), 2018",Rural + Urban,15-29 years,Persons,45,36.5,18.9
India,Andhra Pradesh,"PLFS Year (Jul - Jun), 2018",Rural + Urban,15-59 years,Male,82.5,77.7,5.8
India,Andhra Pradesh,"PLFS Year (Jul - Jun), 2018",Rural + Urban,15-59 years,Female,45.1,42.5,5.7
India,Andhra Pradesh,"PLFS Year (Jul - Jun), 2018",Rural + Urban,15-59 years,Persons,63.5,59.9,5.7
India,Andhra Pradesh,"PLFS Year (Jul - Jun), 2018",Rural + Urban,15 years and above,Male,76.2,72.2,5.3
India,Andhra Pradesh,"PLFS Year (Jul - Jun), 2018",Rural + Urban,15 years and above,Female,40.3,38.2,5.3
India,Andhra Pradesh,"PLFS Year (Jul - Jun), 2018",Rural + Urban,15 years and above,Persons,57.8,54.8,5.3
India,Andhra Pradesh,"PLFS Year (Jul - Jun), 2018",Rural + Urban,All Ages,Male,58.8,55.7,5.3
India,Andhra Pradesh,"PLFS Year (Jul - Jun), 2018",Rural + Urban,All Ages,Female,32.2,30.5,5.3
India,Andhra Pradesh,"PLFS Year (Jul - Jun), 2018",Rural + Urban,All Ages,Persons,45.4,43,5.3
India,Arunachal Pradesh,"PLFS Year (Jul - Jun), 2018",Rural,15-29 years,Male,28.7,20.4,28.9
India,Arunachal Pradesh,"PLFS Year (Jul - Jun), 2018",Rural,15-29 years,Female,14.7,9.1,38.1
India,Arunachal Pradesh,"PLFS Year (Jul - Jun), 2018",Rural,15-29 years,Persons,23.2,16,31.1
India,Arunachal Pradesh,"PLFS Year (Jul - Jun), 2018",Rural,15-59 years,Male,67.3,63.3,6
India,Arunachal Pradesh,"PLFS Year (Jul - Jun), 2018",Rural,15-59 years,Female,35.6,31.2,24.6
India,Arunachal Pradesh,"PLFS Year (Jul - Jun), 2018",Rural,15-59 years,Persons,45.5,42.3,7.1
India,Arunachal Pradesh,"PLFS Year (Jul - Jun), 2018",Rural,15 years and above,Male,66.3,62.3,6.1
India,Arunachal Pradesh,"PLFS Year (Jul - Jun), 2018",Rural,15 years and above,Persons,44.9,41.7,7.1
India,Arunachal Pradesh,"PLFS Year (Jul - Jun), 2018",Rural,All Ages,Male,52,48.8,6.1
India,Arunachal Pradesh,"PLFS Year (Jul - Jun), 2018",Rural,All Ages,Female,13.5,11.7,12.7
India,Arunachal Pradesh,"PLFS Year (Jul - Jun), 2018",Rural,All Ages,Persons,34.8,32.3,7.3
India,Arunachal Pradesh,"PLFS Year (Jul - Jun), 2018",Urban,15-29 years,Male,25.7,17.1,33.3
India,Arunachal Pradesh,"PLFS Year (Jul - Jun), 2018",Urban,15-29 years,Female,13.7,4.9,64.2
India,Arunachal Pradesh,"PLFS Year (Jul - Jun), 2018",Urban,15-29 years,Persons,20,11.3,43.5
India,Arunachal Pradesh,"PLFS Year (Jul - Jun), 2018",Urban,15-59 years,Male,66,61,7.6
India,Arunachal Pradesh,"PLFS Year (Jul - Jun), 2018",Urban,15-59 years,Female,15.2,10.8,28.9
India,Arunachal Pradesh,"PLFS Year (Jul - Jun), 2018",Urban,15-59 years,Persons,41.7,37,11.3
India,Arunachal Pradesh,"PLFS Year (Jul - Jun), 2018",Urban,15 years and above,Male,65.3,60.5,7.4
India,Arunachal Pradesh,"PLFS Year (Jul - Jun), 2018",Urban,15 years and above,Female,14.9,10.7,28.4
India,Arunachal Pradesh,"PLFS Year (Jul - Jun), 2018",Urban,15 years and above,Persons,41.3,36.8,11
India,Arunachal Pradesh,"PLFS Year (Jul - Jun), 2018",Urban,All Ages,Male,50.7,46.9,7.4
India,Arunachal Pradesh,"PLFS Year (Jul - Jun), 2018",Urban,All Ages,Female,11.3,8,29
India,Arunachal Pradesh,"PLFS Year (Jul - Jun), 2018",Urban,All Ages,Persons,31.6,28.1,11.1
India,Arunachal Pradesh,"PLFS Year (Jul - Jun), 2018",Rural + Urban,15-29 years,Male,28.2,19.9,29.5
India,Arunachal Pradesh,"PLFS Year (Jul - Jun), 2018",Rural + Urban,15-29 years,Female,14.5,8.2,43.5
India,Arunachal Pradesh,"PLFS Year (Jul - Jun), 2018",Rural + Urban,15-29 years,Persons,22.6,15.1,33.1
India,Arunachal Pradesh,"PLFS Year (Jul - Jun), 2018",Rural + Urban,15-59 years,Male,67.1,62.9,6.2
India,Arunachal Pradesh,"PLFS Year (Jul - Jun), 2018",Rural + Urban,15-59 years,Female,17.4,14.8,14.9
India,Arunachal Pradesh,"PLFS Year (Jul - Jun), 2018",Rural + Urban,15-59 years,Persons,44.8,41.4,7.7
India,Arunachal Pradesh,"PLFS Year (Jul - Jun), 2018",Rural + Urban,15 years and above,Male,66.2,62,6.3
India,Arunachal Pradesh,"PLFS Year (Jul - Jun), 2018",Rural + Urban,15 years and above,Female,17.1,14.6,14.8
India,Arunachal Pradesh,"PLFS Year (Jul - Jun), 2018",Rural + Urban,15 years and above,Persons,44.3,40.9,7.7
India,Arunachal Pradesh,"PLFS Year (Jul - Jun), 2018",Rural + Urban,All Ages,Male,51.7,48.5,6.3
India,Arunachal Pradesh,"PLFS Year (Jul - Jun), 2018",Rural + Urban,All Ages,Female,13.1,11.1,15.3
India,Arunachal Pradesh,"PLFS Year (Jul - Jun), 2018",Rural + Urban,All Ages,Persons,34.3,31.6,7.9
India,Assam,"PLFS Year (Jul - Jun), 2018",Rural,15-29 years,Male,58.7,45.4,22.6
India,Assam,"PLFS Year (Jul - Jun), 2018",Rural,15-29 years,Female,8.8,6.9,21.4
India,Assam,"PLFS Year (Jul - Jun), 2018",Rural,15-29 years,Persons,34.6,26.8,22.5
India,Assam,"PLFS Year (Jul - Jun), 2018",Rural,15-59 years,Male,82.6,77.2,6.5
India,Assam,"PLFS Year (Jul - Jun), 2018",Rural,15-59 years,Female,27.0,25.0,14.4
India,Assam,"PLFS Year (Jul - Jun), 2018",Rural,15-59 years,Persons,49.7,46.4,6.6
India,Assam,"PLFS Year (Jul - Jun), 2018",Rural,15 years and above,Male,78.2,73.4,6.2
India,Assam,"PLFS Year (Jul - Jun), 2018",Rural,15 years and above,Persons,46.8,43.9,6.3
India,Assam,"PLFS Year (Jul - Jun), 2018",Rural,All Ages,Male,57.3,53.7,6.2
India,Assam,"PLFS Year (Jul - Jun), 2018",Rural,All Ages,Female,9.5,8.9,6.8
India,Assam,"PLFS Year (Jul - Jun), 2018",Rural,All Ages,Persons,34.8,32.6,6.3
India,Assam,"PLFS Year (Jul - Jun), 2018",Urban,15-29 years,Male,53.2,37.7,29.2
India,Assam,"PLFS Year (Jul - Jun), 2018",Urban,15-29 years,Female,13.8,8,42.5
India,Assam,"PLFS Year (Jul - Jun), 2018",Urban,15-29 years,Persons,34.5,23.5,31.8
India,Assam,"PLFS Year (Jul - Jun), 2018",Urban,15-59 years,Male,78.4,70.4,10.3
India,Assam,"PLFS Year (Jul - Jun), 2018",Urban,15-59 years,Female,14.8,12.5,15.6
India,Assam,"PLFS Year (Jul - Jun), 2018",Urban,15-59 years,Persons,47.6,42.3,11.1
India,Assam,"PLFS Year (Jul - Jun), 2018",Urban,15 years and above,Male,72.4,65.3,9.9
India,Assam,"PLFS Year (Jul - Jun), 2018",Urban,15 years and above,Female,13.3,11.2,15.5
India,Assam,"PLFS Year (Jul - Jun), 2018",Urban,15 years and above,Persons,43.8,39.1,10.7
India,Assam,"PLFS Year (Jul - Jun), 2018",Urban,All Ages,Male,56.5,50.9,9.9
India,Assam,"PLFS Year (Jul - Jun), 2018",Urban,All Ages,Female,10.6,9,15.5
India,Assam,"PLFS Year (Jul - Jun), 2018",Urban,All Ages,Persons,34.7,31,10.7
India,Assam,"PLFS Year (Jul - Jun), 2018",Rural + Urban,15-29 years,Male,58.1,44.5,23.3
India,Assam,"PLFS Year (Jul - Jun), 2018",Rural + Urban,15-29 years,Female,9.3,7,24.9
India,Assam,"PLFS Year (Jul - Jun), 2018",Rural + Urban,15-29 years,Persons,34.5,26.4,23.5
India,Assam,"PLFS Year (Jul - Jun), 2018",Rural + Urban,15-59 years,Male,82.1,76.4,6.9
India,Assam,"PLFS Year (Jul - Jun), 2018",Rural + Urban,15-59 years,Female,13.6,12.5,8.2
India,Assam,"PLFS Year (Jul - Jun), 2018",Rural + Urban,15-59 years,Persons,49.4,45.9,7.1
India,Assam,"PLFS Year (Jul - Jun), 2018",Rural + Urban,15 years and above,Male,77.6,72.5,6.5
India,Assam,"PLFS Year (Jul - Jun), 2018",Rural + Urban,15 years and above,Female,12.7,11.7,7.8
India,Assam,"PLFS Year (Jul - Jun), 2018",Rural + Urban,15 years and above,Persons,46.5,43.4,6.7
India,Assam,"PLFS Year (Jul - Jun), 2018",Rural + Urban,All Ages,Male,57.2,53.4,6.5
India,Assam,"PLFS Year (Jul - Jun), 2018",Rural + Urban,All Ages,Female,9.6,8.9,7.8
India,Assam,"PLFS Year (Jul - Jun), 2018",Rural + Urban,All Ages,Persons,34.8,32.5,6.7
India,Bihar,"PLFS Year (Jul - Jun), 2018",Rural,15-29 years,Male,50.7,34.8,31.3
India,Bihar,"PLFS Year (Jul - Jun), 2018",Rural,15-29 years,Female,1.4,1.2,10.5
India,Bihar,"PLFS Year (Jul - Jun), 2018",Rural,15-29 years,Persons,27.9,19.3,30.8
India,Bihar,"PLFS Year (Jul - Jun), 2018",Rural,15-59 years,Male,76.3,67.9,11.1
India,Bihar,"PLFS Year (Jul - Jun), 2018",Rural,15-59 years,Female,8.4,8.4,2.8
India,Bihar,"PLFS Year (Jul - Jun), 2018",Rural,15-59 years,Persons,41.5,37.1,10.6
India,Bihar,"PLFS Year (Jul - Jun), 2018",Rural,15 years and above,Male,73.5,66,10.2
India,Bihar,"PLFS Year (Jul - Jun), 2018",Rural,15 years and above,Persons,40.6,36.6,9.8
India,Bihar,"PLFS Year (Jul - Jun), 2018",Rural,All Ages,Male,48.8,43.6,10.6
India,Bihar,"PLFS Year (Jul - Jun), 2018",Rural,All Ages,Female,2.6,2.6,1.7
India,Bihar,"PLFS Year (Jul - Jun), 2018",Rural,All Ages,Persons,26.7,24,10.2
India,Bihar,"PLFS Year (Jul - Jun), 2018",Urban,15-29 years,Male,45.2,31.5,30.3
India,Bihar,"PLFS Year (Jul - Jun), 2018",Urban,15-29 years,Female,3.7,2,47.2
India,Bihar,"PLFS Year (Jul - Jun), 2018",Urban,15-29 years,Persons,25.3,17.3,31.5
India,Bihar,"PLFS Year (Jul - Jun), 2018",Urban,15-59 years,Male,72.8,64.8,11
India,Bihar,"PLFS Year (Jul - Jun), 2018",Urban,15-59 years,Female,7,6.2,12.3
India,Bihar,"PLFS Year (Jul - Jun), 2018",Urban,15-59 years,Persons,40.9,36.4,11.1
India,Bihar,"PLFS Year (Jul - Jun), 2018",Urban,15 years and above,Male,69.7,62.6,10.3
India,Bihar,"PLFS Year (Jul - Jun), 2018",Urban,15 years and above,Female,6.5,5.7,11.9
India,Bihar,"PLFS Year (Jul - Jun), 2018",Urban,15 years and above,Persons,39.2,35.1,10.4
India,Bihar,"PLFS Year (Jul - Jun), 2018",Urban,All Ages,Male,48.4,43.4,10.4
India,Bihar,"PLFS Year (Jul - Jun), 2018",Urban,All Ages,Female,4.7,4.1,12.3
India,Bihar,"PLFS Year (Jul - Jun), 2018",Urban,All Ages,Persons,27.6,24.7,10.5
India,Bihar,"PLFS Year (Jul - Jun), 2018",Rural + Urban,15-29 years,Male,50.2,34.5,31.2
India,Bihar,"PLFS Year (Jul - Jun), 2018",Rural + Urban,15-29 years,Female,1.6,1.3,19.1
India,Bihar,"PLFS Year (Jul - Jun), 2018",Rural + Urban,15-29 years,Persons,27.6,19.1,30.9
India,Bihar,"PLFS Year (Jul - Jun), 2018",Rural + Urban,15-59 years,Male,76,67.6,11
India,Bihar,"PLFS Year (Jul - Jun), 2018",Rural + Urban,15-59 years,Female,4.5,4.4,3.1
India,Bihar,"PLFS Year (Jul - Jun), 2018",Rural + Urban,15-59 years,Persons,41.4,37,10.6
India,Bihar,"PLFS Year (Jul - Jun), 2018",Rural + Urban,15 years and above,Male,73.1,65.7,10.2
India,Bihar,"PLFS Year (Jul - Jun), 2018",Rural + Urban,15 years and above,Female,4.3,4.2,3
India,Bihar,"PLFS Year (Jul - Jun), 2018",Rural + Urban,15 years and above,Persons,40.4,36.4,9.8
India,Bihar,"PLFS Year (Jul - Jun), 2018",Rural + Urban,All Ages,Male,48.8,43.6,10.6
India,Bihar,"PLFS Year (Jul - Jun), 2018",Rural + Urban,All Ages,Female,2.8,2.7,3.3
India,Bihar,"PLFS Year (Jul - Jun), 2018",Rural + Urban,All Ages,Persons,26.8,24.1,10.2
India,Chandigarh,"PLFS Year (Jul - Jun), 2018",Rural,15-29 years,Male,67.5,67.5,0
India,Chandigarh,"PLFS Year (Jul - Jun), 2018",Rural,15-29 years,Female,28.4,24,15.5
India,Chandigarh,"PLFS Year (Jul - Jun), 2018",Rural,15-29 years,Persons,52,50.2,3.4
India,Chandigarh,"PLFS Year (Jul - Jun), 2018",Rural,15-59 years,Male,81.4,81.4,0
India,Chandigarh,"PLFS Year (Jul - Jun), 2018",Rural,15-59 years,Female,47.0,42.4,19.2
India,Chandigarh,"PLFS Year (Jul - Jun), 2018",Rural,15-59 years,Persons,56.9,56,1.7
India,Chandigarh,"PLFS Year (Jul - Jun), 2018",Rural,15 years and above,Male,81.5,81.5,0
India,Chandigarh,"PLFS Year (Jul - Jun), 2018",Rural,15 years and above,Persons,56.8,55.9,1.6
India,Chandigarh,"PLFS Year (Jul - Jun), 2018",Rural,All Ages,Male,67.2,67.2,0
India,Chandigarh,"PLFS Year (Jul - Jun), 2018",Rural,All Ages,Female,13.1,11.9,9.1
India,Chandigarh,"PLFS Year (Jul - Jun), 2018",Rural,All Ages,Persons,39.1,38.5,1.6
India,Chandigarh,"PLFS Year (Jul - Jun), 2018",Urban,15-29 years,Male,53.6,43.1,19.6
India,Chandigarh,"PLFS Year (Jul - Jun), 2018",Urban,15-29 years,Female,20.6,16.7,19
India,Chandigarh,"PLFS Year (Jul - Jun), 2018",Urban,15-29 years,Persons,39.2,31.6,19.5
India,Chandigarh,"PLFS Year (Jul - Jun), 2018",Urban,15-59 years,Male,79.3,73.3,7.5
India,Chandigarh,"PLFS Year (Jul - Jun), 2018",Urban,15-59 years,Female,27.7,24.9,10
India,Chandigarh,"PLFS Year (Jul - Jun), 2018",Urban,15-59 years,Persons,54.9,50.4,8.1
India,Chandigarh,"PLFS Year (Jul - Jun), 2018",Urban,15 years and above,Male,74.1,69,6.9
India,Chandigarh,"PLFS Year (Jul - Jun), 2018",Urban,15 years and above,Female,24.8,22.4,9.7
India,Chandigarh,"PLFS Year (Jul - Jun), 2018",Urban,15 years and above,Persons,50.8,47,7.6
India,Chandigarh,"PLFS Year (Jul - Jun), 2018",Urban,All Ages,Male,58.3,53.9,7.7
India,Chandigarh,"PLFS Year (Jul - Jun), 2018",Urban,All Ages,Female,20.1,18.1,9.7
India,Chandigarh,"PLFS Year (Jul - Jun), 2018",Urban,All Ages,Persons,40.6,37.3,8.2
India,Chandigarh,"PLFS Year (Jul - Jun), 2018",Rural + Urban,15-29 years,Male,54.5,44.6,18.1
India,Chandigarh,"PLFS Year (Jul - Jun), 2018",Rural + Urban,15-29 years,Female,21,17.1,18.8
India,Chandigarh,"PLFS Year (Jul - Jun), 2018",Rural + Urban,15-29 years,Persons,40,32.7,18.2
India,Chandigarh,"PLFS Year (Jul - Jun), 2018",Rural + Urban,15-59 years,Male,79.4,73.7,7.1
India,Chandigarh,"PLFS Year (Jul - Jun), 2018",Rural + Urban,15-59 years,Female,27.5,24.8,10
India,Chandigarh,"PLFS Year (Jul - Jun), 2018",Rural + Urban,15-59 years,Persons,54.9,50.7,7.8
India,Chandigarh,"PLFS Year (Jul - Jun), 2018",Rural + Urban,15 years and above,Male,74.4,69.5,6.6
India,Chandigarh,"PLFS Year (Jul - Jun), 2018",Rural + Urban,15 years and above,Female,24.7,22.3,9.7
India,Chandigarh,"PLFS Year (Jul - Jun), 2018",Rural + Urban,15 years and above,Persons,51.1,47.3,7.3
India,Chandigarh,"PLFS Year (Jul - Jun), 2018",Rural + Urban,All Ages,Male,58.7,54.4,7.3
India,Chandigarh,"PLFS Year (Jul - Jun), 2018",Rural + Urban,All Ages,Female,19.7,17.8,9.7
India,Chandigarh,"PLFS Year (Jul - Jun), 2018",Rural + Urban,All Ages,Persons,40.6,37.4,7.9
India,Chhattisgarh,"PLFS Year (Jul - Jun), 2018",Rural,15-29 years,Male,54.6,49.2,9.9
India,Chhattisgarh,"PLFS Year (Jul - Jun), 2018",Rural,15-29 years,Female,34,33,3
India,Chhattisgarh,"PLFS Year (Jul - Jun), 2018",Rural,15-29 years,Persons,44.5,41.3,7.3
India,Chhattisgarh,"PLFS Year (Jul - Jun), 2018",Rural,15-59 years,Male,80.9,78.7,2.7
India,Chhattisgarh,"PLFS Year (Jul - Jun), 2018",Rural,15-59 years,Female,113.4,112.4,1.6
India,Chhattisgarh,"PLFS Year (Jul - Jun), 2018",Rural,15-59 years,Persons,69,67.7,1.9
India,Chhattisgarh,"PLFS Year (Jul - Jun), 2018",Rural,15 years and above,Male,76.5,74.5,2.6
India,Chhattisgarh,"PLFS Year (Jul - Jun), 2018",Rural,15 years and above,Persons,65,63.8,1.8
India,Chhattisgarh,"PLFS Year (Jul - Jun), 2018",Rural,All Ages,Male,54.8,53.4,2.6
India,Chhattisgarh,"PLFS Year (Jul - Jun), 2018",Rural,All Ages,Female,39.2,38.9,0.7
India,Chhattisgarh,"PLFS Year (Jul - Jun), 2018",Rural,All Ages,Persons,47.2,46.4,1.8
India,Chhattisgarh,"PLFS Year (Jul - Jun), 2018",Urban,15-29 years,Male,58.6,49.9,14.9
India,Chhattisgarh,"PLFS Year (Jul - Jun), 2018",Urban,15-29 years,Female,22.6,17.8,21.1
India,Chhattisgarh,"PLFS Year (Jul - Jun), 2018",Urban,15-29 years,Persons,40,33.3,16.7
India,Chhattisgarh,"PLFS Year (Jul - Jun), 2018",Urban,15-59 years,Male,82.3,78.3,4.9
India,Chhattisgarh,"PLFS Year (Jul - Jun), 2018",Urban,15-59 years,Female,31.4,29,7.8
India,Chhattisgarh,"PLFS Year (Jul - Jun), 2018",Urban,15-59 years,Persons,56.6,53.4,5.7
India,Chhattisgarh,"PLFS Year (Jul - Jun), 2018",Urban,15 years and above,Male,77.5,73.9,4.6
India,Chhattisgarh,"PLFS Year (Jul - Jun), 2018",Urban,15 years and above,Female,29.3,27.1,7.4
India,Chhattisgarh,"PLFS Year (Jul - Jun), 2018",Urban,15 years and above,Persons,53.2,50.3,5.4
India,Chhattisgarh,"PLFS Year (Jul - Jun), 2018",Urban,All Ages,Male,57.2,54.5,4.6
India,Chhattisgarh,"PLFS Year (Jul - Jun), 2018",Urban,All Ages,Female,22.2,20.5,7.8
India,Chhattisgarh,"PLFS Year (Jul - Jun), 2018",Urban,All Ages,Persons,39.7,37.5,5.5
India,Chhattisgarh,"PLFS Year (Jul - Jun), 2018",Rural + Urban,15-29 years,Male,55.3,49.3,10.9
India,Chhattisgarh,"PLFS Year (Jul - Jun), 2018",Rural + Urban,15-29 years,Female,31.7,29.9,5.6
India,Chhattisgarh,"PLFS Year (Jul - Jun), 2018",Rural + Urban,15-29 years,Persons,43.6,39.7,9
India,Chhattisgarh,"PLFS Year (Jul - Jun), 2018",Rural + Urban,15-59 years,Male,81.1,78.6,3.1
India,Chhattisgarh,"PLFS Year (Jul - Jun), 2018",Rural + Urban,15-59 years,Female,51.7,50.9,1.6
India,Chhattisgarh,"PLFS Year (Jul - Jun), 2018",Rural + Urban,15-59 years,Persons,66.6,64.9,2.6
India,Chhattisgarh,"PLFS Year (Jul - Jun), 2018",Rural + Urban,15 years and above,Male,76.7,74.4,3
India,Chhattisgarh,"PLFS Year (Jul - Jun), 2018",Rural + Urban,15 years and above,Female,48.4,47.7,1.5
India,Chhattisgarh,"PLFS Year (Jul - Jun), 2018",Rural + Urban,15 years and above,Persons,62.7,61.2,2.4
India,Chhattisgarh,"PLFS Year (Jul - Jun), 2018",Rural + Urban,All Ages,Male,55.2,53.6,3
India,Chhattisgarh,"PLFS Year (Jul - Jun), 2018",Rural + Urban,All Ages,Female,35.9,35.3,1.6
India,Chhattisgarh,"PLFS Year (Jul - Jun), 2018",Rural + Urban,All Ages,Persons,45.8,44.7,2.4
India,Delhi,"PLFS Year (Jul - Jun), 2018",Rural,15-29 years,Male,60.1,59.2,1.5
India,Delhi,"PLFS Year (Jul - Jun), 2018",Rural,15-29 years,Female,32.4,32.4,0
India,Delhi,"PLFS Year (Jul - Jun), 2018",Rural,15-29 years,Persons,47.2,46.8,1
India,Delhi,"PLFS Year (Jul - Jun), 2018",Rural,15-59 years,Male,80.5,80,0.6
India,Delhi,"PLFS Year (Jul - Jun), 2018",Rural,15-59 years,Female,32.6,32.6,0
India,Delhi,"PLFS Year (Jul - Jun), 2018",Rural,15-59 years,Persons,49.8,49.6,0.5
India,Delhi,"PLFS Year (Jul - Jun), 2018",Rural,15 years and above,Male,72.2,71.8,0.6
India,Delhi,"PLFS Year (Jul - Jun), 2018",Rural,15 years and above,Persons,44.7,44.4,0.5
India,Delhi,"PLFS Year (Jul - Jun), 2018",Rural,All Ages,Male,41.6,41.4,0.6
India,Delhi,"PLFS Year (Jul - Jun), 2018",Rural,All Ages,Female,9,9,0
India,Delhi,"PLFS Year (Jul - Jun), 2018",Rural,All Ages,Persons,26.7,26.6,0.5
India,Delhi,"PLFS Year (Jul - Jun), 2018",Urban,15-29 years,Male,59.9,46.3,22.6
India,Delhi,"PLFS Year (Jul - Jun), 2018",Urban,15-29 years,Female,14.8,10.5,28.8
India,Delhi,"PLFS Year (Jul - Jun), 2018",Urban,15-29 years,Persons,41.7,31.9,23.5
India,Delhi,"PLFS Year (Jul - Jun), 2018",Urban,15-59 years,Male,79.7,70.7,11.2
India,Delhi,"PLFS Year (Jul - Jun), 2018",Urban,15-59 years,Female,19.8,17.8,10.1
India,Delhi,"PLFS Year (Jul - Jun), 2018",Urban,15-59 years,Persons,53.6,47.7,11.1
India,Delhi,"PLFS Year (Jul - Jun), 2018",Urban,15 years and above,Male,75.3,67.1,10.9
India,Delhi,"PLFS Year (Jul - Jun), 2018",Urban,15 years and above,Female,18,16.2,9.9
India,Delhi,"PLFS Year (Jul - Jun), 2018",Urban,15 years and above,Persons,49.9,44.5,10.8
India,Delhi,"PLFS Year (Jul - Jun), 2018",Urban,All Ages,Male,57.6,51.3,10.9
India,Delhi,"PLFS Year (Jul - Jun), 2018",Urban,All Ages,Female,13.9,12.5,9.9
India,Delhi,"PLFS Year (Jul - Jun), 2018",Urban,All Ages,Persons,38.1,34,10.8
India,Delhi,"PLFS Year (Jul - Jun), 2018",Rural + Urban,15-29 years,Male,59.9,46.8,21.9
India,Delhi,"PLFS Year (Jul - Jun), 2018",Rural + Urban,15-29 years,Female,15.5,11.5,26.3
India,Delhi,"PLFS Year (Jul - Jun), 2018",Rural + Urban,15-29 years,Persons,41.9,32.5,22.5
India,Delhi,"PLFS Year (Jul - Jun), 2018",Rural + Urban,15-59 years,Male,79.7,71.1,10.9
India,Delhi,"PLFS Year (Jul - Jun), 2018",Rural + Urban,15-59 years,Female,19.7,17.7,9.8
India,Delhi,"PLFS Year (Jul - Jun), 2018",Rural + Urban,15-59 years,Persons,53.5,47.8,10.7
India,Delhi,"PLFS Year (Jul - Jun), 2018",Rural + Urban,15 years and above,Male,75.2,67.3,10.6
India,Delhi,"PLFS Year (Jul - Jun), 2018",Rural + Urban,15 years and above,Female,17.8,16.1,9.6
India,Delhi,"PLFS Year (Jul - Jun), 2018",Rural + Urban,15 years and above,Persons,49.7,44.5,10.4
India,Delhi,"PLFS Year (Jul - Jun), 2018",Rural + Urban,All Ages,Male,56.8,50.8,10.6
India,Delhi,"PLFS Year (Jul - Jun), 2018",Rural + Urban,All Ages,Female,13.7,12.4,9.6
India,Delhi,"PLFS Year (Jul - Jun), 2018",Rural + Urban,All Ages,Persons,37.5,33.6,10.4
India,Goa,"PLFS Year (Jul - Jun), 2018",Rural,15-29 years,Male,45.6,41.9,8.3
India,Goa,"PLFS Year (Jul - Jun), 2018",Rural,15-29 years,Female,44.3,30.7,30.6
India,Goa,"PLFS Year (Jul - Jun), 2018",Rural,15-29 years,Persons,44.9,35.9,20
India,Goa,"PLFS Year (Jul - Jun), 2018",Rural,15-59 years,Male,75.8,73.9,2.5
India,Goa,"PLFS Year (Jul - Jun), 2018",Rural,15-59 years,Female,68.8,55.0,39.8
India,Goa,"PLFS Year (Jul - Jun), 2018",Rural,15-59 years,Persons,54.1,49.6,8.3
India,Goa,"PLFS Year (Jul - Jun), 2018",Rural,15 years and above,Male,69.8,68.2,2.4
India,Goa,"PLFS Year (Jul - Jun), 2018",Rural,15 years and above,Persons,47.5,43.7,8
India,Goa,"PLFS Year (Jul - Jun), 2018",Rural,All Ages,Male,51.9,50.7,2.4
India,Goa,"PLFS Year (Jul - Jun), 2018",Rural,All Ages,Female,22.8,18.3,19.7
India,Goa,"PLFS Year (Jul - Jun), 2018",Rural,All Ages,Persons,36.7,33.7,8
India,Goa,"PLFS Year (Jul - Jun), 2018",Urban,15-29 years,Male,68.6,52.5,23.4
India,Goa,"PLFS Year (Jul - Jun), 2018",Urban,15-29 years,Female,33.8,22.7,32.7
India,Goa,"PLFS Year (Jul - Jun), 2018",Urban,15-29 years,Persons,52.1,38.4,26.3
India,Goa,"PLFS Year (Jul - Jun), 2018",Urban,15-59 years,Male,83,76.8,7.5
India,Goa,"PLFS Year (Jul - Jun), 2018",Urban,15-59 years,Female,36.5,30.7,15.8
India,Goa,"PLFS Year (Jul - Jun), 2018",Urban,15-59 years,Persons,60.1,54.1,10
India,Goa,"PLFS Year (Jul - Jun), 2018",Urban,15 years and above,Male,73.8,68.7,6.9
India,Goa,"PLFS Year (Jul - Jun), 2018",Urban,15 years and above,Female,30.7,26.2,14.4
India,Goa,"PLFS Year (Jul - Jun), 2018",Urban,15 years and above,Persons,51.9,47.2,9.1
India,Goa,"PLFS Year (Jul - Jun), 2018",Urban,All Ages,Male,59,54.9,6.9
India,Goa,"PLFS Year (Jul - Jun), 2018",Urban,All Ages,Female,25.4,21.7,14.4
India,Goa,"PLFS Year (Jul - Jun), 2018",Urban,All Ages,Persons,42.3,38.4,9.1
India,Goa,"PLFS Year (Jul - Jun), 2018",Rural + Urban,15-29 years,Male,60.7,48.9,19.5
India,Goa,"PLFS Year (Jul - Jun), 2018",Rural + Urban,15-29 years,Female,37.9,25.9,31.7
India,Goa,"PLFS Year (Jul - Jun), 2018",Rural + Urban,15-29 years,Persons,49.4,37.5,24.2
India,Goa,"PLFS Year (Jul - Jun), 2018",Rural + Urban,15-59 years,Male,80.4,75.7,5.8
India,Goa,"PLFS Year (Jul - Jun), 2018",Rural + Urban,15-59 years,Female,35.6,29.4,17.4
India,Goa,"PLFS Year (Jul - Jun), 2018",Rural + Urban,15-59 years,Persons,57.8,52.4,9.4
India,Goa,"PLFS Year (Jul - Jun), 2018",Rural + Urban,15 years and above,Male,72.4,68.5,5.3
India,Goa,"PLFS Year (Jul - Jun), 2018",Rural + Urban,15 years and above,Female,29.9,25,16.4
India,Goa,"PLFS Year (Jul - Jun), 2018",Rural + Urban,15 years and above,Persons,50.3,45.9,8.7
India,Goa,"PLFS Year (Jul - Jun), 2018",Rural + Urban,All Ages,Male,56.4,53.4,5.3
India,Goa,"PLFS Year (Jul - Jun), 2018",Rural + Urban,All Ages,Female,24.4,20.4,16.4
India,Goa,"PLFS Year (Jul - Jun), 2018",Rural + Urban,All Ages,Persons,40.1,36.6,8.7
India,Gujarat,"PLFS Year (Jul - Jun), 2018",Rural,15-29 years,Male,66.3,59.8,9.7
India,Gujarat,"PLFS Year (Jul - Jun), 2018",Rural,15-29 years,Female,18,16.7,7.1
India,Gujarat,"PLFS Year (Jul - Jun), 2018",Rural,15-29 years,Persons,43.4,39.4,9.2
India,Gujarat,"PLFS Year (Jul - Jun), 2018",Rural,15-59 years,Male,84.6,81.3,3.9
India,Gujarat,"PLFS Year (Jul - Jun), 2018",Rural,15-59 years,Female,54.2,53.2,3.8
India,Gujarat,"PLFS Year (Jul - Jun), 2018",Rural,15-59 years,Persons,56.9,54.9,3.5
India,Gujarat,"PLFS Year (Jul - Jun), 2018",Rural,15 years and above,Male,80.4,77.5,3.6
India,Gujarat,"PLFS Year (Jul - Jun), 2018",Rural,15 years and above,Persons,53.8,52.1,3.2
India,Gujarat,"PLFS Year (Jul - Jun), 2018",Rural,All Ages,Male,60.1,57.8,3.8
India,Gujarat,"PLFS Year (Jul - Jun), 2018",Rural,All Ages,Female,19.3,19,1.8
India,Gujarat,"PLFS Year (Jul - Jun), 2018",Rural,All Ages,Persons,40.6,39.2,3.3
India,Gujarat,"PLFS Year (Jul - Jun), 2018",Urban,15-29 years,Male,67.4,62.2,7.6
India,Gujarat,"PLFS Year (Jul - Jun), 2018",Urban,15-29 years,Female,19.2,18,6.3
India,Gujarat,"PLFS Year (Jul - Jun), 2018",Urban,15-29 years,Persons,45.2,41.9,7.4
India,Gujarat,"PLFS Year (Jul - Jun), 2018",Urban,15-59 years,Male,83,80.1,3.5
India,Gujarat,"PLFS Year (Jul - Jun), 2018",Urban,15-59 years,Female,18.6,18.1,2.6
India,Gujarat,"PLFS Year (Jul - Jun), 2018",Urban,15-59 years,Persons,52.3,50.5,3.4
India,Gujarat,"PLFS Year (Jul - Jun), 2018",Urban,15 years and above,Male,77.8,75.2,3.4
India,Gujarat,"PLFS Year (Jul - Jun), 2018",Urban,15 years and above,Female,16.4,16,2.5
India,Gujarat,"PLFS Year (Jul - Jun), 2018",Urban,15 years and above,Persons,48,46.5,3.2
India,Gujarat,"PLFS Year (Jul - Jun), 2018",Urban,All Ages,Male,60.5,58.4,3.4
India,Gujarat,"PLFS Year (Jul - Jun), 2018",Urban,All Ages,Female,13.5,13.2,2.5
India,Gujarat,"PLFS Year (Jul - Jun), 2018",Urban,All Ages,Persons,38.3,37.1,3.2
India,Gujarat,"PLFS Year (Jul - Jun), 2018",Rural + Urban,15-29 years,Male,66.8,60.9,8.8
India,Gujarat,"PLFS Year (Jul - Jun), 2018",Rural + Urban,15-29 years,Female,18.5,17.3,6.8
India,Gujarat,"PLFS Year (Jul - Jun), 2018",Rural + Urban,15-29 years,Persons,44.2,40.5,8.4
India,Gujarat,"PLFS Year (Jul - Jun), 2018",Rural + Urban,15-59 years,Male,83.9,80.8,3.7
India,Gujarat,"PLFS Year (Jul - Jun), 2018",Rural + Urban,15-59 years,Female,23.5,23,2.1
India,Gujarat,"PLFS Year (Jul - Jun), 2018",Rural + Urban,15-59 years,Persons,54.9,53,3.4
India,Gujarat,"PLFS Year (Jul - Jun), 2018",Rural + Urban,15 years and above,Male,79.3,76.5,3.5
India,Gujarat,"PLFS Year (Jul - Jun), 2018",Rural + Urban,15 years and above,Female,21.5,21.1,2
India,Gujarat,"PLFS Year (Jul - Jun), 2018",Rural + Urban,15 years and above,Persons,51.3,49.7,3.2
India,Gujarat,"PLFS Year (Jul - Jun), 2018",Rural + Urban,All Ages,Male,60.2,58.1,3.6
India,Gujarat,"PLFS Year (Jul - Jun), 2018",Rural + Urban,All Ages,Female,16.9,16.6,2
India,Gujarat,"PLFS Year (Jul - Jun), 2018",Rural + Urban,All Ages,Persons,39.6,38.3,3.3
India,Haryana,"PLFS Year (Jul - Jun), 2018",Rural,15-29 years,Male,61.5,45.9,25.3
India,Haryana,"PLFS Year (Jul - Jun), 2018",Rural,15-29 years,Female,8.2,6.3,22.9
India,Haryana,"PLFS Year (Jul - Jun), 2018",Rural,15-29 years,Persons,37.9,28.4,25.1
India,Haryana,"PLFS Year (Jul - Jun), 2018",Rural,15-59 years,Male,80,71.4,10.7
India,Haryana,"PLFS Year (Jul - Jun), 2018",Rural,15-59 years,Female,30.2,28,14.6
India,Haryana,"PLFS Year (Jul - Jun), 2018",Rural,15-59 years,Persons,49.3,44.3,10.2
India,Haryana,"PLFS Year (Jul - Jun), 2018",Rural,15 years and above,Male,74.7,67.2,10
India,Haryana,"PLFS Year (Jul - Jun), 2018",Rural,15 years and above,Persons,45.3,41,9.6
India,Haryana,"PLFS Year (Jul - Jun), 2018",Rural,All Ages,Male,53.7,48.3,10
India,Haryana,"PLFS Year (Jul - Jun), 2018",Rural,All Ages,Female,10.1,9.4,6.7
India,Haryana,"PLFS Year (Jul - Jun), 2018",Rural,All Ages,Persons,32.9,29.8,9.5
India,Haryana,"PLFS Year (Jul - Jun), 2018",Urban,15-29 years,Male,58.8,49.5,15.9
India,Haryana,"PLFS Year (Jul - Jun), 2018",Urban,15-29 years,Female,15.5,12.5,19.4
India,Haryana,"PLFS Year (Jul - Jun), 2018",Urban,15-29 years,Persons,40.3,33.7,16.5
India,Haryana,"PLFS Year (Jul - Jun), 2018",Urban,15-59 years,Male,79.3,72.1,9
India,Haryana,"PLFS Year (Jul - Jun), 2018",Urban,15-59 years,Female,21,19.1,9
India,Haryana,"PLFS Year (Jul - Jun), 2018",Urban,15-59 years,Persons,52.5,47.8,9
India,Haryana,"PLFS Year (Jul - Jun), 2018",Urban,15 years and above,Male,73.9,67.5,8.7
India,Haryana,"PLFS Year (Jul - Jun), 2018",Urban,15 years and above,Female,18.5,16.8,8.9
India,Haryana,"PLFS Year (Jul - Jun), 2018",Urban,15 years and above,Persons,48,43.8,8.7
India,Haryana,"PLFS Year (Jul - Jun), 2018",Urban,All Ages,Male,56.8,51.9,8.6
India,Haryana,"PLFS Year (Jul - Jun), 2018",Urban,All Ages,Female,14.4,13.2,8.9
India,Haryana,"PLFS Year (Jul - Jun), 2018",Urban,All Ages,Persons,37.2,34,8.7
India,Haryana,"PLFS Year (Jul - Jun), 2018",Rural + Urban,15-29 years,Male,60.6,47.1,22.2
India,Haryana,"PLFS Year (Jul - Jun), 2018",Rural + Urban,15-29 years,Female,10.6,8.3,21.2
India,Haryana,"PLFS Year (Jul - Jun), 2018",Rural + Urban,15-29 years,Persons,38.7,30.1,22.1
India,Haryana,"PLFS Year (Jul - Jun), 2018",Rural + Urban,15-59 years,Male,79.7,71.7,10.1
India,Haryana,"PLFS Year (Jul - Jun), 2018",Rural + Urban,15-59 years,Female,17.1,15.7,8
India,Haryana,"PLFS Year (Jul - Jun), 2018",Rural + Urban,15-59 years,Persons,50.4,45.5,9.8
India,Haryana,"PLFS Year (Jul - Jun), 2018",Rural + Urban,15 years and above,Male,74.4,67.3,9.6
India,Haryana,"PLFS Year (Jul - Jun), 2018",Rural + Urban,15 years and above,Female,15.3,14.1,7.6
India,Haryana,"PLFS Year (Jul - Jun), 2018",Rural + Urban,15 years and above,Persons,46.2,41.9,9.3
India,Haryana,"PLFS Year (Jul - Jun), 2018",Rural + Urban,All Ages,Male,54.8,49.5,9.6
India,Haryana,"PLFS Year (Jul - Jun), 2018",Rural + Urban,All Ages,Female,11.5,10.6,7.6
India,Haryana,"PLFS Year (Jul - Jun), 2018",Rural + Urban,All Ages,Persons,34.3,31.1,9.2
India,Himachal Pradesh,"PLFS Year (Jul - Jun), 2018",Rural,15-29 years,Male,53.1,42.1,20.7
India,Himachal Pradesh,"PLFS Year (Jul - Jun), 2018",Rural,15-29 years,Female,45.5,38.2,15.9
India,Himachal Pradesh,"PLFS Year (Jul - Jun), 2018",Rural,15-29 years,Persons,49.5,40.3,18.6
India,Himachal Pradesh,"PLFS Year (Jul - Jun), 2018",Rural,15-59 years,Male,80.3,75.4,6.1
India,Himachal Pradesh,"PLFS Year (Jul - Jun), 2018",Rural,15-59 years,Female,135.0,128.4,9.6
India,Himachal Pradesh,"PLFS Year (Jul - Jun), 2018",Rural,15-59 years,Persons,73.8,69.8,5.5
India,Himachal Pradesh,"PLFS Year (Jul - Jun), 2018",Rural,15 years and above,Male,76.1,72.1,5.3
India,Himachal Pradesh,"PLFS Year (Jul - Jun), 2018",Rural,15 years and above,Persons,68.9,65.6,4.8
India,Himachal Pradesh,"PLFS Year (Jul - Jun), 2018",Rural,All Ages,Male,59.1,56,5.3
India,Himachal Pradesh,"PLFS Year (Jul - Jun), 2018",Rural,All Ages,Female,49,46.9,4.3
India,Himachal Pradesh,"PLFS Year (Jul - Jun), 2018",Rural,All Ages,Persons,54,51.4,4.8
India,Himachal Pradesh,"PLFS Year (Jul - Jun), 2018",Urban,15-29 years,Male,55.1,46.7,15.2
India,Himachal Pradesh,"PLFS Year (Jul - Jun), 2018",Urban,15-29 years,Female,25.4,17.2,32.2
India,Himachal Pradesh,"PLFS Year (Jul - Jun), 2018",Urban,15-29 years,Persons,42.2,33.9,19.6
India,Himachal Pradesh,"PLFS Year (Jul - Jun), 2018",Urban,15-59 years,Male,78.4,73,6.9
India,Himachal Pradesh,"PLFS Year (Jul - Jun), 2018",Urban,15-59 years,Female,34.1,28.8,15.7
India,Himachal Pradesh,"PLFS Year (Jul - Jun), 2018",Urban,15-59 years,Persons,58,52.6,9.3
India,Himachal Pradesh,"PLFS Year (Jul - Jun), 2018",Urban,15 years and above,Male,73.4,68.6,6.5
India,Himachal Pradesh,"PLFS Year (Jul - Jun), 2018",Urban,15 years and above,Female,31.4,26.7,14.9
India,Himachal Pradesh,"PLFS Year (Jul - Jun), 2018",Urban,15 years and above,Persons,53.8,49,8.8
India,Himachal Pradesh,"PLFS Year (Jul - Jun), 2018",Urban,All Ages,Male,56.7,53,6.5
India,Himachal Pradesh,"PLFS Year (Jul - Jun), 2018",Urban,All Ages,Female,25.8,21.9,14.9
India,Himachal Pradesh,"PLFS Year (Jul - Jun), 2018",Urban,All Ages,Persons,42.7,39,8.8
India,Himachal Pradesh,"PLFS Year (Jul - Jun), 2018",Rural + Urban,15-29 years,Male,53.3,42.7,20
India,Himachal Pradesh,"PLFS Year (Jul - Jun), 2018",Rural + Urban,15-29 years,Female,43.1,35.7,17
India,Himachal Pradesh,"PLFS Year (Jul - Jun), 2018",Rural + Urban,15-29 years,Persons,48.6,39.5,18.8
India,Himachal Pradesh,"PLFS Year (Jul - Jun), 2018",Rural + Urban,15-59 years,Male,80.1,75.1,6.2
India,Himachal Pradesh,"PLFS Year (Jul - Jun), 2018",Rural + Urban,15-59 years,Female,64.1,60.6,5.4
India,Himachal Pradesh,"PLFS Year (Jul - Jun), 2018",Rural + Urban,15-59 years,Persons,72.1,67.9,5.8
India,Himachal Pradesh,"PLFS Year (Jul - Jun), 2018",Rural + Urban,15 years and above,Male,75.8,71.7,5.4
India,Himachal Pradesh,"PLFS Year (Jul - Jun), 2018",Rural + Urban,15 years and above,Female,59.2,56.3,4.8
India,Himachal Pradesh,"PLFS Year (Jul - Jun), 2018",Rural + Urban,15 years and above,Persons,67.4,63.9,5.1
India,Himachal Pradesh,"PLFS Year (Jul - Jun), 2018",Rural + Urban,All Ages,Male,58.8,55.6,5.4
India,Himachal Pradesh,"PLFS Year (Jul - Jun), 2018",Rural + Urban,All Ages,Female,46.9,44.6,4.8
India,Himachal Pradesh,"PLFS Year (Jul - Jun), 2018",Rural + Urban,All Ages,Persons,52.8,50.1,5.2
India,Jammu and Kashmir,"PLFS Year (Jul - Jun), 2018",Rural,15-29 years,Male,58.3,53.5,8.2
India,Jammu and Kashmir,"PLFS Year (Jul - Jun), 2018",Rural,15-29 years,Female,30.5,25.8,15.2
India,Jammu and Kashmir,"PLFS Year (Jul - Jun), 2018",Rural,15-29 years,Persons,45.1,40.4,10.4
India,Jammu and Kashmir,"PLFS Year (Jul - Jun), 2018",Rural,15-59 years,Male,80.4,77.8,3.3
India,Jammu and Kashmir,"PLFS Year (Jul - Jun), 2018",Rural,15-59 years,Female,79.6,74.4,13.0
India,Jammu and Kashmir,"PLFS Year (Jul - Jun), 2018",Rural,15-59 years,Persons,60.4,57.8,4.3
India,Jammu and Kashmir,"PLFS Year (Jul - Jun), 2018",Rural,15 years and above,Male,78,75.7,2.9
India,Jammu and Kashmir,"PLFS Year (Jul - Jun), 2018",Rural,15 years and above,Persons,58.3,56,4
India,Jammu and Kashmir,"PLFS Year (Jul - Jun), 2018",Rural,All Ages,Male,58.5,56.8,2.9
India,Jammu and Kashmir,"PLFS Year (Jul - Jun), 2018",Rural,All Ages,Female,29.3,27.5,6
India,Jammu and Kashmir,"PLFS Year (Jul - Jun), 2018",Rural,All Ages,Persons,44.4,42.7,3.9
India,Jammu and Kashmir,"PLFS Year (Jul - Jun), 2018",Urban,15-29 years,Male,51.4,40.7,20.8
India,Jammu and Kashmir,"PLFS Year (Jul - Jun), 2018",Urban,15-29 years,Female,24,11.9,50.2
India,Jammu and Kashmir,"PLFS Year (Jul - Jun), 2018",Urban,15-29 years,Persons,38.2,26.9,29.7
India,Jammu and Kashmir,"PLFS Year (Jul - Jun), 2018",Urban,15-59 years,Male,78.7,73.9,6
India,Jammu and Kashmir,"PLFS Year (Jul - Jun), 2018",Urban,15-59 years,Female,23.3,16.8,27.7
India,Jammu and Kashmir,"PLFS Year (Jul - Jun), 2018",Urban,15-59 years,Persons,51.6,46,10.8
India,Jammu and Kashmir,"PLFS Year (Jul - Jun), 2018",Urban,15 years and above,Male,71.9,67.9,5.6
India,Jammu and Kashmir,"PLFS Year (Jul - Jun), 2018",Urban,15 years and above,Female,20.5,15,27
India,Jammu and Kashmir,"PLFS Year (Jul - Jun), 2018",Urban,15 years and above,Persons,47,42.3,10.1
India,Jammu and Kashmir,"PLFS Year (Jul - Jun), 2018",Urban,All Ages,Male,56.2,53.1,5.6
India,Jammu and Kashmir,"PLFS Year (Jul - Jun), 2018",Urban,All Ages,Female,16.2,11.8,27.2
India,Jammu and Kashmir,"PLFS Year (Jul - Jun), 2018",Urban,All Ages,Persons,37,33.2,10.1
India,Jammu and Kashmir,"PLFS Year (Jul - Jun), 2018",Rural + Urban,15-29 years,Male,56.9,51,10.4
India,Jammu and Kashmir,"PLFS Year (Jul - Jun), 2018",Rural + Urban,15-29 years,Female,29.1,23,21
India,Jammu and Kashmir,"PLFS Year (Jul - Jun), 2018",Rural + Urban,15-29 years,Persons,43.7,37.7,13.8
India,Jammu and Kashmir,"PLFS Year (Jul - Jun), 2018",Rural + Urban,15-59 years,Male,80,76.9,3.8
India,Jammu and Kashmir,"PLFS Year (Jul - Jun), 2018",Rural + Urban,15-59 years,Female,36.3,32.9,9.4
India,Jammu and Kashmir,"PLFS Year (Jul - Jun), 2018",Rural + Urban,15-59 years,Persons,58.5,55.3,5.6
India,Jammu and Kashmir,"PLFS Year (Jul - Jun), 2018",Rural + Urban,15 years and above,Male,76.6,74,3.5
India,Jammu and Kashmir,"PLFS Year (Jul - Jun), 2018",Rural + Urban,15 years and above,Female,33.8,30.8,8.9
India,Jammu and Kashmir,"PLFS Year (Jul - Jun), 2018",Rural + Urban,15 years and above,Persons,55.8,52.9,5.1
India,Jammu and Kashmir,"PLFS Year (Jul - Jun), 2018",Rural + Urban,All Ages,Male,58,56,3.5
India,Jammu and Kashmir,"PLFS Year (Jul - Jun), 2018",Rural + Urban,All Ages,Female,26.5,24.2,8.8
India,Jammu and Kashmir,"PLFS Year (Jul - Jun), 2018",Rural + Urban,All Ages,Persons,42.9,40.7,5.1
India,Jharkhand,"PLFS Year (Jul - Jun), 2018",Rural,15-29 years,Male,64,54.3,15.1
India,Jharkhand,"PLFS Year (Jul - Jun), 2018",Rural,15-29 years,Female,17.1,16.8,1.9
India,Jharkhand,"PLFS Year (Jul - Jun), 2018",Rural,15-29 years,Persons,38.3,33.8,11.9
India,Jharkhand,"PLFS Year (Jul - Jun), 2018",Rural,15-59 years,Male,82.4,77.4,6.1
India,Jharkhand,"PLFS Year (Jul - Jun), 2018",Rural,15-59 years,Female,51.6,51.2,1.2
India,Jharkhand,"PLFS Year (Jul - Jun), 2018",Rural,15-59 years,Persons,52.6,50.2,4.7
India,Jharkhand,"PLFS Year (Jul - Jun), 2018",Rural,15 years and above,Male,78.9,74.5,5.5
India,Jharkhand,"PLFS Year (Jul - Jun), 2018",Rural,15 years and above,Persons,49.8,47.6,4.3
India,Jharkhand,"PLFS Year (Jul - Jun), 2018",Rural,All Ages,Male,51.7,48.7,5.8
India,Jharkhand,"PLFS Year (Jul - Jun), 2018",Rural,All Ages,Female,15.5,15.4,0.6
India,Jharkhand,"PLFS Year (Jul - Jun), 2018",Rural,All Ages,Persons,32.9,31.4,4.5
India,Jharkhand,"PLFS Year (Jul - Jun), 2018",Urban,15-29 years,Male,55.9,43.7,22
India,Jharkhand,"PLFS Year (Jul - Jun), 2018",Urban,15-29 years,Female,8,5.7,28
India,Jharkhand,"PLFS Year (Jul - Jun), 2018",Urban,15-29 years,Persons,30.2,23.3,22.8
India,Jharkhand,"PLFS Year (Jul - Jun), 2018",Urban,15-59 years,Male,77.8,70.7,9
India,Jharkhand,"PLFS Year (Jul - Jun), 2018",Urban,15-59 years,Female,12.8,11.7,8.7
India,Jharkhand,"PLFS Year (Jul - Jun), 2018",Urban,15-59 years,Persons,43.6,39.7,9
India,Jharkhand,"PLFS Year (Jul - Jun), 2018",Urban,15 years and above,Male,68.6,62.6,8.7
India,Jharkhand,"PLFS Year (Jul - Jun), 2018",Urban,15 years and above,Female,11.8,10.8,8.4
India,Jharkhand,"PLFS Year (Jul - Jun), 2018",Urban,15 years and above,Persons,39.5,36.1,8.7
India,Jharkhand,"PLFS Year (Jul - Jun), 2018",Urban,All Ages,Male,52.4,47.9,8.7
India,Jharkhand,"PLFS Year (Jul - Jun), 2018",Urban,All Ages,Female,9.3,8.5,8.4
India,Jharkhand,"PLFS Year (Jul - Jun), 2018",Urban,All Ages,Persons,30.7,28,8.7
India,Jharkhand,"PLFS Year (Jul - Jun), 2018",Rural + Urban,15-29 years,Male,62,51.7,16.6
India,Jharkhand,"PLFS Year (Jul - Jun), 2018",Rural + Urban,15-29 years,Female,15,14.2,5.1
India,Jharkhand,"PLFS Year (Jul - Jun), 2018",Rural + Urban,15-29 years,Persons,36.4,31.3,14
India,Jharkhand,"PLFS Year (Jul - Jun), 2018",Rural + Urban,15-59 years,Male,81.3,75.8,6.7
India,Jharkhand,"PLFS Year (Jul - Jun), 2018",Rural + Urban,15-59 years,Female,22.7,22.3,1.7
India,Jharkhand,"PLFS Year (Jul - Jun), 2018",Rural + Urban,15-59 years,Persons,50.5,47.7,5.5
India,Jharkhand,"PLFS Year (Jul - Jun), 2018",Rural + Urban,15 years and above,Male,76.4,71.6,6.2
India,Jharkhand,"PLFS Year (Jul - Jun), 2018",Rural + Urban,15 years and above,Female,20.7,20.4,1.6
India,Jharkhand,"PLFS Year (Jul - Jun), 2018",Rural + Urban,15 years and above,Persons,47.4,44.9,5.2
India,Jharkhand,"PLFS Year (Jul - Jun), 2018",Rural + Urban,All Ages,Male,51.9,48.5,6.4
India,Jharkhand,"PLFS Year (Jul - Jun), 2018",Rural + Urban,All Ages,Female,14.3,14,1.6
India,Jharkhand,"PLFS Year (Jul - Jun), 2018",Rural + Urban,All Ages,Persons,32.4,30.7,5.3
India,Karnataka,"PLFS Year (Jul - Jun), 2018",Rural,15-29 years,Male,61.8,54.9,11.2
India,Karnataka,"PLFS Year (Jul - Jun), 2018",Rural,15-29 years,Female,16.7,15.8,4.9
India,Karnataka,"PLFS Year (Jul - Jun), 2018",Rural,15-29 years,Persons,40.6,36.6,10
India,Karnataka,"PLFS Year (Jul - Jun), 2018",Rural,15-59 years,Male,83.4,80.4,3.5
India,Karnataka,"PLFS Year (Jul - Jun), 2018",Rural,15-59 years,Female,63.0,62,2.8
India,Karnataka,"PLFS Year (Jul - Jun), 2018",Rural,15-59 years,Persons,58,56.2,3
India,Karnataka,"PLFS Year (Jul - Jun), 2018",Rural,15 years and above,Male,76.6,74.2,3.2
India,Karnataka,"PLFS Year (Jul - Jun), 2018",Rural,15 years and above,Persons,52.5,51.1,2.7
India,Karnataka,"PLFS Year (Jul - Jun), 2018",Rural,All Ages,Male,59,57.1,3.2
India,Karnataka,"PLFS Year (Jul - Jun), 2018",Rural,All Ages,Female,22,21.7,1.4
India,Karnataka,"PLFS Year (Jul - Jun), 2018",Rural,All Ages,Persons,41.1,40,2.7
India,Karnataka,"PLFS Year (Jul - Jun), 2018",Urban,15-29 years,Male,66.8,57.8,13.5
India,Karnataka,"PLFS Year (Jul - Jun), 2018",Urban,15-29 years,Female,17.3,14.2,17.8
India,Karnataka,"PLFS Year (Jul - Jun), 2018",Urban,15-29 years,Persons,43.1,36.9,14.4
India,Karnataka,"PLFS Year (Jul - Jun), 2018",Urban,15-59 years,Male,83.8,79.5,5.1
India,Karnataka,"PLFS Year (Jul - Jun), 2018",Urban,15-59 years,Female,23.1,21.7,6.2
India,Karnataka,"PLFS Year (Jul - Jun), 2018",Urban,15-59 years,Persons,54.4,51.5,5.3
India,Karnataka,"PLFS Year (Jul - Jun), 2018",Urban,15 years and above,Male,76.1,72.4,4.9
India,Karnataka,"PLFS Year (Jul - Jun), 2018",Urban,15 years and above,Female,20.5,19.3,6.1
India,Karnataka,"PLFS Year (Jul - Jun), 2018",Urban,15 years and above,Persons,49.1,46.5,5.1
India,Karnataka,"PLFS Year (Jul - Jun), 2018",Urban,All Ages,Male,58.4,55.5,5
India,Karnataka,"PLFS Year (Jul - Jun), 2018",Urban,All Ages,Female,16.1,15.1,6.1
India,Karnataka,"PLFS Year (Jul - Jun), 2018",Urban,All Ages,Persons,38,36,5.2
India,Karnataka,"PLFS Year (Jul - Jun), 2018",Rural + Urban,15-29 years,Male,63.8,56.1,12.2
India,Karnataka,"PLFS Year (Jul - Jun), 2018",Rural + Urban,15-29 years,Female,16.9,15.2,10.5
India,Karnataka,"PLFS Year (Jul - Jun), 2018",Rural + Urban,15-29 years,Persons,41.6,36.7,11.8
India,Karnataka,"PLFS Year (Jul - Jun), 2018",Rural + Urban,15-59 years,Male,83.5,80.1,4.1
India,Karnataka,"PLFS Year (Jul - Jun), 2018",Rural + Urban,15-59 years,Female,28.2,27.4,3
India,Karnataka,"PLFS Year (Jul - Jun), 2018",Rural + Urban,15-59 years,Persons,56.6,54.4,3.9
India,Karnataka,"PLFS Year (Jul - Jun), 2018",Rural + Urban,15 years and above,Male,76.5,73.5,3.8
India,Karnataka,"PLFS Year (Jul - Jun), 2018",Rural + Urban,15 years and above,Female,24.9,24.2,2.8
India,Karnataka,"PLFS Year (Jul - Jun), 2018",Rural + Urban,15 years and above,Persons,51.2,49.3,3.6
India,Karnataka,"PLFS Year (Jul - Jun), 2018",Rural + Urban,All Ages,Male,58.8,56.5,3.9
India,Karnataka,"PLFS Year (Jul - Jun), 2018",Rural + Urban,All Ages,Female,19.7,19.2,2.8
India,Karnataka,"PLFS Year (Jul - Jun), 2018",Rural + Urban,All Ages,Persons,39.9,38.4,3.6
India,Kerala,"PLFS Year (Jul - Jun), 2018",Rural,15-29 years,Male,43.3,33.1,23.4
India,Kerala,"PLFS Year (Jul - Jun), 2018",Rural,15-29 years,Female,23,9.7,57.8
India,Kerala,"PLFS Year (Jul - Jun), 2018",Rural,15-29 years,Persons,32.9,21.1,35.8
India,Kerala,"PLFS Year (Jul - Jun), 2018",Rural,15-59 years,Male,76.5,72.2,5.6
India,Kerala,"PLFS Year (Jul - Jun), 2018",Rural,15-59 years,Female,71.0,58.4,35.6
India,Kerala,"PLFS Year (Jul - Jun), 2018",Rural,15-59 years,Persons,54.6,49.2,9.9
India,Kerala,"PLFS Year (Jul - Jun), 2018",Rural,15 years and above,Male,71,67.6,4.7
India,Kerala,"PLFS Year (Jul - Jun), 2018",Rural,15 years and above,Persons,49.7,45.5,8.4
India,Kerala,"PLFS Year (Jul - Jun), 2018",Rural,All Ages,Male,56.9,54.2,4.7
India,Kerala,"PLFS Year (Jul - Jun), 2018",Rural,All Ages,Female,25,21.1,15.6
India,Kerala,"PLFS Year (Jul - Jun), 2018",Rural,All Ages,Persons,39.7,36.4,8.4
India,Kerala,"PLFS Year (Jul - Jun), 2018",Urban,15-29 years,Male,51.6,39.7,23.1
India,Kerala,"PLFS Year (Jul - Jun), 2018",Urban,15-29 years,Female,29.1,13.7,53.1
India,Kerala,"PLFS Year (Jul - Jun), 2018",Urban,15-29 years,Persons,39.9,26.1,34.6
India,Kerala,"PLFS Year (Jul - Jun), 2018",Urban,15-59 years,Male,79.9,75.1,6
India,Kerala,"PLFS Year (Jul - Jun), 2018",Urban,15-59 years,Female,35,27.7,20.7
India,Kerala,"PLFS Year (Jul - Jun), 2018",Urban,15-59 years,Persons,55.4,49.3,11
India,Kerala,"PLFS Year (Jul - Jun), 2018",Urban,15 years and above,Male,71.4,67.7,5.2
India,Kerala,"PLFS Year (Jul - Jun), 2018",Urban,15 years and above,Female,29.7,24.1,18.8
India,Kerala,"PLFS Year (Jul - Jun), 2018",Urban,15 years and above,Persons,48.8,44.1,9.7
India,Kerala,"PLFS Year (Jul - Jun), 2018",Urban,All Ages,Male,56.3,53.4,5.2
India,Kerala,"PLFS Year (Jul - Jun), 2018",Urban,All Ages,Female,24.2,19.7,18.8
India,Kerala,"PLFS Year (Jul - Jun), 2018",Urban,All Ages,Persons,39.2,35.4,9.7
India,Kerala,"PLFS Year (Jul - Jun), 2018",Rural + Urban,15-29 years,Male,47,36.1,23.3
India,Kerala,"PLFS Year (Jul - Jun), 2018",Rural + Urban,15-29 years,Female,25.8,11.5,55.4
India,Kerala,"PLFS Year (Jul - Jun), 2018",Rural + Urban,15-29 years,Persons,36,23.4,35.2
India,Kerala,"PLFS Year (Jul - Jun), 2018",Rural + Urban,15-59 years,Male,78.1,73.5,5.8
India,Kerala,"PLFS Year (Jul - Jun), 2018",Rural + Urban,15-59 years,Female,35.2,28.5,19.1
India,Kerala,"PLFS Year (Jul - Jun), 2018",Rural + Urban,15-59 years,Persons,55,49.3,10.4
India,Kerala,"PLFS Year (Jul - Jun), 2018",Rural + Urban,15 years and above,Male,71.2,67.7,4.9
India,Kerala,"PLFS Year (Jul - Jun), 2018",Rural + Urban,15 years and above,Female,30.6,25.3,17
India,Kerala,"PLFS Year (Jul - Jun), 2018",Rural + Urban,15 years and above,Persons,49.3,44.9,9
India,Kerala,"PLFS Year (Jul - Jun), 2018",Rural + Urban,All Ages,Male,56.6,53.8,5
India,Kerala,"PLFS Year (Jul - Jun), 2018",Rural + Urban,All Ages,Female,24.6,20.4,17.1
India,Kerala,"PLFS Year (Jul - Jun), 2018",Rural + Urban,All Ages,Persons,39.5,35.9,9
India,Ladakh,"PLFS Year (Jul - Jun), 2018",Rural,15-29 years,Male,58.3,53.5,8.2
India,Ladakh,"PLFS Year (Jul - Jun), 2018",Rural,15-29 years,Female,30.5,25.8,15.2
India,Ladakh,"PLFS Year (Jul - Jun), 2018",Rural,15-29 years,Persons,45.1,40.4,10.4
India,Ladakh,"PLFS Year (Jul - Jun), 2018",Rural,15-59 years,Male,80.4,77.8,3.3
India,Ladakh,"PLFS Year (Jul - Jun), 2018",Rural,15-59 years,Female,79.6,74.4,13.0
India,Ladakh,"PLFS Year (Jul - Jun), 2018",Rural,15-59 years,Persons,60.4,57.8,4.3
India,Ladakh,"PLFS Year (Jul - Jun), 2018",Rural,15 years and above,Male,78,75.7,2.9
India,Ladakh,"PLFS Year (Jul - Jun), 2018",Rural,15 years and above,Persons,58.3,56,4
India,Ladakh,"PLFS Year (Jul - Jun), 2018",Rural,All Ages,Male,58.5,56.8,2.9
India,Ladakh,"PLFS Year (Jul - Jun), 2018",Rural,All Ages,Female,29.3,27.5,6
India,Ladakh,"PLFS Year (Jul - Jun), 2018",Rural,All Ages,Persons,44.4,42.7,3.9
India,Ladakh,"PLFS Year (Jul - Jun), 2018",Urban,15-29 years,Male,51.4,40.7,20.8
India,Ladakh,"PLFS Year (Jul - Jun), 2018",Urban,15-29 years,Female,24,11.9,50.2
India,Ladakh,"PLFS Year (Jul - Jun), 2018",Urban,15-29 years,Persons,38.2,26.9,29.7
India,Ladakh,"PLFS Year (Jul - Jun), 2018",Urban,15-59 years,Male,78.7,73.9,6
India,Ladakh,"PLFS Year (Jul - Jun), 2018",Urban,15-59 years,Female,23.3,16.8,27.7
India,Ladakh,"PLFS Year (Jul - Jun), 2018",Urban,15-59 years,Persons,51.6,46,10.8
India,Ladakh,"PLFS Year (Jul - Jun), 2018",Urban,15 years and above,Male,71.9,67.9,5.6
India,Ladakh,"PLFS Year (Jul - Jun), 2018",Urban,15 years and above,Female,20.5,15,27
India,Ladakh,"PLFS Year (Jul - Jun), 2018",Urban,15 years and above,Persons,47,42.3,10.1
India,Ladakh,"PLFS Year (Jul - Jun), 2018",Urban,All Ages,Male,56.2,53.1,5.6
India,Ladakh,"PLFS Year (Jul - Jun), 2018",Urban,All Ages,Female,16.2,11.8,27.2
India,Ladakh,"PLFS Year (Jul - Jun), 2018",Urban,All Ages,Persons,37,33.2,10.1
India,Ladakh,"PLFS Year (Jul - Jun), 2018",Rural + Urban,15-29 years,Male,56.9,51,10.4
India,Ladakh,"PLFS Year (Jul - Jun), 2018",Rural + Urban,15-29 years,Female,29.1,23,21
India,Ladakh,"PLFS Year (Jul - Jun), 2018",Rural + Urban,15-29 years,Persons,43.7,37.7,13.8
India,Ladakh,"PLFS Year (Jul - Jun), 2018",Rural + Urban,15-59 years,Male,80,76.9,3.8
India,Ladakh,"PLFS Year (Jul - Jun), 2018",Rural + Urban,15-59 years,Female,36.3,32.9,9.4
India,Ladakh,"PLFS Year (Jul - Jun), 2018",Rural + Urban,15-59 years,Persons,58.5,55.3,5.6
India,Ladakh,"PLFS Year (Jul - Jun), 2018",Rural + Urban,15 years and above,Male,76.6,74,3.5
India,Ladakh,"PLFS Year (Jul - Jun), 2018",Rural + Urban,15 years and above,Female,33.8,30.8,8.9
India,Ladakh,"PLFS Year (Jul - Jun), 2018",Rural + Urban,15 years and above,Persons,55.8,52.9,5.1
India,Ladakh,"PLFS Year (Jul - Jun), 2018",Rural + Urban,All Ages,Male,58,56,3.5
India,Ladakh,"PLFS Year (Jul - Jun), 2018",Rural + Urban,All Ages,Female,26.5,24.2,8.8
India,Ladakh,"PLFS Year (Jul - Jun), 2018",Rural + Urban,All Ages,Persons,42.9,40.7,5.1
India,Lakshadweep,"PLFS Year (Jul - Jun), 2018",Rural,15-29 years,Male,82.2,5.7,93.1
India,Lakshadweep,"PLFS Year (Jul - Jun), 2018",Rural,15-29 years,Female,28.1,14.2,49.5
India,Lakshadweep,"PLFS Year (Jul - Jun), 2018",Rural,15-29 years,Persons,55.8,9.8,82.4
India,Lakshadweep,"PLFS Year (Jul - Jun), 2018",Rural,15-59 years,Male,87.8,53.2,39.4
India,Lakshadweep,"PLFS Year (Jul - Jun), 2018",Rural,15-59 years,Female,26.8,14.6,91.2
India,Lakshadweep,"PLFS Year (Jul - Jun), 2018",Rural,15-59 years,Persons,52.9,31.6,40.2
India,Lakshadweep,"PLFS Year (Jul - Jun), 2018",Rural,15 years and above,Male,76.2,46.3,39.2
India,Lakshadweep,"PLFS Year (Jul - Jun), 2018",Rural,15 years and above,Persons,45.4,27.2,40
India,Lakshadweep,"PLFS Year (Jul - Jun), 2018",Rural,All Ages,Male,62.4,38,39.2
India,Lakshadweep,"PLFS Year (Jul - Jun), 2018",Rural,All Ages,Female,8.7,4.7,45.6
India,Lakshadweep,"PLFS Year (Jul - Jun), 2018",Rural,All Ages,Persons,36,21.6,40
India,Lakshadweep,"PLFS Year (Jul - Jun), 2018",Urban,15-29 years,Male,59.1,29.3,50.4
India,Lakshadweep,"PLFS Year (Jul - Jun), 2018",Urban,15-29 years,Female,29.2,3.8,87.1
India,Lakshadweep,"PLFS Year (Jul - Jun), 2018",Urban,15-29 years,Persons,42.2,14.9,64.7
India,Lakshadweep,"PLFS Year (Jul - Jun), 2018",Urban,15-59 years,Male,82,63.7,22.3
India,Lakshadweep,"PLFS Year (Jul - Jun), 2018",Urban,15-59 years,Female,22.9,11.7,48.7
India,Lakshadweep,"PLFS Year (Jul - Jun), 2018",Urban,15-59 years,Persons,49.2,34.9,29.1
India,Lakshadweep,"PLFS Year (Jul - Jun), 2018",Urban,15 years and above,Male,70,54.7,21.8
India,Lakshadweep,"PLFS Year (Jul - Jun), 2018",Urban,15 years and above,Female,19.6,10.1,48.7
India,Lakshadweep,"PLFS Year (Jul - Jun), 2018",Urban,15 years and above,Persons,42.4,30.2,28.6
India,Lakshadweep,"PLFS Year (Jul - Jun), 2018",Urban,All Ages,Male,54,42.2,21.8
India,Lakshadweep,"PLFS Year (Jul - Jun), 2018",Urban,All Ages,Female,16.8,8.6,48.7
India,Lakshadweep,"PLFS Year (Jul - Jun), 2018",Urban,All Ages,Persons,34.6,24.7,28.6
India,Lakshadweep,"PLFS Year (Jul - Jun), 2018",Rural + Urban,15-29 years,Male,65.8,22.5,65.8
India,Lakshadweep,"PLFS Year (Jul - Jun), 2018",Rural + Urban,15-29 years,Female,28.9,6.2,78.6
India,Lakshadweep,"PLFS Year (Jul - Jun), 2018",Rural + Urban,15-29 years,Persons,45.7,13.6,70.3
India,Lakshadweep,"PLFS Year (Jul - Jun), 2018",Rural + Urban,15-59 years,Male,83.7,60.8,27.4
India,Lakshadweep,"PLFS Year (Jul - Jun), 2018",Rural + Urban,15-59 years,Female,20.8,10.8,48.3
India,Lakshadweep,"PLFS Year (Jul - Jun), 2018",Rural + Urban,15-59 years,Persons,50.1,34.1,32
India,Lakshadweep,"PLFS Year (Jul - Jun), 2018",Rural + Urban,15 years and above,Male,71.7,52.4,26.9
India,Lakshadweep,"PLFS Year (Jul - Jun), 2018",Rural + Urban,15 years and above,Female,17.8,9.2,48.3
India,Lakshadweep,"PLFS Year (Jul - Jun), 2018",Rural + Urban,15 years and above,Persons,43.1,29.5,31.6
India,Lakshadweep,"PLFS Year (Jul - Jun), 2018",Rural + Urban,All Ages,Male,56.3,41.1,26.9
India,Lakshadweep,"PLFS Year (Jul - Jun), 2018",Rural + Urban,All Ages,Female,14.9,7.7,48.3
India,Lakshadweep,"PLFS Year (Jul - Jun), 2018",Rural + Urban,All Ages,Persons,35,23.9,31.6
India,Madhya Pradesh,"PLFS Year (Jul - Jun), 2018",Rural,15-29 years,Male,65.8,60.5,8.1
India,Madhya Pradesh,"PLFS Year (Jul - Jun), 2018",Rural,15-29 years,Female,16.8,16.4,2.6
India,Madhya Pradesh,"PLFS Year (Jul - Jun), 2018",Rural,15-29 years,Persons,43.3,40.2,7.1
India,Madhya Pradesh,"PLFS Year (Jul - Jun), 2018",Rural,15-59 years,Male,83.7,81,3.2
India,Madhya Pradesh,"PLFS Year (Jul - Jun), 2018",Rural,15-59 years,Female,67.4,67.0,1.2
India,Madhya Pradesh,"PLFS Year (Jul - Jun), 2018",Rural,15-59 years,Persons,59.6,58.1,2.5
India,Madhya Pradesh,"PLFS Year (Jul - Jun), 2018",Rural,15 years and above,Male,80.8,78.4,2.9
India,Madhya Pradesh,"PLFS Year (Jul - Jun), 2018",Rural,15 years and above,Persons,57.2,55.9,2.3
India,Madhya Pradesh,"PLFS Year (Jul - Jun), 2018",Rural,All Ages,Male,57.7,55.9,3
India,Madhya Pradesh,"PLFS Year (Jul - Jun), 2018",Rural,All Ages,Female,23.3,23.2,0.7
India,Madhya Pradesh,"PLFS Year (Jul - Jun), 2018",Rural,All Ages,Persons,41.3,40.3,2.4
India,Madhya Pradesh,"PLFS Year (Jul - Jun), 2018",Urban,15-29 years,Male,54.3,42.4,21.9
India,Madhya Pradesh,"PLFS Year (Jul - Jun), 2018",Urban,15-29 years,Female,10.6,8.3,22.1
India,Madhya Pradesh,"PLFS Year (Jul - Jun), 2018",Urban,15-29 years,Persons,33.5,26.2,21.9
India,Madhya Pradesh,"PLFS Year (Jul - Jun), 2018",Urban,15-59 years,Male,77.8,71.5,8
India,Madhya Pradesh,"PLFS Year (Jul - Jun), 2018",Urban,15-59 years,Female,19.1,17.9,6.4
India,Madhya Pradesh,"PLFS Year (Jul - Jun), 2018",Urban,15-59 years,Persons,49.5,45.7,7.7
India,Madhya Pradesh,"PLFS Year (Jul - Jun), 2018",Urban,15 years and above,Male,73.4,67.8,7.6
India,Madhya Pradesh,"PLFS Year (Jul - Jun), 2018",Urban,15 years and above,Female,17.4,16.4,6.1
India,Madhya Pradesh,"PLFS Year (Jul - Jun), 2018",Urban,15 years and above,Persons,46.1,42.7,7.3
India,Madhya Pradesh,"PLFS Year (Jul - Jun), 2018",Urban,All Ages,Male,55.9,51.6,7.7
India,Madhya Pradesh,"PLFS Year (Jul - Jun), 2018",Urban,All Ages,Female,13.6,12.8,6.2
India,Madhya Pradesh,"PLFS Year (Jul - Jun), 2018",Urban,All Ages,Persons,35.5,32.9,7.4
India,Madhya Pradesh,"PLFS Year (Jul - Jun), 2018",Rural + Urban,15-29 years,Male,62.8,55.7,11.3
India,Madhya Pradesh,"PLFS Year (Jul - Jun), 2018",Rural + Urban,15-29 years,Female,15.1,14.1,6.4
India,Madhya Pradesh,"PLFS Year (Jul - Jun), 2018",Rural + Urban,15-29 years,Persons,40.6,36.4,10.4
India,Madhya Pradesh,"PLFS Year (Jul - Jun), 2018",Rural + Urban,15-59 years,Male,82.1,78.5,4.4
India,Madhya Pradesh,"PLFS Year (Jul - Jun), 2018",Rural + Urban,15-59 years,Female,29.8,29.3,1.6
India,Madhya Pradesh,"PLFS Year (Jul - Jun), 2018",Rural + Urban,15-59 years,Persons,56.9,54.8,3.7
India,Madhya Pradesh,"PLFS Year (Jul - Jun), 2018",Rural + Urban,15 years and above,Male,78.8,75.6,4.1
India,Madhya Pradesh,"PLFS Year (Jul - Jun), 2018",Rural + Urban,15 years and above,Female,27.9,27.5,1.5
India,Madhya Pradesh,"PLFS Year (Jul - Jun), 2018",Rural + Urban,15 years and above,Persons,54.2,52.3,3.5
India,Madhya Pradesh,"PLFS Year (Jul - Jun), 2018",Rural + Urban,All Ages,Male,57.2,54.8,4.2
India,Madhya Pradesh,"PLFS Year (Jul - Jun), 2018",Rural + Urban,All Ages,Female,20.8,20.4,1.6
India,Madhya Pradesh,"PLFS Year (Jul - Jun), 2018",Rural + Urban,All Ages,Persons,39.8,38.4,3.5
India,Maharashtra,"PLFS Year (Jul - Jun), 2018",Rural,15-29 years,Male,57.9,50.1,13.6
India,Maharashtra,"PLFS Year (Jul - Jun), 2018",Rural,15-29 years,Female,20.6,17.1,17
India,Maharashtra,"PLFS Year (Jul - Jun), 2018",Rural,15-29 years,Persons,41.1,35.2,14.4
India,Maharashtra,"PLFS Year (Jul - Jun), 2018",Rural,15-59 years,Male,79.8,75.8,5.1
India,Maharashtra,"PLFS Year (Jul - Jun), 2018",Rural,15-59 years,Female,85.8,82.8,7.2
India,Maharashtra,"PLFS Year (Jul - Jun), 2018",Rural,15-59 years,Persons,62.1,59.3,4.6
India,Maharashtra,"PLFS Year (Jul - Jun), 2018",Rural,15 years and above,Male,74.6,71.2,4.6
India,Maharashtra,"PLFS Year (Jul - Jun), 2018",Rural,15 years and above,Persons,57.1,54.7,4.2
India,Maharashtra,"PLFS Year (Jul - Jun), 2018",Rural,All Ages,Male,58.2,55.5,4.6
India,Maharashtra,"PLFS Year (Jul - Jun), 2018",Rural,All Ages,Female,30.7,29.7,3.3
India,Maharashtra,"PLFS Year (Jul - Jun), 2018",Rural,All Ages,Persons,45,43.1,4.2
India,Maharashtra,"PLFS Year (Jul - Jun), 2018",Urban,15-29 years,Male,57.5,49.5,13.9
India,Maharashtra,"PLFS Year (Jul - Jun), 2018",Urban,15-29 years,Female,19.7,15.4,21.5
India,Maharashtra,"PLFS Year (Jul - Jun), 2018",Urban,15-29 years,Persons,39.3,33.2,15.7
India,Maharashtra,"PLFS Year (Jul - Jun), 2018",Urban,15-59 years,Male,79.6,75.2,5.4
India,Maharashtra,"PLFS Year (Jul - Jun), 2018",Urban,15-59 years,Female,24.8,22.2,10.5
India,Maharashtra,"PLFS Year (Jul - Jun), 2018",Urban,15-59 years,Persons,53,49.5,6.6
India,Maharashtra,"PLFS Year (Jul - Jun), 2018",Urban,15 years and above,Male,72.8,69,5.2
India,Maharashtra,"PLFS Year (Jul - Jun), 2018",Urban,15 years and above,Female,22.1,19.9,10.2
India,Maharashtra,"PLFS Year (Jul - Jun), 2018",Urban,15 years and above,Persons,48,44.9,6.3
India,Maharashtra,"PLFS Year (Jul - Jun), 2018",Urban,All Ages,Male,56.7,53.7,5.2
India,Maharashtra,"PLFS Year (Jul - Jun), 2018",Urban,All Ages,Female,17.5,15.6,10.6
India,Maharashtra,"PLFS Year (Jul - Jun), 2018",Urban,All Ages,Persons,37.6,35.2,6.4
India,Maharashtra,"PLFS Year (Jul - Jun), 2018",Rural + Urban,15-29 years,Male,57.8,49.8,13.7
India,Maharashtra,"PLFS Year (Jul - Jun), 2018",Rural + Urban,15-29 years,Female,20.2,16.4,19
India,Maharashtra,"PLFS Year (Jul - Jun), 2018",Rural + Urban,15-29 years,Persons,40.3,34.3,14.9
India,Maharashtra,"PLFS Year (Jul - Jun), 2018",Rural + Urban,15-59 years,Male,79.7,75.6,5.2
India,Maharashtra,"PLFS Year (Jul - Jun), 2018",Rural + Urban,15-59 years,Female,35.1,33.1,5.7
India,Maharashtra,"PLFS Year (Jul - Jun), 2018",Rural + Urban,15-59 years,Persons,58.2,55.1,5.4
India,Maharashtra,"PLFS Year (Jul - Jun), 2018",Rural + Urban,15 years and above,Male,73.8,70.3,4.9
India,Maharashtra,"PLFS Year (Jul - Jun), 2018",Rural + Urban,15 years and above,Female,31.6,29.9,5.4
India,Maharashtra,"PLFS Year (Jul - Jun), 2018",Rural + Urban,15 years and above,Persons,53.3,50.6,5
India,Maharashtra,"PLFS Year (Jul - Jun), 2018",Rural + Urban,All Ages,Male,57.6,54.8,4.9
India,Maharashtra,"PLFS Year (Jul - Jun), 2018",Rural + Urban,All Ages,Female,25.1,23.7,5.5
India,Maharashtra,"PLFS Year (Jul - Jun), 2018",Rural + Urban,All Ages,Persons,41.9,39.8,5
India,Manipur,"PLFS Year (Jul - Jun), 2018",Rural,15-29 years,Male,48.4,35.5,26.8
India,Manipur,"PLFS Year (Jul - Jun), 2018",Rural,15-29 years,Female,18.9,9.9,47.6
India,Manipur,"PLFS Year (Jul - Jun), 2018",Rural,15-29 years,Persons,32.7,21.8,33.2
India,Manipur,"PLFS Year (Jul - Jun), 2018",Rural,15-59 years,Male,77.3,71.1,7.9
India,Manipur,"PLFS Year (Jul - Jun), 2018",Rural,15-59 years,Female,53.6,44.8,33.0
India,Manipur,"PLFS Year (Jul - Jun), 2018",Rural,15-59 years,Persons,51.5,46.2,10.2
India,Manipur,"PLFS Year (Jul - Jun), 2018",Rural,15 years and above,Male,73.8,68.4,7.4
India,Manipur,"PLFS Year (Jul - Jun), 2018",Rural,15 years and above,Persons,49.4,44.7,9.5
India,Manipur,"PLFS Year (Jul - Jun), 2018",Rural,All Ages,Male,52.9,48.9,7.7
India,Manipur,"PLFS Year (Jul - Jun), 2018",Rural,All Ages,Female,19.6,16.5,15.6
India,Manipur,"PLFS Year (Jul - Jun), 2018",Rural,All Ages,Persons,36.5,32.9,9.8
India,Manipur,"PLFS Year (Jul - Jun), 2018",Urban,15-29 years,Male,42,28.2,32.8
India,Manipur,"PLFS Year (Jul - Jun), 2018",Urban,15-29 years,Female,19,13.5,28.9
India,Manipur,"PLFS Year (Jul - Jun), 2018",Urban,15-29 years,Persons,30.4,20.8,31.6
India,Manipur,"PLFS Year (Jul - Jun), 2018",Urban,15-59 years,Male,73.9,66.1,10.5
India,Manipur,"PLFS Year (Jul - Jun), 2018",Urban,15-59 years,Female,29.8,27.4,8
India,Manipur,"PLFS Year (Jul - Jun), 2018",Urban,15-59 years,Persons,51.7,46.6,9.7
India,Manipur,"PLFS Year (Jul - Jun), 2018",Urban,15 years and above,Male,67.6,60.9,9.8
India,Manipur,"PLFS Year (Jul - Jun), 2018",Urban,15 years and above,Female,27.8,25.7,7.4
India,Manipur,"PLFS Year (Jul - Jun), 2018",Urban,15 years and above,Persons,47.6,43.3,9.1
India,Manipur,"PLFS Year (Jul - Jun), 2018",Urban,All Ages,Male,50.5,45.5,9.8
India,Manipur,"PLFS Year (Jul - Jun), 2018",Urban,All Ages,Female,21.3,19.7,7.7
India,Manipur,"PLFS Year (Jul - Jun), 2018",Urban,All Ages,Persons,36.1,32.7,9.2
India,Manipur,"PLFS Year (Jul - Jun), 2018",Rural + Urban,15-29 years,Male,46.5,33.4,28.4
India,Manipur,"PLFS Year (Jul - Jun), 2018",Rural + Urban,15-29 years,Female,18.9,10.9,42.6
India,Manipur,"PLFS Year (Jul - Jun), 2018",Rural + Urban,15-29 years,Persons,32.1,21.6,32.8
India,Manipur,"PLFS Year (Jul - Jun), 2018",Rural + Urban,15-59 years,Male,76.3,69.7,8.7
India,Manipur,"PLFS Year (Jul - Jun), 2018",Rural + Urban,15-59 years,Female,27.7,23.8,13.9
India,Manipur,"PLFS Year (Jul - Jun), 2018",Rural + Urban,15-59 years,Persons,51.5,46.3,10.1
India,Manipur,"PLFS Year (Jul - Jun), 2018",Rural + Urban,15 years and above,Male,72,66.1,8.1
India,Manipur,"PLFS Year (Jul - Jun), 2018",Rural + Urban,15 years and above,Female,26.3,22.9,13
India,Manipur,"PLFS Year (Jul - Jun), 2018",Rural + Urban,15 years and above,Persons,48.9,44.3,9.4
India,Manipur,"PLFS Year (Jul - Jun), 2018",Rural + Urban,All Ages,Male,52.2,47.9,8.3
India,Manipur,"PLFS Year (Jul - Jun), 2018",Rural + Urban,All Ages,Female,20.1,17.5,13.1
India,Manipur,"PLFS Year (Jul - Jun), 2018",Rural + Urban,All Ages,Persons,36.4,32.9,9.6
India,Meghalaya,"PLFS Year (Jul - Jun), 2018",Rural,15-29 years,Male,56.9,53.4,6.1
India,Meghalaya,"PLFS Year (Jul - Jun), 2018",Rural,15-29 years,Female,33.9,31.1,8.1
India,Meghalaya,"PLFS Year (Jul - Jun), 2018",Rural,15-29 years,Persons,45.7,42.6,6.8
India,Meghalaya,"PLFS Year (Jul - Jun), 2018",Rural,15-59 years,Male,79.4,77.8,2
India,Meghalaya,"PLFS Year (Jul - Jun), 2018",Rural,15-59 years,Female,115.8,113.2,4.4
India,Meghalaya,"PLFS Year (Jul - Jun), 2018",Rural,15-59 years,Persons,68.7,67.2,2.1
India,Meghalaya,"PLFS Year (Jul - Jun), 2018",Rural,15 years and above,Male,78.2,76.6,1.9
India,Meghalaya,"PLFS Year (Jul - Jun), 2018",Rural,15 years and above,Persons,67.1,65.8,2
India,Meghalaya,"PLFS Year (Jul - Jun), 2018",Rural,All Ages,Male,50.6,49.6,1.9
India,Meghalaya,"PLFS Year (Jul - Jun), 2018",Rural,All Ages,Female,36.4,35.6,2.1
India,Meghalaya,"PLFS Year (Jul - Jun), 2018",Rural,All Ages,Persons,43.5,42.6,2
India,Meghalaya,"PLFS Year (Jul - Jun), 2018",Urban,15-29 years,Male,36.9,31.2,15.5
India,Meghalaya,"PLFS Year (Jul - Jun), 2018",Urban,15-29 years,Female,20.5,13.5,34.4
India,Meghalaya,"PLFS Year (Jul - Jun), 2018",Urban,15-29 years,Persons,27.9,21.5,23.1
India,Meghalaya,"PLFS Year (Jul - Jun), 2018",Urban,15-59 years,Male,67.8,64.5,4.8
India,Meghalaya,"PLFS Year (Jul - Jun), 2018",Urban,15-59 years,Female,30.9,26.6,14
India,Meghalaya,"PLFS Year (Jul - Jun), 2018",Urban,15-59 years,Persons,48.5,44.7,7.9
India,Meghalaya,"PLFS Year (Jul - Jun), 2018",Urban,15 years and above,Male,66.1,63.1,4.6
India,Meghalaya,"PLFS Year (Jul - Jun), 2018",Urban,15 years and above,Female,29.1,25.2,13.3
India,Meghalaya,"PLFS Year (Jul - Jun), 2018",Urban,15 years and above,Persons,46.4,42.9,7.5
India,Meghalaya,"PLFS Year (Jul - Jun), 2018",Urban,All Ages,Male,50.5,48.2,4.6
India,Meghalaya,"PLFS Year (Jul - Jun), 2018",Urban,All Ages,Female,22,19.1,13.3
India,Meghalaya,"PLFS Year (Jul - Jun), 2018",Urban,All Ages,Persons,35.3,32.6,7.5
India,Meghalaya,"PLFS Year (Jul - Jun), 2018",Rural + Urban,15-29 years,Male,53.5,49.6,7.2
India,Meghalaya,"PLFS Year (Jul - Jun), 2018",Rural + Urban,15-29 years,Female,31,27.4,11.8
India,Meghalaya,"PLFS Year (Jul - Jun), 2018",Rural + Urban,15-29 years,Persons,42.3,38.5,8.9
India,Meghalaya,"PLFS Year (Jul - Jun), 2018",Rural + Urban,15-59 years,Male,77.5,75.6,2.4
India,Meghalaya,"PLFS Year (Jul - Jun), 2018",Rural + Urban,15-59 years,Female,53.1,51.3,3.4
India,Meghalaya,"PLFS Year (Jul - Jun), 2018",Rural + Urban,15-59 years,Persons,65.2,63.4,2.8
India,Meghalaya,"PLFS Year (Jul - Jun), 2018",Rural + Urban,15 years and above,Male,76.2,74.4,2.3
India,Meghalaya,"PLFS Year (Jul - Jun), 2018",Rural + Urban,15 years and above,Female,51.2,49.6,3.3
India,Meghalaya,"PLFS Year (Jul - Jun), 2018",Rural + Urban,15 years and above,Persons,63.5,61.8,2.7
India,Meghalaya,"PLFS Year (Jul - Jun), 2018",Rural + Urban,All Ages,Male,50.6,49.4,2.3
India,Meghalaya,"PLFS Year (Jul - Jun), 2018",Rural + Urban,All Ages,Female,34.1,32.9,3.3
India,Meghalaya,"PLFS Year (Jul - Jun), 2018",Rural + Urban,All Ages,Persons,42.2,41.1,2.7
India,Mizoram,"PLFS Year (Jul - Jun), 2018",Rural,15-29 years,Male,51.2,43.9,14.1
India,Mizoram,"PLFS Year (Jul - Jun), 2018",Rural,15-29 years,Female,21.3,15.8,25.9
India,Mizoram,"PLFS Year (Jul - Jun), 2018",Rural,15-29 years,Persons,37.4,31,17.2
India,Mizoram,"PLFS Year (Jul - Jun), 2018",Rural,15-59 years,Male,77.5,74.1,4.4
India,Mizoram,"PLFS Year (Jul - Jun), 2018",Rural,15-59 years,Female,60.6,55.4,16.6
India,Mizoram,"PLFS Year (Jul - Jun), 2018",Rural,15-59 years,Persons,54.6,51.6,5.4
India,Mizoram,"PLFS Year (Jul - Jun), 2018",Rural,15 years and above,Male,73.3,70.3,4.2
India,Mizoram,"PLFS Year (Jul - Jun), 2018",Rural,15 years and above,Persons,51.9,49.2,5.2
India,Mizoram,"PLFS Year (Jul - Jun), 2018",Rural,All Ages,Male,58.3,55.8,4.2
India,Mizoram,"PLFS Year (Jul - Jun), 2018",Rural,All Ages,Female,22.8,21,8.1
India,Mizoram,"PLFS Year (Jul - Jun), 2018",Rural,All Ages,Persons,41.2,39,5.2
India,Mizoram,"PLFS Year (Jul - Jun), 2018",Urban,15-29 years,Male,30.8,21.6,29.9
India,Mizoram,"PLFS Year (Jul - Jun), 2018",Urban,15-29 years,Female,22.5,14.7,34.3
India,Mizoram,"PLFS Year (Jul - Jun), 2018",Urban,15-29 years,Persons,26.4,18,31.9
India,Mizoram,"PLFS Year (Jul - Jun), 2018",Urban,15-59 years,Male,68.1,62.9,7.7
India,Mizoram,"PLFS Year (Jul - Jun), 2018",Urban,15-59 years,Female,31.7,27.5,13.2
India,Mizoram,"PLFS Year (Jul - Jun), 2018",Urban,15-59 years,Persons,49.1,44.5,9.5
India,Mizoram,"PLFS Year (Jul - Jun), 2018",Urban,15 years and above,Male,63.3,58.7,7.4
India,Mizoram,"PLFS Year (Jul - Jun), 2018",Urban,15 years and above,Female,29.6,25.9,12.7
India,Mizoram,"PLFS Year (Jul - Jun), 2018",Urban,15 years and above,Persons,45.9,41.7,9.1
India,Mizoram,"PLFS Year (Jul - Jun), 2018",Urban,All Ages,Male,51.8,48,7.4
India,Mizoram,"PLFS Year (Jul - Jun), 2018",Urban,All Ages,Female,24.3,21.2,12.7
India,Mizoram,"PLFS Year (Jul - Jun), 2018",Urban,All Ages,Persons,37.6,34.2,9.1
India,Mizoram,"PLFS Year (Jul - Jun), 2018",Rural + Urban,15-29 years,Male,41.8,33.7,19.4
India,Mizoram,"PLFS Year (Jul - Jun), 2018",Rural + Urban,15-29 years,Female,21.9,15.2,30.4
India,Mizoram,"PLFS Year (Jul - Jun), 2018",Rural + Urban,15-29 years,Persons,32,24.6,23.1
India,Mizoram,"PLFS Year (Jul - Jun), 2018",Rural + Urban,15-59 years,Male,73.2,68.9,5.8
India,Mizoram,"PLFS Year (Jul - Jun), 2018",Rural + Urban,15-59 years,Female,30.9,27.6,10.8
India,Mizoram,"PLFS Year (Jul - Jun), 2018",Rural + Urban,15-59 years,Persons,52,48.2,7.3
India,Mizoram,"PLFS Year (Jul - Jun), 2018",Rural + Urban,15 years and above,Male,68.7,64.9,5.5
India,Mizoram,"PLFS Year (Jul - Jun), 2018",Rural + Urban,15 years and above,Female,29.2,26.2,10.3
India,Mizoram,"PLFS Year (Jul - Jun), 2018",Rural + Urban,15 years and above,Persons,49,45.6,7
India,Mizoram,"PLFS Year (Jul - Jun), 2018",Rural + Urban,All Ages,Male,55.3,52.3,5.6
India,Mizoram,"PLFS Year (Jul - Jun), 2018",Rural + Urban,All Ages,Female,23.5,21.1,10.4
India,Mizoram,"PLFS Year (Jul - Jun), 2018",Rural + Urban,All Ages,Persons,39.5,36.7,7
India,Nagaland,"PLFS Year (Jul - Jun), 2018",Rural,15-29 years,Male,44,17.1,61
India,Nagaland,"PLFS Year (Jul - Jun), 2018",Rural,15-29 years,Female,23.6,9.9,58.2
India,Nagaland,"PLFS Year (Jul - Jun), 2018",Rural,15-29 years,Persons,33.3,13.3,60
India,Nagaland,"PLFS Year (Jul - Jun), 2018",Rural,15-59 years,Male,74,62.6,15.5
India,Nagaland,"PLFS Year (Jul - Jun), 2018",Rural,15-59 years,Female,47.8,36.6,47.0
India,Nagaland,"PLFS Year (Jul - Jun), 2018",Rural,15-59 years,Persons,48.4,39.9,17.5
India,Nagaland,"PLFS Year (Jul - Jun), 2018",Rural,15 years and above,Male,69.9,59.9,14.4
India,Nagaland,"PLFS Year (Jul - Jun), 2018",Rural,15 years and above,Persons,47.4,39.7,16.2
India,Nagaland,"PLFS Year (Jul - Jun), 2018",Rural,All Ages,Male,51.7,44.3,14.4
India,Nagaland,"PLFS Year (Jul - Jun), 2018",Rural,All Ages,Female,18.7,14.7,21.4
India,Nagaland,"PLFS Year (Jul - Jun), 2018",Rural,All Ages,Persons,35.6,29.8,16.2
India,Nagaland,"PLFS Year (Jul - Jun), 2018",Urban,15-29 years,Male,44,20.7,53
India,Nagaland,"PLFS Year (Jul - Jun), 2018",Urban,15-29 years,Female,23.7,7.4,68.9
India,Nagaland,"PLFS Year (Jul - Jun), 2018",Urban,15-29 years,Persons,33.7,14,58.6
India,Nagaland,"PLFS Year (Jul - Jun), 2018",Urban,15-59 years,Male,73.3,61.9,15.5
India,Nagaland,"PLFS Year (Jul - Jun), 2018",Urban,15-59 years,Female,19.3,11.1,42.3
India,Nagaland,"PLFS Year (Jul - Jun), 2018",Urban,15-59 years,Persons,46.5,36.7,21
India,Nagaland,"PLFS Year (Jul - Jun), 2018",Urban,15 years and above,Male,66.9,56.6,15.3
India,Nagaland,"PLFS Year (Jul - Jun), 2018",Urban,15 years and above,Female,18,10.4,42
India,Nagaland,"PLFS Year (Jul - Jun), 2018",Urban,15 years and above,Persons,42.9,34,20.8
India,Nagaland,"PLFS Year (Jul - Jun), 2018",Urban,All Ages,Male,49,41.4,15.4
India,Nagaland,"PLFS Year (Jul - Jun), 2018",Urban,All Ages,Female,13.8,7.9,42.9
India,Nagaland,"PLFS Year (Jul - Jun), 2018",Urban,All Ages,Persons,32.1,25.3,21.1
India,Nagaland,"PLFS Year (Jul - Jun), 2018",Rural + Urban,15-29 years,Male,44,18.2,58.6
India,Nagaland,"PLFS Year (Jul - Jun), 2018",Rural + Urban,15-29 years,Female,23.6,9.2,61.2
India,Nagaland,"PLFS Year (Jul - Jun), 2018",Rural + Urban,15-29 years,Persons,33.4,13.5,59.6
India,Nagaland,"PLFS Year (Jul - Jun), 2018",Rural + Urban,15-59 years,Male,73.8,62.4,15.5
India,Nagaland,"PLFS Year (Jul - Jun), 2018",Rural + Urban,15-59 years,Female,22.6,16.3,27.9
India,Nagaland,"PLFS Year (Jul - Jun), 2018",Rural + Urban,15-59 years,Persons,47.8,39,18.5
India,Nagaland,"PLFS Year (Jul - Jun), 2018",Rural + Urban,15 years and above,Male,69.1,58.9,14.7
India,Nagaland,"PLFS Year (Jul - Jun), 2018",Rural + Urban,15 years and above,Female,22.7,16.8,25.9
India,Nagaland,"PLFS Year (Jul - Jun), 2018",Rural + Urban,15 years and above,Persons,46.1,38.1,17.4
India,Nagaland,"PLFS Year (Jul - Jun), 2018",Rural + Urban,All Ages,Male,50.9,43.4,14.7
India,Nagaland,"PLFS Year (Jul - Jun), 2018",Rural + Urban,All Ages,Female,17.3,12.8,26.2
India,Nagaland,"PLFS Year (Jul - Jun), 2018",Rural + Urban,All Ages,Persons,34.6,28.5,17.5
India,Odisha,"PLFS Year (Jul - Jun), 2018",Rural,15-29 years,Male,66.5,51.8,22
India,Odisha,"PLFS Year (Jul - Jun), 2018",Rural,15-29 years,Female,18.3,15.2,16.8
India,Odisha,"PLFS Year (Jul - Jun), 2018",Rural,15-29 years,Persons,41.3,32.7,20.8
India,Odisha,"PLFS Year (Jul - Jun), 2018",Rural,15-59 years,Male,85.5,79.3,7.3
India,Odisha,"PLFS Year (Jul - Jun), 2018",Rural,15-59 years,Female,56.4,53.8,8.8
India,Odisha,"PLFS Year (Jul - Jun), 2018",Rural,15-59 years,Persons,56,52.3,6.6
India,Odisha,"PLFS Year (Jul - Jun), 2018",Rural,15 years and above,Male,79.8,74.6,6.6
India,Odisha,"PLFS Year (Jul - Jun), 2018",Rural,15 years and above,Persons,52.1,48.9,6
India,Odisha,"PLFS Year (Jul - Jun), 2018",Rural,All Ages,Male,57.5,53.6,6.6
India,Odisha,"PLFS Year (Jul - Jun), 2018",Rural,All Ages,Female,19.2,18.4,4.2
India,Odisha,"PLFS Year (Jul - Jun), 2018",Rural,All Ages,Persons,38.6,36.2,6.1
India,Odisha,"PLFS Year (Jul - Jun), 2018",Urban,15-29 years,Male,59.3,43.7,26.4
India,Odisha,"PLFS Year (Jul - Jun), 2018",Urban,15-29 years,Female,21.9,11.7,46.9
India,Odisha,"PLFS Year (Jul - Jun), 2018",Urban,15-29 years,Persons,39.1,26.3,32.6
India,Odisha,"PLFS Year (Jul - Jun), 2018",Urban,15-59 years,Male,81.7,73,10.7
India,Odisha,"PLFS Year (Jul - Jun), 2018",Urban,15-59 years,Female,22.2,17.2,22.5
India,Odisha,"PLFS Year (Jul - Jun), 2018",Urban,15-59 years,Persons,50.8,44,13.3
India,Odisha,"PLFS Year (Jul - Jun), 2018",Urban,15 years and above,Male,75,67.4,10.1
India,Odisha,"PLFS Year (Jul - Jun), 2018",Urban,15 years and above,Female,20.3,15.8,21.9
India,Odisha,"PLFS Year (Jul - Jun), 2018",Urban,15 years and above,Persons,47,41,12.7
India,Odisha,"PLFS Year (Jul - Jun), 2018",Urban,All Ages,Male,59.5,53.5,10.1
India,Odisha,"PLFS Year (Jul - Jun), 2018",Urban,All Ages,Female,16.1,12.6,21.9
India,Odisha,"PLFS Year (Jul - Jun), 2018",Urban,All Ages,Persons,37.3,32.5,12.7
India,Odisha,"PLFS Year (Jul - Jun), 2018",Rural + Urban,15-29 years,Male,65.3,50.5,22.7
India,Odisha,"PLFS Year (Jul - Jun), 2018",Rural + Urban,15-29 years,Female,19,14.6,23
India,Odisha,"PLFS Year (Jul - Jun), 2018",Rural + Urban,15-29 years,Persons,40.9,31.6,22.8
India,Odisha,"PLFS Year (Jul - Jun), 2018",Rural + Urban,15-59 years,Male,84.9,78.2,7.9
India,Odisha,"PLFS Year (Jul - Jun), 2018",Rural + Urban,15-59 years,Female,27.2,25.3,6.9
India,Odisha,"PLFS Year (Jul - Jun), 2018",Rural + Urban,15-59 years,Persons,55.2,51,7.6
India,Odisha,"PLFS Year (Jul - Jun), 2018",Rural + Urban,15 years and above,Male,79,73.4,7.1
India,Odisha,"PLFS Year (Jul - Jun), 2018",Rural + Urban,15 years and above,Female,24.4,22.8,6.6
India,Odisha,"PLFS Year (Jul - Jun), 2018",Rural + Urban,15 years and above,Persons,51.2,47.6,7
India,Odisha,"PLFS Year (Jul - Jun), 2018",Rural + Urban,All Ages,Male,57.8,53.6,7.2
India,Odisha,"PLFS Year (Jul - Jun), 2018",Rural + Urban,All Ages,Female,18.7,17.5,6.6
India,Odisha,"PLFS Year (Jul - Jun), 2018",Rural + Urban,All Ages,Persons,38.4,35.7,7
India,Puducherry,"PLFS Year (Jul - Jun), 2018",Rural,15-29 years,Male,76.8,56.1,27
India,Puducherry,"PLFS Year (Jul - Jun), 2018",Rural,15-29 years,Female,33.1,23.9,27.8
India,Puducherry,"PLFS Year (Jul - Jun), 2018",Rural,15-29 years,Persons,50.9,37,27.3
India,Puducherry,"PLFS Year (Jul - Jun), 2018",Rural,15-59 years,Male,90.5,78.7,13.1
India,Puducherry,"PLFS Year (Jul - Jun), 2018",Rural,15-59 years,Female,93.0,83.6,20.2
India,Puducherry,"PLFS Year (Jul - Jun), 2018",Rural,15-59 years,Persons,66.5,58.5,12
India,Puducherry,"PLFS Year (Jul - Jun), 2018",Rural,15 years and above,Male,86.3,75.5,12.5
India,Puducherry,"PLFS Year (Jul - Jun), 2018",Rural,15 years and above,Persons,61.6,54.5,11.6
India,Puducherry,"PLFS Year (Jul - Jun), 2018",Rural,All Ages,Male,68.2,59.7,12.5
India,Puducherry,"PLFS Year (Jul - Jun), 2018",Rural,All Ages,Female,37.6,33.9,10
India,Puducherry,"PLFS Year (Jul - Jun), 2018",Rural,All Ages,Persons,52.4,46.3,11.6
India,Puducherry,"PLFS Year (Jul - Jun), 2018",Urban,15-29 years,Male,53,40.1,24.2
India,Puducherry,"PLFS Year (Jul - Jun), 2018",Urban,15-29 years,Female,19.1,15.1,20.6
India,Puducherry,"PLFS Year (Jul - Jun), 2018",Urban,15-29 years,Persons,33.9,26.1,23.1
India,Puducherry,"PLFS Year (Jul - Jun), 2018",Urban,15-59 years,Male,81.9,76.6,6.6
India,Puducherry,"PLFS Year (Jul - Jun), 2018",Urban,15-59 years,Female,28.2,26.7,5.5
India,Puducherry,"PLFS Year (Jul - Jun), 2018",Urban,15-59 years,Persons,53,49.7,6.3
India,Puducherry,"PLFS Year (Jul - Jun), 2018",Urban,15 years and above,Male,71.6,67.1,6.3
India,Puducherry,"PLFS Year (Jul - Jun), 2018",Urban,15 years and above,Female,25.3,23.9,5.2
India,Puducherry,"PLFS Year (Jul - Jun), 2018",Urban,15 years and above,Persons,46.9,44.1,6
India,Puducherry,"PLFS Year (Jul - Jun), 2018",Urban,All Ages,Male,58.1,54.4,6.3
India,Puducherry,"PLFS Year (Jul - Jun), 2018",Urban,All Ages,Female,20.4,19.3,5.2
India,Puducherry,"PLFS Year (Jul - Jun), 2018",Urban,All Ages,Persons,37.9,35.7,6
India,Puducherry,"PLFS Year (Jul - Jun), 2018",Rural + Urban,15-29 years,Male,61.7,46,25.5
India,Puducherry,"PLFS Year (Jul - Jun), 2018",Rural + Urban,15-29 years,Female,24.6,18.6,24.4
India,Puducherry,"PLFS Year (Jul - Jun), 2018",Rural + Urban,15-29 years,Persons,40.4,30.3,25.1
India,Puducherry,"PLFS Year (Jul - Jun), 2018",Rural + Urban,15-59 years,Male,85.1,77.3,9.1
India,Puducherry,"PLFS Year (Jul - Jun), 2018",Rural + Urban,15-59 years,Female,35,32.3,7.8
India,Puducherry,"PLFS Year (Jul - Jun), 2018",Rural + Urban,15-59 years,Persons,58,52.9,8.7
India,Puducherry,"PLFS Year (Jul - Jun), 2018",Rural + Urban,15 years and above,Male,76.7,70,8.7
India,Puducherry,"PLFS Year (Jul - Jun), 2018",Rural + Urban,15 years and above,Female,31.2,28.8,7.6
India,Puducherry,"PLFS Year (Jul - Jun), 2018",Rural + Urban,15 years and above,Persons,52.1,47.8,8.3
India,Puducherry,"PLFS Year (Jul - Jun), 2018",Rural + Urban,All Ages,Male,61.7,56.3,8.7
India,Puducherry,"PLFS Year (Jul - Jun), 2018",Rural + Urban,All Ages,Female,26.2,24.2,7.6
India,Puducherry,"PLFS Year (Jul - Jun), 2018",Rural + Urban,All Ages,Persons,42.9,39.3,8.3
India,Punjab,"PLFS Year (Jul - Jun), 2018",Rural,15-29 years,Male,59.7,47,21.3
India,Punjab,"PLFS Year (Jul - Jun), 2018",Rural,15-29 years,Female,13.8,9.1,34.3
India,Punjab,"PLFS Year (Jul - Jun), 2018",Rural,15-29 years,Persons,39,29.9,23.4
India,Punjab,"PLFS Year (Jul - Jun), 2018",Rural,15-59 years,Male,77.9,71.5,8.3
India,Punjab,"PLFS Year (Jul - Jun), 2018",Rural,15-59 years,Female,41.8,38.2,17.8
India,Punjab,"PLFS Year (Jul - Jun), 2018",Rural,15-59 years,Persons,50.5,46.2,8.4
India,Punjab,"PLFS Year (Jul - Jun), 2018",Rural,15 years and above,Male,72,66.6,7.6
India,Punjab,"PLFS Year (Jul - Jun), 2018",Rural,15 years and above,Persons,46.3,42.7,7.7
India,Punjab,"PLFS Year (Jul - Jun), 2018",Rural,All Ages,Male,56.7,52.4,7.6
India,Punjab,"PLFS Year (Jul - Jun), 2018",Rural,All Ages,Female,15,13.8,8.3
India,Punjab,"PLFS Year (Jul - Jun), 2018",Rural,All Ages,Persons,36.6,33.8,7.7
India,Punjab,"PLFS Year (Jul - Jun), 2018",Urban,15-29 years,Male,65.4,55.1,15.7
India,Punjab,"PLFS Year (Jul - Jun), 2018",Urban,15-29 years,Female,19.7,14.7,25.2
India,Punjab,"PLFS Year (Jul - Jun), 2018",Urban,15-29 years,Persons,45.2,37.3,17.5
India,Punjab,"PLFS Year (Jul - Jun), 2018",Urban,15-59 years,Male,83.1,77.8,6.4
India,Punjab,"PLFS Year (Jul - Jun), 2018",Urban,15-59 years,Female,21.3,18.8,11.8
India,Punjab,"PLFS Year (Jul - Jun), 2018",Urban,15-59 years,Persons,54.2,50.2,7.4
India,Punjab,"PLFS Year (Jul - Jun), 2018",Urban,15 years and above,Male,77,72.4,6
India,Punjab,"PLFS Year (Jul - Jun), 2018",Urban,15 years and above,Female,19.3,17.1,11.3
India,Punjab,"PLFS Year (Jul - Jun), 2018",Urban,15 years and above,Persons,50,46.5,7
India,Punjab,"PLFS Year (Jul - Jun), 2018",Urban,All Ages,Male,59.1,55.5,6.1
India,Punjab,"PLFS Year (Jul - Jun), 2018",Urban,All Ages,Female,15,13.3,11.3
India,Punjab,"PLFS Year (Jul - Jun), 2018",Urban,All Ages,Persons,38.6,35.9,7
India,Punjab,"PLFS Year (Jul - Jun), 2018",Rural + Urban,15-29 years,Male,61.9,50.1,19
India,Punjab,"PLFS Year (Jul - Jun), 2018",Rural + Urban,15-29 years,Female,16,11.2,30.2
India,Punjab,"PLFS Year (Jul - Jun), 2018",Rural + Urban,15-29 years,Persons,41.4,32.7,21
India,Punjab,"PLFS Year (Jul - Jun), 2018",Rural + Urban,15-59 years,Male,80,74,7.5
India,Punjab,"PLFS Year (Jul - Jun), 2018",Rural + Urban,15-59 years,Female,21.1,19,10
India,Punjab,"PLFS Year (Jul - Jun), 2018",Rural + Urban,15-59 years,Persons,51.9,47.8,8
India,Punjab,"PLFS Year (Jul - Jun), 2018",Rural + Urban,15 years and above,Male,73.9,68.8,6.9
India,Punjab,"PLFS Year (Jul - Jun), 2018",Rural + Urban,15 years and above,Female,19.1,17.3,9.4
India,Punjab,"PLFS Year (Jul - Jun), 2018",Rural + Urban,15 years and above,Persons,47.7,44.2,7.4
India,Punjab,"PLFS Year (Jul - Jun), 2018",Rural + Urban,All Ages,Male,57.7,53.6,7
India,Punjab,"PLFS Year (Jul - Jun), 2018",Rural + Urban,All Ages,Female,15,13.6,9.4
India,Punjab,"PLFS Year (Jul - Jun), 2018",Rural + Urban,All Ages,Persons,37.4,34.6,7.4
India,Rajasthan,"PLFS Year (Jul - Jun), 2018",Rural,15-29 years,Male,57.9,48.2,16.7
India,Rajasthan,"PLFS Year (Jul - Jun), 2018",Rural,15-29 years,Female,22.9,21.4,6.5
India,Rajasthan,"PLFS Year (Jul - Jun), 2018",Rural,15-29 years,Persons,40.8,35.1,13.9
India,Rajasthan,"PLFS Year (Jul - Jun), 2018",Rural,15-59 years,Male,78.6,73.4,6.5
India,Rajasthan,"PLFS Year (Jul - Jun), 2018",Rural,15-59 years,Female,79.8,78,4.4
India,Rajasthan,"PLFS Year (Jul - Jun), 2018",Rural,15-59 years,Persons,59.3,56.3,5.1
India,Rajasthan,"PLFS Year (Jul - Jun), 2018",Rural,15 years and above,Male,74.8,70.4,5.9
India,Rajasthan,"PLFS Year (Jul - Jun), 2018",Rural,15 years and above,Persons,55.8,53.2,4.6
India,Rajasthan,"PLFS Year (Jul - Jun), 2018",Rural,All Ages,Male,51.3,48.3,5.9
India,Rajasthan,"PLFS Year (Jul - Jun), 2018",Rural,All Ages,Female,26.3,25.8,2.1
India,Rajasthan,"PLFS Year (Jul - Jun), 2018",Rural,All Ages,Persons,39.1,37.3,4.6
India,Rajasthan,"PLFS Year (Jul - Jun), 2018",Urban,15-29 years,Male,56.8,43.8,22.9
India,Rajasthan,"PLFS Year (Jul - Jun), 2018",Urban,15-29 years,Female,12.5,7.6,39.1
India,Rajasthan,"PLFS Year (Jul - Jun), 2018",Urban,15-29 years,Persons,35.1,26.1,25.7
India,Rajasthan,"PLFS Year (Jul - Jun), 2018",Urban,15-59 years,Male,79,72,8.8
India,Rajasthan,"PLFS Year (Jul - Jun), 2018",Urban,15-59 years,Female,18,15.3,14.8
India,Rajasthan,"PLFS Year (Jul - Jun), 2018",Urban,15-59 years,Persons,49.3,44.4,9.9
India,Rajasthan,"PLFS Year (Jul - Jun), 2018",Urban,15 years and above,Male,73.5,67.3,8.5
India,Rajasthan,"PLFS Year (Jul - Jun), 2018",Urban,15 years and above,Female,16.2,13.9,14.2
India,Rajasthan,"PLFS Year (Jul - Jun), 2018",Urban,15 years and above,Persons,45.4,41.1,9.5
India,Rajasthan,"PLFS Year (Jul - Jun), 2018",Urban,All Ages,Male,55.1,50.4,8.5
India,Rajasthan,"PLFS Year (Jul - Jun), 2018",Urban,All Ages,Female,12.5,10.7,14.2
India,Rajasthan,"PLFS Year (Jul - Jun), 2018",Urban,All Ages,Persons,34.4,31.2,9.5
India,Rajasthan,"PLFS Year (Jul - Jun), 2018",Rural + Urban,15-29 years,Male,57.6,47.1,18.3
India,Rajasthan,"PLFS Year (Jul - Jun), 2018",Rural + Urban,15-29 years,Female,20.3,17.9,11.7
India,Rajasthan,"PLFS Year (Jul - Jun), 2018",Rural + Urban,15-29 years,Persons,39.3,32.8,16.6
India,Rajasthan,"PLFS Year (Jul - Jun), 2018",Rural + Urban,15-59 years,Male,78.7,73.1,7.1
India,Rajasthan,"PLFS Year (Jul - Jun), 2018",Rural + Urban,15-59 years,Female,34.1,32.8,3.9
India,Rajasthan,"PLFS Year (Jul - Jun), 2018",Rural + Urban,15-59 years,Persons,56.6,53.1,6.2
India,Rajasthan,"PLFS Year (Jul - Jun), 2018",Rural + Urban,15 years and above,Male,74.5,69.6,6.6
India,Rajasthan,"PLFS Year (Jul - Jun), 2018",Rural + Urban,15 years and above,Female,31.4,30.2,3.7
India,Rajasthan,"PLFS Year (Jul - Jun), 2018",Rural + Urban,15 years and above,Persons,53,50,5.7
India,Rajasthan,"PLFS Year (Jul - Jun), 2018",Rural + Urban,All Ages,Male,52.2,48.8,6.6
India,Rajasthan,"PLFS Year (Jul - Jun), 2018",Rural + Urban,All Ages,Female,22.9,22.1,3.7
India,Rajasthan,"PLFS Year (Jul - Jun), 2018",Rural + Urban,All Ages,Persons,38,35.8,5.7
India,Sikkim,"PLFS Year (Jul - Jun), 2018",Rural,15-29 years,Male,48.9,43.5,11.1
India,Sikkim,"PLFS Year (Jul - Jun), 2018",Rural,15-29 years,Female,22.7,21.2,6.6
India,Sikkim,"PLFS Year (Jul - Jun), 2018",Rural,15-29 years,Persons,36.8,33.2,9.8
India,Sikkim,"PLFS Year (Jul - Jun), 2018",Rural,15-59 years,Male,77.9,75.4,3.2
India,Sikkim,"PLFS Year (Jul - Jun), 2018",Rural,15-59 years,Female,115.8,113.6,3.8
India,Sikkim,"PLFS Year (Jul - Jun), 2018",Rural,15-59 years,Persons,68.3,66.5,2.7
India,Sikkim,"PLFS Year (Jul - Jun), 2018",Rural,15 years and above,Male,73,70.9,3
India,Sikkim,"PLFS Year (Jul - Jun), 2018",Rural,15 years and above,Persons,64.6,63,2.5
India,Sikkim,"PLFS Year (Jul - Jun), 2018",Rural,All Ages,Male,60.5,58.7,3
India,Sikkim,"PLFS Year (Jul - Jun), 2018",Rural,All Ages,Female,42.9,42.2,1.8
India,Sikkim,"PLFS Year (Jul - Jun), 2018",Rural,All Ages,Persons,52,50.7,2.5
India,Sikkim,"PLFS Year (Jul - Jun), 2018",Urban,15-29 years,Male,56,49.8,11.1
India,Sikkim,"PLFS Year (Jul - Jun), 2018",Urban,15-29 years,Female,32.6,27.5,15.8
India,Sikkim,"PLFS Year (Jul - Jun), 2018",Urban,15-29 years,Persons,45.7,40,12.6
India,Sikkim,"PLFS Year (Jul - Jun), 2018",Urban,15-59 years,Male,78.1,75,4
India,Sikkim,"PLFS Year (Jul - Jun), 2018",Urban,15-59 years,Female,37.9,35,7.7
India,Sikkim,"PLFS Year (Jul - Jun), 2018",Urban,15-59 years,Persons,60.4,57.3,5
India,Sikkim,"PLFS Year (Jul - Jun), 2018",Urban,15 years and above,Male,76.1,73.2,3.9
India,Sikkim,"PLFS Year (Jul - Jun), 2018",Urban,15 years and above,Female,36.6,33.9,7.5
India,Sikkim,"PLFS Year (Jul - Jun), 2018",Urban,15 years and above,Persons,58.7,55.9,4.9
India,Sikkim,"PLFS Year (Jul - Jun), 2018",Urban,All Ages,Male,63.7,61.2,3.9
India,Sikkim,"PLFS Year (Jul - Jun), 2018",Urban,All Ages,Female,29.4,27.2,7.5
India,Sikkim,"PLFS Year (Jul - Jun), 2018",Urban,All Ages,Persons,48.2,45.9,4.9
India,Sikkim,"PLFS Year (Jul - Jun), 2018",Rural + Urban,15-29 years,Male,51,45.4,11.1
India,Sikkim,"PLFS Year (Jul - Jun), 2018",Rural + Urban,15-29 years,Female,25.5,22.9,9.9
India,Sikkim,"PLFS Year (Jul - Jun), 2018",Rural + Urban,15-29 years,Persons,39.4,35.2,10.7
India,Sikkim,"PLFS Year (Jul - Jun), 2018",Rural + Urban,15-59 years,Male,77.9,75.3,3.4
India,Sikkim,"PLFS Year (Jul - Jun), 2018",Rural + Urban,15-59 years,Female,52.7,51.1,3
India,Sikkim,"PLFS Year (Jul - Jun), 2018",Rural + Urban,15-59 years,Persons,66.1,64,3.3
India,Sikkim,"PLFS Year (Jul - Jun), 2018",Rural + Urban,15 years and above,Male,73.9,71.5,3.2
India,Sikkim,"PLFS Year (Jul - Jun), 2018",Rural + Urban,15 years and above,Female,50.3,48.9,2.8
India,Sikkim,"PLFS Year (Jul - Jun), 2018",Rural + Urban,15 years and above,Persons,63,61.1,3.1
India,Sikkim,"PLFS Year (Jul - Jun), 2018",Rural + Urban,All Ages,Male,61.4,59.4,3.2
India,Sikkim,"PLFS Year (Jul - Jun), 2018",Rural + Urban,All Ages,Female,39.5,38.4,2.8
India,Sikkim,"PLFS Year (Jul - Jun), 2018",Rural + Urban,All Ages,Persons,51,49.4,3.1
India,Tamil Nadu,"PLFS Year (Jul - Jun), 2018",Rural,15-29 years,Male,62,45.7,26.3
India,Tamil Nadu,"PLFS Year (Jul - Jun), 2018",Rural,15-29 years,Female,24.5,17.4,29.1
India,Tamil Nadu,"PLFS Year (Jul - Jun), 2018",Rural,15-29 years,Persons,41.9,30.5,27.1
India,Tamil Nadu,"PLFS Year (Jul - Jun), 2018",Rural,15-59 years,Male,84.5,77.8,7.9
India,Tamil Nadu,"PLFS Year (Jul - Jun), 2018",Rural,15-59 years,Female,95.0,89.2,12.6
India,Tamil Nadu,"PLFS Year (Jul - Jun), 2018",Rural,15-59 years,Persons,64.8,60.1,7.3
India,Tamil Nadu,"PLFS Year (Jul - Jun), 2018",Rural,15 years and above,Male,77,71.6,7
India,Tamil Nadu,"PLFS Year (Jul - Jun), 2018",Rural,15 years and above,Persons,59.4,55.6,6.4
India,Tamil Nadu,"PLFS Year (Jul - Jun), 2018",Rural,All Ages,Male,60.5,56.3,7
India,Tamil Nadu,"PLFS Year (Jul - Jun), 2018",Rural,All Ages,Female,35.1,33.2,5.5
India,Tamil Nadu,"PLFS Year (Jul - Jun), 2018",Rural,All Ages,Persons,47.1,44.1,6.4
India,Tamil Nadu,"PLFS Year (Jul - Jun), 2018",Urban,15-29 years,Male,57.8,47,18.7
India,Tamil Nadu,"PLFS Year (Jul - Jun), 2018",Urban,15-29 years,Female,23.2,17.1,26.2
India,Tamil Nadu,"PLFS Year (Jul - Jun), 2018",Urban,15-29 years,Persons,41.1,32.6,20.7
India,Tamil Nadu,"PLFS Year (Jul - Jun), 2018",Urban,15-59 years,Male,80,74.9,6.4
India,Tamil Nadu,"PLFS Year (Jul - Jun), 2018",Urban,15-59 years,Female,32,29.1,9.1
India,Tamil Nadu,"PLFS Year (Jul - Jun), 2018",Urban,15-59 years,Persons,55.7,51.7,7.2
India,Tamil Nadu,"PLFS Year (Jul - Jun), 2018",Urban,15 years and above,Male,72.5,68.1,6
India,Tamil Nadu,"PLFS Year (Jul - Jun), 2018",Urban,15 years and above,Female,28.9,26.4,8.4
India,Tamil Nadu,"PLFS Year (Jul - Jun), 2018",Urban,15 years and above,Persons,50.2,46.8,6.7
India,Tamil Nadu,"PLFS Year (Jul - Jun), 2018",Urban,All Ages,Male,58,54.5,6
India,Tamil Nadu,"PLFS Year (Jul - Jun), 2018",Urban,All Ages,Female,23.6,21.6,8.4
India,Tamil Nadu,"PLFS Year (Jul - Jun), 2018",Urban,All Ages,Persons,40.6,37.9,6.7
India,Tamil Nadu,"PLFS Year (Jul - Jun), 2018",Rural + Urban,15-29 years,Male,59.8,46.4,22.5
India,Tamil Nadu,"PLFS Year (Jul - Jun), 2018",Rural + Urban,15-29 years,Female,23.9,17.3,27.8
India,Tamil Nadu,"PLFS Year (Jul - Jun), 2018",Rural + Urban,15-29 years,Persons,41.5,31.5,24
India,Tamil Nadu,"PLFS Year (Jul - Jun), 2018",Rural + Urban,15-59 years,Male,82.2,76.4,7.2
India,Tamil Nadu,"PLFS Year (Jul - Jun), 2018",Rural + Urban,15-59 years,Female,40.2,37.3,7.3
India,Tamil Nadu,"PLFS Year (Jul - Jun), 2018",Rural + Urban,15-59 years,Persons,60.4,56,7.2
India,Tamil Nadu,"PLFS Year (Jul - Jun), 2018",Rural + Urban,15 years and above,Male,74.8,69.9,6.6
India,Tamil Nadu,"PLFS Year (Jul - Jun), 2018",Rural + Urban,15 years and above,Female,37,34.6,6.5
India,Tamil Nadu,"PLFS Year (Jul - Jun), 2018",Rural + Urban,15 years and above,Persons,55.1,51.4,6.6
India,Tamil Nadu,"PLFS Year (Jul - Jun), 2018",Rural + Urban,All Ages,Male,59.3,55.4,6.6
India,Tamil Nadu,"PLFS Year (Jul - Jun), 2018",Rural + Urban,All Ages,Female,29.9,27.9,6.5
India,Tamil Nadu,"PLFS Year (Jul - Jun), 2018",Rural + Urban,All Ages,Persons,44.1,41.2,6.6
India,Telangana,"PLFS Year (Jul - Jun), 2018",Rural,15-29 years,Male,54.2,38.6,28.9
India,Telangana,"PLFS Year (Jul - Jun), 2018",Rural,15-29 years,Female,28.3,22.5,20.6
India,Telangana,"PLFS Year (Jul - Jun), 2018",Rural,15-29 years,Persons,40.9,30.3,25.9
India,Telangana,"PLFS Year (Jul - Jun), 2018",Rural,15-59 years,Male,80,73.2,8.6
India,Telangana,"PLFS Year (Jul - Jun), 2018",Rural,15-59 years,Female,104.4,99.0,10.2
India,Telangana,"PLFS Year (Jul - Jun), 2018",Rural,15-59 years,Persons,65.6,60.9,7.2
India,Telangana,"PLFS Year (Jul - Jun), 2018",Rural,15 years and above,Male,71.9,66.2,7.9
India,Telangana,"PLFS Year (Jul - Jun), 2018",Rural,15 years and above,Persons,59.4,55.4,6.6
India,Telangana,"PLFS Year (Jul - Jun), 2018",Rural,All Ages,Male,56.1,51.5,8.2
India,Telangana,"PLFS Year (Jul - Jun), 2018",Rural,All Ages,Female,38.7,36.9,4.7
India,Telangana,"PLFS Year (Jul - Jun), 2018",Rural,All Ages,Persons,47.3,44.1,6.8
India,Telangana,"PLFS Year (Jul - Jun), 2018",Urban,15-29 years,Male,59.1,43.6,26.3
India,Telangana,"PLFS Year (Jul - Jun), 2018",Urban,15-29 years,Female,21,12.9,38.3
India,Telangana,"PLFS Year (Jul - Jun), 2018",Urban,15-29 years,Persons,40.4,28.6,29.4
India,Telangana,"PLFS Year (Jul - Jun), 2018",Urban,15-59 years,Male,79,71.6,9.4
India,Telangana,"PLFS Year (Jul - Jun), 2018",Urban,15-59 years,Female,26.8,22,17.8
India,Telangana,"PLFS Year (Jul - Jun), 2018",Urban,15-59 years,Persons,53.2,47.1,11.5
India,Telangana,"PLFS Year (Jul - Jun), 2018",Urban,15 years and above,Male,73.2,66.6,9
India,Telangana,"PLFS Year (Jul - Jun), 2018",Urban,15 years and above,Female,24.6,20.4,17.3
India,Telangana,"PLFS Year (Jul - Jun), 2018",Urban,15 years and above,Persons,49.3,43.8,11
India,Telangana,"PLFS Year (Jul - Jun), 2018",Urban,All Ages,Male,57.8,52.6,9
India,Telangana,"PLFS Year (Jul - Jun), 2018",Urban,All Ages,Female,19.6,16.1,17.7
India,Telangana,"PLFS Year (Jul - Jun), 2018",Urban,All Ages,Persons,39,34.6,11.2
India,Telangana,"PLFS Year (Jul - Jun), 2018",Rural + Urban,15-29 years,Male,56.5,40.9,27.6
India,Telangana,"PLFS Year (Jul - Jun), 2018",Rural + Urban,15-29 years,Female,25.1,18.3,27.1
India,Telangana,"PLFS Year (Jul - Jun), 2018",Rural + Urban,15-29 years,Persons,40.7,29.5,27.4
India,Telangana,"PLFS Year (Jul - Jun), 2018",Rural + Urban,15-59 years,Male,79.6,72.5,8.9
India,Telangana,"PLFS Year (Jul - Jun), 2018",Rural + Urban,15-59 years,Female,41.5,38,8.6
India,Telangana,"PLFS Year (Jul - Jun), 2018",Rural + Urban,15-59 years,Persons,60.2,54.9,8.8
India,Telangana,"PLFS Year (Jul - Jun), 2018",Rural + Urban,15 years and above,Male,72.4,66.4,8.4
India,Telangana,"PLFS Year (Jul - Jun), 2018",Rural + Urban,15 years and above,Female,38.3,35.2,8
India,Telangana,"PLFS Year (Jul - Jun), 2018",Rural + Urban,15 years and above,Persons,55.1,50.6,8.3
India,Telangana,"PLFS Year (Jul - Jun), 2018",Rural + Urban,All Ages,Male,56.8,52,8.6
India,Telangana,"PLFS Year (Jul - Jun), 2018",Rural + Urban,All Ages,Female,30.8,28.3,8.1
India,Telangana,"PLFS Year (Jul - Jun), 2018",Rural + Urban,All Ages,Persons,43.8,40.1,8.4
India,The Dadra and Nagar Haveli and Daman and Diu,"PLFS Year (Jul - Jun), 2018",Rural,15-29 years,Male,74.350000000000000000000,72.750000000000000000000,2.250000000000000000000
India,The Dadra and Nagar Haveli and Daman and Diu,"PLFS Year (Jul - Jun), 2018",Rural,15-29 years,Female,30.950000000000000000000,30.950000000000000000000,0.00000000000000000000
India,The Dadra and Nagar Haveli and Daman and Diu,"PLFS Year (Jul - Jun), 2018",Rural,15-29 years,Persons,54.150000000000000000000,53.200000000000000000000,1.400000000000000000000
India,The Dadra and Nagar Haveli and Daman and Diu,"PLFS Year (Jul - Jun), 2018",Rural,15-59 years,Male,88.100000000000000000000,87.300000000000000000000,0.900000000000000000000
India,The Dadra and Nagar Haveli and Daman and Diu,"PLFS Year (Jul - Jun), 2018",Rural,15-59 years,Female,76.200000000000000000000,76.200000000000000000000,0.00000000000000000000
India,The Dadra and Nagar Haveli and Daman and Diu,"PLFS Year (Jul - Jun), 2018",Rural,15-59 years,Persons,63.650000000000000000000,63.200000000000000000000,0.600000000000000000000
India,The Dadra and Nagar Haveli and Daman and Diu,"PLFS Year (Jul - Jun), 2018",Rural,15 years and above,Male,81.550000000000000000000,80.800000000000000000000,0.900000000000000000000
India,The Dadra and Nagar Haveli and Daman and Diu,"PLFS Year (Jul - Jun), 2018",Rural,15 years and above,Persons,59.200000000000000000000,58.750000000000000000000,0.550000000000000000000
India,The Dadra and Nagar Haveli and Daman and Diu,"PLFS Year (Jul - Jun), 2018",Rural,All Ages,Male,61.150000000000000000000,60.550000000000000000000,0.900000000000000000000
India,The Dadra and Nagar Haveli and Daman and Diu,"PLFS Year (Jul - Jun), 2018",Rural,All Ages,Female,27.400000000000000000000,27.400000000000000000000,0.00000000000000000000
India,The Dadra and Nagar Haveli and Daman and Diu,"PLFS Year (Jul - Jun), 2018",Rural,All Ages,Persons,44.850000000000000000000,44.550000000000000000000,0.550000000000000000000
India,The Dadra and Nagar Haveli and Daman and Diu,"PLFS Year (Jul - Jun), 2018",Urban,15-29 years,Male,80.600000000000000000000,79.300000000000000000000,1.650000000000000000000
India,The Dadra and Nagar Haveli and Daman and Diu,"PLFS Year (Jul - Jun), 2018",Urban,15-29 years,Female,12.300000000000000000000,11.000000000000000000000,10.50000000000000000000
India,The Dadra and Nagar Haveli and Daman and Diu,"PLFS Year (Jul - Jun), 2018",Urban,15-29 years,Persons,53.000000000000000000000,51.700000000000000000000,2.350000000000000000000
India,The Dadra and Nagar Haveli and Daman and Diu,"PLFS Year (Jul - Jun), 2018",Urban,15-59 years,Male,89.600000000000000000000,89.000000000000000000000,0.700000000000000000000
India,The Dadra and Nagar Haveli and Daman and Diu,"PLFS Year (Jul - Jun), 2018",Urban,15-59 years,Female,21.800000000000000000000,21.250000000000000000000,2.700000000000000000000
India,The Dadra and Nagar Haveli and Daman and Diu,"PLFS Year (Jul - Jun), 2018",Urban,15-59 years,Persons,62.550000000000000000000,61.950000000000000000000,0.950000000000000000000
India,The Dadra and Nagar Haveli and Daman and Diu,"PLFS Year (Jul - Jun), 2018",Urban,15 years and above,Male,88.500000000000000000000,87.850000000000000000000,0.650000000000000000000
India,The Dadra and Nagar Haveli and Daman and Diu,"PLFS Year (Jul - Jun), 2018",Urban,15 years and above,Female,20.800000000000000000000,20.250000000000000000000,2.700000000000000000000
India,The Dadra and Nagar Haveli and Daman and Diu,"PLFS Year (Jul - Jun), 2018",Urban,15 years and above,Persons,61.050000000000000000000,60.500000000000000000000,0.900000000000000000000
India,The Dadra and Nagar Haveli and Daman and Diu,"PLFS Year (Jul - Jun), 2018",Urban,All Ages,Male,63.900000000000000000000,63.450000000000000000000,0.650000000000000000000
India,The Dadra and Nagar Haveli and Daman and Diu,"PLFS Year (Jul - Jun), 2018",Urban,All Ages,Female,15.350000000000000000000,14.950000000000000000000,2.700000000000000000000
India,The Dadra and Nagar Haveli and Daman and Diu,"PLFS Year (Jul - Jun), 2018",Urban,All Ages,Persons,44.400000000000000000000,44.000000000000000000000,0.900000000000000000000
India,The Dadra and Nagar Haveli and Daman and Diu,"PLFS Year (Jul - Jun), 2018",Rural + Urban,15-29 years,Male,78.450000000000000000000,77.050000000000000000000,1.900000000000000000000
India,The Dadra and Nagar Haveli and Daman and Diu,"PLFS Year (Jul - Jun), 2018",Rural + Urban,15-29 years,Female,23.950000000000000000000,23.300000000000000000000,1.700000000000000000000
India,The Dadra and Nagar Haveli and Daman and Diu,"PLFS Year (Jul - Jun), 2018",Rural + Urban,15-29 years,Persons,54.950000000000000000000,53.850000000000000000000,1.900000000000000000000
India,The Dadra and Nagar Haveli and Daman and Diu,"PLFS Year (Jul - Jun), 2018",Rural + Urban,15-59 years,Male,89.050000000000000000000,88.300000000000000000000,0.800000000000000000000
India,The Dadra and Nagar Haveli and Daman and Diu,"PLFS Year (Jul - Jun), 2018",Rural + Urban,15-59 years,Female,31.750000000000000000000,31.450000000000000000000,0.650000000000000000000
India,The Dadra and Nagar Haveli and Daman and Diu,"PLFS Year (Jul - Jun), 2018",Rural + Urban,15-59 years,Persons,64.550000000000000000000,64.000000000000000000000,0.750000000000000000000
India,The Dadra and Nagar Haveli and Daman and Diu,"PLFS Year (Jul - Jun), 2018",Rural + Urban,15 years and above,Male,87.000000000000000000000,86.300000000000000000000,0.750000000000000000000
India,The Dadra and Nagar Haveli and Daman and Diu,"PLFS Year (Jul - Jun), 2018",Rural + Urban,15 years and above,Female,30.550000000000000000000,30.250000000000000000000,0.650000000000000000000
India,The Dadra and Nagar Haveli and Daman and Diu,"PLFS Year (Jul - Jun), 2018",Rural + Urban,15 years and above,Persons,62.350000000000000000000,61.850000000000000000000,0.750000000000000000000
India,The Dadra and Nagar Haveli and Daman and Diu,"PLFS Year (Jul - Jun), 2018",Rural + Urban,All Ages,Male,63.900000000000000000000,63.450000000000000000000,0.750000000000000000000
India,The Dadra and Nagar Haveli and Daman and Diu,"PLFS Year (Jul - Jun), 2018",Rural + Urban,All Ages,Female,22.400000000000000000000,22.200000000000000000000,0.650000000000000000000
India,The Dadra and Nagar Haveli and Daman and Diu,"PLFS Year (Jul - Jun), 2018",Rural + Urban,All Ages,Persons,46.150000000000000000000,45.750000000000000000000,0.750000000000000000000
India,Tripura,"PLFS Year (Jul - Jun), 2018",Rural,15-29 years,Male,56.7,45.1,20.5
India,Tripura,"PLFS Year (Jul - Jun), 2018",Rural,15-29 years,Female,14,5.4,61.5
India,Tripura,"PLFS Year (Jul - Jun), 2018",Rural,15-29 years,Persons,35.6,25.5,28.5
India,Tripura,"PLFS Year (Jul - Jun), 2018",Rural,15-59 years,Male,82.7,77.9,5.8
India,Tripura,"PLFS Year (Jul - Jun), 2018",Rural,15-59 years,Female,35.0,24.8,58.2
India,Tripura,"PLFS Year (Jul - Jun), 2018",Rural,15-59 years,Persons,50.9,45.9,9.8
India,Tripura,"PLFS Year (Jul - Jun), 2018",Rural,15 years and above,Male,76.8,72.5,5.5
India,Tripura,"PLFS Year (Jul - Jun), 2018",Rural,15 years and above,Persons,47,42.6,9.3
India,Tripura,"PLFS Year (Jul - Jun), 2018",Rural,All Ages,Male,60.9,57.6,5.5
India,Tripura,"PLFS Year (Jul - Jun), 2018",Rural,All Ages,Female,13.2,9.4,28.3
India,Tripura,"PLFS Year (Jul - Jun), 2018",Rural,All Ages,Persons,38.1,34.6,9.3
India,Tripura,"PLFS Year (Jul - Jun), 2018",Urban,15-29 years,Male,44.7,30.1,32.7
India,Tripura,"PLFS Year (Jul - Jun), 2018",Urban,15-29 years,Female,21.2,8.3,60.8
India,Tripura,"PLFS Year (Jul - Jun), 2018",Urban,15-29 years,Persons,32.7,18.9,42
India,Tripura,"PLFS Year (Jul - Jun), 2018",Urban,15-59 years,Male,78.6,71.6,8.9
India,Tripura,"PLFS Year (Jul - Jun), 2018",Urban,15-59 years,Female,23.1,16,30.6
India,Tripura,"PLFS Year (Jul - Jun), 2018",Urban,15-59 years,Persons,50.3,43.3,14
India,Tripura,"PLFS Year (Jul - Jun), 2018",Urban,15 years and above,Male,70.3,64.4,8.3
India,Tripura,"PLFS Year (Jul - Jun), 2018",Urban,15 years and above,Female,20.1,14.1,30.1
India,Tripura,"PLFS Year (Jul - Jun), 2018",Urban,15 years and above,Persons,45,39.1,13.2
India,Tripura,"PLFS Year (Jul - Jun), 2018",Urban,All Ages,Male,58.5,53.5,8.7
India,Tripura,"PLFS Year (Jul - Jun), 2018",Urban,All Ages,Female,16.6,11.6,30.1
India,Tripura,"PLFS Year (Jul - Jun), 2018",Urban,All Ages,Persons,37.4,32.3,13.5
India,Tripura,"PLFS Year (Jul - Jun), 2018",Rural + Urban,15-29 years,Male,54.7,42.5,22.2
India,Tripura,"PLFS Year (Jul - Jun), 2018",Rural + Urban,15-29 years,Female,15.3,5.9,61.3
India,Tripura,"PLFS Year (Jul - Jun), 2018",Rural + Urban,15-29 years,Persons,35.1,24.3,30.7
India,Tripura,"PLFS Year (Jul - Jun), 2018",Rural + Urban,15-59 years,Male,82,76.8,6.4
India,Tripura,"PLFS Year (Jul - Jun), 2018",Rural + Urban,15-59 years,Female,18.5,13.1,29.5
India,Tripura,"PLFS Year (Jul - Jun), 2018",Rural + Urban,15-59 years,Persons,50.8,45.4,10.5
India,Tripura,"PLFS Year (Jul - Jun), 2018",Rural + Urban,15 years and above,Male,75.6,71,6
India,Tripura,"PLFS Year (Jul - Jun), 2018",Rural + Urban,15 years and above,Female,16.6,11.9,28.8
India,Tripura,"PLFS Year (Jul - Jun), 2018",Rural + Urban,15 years and above,Persons,46.6,41.9,10
India,Tripura,"PLFS Year (Jul - Jun), 2018",Rural + Urban,All Ages,Male,60.5,56.8,6.1
India,Tripura,"PLFS Year (Jul - Jun), 2018",Rural + Urban,All Ages,Female,13.8,9.9,28.7
India,Tripura,"PLFS Year (Jul - Jun), 2018",Rural + Urban,All Ages,Persons,38,34.1,10.1
India,Uttar Pradesh,"PLFS Year (Jul - Jun), 2018",Rural,15-29 years,Male,54.4,47.4,13
India,Uttar Pradesh,"PLFS Year (Jul - Jun), 2018",Rural,15-29 years,Female,7.5,6.8,8.7
India,Uttar Pradesh,"PLFS Year (Jul - Jun), 2018",Rural,15-29 years,Persons,30.6,26.7,12.5
India,Uttar Pradesh,"PLFS Year (Jul - Jun), 2018",Rural,15-59 years,Male,76.2,72.2,5.3
India,Uttar Pradesh,"PLFS Year (Jul - Jun), 2018",Rural,15-59 years,Female,30.6,30,4
India,Uttar Pradesh,"PLFS Year (Jul - Jun), 2018",Rural,15-59 years,Persons,44.9,42.7,4.7
India,Uttar Pradesh,"PLFS Year (Jul - Jun), 2018",Rural,15 years and above,Male,74,70.4,4.8
India,Uttar Pradesh,"PLFS Year (Jul - Jun), 2018",Rural,15 years and above,Persons,43.9,42,4.3
India,Uttar Pradesh,"PLFS Year (Jul - Jun), 2018",Rural,All Ages,Male,49.9,47.5,4.8
India,Uttar Pradesh,"PLFS Year (Jul - Jun), 2018",Rural,All Ages,Female,10.7,10.5,1.8
India,Uttar Pradesh,"PLFS Year (Jul - Jun), 2018",Rural,All Ages,Persons,30.5,29.2,4.3
India,Uttar Pradesh,"PLFS Year (Jul - Jun), 2018",Urban,15-29 years,Male,55.4,42.7,22.9
India,Uttar Pradesh,"PLFS Year (Jul - Jun), 2018",Urban,15-29 years,Female,7.3,6.1,16.9
India,Uttar Pradesh,"PLFS Year (Jul - Jun), 2018",Urban,15-29 years,Persons,32.8,25.5,22.3
India,Uttar Pradesh,"PLFS Year (Jul - Jun), 2018",Urban,15-59 years,Male,73.9,65.4,11.5
India,Uttar Pradesh,"PLFS Year (Jul - Jun), 2018",Urban,15-59 years,Female,9.9,9.3,6.2
India,Uttar Pradesh,"PLFS Year (Jul - Jun), 2018",Urban,15-59 years,Persons,43,38.3,10.9
India,Uttar Pradesh,"PLFS Year (Jul - Jun), 2018",Urban,15 years and above,Male,70.6,62.9,10.9
India,Uttar Pradesh,"PLFS Year (Jul - Jun), 2018",Urban,15 years and above,Female,9.7,9.2,5.7
India,Uttar Pradesh,"PLFS Year (Jul - Jun), 2018",Urban,15 years and above,Persons,41.2,36.9,10.3
India,Uttar Pradesh,"PLFS Year (Jul - Jun), 2018",Urban,All Ages,Male,51.6,45.8,11.2
India,Uttar Pradesh,"PLFS Year (Jul - Jun), 2018",Urban,All Ages,Female,7.3,6.9,6.1
India,Uttar Pradesh,"PLFS Year (Jul - Jun), 2018",Urban,All Ages,Persons,30.5,27.3,10.6
India,Uttar Pradesh,"PLFS Year (Jul - Jun), 2018",Rural + Urban,15-29 years,Male,54.7,46.2,15.6
India,Uttar Pradesh,"PLFS Year (Jul - Jun), 2018",Rural + Urban,15-29 years,Female,7.4,6.7,10.5
India,Uttar Pradesh,"PLFS Year (Jul - Jun), 2018",Rural + Urban,15-29 years,Persons,31.1,26.4,15
India,Uttar Pradesh,"PLFS Year (Jul - Jun), 2018",Rural + Urban,15-59 years,Male,75.6,70.4,6.9
India,Uttar Pradesh,"PLFS Year (Jul - Jun), 2018",Rural + Urban,15-59 years,Female,14.1,13.7,2.7
India,Uttar Pradesh,"PLFS Year (Jul - Jun), 2018",Rural + Urban,15-59 years,Persons,44.4,41.7,6.2
India,Uttar Pradesh,"PLFS Year (Jul - Jun), 2018",Rural + Urban,15 years and above,Male,73.1,68.6,6.3
India,Uttar Pradesh,"PLFS Year (Jul - Jun), 2018",Rural + Urban,15 years and above,Female,13.6,13.3,2.5
India,Uttar Pradesh,"PLFS Year (Jul - Jun), 2018",Rural + Urban,15 years and above,Persons,43.2,40.8,5.7
India,Uttar Pradesh,"PLFS Year (Jul - Jun), 2018",Rural + Urban,All Ages,Male,50.3,47.1,6.3
India,Uttar Pradesh,"PLFS Year (Jul - Jun), 2018",Rural + Urban,All Ages,Female,9.9,9.7,2.5
India,Uttar Pradesh,"PLFS Year (Jul - Jun), 2018",Rural + Urban,All Ages,Persons,30.5,28.7,5.7
India,Uttarakhand,"PLFS Year (Jul - Jun), 2018",Rural,15-29 years,Male,48.9,42.3,13.5
India,Uttarakhand,"PLFS Year (Jul - Jun), 2018",Rural,15-29 years,Female,15.4,9,41.3
India,Uttarakhand,"PLFS Year (Jul - Jun), 2018",Rural,15-29 years,Persons,31.5,25,20.6
India,Uttarakhand,"PLFS Year (Jul - Jun), 2018",Rural,15-59 years,Male,74.9,70.6,5.7
India,Uttarakhand,"PLFS Year (Jul - Jun), 2018",Rural,15-59 years,Female,46.4,39.8,28
India,Uttarakhand,"PLFS Year (Jul - Jun), 2018",Rural,15-59 years,Persons,48.4,44.6,7.8
India,Uttarakhand,"PLFS Year (Jul - Jun), 2018",Rural,15 years and above,Male,71.3,67.6,5.2
India,Uttarakhand,"PLFS Year (Jul - Jun), 2018",Rural,15 years and above,Persons,45.4,42.1,7.1
India,Uttarakhand,"PLFS Year (Jul - Jun), 2018",Rural,All Ages,Male,52.3,49.6,5.3
India,Uttarakhand,"PLFS Year (Jul - Jun), 2018",Rural,All Ages,Female,16.1,14,13.3
India,Uttarakhand,"PLFS Year (Jul - Jun), 2018",Rural,All Ages,Persons,34.2,31.8,7.2
India,Uttarakhand,"PLFS Year (Jul - Jun), 2018",Urban,15-29 years,Male,56.4,43.5,22.9
India,Uttarakhand,"PLFS Year (Jul - Jun), 2018",Urban,15-29 years,Female,18.1,8,55.8
India,Uttarakhand,"PLFS Year (Jul - Jun), 2018",Urban,15-29 years,Persons,40.1,28.4,29.2
India,Uttarakhand,"PLFS Year (Jul - Jun), 2018",Urban,15-59 years,Male,77.7,69.5,10.5
India,Uttarakhand,"PLFS Year (Jul - Jun), 2018",Urban,15-59 years,Female,17.4,12.1,30.2
India,Uttarakhand,"PLFS Year (Jul - Jun), 2018",Urban,15-59 years,Persons,49.2,42.4,13.8
India,Uttarakhand,"PLFS Year (Jul - Jun), 2018",Urban,15 years and above,Male,72.7,65.3,10.2
India,Uttarakhand,"PLFS Year (Jul - Jun), 2018",Urban,15 years and above,Female,15.5,10.8,30.2
India,Uttarakhand,"PLFS Year (Jul - Jun), 2018",Urban,15 years and above,Persons,45.6,39.5,13.4
India,Uttarakhand,"PLFS Year (Jul - Jun), 2018",Urban,All Ages,Male,54.6,49.1,10.2
India,Uttarakhand,"PLFS Year (Jul - Jun), 2018",Urban,All Ages,Female,11.8,8.2,30
India,Uttarakhand,"PLFS Year (Jul - Jun), 2018",Urban,All Ages,Persons,34.3,29.7,13.4
India,Uttarakhand,"PLFS Year (Jul - Jun), 2018",Rural + Urban,15-29 years,Male,51.3,42.7,16.8
India,Uttarakhand,"PLFS Year (Jul - Jun), 2018",Rural + Urban,15-29 years,Female,16.1,8.8,45.3
India,Uttarakhand,"PLFS Year (Jul - Jun), 2018",Rural + Urban,15-29 years,Persons,33.9,26,23.5
India,Uttarakhand,"PLFS Year (Jul - Jun), 2018",Rural + Urban,15-59 years,Male,75.8,70.3,7.2
India,Uttarakhand,"PLFS Year (Jul - Jun), 2018",Rural + Urban,15-59 years,Female,21.6,17.8,17.5
India,Uttarakhand,"PLFS Year (Jul - Jun), 2018",Rural + Urban,15-59 years,Persons,48.6,44,9.5
India,Uttarakhand,"PLFS Year (Jul - Jun), 2018",Rural + Urban,15 years and above,Male,71.7,66.9,6.7
India,Uttarakhand,"PLFS Year (Jul - Jun), 2018",Rural + Urban,15 years and above,Female,19.4,16.2,16.8
India,Uttarakhand,"PLFS Year (Jul - Jun), 2018",Rural + Urban,15 years and above,Persons,45.4,41.4,8.9
India,Uttarakhand,"PLFS Year (Jul - Jun), 2018",Rural + Urban,All Ages,Male,53,49.4,6.7
India,Uttarakhand,"PLFS Year (Jul - Jun), 2018",Rural + Urban,All Ages,Female,15,12.5,16.8
India,Uttarakhand,"PLFS Year (Jul - Jun), 2018",Rural + Urban,All Ages,Persons,34.3,31.2,8.9
India,West Bengal,"PLFS Year (Jul - Jun), 2018",Rural,15-29 years,Male,71.3,63.8,10.5
India,West Bengal,"PLFS Year (Jul - Jun), 2018",Rural,15-29 years,Female,14.4,13.6,5.4
India,West Bengal,"PLFS Year (Jul - Jun), 2018",Rural,15-29 years,Persons,42,37.9,9.6
India,West Bengal,"PLFS Year (Jul - Jun), 2018",Rural,15-59 years,Male,87.2,83.6,4.1
India,West Bengal,"PLFS Year (Jul - Jun), 2018",Rural,15-59 years,Female,44.4,43.8,3.0
India,West Bengal,"PLFS Year (Jul - Jun), 2018",Rural,15-59 years,Persons,54.5,52.5,3.6
India,West Bengal,"PLFS Year (Jul - Jun), 2018",Rural,15 years and above,Male,83,79.9,3.7
India,West Bengal,"PLFS Year (Jul - Jun), 2018",Rural,15 years and above,Persons,52.1,50.4,3.3
India,West Bengal,"PLFS Year (Jul - Jun), 2018",Rural,All Ages,Male,62.9,60.4,4
India,West Bengal,"PLFS Year (Jul - Jun), 2018",Rural,All Ages,Female,16.2,16,1.4
India,West Bengal,"PLFS Year (Jul - Jun), 2018",Rural,All Ages,Persons,40,38.6,3.5
India,West Bengal,"PLFS Year (Jul - Jun), 2018",Urban,15-29 years,Male,64.2,54.2,15.6
India,West Bengal,"PLFS Year (Jul - Jun), 2018",Urban,15-29 years,Female,22.3,19.9,10.9
India,West Bengal,"PLFS Year (Jul - Jun), 2018",Urban,15-29 years,Persons,43.1,36.9,14.4
India,West Bengal,"PLFS Year (Jul - Jun), 2018",Urban,15-59 years,Male,84.2,79.5,5.5
India,West Bengal,"PLFS Year (Jul - Jun), 2018",Urban,15-59 years,Female,27.6,26.5,4
India,West Bengal,"PLFS Year (Jul - Jun), 2018",Urban,15-59 years,Persons,55.7,52.8,5.2
India,West Bengal,"PLFS Year (Jul - Jun), 2018",Urban,15 years and above,Male,77.1,73,5.2
India,West Bengal,"PLFS Year (Jul - Jun), 2018",Urban,15 years and above,Female,24.8,23.8,3.7
India,West Bengal,"PLFS Year (Jul - Jun), 2018",Urban,15 years and above,Persons,50.6,48.2,4.9
India,West Bengal,"PLFS Year (Jul - Jun), 2018",Urban,All Ages,Male,61.1,57.9,5.3
India,West Bengal,"PLFS Year (Jul - Jun), 2018",Urban,All Ages,Female,20.2,19.4,3.7
India,West Bengal,"PLFS Year (Jul - Jun), 2018",Urban,All Ages,Persons,40.7,38.7,4.9
India,West Bengal,"PLFS Year (Jul - Jun), 2018",Rural + Urban,15-29 years,Male,69.1,60.8,12
India,West Bengal,"PLFS Year (Jul - Jun), 2018",Rural + Urban,15-29 years,Female,16.8,15.5,7.6
India,West Bengal,"PLFS Year (Jul - Jun), 2018",Rural + Urban,15-29 years,Persons,42.3,37.6,11.1
India,West Bengal,"PLFS Year (Jul - Jun), 2018",Rural + Urban,15-59 years,Male,86.2,82.3,4.6
India,West Bengal,"PLFS Year (Jul - Jun), 2018",Rural + Urban,15-59 years,Female,23.9,23.4,2.4
India,West Bengal,"PLFS Year (Jul - Jun), 2018",Rural + Urban,15-59 years,Persons,54.9,52.6,4.1
India,West Bengal,"PLFS Year (Jul - Jun), 2018",Rural + Urban,15 years and above,Male,81.1,77.7,4.2
India,West Bengal,"PLFS Year (Jul - Jun), 2018",Rural + Urban,15 years and above,Female,22.2,21.7,2.3
India,West Bengal,"PLFS Year (Jul - Jun), 2018",Rural + Urban,15 years and above,Persons,51.6,49.7,3.8
India,West Bengal,"PLFS Year (Jul - Jun), 2018",Rural + Urban,All Ages,Male,62.3,59.6,4.4
India,West Bengal,"PLFS Year (Jul - Jun), 2018",Rural + Urban,All Ages,Female,17.5,17.1,2.3
India,West Bengal,"PLFS Year (Jul - Jun), 2018",Rural + Urban,All Ages,Persons,40.2,38.6,3.9
India,Andaman and Nicobar Islands,"PLFS Year (Jul - Jun), 2017",Rural,15-29 years,Male,70.2,54.6,22.2
India,Andaman and Nicobar Islands,"PLFS Year (Jul - Jun), 2017",Rural,15-29 years,Female,33.7,7.2,78.6
India,Andaman and Nicobar Islands,"PLFS Year (Jul - Jun), 2017",Rural,15-29 years,Persons,52.9,32.2,39.2
India,Andaman and Nicobar Islands,"PLFS Year (Jul - Jun), 2017",Rural,15-59 years,Male,89,83,6.8
India,Andaman and Nicobar Islands,"PLFS Year (Jul - Jun), 2017",Rural,15-59 years,Female,33.1,20.1,39.2
India,Andaman and Nicobar Islands,"PLFS Year (Jul - Jun), 2017",Rural,15-59 years,Persons,62,52.7,15.1
India,Andaman and Nicobar Islands,"PLFS Year (Jul - Jun), 2017",Rural,15 years and above,Male,81.8,76.5,6.5
India,Andaman and Nicobar Islands,"PLFS Year (Jul - Jun), 2017",Rural,15 years and above,Female,29.1,17.8,39
India,Andaman and Nicobar Islands,"PLFS Year (Jul - Jun), 2017",Rural,15 years and above,Persons,56.3,48,14.7
India,Andaman and Nicobar Islands,"PLFS Year (Jul - Jun), 2017",Rural,All Ages,Male,64.6,60.4,6.5
India,Andaman and Nicobar Islands,"PLFS Year (Jul - Jun), 2017",Rural,All Ages,Female,22.1,13.5,39
India,Andaman and Nicobar Islands,"PLFS Year (Jul - Jun), 2017",Rural,All Ages,Persons,43.6,37.2,14.7
India,Andaman and Nicobar Islands,"PLFS Year (Jul - Jun), 2017",Urban,15-29 years,Male,66.9,60.2,10
India,Andaman and Nicobar Islands,"PLFS Year (Jul - Jun), 2017",Urban,15-29 years,Female,44.3,12.2,72.4
India,Andaman and Nicobar Islands,"PLFS Year (Jul - Jun), 2017",Urban,15-29 years,Persons,55.9,36.9,34.1
India,Andaman and Nicobar Islands,"PLFS Year (Jul - Jun), 2017",Urban,15-59 years,Male,85.9,82.9,3.5
India,Andaman and Nicobar Islands,"PLFS Year (Jul - Jun), 2017",Urban,15-59 years,Female,44.5,23.3,47.6
India,Andaman and Nicobar Islands,"PLFS Year (Jul - Jun), 2017",Urban,15-59 years,Persons,66.1,54.4,17.7
India,Andaman and Nicobar Islands,"PLFS Year (Jul - Jun), 2017",Urban,15 years and above,Male,79,76.3,3.4
India,Andaman and Nicobar Islands,"PLFS Year (Jul - Jun), 2017",Urban,15 years and above,Female,40.2,21.3,47.1
India,Andaman and Nicobar Islands,"PLFS Year (Jul - Jun), 2017",Urban,15 years and above,Persons,60.3,49.8,17.4
India,Andaman and Nicobar Islands,"PLFS Year (Jul - Jun), 2017",Urban,All Ages,Male,60,57.9,3.4
India,Andaman and Nicobar Islands,"PLFS Year (Jul - Jun), 2017",Urban,All Ages,Female,30.6,16.2,47.1
India,Andaman and Nicobar Islands,"PLFS Year (Jul - Jun), 2017",Urban,All Ages,Persons,45.8,37.8,17.4
India,Andaman and Nicobar Islands,"PLFS Year (Jul - Jun), 2017",Rural + Urban,15-29 years,Male,68.8,56.9,17.2
India,Andaman and Nicobar Islands,"PLFS Year (Jul - Jun), 2017",Rural + Urban,15-29 years,Female,38.3,9.4,75.5
India,Andaman and Nicobar Islands,"PLFS Year (Jul - Jun), 2017",Rural + Urban,15-29 years,Persons,54.2,34.1,37
India,Andaman and Nicobar Islands,"PLFS Year (Jul - Jun), 2017",Rural + Urban,15-59 years,Male,87.8,82.9,5.5
India,Andaman and Nicobar Islands,"PLFS Year (Jul - Jun), 2017",Rural + Urban,15-59 years,Female,37.6,21.4,43.1
India,Andaman and Nicobar Islands,"PLFS Year (Jul - Jun), 2017",Rural + Urban,15-59 years,Persons,63.7,53.4,16.2
India,Andaman and Nicobar Islands,"PLFS Year (Jul - Jun), 2017",Rural + Urban,15 years and above,Male,80.7,76.4,5.3
India,Andaman and Nicobar Islands,"PLFS Year (Jul - Jun), 2017",Rural + Urban,15 years and above,Female,33.5,19.1,42.8
India,Andaman and Nicobar Islands,"PLFS Year (Jul - Jun), 2017",Rural + Urban,15 years and above,Persons,57.9,48.7,15.8
India,Andaman and Nicobar Islands,"PLFS Year (Jul - Jun), 2017",Rural + Urban,All Ages,Male,62.7,59.4,5.3
India,Andaman and Nicobar Islands,"PLFS Year (Jul - Jun), 2017",Rural + Urban,All Ages,Female,25.4,14.5,42.8
India,Andaman and Nicobar Islands,"PLFS Year (Jul - Jun), 2017",Rural + Urban,All Ages,Persons,44.5,37.4,15.8
India,Andhra Pradesh,"PLFS Year (Jul - Jun), 2017",Rural,15-29 years,Male,69.6,58.8,15.6
India,Andhra Pradesh,"PLFS Year (Jul - Jun), 2017",Rural,15-29 years,Female,37.3,33.8,9.3
India,Andhra Pradesh,"PLFS Year (Jul - Jun), 2017",Rural,15-29 years,Persons,53,46,13.4
India,Andhra Pradesh,"PLFS Year (Jul - Jun), 2017",Rural,15-59 years,Male,86,81.6,5.1
India,Andhra Pradesh,"PLFS Year (Jul - Jun), 2017",Rural,15-59 years,Female,54.6,53.2,2.5
India,Andhra Pradesh,"PLFS Year (Jul - Jun), 2017",Rural,15-59 years,Persons,69.5,66.7,4
India,Andhra Pradesh,"PLFS Year (Jul - Jun), 2017",Rural,15 years and above,Male,79.5,75.9,4.5
India,Andhra Pradesh,"PLFS Year (Jul - Jun), 2017",Rural,15 years and above,Female,48.4,47.3,2.3
India,Andhra Pradesh,"PLFS Year (Jul - Jun), 2017",Rural,15 years and above,Persons,63.3,61,3.6
India,Andhra Pradesh,"PLFS Year (Jul - Jun), 2017",Rural,All Ages,Male,61.9,59.1,4.5
India,Andhra Pradesh,"PLFS Year (Jul - Jun), 2017",Rural,All Ages,Female,39,38.1,2.3
India,Andhra Pradesh,"PLFS Year (Jul - Jun), 2017",Rural,All Ages,Persons,50.2,48.4,3.6
India,Andhra Pradesh,"PLFS Year (Jul - Jun), 2017",Urban,15-29 years,Male,59.1,47.1,20.4
India,Andhra Pradesh,"PLFS Year (Jul - Jun), 2017",Urban,15-29 years,Female,26.7,19.5,26.9
India,Andhra Pradesh,"PLFS Year (Jul - Jun), 2017",Urban,15-29 years,Persons,40.7,31.4,22.8
India,Andhra Pradesh,"PLFS Year (Jul - Jun), 2017",Urban,15-59 years,Male,83.9,79,5.8
India,Andhra Pradesh,"PLFS Year (Jul - Jun), 2017",Urban,15-59 years,Female,34,30.8,9.4
India,Andhra Pradesh,"PLFS Year (Jul - Jun), 2017",Urban,15-59 years,Persons,57.3,53.3,6.9
India,Andhra Pradesh,"PLFS Year (Jul - Jun), 2017",Urban,15 years and above,Male,78.3,74,5.5
India,Andhra Pradesh,"PLFS Year (Jul - Jun), 2017",Urban,15 years and above,Female,30.7,27.9,9
India,Andhra Pradesh,"PLFS Year (Jul - Jun), 2017",Urban,15 years and above,Persons,52.8,49.3,6.6
India,Andhra Pradesh,"PLFS Year (Jul - Jun), 2017",Urban,All Ages,Male,57.4,54.3,5.4
India,Andhra Pradesh,"PLFS Year (Jul - Jun), 2017",Urban,All Ages,Female,25.1,22.8,9.1
India,Andhra Pradesh,"PLFS Year (Jul - Jun), 2017",Urban,All Ages,Persons,41,38.3,6.6
India,Andhra Pradesh,"PLFS Year (Jul - Jun), 2017",Rural + Urban,15-29 years,Male,66.3,55,17
India,Andhra Pradesh,"PLFS Year (Jul - Jun), 2017",Rural + Urban,15-29 years,Female,33.4,28.5,14.5
India,Andhra Pradesh,"PLFS Year (Jul - Jun), 2017",Rural + Urban,15-29 years,Persons,48.8,40.9,16.1
India,Andhra Pradesh,"PLFS Year (Jul - Jun), 2017",Rural + Urban,15-59 years,Male,85.3,80.7,5.3
India,Andhra Pradesh,"PLFS Year (Jul - Jun), 2017",Rural + Urban,15-59 years,Female,47.5,45.6,4.2
India,Andhra Pradesh,"PLFS Year (Jul - Jun), 2017",Rural + Urban,15-59 years,Persons,65.3,62.1,4.9
India,Andhra Pradesh,"PLFS Year (Jul - Jun), 2017",Rural + Urban,15 years and above,Male,79.1,75.3,4.8
India,Andhra Pradesh,"PLFS Year (Jul - Jun), 2017",Rural + Urban,15 years and above,Female,42.5,40.8,3.9
India,Andhra Pradesh,"PLFS Year (Jul - Jun), 2017",Rural + Urban,15 years and above,Persons,59.9,57.2,4.5
India,Andhra Pradesh,"PLFS Year (Jul - Jun), 2017",Rural + Urban,All Ages,Male,60.4,57.5,4.8
India,Andhra Pradesh,"PLFS Year (Jul - Jun), 2017",Rural + Urban,All Ages,Female,34.4,33,4
India,Andhra Pradesh,"PLFS Year (Jul - Jun), 2017",Rural + Urban,All Ages,Persons,47.1,45,4.5
India,Arunachal Pradesh,"PLFS Year (Jul - Jun), 2017",Rural,15-29 years,Male,32.6,25.6,21.6
India,Arunachal Pradesh,"PLFS Year (Jul - Jun), 2017",Rural,15-29 years,Female,16.6,11.6,29.8
India,Arunachal Pradesh,"PLFS Year (Jul - Jun), 2017",Rural,15-29 years,Persons,26.5,20.2,23.6
India,Arunachal Pradesh,"PLFS Year (Jul - Jun), 2017",Rural,15-59 years,Male,70.8,67.6,4.5
India,Arunachal Pradesh,"PLFS Year (Jul - Jun), 2017",Rural,15-59 years,Female,15.7,14.1,10.3
India,Arunachal Pradesh,"PLFS Year (Jul - Jun), 2017",Rural,15-59 years,Persons,45.9,43.5,5.4
India,Arunachal Pradesh,"PLFS Year (Jul - Jun), 2017",Rural,15 years and above,Male,70.2,67.2,4.3
India,Arunachal Pradesh,"PLFS Year (Jul - Jun), 2017",Rural,15 years and above,Female,15.3,13.8,10.2
India,Arunachal Pradesh,"PLFS Year (Jul - Jun), 2017",Rural,15 years and above,Persons,45.7,43.3,5.2
India,Arunachal Pradesh,"PLFS Year (Jul - Jun), 2017",Rural,All Ages,Male,51,48.8,4.3
India,Arunachal Pradesh,"PLFS Year (Jul - Jun), 2017",Rural,All Ages,Female,11.2,10,10.7
India,Arunachal Pradesh,"PLFS Year (Jul - Jun), 2017",Rural,All Ages,Persons,33.2,31.4,5.3
India,Arunachal Pradesh,"PLFS Year (Jul - Jun), 2017",Urban,15-29 years,Male,28.5,17.6,38.1
India,Arunachal Pradesh,"PLFS Year (Jul - Jun), 2017",Urban,15-29 years,Female,11.9,6.1,48.8
India,Arunachal Pradesh,"PLFS Year (Jul - Jun), 2017",Urban,15-29 years,Persons,20.9,12.4,40.8
India,Arunachal Pradesh,"PLFS Year (Jul - Jun), 2017",Urban,15-59 years,Male,67.6,62.2,8
India,Arunachal Pradesh,"PLFS Year (Jul - Jun), 2017",Urban,15-59 years,Female,12,9.5,20.6
India,Arunachal Pradesh,"PLFS Year (Jul - Jun), 2017",Urban,15-59 years,Persons,41.7,37.6,9.7
India,Arunachal Pradesh,"PLFS Year (Jul - Jun), 2017",Urban,15 years and above,Male,67.1,61.7,8
India,Arunachal Pradesh,"PLFS Year (Jul - Jun), 2017",Urban,15 years and above,Female,11.7,9.3,20.6
India,Arunachal Pradesh,"PLFS Year (Jul - Jun), 2017",Urban,15 years and above,Persons,41.1,37.2,9.6
India,Arunachal Pradesh,"PLFS Year (Jul - Jun), 2017",Urban,All Ages,Male,48.8,44.8,8.2
India,Arunachal Pradesh,"PLFS Year (Jul - Jun), 2017",Urban,All Ages,Female,8.4,6.7,20.6
India,Arunachal Pradesh,"PLFS Year (Jul - Jun), 2017",Urban,All Ages,Persons,29.8,26.9,9.9
India,Arunachal Pradesh,"PLFS Year (Jul - Jun), 2017",Rural + Urban,15-29 years,Male,32,24.3,23.9
India,Arunachal Pradesh,"PLFS Year (Jul - Jun), 2017",Rural + Urban,15-29 years,Female,15.6,10.5,32.7
India,Arunachal Pradesh,"PLFS Year (Jul - Jun), 2017",Rural + Urban,15-29 years,Persons,25.5,18.8,26.1
India,Arunachal Pradesh,"PLFS Year (Jul - Jun), 2017",Rural + Urban,15-59 years,Male,70.3,66.8,5
India,Arunachal Pradesh,"PLFS Year (Jul - Jun), 2017",Rural + Urban,15-59 years,Female,15.1,13.3,11.7
India,Arunachal Pradesh,"PLFS Year (Jul - Jun), 2017",Rural + Urban,15-59 years,Persons,45.2,42.5,6
India,Arunachal Pradesh,"PLFS Year (Jul - Jun), 2017",Rural + Urban,15 years and above,Male,69.8,66.4,4.9
India,Arunachal Pradesh,"PLFS Year (Jul - Jun), 2017",Rural + Urban,15 years and above,Female,14.7,13,11.5
India,Arunachal Pradesh,"PLFS Year (Jul - Jun), 2017",Rural + Urban,15 years and above,Persons,45,42.3,5.8
India,Arunachal Pradesh,"PLFS Year (Jul - Jun), 2017",Rural + Urban,All Ages,Male,50.7,48.2,4.9
India,Arunachal Pradesh,"PLFS Year (Jul - Jun), 2017",Rural + Urban,All Ages,Female,10.7,9.5,12
India,Arunachal Pradesh,"PLFS Year (Jul - Jun), 2017",Rural + Urban,All Ages,Persons,32.7,30.7,5.9
India,Assam,"PLFS Year (Jul - Jun), 2017",Rural,15-29 years,Male,62.8,46.6,25.7
India,Assam,"PLFS Year (Jul - Jun), 2017",Rural,15-29 years,Female,10.7,6.6,38.5
India,Assam,"PLFS Year (Jul - Jun), 2017",Rural,15-29 years,Persons,36.5,26.4,27.6
India,Assam,"PLFS Year (Jul - Jun), 2017",Rural,15-59 years,Male,84.2,77.6,7.8
India,Assam,"PLFS Year (Jul - Jun), 2017",Rural,15-59 years,Female,13.4,11.5,14.1
India,Assam,"PLFS Year (Jul - Jun), 2017",Rural,15-59 years,Persons,49.6,45.3,8.6
India,Assam,"PLFS Year (Jul - Jun), 2017",Rural,15 years and above,Male,80.9,75,7.3
India,Assam,"PLFS Year (Jul - Jun), 2017",Rural,15 years and above,Female,12.3,10.6,14
India,Assam,"PLFS Year (Jul - Jun), 2017",Rural,15 years and above,Persons,47.7,43.8,8.1
India,Assam,"PLFS Year (Jul - Jun), 2017",Rural,All Ages,Male,59.1,54.7,7.4
India,Assam,"PLFS Year (Jul - Jun), 2017",Rural,All Ages,Female,9.5,8.1,14.3
India,Assam,"PLFS Year (Jul - Jun), 2017",Rural,All Ages,Persons,35.7,32.7,8.3
India,Assam,"PLFS Year (Jul - Jun), 2017",Urban,15-29 years,Male,55.3,45,18.6
India,Assam,"PLFS Year (Jul - Jun), 2017",Urban,15-29 years,Female,16,11.1,30.2
India,Assam,"PLFS Year (Jul - Jun), 2017",Urban,15-29 years,Persons,36.2,28.6,21.1
India,Assam,"PLFS Year (Jul - Jun), 2017",Urban,15-59 years,Male,80.5,76,5.6
India,Assam,"PLFS Year (Jul - Jun), 2017",Urban,15-59 years,Female,16.7,14.7,11.8
India,Assam,"PLFS Year (Jul - Jun), 2017",Urban,15-59 years,Persons,48.9,45.6,6.7
India,Assam,"PLFS Year (Jul - Jun), 2017",Urban,15 years and above,Male,75.3,71.3,5.3
India,Assam,"PLFS Year (Jul - Jun), 2017",Urban,15 years and above,Female,15.4,13.6,11.4
India,Assam,"PLFS Year (Jul - Jun), 2017",Urban,15 years and above,Persons,45.7,42.8,6.3
India,Assam,"PLFS Year (Jul - Jun), 2017",Urban,All Ages,Male,61,57.8,5.3
India,Assam,"PLFS Year (Jul - Jun), 2017",Urban,All Ages,Female,12.4,11,11.4
India,Assam,"PLFS Year (Jul - Jun), 2017",Urban,All Ages,Persons,36.9,34.6,6.3
India,Assam,"PLFS Year (Jul - Jun), 2017",Rural + Urban,15-29 years,Male,62,46.4,25.1
India,Assam,"PLFS Year (Jul - Jun), 2017",Rural + Urban,15-29 years,Female,11.2,7,37.3
India,Assam,"PLFS Year (Jul - Jun), 2017",Rural + Urban,15-29 years,Persons,36.5,26.7,27
India,Assam,"PLFS Year (Jul - Jun), 2017",Rural + Urban,15-59 years,Male,83.8,77.5,7.6
India,Assam,"PLFS Year (Jul - Jun), 2017",Rural + Urban,15-59 years,Female,13.8,11.9,13.8
India,Assam,"PLFS Year (Jul - Jun), 2017",Rural + Urban,15-59 years,Persons,49.5,45.3,8.4
India,Assam,"PLFS Year (Jul - Jun), 2017",Rural + Urban,15 years and above,Male,80.3,74.7,7.1
India,Assam,"PLFS Year (Jul - Jun), 2017",Rural + Urban,15 years and above,Female,12.7,11,13.6
India,Assam,"PLFS Year (Jul - Jun), 2017",Rural + Urban,15 years and above,Persons,47.5,43.7,7.9
India,Assam,"PLFS Year (Jul - Jun), 2017",Rural + Urban,All Ages,Male,59.3,55,7.2
India,Assam,"PLFS Year (Jul - Jun), 2017",Rural + Urban,All Ages,Female,9.8,8.4,13.9
India,Assam,"PLFS Year (Jul - Jun), 2017",Rural + Urban,All Ages,Persons,35.8,32.9,8.1
India,Bihar,"PLFS Year (Jul - Jun), 2017",Rural,15-29 years,Male,43.6,33.8,22.5
India,Bihar,"PLFS Year (Jul - Jun), 2017",Rural,15-29 years,Female,1.6,1.4,11.8
India,Bihar,"PLFS Year (Jul - Jun), 2017",Rural,15-29 years,Persons,24.5,19.1,22.2
India,Bihar,"PLFS Year (Jul - Jun), 2017",Rural,15-59 years,Male,71,65.6,7.7
India,Bihar,"PLFS Year (Jul - Jun), 2017",Rural,15-59 years,Female,4.1,4,2
India,Bihar,"PLFS Year (Jul - Jun), 2017",Rural,15-59 years,Persons,39.2,36.3,7.4
India,Bihar,"PLFS Year (Jul - Jun), 2017",Rural,15 years and above,Male,68.8,64,7
India,Bihar,"PLFS Year (Jul - Jun), 2017",Rural,15 years and above,Female,3.9,3.8,2.3
India,Bihar,"PLFS Year (Jul - Jun), 2017",Rural,15 years and above,Persons,38.2,35.6,6.8
India,Bihar,"PLFS Year (Jul - Jun), 2017",Rural,All Ages,Male,45.3,42,7.2
India,Bihar,"PLFS Year (Jul - Jun), 2017",Rural,All Ages,Female,2.6,2.5,2.3
India,Bihar,"PLFS Year (Jul - Jun), 2017",Rural,All Ages,Persons,25.4,23.6,7
India,Bihar,"PLFS Year (Jul - Jun), 2017",Urban,15-29 years,Male,39.7,28.4,28.4
India,Bihar,"PLFS Year (Jul - Jun), 2017",Urban,15-29 years,Female,2.7,1.7,38.2
India,Bihar,"PLFS Year (Jul - Jun), 2017",Urban,15-29 years,Persons,23.2,16.5,28.9
India,Bihar,"PLFS Year (Jul - Jun), 2017",Urban,15-59 years,Male,69,62.2,9.9
India,Bihar,"PLFS Year (Jul - Jun), 2017",Urban,15-59 years,Female,6.9,6.5,6.4
India,Bihar,"PLFS Year (Jul - Jun), 2017",Urban,15-59 years,Persons,39.7,35.9,9.6
India,Bihar,"PLFS Year (Jul - Jun), 2017",Urban,15 years and above,Male,66.5,60.3,9.3
India,Bihar,"PLFS Year (Jul - Jun), 2017",Urban,15 years and above,Female,6.4,6,6.2
India,Bihar,"PLFS Year (Jul - Jun), 2017",Urban,15 years and above,Persons,38.2,34.7,9
India,Bihar,"PLFS Year (Jul - Jun), 2017",Urban,All Ages,Male,46.6,42.3,9.2
India,Bihar,"PLFS Year (Jul - Jun), 2017",Urban,All Ages,Female,4.5,4.2,6.2
India,Bihar,"PLFS Year (Jul - Jun), 2017",Urban,All Ages,Persons,26.6,24.2,9
India,Bihar,"PLFS Year (Jul - Jun), 2017",Rural + Urban,15-29 years,Male,43.3,33.3,23
India,Bihar,"PLFS Year (Jul - Jun), 2017",Rural + Urban,15-29 years,Female,1.7,1.4,15.7
India,Bihar,"PLFS Year (Jul - Jun), 2017",Rural + Urban,15-29 years,Persons,24.4,18.8,22.8
India,Bihar,"PLFS Year (Jul - Jun), 2017",Rural + Urban,15-59 years,Male,70.8,65.2,7.9
India,Bihar,"PLFS Year (Jul - Jun), 2017",Rural + Urban,15-59 years,Female,4.4,4.3,2.6
India,Bihar,"PLFS Year (Jul - Jun), 2017",Rural + Urban,15-59 years,Persons,39.2,36.2,7.6
India,Bihar,"PLFS Year (Jul - Jun), 2017",Rural + Urban,15 years and above,Male,68.6,63.7,7.2
India,Bihar,"PLFS Year (Jul - Jun), 2017",Rural + Urban,15 years and above,Female,4.1,4,2.8
India,Bihar,"PLFS Year (Jul - Jun), 2017",Rural + Urban,15 years and above,Persons,38.2,35.5,7
India,Bihar,"PLFS Year (Jul - Jun), 2017",Rural + Urban,All Ages,Male,45.4,42,7.4
India,Bihar,"PLFS Year (Jul - Jun), 2017",Rural + Urban,All Ages,Female,2.8,2.7,2.8
India,Bihar,"PLFS Year (Jul - Jun), 2017",Rural + Urban,All Ages,Persons,25.5,23.6,7.2
India,Chandigarh,"PLFS Year (Jul - Jun), 2017",Rural,15-29 years,Male,54.6,45.2,17.2
India,Chandigarh,"PLFS Year (Jul - Jun), 2017",Rural,15-29 years,Female,9.9,9.4,4.9
India,Chandigarh,"PLFS Year (Jul - Jun), 2017",Rural,15-29 years,Persons,32.4,27.4,15.3
India,Chandigarh,"PLFS Year (Jul - Jun), 2017",Rural,15-59 years,Male,84.2,80.9,3.9
India,Chandigarh,"PLFS Year (Jul - Jun), 2017",Rural,15-59 years,Female,17.3,17,1.3
India,Chandigarh,"PLFS Year (Jul - Jun), 2017",Rural,15-59 years,Persons,55.4,53.5,3.5
India,Chandigarh,"PLFS Year (Jul - Jun), 2017",Rural,15 years and above,Male,76.5,73.6,3.9
India,Chandigarh,"PLFS Year (Jul - Jun), 2017",Rural,15 years and above,Female,14.6,14.4,1.3
India,Chandigarh,"PLFS Year (Jul - Jun), 2017",Rural,15 years and above,Persons,48.8,47,3.5
India,Chandigarh,"PLFS Year (Jul - Jun), 2017",Rural,All Ages,Male,56,53.8,3.9
India,Chandigarh,"PLFS Year (Jul - Jun), 2017",Rural,All Ages,Female,8.1,8,1.3
India,Chandigarh,"PLFS Year (Jul - Jun), 2017",Rural,All Ages,Persons,31.3,30.2,3.5
India,Chandigarh,"PLFS Year (Jul - Jun), 2017",Urban,15-29 years,Male,64.7,58.2,10
India,Chandigarh,"PLFS Year (Jul - Jun), 2017",Urban,15-29 years,Female,26,19.7,24.1
India,Chandigarh,"PLFS Year (Jul - Jun), 2017",Urban,15-29 years,Persons,45.1,38.7,14.1
India,Chandigarh,"PLFS Year (Jul - Jun), 2017",Urban,15-59 years,Male,82.6,78,5.6
India,Chandigarh,"PLFS Year (Jul - Jun), 2017",Urban,15-59 years,Female,28.4,22.2,21.6
India,Chandigarh,"PLFS Year (Jul - Jun), 2017",Urban,15-59 years,Persons,55.4,50,9.7
India,Chandigarh,"PLFS Year (Jul - Jun), 2017",Urban,15 years and above,Male,78.1,74,5.2
India,Chandigarh,"PLFS Year (Jul - Jun), 2017",Urban,15 years and above,Female,25.6,20.1,21.2
India,Chandigarh,"PLFS Year (Jul - Jun), 2017",Urban,15 years and above,Persons,51.6,46.9,9.2
India,Chandigarh,"PLFS Year (Jul - Jun), 2017",Urban,All Ages,Male,59.4,56.3,5.2
India,Chandigarh,"PLFS Year (Jul - Jun), 2017",Urban,All Ages,Female,19.6,15.5,21.2
India,Chandigarh,"PLFS Year (Jul - Jun), 2017",Urban,All Ages,Persons,39.5,35.8,9.2
India,Chandigarh,"PLFS Year (Jul - Jun), 2017",Rural + Urban,15-29 years,Male,64.4,57.8,10.2
India,Chandigarh,"PLFS Year (Jul - Jun), 2017",Rural + Urban,15-29 years,Female,25.5,19.4,23.9
India,Chandigarh,"PLFS Year (Jul - Jun), 2017",Rural + Urban,15-29 years,Persons,44.7,38.4,14.1
India,Chandigarh,"PLFS Year (Jul - Jun), 2017",Rural + Urban,15-59 years,Male,82.7,78.1,5.5
India,Chandigarh,"PLFS Year (Jul - Jun), 2017",Rural + Urban,15-59 years,Female,28,22.1,21.2
India,Chandigarh,"PLFS Year (Jul - Jun), 2017",Rural + Urban,15-59 years,Persons,55.4,50.1,9.5
India,Chandigarh,"PLFS Year (Jul - Jun), 2017",Rural + Urban,15 years and above,Male,78,74,5.2
India,Chandigarh,"PLFS Year (Jul - Jun), 2017",Rural + Urban,15 years and above,Female,25.2,20,20.8
India,Chandigarh,"PLFS Year (Jul - Jun), 2017",Rural + Urban,15 years and above,Persons,51.5,46.9,9
India,Chandigarh,"PLFS Year (Jul - Jun), 2017",Rural + Urban,All Ages,Male,59.3,56.2,5.2
India,Chandigarh,"PLFS Year (Jul - Jun), 2017",Rural + Urban,All Ages,Female,19.1,15.1,20.8
India,Chandigarh,"PLFS Year (Jul - Jun), 2017",Rural + Urban,All Ages,Persons,39.1,35.6,9
India,Chhattisgarh,"PLFS Year (Jul - Jun), 2017",Rural,15-29 years,Male,61.6,56.1,8.9
India,Chhattisgarh,"PLFS Year (Jul - Jun), 2017",Rural,15-29 years,Female,37.8,35.6,5.9
India,Chhattisgarh,"PLFS Year (Jul - Jun), 2017",Rural,15-29 years,Persons,50.1,46.2,7.8
India,Chhattisgarh,"PLFS Year (Jul - Jun), 2017",Rural,15-59 years,Male,83.1,80.8,2.8
India,Chhattisgarh,"PLFS Year (Jul - Jun), 2017",Rural,15-59 years,Female,58.4,57.1,2.2
India,Chhattisgarh,"PLFS Year (Jul - Jun), 2017",Rural,15-59 years,Persons,71.1,69.3,2.6
India,Chhattisgarh,"PLFS Year (Jul - Jun), 2017",Rural,15 years and above,Male,79.6,77.5,2.7
India,Chhattisgarh,"PLFS Year (Jul - Jun), 2017",Rural,15 years and above,Female,54,52.8,2.1
India,Chhattisgarh,"PLFS Year (Jul - Jun), 2017",Rural,15 years and above,Persons,67.1,65.5,2.5
India,Chhattisgarh,"PLFS Year (Jul - Jun), 2017",Rural,All Ages,Male,57.1,55.6,2.7
India,Chhattisgarh,"PLFS Year (Jul - Jun), 2017",Rural,All Ages,Female,39.6,38.8,2.1
India,Chhattisgarh,"PLFS Year (Jul - Jun), 2017",Rural,All Ages,Persons,48.7,47.5,2.5
India,Chhattisgarh,"PLFS Year (Jul - Jun), 2017",Urban,15-29 years,Male,60.5,49.9,17.6
India,Chhattisgarh,"PLFS Year (Jul - Jun), 2017",Urban,15-29 years,Female,21,14.3,31.8
India,Chhattisgarh,"PLFS Year (Jul - Jun), 2017",Urban,15-29 years,Persons,41.2,32.5,21.1
India,Chhattisgarh,"PLFS Year (Jul - Jun), 2017",Urban,15-59 years,Male,81.4,76.3,6.3
India,Chhattisgarh,"PLFS Year (Jul - Jun), 2017",Urban,15-59 years,Female,31.9,28,12.2
India,Chhattisgarh,"PLFS Year (Jul - Jun), 2017",Urban,15-59 years,Persons,56.7,52.2,8
India,Chhattisgarh,"PLFS Year (Jul - Jun), 2017",Urban,15 years and above,Male,77.6,73,5.9
India,Chhattisgarh,"PLFS Year (Jul - Jun), 2017",Urban,15 years and above,Female,30.5,27,11.4
India,Chhattisgarh,"PLFS Year (Jul - Jun), 2017",Urban,15 years and above,Persons,54,50,7.5
India,Chhattisgarh,"PLFS Year (Jul - Jun), 2017",Urban,All Ages,Male,57.9,54.5,5.9
India,Chhattisgarh,"PLFS Year (Jul - Jun), 2017",Urban,All Ages,Female,23.5,20.8,11.4
India,Chhattisgarh,"PLFS Year (Jul - Jun), 2017",Urban,All Ages,Persons,41,37.9,7.5
India,Chhattisgarh,"PLFS Year (Jul - Jun), 2017",Rural + Urban,15-29 years,Male,61.4,54.9,10.6
India,Chhattisgarh,"PLFS Year (Jul - Jun), 2017",Rural + Urban,15-29 years,Female,34.4,31.3,9.1
India,Chhattisgarh,"PLFS Year (Jul - Jun), 2017",Rural + Urban,15-29 years,Persons,48.3,43.5,10.1
India,Chhattisgarh,"PLFS Year (Jul - Jun), 2017",Rural + Urban,15-59 years,Male,82.8,79.9,3.5
India,Chhattisgarh,"PLFS Year (Jul - Jun), 2017",Rural + Urban,15-59 years,Female,53,51.2,3.4
India,Chhattisgarh,"PLFS Year (Jul - Jun), 2017",Rural + Urban,15-59 years,Persons,68.3,65.9,3.5
India,Chhattisgarh,"PLFS Year (Jul - Jun), 2017",Rural + Urban,15 years and above,Male,79.2,76.6,3.3
India,Chhattisgarh,"PLFS Year (Jul - Jun), 2017",Rural + Urban,15 years and above,Female,49.3,47.6,3.3
India,Chhattisgarh,"PLFS Year (Jul - Jun), 2017",Rural + Urban,15 years and above,Persons,64.5,62.4,3.3
India,Chhattisgarh,"PLFS Year (Jul - Jun), 2017",Rural + Urban,All Ages,Male,57.3,55.4,3.3
India,Chhattisgarh,"PLFS Year (Jul - Jun), 2017",Rural + Urban,All Ages,Female,36.5,35.3,3.3
India,Chhattisgarh,"PLFS Year (Jul - Jun), 2017",Rural + Urban,All Ages,Persons,47.2,45.7,3.3
India,Delhi,"PLFS Year (Jul - Jun), 2017",Rural,15-29 years,Male,60.4,54,10.6
India,Delhi,"PLFS Year (Jul - Jun), 2017",Rural,15-29 years,Female,0.6,0.6,0
India,Delhi,"PLFS Year (Jul - Jun), 2017",Rural,15-29 years,Persons,33.3,29.8,10.5
India,Delhi,"PLFS Year (Jul - Jun), 2017",Rural,15-59 years,Male,81.6,78.6,3.7
India,Delhi,"PLFS Year (Jul - Jun), 2017",Rural,15-59 years,Female,3.4,3.4,0
India,Delhi,"PLFS Year (Jul - Jun), 2017",Rural,15-59 years,Persons,47.7,46,3.6
India,Delhi,"PLFS Year (Jul - Jun), 2017",Rural,15 years and above,Male,81.2,78.3,3.6
India,Delhi,"PLFS Year (Jul - Jun), 2017",Rural,15 years and above,Female,3.1,3.1,0
India,Delhi,"PLFS Year (Jul - Jun), 2017",Rural,15 years and above,Persons,45.5,43.9,3.5
India,Delhi,"PLFS Year (Jul - Jun), 2017",Rural,All Ages,Male,46.9,45.2,3.6
India,Delhi,"PLFS Year (Jul - Jun), 2017",Rural,All Ages,Female,2.2,2.2,0
India,Delhi,"PLFS Year (Jul - Jun), 2017",Rural,All Ages,Persons,28.7,27.7,3.5
India,Delhi,"PLFS Year (Jul - Jun), 2017",Urban,15-29 years,Male,59.7,46.4,22.4
India,Delhi,"PLFS Year (Jul - Jun), 2017",Urban,15-29 years,Female,12.7,9.7,23.6
India,Delhi,"PLFS Year (Jul - Jun), 2017",Urban,15-29 years,Persons,38.8,30.1,22.5
India,Delhi,"PLFS Year (Jul - Jun), 2017",Urban,15-59 years,Male,79.1,71.4,9.7
India,Delhi,"PLFS Year (Jul - Jun), 2017",Urban,15-59 years,Female,15.5,13.7,11.2
India,Delhi,"PLFS Year (Jul - Jun), 2017",Urban,15-59 years,Persons,50,45,9.9
India,Delhi,"PLFS Year (Jul - Jun), 2017",Urban,15 years and above,Male,74.8,67.8,9.4
India,Delhi,"PLFS Year (Jul - Jun), 2017",Urban,15 years and above,Female,14.6,13,10.7
India,Delhi,"PLFS Year (Jul - Jun), 2017",Urban,15 years and above,Persons,47.1,42.6,9.5
India,Delhi,"PLFS Year (Jul - Jun), 2017",Urban,All Ages,Male,57.7,52.2,9.6
India,Delhi,"PLFS Year (Jul - Jun), 2017",Urban,All Ages,Female,11.4,10.1,11.4
India,Delhi,"PLFS Year (Jul - Jun), 2017",Urban,All Ages,Persons,36.6,33,9.8
India,Delhi,"PLFS Year (Jul - Jun), 2017",Rural + Urban,15-29 years,Male,59.7,46.6,22.1
India,Delhi,"PLFS Year (Jul - Jun), 2017",Rural + Urban,15-29 years,Female,12.4,9.5,23.5
India,Delhi,"PLFS Year (Jul - Jun), 2017",Rural + Urban,15-29 years,Persons,38.7,30.1,22.2
India,Delhi,"PLFS Year (Jul - Jun), 2017",Rural + Urban,15-59 years,Male,79.1,71.6,9.6
India,Delhi,"PLFS Year (Jul - Jun), 2017",Rural + Urban,15-59 years,Female,15.2,13.5,11.2
India,Delhi,"PLFS Year (Jul - Jun), 2017",Rural + Urban,15-59 years,Persons,49.9,45,9.8
India,Delhi,"PLFS Year (Jul - Jun), 2017",Rural + Urban,15 years and above,Male,75,68.1,9.2
India,Delhi,"PLFS Year (Jul - Jun), 2017",Rural + Urban,15 years and above,Female,14.3,12.8,10.7
India,Delhi,"PLFS Year (Jul - Jun), 2017",Rural + Urban,15 years and above,Persons,47.1,42.7,9.4
India,Delhi,"PLFS Year (Jul - Jun), 2017",Rural + Urban,All Ages,Male,57.3,51.9,9.4
India,Delhi,"PLFS Year (Jul - Jun), 2017",Rural + Urban,All Ages,Female,11.2,9.9,11.4
India,Delhi,"PLFS Year (Jul - Jun), 2017",Rural + Urban,All Ages,Persons,36.3,32.8,9.7
India,Goa,"PLFS Year (Jul - Jun), 2017",Rural,15-29 years,Male,71.9,51.9,27.8
India,Goa,"PLFS Year (Jul - Jun), 2017",Rural,15-29 years,Female,44.1,25.5,42
India,Goa,"PLFS Year (Jul - Jun), 2017",Rural,15-29 years,Persons,58.7,39.4,32.9
India,Goa,"PLFS Year (Jul - Jun), 2017",Rural,15-59 years,Male,85.7,76,11.3
India,Goa,"PLFS Year (Jul - Jun), 2017",Rural,15-59 years,Female,36.5,28.5,22
India,Goa,"PLFS Year (Jul - Jun), 2017",Rural,15-59 years,Persons,60.5,51.7,14.6
India,Goa,"PLFS Year (Jul - Jun), 2017",Rural,15 years and above,Male,77.3,69,10.7
India,Goa,"PLFS Year (Jul - Jun), 2017",Rural,15 years and above,Female,31.7,25.1,21
India,Goa,"PLFS Year (Jul - Jun), 2017",Rural,15 years and above,Persons,53.6,46.1,13.9
India,Goa,"PLFS Year (Jul - Jun), 2017",Rural,All Ages,Male,63.7,56.8,10.7
India,Goa,"PLFS Year (Jul - Jun), 2017",Rural,All Ages,Female,25.8,20.4,21
India,Goa,"PLFS Year (Jul - Jun), 2017",Rural,All Ages,Persons,43.9,37.8,13.9
India,Goa,"PLFS Year (Jul - Jun), 2017",Urban,15-29 years,Male,56.5,48.4,14.3
India,Goa,"PLFS Year (Jul - Jun), 2017",Urban,15-29 years,Female,40.2,23.3,42.2
India,Goa,"PLFS Year (Jul - Jun), 2017",Urban,15-29 years,Persons,48.9,36.7,25
India,Goa,"PLFS Year (Jul - Jun), 2017",Urban,15-59 years,Male,76.1,71,6.7
India,Goa,"PLFS Year (Jul - Jun), 2017",Urban,15-59 years,Female,38.2,26.5,30.6
India,Goa,"PLFS Year (Jul - Jun), 2017",Urban,15-59 years,Persons,56.4,47.9,15.1
India,Goa,"PLFS Year (Jul - Jun), 2017",Urban,15 years and above,Male,65,61.2,6
India,Goa,"PLFS Year (Jul - Jun), 2017",Urban,15 years and above,Female,30.4,21.3,29.8
India,Goa,"PLFS Year (Jul - Jun), 2017",Urban,15 years and above,Persons,47.2,40.7,13.8
India,Goa,"PLFS Year (Jul - Jun), 2017",Urban,All Ages,Male,53.1,49.9,6
India,Goa,"PLFS Year (Jul - Jun), 2017",Urban,All Ages,Female,24,16.8,29.8
India,Goa,"PLFS Year (Jul - Jun), 2017",Urban,All Ages,Persons,37.9,32.6,13.8
India,Goa,"PLFS Year (Jul - Jun), 2017",Rural + Urban,15-29 years,Male,63,49.9,20.8
India,Goa,"PLFS Year (Jul - Jun), 2017",Rural + Urban,15-29 years,Female,41.9,24.2,42.1
India,Goa,"PLFS Year (Jul - Jun), 2017",Rural + Urban,15-29 years,Persons,53.1,37.8,28.7
India,Goa,"PLFS Year (Jul - Jun), 2017",Rural + Urban,15-59 years,Male,80.3,73.2,8.9
India,Goa,"PLFS Year (Jul - Jun), 2017",Rural + Urban,15-59 years,Female,37.5,27.4,27
India,Goa,"PLFS Year (Jul - Jun), 2017",Rural + Urban,15-59 years,Persons,58.2,49.5,14.9
India,Goa,"PLFS Year (Jul - Jun), 2017",Rural + Urban,15 years and above,Male,70,64.4,8.1
India,Goa,"PLFS Year (Jul - Jun), 2017",Rural + Urban,15 years and above,Female,30.9,22.9,26
India,Goa,"PLFS Year (Jul - Jun), 2017",Rural + Urban,15 years and above,Persons,49.8,42.9,13.9
India,Goa,"PLFS Year (Jul - Jun), 2017",Rural + Urban,All Ages,Male,57.4,52.7,8.1
India,Goa,"PLFS Year (Jul - Jun), 2017",Rural + Urban,All Ages,Female,24.7,18.3,26
India,Goa,"PLFS Year (Jul - Jun), 2017",Rural + Urban,All Ages,Persons,40.3,34.7,13.9
India,Gujarat,"PLFS Year (Jul - Jun), 2017",Rural,15-29 years,Male,66.3,56.2,15.2
India,Gujarat,"PLFS Year (Jul - Jun), 2017",Rural,15-29 years,Female,17.5,15.1,13.6
India,Gujarat,"PLFS Year (Jul - Jun), 2017",Rural,15-29 years,Persons,44.6,38,14.9
India,Gujarat,"PLFS Year (Jul - Jun), 2017",Rural,15-59 years,Male,83.8,78.9,5.8
India,Gujarat,"PLFS Year (Jul - Jun), 2017",Rural,15-59 years,Female,25,23.9,4.2
India,Gujarat,"PLFS Year (Jul - Jun), 2017",Rural,15-59 years,Persons,55.7,52.7,5.5
India,Gujarat,"PLFS Year (Jul - Jun), 2017",Rural,15 years and above,Male,78.7,74.4,5.4
India,Gujarat,"PLFS Year (Jul - Jun), 2017",Rural,15 years and above,Female,22.5,21.6,4.1
India,Gujarat,"PLFS Year (Jul - Jun), 2017",Rural,15 years and above,Persons,51.7,49.1,5.2
India,Gujarat,"PLFS Year (Jul - Jun), 2017",Rural,All Ages,Male,58.5,55.3,5.5
India,Gujarat,"PLFS Year (Jul - Jun), 2017",Rural,All Ages,Female,17.2,16.5,4
India,Gujarat,"PLFS Year (Jul - Jun), 2017",Rural,All Ages,Persons,39,37,5.2
India,Gujarat,"PLFS Year (Jul - Jun), 2017",Urban,15-29 years,Male,65.3,58.2,10.9
India,Gujarat,"PLFS Year (Jul - Jun), 2017",Urban,15-29 years,Female,16.9,15.2,10
India,Gujarat,"PLFS Year (Jul - Jun), 2017",Urban,15-29 years,Persons,41.6,37.1,10.7
India,Gujarat,"PLFS Year (Jul - Jun), 2017",Urban,15-59 years,Male,82.6,79,4.4
India,Gujarat,"PLFS Year (Jul - Jun), 2017",Urban,15-59 years,Female,17.8,17,4.5
India,Gujarat,"PLFS Year (Jul - Jun), 2017",Urban,15-59 years,Persons,51,48.8,4.5
India,Gujarat,"PLFS Year (Jul - Jun), 2017",Urban,15 years and above,Male,76.6,73.4,4.2
India,Gujarat,"PLFS Year (Jul - Jun), 2017",Urban,15 years and above,Female,16.2,15.5,4.3
India,Gujarat,"PLFS Year (Jul - Jun), 2017",Urban,15 years and above,Persons,47.1,45.1,4.2
India,Gujarat,"PLFS Year (Jul - Jun), 2017",Urban,All Ages,Male,59.2,56.7,4.3
India,Gujarat,"PLFS Year (Jul - Jun), 2017",Urban,All Ages,Female,12.7,12.2,4.3
India,Gujarat,"PLFS Year (Jul - Jun), 2017",Urban,All Ages,Persons,36.7,35.1,4.3
India,Gujarat,"PLFS Year (Jul - Jun), 2017",Rural + Urban,15-29 years,Male,65.9,57,13.5
India,Gujarat,"PLFS Year (Jul - Jun), 2017",Rural + Urban,15-29 years,Female,17.2,15.2,12
India,Gujarat,"PLFS Year (Jul - Jun), 2017",Rural + Urban,15-29 years,Persons,43.4,37.6,13.3
India,Gujarat,"PLFS Year (Jul - Jun), 2017",Rural + Urban,15-59 years,Male,83.3,78.9,5.3
India,Gujarat,"PLFS Year (Jul - Jun), 2017",Rural + Urban,15-59 years,Female,22,21,4.3
India,Gujarat,"PLFS Year (Jul - Jun), 2017",Rural + Urban,15-59 years,Persons,53.8,51.1,5.1
India,Gujarat,"PLFS Year (Jul - Jun), 2017",Rural + Urban,15 years and above,Male,77.8,74,5
India,Gujarat,"PLFS Year (Jul - Jun), 2017",Rural + Urban,15 years and above,Female,19.9,19,4.1
India,Gujarat,"PLFS Year (Jul - Jun), 2017",Rural + Urban,15 years and above,Persons,49.8,47.4,4.8
India,Gujarat,"PLFS Year (Jul - Jun), 2017",Rural + Urban,All Ages,Male,58.8,55.9,5
India,Gujarat,"PLFS Year (Jul - Jun), 2017",Rural + Urban,All Ages,Female,15.4,14.7,4.1
India,Gujarat,"PLFS Year (Jul - Jun), 2017",Rural + Urban,All Ages,Persons,38,36.2,4.8
India,Haryana,"PLFS Year (Jul - Jun), 2017",Rural,15-29 years,Male,60.1,46.9,22
India,Haryana,"PLFS Year (Jul - Jun), 2017",Rural,15-29 years,Female,12.8,9,29.4
India,Haryana,"PLFS Year (Jul - Jun), 2017",Rural,15-29 years,Persons,38.8,29.8,23.1
India,Haryana,"PLFS Year (Jul - Jun), 2017",Rural,15-59 years,Male,78.9,71.4,9.5
India,Haryana,"PLFS Year (Jul - Jun), 2017",Rural,15-59 years,Female,16.5,14.8,10.3
India,Haryana,"PLFS Year (Jul - Jun), 2017",Rural,15-59 years,Persons,49.5,44.7,9.7
India,Haryana,"PLFS Year (Jul - Jun), 2017",Rural,15 years and above,Male,73.9,67.2,9
India,Haryana,"PLFS Year (Jul - Jun), 2017",Rural,15 years and above,Female,14.7,13.2,9.9
India,Haryana,"PLFS Year (Jul - Jun), 2017",Rural,15 years and above,Persons,45.5,41.3,9.2
India,Haryana,"PLFS Year (Jul - Jun), 2017",Rural,All Ages,Male,52.6,47.8,9
India,Haryana,"PLFS Year (Jul - Jun), 2017",Rural,All Ages,Female,10.8,9.6,11
India,Haryana,"PLFS Year (Jul - Jun), 2017",Rural,All Ages,Persons,32.8,29.7,9.3
India,Haryana,"PLFS Year (Jul - Jun), 2017",Urban,15-29 years,Male,61.1,53.1,13.1
India,Haryana,"PLFS Year (Jul - Jun), 2017",Urban,15-29 years,Female,11.5,7.3,36.1
India,Haryana,"PLFS Year (Jul - Jun), 2017",Urban,15-29 years,Persons,38.2,32,16.3
India,Haryana,"PLFS Year (Jul - Jun), 2017",Urban,15-59 years,Male,79.8,74.9,6.2
India,Haryana,"PLFS Year (Jul - Jun), 2017",Urban,15-59 years,Female,15.3,13.4,12.2
India,Haryana,"PLFS Year (Jul - Jun), 2017",Urban,15-59 years,Persons,49.3,45.8,7.1
India,Haryana,"PLFS Year (Jul - Jun), 2017",Urban,15 years and above,Male,74.8,70.3,6
India,Haryana,"PLFS Year (Jul - Jun), 2017",Urban,15 years and above,Female,13.7,12.1,12
India,Haryana,"PLFS Year (Jul - Jun), 2017",Urban,15 years and above,Persons,45.5,42.4,6.9
India,Haryana,"PLFS Year (Jul - Jun), 2017",Urban,All Ages,Male,55.9,52.3,6.5
India,Haryana,"PLFS Year (Jul - Jun), 2017",Urban,All Ages,Female,10.5,9.3,12
India,Haryana,"PLFS Year (Jul - Jun), 2017",Urban,All Ages,Persons,34.5,32,7.3
India,Haryana,"PLFS Year (Jul - Jun), 2017",Rural + Urban,15-29 years,Male,60.5,49.1,18.9
India,Haryana,"PLFS Year (Jul - Jun), 2017",Rural + Urban,15-29 years,Female,12.3,8.4,31.6
India,Haryana,"PLFS Year (Jul - Jun), 2017",Rural + Urban,15-29 years,Persons,38.6,30.6,20.7
India,Haryana,"PLFS Year (Jul - Jun), 2017",Rural + Urban,15-59 years,Male,79.2,72.6,8.4
India,Haryana,"PLFS Year (Jul - Jun), 2017",Rural + Urban,15-59 years,Female,16,14.3,11
India,Haryana,"PLFS Year (Jul - Jun), 2017",Rural + Urban,15-59 years,Persons,49.4,45.1,8.8
India,Haryana,"PLFS Year (Jul - Jun), 2017",Rural + Urban,15 years and above,Male,74.3,68.3,8
India,Haryana,"PLFS Year (Jul - Jun), 2017",Rural + Urban,15 years and above,Female,14.3,12.8,10.6
India,Haryana,"PLFS Year (Jul - Jun), 2017",Rural + Urban,15 years and above,Persons,45.5,41.7,8.4
India,Haryana,"PLFS Year (Jul - Jun), 2017",Rural + Urban,All Ages,Male,53.7,49.4,8.1
India,Haryana,"PLFS Year (Jul - Jun), 2017",Rural + Urban,All Ages,Female,10.7,9.5,11.4
India,Haryana,"PLFS Year (Jul - Jun), 2017",Rural + Urban,All Ages,Persons,33.4,30.5,8.6
India,Himachal Pradesh,"PLFS Year (Jul - Jun), 2017",Rural,15-29 years,Male,54.2,42.7,21.3
India,Himachal Pradesh,"PLFS Year (Jul - Jun), 2017",Rural,15-29 years,Female,36.6,32,12.7
India,Himachal Pradesh,"PLFS Year (Jul - Jun), 2017",Rural,15-29 years,Persons,45.2,37.2,17.7
India,Himachal Pradesh,"PLFS Year (Jul - Jun), 2017",Rural,15-59 years,Male,81.5,75.8,7
India,Himachal Pradesh,"PLFS Year (Jul - Jun), 2017",Rural,15-59 years,Female,56.7,54.2,4.3
India,Himachal Pradesh,"PLFS Year (Jul - Jun), 2017",Rural,15-59 years,Persons,68.5,64.5,5.9
India,Himachal Pradesh,"PLFS Year (Jul - Jun), 2017",Rural,15 years and above,Male,75.9,71.2,6.2
India,Himachal Pradesh,"PLFS Year (Jul - Jun), 2017",Rural,15 years and above,Female,52,50,3.9
India,Himachal Pradesh,"PLFS Year (Jul - Jun), 2017",Rural,15 years and above,Persons,63.5,60.2,5.2
India,Himachal Pradesh,"PLFS Year (Jul - Jun), 2017",Rural,All Ages,Male,58.7,55.1,6.2
India,Himachal Pradesh,"PLFS Year (Jul - Jun), 2017",Rural,All Ages,Female,41.6,40,3.9
India,Himachal Pradesh,"PLFS Year (Jul - Jun), 2017",Rural,All Ages,Persons,50,47.4,5.2
India,Himachal Pradesh,"PLFS Year (Jul - Jun), 2017",Urban,15-29 years,Male,61.9,50.4,18.6
India,Himachal Pradesh,"PLFS Year (Jul - Jun), 2017",Urban,15-29 years,Female,17.6,9.5,46
India,Himachal Pradesh,"PLFS Year (Jul - Jun), 2017",Urban,15-29 years,Persons,44.4,34.2,22.9
India,Himachal Pradesh,"PLFS Year (Jul - Jun), 2017",Urban,15-59 years,Male,80.3,74.1,7.8
India,Himachal Pradesh,"PLFS Year (Jul - Jun), 2017",Urban,15-59 years,Female,26,22.2,14.5
India,Himachal Pradesh,"PLFS Year (Jul - Jun), 2017",Urban,15-59 years,Persons,56.2,51.1,9.2
India,Himachal Pradesh,"PLFS Year (Jul - Jun), 2017",Urban,15 years and above,Male,75.3,69.8,7.4
India,Himachal Pradesh,"PLFS Year (Jul - Jun), 2017",Urban,15 years and above,Female,24.7,21.3,13.7
India,Himachal Pradesh,"PLFS Year (Jul - Jun), 2017",Urban,15 years and above,Persons,52.9,48.3,8.7
India,Himachal Pradesh,"PLFS Year (Jul - Jun), 2017",Urban,All Ages,Male,58.7,54.3,7.4
India,Himachal Pradesh,"PLFS Year (Jul - Jun), 2017",Urban,All Ages,Female,19.5,16.9,13.7
India,Himachal Pradesh,"PLFS Year (Jul - Jun), 2017",Urban,All Ages,Persons,41.5,37.9,8.7
India,Himachal Pradesh,"PLFS Year (Jul - Jun), 2017",Rural + Urban,15-29 years,Male,55.4,43.9,20.8
India,Himachal Pradesh,"PLFS Year (Jul - Jun), 2017",Rural + Urban,15-29 years,Female,34.7,29.7,14.4
India,Himachal Pradesh,"PLFS Year (Jul - Jun), 2017",Rural + Urban,15-29 years,Persons,45.1,36.8,18.4
India,Himachal Pradesh,"PLFS Year (Jul - Jun), 2017",Rural + Urban,15-59 years,Male,81.4,75.6,7.1
India,Himachal Pradesh,"PLFS Year (Jul - Jun), 2017",Rural + Urban,15-59 years,Female,53.8,51.2,4.8
India,Himachal Pradesh,"PLFS Year (Jul - Jun), 2017",Rural + Urban,15-59 years,Persons,67.1,63,6.2
India,Himachal Pradesh,"PLFS Year (Jul - Jun), 2017",Rural + Urban,15 years and above,Male,75.8,71,6.3
India,Himachal Pradesh,"PLFS Year (Jul - Jun), 2017",Rural + Urban,15 years and above,Female,49.6,47.5,4.3
India,Himachal Pradesh,"PLFS Year (Jul - Jun), 2017",Rural + Urban,15 years and above,Persons,62.4,58.9,5.5
India,Himachal Pradesh,"PLFS Year (Jul - Jun), 2017",Rural + Urban,All Ages,Male,58.7,55,6.4
India,Himachal Pradesh,"PLFS Year (Jul - Jun), 2017",Rural + Urban,All Ages,Female,39.7,37.9,4.3
India,Himachal Pradesh,"PLFS Year (Jul - Jun), 2017",Rural + Urban,All Ages,Persons,49.1,46.4,5.5
India,Jammu and Kashmir,"PLFS Year (Jul - Jun), 2017",Rural,15-29 years,Male,54.1,47.8,11.6
India,Jammu and Kashmir,"PLFS Year (Jul - Jun), 2017",Rural,15-29 years,Female,24.9,21.1,15.1
India,Jammu and Kashmir,"PLFS Year (Jul - Jun), 2017",Rural,15-29 years,Persons,40.8,35.7,12.6
India,Jammu and Kashmir,"PLFS Year (Jul - Jun), 2017",Rural,15-59 years,Male,78.4,75.2,4.1
India,Jammu and Kashmir,"PLFS Year (Jul - Jun), 2017",Rural,15-59 years,Female,34.2,32.2,5.9
India,Jammu and Kashmir,"PLFS Year (Jul - Jun), 2017",Rural,15-59 years,Persons,57.2,54.5,4.6
India,Jammu and Kashmir,"PLFS Year (Jul - Jun), 2017",Rural,15 years and above,Male,76.7,73.8,3.8
India,Jammu and Kashmir,"PLFS Year (Jul - Jun), 2017",Rural,15 years and above,Female,32.3,30.5,5.6
India,Jammu and Kashmir,"PLFS Year (Jul - Jun), 2017",Rural,15 years and above,Persons,55.5,53.2,4.3
India,Jammu and Kashmir,"PLFS Year (Jul - Jun), 2017",Rural,All Ages,Male,57.5,55.4,3.7
India,Jammu and Kashmir,"PLFS Year (Jul - Jun), 2017",Rural,All Ages,Female,24.2,22.9,5.4
India,Jammu and Kashmir,"PLFS Year (Jul - Jun), 2017",Rural,All Ages,Persons,41.6,39.9,4.2
India,Jammu and Kashmir,"PLFS Year (Jul - Jun), 2017",Urban,15-29 years,Male,55.6,45.3,18.6
India,Jammu and Kashmir,"PLFS Year (Jul - Jun), 2017",Urban,15-29 years,Female,24.7,15.2,38.7
India,Jammu and Kashmir,"PLFS Year (Jul - Jun), 2017",Urban,15-29 years,Persons,40.9,30.9,24.4
India,Jammu and Kashmir,"PLFS Year (Jul - Jun), 2017",Urban,15-59 years,Male,79.3,74.1,6.5
India,Jammu and Kashmir,"PLFS Year (Jul - Jun), 2017",Urban,15-59 years,Female,25.4,19.3,23.8
India,Jammu and Kashmir,"PLFS Year (Jul - Jun), 2017",Urban,15-59 years,Persons,52.6,47,10.6
India,Jammu and Kashmir,"PLFS Year (Jul - Jun), 2017",Urban,15 years and above,Male,73.2,68.8,6
India,Jammu and Kashmir,"PLFS Year (Jul - Jun), 2017",Urban,15 years and above,Female,22.9,17.7,22.8
India,Jammu and Kashmir,"PLFS Year (Jul - Jun), 2017",Urban,15 years and above,Persons,48.4,43.6,9.9
India,Jammu and Kashmir,"PLFS Year (Jul - Jun), 2017",Urban,All Ages,Male,56.6,53.2,6.1
India,Jammu and Kashmir,"PLFS Year (Jul - Jun), 2017",Urban,All Ages,Female,18,13.9,22.9
India,Jammu and Kashmir,"PLFS Year (Jul - Jun), 2017",Urban,All Ages,Persons,37.8,34,10
India,Jammu and Kashmir,"PLFS Year (Jul - Jun), 2017",Rural + Urban,15-29 years,Male,54.4,47.3,13.1
India,Jammu and Kashmir,"PLFS Year (Jul - Jun), 2017",Rural + Urban,15-29 years,Female,24.9,19.8,20.2
India,Jammu and Kashmir,"PLFS Year (Jul - Jun), 2017",Rural + Urban,15-29 years,Persons,40.8,34.7,15
India,Jammu and Kashmir,"PLFS Year (Jul - Jun), 2017",Rural + Urban,15-59 years,Male,78.6,74.9,4.6
India,Jammu and Kashmir,"PLFS Year (Jul - Jun), 2017",Rural + Urban,15-59 years,Female,32.2,29.3,9
India,Jammu and Kashmir,"PLFS Year (Jul - Jun), 2017",Rural + Urban,15-59 years,Persons,56.2,52.9,5.8
India,Jammu and Kashmir,"PLFS Year (Jul - Jun), 2017",Rural + Urban,15 years and above,Male,75.9,72.7,4.2
India,Jammu and Kashmir,"PLFS Year (Jul - Jun), 2017",Rural + Urban,15 years and above,Female,30.2,27.6,8.5
India,Jammu and Kashmir,"PLFS Year (Jul - Jun), 2017",Rural + Urban,15 years and above,Persons,53.9,51,5.4
India,Jammu and Kashmir,"PLFS Year (Jul - Jun), 2017",Rural + Urban,All Ages,Male,57.4,54.9,4.2
India,Jammu and Kashmir,"PLFS Year (Jul - Jun), 2017",Rural + Urban,All Ages,Female,22.9,21,8.4
India,Jammu and Kashmir,"PLFS Year (Jul - Jun), 2017",Rural + Urban,All Ages,Persons,40.8,38.6,5.3
India,Jharkhand,"PLFS Year (Jul - Jun), 2017",Rural,15-29 years,Male,60.3,48.5,19.6
India,Jharkhand,"PLFS Year (Jul - Jun), 2017",Rural,15-29 years,Female,12,10.6,11.5
India,Jharkhand,"PLFS Year (Jul - Jun), 2017",Rural,15-29 years,Persons,36.9,30.1,18.4
India,Jharkhand,"PLFS Year (Jul - Jun), 2017",Rural,15-59 years,Male,80.1,73.6,8.1
India,Jharkhand,"PLFS Year (Jul - Jun), 2017",Rural,15-59 years,Female,16.6,15.9,4
India,Jharkhand,"PLFS Year (Jul - Jun), 2017",Rural,15-59 years,Persons,48.8,45.2,7.4
India,Jharkhand,"PLFS Year (Jul - Jun), 2017",Rural,15 years and above,Male,75.7,70.1,7.4
India,Jharkhand,"PLFS Year (Jul - Jun), 2017",Rural,15 years and above,Female,15.7,15.1,3.7
India,Jharkhand,"PLFS Year (Jul - Jun), 2017",Rural,15 years and above,Persons,46.3,43.2,6.8
India,Jharkhand,"PLFS Year (Jul - Jun), 2017",Rural,All Ages,Male,50.8,46.9,7.8
India,Jharkhand,"PLFS Year (Jul - Jun), 2017",Rural,All Ages,Female,10.9,10.5,3.7
India,Jharkhand,"PLFS Year (Jul - Jun), 2017",Rural,All Ages,Persons,31.5,29.2,7.1
India,Jharkhand,"PLFS Year (Jul - Jun), 2017",Urban,15-29 years,Male,43.9,30.4,30.9
India,Jharkhand,"PLFS Year (Jul - Jun), 2017",Urban,15-29 years,Female,11.3,7.8,31.5
India,Jharkhand,"PLFS Year (Jul - Jun), 2017",Urban,15-29 years,Persons,27.6,19.1,31
India,Jharkhand,"PLFS Year (Jul - Jun), 2017",Urban,15-59 years,Male,72.6,64.9,10.6
India,Jharkhand,"PLFS Year (Jul - Jun), 2017",Urban,15-59 years,Female,15.3,13.5,12.2
India,Jharkhand,"PLFS Year (Jul - Jun), 2017",Urban,15-59 years,Persons,43.6,38.8,10.9
India,Jharkhand,"PLFS Year (Jul - Jun), 2017",Urban,15 years and above,Male,66.9,60.1,10.2
India,Jharkhand,"PLFS Year (Jul - Jun), 2017",Urban,15 years and above,Female,14.3,12.6,11.5
India,Jharkhand,"PLFS Year (Jul - Jun), 2017",Urban,15 years and above,Persons,40.2,36,10.4
India,Jharkhand,"PLFS Year (Jul - Jun), 2017",Urban,All Ages,Male,48.4,43.4,10.4
India,Jharkhand,"PLFS Year (Jul - Jun), 2017",Urban,All Ages,Female,10.8,9.6,11.5
India,Jharkhand,"PLFS Year (Jul - Jun), 2017",Urban,All Ages,Persons,29.8,26.7,10.5
India,Jharkhand,"PLFS Year (Jul - Jun), 2017",Rural + Urban,15-29 years,Male,57.1,44.9,21.3
India,Jharkhand,"PLFS Year (Jul - Jun), 2017",Rural + Urban,15-29 years,Female,11.9,10,15.5
India,Jharkhand,"PLFS Year (Jul - Jun), 2017",Rural + Urban,15-29 years,Persons,35,27.9,20.4
India,Jharkhand,"PLFS Year (Jul - Jun), 2017",Rural + Urban,15-59 years,Male,78.5,71.8,8.6
India,Jharkhand,"PLFS Year (Jul - Jun), 2017",Rural + Urban,15-59 years,Female,16.3,15.4,5.6
India,Jharkhand,"PLFS Year (Jul - Jun), 2017",Rural + Urban,15-59 years,Persons,47.7,43.9,8.1
India,Jharkhand,"PLFS Year (Jul - Jun), 2017",Rural + Urban,15 years and above,Male,73.9,68.1,7.9
India,Jharkhand,"PLFS Year (Jul - Jun), 2017",Rural + Urban,15 years and above,Female,15.4,14.6,5.2
India,Jharkhand,"PLFS Year (Jul - Jun), 2017",Rural + Urban,15 years and above,Persons,45.1,41.7,7.5
India,Jharkhand,"PLFS Year (Jul - Jun), 2017",Rural + Urban,All Ages,Male,50.4,46.2,8.2
India,Jharkhand,"PLFS Year (Jul - Jun), 2017",Rural + Urban,All Ages,Female,10.9,10.3,5.2
India,Jharkhand,"PLFS Year (Jul - Jun), 2017",Rural + Urban,All Ages,Persons,31.2,28.8,7.7
India,Karnataka,"PLFS Year (Jul - Jun), 2017",Rural,15-29 years,Male,62.4,53.4,14.4
India,Karnataka,"PLFS Year (Jul - Jun), 2017",Rural,15-29 years,Female,18,14.9,16.8
India,Karnataka,"PLFS Year (Jul - Jun), 2017",Rural,15-29 years,Persons,40.8,34.7,14.9
India,Karnataka,"PLFS Year (Jul - Jun), 2017",Rural,15-59 years,Male,84.2,80.4,4.5
India,Karnataka,"PLFS Year (Jul - Jun), 2017",Rural,15-59 years,Female,32,30.8,3.6
India,Karnataka,"PLFS Year (Jul - Jun), 2017",Rural,15-59 years,Persons,58.1,55.7,4.2
India,Karnataka,"PLFS Year (Jul - Jun), 2017",Rural,15 years and above,Male,80.5,77.2,4
India,Karnataka,"PLFS Year (Jul - Jun), 2017",Rural,15 years and above,Female,28.2,27.2,3.4
India,Karnataka,"PLFS Year (Jul - Jun), 2017",Rural,15 years and above,Persons,54,51.9,3.9
India,Karnataka,"PLFS Year (Jul - Jun), 2017",Rural,All Ages,Male,60.9,58.5,4
India,Karnataka,"PLFS Year (Jul - Jun), 2017",Rural,All Ages,Female,21.9,21.1,3.4
India,Karnataka,"PLFS Year (Jul - Jun), 2017",Rural,All Ages,Persons,41.4,39.8,3.9
India,Karnataka,"PLFS Year (Jul - Jun), 2017",Urban,15-29 years,Male,59.9,50.1,16.5
India,Karnataka,"PLFS Year (Jul - Jun), 2017",Urban,15-29 years,Female,18.5,15,18.9
India,Karnataka,"PLFS Year (Jul - Jun), 2017",Urban,15-29 years,Persons,38.9,32.3,17.1
India,Karnataka,"PLFS Year (Jul - Jun), 2017",Urban,15-59 years,Male,79.9,74.7,6.6
India,Karnataka,"PLFS Year (Jul - Jun), 2017",Urban,15-59 years,Female,25.2,23.3,7.5
India,Karnataka,"PLFS Year (Jul - Jun), 2017",Urban,15-59 years,Persons,52.3,48.8,6.8
India,Karnataka,"PLFS Year (Jul - Jun), 2017",Urban,15 years and above,Male,73.8,69.2,6.3
India,Karnataka,"PLFS Year (Jul - Jun), 2017",Urban,15 years and above,Female,22.8,21.2,7.2
India,Karnataka,"PLFS Year (Jul - Jun), 2017",Urban,15 years and above,Persons,48,44.9,6.5
India,Karnataka,"PLFS Year (Jul - Jun), 2017",Urban,All Ages,Male,57.8,54.1,6.3
India,Karnataka,"PLFS Year (Jul - Jun), 2017",Urban,All Ages,Female,18.1,16.8,7.2
India,Karnataka,"PLFS Year (Jul - Jun), 2017",Urban,All Ages,Persons,37.9,35.4,6.5
India,Karnataka,"PLFS Year (Jul - Jun), 2017",Rural + Urban,15-29 years,Male,61.4,52,15.2
India,Karnataka,"PLFS Year (Jul - Jun), 2017",Rural + Urban,15-29 years,Female,18.2,15,17.8
India,Karnataka,"PLFS Year (Jul - Jun), 2017",Rural + Urban,15-29 years,Persons,40,33.7,15.8
India,Karnataka,"PLFS Year (Jul - Jun), 2017",Rural + Urban,15-59 years,Male,82.5,78.1,5.3
India,Karnataka,"PLFS Year (Jul - Jun), 2017",Rural + Urban,15-59 years,Female,29.2,27.8,4.9
India,Karnataka,"PLFS Year (Jul - Jun), 2017",Rural + Urban,15-59 years,Persons,55.8,52.9,5.2
India,Karnataka,"PLFS Year (Jul - Jun), 2017",Rural + Urban,15 years and above,Male,77.8,74,4.9
India,Karnataka,"PLFS Year (Jul - Jun), 2017",Rural + Urban,15 years and above,Female,26,24.8,4.7
India,Karnataka,"PLFS Year (Jul - Jun), 2017",Rural + Urban,15 years and above,Persons,51.6,49.1,4.8
India,Karnataka,"PLFS Year (Jul - Jun), 2017",Rural + Urban,All Ages,Male,59.7,56.8,4.9
India,Karnataka,"PLFS Year (Jul - Jun), 2017",Rural + Urban,All Ages,Female,20.4,19.5,4.7
India,Karnataka,"PLFS Year (Jul - Jun), 2017",Rural + Urban,All Ages,Persons,40,38.1,4.8
India,Kerala,"PLFS Year (Jul - Jun), 2017",Rural,15-29 years,Male,55.1,43.8,20.5
India,Kerala,"PLFS Year (Jul - Jun), 2017",Rural,15-29 years,Female,20.8,7.9,61.7
India,Kerala,"PLFS Year (Jul - Jun), 2017",Rural,15-29 years,Persons,37.2,25.1,32.5
India,Kerala,"PLFS Year (Jul - Jun), 2017",Rural,15-59 years,Male,79.5,74.3,6.6
India,Kerala,"PLFS Year (Jul - Jun), 2017",Rural,15-59 years,Female,31.1,24.5,21.3
India,Kerala,"PLFS Year (Jul - Jun), 2017",Rural,15-59 years,Persons,53.6,47.6,11.2
India,Kerala,"PLFS Year (Jul - Jun), 2017",Rural,15 years and above,Male,71.1,67,5.9
India,Kerala,"PLFS Year (Jul - Jun), 2017",Rural,15 years and above,Female,25.9,20.8,19.6
India,Kerala,"PLFS Year (Jul - Jun), 2017",Rural,15 years and above,Persons,46.6,41.9,10
India,Kerala,"PLFS Year (Jul - Jun), 2017",Rural,All Ages,Male,54.1,50.9,5.9
India,Kerala,"PLFS Year (Jul - Jun), 2017",Rural,All Ages,Female,20.7,16.6,19.6
India,Kerala,"PLFS Year (Jul - Jun), 2017",Rural,All Ages,Persons,36.4,32.7,10
India,Kerala,"PLFS Year (Jul - Jun), 2017",Urban,15-29 years,Male,48.4,35.1,27.4
India,Kerala,"PLFS Year (Jul - Jun), 2017",Urban,15-29 years,Female,27.6,9.6,65.2
India,Kerala,"PLFS Year (Jul - Jun), 2017",Urban,15-29 years,Persons,37.8,22.1,41.5
India,Kerala,"PLFS Year (Jul - Jun), 2017",Urban,15-59 years,Male,78.1,72.2,7.5
India,Kerala,"PLFS Year (Jul - Jun), 2017",Urban,15-59 years,Female,33,23.4,29
India,Kerala,"PLFS Year (Jul - Jun), 2017",Urban,15-59 years,Persons,53.6,45.7,14.7
India,Kerala,"PLFS Year (Jul - Jun), 2017",Urban,15 years and above,Male,68.9,64.4,6.6
India,Kerala,"PLFS Year (Jul - Jun), 2017",Urban,15 years and above,Female,27.3,19.8,27.4
India,Kerala,"PLFS Year (Jul - Jun), 2017",Urban,15 years and above,Persons,46.4,40.2,13.2
India,Kerala,"PLFS Year (Jul - Jun), 2017",Urban,All Ages,Male,53.6,50,6.6
India,Kerala,"PLFS Year (Jul - Jun), 2017",Urban,All Ages,Female,22.1,16,27.5
India,Kerala,"PLFS Year (Jul - Jun), 2017",Urban,All Ages,Persons,36.8,32,13.2
India,Kerala,"PLFS Year (Jul - Jun), 2017",Rural + Urban,15-29 years,Male,52.2,40.1,23.3
India,Kerala,"PLFS Year (Jul - Jun), 2017",Rural + Urban,15-29 years,Female,23.6,8.6,63.4
India,Kerala,"PLFS Year (Jul - Jun), 2017",Rural + Urban,15-29 years,Persons,37.4,23.8,36.3
India,Kerala,"PLFS Year (Jul - Jun), 2017",Rural + Urban,15-59 years,Male,78.9,73.4,7
India,Kerala,"PLFS Year (Jul - Jun), 2017",Rural + Urban,15-59 years,Female,31.9,24,24.8
India,Kerala,"PLFS Year (Jul - Jun), 2017",Rural + Urban,15-59 years,Persons,53.6,46.8,12.7
India,Kerala,"PLFS Year (Jul - Jun), 2017",Rural + Urban,15 years and above,Male,70.1,65.8,6.2
India,Kerala,"PLFS Year (Jul - Jun), 2017",Rural + Urban,15 years and above,Female,26.5,20.4,23.2
India,Kerala,"PLFS Year (Jul - Jun), 2017",Rural + Urban,15 years and above,Persons,46.5,41.2,11.4
India,Kerala,"PLFS Year (Jul - Jun), 2017",Rural + Urban,All Ages,Male,53.9,50.5,6.2
India,Kerala,"PLFS Year (Jul - Jun), 2017",Rural + Urban,All Ages,Female,21.3,16.4,23.2
India,Kerala,"PLFS Year (Jul - Jun), 2017",Rural + Urban,All Ages,Persons,36.6,32.4,11.4
India,Ladakh,"PLFS Year (Jul - Jun), 2017",Rural,15-29 years,Male,54.1,47.8,11.6
India,Ladakh,"PLFS Year (Jul - Jun), 2017",Rural,15-29 years,Female,24.9,21.1,15.1
India,Ladakh,"PLFS Year (Jul - Jun), 2017",Rural,15-29 years,Persons,40.8,35.7,12.6
India,Ladakh,"PLFS Year (Jul - Jun), 2017",Rural,15-59 years,Male,78.4,75.2,4.1
India,Ladakh,"PLFS Year (Jul - Jun), 2017",Rural,15-59 years,Female,34.2,32.2,5.9
India,Ladakh,"PLFS Year (Jul - Jun), 2017",Rural,15-59 years,Persons,57.2,54.5,4.6
India,Ladakh,"PLFS Year (Jul - Jun), 2017",Rural,15 years and above,Male,76.7,73.8,3.8
India,Ladakh,"PLFS Year (Jul - Jun), 2017",Rural,15 years and above,Female,32.3,30.5,5.6
India,Ladakh,"PLFS Year (Jul - Jun), 2017",Rural,15 years and above,Persons,55.5,53.2,4.3
India,Ladakh,"PLFS Year (Jul - Jun), 2017",Rural,All Ages,Male,57.5,55.4,3.7
India,Ladakh,"PLFS Year (Jul - Jun), 2017",Rural,All Ages,Female,24.2,22.9,5.4
India,Ladakh,"PLFS Year (Jul - Jun), 2017",Rural,All Ages,Persons,41.6,39.9,4.2
India,Ladakh,"PLFS Year (Jul - Jun), 2017",Urban,15-29 years,Male,55.6,45.3,18.6
India,Ladakh,"PLFS Year (Jul - Jun), 2017",Urban,15-29 years,Female,24.7,15.2,38.7
India,Ladakh,"PLFS Year (Jul - Jun), 2017",Urban,15-29 years,Persons,40.9,30.9,24.4
India,Ladakh,"PLFS Year (Jul - Jun), 2017",Urban,15-59 years,Male,79.3,74.1,6.5
India,Ladakh,"PLFS Year (Jul - Jun), 2017",Urban,15-59 years,Female,25.4,19.3,23.8
India,Ladakh,"PLFS Year (Jul - Jun), 2017",Urban,15-59 years,Persons,52.6,47,10.6
India,Ladakh,"PLFS Year (Jul - Jun), 2017",Urban,15 years and above,Male,73.2,68.8,6
India,Ladakh,"PLFS Year (Jul - Jun), 2017",Urban,15 years and above,Female,22.9,17.7,22.8
India,Ladakh,"PLFS Year (Jul - Jun), 2017",Urban,15 years and above,Persons,48.4,43.6,9.9
India,Ladakh,"PLFS Year (Jul - Jun), 2017",Urban,All Ages,Male,56.6,53.2,6.1
India,Ladakh,"PLFS Year (Jul - Jun), 2017",Urban,All Ages,Female,18,13.9,22.9
India,Ladakh,"PLFS Year (Jul - Jun), 2017",Urban,All Ages,Persons,37.8,34,10
India,Ladakh,"PLFS Year (Jul - Jun), 2017",Rural + Urban,15-29 years,Male,54.4,47.3,13.1
India,Ladakh,"PLFS Year (Jul - Jun), 2017",Rural + Urban,15-29 years,Female,24.9,19.8,20.2
India,Ladakh,"PLFS Year (Jul - Jun), 2017",Rural + Urban,15-29 years,Persons,40.8,34.7,15
India,Ladakh,"PLFS Year (Jul - Jun), 2017",Rural + Urban,15-59 years,Male,78.6,74.9,4.6
India,Ladakh,"PLFS Year (Jul - Jun), 2017",Rural + Urban,15-59 years,Female,32.2,29.3,9
India,Ladakh,"PLFS Year (Jul - Jun), 2017",Rural + Urban,15-59 years,Persons,56.2,52.9,5.8
India,Ladakh,"PLFS Year (Jul - Jun), 2017",Rural + Urban,15 years and above,Male,75.9,72.7,4.2
India,Ladakh,"PLFS Year (Jul - Jun), 2017",Rural + Urban,15 years and above,Female,30.2,27.6,8.5
India,Ladakh,"PLFS Year (Jul - Jun), 2017",Rural + Urban,15 years and above,Persons,53.9,51,5.4
India,Ladakh,"PLFS Year (Jul - Jun), 2017",Rural + Urban,All Ages,Male,57.4,54.9,4.2
India,Ladakh,"PLFS Year (Jul - Jun), 2017",Rural + Urban,All Ages,Female,22.9,21,8.4
India,Ladakh,"PLFS Year (Jul - Jun), 2017",Rural + Urban,All Ages,Persons,40.8,38.6,5.3
India,Lakshadweep,"PLFS Year (Jul - Jun), 2017",Rural,15-29 years,Male,77.5,53.6,30.9
India,Lakshadweep,"PLFS Year (Jul - Jun), 2017",Rural,15-29 years,Female,36.8,26.4,28.3
India,Lakshadweep,"PLFS Year (Jul - Jun), 2017",Rural,15-29 years,Persons,60.3,42.1,30.3
India,Lakshadweep,"PLFS Year (Jul - Jun), 2017",Rural,15-59 years,Male,90,79.8,11.4
India,Lakshadweep,"PLFS Year (Jul - Jun), 2017",Rural,15-59 years,Female,15.9,11.7,26.6
India,Lakshadweep,"PLFS Year (Jul - Jun), 2017",Rural,15-59 years,Persons,54.3,46.9,13.5
India,Lakshadweep,"PLFS Year (Jul - Jun), 2017",Rural,15 years and above,Male,82,72.8,11.2
India,Lakshadweep,"PLFS Year (Jul - Jun), 2017",Rural,15 years and above,Female,13.8,10.1,26.6
India,Lakshadweep,"PLFS Year (Jul - Jun), 2017",Rural,15 years and above,Persons,48.5,42.1,13.3
India,Lakshadweep,"PLFS Year (Jul - Jun), 2017",Rural,All Ages,Male,60.1,53.4,11.2
India,Lakshadweep,"PLFS Year (Jul - Jun), 2017",Rural,All Ages,Female,10.6,7.8,26.6
India,Lakshadweep,"PLFS Year (Jul - Jun), 2017",Rural,All Ages,Persons,36.4,31.6,13.3
India,Lakshadweep,"PLFS Year (Jul - Jun), 2017",Urban,15-29 years,Male,53.2,27.9,47.6
India,Lakshadweep,"PLFS Year (Jul - Jun), 2017",Urban,15-29 years,Female,36.1,7.3,79.8
India,Lakshadweep,"PLFS Year (Jul - Jun), 2017",Urban,15-29 years,Persons,42.3,14.7,65.2
India,Lakshadweep,"PLFS Year (Jul - Jun), 2017",Urban,15-59 years,Male,81.4,70.5,13.4
India,Lakshadweep,"PLFS Year (Jul - Jun), 2017",Urban,15-59 years,Female,22.3,9.7,56.5
India,Lakshadweep,"PLFS Year (Jul - Jun), 2017",Urban,15-59 years,Persons,46.5,34.6,25.6
India,Lakshadweep,"PLFS Year (Jul - Jun), 2017",Urban,15 years and above,Male,71.3,61.8,13.2
India,Lakshadweep,"PLFS Year (Jul - Jun), 2017",Urban,15 years and above,Female,20.1,8.8,56.5
India,Lakshadweep,"PLFS Year (Jul - Jun), 2017",Urban,15 years and above,Persons,41.7,31.1,25.3
India,Lakshadweep,"PLFS Year (Jul - Jun), 2017",Urban,All Ages,Male,50.1,43.5,13.2
India,Lakshadweep,"PLFS Year (Jul - Jun), 2017",Urban,All Ages,Female,16.1,7,56.5
India,Lakshadweep,"PLFS Year (Jul - Jun), 2017",Urban,All Ages,Persons,31.5,23.5,25.3
India,Lakshadweep,"PLFS Year (Jul - Jun), 2017",Rural + Urban,15-29 years,Male,63.8,39.1,38.8
India,Lakshadweep,"PLFS Year (Jul - Jun), 2017",Rural + Urban,15-29 years,Female,36.3,11.9,67.2
India,Lakshadweep,"PLFS Year (Jul - Jun), 2017",Rural + Urban,15-29 years,Persons,48.2,23.6,50.9
India,Lakshadweep,"PLFS Year (Jul - Jun), 2017",Rural + Urban,15-59 years,Male,84.4,73.7,12.7
India,Lakshadweep,"PLFS Year (Jul - Jun), 2017",Rural + Urban,15-59 years,Female,20.6,10.2,50.5
India,Lakshadweep,"PLFS Year (Jul - Jun), 2017",Rural + Urban,15-59 years,Persons,48.8,38.3,21.6
India,Lakshadweep,"PLFS Year (Jul - Jun), 2017",Rural + Urban,15 years and above,Male,74.9,65.6,12.5
India,Lakshadweep,"PLFS Year (Jul - Jun), 2017",Rural + Urban,15 years and above,Female,18.4,9.1,50.5
India,Lakshadweep,"PLFS Year (Jul - Jun), 2017",Rural + Urban,15 years and above,Persons,43.7,34.4,21.3
India,Lakshadweep,"PLFS Year (Jul - Jun), 2017",Rural + Urban,All Ages,Male,53.5,46.8,12.5
India,Lakshadweep,"PLFS Year (Jul - Jun), 2017",Rural + Urban,All Ages,Female,14.6,7.2,50.5
India,Lakshadweep,"PLFS Year (Jul - Jun), 2017",Rural + Urban,All Ages,Persons,33,26,21.3
India,Madhya Pradesh,"PLFS Year (Jul - Jun), 2017",Rural,15-29 years,Male,67,59.3,11.4
India,Madhya Pradesh,"PLFS Year (Jul - Jun), 2017",Rural,15-29 years,Female,21.9,20.8,4.8
India,Madhya Pradesh,"PLFS Year (Jul - Jun), 2017",Rural,15-29 years,Persons,46,41.4,10
India,Madhya Pradesh,"PLFS Year (Jul - Jun), 2017",Rural,15-59 years,Male,83.9,80.1,4.6
India,Madhya Pradesh,"PLFS Year (Jul - Jun), 2017",Rural,15-59 years,Female,37.7,37.3,1.2
India,Madhya Pradesh,"PLFS Year (Jul - Jun), 2017",Rural,15-59 years,Persons,61.7,59.5,3.6
India,Madhya Pradesh,"PLFS Year (Jul - Jun), 2017",Rural,15 years and above,Male,81.5,78,4.3
India,Madhya Pradesh,"PLFS Year (Jul - Jun), 2017",Rural,15 years and above,Female,35.3,34.9,1.2
India,Madhya Pradesh,"PLFS Year (Jul - Jun), 2017",Rural,15 years and above,Persons,59.3,57.3,3.4
India,Madhya Pradesh,"PLFS Year (Jul - Jun), 2017",Rural,All Ages,Male,59,56.3,4.5
India,Madhya Pradesh,"PLFS Year (Jul - Jun), 2017",Rural,All Ages,Female,25.9,25.6,1.2
India,Madhya Pradesh,"PLFS Year (Jul - Jun), 2017",Rural,All Ages,Persons,43.3,41.7,3.6
India,Madhya Pradesh,"PLFS Year (Jul - Jun), 2017",Urban,15-29 years,Male,60.5,49.4,18.4
India,Madhya Pradesh,"PLFS Year (Jul - Jun), 2017",Urban,15-29 years,Female,15.9,12.3,22.9
India,Madhya Pradesh,"PLFS Year (Jul - Jun), 2017",Urban,15-29 years,Persons,39.3,31.8,19.3
India,Madhya Pradesh,"PLFS Year (Jul - Jun), 2017",Urban,15-59 years,Male,80.2,73.6,8.2
India,Madhya Pradesh,"PLFS Year (Jul - Jun), 2017",Urban,15-59 years,Female,22.3,20.7,7.3
India,Madhya Pradesh,"PLFS Year (Jul - Jun), 2017",Urban,15-59 years,Persons,52.2,48,8
India,Madhya Pradesh,"PLFS Year (Jul - Jun), 2017",Urban,15 years and above,Male,75.4,69.5,7.8
India,Madhya Pradesh,"PLFS Year (Jul - Jun), 2017",Urban,15 years and above,Female,21,19.6,6.9
India,Madhya Pradesh,"PLFS Year (Jul - Jun), 2017",Urban,15 years and above,Persons,49,45.3,7.6
India,Madhya Pradesh,"PLFS Year (Jul - Jun), 2017",Urban,All Ages,Male,58.3,53.7,7.9
India,Madhya Pradesh,"PLFS Year (Jul - Jun), 2017",Urban,All Ages,Female,15.7,14.7,6.9
India,Madhya Pradesh,"PLFS Year (Jul - Jun), 2017",Urban,All Ages,Persons,37.4,34.5,7.7
India,Madhya Pradesh,"PLFS Year (Jul - Jun), 2017",Rural + Urban,15-29 years,Male,65.4,56.9,13
India,Madhya Pradesh,"PLFS Year (Jul - Jun), 2017",Rural + Urban,15-29 years,Female,20.4,18.7,8.4
India,Madhya Pradesh,"PLFS Year (Jul - Jun), 2017",Rural + Urban,15-29 years,Persons,44.4,39,12
India,Madhya Pradesh,"PLFS Year (Jul - Jun), 2017",Rural + Urban,15-59 years,Male,83,78.5,5.5
India,Madhya Pradesh,"PLFS Year (Jul - Jun), 2017",Rural + Urban,15-59 years,Female,33.9,33.1,2.2
India,Madhya Pradesh,"PLFS Year (Jul - Jun), 2017",Rural + Urban,15-59 years,Persons,59.3,56.6,4.6
India,Madhya Pradesh,"PLFS Year (Jul - Jun), 2017",Rural + Urban,15 years and above,Male,80,75.9,5.1
India,Madhya Pradesh,"PLFS Year (Jul - Jun), 2017",Rural + Urban,15 years and above,Female,31.7,31,2.1
India,Madhya Pradesh,"PLFS Year (Jul - Jun), 2017",Rural + Urban,15 years and above,Persons,56.7,54.3,4.3
India,Madhya Pradesh,"PLFS Year (Jul - Jun), 2017",Rural + Urban,All Ages,Male,58.8,55.7,5.3
India,Madhya Pradesh,"PLFS Year (Jul - Jun), 2017",Rural + Urban,All Ages,Female,23.4,22.9,2.1
India,Madhya Pradesh,"PLFS Year (Jul - Jun), 2017",Rural + Urban,All Ages,Persons,41.8,40,4.5
India,Maharashtra,"PLFS Year (Jul - Jun), 2017",Rural,15-29 years,Male,55.4,48.7,12.1
India,Maharashtra,"PLFS Year (Jul - Jun), 2017",Rural,15-29 years,Female,23.4,20.6,12.3
India,Maharashtra,"PLFS Year (Jul - Jun), 2017",Rural,15-29 years,Persons,40.4,35.5,12.1
India,Maharashtra,"PLFS Year (Jul - Jun), 2017",Rural,15-59 years,Male,79.7,76.6,3.8
India,Maharashtra,"PLFS Year (Jul - Jun), 2017",Rural,15-59 years,Female,42.2,40.9,3
India,Maharashtra,"PLFS Year (Jul - Jun), 2017",Rural,15-59 years,Persons,61.3,59.1,3.6
India,Maharashtra,"PLFS Year (Jul - Jun), 2017",Rural,15 years and above,Male,75.4,72.8,3.4
India,Maharashtra,"PLFS Year (Jul - Jun), 2017",Rural,15 years and above,Female,37.7,36.7,2.8
India,Maharashtra,"PLFS Year (Jul - Jun), 2017",Rural,15 years and above,Persons,56.8,55,3.2
India,Maharashtra,"PLFS Year (Jul - Jun), 2017",Rural,All Ages,Male,57.8,55.7,3.5
India,Maharashtra,"PLFS Year (Jul - Jun), 2017",Rural,All Ages,Female,29.8,28.9,2.8
India,Maharashtra,"PLFS Year (Jul - Jun), 2017",Rural,All Ages,Persons,44.1,42.7,3.3
India,Maharashtra,"PLFS Year (Jul - Jun), 2017",Urban,15-29 years,Male,57.8,48,17
India,Maharashtra,"PLFS Year (Jul - Jun), 2017",Urban,15-29 years,Female,19,14.3,24.6
India,Maharashtra,"PLFS Year (Jul - Jun), 2017",Urban,15-29 years,Persons,38.7,31.4,18.9
India,Maharashtra,"PLFS Year (Jul - Jun), 2017",Urban,15-59 years,Male,81.3,76,6.5
India,Maharashtra,"PLFS Year (Jul - Jun), 2017",Urban,15-59 years,Female,23.9,21.1,11.9
India,Maharashtra,"PLFS Year (Jul - Jun), 2017",Urban,15-59 years,Persons,53,48.9,7.7
India,Maharashtra,"PLFS Year (Jul - Jun), 2017",Urban,15 years and above,Male,74.2,69.6,6.2
India,Maharashtra,"PLFS Year (Jul - Jun), 2017",Urban,15 years and above,Female,21.6,19.1,11.4
India,Maharashtra,"PLFS Year (Jul - Jun), 2017",Urban,15 years and above,Persons,48.2,44.7,7.4
India,Maharashtra,"PLFS Year (Jul - Jun), 2017",Urban,All Ages,Male,57.3,53.7,6.2
India,Maharashtra,"PLFS Year (Jul - Jun), 2017",Urban,All Ages,Female,16.8,14.9,11.5
India,Maharashtra,"PLFS Year (Jul - Jun), 2017",Urban,All Ages,Persons,37.4,34.6,7.4
India,Maharashtra,"PLFS Year (Jul - Jun), 2017",Rural + Urban,15-29 years,Male,56.4,48.4,14.2
India,Maharashtra,"PLFS Year (Jul - Jun), 2017",Rural + Urban,15-29 years,Female,21.5,17.8,17.1
India,Maharashtra,"PLFS Year (Jul - Jun), 2017",Rural + Urban,15-29 years,Persons,39.7,33.7,15
India,Maharashtra,"PLFS Year (Jul - Jun), 2017",Rural + Urban,15-59 years,Male,80.4,76.4,5
India,Maharashtra,"PLFS Year (Jul - Jun), 2017",Rural + Urban,15-59 years,Female,34.1,32.1,5.7
India,Maharashtra,"PLFS Year (Jul - Jun), 2017",Rural + Urban,15-59 years,Persons,57.6,54.6,5.2
India,Maharashtra,"PLFS Year (Jul - Jun), 2017",Rural + Urban,15 years and above,Male,74.9,71.4,4.6
India,Maharashtra,"PLFS Year (Jul - Jun), 2017",Rural + Urban,15 years and above,Female,30.8,29.1,5.4
India,Maharashtra,"PLFS Year (Jul - Jun), 2017",Rural + Urban,15 years and above,Persons,53.1,50.5,4.8
India,Maharashtra,"PLFS Year (Jul - Jun), 2017",Rural + Urban,All Ages,Male,57.6,54.9,4.7
India,Maharashtra,"PLFS Year (Jul - Jun), 2017",Rural + Urban,All Ages,Female,24.1,22.8,5.4
India,Maharashtra,"PLFS Year (Jul - Jun), 2017",Rural + Urban,All Ages,Persons,41.2,39.2,4.9
India,Manipur,"PLFS Year (Jul - Jun), 2017",Rural,15-29 years,Male,46.9,31.4,33.2
India,Manipur,"PLFS Year (Jul - Jun), 2017",Rural,15-29 years,Female,21.2,12.6,40.6
India,Manipur,"PLFS Year (Jul - Jun), 2017",Rural,15-29 years,Persons,34.8,22.5,35.3
India,Manipur,"PLFS Year (Jul - Jun), 2017",Rural,15-59 years,Male,75.8,67.8,10.6
India,Manipur,"PLFS Year (Jul - Jun), 2017",Rural,15-59 years,Female,24.3,19.9,17.9
India,Manipur,"PLFS Year (Jul - Jun), 2017",Rural,15-59 years,Persons,51,44.8,12.2
India,Manipur,"PLFS Year (Jul - Jun), 2017",Rural,15 years and above,Male,72.4,65.3,9.8
India,Manipur,"PLFS Year (Jul - Jun), 2017",Rural,15 years and above,Female,22.6,18.7,17.5
India,Manipur,"PLFS Year (Jul - Jun), 2017",Rural,15 years and above,Persons,48.7,43.1,11.5
India,Manipur,"PLFS Year (Jul - Jun), 2017",Rural,All Ages,Male,54.7,49.3,9.9
India,Manipur,"PLFS Year (Jul - Jun), 2017",Rural,All Ages,Female,16.8,13.9,17.8
India,Manipur,"PLFS Year (Jul - Jun), 2017",Rural,All Ages,Persons,36.5,32.3,11.6
India,Manipur,"PLFS Year (Jul - Jun), 2017",Urban,15-29 years,Male,37.7,23.4,37.9
India,Manipur,"PLFS Year (Jul - Jun), 2017",Urban,15-29 years,Female,19.5,12.8,34.5
India,Manipur,"PLFS Year (Jul - Jun), 2017",Urban,15-29 years,Persons,28.7,18.1,36.8
India,Manipur,"PLFS Year (Jul - Jun), 2017",Urban,15-59 years,Male,73.1,64.4,11.9
India,Manipur,"PLFS Year (Jul - Jun), 2017",Urban,15-59 years,Female,27,23.3,13.5
India,Manipur,"PLFS Year (Jul - Jun), 2017",Urban,15-59 years,Persons,49.7,43.6,12.4
India,Manipur,"PLFS Year (Jul - Jun), 2017",Urban,15 years and above,Male,68.5,60.9,11.1
India,Manipur,"PLFS Year (Jul - Jun), 2017",Urban,15 years and above,Female,25.4,22.3,12.3
India,Manipur,"PLFS Year (Jul - Jun), 2017",Urban,15 years and above,Persons,46.6,41.2,11.4
India,Manipur,"PLFS Year (Jul - Jun), 2017",Urban,All Ages,Male,51.3,45.6,11.1
India,Manipur,"PLFS Year (Jul - Jun), 2017",Urban,All Ages,Female,19.8,17.4,12.3
India,Manipur,"PLFS Year (Jul - Jun), 2017",Urban,All Ages,Persons,35.6,31.5,11.4
India,Manipur,"PLFS Year (Jul - Jun), 2017",Rural + Urban,15-29 years,Male,44.5,29.3,34.2
India,Manipur,"PLFS Year (Jul - Jun), 2017",Rural + Urban,15-29 years,Female,20.7,12.7,39
India,Manipur,"PLFS Year (Jul - Jun), 2017",Rural + Urban,15-29 years,Persons,33.2,21.3,35.7
India,Manipur,"PLFS Year (Jul - Jun), 2017",Rural + Urban,15-59 years,Male,75.1,66.9,10.9
India,Manipur,"PLFS Year (Jul - Jun), 2017",Rural + Urban,15-59 years,Female,25.1,21,16.5
India,Manipur,"PLFS Year (Jul - Jun), 2017",Rural + Urban,15-59 years,Persons,50.6,44.4,12.3
India,Manipur,"PLFS Year (Jul - Jun), 2017",Rural + Urban,15 years and above,Male,71.3,64,10.2
India,Manipur,"PLFS Year (Jul - Jun), 2017",Rural + Urban,15 years and above,Female,23.5,19.8,15.7
India,Manipur,"PLFS Year (Jul - Jun), 2017",Rural + Urban,15 years and above,Persons,48.1,42.5,11.5
India,Manipur,"PLFS Year (Jul - Jun), 2017",Rural + Urban,All Ages,Male,53.7,48.3,10.2
India,Manipur,"PLFS Year (Jul - Jun), 2017",Rural + Urban,All Ages,Female,17.7,14.9,15.9
India,Manipur,"PLFS Year (Jul - Jun), 2017",Rural + Urban,All Ages,Persons,36.3,32.1,11.6
India,Meghalaya,"PLFS Year (Jul - Jun), 2017",Rural,15-29 years,Male,53.8,53.3,1
India,Meghalaya,"PLFS Year (Jul - Jun), 2017",Rural,15-29 years,Female,36.1,34.9,3.3
India,Meghalaya,"PLFS Year (Jul - Jun), 2017",Rural,15-29 years,Persons,44.2,43.3,2
India,Meghalaya,"PLFS Year (Jul - Jun), 2017",Rural,15-59 years,Male,79.5,79.2,0.3
India,Meghalaya,"PLFS Year (Jul - Jun), 2017",Rural,15-59 years,Female,57.3,56.7,1
India,Meghalaya,"PLFS Year (Jul - Jun), 2017",Rural,15-59 years,Persons,67.8,67.4,0.6
India,Meghalaya,"PLFS Year (Jul - Jun), 2017",Rural,15 years and above,Male,78.5,78.3,0.3
India,Meghalaya,"PLFS Year (Jul - Jun), 2017",Rural,15 years and above,Female,56,55.5,0.9
India,Meghalaya,"PLFS Year (Jul - Jun), 2017",Rural,15 years and above,Persons,66.7,66.3,0.6
India,Meghalaya,"PLFS Year (Jul - Jun), 2017",Rural,All Ages,Male,49.6,49.4,0.3
India,Meghalaya,"PLFS Year (Jul - Jun), 2017",Rural,All Ages,Female,37.6,37.3,0.9
India,Meghalaya,"PLFS Year (Jul - Jun), 2017",Rural,All Ages,Persons,43.5,43.2,0.6
India,Meghalaya,"PLFS Year (Jul - Jun), 2017",Urban,15-29 years,Male,42.2,34.8,17.6
India,Meghalaya,"PLFS Year (Jul - Jun), 2017",Urban,15-29 years,Female,23.9,17.7,25.8
India,Meghalaya,"PLFS Year (Jul - Jun), 2017",Urban,15-29 years,Persons,33,26.2,20.6
India,Meghalaya,"PLFS Year (Jul - Jun), 2017",Urban,15-59 years,Male,70.1,66.1,5.7
India,Meghalaya,"PLFS Year (Jul - Jun), 2017",Urban,15-59 years,Female,33,30,9
India,Meghalaya,"PLFS Year (Jul - Jun), 2017",Urban,15-59 years,Persons,51.1,47.6,6.8
India,Meghalaya,"PLFS Year (Jul - Jun), 2017",Urban,15 years and above,Male,68.2,64.4,5.6
India,Meghalaya,"PLFS Year (Jul - Jun), 2017",Urban,15 years and above,Female,31.8,29,8.9
India,Meghalaya,"PLFS Year (Jul - Jun), 2017",Urban,15 years and above,Persons,49.5,46.2,6.7
India,Meghalaya,"PLFS Year (Jul - Jun), 2017",Urban,All Ages,Male,50.2,47.4,5.6
India,Meghalaya,"PLFS Year (Jul - Jun), 2017",Urban,All Ages,Female,23.1,21,8.9
India,Meghalaya,"PLFS Year (Jul - Jun), 2017",Urban,All Ages,Persons,36.1,33.7,6.7
India,Meghalaya,"PLFS Year (Jul - Jun), 2017",Rural + Urban,15-29 years,Male,51.2,49.1,4.1
India,Meghalaya,"PLFS Year (Jul - Jun), 2017",Rural + Urban,15-29 years,Female,33.6,31.4,6.5
India,Meghalaya,"PLFS Year (Jul - Jun), 2017",Rural + Urban,15-29 years,Persons,41.8,39.6,5.1
India,Meghalaya,"PLFS Year (Jul - Jun), 2017",Rural + Urban,15-59 years,Male,77.5,76.5,1.3
India,Meghalaya,"PLFS Year (Jul - Jun), 2017",Rural + Urban,15-59 years,Female,52.4,51.4,2
India,Meghalaya,"PLFS Year (Jul - Jun), 2017",Rural + Urban,15-59 years,Persons,64.4,63.4,1.6
India,Meghalaya,"PLFS Year (Jul - Jun), 2017",Rural + Urban,15 years and above,Male,76.4,75.4,1.3
India,Meghalaya,"PLFS Year (Jul - Jun), 2017",Rural + Urban,15 years and above,Female,51.2,50.2,1.9
India,Meghalaya,"PLFS Year (Jul - Jun), 2017",Rural + Urban,15 years and above,Persons,63.2,62.3,1.6
India,Meghalaya,"PLFS Year (Jul - Jun), 2017",Rural + Urban,All Ages,Male,49.7,49,1.3
India,Meghalaya,"PLFS Year (Jul - Jun), 2017",Rural + Urban,All Ages,Female,34.9,34.2,1.9
India,Meghalaya,"PLFS Year (Jul - Jun), 2017",Rural + Urban,All Ages,Persons,42.1,41.5,1.5
India,Mizoram,"PLFS Year (Jul - Jun), 2017",Rural,15-29 years,Male,58.8,47.7,19
India,Mizoram,"PLFS Year (Jul - Jun), 2017",Rural,15-29 years,Female,27.4,21.8,20.7
India,Mizoram,"PLFS Year (Jul - Jun), 2017",Rural,15-29 years,Persons,43.2,34.8,19.5
India,Mizoram,"PLFS Year (Jul - Jun), 2017",Rural,15-59 years,Male,81.5,76.3,6.4
India,Mizoram,"PLFS Year (Jul - Jun), 2017",Rural,15-59 years,Female,29.1,26.5,8.9
India,Mizoram,"PLFS Year (Jul - Jun), 2017",Rural,15-59 years,Persons,55.7,51.7,7
India,Mizoram,"PLFS Year (Jul - Jun), 2017",Rural,15 years and above,Male,77.7,73.1,5.9
India,Mizoram,"PLFS Year (Jul - Jun), 2017",Rural,15 years and above,Female,28.2,25.9,8.4
India,Mizoram,"PLFS Year (Jul - Jun), 2017",Rural,15 years and above,Persons,53.7,50.2,6.5
India,Mizoram,"PLFS Year (Jul - Jun), 2017",Rural,All Ages,Male,60,56.5,5.9
India,Mizoram,"PLFS Year (Jul - Jun), 2017",Rural,All Ages,Female,22.2,20.4,8.3
India,Mizoram,"PLFS Year (Jul - Jun), 2017",Rural,All Ages,Persons,41.9,39.1,6.5
India,Mizoram,"PLFS Year (Jul - Jun), 2017",Urban,15-29 years,Male,46.9,30,35.7
India,Mizoram,"PLFS Year (Jul - Jun), 2017",Urban,15-29 years,Female,25.4,12.8,49.6
India,Mizoram,"PLFS Year (Jul - Jun), 2017",Urban,15-29 years,Persons,35.7,21.1,40.8
India,Mizoram,"PLFS Year (Jul - Jun), 2017",Urban,15-59 years,Male,73.3,63.5,13.3
India,Mizoram,"PLFS Year (Jul - Jun), 2017",Urban,15-59 years,Female,33.6,27.4,18.5
India,Mizoram,"PLFS Year (Jul - Jun), 2017",Urban,15-59 years,Persons,52.3,44.4,15.1
India,Mizoram,"PLFS Year (Jul - Jun), 2017",Urban,15 years and above,Male,68.9,60.1,12.7
India,Mizoram,"PLFS Year (Jul - Jun), 2017",Urban,15 years and above,Female,31.7,26.1,17.7
India,Mizoram,"PLFS Year (Jul - Jun), 2017",Urban,15 years and above,Persons,49.3,42.2,14.3
India,Mizoram,"PLFS Year (Jul - Jun), 2017",Urban,All Ages,Male,52.9,46.1,12.7
India,Mizoram,"PLFS Year (Jul - Jun), 2017",Urban,All Ages,Female,24.6,20.2,17.7
India,Mizoram,"PLFS Year (Jul - Jun), 2017",Urban,All Ages,Persons,38,32.5,14.4
India,Mizoram,"PLFS Year (Jul - Jun), 2017",Rural + Urban,15-29 years,Male,53.3,39.5,25.8
India,Mizoram,"PLFS Year (Jul - Jun), 2017",Rural + Urban,15-29 years,Female,26.4,17.4,34.2
India,Mizoram,"PLFS Year (Jul - Jun), 2017",Rural + Urban,15-29 years,Persons,39.6,28.3,28.6
India,Mizoram,"PLFS Year (Jul - Jun), 2017",Rural + Urban,15-59 years,Male,77.7,70.4,9.4
India,Mizoram,"PLFS Year (Jul - Jun), 2017",Rural + Urban,15-59 years,Female,31.4,27,14
India,Mizoram,"PLFS Year (Jul - Jun), 2017",Rural + Urban,15-59 years,Persons,54,48.2,10.8
India,Mizoram,"PLFS Year (Jul - Jun), 2017",Rural + Urban,15 years and above,Male,73.6,67.1,8.8
India,Mizoram,"PLFS Year (Jul - Jun), 2017",Rural + Urban,15 years and above,Female,30,26,13.3
India,Mizoram,"PLFS Year (Jul - Jun), 2017",Rural + Urban,15 years and above,Persons,51.6,46.4,10.1
India,Mizoram,"PLFS Year (Jul - Jun), 2017",Rural + Urban,All Ages,Male,56.7,51.7,8.8
India,Mizoram,"PLFS Year (Jul - Jun), 2017",Rural + Urban,All Ages,Female,23.4,20.3,13.3
India,Mizoram,"PLFS Year (Jul - Jun), 2017",Rural + Urban,All Ages,Persons,40,36,10.1
India,Nagaland,"PLFS Year (Jul - Jun), 2017",Rural,15-29 years,Male,47,22.4,52.5
India,Nagaland,"PLFS Year (Jul - Jun), 2017",Rural,15-29 years,Female,18.3,5.7,68.6
India,Nagaland,"PLFS Year (Jul - Jun), 2017",Rural,15-29 years,Persons,34.4,15.1,56.2
India,Nagaland,"PLFS Year (Jul - Jun), 2017",Rural,15-59 years,Male,68.7,54.3,20.9
India,Nagaland,"PLFS Year (Jul - Jun), 2017",Rural,15-59 years,Female,17,11.2,34.1
India,Nagaland,"PLFS Year (Jul - Jun), 2017",Rural,15-59 years,Persons,43.8,33.6,23.4
India,Nagaland,"PLFS Year (Jul - Jun), 2017",Rural,15 years and above,Male,65.6,53.1,19
India,Nagaland,"PLFS Year (Jul - Jun), 2017",Rural,15 years and above,Female,15.7,10.5,33.3
India,Nagaland,"PLFS Year (Jul - Jun), 2017",Rural,15 years and above,Persons,42,33,21.6
India,Nagaland,"PLFS Year (Jul - Jun), 2017",Rural,All Ages,Male,53.1,43,19
India,Nagaland,"PLFS Year (Jul - Jun), 2017",Rural,All Ages,Female,12.5,8.3,33.4
India,Nagaland,"PLFS Year (Jul - Jun), 2017",Rural,All Ages,Persons,33.7,26.4,21.6
India,Nagaland,"PLFS Year (Jul - Jun), 2017",Urban,15-29 years,Male,38.2,19.6,48.6
India,Nagaland,"PLFS Year (Jul - Jun), 2017",Urban,15-29 years,Female,23.6,8.1,65.5
India,Nagaland,"PLFS Year (Jul - Jun), 2017",Urban,15-29 years,Persons,30.8,13.8,55.2
India,Nagaland,"PLFS Year (Jul - Jun), 2017",Urban,15-59 years,Male,67.6,56,17.2
India,Nagaland,"PLFS Year (Jul - Jun), 2017",Urban,15-59 years,Female,20,12.7,36.6
India,Nagaland,"PLFS Year (Jul - Jun), 2017",Urban,15-59 years,Persons,43.4,33.9,21.7
India,Nagaland,"PLFS Year (Jul - Jun), 2017",Urban,15 years and above,Male,62.9,52.5,16.5
India,Nagaland,"PLFS Year (Jul - Jun), 2017",Urban,15 years and above,Female,19,12.1,36.4
India,Nagaland,"PLFS Year (Jul - Jun), 2017",Urban,15 years and above,Persons,41.1,32.5,21.1
India,Nagaland,"PLFS Year (Jul - Jun), 2017",Urban,All Ages,Male,48.2,40.2,16.5
India,Nagaland,"PLFS Year (Jul - Jun), 2017",Urban,All Ages,Female,14.4,9.1,36.4
India,Nagaland,"PLFS Year (Jul - Jun), 2017",Urban,All Ages,Persons,31.3,24.7,21.1
India,Nagaland,"PLFS Year (Jul - Jun), 2017",Rural + Urban,15-29 years,Male,44.8,21.7,51.6
India,Nagaland,"PLFS Year (Jul - Jun), 2017",Rural + Urban,15-29 years,Female,19.9,6.5,67.5
India,Nagaland,"PLFS Year (Jul - Jun), 2017",Rural + Urban,15-29 years,Persons,33.4,14.7,56
India,Nagaland,"PLFS Year (Jul - Jun), 2017",Rural + Urban,15-59 years,Male,68.4,54.8,19.8
India,Nagaland,"PLFS Year (Jul - Jun), 2017",Rural + Urban,15-59 years,Female,17.9,11.7,35
India,Nagaland,"PLFS Year (Jul - Jun), 2017",Rural + Urban,15-59 years,Persons,43.7,33.7,22.9
India,Nagaland,"PLFS Year (Jul - Jun), 2017",Rural + Urban,15 years and above,Male,64.8,52.9,18.3
India,Nagaland,"PLFS Year (Jul - Jun), 2017",Rural + Urban,15 years and above,Female,16.7,11,34.3
India,Nagaland,"PLFS Year (Jul - Jun), 2017",Rural + Urban,15 years and above,Persons,41.8,32.8,21.4
India,Nagaland,"PLFS Year (Jul - Jun), 2017",Rural + Urban,All Ages,Male,51.7,42.2,18.3
India,Nagaland,"PLFS Year (Jul - Jun), 2017",Rural + Urban,All Ages,Female,13.1,8.6,34.4
India,Nagaland,"PLFS Year (Jul - Jun), 2017",Rural + Urban,All Ages,Persons,33,25.9,21.4
India,Odisha,"PLFS Year (Jul - Jun), 2017",Rural,15-29 years,Male,64,47.8,25.3
India,Odisha,"PLFS Year (Jul - Jun), 2017",Rural,15-29 years,Female,16.4,13.6,16.7
India,Odisha,"PLFS Year (Jul - Jun), 2017",Rural,15-29 years,Persons,38,29.2,23.3
India,Odisha,"PLFS Year (Jul - Jun), 2017",Rural,15-59 years,Male,84.7,77.9,8.1
India,Odisha,"PLFS Year (Jul - Jun), 2017",Rural,15-59 years,Female,22.1,20.9,5.5
India,Odisha,"PLFS Year (Jul - Jun), 2017",Rural,15-59 years,Persons,52.3,48.3,7.5
India,Odisha,"PLFS Year (Jul - Jun), 2017",Rural,15 years and above,Male,79.4,73.6,7.3
India,Odisha,"PLFS Year (Jul - Jun), 2017",Rural,15 years and above,Female,20,18.9,5.3
India,Odisha,"PLFS Year (Jul - Jun), 2017",Rural,15 years and above,Persons,49,45.6,6.9
India,Odisha,"PLFS Year (Jul - Jun), 2017",Rural,All Ages,Male,58,53.8,7.4
India,Odisha,"PLFS Year (Jul - Jun), 2017",Rural,All Ages,Female,15.2,14.4,5.3
India,Odisha,"PLFS Year (Jul - Jun), 2017",Rural,All Ages,Persons,36.6,34.1,6.9
India,Odisha,"PLFS Year (Jul - Jun), 2017",Urban,15-29 years,Male,55.3,43.2,21.9
India,Odisha,"PLFS Year (Jul - Jun), 2017",Urban,15-29 years,Female,15.2,9.8,35.3
India,Odisha,"PLFS Year (Jul - Jun), 2017",Urban,15-29 years,Persons,33.6,25.2,25.2
India,Odisha,"PLFS Year (Jul - Jun), 2017",Urban,15-59 years,Male,80.5,74.2,7.8
India,Odisha,"PLFS Year (Jul - Jun), 2017",Urban,15-59 years,Female,18.8,16.3,13.4
India,Odisha,"PLFS Year (Jul - Jun), 2017",Urban,15-59 years,Persons,48.7,44.4,8.9
India,Odisha,"PLFS Year (Jul - Jun), 2017",Urban,15 years and above,Male,74.6,69.1,7.3
India,Odisha,"PLFS Year (Jul - Jun), 2017",Urban,15 years and above,Female,16.9,14.8,12.7
India,Odisha,"PLFS Year (Jul - Jun), 2017",Urban,15 years and above,Persons,44.8,41.1,8.4
India,Odisha,"PLFS Year (Jul - Jun), 2017",Urban,All Ages,Male,57.7,53.4,7.3
India,Odisha,"PLFS Year (Jul - Jun), 2017",Urban,All Ages,Female,13.4,11.7,12.7
India,Odisha,"PLFS Year (Jul - Jun), 2017",Urban,All Ages,Persons,35.1,32.1,8.3
India,Odisha,"PLFS Year (Jul - Jun), 2017",Rural + Urban,15-29 years,Male,62.6,47,24.8
India,Odisha,"PLFS Year (Jul - Jun), 2017",Rural + Urban,15-29 years,Female,16.2,13,19.5
India,Odisha,"PLFS Year (Jul - Jun), 2017",Rural + Urban,15-29 years,Persons,37.3,28.5,23.6
India,Odisha,"PLFS Year (Jul - Jun), 2017",Rural + Urban,15-59 years,Male,84.1,77.3,8.1
India,Odisha,"PLFS Year (Jul - Jun), 2017",Rural + Urban,15-59 years,Female,21.6,20.2,6.5
India,Odisha,"PLFS Year (Jul - Jun), 2017",Rural + Urban,15-59 years,Persons,51.7,47.7,7.7
India,Odisha,"PLFS Year (Jul - Jun), 2017",Rural + Urban,15 years and above,Male,78.6,72.9,7.3
India,Odisha,"PLFS Year (Jul - Jun), 2017",Rural + Urban,15 years and above,Female,19.5,18.3,6.3
India,Odisha,"PLFS Year (Jul - Jun), 2017",Rural + Urban,15 years and above,Persons,48.3,44.9,7.1
India,Odisha,"PLFS Year (Jul - Jun), 2017",Rural + Urban,All Ages,Male,58,53.7,7.3
India,Odisha,"PLFS Year (Jul - Jun), 2017",Rural + Urban,All Ages,Female,15,14,6.3
India,Odisha,"PLFS Year (Jul - Jun), 2017",Rural + Urban,All Ages,Persons,36.4,33.8,7.1
India,Puducherry,"PLFS Year (Jul - Jun), 2017",Rural,15-29 years,Male,33.3,19.4,41.6
India,Puducherry,"PLFS Year (Jul - Jun), 2017",Rural,15-29 years,Female,16.4,5.1,68.7
India,Puducherry,"PLFS Year (Jul - Jun), 2017",Rural,15-29 years,Persons,23,10.7,53.4
India,Puducherry,"PLFS Year (Jul - Jun), 2017",Rural,15-59 years,Male,78.5,73.9,5.9
India,Puducherry,"PLFS Year (Jul - Jun), 2017",Rural,15-59 years,Female,12.5,7.8,37.3
India,Puducherry,"PLFS Year (Jul - Jun), 2017",Rural,15-59 years,Persons,43.9,39.3,10.5
India,Puducherry,"PLFS Year (Jul - Jun), 2017",Rural,15 years and above,Male,67.2,63.3,5.8
India,Puducherry,"PLFS Year (Jul - Jun), 2017",Rural,15 years and above,Female,10.6,6.6,37.3
India,Puducherry,"PLFS Year (Jul - Jun), 2017",Rural,15 years and above,Persons,37.6,33.7,10.4
India,Puducherry,"PLFS Year (Jul - Jun), 2017",Rural,All Ages,Male,49,46.1,5.8
India,Puducherry,"PLFS Year (Jul - Jun), 2017",Rural,All Ages,Female,8.3,5.2,37.3
India,Puducherry,"PLFS Year (Jul - Jun), 2017",Rural,All Ages,Persons,28.5,25.6,10.4
India,Puducherry,"PLFS Year (Jul - Jun), 2017",Urban,15-29 years,Male,55.8,43.5,22
India,Puducherry,"PLFS Year (Jul - Jun), 2017",Urban,15-29 years,Female,23.5,14,40.7
India,Puducherry,"PLFS Year (Jul - Jun), 2017",Urban,15-29 years,Persons,38.8,28,28
India,Puducherry,"PLFS Year (Jul - Jun), 2017",Urban,15-59 years,Male,79.3,72.8,8.3
India,Puducherry,"PLFS Year (Jul - Jun), 2017",Urban,15-59 years,Female,23.4,19.2,17.8
India,Puducherry,"PLFS Year (Jul - Jun), 2017",Urban,15-59 years,Persons,50.2,44.9,10.6
India,Puducherry,"PLFS Year (Jul - Jun), 2017",Urban,15 years and above,Male,70.6,64.9,8
India,Puducherry,"PLFS Year (Jul - Jun), 2017",Urban,15 years and above,Female,20.4,16.8,17.6
India,Puducherry,"PLFS Year (Jul - Jun), 2017",Urban,15 years and above,Persons,44.5,39.9,10.3
India,Puducherry,"PLFS Year (Jul - Jun), 2017",Urban,All Ages,Male,56.1,51.6,8
India,Puducherry,"PLFS Year (Jul - Jun), 2017",Urban,All Ages,Female,17,14,17.6
India,Puducherry,"PLFS Year (Jul - Jun), 2017",Urban,All Ages,Persons,36.2,32.5,10.3
India,Puducherry,"PLFS Year (Jul - Jun), 2017",Rural + Urban,15-29 years,Male,49.4,36.7,25.7
India,Puducherry,"PLFS Year (Jul - Jun), 2017",Rural + Urban,15-29 years,Female,21,10.8,48.4
India,Puducherry,"PLFS Year (Jul - Jun), 2017",Rural + Urban,15-29 years,Persons,33.7,22.4,33.5
India,Puducherry,"PLFS Year (Jul - Jun), 2017",Rural + Urban,15-59 years,Male,79.1,73.1,7.5
India,Puducherry,"PLFS Year (Jul - Jun), 2017",Rural + Urban,15-59 years,Female,19.8,15.5,21.9
India,Puducherry,"PLFS Year (Jul - Jun), 2017",Rural + Urban,15-59 years,Persons,48.1,43,10.6
India,Puducherry,"PLFS Year (Jul - Jun), 2017",Rural + Urban,15 years and above,Male,69.4,64.4,7.2
India,Puducherry,"PLFS Year (Jul - Jun), 2017",Rural + Urban,15 years and above,Female,17.1,13.4,21.7
India,Puducherry,"PLFS Year (Jul - Jun), 2017",Rural + Urban,15 years and above,Persons,42.2,37.8,10.3
India,Puducherry,"PLFS Year (Jul - Jun), 2017",Rural + Urban,All Ages,Male,53.6,49.7,7.2
India,Puducherry,"PLFS Year (Jul - Jun), 2017",Rural + Urban,All Ages,Female,14,10.9,21.7
India,Puducherry,"PLFS Year (Jul - Jun), 2017",Rural + Urban,All Ages,Persons,33.5,30.1,10.3
India,Punjab,"PLFS Year (Jul - Jun), 2017",Rural,15-29 years,Male,59.3,47.1,20.5
India,Punjab,"PLFS Year (Jul - Jun), 2017",Rural,15-29 years,Female,9.3,5.3,43.5
India,Punjab,"PLFS Year (Jul - Jun), 2017",Rural,15-29 years,Persons,36.8,28.3,23.1
India,Punjab,"PLFS Year (Jul - Jun), 2017",Rural,15-59 years,Male,78.3,72.1,7.9
India,Punjab,"PLFS Year (Jul - Jun), 2017",Rural,15-59 years,Female,15.4,13.7,11
India,Punjab,"PLFS Year (Jul - Jun), 2017",Rural,15-59 years,Persons,47.9,43.8,8.4
India,Punjab,"PLFS Year (Jul - Jun), 2017",Rural,15 years and above,Male,72.9,67.7,7.2
India,Punjab,"PLFS Year (Jul - Jun), 2017",Rural,15 years and above,Female,14,12.5,10.3
India,Punjab,"PLFS Year (Jul - Jun), 2017",Rural,15 years and above,Persons,44.5,41.1,7.6
India,Punjab,"PLFS Year (Jul - Jun), 2017",Rural,All Ages,Male,58.6,54.3,7.4
India,Punjab,"PLFS Year (Jul - Jun), 2017",Rural,All Ages,Female,11.1,9.9,10.3
India,Punjab,"PLFS Year (Jul - Jun), 2017",Rural,All Ages,Persons,35.6,32.8,7.8
India,Punjab,"PLFS Year (Jul - Jun), 2017",Urban,15-29 years,Male,65.4,54.5,16.6
India,Punjab,"PLFS Year (Jul - Jun), 2017",Urban,15-29 years,Female,18.5,12.6,32.2
India,Punjab,"PLFS Year (Jul - Jun), 2017",Urban,15-29 years,Persons,44.6,35.9,19.5
India,Punjab,"PLFS Year (Jul - Jun), 2017",Urban,15-59 years,Male,82.7,77,6.9
India,Punjab,"PLFS Year (Jul - Jun), 2017",Urban,15-59 years,Female,20.3,17.4,14.2
India,Punjab,"PLFS Year (Jul - Jun), 2017",Urban,15-59 years,Persons,53.3,48.9,8.2
India,Punjab,"PLFS Year (Jul - Jun), 2017",Urban,15 years and above,Male,78.2,73.1,6.5
India,Punjab,"PLFS Year (Jul - Jun), 2017",Urban,15 years and above,Female,18.2,15.7,13.5
India,Punjab,"PLFS Year (Jul - Jun), 2017",Urban,15 years and above,Persons,49.6,45.8,7.7
India,Punjab,"PLFS Year (Jul - Jun), 2017",Urban,All Ages,Male,60.2,56.3,6.5
India,Punjab,"PLFS Year (Jul - Jun), 2017",Urban,All Ages,Female,14.2,12.3,13.5
India,Punjab,"PLFS Year (Jul - Jun), 2017",Urban,All Ages,Persons,38.4,35.5,7.7
India,Punjab,"PLFS Year (Jul - Jun), 2017",Rural + Urban,15-29 years,Male,61.5,49.9,18.9
India,Punjab,"PLFS Year (Jul - Jun), 2017",Rural + Urban,15-29 years,Female,12.7,8,37.4
India,Punjab,"PLFS Year (Jul - Jun), 2017",Rural + Urban,15-29 years,Persons,39.7,31.1,21.6
India,Punjab,"PLFS Year (Jul - Jun), 2017",Rural + Urban,15-59 years,Male,80,74,7.5
India,Punjab,"PLFS Year (Jul - Jun), 2017",Rural + Urban,15-59 years,Female,17.2,15.1,12.4
India,Punjab,"PLFS Year (Jul - Jun), 2017",Rural + Urban,15-59 years,Persons,49.9,45.8,8.3
India,Punjab,"PLFS Year (Jul - Jun), 2017",Rural + Urban,15 years and above,Male,74.9,69.8,6.9
India,Punjab,"PLFS Year (Jul - Jun), 2017",Rural + Urban,15 years and above,Female,15.5,13.7,11.7
India,Punjab,"PLFS Year (Jul - Jun), 2017",Rural + Urban,15 years and above,Persons,46.5,42.9,7.7
India,Punjab,"PLFS Year (Jul - Jun), 2017",Rural + Urban,All Ages,Male,59.2,55.1,7
India,Punjab,"PLFS Year (Jul - Jun), 2017",Rural + Urban,All Ages,Female,12.3,10.8,11.7
India,Punjab,"PLFS Year (Jul - Jun), 2017",Rural + Urban,All Ages,Persons,36.7,33.8,7.8
India,Rajasthan,"PLFS Year (Jul - Jun), 2017",Rural,15-29 years,Male,56.9,47.8,16.1
India,Rajasthan,"PLFS Year (Jul - Jun), 2017",Rural,15-29 years,Female,20.6,19.8,3.9
India,Rajasthan,"PLFS Year (Jul - Jun), 2017",Rural,15-29 years,Persons,39.5,34.4,13
India,Rajasthan,"PLFS Year (Jul - Jun), 2017",Rural,15-59 years,Male,77.7,73,6.2
India,Rajasthan,"PLFS Year (Jul - Jun), 2017",Rural,15-59 years,Female,32.7,32.2,1.3
India,Rajasthan,"PLFS Year (Jul - Jun), 2017",Rural,15-59 years,Persons,55.4,52.8,4.7
India,Rajasthan,"PLFS Year (Jul - Jun), 2017",Rural,15 years and above,Male,73.9,69.7,5.6
India,Rajasthan,"PLFS Year (Jul - Jun), 2017",Rural,15 years and above,Female,30.8,30.4,1.2
India,Rajasthan,"PLFS Year (Jul - Jun), 2017",Rural,15 years and above,Persons,52.6,50.3,4.4
India,Rajasthan,"PLFS Year (Jul - Jun), 2017",Rural,All Ages,Male,51.1,48.2,5.8
India,Rajasthan,"PLFS Year (Jul - Jun), 2017",Rural,All Ages,Female,21.7,21.5,1.2
India,Rajasthan,"PLFS Year (Jul - Jun), 2017",Rural,All Ages,Persons,36.8,35.2,4.5
India,Rajasthan,"PLFS Year (Jul - Jun), 2017",Urban,15-29 years,Male,54.4,45.7,16.1
India,Rajasthan,"PLFS Year (Jul - Jun), 2017",Urban,15-29 years,Female,10.7,7.1,33.8
India,Rajasthan,"PLFS Year (Jul - Jun), 2017",Urban,15-29 years,Persons,34.9,28.5,18.5
India,Rajasthan,"PLFS Year (Jul - Jun), 2017",Urban,15-59 years,Male,75.8,70.4,7.1
India,Rajasthan,"PLFS Year (Jul - Jun), 2017",Urban,15-59 years,Female,15.9,14.2,10.4
India,Rajasthan,"PLFS Year (Jul - Jun), 2017",Urban,15-59 years,Persons,47.6,44,7.6
India,Rajasthan,"PLFS Year (Jul - Jun), 2017",Urban,15 years and above,Male,72.2,67.4,6.7
India,Rajasthan,"PLFS Year (Jul - Jun), 2017",Urban,15 years and above,Female,14.5,13.1,9.9
India,Rajasthan,"PLFS Year (Jul - Jun), 2017",Urban,15 years and above,Persons,44.8,41.5,7.2
India,Rajasthan,"PLFS Year (Jul - Jun), 2017",Urban,All Ages,Male,53.1,49.5,6.8
India,Rajasthan,"PLFS Year (Jul - Jun), 2017",Urban,All Ages,Female,10.8,9.8,9.9
India,Rajasthan,"PLFS Year (Jul - Jun), 2017",Urban,All Ages,Persons,33,30.7,7.2
India,Rajasthan,"PLFS Year (Jul - Jun), 2017",Rural + Urban,15-29 years,Male,56.3,47.3,16.1
India,Rajasthan,"PLFS Year (Jul - Jun), 2017",Rural + Urban,15-29 years,Female,18.2,16.8,8.1
India,Rajasthan,"PLFS Year (Jul - Jun), 2017",Rural + Urban,15-29 years,Persons,38.4,32.9,14.3
India,Rajasthan,"PLFS Year (Jul - Jun), 2017",Rural + Urban,15-59 years,Male,77.2,72.3,6.4
India,Rajasthan,"PLFS Year (Jul - Jun), 2017",Rural + Urban,15-59 years,Female,28.6,27.9,2.5
India,Rajasthan,"PLFS Year (Jul - Jun), 2017",Rural + Urban,15-59 years,Persons,53.5,50.6,5.4
India,Rajasthan,"PLFS Year (Jul - Jun), 2017",Rural + Urban,15 years and above,Male,73.5,69.1,5.9
India,Rajasthan,"PLFS Year (Jul - Jun), 2017",Rural + Urban,15 years and above,Female,27,26.3,2.3
India,Rajasthan,"PLFS Year (Jul - Jun), 2017",Rural + Urban,15 years and above,Persons,50.7,48.2,5
India,Rajasthan,"PLFS Year (Jul - Jun), 2017",Rural + Urban,All Ages,Male,51.6,48.5,6
India,Rajasthan,"PLFS Year (Jul - Jun), 2017",Rural + Urban,All Ages,Female,19.3,18.8,2.3
India,Rajasthan,"PLFS Year (Jul - Jun), 2017",Rural + Urban,All Ages,Persons,36,34.2,5
India,Sikkim,"PLFS Year (Jul - Jun), 2017",Rural,15-29 years,Male,54.6,50.9,6.7
India,Sikkim,"PLFS Year (Jul - Jun), 2017",Rural,15-29 years,Female,29.4,24.7,15.9
India,Sikkim,"PLFS Year (Jul - Jun), 2017",Rural,15-29 years,Persons,42.8,38.7,9.7
India,Sikkim,"PLFS Year (Jul - Jun), 2017",Rural,15-59 years,Male,81.3,79.7,2.1
India,Sikkim,"PLFS Year (Jul - Jun), 2017",Rural,15-59 years,Female,51.9,49.8,4
India,Sikkim,"PLFS Year (Jul - Jun), 2017",Rural,15-59 years,Persons,67.3,65.4,2.8
India,Sikkim,"PLFS Year (Jul - Jun), 2017",Rural,15 years and above,Male,75.7,74.2,2
India,Sikkim,"PLFS Year (Jul - Jun), 2017",Rural,15 years and above,Female,47.6,45.8,3.9
India,Sikkim,"PLFS Year (Jul - Jun), 2017",Rural,15 years and above,Persons,62.3,60.6,2.7
India,Sikkim,"PLFS Year (Jul - Jun), 2017",Rural,All Ages,Male,61.5,60.3,2
India,Sikkim,"PLFS Year (Jul - Jun), 2017",Rural,All Ages,Female,36.3,34.9,3.9
India,Sikkim,"PLFS Year (Jul - Jun), 2017",Rural,All Ages,Persons,49,47.7,2.7
India,Sikkim,"PLFS Year (Jul - Jun), 2017",Urban,15-29 years,Male,58.3,52.2,10.5
India,Sikkim,"PLFS Year (Jul - Jun), 2017",Urban,15-29 years,Female,32.7,26.9,17.9
India,Sikkim,"PLFS Year (Jul - Jun), 2017",Urban,15-29 years,Persons,46.7,40.7,12.8
India,Sikkim,"PLFS Year (Jul - Jun), 2017",Urban,15-59 years,Male,79.1,75.6,4.4
India,Sikkim,"PLFS Year (Jul - Jun), 2017",Urban,15-59 years,Female,35.6,32,10
India,Sikkim,"PLFS Year (Jul - Jun), 2017",Urban,15-59 years,Persons,59.3,55.7,5.9
India,Sikkim,"PLFS Year (Jul - Jun), 2017",Urban,15 years and above,Male,76.8,73.6,4.2
India,Sikkim,"PLFS Year (Jul - Jun), 2017",Urban,15 years and above,Female,34,30.6,9.9
India,Sikkim,"PLFS Year (Jul - Jun), 2017",Urban,15 years and above,Persons,57.3,54,5.8
India,Sikkim,"PLFS Year (Jul - Jun), 2017",Urban,All Ages,Male,64.8,62.1,4.2
India,Sikkim,"PLFS Year (Jul - Jun), 2017",Urban,All Ages,Female,28,25.2,9.9
India,Sikkim,"PLFS Year (Jul - Jun), 2017",Urban,All Ages,Persons,47.8,45.1,5.8
India,Sikkim,"PLFS Year (Jul - Jun), 2017",Rural + Urban,15-29 years,Male,55.9,51.4,8.1
India,Sikkim,"PLFS Year (Jul - Jun), 2017",Rural + Urban,15-29 years,Female,30.5,25.5,16.6
India,Sikkim,"PLFS Year (Jul - Jun), 2017",Rural + Urban,15-29 years,Persons,44.1,39.4,10.8
India,Sikkim,"PLFS Year (Jul - Jun), 2017",Rural + Urban,15-59 years,Male,80.7,78.4,2.8
India,Sikkim,"PLFS Year (Jul - Jun), 2017",Rural + Urban,15-59 years,Female,47.3,44.8,5.3
India,Sikkim,"PLFS Year (Jul - Jun), 2017",Rural + Urban,15-59 years,Persons,64.9,62.5,3.6
India,Sikkim,"PLFS Year (Jul - Jun), 2017",Rural + Urban,15 years and above,Male,76,74,2.6
India,Sikkim,"PLFS Year (Jul - Jun), 2017",Rural + Urban,15 years and above,Female,43.9,41.6,5.2
India,Sikkim,"PLFS Year (Jul - Jun), 2017",Rural + Urban,15 years and above,Persons,60.9,58.7,3.5
India,Sikkim,"PLFS Year (Jul - Jun), 2017",Rural + Urban,All Ages,Male,62.4,60.8,2.6
India,Sikkim,"PLFS Year (Jul - Jun), 2017",Rural + Urban,All Ages,Female,34.2,32.4,5.2
India,Sikkim,"PLFS Year (Jul - Jun), 2017",Rural + Urban,All Ages,Persons,48.7,47,3.5
India,Tamil Nadu,"PLFS Year (Jul - Jun), 2017",Rural,15-29 years,Male,64.5,44.9,30.3
India,Tamil Nadu,"PLFS Year (Jul - Jun), 2017",Rural,15-29 years,Female,25.8,18.9,26.7
India,Tamil Nadu,"PLFS Year (Jul - Jun), 2017",Rural,15-29 years,Persons,45.4,32.1,29.3
India,Tamil Nadu,"PLFS Year (Jul - Jun), 2017",Rural,15-59 years,Male,84.4,76.2,9.7
India,Tamil Nadu,"PLFS Year (Jul - Jun), 2017",Rural,15-59 years,Female,41.6,38.8,6.8
India,Tamil Nadu,"PLFS Year (Jul - Jun), 2017",Rural,15-59 years,Persons,62.4,57,8.7
India,Tamil Nadu,"PLFS Year (Jul - Jun), 2017",Rural,15 years and above,Male,78.5,71.6,8.8
India,Tamil Nadu,"PLFS Year (Jul - Jun), 2017",Rural,15 years and above,Female,39,36.7,6
India,Tamil Nadu,"PLFS Year (Jul - Jun), 2017",Rural,15 years and above,Persons,58.3,53.7,7.9
India,Tamil Nadu,"PLFS Year (Jul - Jun), 2017",Rural,All Ages,Male,61.3,55.9,8.8
India,Tamil Nadu,"PLFS Year (Jul - Jun), 2017",Rural,All Ages,Female,31.3,29.4,6.1
India,Tamil Nadu,"PLFS Year (Jul - Jun), 2017",Rural,All Ages,Persons,46.1,42.5,7.9
India,Tamil Nadu,"PLFS Year (Jul - Jun), 2017",Urban,15-29 years,Male,64,51.5,19.6
India,Tamil Nadu,"PLFS Year (Jul - Jun), 2017",Urban,15-29 years,Female,26.2,19.5,25.6
India,Tamil Nadu,"PLFS Year (Jul - Jun), 2017",Urban,15-29 years,Persons,44.6,35.1,21.4
India,Tamil Nadu,"PLFS Year (Jul - Jun), 2017",Urban,15-59 years,Male,83.5,78.1,6.5
India,Tamil Nadu,"PLFS Year (Jul - Jun), 2017",Urban,15-59 years,Female,31.2,28.2,9.6
India,Tamil Nadu,"PLFS Year (Jul - Jun), 2017",Urban,15-59 years,Persons,56.9,52.7,7.4
India,Tamil Nadu,"PLFS Year (Jul - Jun), 2017",Urban,15 years and above,Male,76.7,71.9,6.2
India,Tamil Nadu,"PLFS Year (Jul - Jun), 2017",Urban,15 years and above,Female,27.6,25.2,9
India,Tamil Nadu,"PLFS Year (Jul - Jun), 2017",Urban,15 years and above,Persons,51.4,47.9,6.9
India,Tamil Nadu,"PLFS Year (Jul - Jun), 2017",Urban,All Ages,Male,60.6,56.7,6.5
India,Tamil Nadu,"PLFS Year (Jul - Jun), 2017",Urban,All Ages,Female,22.5,20.4,9
India,Tamil Nadu,"PLFS Year (Jul - Jun), 2017",Urban,All Ages,Persons,41.3,38.3,7.2
India,Tamil Nadu,"PLFS Year (Jul - Jun), 2017",Rural + Urban,15-29 years,Male,64.3,47.9,25.4
India,Tamil Nadu,"PLFS Year (Jul - Jun), 2017",Rural + Urban,15-29 years,Female,26,19.2,26.2
India,Tamil Nadu,"PLFS Year (Jul - Jun), 2017",Rural + Urban,15-29 years,Persons,45,33.5,25.6
India,Tamil Nadu,"PLFS Year (Jul - Jun), 2017",Rural + Urban,15-59 years,Male,84,77.1,8.2
India,Tamil Nadu,"PLFS Year (Jul - Jun), 2017",Rural + Urban,15-59 years,Female,36.8,33.9,7.9
India,Tamil Nadu,"PLFS Year (Jul - Jun), 2017",Rural + Urban,15-59 years,Persons,59.8,54.9,8.1
India,Tamil Nadu,"PLFS Year (Jul - Jun), 2017",Rural + Urban,15 years and above,Male,77.7,71.8,7.6
India,Tamil Nadu,"PLFS Year (Jul - Jun), 2017",Rural + Urban,15 years and above,Female,33.7,31.3,7.1
India,Tamil Nadu,"PLFS Year (Jul - Jun), 2017",Rural + Urban,15 years and above,Persons,55.1,51,7.5
India,Tamil Nadu,"PLFS Year (Jul - Jun), 2017",Rural + Urban,All Ages,Male,61,56.3,7.8
India,Tamil Nadu,"PLFS Year (Jul - Jun), 2017",Rural + Urban,All Ages,Female,27.2,25.2,7.2
India,Tamil Nadu,"PLFS Year (Jul - Jun), 2017",Rural + Urban,All Ages,Persons,43.9,40.5,7.6
India,Telangana,"PLFS Year (Jul - Jun), 2017",Rural,15-29 years,Male,59.3,47.1,20.6
India,Telangana,"PLFS Year (Jul - Jun), 2017",Rural,15-29 years,Female,24.5,19.3,21.1
India,Telangana,"PLFS Year (Jul - Jun), 2017",Rural,15-29 years,Persons,42.8,33.9,20.8
India,Telangana,"PLFS Year (Jul - Jun), 2017",Rural,15-59 years,Male,80.4,74.3,7.6
India,Telangana,"PLFS Year (Jul - Jun), 2017",Rural,15-59 years,Female,43.6,41.3,5.3
India,Telangana,"PLFS Year (Jul - Jun), 2017",Rural,15-59 years,Persons,62.1,57.9,6.8
India,Telangana,"PLFS Year (Jul - Jun), 2017",Rural,15 years and above,Male,73.7,68.3,7.2
India,Telangana,"PLFS Year (Jul - Jun), 2017",Rural,15 years and above,Female,39.2,37.3,5
India,Telangana,"PLFS Year (Jul - Jun), 2017",Rural,15 years and above,Persons,56.6,52.9,6.5
India,Telangana,"PLFS Year (Jul - Jun), 2017",Rural,All Ages,Male,57.8,53.6,7.2
India,Telangana,"PLFS Year (Jul - Jun), 2017",Rural,All Ages,Female,31.5,29.9,5
India,Telangana,"PLFS Year (Jul - Jun), 2017",Rural,All Ages,Persons,44.9,42,6.5
India,Telangana,"PLFS Year (Jul - Jun), 2017",Urban,15-29 years,Male,60,44.3,26.2
India,Telangana,"PLFS Year (Jul - Jun), 2017",Urban,15-29 years,Female,22,15.6,29.2
India,Telangana,"PLFS Year (Jul - Jun), 2017",Urban,15-29 years,Persons,40.2,29.3,27
India,Telangana,"PLFS Year (Jul - Jun), 2017",Urban,15-59 years,Male,81.8,74.5,8.8
India,Telangana,"PLFS Year (Jul - Jun), 2017",Urban,15-59 years,Female,25.1,21.9,12.9
India,Telangana,"PLFS Year (Jul - Jun), 2017",Urban,15-59 years,Persons,53.6,48.4,9.8
India,Telangana,"PLFS Year (Jul - Jun), 2017",Urban,15 years and above,Male,76.7,70.2,8.5
India,Telangana,"PLFS Year (Jul - Jun), 2017",Urban,15 years and above,Female,22.9,20,12.6
India,Telangana,"PLFS Year (Jul - Jun), 2017",Urban,15 years and above,Persons,49.9,45.2,9.4
India,Telangana,"PLFS Year (Jul - Jun), 2017",Urban,All Ages,Male,58.7,53.8,8.5
India,Telangana,"PLFS Year (Jul - Jun), 2017",Urban,All Ages,Female,18.2,15.9,12.6
India,Telangana,"PLFS Year (Jul - Jun), 2017",Urban,All Ages,Persons,38.9,35.2,9.4
India,Telangana,"PLFS Year (Jul - Jun), 2017",Rural + Urban,15-29 years,Male,59.6,46,22.8
India,Telangana,"PLFS Year (Jul - Jun), 2017",Rural + Urban,15-29 years,Female,23.4,17.7,24.5
India,Telangana,"PLFS Year (Jul - Jun), 2017",Rural + Urban,15-29 years,Persons,41.7,32,23.3
India,Telangana,"PLFS Year (Jul - Jun), 2017",Rural + Urban,15-59 years,Male,81,74.4,8.1
India,Telangana,"PLFS Year (Jul - Jun), 2017",Rural + Urban,15-59 years,Female,35.9,33.2,7.5
India,Telangana,"PLFS Year (Jul - Jun), 2017",Rural + Urban,15-59 years,Persons,58.6,53.9,7.9
India,Telangana,"PLFS Year (Jul - Jun), 2017",Rural + Urban,15 years and above,Male,74.9,69.1,7.7
India,Telangana,"PLFS Year (Jul - Jun), 2017",Rural + Urban,15 years and above,Female,32.6,30.3,7.2
India,Telangana,"PLFS Year (Jul - Jun), 2017",Rural + Urban,15 years and above,Persons,53.9,49.8,7.6
India,Telangana,"PLFS Year (Jul - Jun), 2017",Rural + Urban,All Ages,Male,58.2,53.7,7.7
India,Telangana,"PLFS Year (Jul - Jun), 2017",Rural + Urban,All Ages,Female,26.1,24.2,7.2
India,Telangana,"PLFS Year (Jul - Jun), 2017",Rural + Urban,All Ages,Persons,42.5,39.3,7.6
India,The Dadra and Nagar Haveli and Daman and Diu,"PLFS Year (Jul - Jun), 2017",Rural,15-29 years,Male,77.350000000000000000000,66.350000000000000000000,14.550000000000000000000
India,The Dadra and Nagar Haveli and Daman and Diu,"PLFS Year (Jul - Jun), 2017",Rural,15-29 years,Female,36.250000000000000000000,36.250000000000000000000,0.00000000000000000000
India,The Dadra and Nagar Haveli and Daman and Diu,"PLFS Year (Jul - Jun), 2017",Rural,15-29 years,Persons,57.350000000000000000000,51.300000000000000000000,11.150000000000000000000
India,The Dadra and Nagar Haveli and Daman and Diu,"PLFS Year (Jul - Jun), 2017",Rural,15-59 years,Male,87.200000000000000000000,82.950000000000000000000,4.900000000000000000000
India,The Dadra and Nagar Haveli and Daman and Diu,"PLFS Year (Jul - Jun), 2017",Rural,15-59 years,Female,44.300000000000000000000,44.300000000000000000000,0.00000000000000000000
India,The Dadra and Nagar Haveli and Daman and Diu,"PLFS Year (Jul - Jun), 2017",Rural,15-59 years,Persons,66.550000000000000000000,64.300000000000000000000,3.550000000000000000000
India,The Dadra and Nagar Haveli and Daman and Diu,"PLFS Year (Jul - Jun), 2017",Rural,15 years and above,Male,82.350000000000000000000,78.550000000000000000000,4.750000000000000000000
India,The Dadra and Nagar Haveli and Daman and Diu,"PLFS Year (Jul - Jun), 2017",Rural,15 years and above,Female,40.600000000000000000000,40.600000000000000000000,0.00000000000000000000
India,The Dadra and Nagar Haveli and Daman and Diu,"PLFS Year (Jul - Jun), 2017",Rural,15 years and above,Persons,61.650000000000000000000,59.750000000000000000000,3.450000000000000000000
India,The Dadra and Nagar Haveli and Daman and Diu,"PLFS Year (Jul - Jun), 2017",Rural,All Ages,Male,57.600000000000000000000,54.850000000000000000000,4.750000000000000000000
India,The Dadra and Nagar Haveli and Daman and Diu,"PLFS Year (Jul - Jun), 2017",Rural,All Ages,Female,29.300000000000000000000,29.300000000000000000000,0.00000000000000000000
India,The Dadra and Nagar Haveli and Daman and Diu,"PLFS Year (Jul - Jun), 2017",Rural,All Ages,Persons,44.250000000000000000000,42.800000000000000000000,3.450000000000000000000
India,The Dadra and Nagar Haveli and Daman and Diu,"PLFS Year (Jul - Jun), 2017",Urban,15-29 years,Male,83.700000000000000000000,81.650000000000000000000,2.350000000000000000000
India,The Dadra and Nagar Haveli and Daman and Diu,"PLFS Year (Jul - Jun), 2017",Urban,15-29 years,Female,12.100000000000000000000,9.050000000000000000000,50.00000000000000000000
India,The Dadra and Nagar Haveli and Daman and Diu,"PLFS Year (Jul - Jun), 2017",Urban,15-29 years,Persons,64.800000000000000000000,62.600000000000000000000,2.850000000000000000000
India,The Dadra and Nagar Haveli and Daman and Diu,"PLFS Year (Jul - Jun), 2017",Urban,15-59 years,Male,91.250000000000000000000,90.100000000000000000000,1.200000000000000000000
India,The Dadra and Nagar Haveli and Daman and Diu,"PLFS Year (Jul - Jun), 2017",Urban,15-59 years,Female,25.100000000000000000000,24.500000000000000000000,2.150000000000000000000
India,The Dadra and Nagar Haveli and Daman and Diu,"PLFS Year (Jul - Jun), 2017",Urban,15-59 years,Persons,67.250000000000000000000,66.300000000000000000000,1.350000000000000000000
India,The Dadra and Nagar Haveli and Daman and Diu,"PLFS Year (Jul - Jun), 2017",Urban,15 years and above,Male,88.950000000000000000000,87.850000000000000000000,1.200000000000000000000
India,The Dadra and Nagar Haveli and Daman and Diu,"PLFS Year (Jul - Jun), 2017",Urban,15 years and above,Female,23.900000000000000000000,23.350000000000000000000,2.150000000000000000000
India,The Dadra and Nagar Haveli and Daman and Diu,"PLFS Year (Jul - Jun), 2017",Urban,15 years and above,Persons,65.150000000000000000000,64.250000000000000000000,1.350000000000000000000
India,The Dadra and Nagar Haveli and Daman and Diu,"PLFS Year (Jul - Jun), 2017",Urban,All Ages,Male,70.350000000000000000000,69.450000000000000000000,1.200000000000000000000
India,The Dadra and Nagar Haveli and Daman and Diu,"PLFS Year (Jul - Jun), 2017",Urban,All Ages,Female,17.500000000000000000000,17.100000000000000000000,2.150000000000000000000
India,The Dadra and Nagar Haveli and Daman and Diu,"PLFS Year (Jul - Jun), 2017",Urban,All Ages,Persons,50.050000000000000000000,49.350000000000000000000,1.350000000000000000000
India,The Dadra and Nagar Haveli and Daman and Diu,"PLFS Year (Jul - Jun), 2017",Rural + Urban,15-29 years,Male,83.350000000000000000000,80.150000000000000000000,3.750000000000000000000
India,The Dadra and Nagar Haveli and Daman and Diu,"PLFS Year (Jul - Jun), 2017",Rural + Urban,15-29 years,Female,22.350000000000000000000,20.250000000000000000000,18.150000000000000000000
India,The Dadra and Nagar Haveli and Daman and Diu,"PLFS Year (Jul - Jun), 2017",Rural + Urban,15-29 years,Persons,65.250000000000000000000,62.400000000000000000000,3.950000000000000000000
India,The Dadra and Nagar Haveli and Daman and Diu,"PLFS Year (Jul - Jun), 2017",Rural + Urban,15-59 years,Male,90.700000000000000000000,89.050000000000000000000,1.800000000000000000000
India,The Dadra and Nagar Haveli and Daman and Diu,"PLFS Year (Jul - Jun), 2017",Rural + Urban,15-59 years,Female,34.150000000000000000000,33.650000000000000000000,1.650000000000000000000
India,The Dadra and Nagar Haveli and Daman and Diu,"PLFS Year (Jul - Jun), 2017",Rural + Urban,15-59 years,Persons,68.700000000000000000000,67.550000000000000000000,1.750000000000000000000
India,The Dadra and Nagar Haveli and Daman and Diu,"PLFS Year (Jul - Jun), 2017",Rural + Urban,15 years and above,Male,87.850000000000000000000,86.300000000000000000000,1.800000000000000000000
India,The Dadra and Nagar Haveli and Daman and Diu,"PLFS Year (Jul - Jun), 2017",Rural + Urban,15 years and above,Female,32.300000000000000000000,31.900000000000000000000,1.650000000000000000000
India,The Dadra and Nagar Haveli and Daman and Diu,"PLFS Year (Jul - Jun), 2017",Rural + Urban,15 years and above,Persons,65.900000000000000000000,64.750000000000000000000,1.750000000000000000000
India,The Dadra and Nagar Haveli and Daman and Diu,"PLFS Year (Jul - Jun), 2017",Rural + Urban,All Ages,Male,66.700000000000000000000,65.450000000000000000000,1.800000000000000000000
India,The Dadra and Nagar Haveli and Daman and Diu,"PLFS Year (Jul - Jun), 2017",Rural + Urban,All Ages,Female,23.150000000000000000000,22.850000000000000000000,1.650000000000000000000
India,The Dadra and Nagar Haveli and Daman and Diu,"PLFS Year (Jul - Jun), 2017",Rural + Urban,All Ages,Persons,49.250000000000000000000,48.350000000000000000000,1.750000000000000000000
India,Tripura,"PLFS Year (Jul - Jun), 2017",Rural,15-29 years,Male,57.6,47,18.4
India,Tripura,"PLFS Year (Jul - Jun), 2017",Rural,15-29 years,Female,6.2,4.7,23.5
India,Tripura,"PLFS Year (Jul - Jun), 2017",Rural,15-29 years,Persons,34.1,27.7,18.9
India,Tripura,"PLFS Year (Jul - Jun), 2017",Rural,15-59 years,Male,80.7,75.5,6.5
India,Tripura,"PLFS Year (Jul - Jun), 2017",Rural,15-59 years,Female,12.5,11.5,7.9
India,Tripura,"PLFS Year (Jul - Jun), 2017",Rural,15-59 years,Persons,48.3,45,6.7
India,Tripura,"PLFS Year (Jul - Jun), 2017",Rural,15 years and above,Male,75.7,71.1,6.1
India,Tripura,"PLFS Year (Jul - Jun), 2017",Rural,15 years and above,Female,11.2,10.3,7.9
India,Tripura,"PLFS Year (Jul - Jun), 2017",Rural,15 years and above,Persons,45.3,42.5,6.3
India,Tripura,"PLFS Year (Jul - Jun), 2017",Rural,All Ages,Male,60.5,56.8,6.1
India,Tripura,"PLFS Year (Jul - Jun), 2017",Rural,All Ages,Female,8.9,8.2,7.9
India,Tripura,"PLFS Year (Jul - Jun), 2017",Rural,All Ages,Persons,36.2,33.9,6.3
India,Tripura,"PLFS Year (Jul - Jun), 2017",Urban,15-29 years,Male,53.3,44.4,16.7
India,Tripura,"PLFS Year (Jul - Jun), 2017",Urban,15-29 years,Female,18.3,9.9,45.9
India,Tripura,"PLFS Year (Jul - Jun), 2017",Urban,15-29 years,Persons,35.7,27.1,24.2
India,Tripura,"PLFS Year (Jul - Jun), 2017",Urban,15-59 years,Male,80.5,75.4,6.3
India,Tripura,"PLFS Year (Jul - Jun), 2017",Urban,15-59 years,Female,19.5,15.5,20.4
India,Tripura,"PLFS Year (Jul - Jun), 2017",Urban,15-59 years,Persons,49.4,44.8,9.2
India,Tripura,"PLFS Year (Jul - Jun), 2017",Urban,15 years and above,Male,72.3,68,6
India,Tripura,"PLFS Year (Jul - Jun), 2017",Urban,15 years and above,Female,17.1,13.7,19.8
India,Tripura,"PLFS Year (Jul - Jun), 2017",Urban,15 years and above,Persons,44.1,40.2,8.7
India,Tripura,"PLFS Year (Jul - Jun), 2017",Urban,All Ages,Male,58.5,55,6
India,Tripura,"PLFS Year (Jul - Jun), 2017",Urban,All Ages,Female,14.7,11.8,19.7
India,Tripura,"PLFS Year (Jul - Jun), 2017",Urban,All Ages,Persons,36.7,33.5,8.7
India,Tripura,"PLFS Year (Jul - Jun), 2017",Rural + Urban,15-29 years,Male,56.8,46.5,18.2
India,Tripura,"PLFS Year (Jul - Jun), 2017",Rural + Urban,15-29 years,Female,8.6,5.8,33.1
India,Tripura,"PLFS Year (Jul - Jun), 2017",Rural + Urban,15-29 years,Persons,34.4,27.6,19.9
India,Tripura,"PLFS Year (Jul - Jun), 2017",Rural + Urban,15-59 years,Male,80.7,75.5,6.5
India,Tripura,"PLFS Year (Jul - Jun), 2017",Rural + Urban,15-59 years,Female,14,12.4,11.7
India,Tripura,"PLFS Year (Jul - Jun), 2017",Rural + Urban,15-59 years,Persons,48.5,45,7.2
India,Tripura,"PLFS Year (Jul - Jun), 2017",Rural + Urban,15 years and above,Male,75,70.5,6.1
India,Tripura,"PLFS Year (Jul - Jun), 2017",Rural + Urban,15 years and above,Female,12.5,11.1,11.6
India,Tripura,"PLFS Year (Jul - Jun), 2017",Rural + Urban,15 years and above,Persons,45.1,42,6.8
India,Tripura,"PLFS Year (Jul - Jun), 2017",Rural + Urban,All Ages,Male,60.1,56.4,6.1
India,Tripura,"PLFS Year (Jul - Jun), 2017",Rural + Urban,All Ages,Female,10.1,9,11.6
India,Tripura,"PLFS Year (Jul - Jun), 2017",Rural + Urban,All Ages,Persons,36.3,33.8,6.8
India,Uttar Pradesh,"PLFS Year (Jul - Jun), 2017",Rural,15-29 years,Male,58.2,48.5,16.7
India,Uttar Pradesh,"PLFS Year (Jul - Jun), 2017",Rural,15-29 years,Female,7.6,7.1,5.9
India,Uttar Pradesh,"PLFS Year (Jul - Jun), 2017",Rural,15-29 years,Persons,33.4,28.2,15.5
India,Uttar Pradesh,"PLFS Year (Jul - Jun), 2017",Rural,15-59 years,Male,77.7,72.4,6.8
India,Uttar Pradesh,"PLFS Year (Jul - Jun), 2017",Rural,15-59 years,Female,14.9,14.6,1.6
India,Uttar Pradesh,"PLFS Year (Jul - Jun), 2017",Rural,15-59 years,Persons,46.3,43.5,6
India,Uttar Pradesh,"PLFS Year (Jul - Jun), 2017",Rural,15 years and above,Male,75.6,71,6.1
India,Uttar Pradesh,"PLFS Year (Jul - Jun), 2017",Rural,15 years and above,Female,14.2,14,1.5
India,Uttar Pradesh,"PLFS Year (Jul - Jun), 2017",Rural,15 years and above,Persons,44.9,42.5,5.4
India,Uttar Pradesh,"PLFS Year (Jul - Jun), 2017",Rural,All Ages,Male,50.3,47.1,6.2
India,Uttar Pradesh,"PLFS Year (Jul - Jun), 2017",Rural,All Ages,Female,9.7,9.6,1.5
India,Uttar Pradesh,"PLFS Year (Jul - Jun), 2017",Rural,All Ages,Persons,30.3,28.7,5.5
India,Uttar Pradesh,"PLFS Year (Jul - Jun), 2017",Urban,15-29 years,Male,57.6,46.2,19.8
India,Uttar Pradesh,"PLFS Year (Jul - Jun), 2017",Urban,15-29 years,Female,8.7,6.2,29
India,Uttar Pradesh,"PLFS Year (Jul - Jun), 2017",Urban,15-29 years,Persons,34.8,27.6,20.9
India,Uttar Pradesh,"PLFS Year (Jul - Jun), 2017",Urban,15-59 years,Male,77,69.3,9.9
India,Uttar Pradesh,"PLFS Year (Jul - Jun), 2017",Urban,15-59 years,Female,11.8,10.5,11.1
India,Uttar Pradesh,"PLFS Year (Jul - Jun), 2017",Urban,15-59 years,Persons,45.6,41,10.1
India,Uttar Pradesh,"PLFS Year (Jul - Jun), 2017",Urban,15 years and above,Male,73.4,66.5,9.4
India,Uttar Pradesh,"PLFS Year (Jul - Jun), 2017",Urban,15 years and above,Female,11.1,9.9,10.6
India,Uttar Pradesh,"PLFS Year (Jul - Jun), 2017",Urban,15 years and above,Persons,43.4,39.3,9.5
India,Uttar Pradesh,"PLFS Year (Jul - Jun), 2017",Urban,All Ages,Male,53.7,48.5,9.6
India,Uttar Pradesh,"PLFS Year (Jul - Jun), 2017",Urban,All Ages,Female,8.2,7.3,10.5
India,Uttar Pradesh,"PLFS Year (Jul - Jun), 2017",Urban,All Ages,Persons,32,28.8,9.7
India,Uttar Pradesh,"PLFS Year (Jul - Jun), 2017",Rural + Urban,15-29 years,Male,58,47.9,17.4
India,Uttar Pradesh,"PLFS Year (Jul - Jun), 2017",Rural + Urban,15-29 years,Female,7.8,6.9,11.2
India,Uttar Pradesh,"PLFS Year (Jul - Jun), 2017",Rural + Urban,15-29 years,Persons,33.7,28.1,16.7
India,Uttar Pradesh,"PLFS Year (Jul - Jun), 2017",Rural + Urban,15-59 years,Male,77.5,71.7,7.5
India,Uttar Pradesh,"PLFS Year (Jul - Jun), 2017",Rural + Urban,15-59 years,Female,14.2,13.8,3.3
India,Uttar Pradesh,"PLFS Year (Jul - Jun), 2017",Rural + Urban,15-59 years,Persons,46.1,43,6.9
India,Uttar Pradesh,"PLFS Year (Jul - Jun), 2017",Rural + Urban,15 years and above,Male,75.1,70,6.8
India,Uttar Pradesh,"PLFS Year (Jul - Jun), 2017",Rural + Urban,15 years and above,Female,13.5,13.1,3.1
India,Uttar Pradesh,"PLFS Year (Jul - Jun), 2017",Rural + Urban,15 years and above,Persons,44.6,41.8,6.2
India,Uttar Pradesh,"PLFS Year (Jul - Jun), 2017",Rural + Urban,All Ages,Male,51,47.4,6.9
India,Uttar Pradesh,"PLFS Year (Jul - Jun), 2017",Rural + Urban,All Ages,Female,9.4,9.1,3.1
India,Uttar Pradesh,"PLFS Year (Jul - Jun), 2017",Rural + Urban,All Ages,Persons,30.7,28.7,6.4
India,Uttarakhand,"PLFS Year (Jul - Jun), 2017",Rural,15-29 years,Male,43.1,31.7,26.3
India,Uttarakhand,"PLFS Year (Jul - Jun), 2017",Rural,15-29 years,Female,12.2,8.4,30.8
India,Uttarakhand,"PLFS Year (Jul - Jun), 2017",Rural,15-29 years,Persons,27.4,19.9,27.4
India,Uttarakhand,"PLFS Year (Jul - Jun), 2017",Rural,15-59 years,Male,74.3,68.9,7.2
India,Uttarakhand,"PLFS Year (Jul - Jun), 2017",Rural,15-59 years,Female,22.3,20.5,7.9
India,Uttarakhand,"PLFS Year (Jul - Jun), 2017",Rural,15-59 years,Persons,48,44.4,7.4
India,Uttarakhand,"PLFS Year (Jul - Jun), 2017",Rural,15 years and above,Male,69.1,64.5,6.7
India,Uttarakhand,"PLFS Year (Jul - Jun), 2017",Rural,15 years and above,Female,20.3,18.8,7.6
India,Uttarakhand,"PLFS Year (Jul - Jun), 2017",Rural,15 years and above,Persons,44.5,41.5,6.9
India,Uttarakhand,"PLFS Year (Jul - Jun), 2017",Rural,All Ages,Male,51.1,47.7,6.7
India,Uttarakhand,"PLFS Year (Jul - Jun), 2017",Rural,All Ages,Female,15.4,14.2,7.6
India,Uttarakhand,"PLFS Year (Jul - Jun), 2017",Rural,All Ages,Persons,33.3,31,6.9
India,Uttarakhand,"PLFS Year (Jul - Jun), 2017",Urban,15-29 years,Male,47.2,36.6,22.4
India,Uttarakhand,"PLFS Year (Jul - Jun), 2017",Urban,15-29 years,Female,13.5,7.1,47.8
India,Uttarakhand,"PLFS Year (Jul - Jun), 2017",Urban,15-29 years,Persons,31.1,22.5,27.7
India,Uttarakhand,"PLFS Year (Jul - Jun), 2017",Urban,15-59 years,Male,75.3,69.8,7.3
India,Uttarakhand,"PLFS Year (Jul - Jun), 2017",Urban,15-59 years,Female,13.8,10.5,23.9
India,Uttarakhand,"PLFS Year (Jul - Jun), 2017",Urban,15-59 years,Persons,45.5,41.1,9.7
India,Uttarakhand,"PLFS Year (Jul - Jun), 2017",Urban,15 years and above,Male,71.3,66.2,7.1
India,Uttarakhand,"PLFS Year (Jul - Jun), 2017",Urban,15 years and above,Female,12.3,9.4,23.8
India,Uttarakhand,"PLFS Year (Jul - Jun), 2017",Urban,15 years and above,Persons,42.5,38.5,9.5
India,Uttarakhand,"PLFS Year (Jul - Jun), 2017",Urban,All Ages,Male,55.3,51.4,7.1
India,Uttarakhand,"PLFS Year (Jul - Jun), 2017",Urban,All Ages,Female,9.5,7.3,23.8
India,Uttarakhand,"PLFS Year (Jul - Jun), 2017",Urban,All Ages,Persons,32.9,29.8,9.5
India,Uttarakhand,"PLFS Year (Jul - Jun), 2017",Rural + Urban,15-29 years,Male,44.4,33.3,25
India,Uttarakhand,"PLFS Year (Jul - Jun), 2017",Rural + Urban,15-29 years,Female,12.6,8,36.1
India,Uttarakhand,"PLFS Year (Jul - Jun), 2017",Rural + Urban,15-29 years,Persons,28.5,20.7,27.5
India,Uttarakhand,"PLFS Year (Jul - Jun), 2017",Rural + Urban,15-59 years,Male,74.6,69.2,7.2
India,Uttarakhand,"PLFS Year (Jul - Jun), 2017",Rural + Urban,15-59 years,Female,19.8,17.6,11.1
India,Uttarakhand,"PLFS Year (Jul - Jun), 2017",Rural + Urban,15-59 years,Persons,47.2,43.4,8
India,Uttarakhand,"PLFS Year (Jul - Jun), 2017",Rural + Urban,15 years and above,Male,69.8,65,6.8
India,Uttarakhand,"PLFS Year (Jul - Jun), 2017",Rural + Urban,15 years and above,Female,18.1,16.1,10.7
India,Uttarakhand,"PLFS Year (Jul - Jun), 2017",Rural + Urban,15 years and above,Persons,43.9,40.6,7.6
India,Uttarakhand,"PLFS Year (Jul - Jun), 2017",Rural + Urban,All Ages,Male,52.3,48.8,6.8
India,Uttarakhand,"PLFS Year (Jul - Jun), 2017",Rural + Urban,All Ages,Female,13.7,12.3,10.7
India,Uttarakhand,"PLFS Year (Jul - Jun), 2017",Rural + Urban,All Ages,Persons,33.2,30.7,7.6
India,West Bengal,"PLFS Year (Jul - Jun), 2017",Rural,15-29 years,Male,67.2,58.8,12.5
India,West Bengal,"PLFS Year (Jul - Jun), 2017",Rural,15-29 years,Female,14.8,14.1,4.6
India,West Bengal,"PLFS Year (Jul - Jun), 2017",Rural,15-29 years,Persons,40.2,35.8,11
India,West Bengal,"PLFS Year (Jul - Jun), 2017",Rural,15-59 years,Male,85.3,81.2,4.8
India,West Bengal,"PLFS Year (Jul - Jun), 2017",Rural,15-59 years,Female,20.9,20.6,1.8
India,West Bengal,"PLFS Year (Jul - Jun), 2017",Rural,15-59 years,Persons,52.7,50.5,4.2
India,West Bengal,"PLFS Year (Jul - Jun), 2017",Rural,15 years and above,Male,81.3,77.7,4.4
India,West Bengal,"PLFS Year (Jul - Jun), 2017",Rural,15 years and above,Female,19.8,19.5,1.7
India,West Bengal,"PLFS Year (Jul - Jun), 2017",Rural,15 years and above,Persons,50.4,48.5,3.8
India,West Bengal,"PLFS Year (Jul - Jun), 2017",Rural,All Ages,Male,61.7,59,4.3
India,West Bengal,"PLFS Year (Jul - Jun), 2017",Rural,All Ages,Female,15.4,15.2,1.7
India,West Bengal,"PLFS Year (Jul - Jun), 2017",Rural,All Ages,Persons,38.9,37.4,3.8
India,West Bengal,"PLFS Year (Jul - Jun), 2017",Urban,15-29 years,Male,61.5,50.3,18.3
India,West Bengal,"PLFS Year (Jul - Jun), 2017",Urban,15-29 years,Female,20.4,16.6,18.2
India,West Bengal,"PLFS Year (Jul - Jun), 2017",Urban,15-29 years,Persons,41.6,34,18.3
India,West Bengal,"PLFS Year (Jul - Jun), 2017",Urban,15-59 years,Male,82.4,76.8,6.8
India,West Bengal,"PLFS Year (Jul - Jun), 2017",Urban,15-59 years,Female,25.3,23.7,6.3
India,West Bengal,"PLFS Year (Jul - Jun), 2017",Urban,15-59 years,Persons,54,50.4,6.7
India,West Bengal,"PLFS Year (Jul - Jun), 2017",Urban,15 years and above,Male,75.1,70.2,6.6
India,West Bengal,"PLFS Year (Jul - Jun), 2017",Urban,15 years and above,Female,23,21.6,5.9
India,West Bengal,"PLFS Year (Jul - Jun), 2017",Urban,15 years and above,Persons,49.2,46.1,6.4
India,West Bengal,"PLFS Year (Jul - Jun), 2017",Urban,All Ages,Male,60.3,56.3,6.7
India,West Bengal,"PLFS Year (Jul - Jun), 2017",Urban,All Ages,Female,18.5,17.4,6
India,West Bengal,"PLFS Year (Jul - Jun), 2017",Urban,All Ages,Persons,39.6,37,6.5
India,West Bengal,"PLFS Year (Jul - Jun), 2017",Rural + Urban,15-29 years,Male,65.4,56.2,14.2
India,West Bengal,"PLFS Year (Jul - Jun), 2017",Rural + Urban,15-29 years,Female,16.3,14.8,9.3
India,West Bengal,"PLFS Year (Jul - Jun), 2017",Rural + Urban,15-29 years,Persons,40.6,35.3,13.2
India,West Bengal,"PLFS Year (Jul - Jun), 2017",Rural + Urban,15-59 years,Male,84.4,79.8,5.4
India,West Bengal,"PLFS Year (Jul - Jun), 2017",Rural + Urban,15-59 years,Female,22.3,21.5,3.3
India,West Bengal,"PLFS Year (Jul - Jun), 2017",Rural + Urban,15-59 years,Persons,53.1,50.5,4.9
India,West Bengal,"PLFS Year (Jul - Jun), 2017",Rural + Urban,15 years and above,Male,79.3,75.3,5
India,West Bengal,"PLFS Year (Jul - Jun), 2017",Rural + Urban,15 years and above,Female,20.8,20.1,3.1
India,West Bengal,"PLFS Year (Jul - Jun), 2017",Rural + Urban,15 years and above,Persons,50.1,47.8,4.6
India,West Bengal,"PLFS Year (Jul - Jun), 2017",Rural + Urban,All Ages,Male,61.3,58.2,5
India,West Bengal,"PLFS Year (Jul - Jun), 2017",Rural + Urban,All Ages,Female,16.4,15.9,3.2
India,West Bengal,"PLFS Year (Jul - Jun), 2017",Rural + Urban,All Ages,Persons,39.1,37.3,4.6
